id-enccre,headword,text,coordinates,meridian,coordinates_txt,gpt_preds
v1-1013-0,AIX,"*​ AIX, (Géog.)​ ville de France en Provence, dont elle est la capitale, près de la petite riviere d’Arc. Long. 23d6′34″. lat. 43d31′35″.","[['43 31\' 35"" N 23 6\' 34"" E']]",,"43 31' 35"" N 23 6' 34"" E","43 31' 35"" N 23 6' 34"" E"
v1-1048-0,ALBANO,"*​ ALBANO, (Géog.)​ ville d’Italie sur un lac de même nom, dans la campagne de Rome. Long. 30. 15. lat. 41. 43.","[[""41 43' N 30 15' E""]]",,41 43' N 30 15' E,41 43' N 30 15' E
v1-1064-0,ALBENGUE ou ALBENGUA,"*​ ALBENGUE ou ALBENGUA, (Géog.)​ ville d’Italie dans l’état de Genes. Longit. 25. 45. latit. 44. 4.","[[""44 4' N 25 45' E""]]",,44 4' N 25 45' E,44 4' N 25 45' E
v1-1106-0,ALCAMO,"*​ ALCAMO, (Géog.)​ ville de Sicile, au pié du mont Bonifati. Long. 30. 42. lat. 38. 2.","[[""38 2' N 30 42' E""]]",,38 2' N 30 42' E,38 2' N 30 42' E
v1-113-0,"ABERNETY, ABERBORN","ABERNETY, ABERBORN, ville de l'Ecosse septentrionale au fond du Golphe de Firth, à l'embouchure de l'Ern. Long. 14. 40. lat. 36. 37.","[[""56 37' N 14 40' E""]]",,56 37' N 14 40' E,36 37' N 14 40' O
v1-1145-0,ALENCON,"ALENCON, (Géog.)​ ville de France dans la basse Normandie sur la Sarte, grossie par la Briante. Lon. 17. 45. lat 48. 25.


Le commerce de la Généralité d’Alençon mérite d’être connu. On fait à Alençon des toiles de ce nom : au Pont-audemer & à Bernay, les blancards, qui sont des toiles de lin ; à Bernay, à Lizieux, à Brionne, les brionnes ; à Lizieux, les cretonnes, dont la chaine est chanvre, & la trame est lin ; à Domfront & Vimoutiers, de grosses toiles ; les points de France, appellés velin, à Alençon ; les frocs à Lizieux, à Orbec, à Bernay, à Fervaques, & à Tardoüet ; des serges, des étamines, des crêpons, à Alençon ; des petites serges à Seez ; des serges croisées & des droguets à Verneuil ; des étamines de laine, de laine & soie, & des droguets de fil & laine, à Soüance & à Nogent-le-Rotrou ; des serges fortes & des tremiéres à Escouche ; des serges, des étamines, & des laineries à Laigle, où l’on fabrique aussi des épingles, de même qu’à Conches. Il y a à Conches quincaillerie & dinandrie ; tanneries à Argentan, Vimoutiers, Conches, & Verneuil ; fabrique de sabots, de bois quarrés, de planches & mairain ; engrais de volailles, œufs & beurre ; salpêtre d’Argentan ; verreries & forges, verreries à Nonant, à Tortissambert & à Thimarais ; forges à Chansegrai, Varennes, Carouges, Rannes, Conches, & la Bonne-ville ; mines abondantes dans le pays d’Houlme, & aux environs de Domfront ; chevaux dans les herbages d’Auge, & bestiaux à l’engrais.","[[""48 25' N 17 45' E""]]",,48 25' N 17 45' E,48 25' N 17 45' E
v1-12-0,AACH ou ACH,"*​ AACH ou ACH, s. f. petite ville d’Allemagne dans le cercle de Souabe, près de la source de l’Aach. Long. 26. 57. lat. 47. 55.","[[""47 55' N 26 57' E""]]",,47 55' N 26 57' E,47 55' N 26 57' E
v1-1244-0,"ALLANCHES, ou ALANCHE","*​ ALLANCHES, ou ALANCHE, ville de France en Auvergne, au Duché de Mercœur, généralité de Riom. Long. 20. 40. lat. 45. 12.","[[""45 12' N 20 40' E""]]",,45 12' N 20 40' E,45 12' N 20 40' E
v1-1303-0,ALMANZA,"*​ ALMANZA, ville d’Espagne dans la nouvelle Castille, sur les frontieres du Royaume de Valence. Long, 16. 35. lat. 38. 54.","[[""38 54' N 16 35' E""]]",,38 54' N 16 35' E,38 54' N 16 35' E
v1-1310-0,ALMISSA,"*​ ALMISSA, ville de Dalmatie, à l’embouchure de la Cetina. Long. 36. lat. 43. 50.​","[[""43 50' N 36 E""]]",,43 50' N 36 E,43 50' N 36 E
v1-1332-0,ALOST,"*​ ALOST, ville des Pays-bas, dans le comté de Flandre, capitale du comté d’Alost. Elle est sur la Dendre, entre Gand & Bruxelles. Lon. 21. 42. lat. 49. 55.","[[""49 55' N 21 42' E""]]",,49 55' N 21 42' E,49 55' N 21 42' E
v1-1368-0,ALTENBOURG,"*​ ALTENBOURG, ville d’Allemagne, avec un Château, dans le cercle de haute-Saxe & dans la Misnie, sur la Pleiss. Long. 30. 38. Lat. 50. 59.","[[""50 59' N 30 38' E""]]",,50 59' N 30 38' E,50 59' N 30 38' E
v1-1379-0,ALTEX,"*​ ALTEX, ville maritime d’Espagne, au Royaume de Valence, sur la Méditerranée. Long. 18. 4. lat. 38. 40.","[[""38 40' N 18 4' E""]]",,38 40' N 18 4' E,38 40' N 18 4' E
v1-1415-0,AMADIE,"*​ AMADIE, ville d’Asie, dans le Curdistan, sur une haute montagne. Long. 53. 30. lat. 36. 25.","[[""36 25' N 53 30' E""]]",,36 25' N 53 30' E,36 25' N 53 30' E
v1-143-0,ABNAKIS,"*​ ABNAKIS, s. m. Peuple de l’Amérique septentrionale, dans le Canada. Il occupe le 309. de long. & le 46. de lat.",[['46 N 309 E']],,46 N 309 E,46 N 309 O
v1-1433-0,AMANCE,"*​ AMANCE, bourg de France en Lorraine sur l’Amance, ruisseau. Long. 23. 57. 9. lat. 48. 45. 5.","[['48 45\' 5"" N 23 57\' 9"" E']]",,"48 45' 5"" N 23 57' 9"" E","48 45' 5"" N 23 57' 9"" E"
v1-1496-0,AMBERG,"*​ AMBERG, ville d’Allemagne dans le Nordgow, capitale du haut Palatinat de Baviere, sur la riviere de Wils. Long. 29. 30. lat. 49. 26.","[[""49 26' N 29 30' E""]]",,49 26' N 29 30' E,49 26' N 29 30' E
v1-1576-0,AMERSFORT,"*​ AMERSFORT, ville des Pays-bas, dans la province d’Utrecht, sur la riviere d’Ems. Long. 23. lat. 52. 14.","[[""52 14' N 23 E""]]",,52 14' N 23 E,52 14' N 23 E
v1-1597-0,AMIENS,"*​ AMIENS, ville de France, capitale de Picardie sur la Somme. Long. 20d2′4″. lat. 49d33′38″.","[['49 33\' 38"" N 20 2\' 4"" E']]",,"49 33' 38"" N 20 2' 4"" E","49 33' 38"" N 20 2' 4"" E"
v1-1643-0,AMORGOS,"*​ AMORGOS, ville de l’Archipel, l’une des Cyclades. Lon. 44. 15. lat. 36. 30.","[[""36 30' N 44 15' E""]]",,36 30' N 44 15' E,36 30' N 44 15' E
v1-1840-0,ANCENIS,"*​ ANCENIS, (Géog. mod.)​ ville de France dans la Bretagne sur la Loire. Long. 16. 28. lat. 47. 22.","[[""47 22' N 16 28' E""]]",,47 22' N 16 28' E,47 22' N 16 28' E
v1-1857-0,ANCLAM,"*​ ANCLAM, (Géog. mod.)​ ville d’Allemagne, dans le cercle de haute Saxe & le Duché de Poméranie, sur la Pêne. Long. 31, 55. lat. 54.","[[""54 N 31 55' E""]]",,54 N 31 55' E,54 N 31 55' E
v1-1889-0,ANDERNACH,"*​ ANDERNACH, (Géog. mod.)​ ville d’Allemagne dans le cercle du bas Rhin & dans l’archevêché de Cologne, sur le Rhin. Long. 25. lat. 50-27.","[[""50 27' N 25 E""]]",,50 27' N 25 E,50 27' N 25 E
v1-1910-0,ANDRIA,"*​ ANDRIA, (Géog. mod.)​ ville assez considérable d’Italie au royaume de Naples dans la terre de Bari. Long. 34. 3. lat. 41. 15.","[[""41 15' N 34 3' E""]]",,41 15' N 34 3' E,41 15' N 34 3' E
v1-1963-0,ANGHIERA,"*​ ANGHIERA (Geog. mod.)​ petite ville d’Italie, dans le duché de Milan, sur le bord oriental du Lac majeur. Long. 26. 5. lat. 45. 42.","[[""45 42' N 26 5' E""]]",,45 42' N 26 5' E,45 42' N 26 5' E
v1-1989-0,ANGOURY ou ANGORA,"*​ ANGOURY ou ANGORA, (Géog. anc. & mod.)​ ville d’Asie dans la Natolie, appellée autrefois Ancyre. Long. 50. 25. lat. 39. 30. Ses chevres donnent un poil très-fin, dont on fait de beaux camelots. Ce poil passe à Smyrne, où les Anglois, les Hollandois & les François s’en pourvoient.


Ces chevres sont peu différentes des chevres ordinaires : mais leur poil est blanc, roussâtre, fin, lustré, & long de plus de dix pouces : le commerce en est très-considérable.","[[""39 30' N 50 25' E""]]",,39 30' N 50 25' E,39 30' N 50 25' E
v1-2202-0,ANTIOCHETTA,"*​ ANTIOCHETTA, (Géog. mod.)​ ville de la Turquie Asiatique, dans la Caramanie, vis-à-vis l’île de Chypre. Long. 45. 45. lat. 36. 42.","[[""36 42' N 45 45' E""]]",,36 42' N 45 45' E,36 42' N 45 45' E
v1-2518-0,APT,"*​ APT, (Géog. anc. & mod.)​ autrefois Apta Julia, ville de France, en Provence, sur la riviere de Calaran. Long. 23. 6. lat. 43. 50.","[[""43 50' N 23 6' E""]]",,43 50' N 23 6' E,43 50' N 23 6' E
v1-2615-0,ARAUCO,"*​ ARAUCO, (Géog.)​ forteresse de l’Amérique méridionale, dans le Chili, à la source de la riviere de Tucapel. Long. 309. lat. 42. 30.","[[""42 30' N 309 E""]]",,42 30' N 309 E,42 30' S 309 O
v1-2629-0,ARBERG,"*​ ARBERG, (Géog.)​ ville de Suisse, dans le canton de Berne, dans une espece d’île sur l’Aar. Long. 24. 45. lat. 47.","[[""47 N 24 45' E""]]",,47 N 24 45' E,47 N 24 45' E
v1-2640-0,ARBOIS,"*​ ARBOIS (Géog.)​ petite ville de Franche-Comté, entre Salins & Poligni. Longitude 23. 30. latitude 46. 55.","[[""46 55' N 23 30' E""]]",,46 55' N 23 30' E,46 55' N 23 30' E
v1-2658-0,ARCADIA (L') ou ARCADIE,"*​ ARCADIA (L’) ou ARCADIE (Géog.)​ ville de la Morée, proche le golfe de même nom, dans la province de Belvedere. Long. 39. 30. lat. 37. 27.","[[""37 27' N 39 30' E""]]",,37 27' N 39 30' E,37 27' N 39 30' E
v1-2742-0,ARCOS,"ARCOS, (Géog.)​ ville d’Espagne, dans l’Andalousie, sur un roc au pié duquel coule la riviere de Guadalette. Long. 12. 20. lat. 36. 40.


Il y a encore une ville de même nom, dans la Castille vieille, sur la riviere de Xalon.","[[""36 40' N 12 20' E""]]",,36 40' N 12 20' E,36 40' N 12 20' E
v1-2780-0,ARENSBOURG,"*​ ARENSBOURG, (Géog.)​ ville maritime de Suede dans la Livonie, dans l’île d’Osel, sur la mer Baltique. Lon. 40. 20. lat. 58. 15.","[[""58 15' N 40 20' E""]]",,58 15' N 40 20' E,58 15' N 40 20' E
v1-2791-0,"ARÉQUIPE, ou ARIQUIPA","*​ ARÉQUIPE, ou ARIQUIPA, (Géog.)​ ville de l’Amérique méridion. dans le Pérou, sur une riviere, dans un terrein fertile. Long. 308. lat. mérid. 16. 40.","[[""16 40' S 308 E""]]",,16 40' S 308 E,16 40' S 308 O
v1-2882-0,ARIPO,"*​ ARIPO, (Géog.)​ fort en Asie, sur la côte occidentale de l’île de Ceylan, à l’embouchure de la riviere de Ceronda ; il appartient aux Hollandois ; on y pêche des perles. Long. 97. 55. lat. 8. 42.","[[""8 42' N 97 55' E""]]",,8 42' N 97 55' E,8 42' N 97 55' E
v1-2897-0,ARLES,"*​ ARLES, (Géog. anc. & mod.)​ ville de France dans le gouvernement de Provence ; elle est sur le Rhone. Long. 22. 18. lat. 43. 40. 33.","[['43 40\' 33"" N 22 18\' E']]",,"43 40' 33"" N 22 18' E","43 40' 33"" N 22 18' E"
v1-2947-0,ARNAY-LE-DUC,"*​ ARNAY-LE-DUC, (Géog.)​ ville de France, au Duché de Bourgogne, dans l’Auxois, proche la riviere d’Aroux. Long. 21. 56. lat. 47. 7.","[[""47 7' N 21 56' E""]]",,47 7' N 21 56' E,47 7' N 21 56' E
v1-2951-0,ARNHEIM,"*​ ARNHEIM, ville des Pays-Bas, dans la province de Gueldre, capitale du Véluwe, sur la droite du Rhin. Long. 23. 25. lat. 52.


Les Hollandois ont donné le même nom à la partie de la terre australe qu’ils ont découverte au midi de la nouvelle Guinée.","[[""52 N 23 25' E""]]",,52 N 23 25' E,52 N 23 25' E
v1-2971-0,ARONE ou ARONA,"*​ ARONE ou ARONA, (Géog.)​ ville d’Italie dans le territoire d’Anghiéra, au duché de Milan. Longit. 26. 5. lat. 45. 41.","[[""45 41' N 26 5' E""]]",,45 41' N 26 5' E,45 41' N 26 5' E
v1-2972-0,AROOL,"*​ AROOL, (Géog.)​ ville de l’empire Russien dans l’Uckraine, sur la riviere d’Occa, à 80 lieues nord de Moscow. Long. 55. 50. lat. 51. 48.","[[""51 48' N 55 50' E""]]",,51 48' N 55 50' E,51 48' N 55 50' E
v1-3062-0,ARROÉ,"*​ ARROÉ, (Géog.)​ petite île de Danemarck dans la mer Baltique, au nord de l’île de Dulsen, entre l’île de Fionie & le Sud-jutland. Long. 27. 20. l. 55. 20.","[[""55 20' N 27 20' E""]]",,55 20' N 27 20' E,55 20' N 27 20' E
v1-3212-0,ASOLO,"*​ ASOLO, ville d’Italie, dans le Trévisan, à la source de la riviere de Mouson. Long. 29. 30. lat. 45. 49.","[[""45 49' N 29 30' E""]]",,45 49' N 29 30' E,45 49' N 29 30' E
v1-3255-0,ASSANCALÉ,"ASSANCALÉ, ville d’Armenie, sur l’Aras & sur le chemin d’Erzeron. Long. 59. lat. 39. 46.","[[""39 46' N 59 E""]]",,39 46' N 59 E,39 46' N 59 E
v1-3353-0,ASTORGA,"*​ ASTORGA, ville d’Espagne, au royaume de Léon, sur la riviere de Tuerta. Long. 12. lat. 42. 10.","[[""42 10' N 12 E""]]",,42 10' N 12 E,42 10' N 12 E
v1-3354-0,ASTRACAN,"*​ ASTRACAN, ville de la Moscovie Asiatique,​ dans la Tartarie, capitale du royaume de même nom. Comme il n’y pleut point, on n’y seme aucun grain ; le Volga s’y déborde : depuis Astracan jusqu’à Terxi, il y a de longues bruyeres le long de la mer Caspienne, qui donnent du sel en grande quantité ; elle est située dans une île que forme le Volga. Long. 67. lat. 46. 22.","[[""46 22' N 67 E""]]",,46 22' N 67 E,46 22' N 67 E
v1-3420-0,ATHENREY,"*​ ATHENREY, ville d’Irlande, dans le comté de Gallowai. Long. 8. 40. lat. 53. 13.","[[""53 13' N 8 40' E""]]",,53 13' N 8 40' E,53 13' N 8 40' E
v1-3448-0,ATRI,"*​ ATRI, ville d’Italie, au royaume de Naples, dans l’Abruzze ultérieure. Long. 31. 38. lat. 42. 35.","[[""42 35' N 31 38' E""]]",,42 35' N 31 38' E,42 35' N 31 38' E
v1-3487-0,ATTIGNY,"*​ ATTIGNY, petite ville ou gros bourg de France, dans la Champagne, sur l’Aisne. long. 22, 17 ; lat. 49, 30.","[[""49 30' N 22 17' E""]]",,49 30' N 22 17' E,49 30' N 22 17' E
v1-3549-0,AUBETERRE,"*​ AUBETERRE (Géog.)​ ville de France, dans l’Angoumois, sur la Dronne. Longitude, 17. 40. lat. 45. 15.","[[""45 15' N 17 40' E""]]",,45 15' N 17 40' E,45 15' N 17 40' E
v1-3562-0,AUBUSSON,"*​ AUBUSSON (Géog.)​ ville de France, dans la Marche, aux confins du Limosin, sur la Creuse. Long. 19. 45. lat. 45. 58.","[[""45 58' N 19 45' E""]]",,45 58' N 19 45' E,45 58' N 19 45' E
v1-3604-0,AVESNES,"*​ AVESNES, (Géog.)​ ville des Pays-bas François, au comté de Hainaut, sur la riviere d’Hespre. Long. 21. 33. lat. 50. 10.","[[""50 10' N 21 33' E""]]",,50 10' N 21 33' E,50 10' N 21 33' E
v1-3633-0,AUGUSTOW,"AUGUSTOW, (Géog.)​ ville de Pologne, dans le duché & palatinat de Podlaquie, sur la riviere de Nareu. Long. 41. 37. lat. 53. 25.","[[""53 25' N 41 37' E""]]",,53 25' N 41 37' E,53 25' N 41 37' E
v1-3637-1,Avila,"*​ Avila, (Géog.)​ ville d’Espagne, dans la vieille Castille. Long. 13. 22. lat. 40. 35.


Il y a au Pérou, en l’Amérique méridionale, dans la province de Los Quixos, du côté de Quito, sur la riviere de Napo, une autre Avila.","[[""40 35' N 13 22' E""]]",,40 35' N 13 22' E,40 35' N 13 22' E
v1-367-0,ACERENZA ou CIRENZA,"*​ ACERENZA ou CIRENZA, s. ville du Royaume de Naples, capitale de la Basilicate sur le Branduno, au pié de l’Apennin. Longit. 33. 40. latit. 40. 48.","[[""40 48' N 33 40' E""]]",,40 48' N 33 40' E,40 48' N 33 40' E
v1-3695-0,AURACH,"*​ AURACH, (Géog.)​ ville d’Allemagne dans la partie méridionale de la Souabe, au duché de Wirtemberg, sur le ruisseau d’Ermst. Lon. 25. 4. lat. 48. 25.","[[""48 25' N 25 4' E""]]",,48 25' N 25 4' E,48 25' N 25 4' E
v1-3706-0,AURENGABAD,"AURENGABAD, ville des Indes, capitale de la province de Balagate, dans les états du Mogol. Long. 93. 30. lat. 19. 10.","[[""19 10' N 93 30' E""]]",,19 10' N 93 30' E,19 10' N 93 30' E
v1-3840-0,AZINCOURT,"*​ AZINCOURT (Géographie.)​ village des Pays-Bas, dans le comté d’Artois & le pays de Saint-Paul, remarquable par la victoire que les Anglois y remporterent sur les François, le vendredi 25 Octobre 1415. Long. 23. 20. lat. 50. 30.","[[""50 30' N 23 20' E""]]",,50 30' N 23 20' E,50 30' N 23 20' E
v1-45-0,ABANO,"*​ ABANO, s. f. petite Ville d’Italie dans la République de Venise & le Padouan. Long. 29. 40. lat. 45. 20.","[[""45 20' N 29 40' E""]]",,45 20' N 29 40' E,45 20' N 29 40' E
v1-470-0,"ACRAMAR, ou VAN","*​ ACRAMAR, ou VAN, ville & lac d’Arménie, en Asie. Lon. 62. lat. 36. 30.","[[""36 30' N 62 E""]]",,36 30' N 62 E,36 30' N 62 E
v1-474-0,ACRE,"*​ ACRE, s. (Géogr.)​ Ptolémaïde, S. Jean d’Acre, ville d’Asie, qui appartient aux Turcs, proche de Tyr. Lon. 57. lat. 32. 40.","[[""32 40' N 57 E""]]",,32 40' N 57 E,32 40' N 57 E
v1-525-0,"ADANA, ADENA","*​ ADANA, ADENA, s. ville de la Natolie sur la riviere de Chaquen. Long. 54. lat. 38. 10.","[[""38 10' N 54 E""]]",,38 10' N 54 E,38 10' N 54 E
v1-549-0,"ADENBOURG, ou ALDENBOURG","*​ ADENBOURG, ou ALDENBOURG, (Géog. mod.)​ ville d’Allemagne, cercle de Westphalie, Duché de Berg. Long. 25. lat. 51. 2.","[[""51 2' N 25 E""]]",,51 2' N 25 E,51 2' N 25 E
v1-576-0,"ADIAZZO, ADIAZZE ou AJACCIO","*​ ADIAZZO, ADIAZZE ou AJACCIO, (Geog. mod.)​ ville, port, & château d’Italie sur la côte occidentale de l’isle de Corse. Long. 26. 28. lat. 41. 54.","[[""41 54' N 26 28' E""]]",,41 54' N 26 28' E,41 54' N 26 28' E
v1-638-0,ADRA,"*​ ADRA, (Géog. mod.)​ petite ville maritime, & château fort au Royaume de Grenade. Long. 1661 -25. lat. 36. Il y a encore d’autres villes de ce nom.","[[""36 N 16 25' E""]]",,36 N 16 25' E,36 N 1661 -25 O
v1-780-0,AGATE (St),"*​ AGATE, (St) Géog.​ petite ville d’Italie au Royaume de Naples, dans la Province ultérieure. Long. 32-8. lat. 40-55.","[[""40 55' N 32 8' E""]]",,40 55' N 32 8' E,40 55' N 32 8' E
v1-836-0,AGNESTIN,"*​ AGNESTIN, (Géog.)​ ville de Transylvanie sur la riviere d’Hospach. Long. 43. 12. lat. 46. 45.","[[""46 45' N 43 12' E""]]",,46 45' N 43 12' E,46 45' N 43 12' E
v1-868-0,AGREDA,"AGREDA, (Géog.)​ ville d’Espagne dans la vieille Castille. Long. 15-54. lat. 41-53.","[[""41 53' N 15 54' E""]]",,41 53' N 15 54' E,41 53' N 15 54' E
v1-945-0,AIGUES-MORTES,"*​ AIGUES-MORTES, (Géog.)​ ville de France, dans le bas Languedoc. Long. 22. 54. lat. 43. 34.","[[""43 34' N 22 54' E""]]",,43 34' N 22 54' E,43 34' N 22 54' E
v1-958-0,AIGURANDE,"AIGURANDE, (Géog.)​ ville de France dans la Marche sur les confins du Berry. Long. 19. 35. lat. 46. 25.","[[""46 25' N 19 35' E""]]",,46 25' N 19 35' E,46 25' N 19 35' E
v1-965-0,AILESBURY,"AILESBURY, (Géog.)​ ville d’Angleterre, dans le Bukinghamshire, sur la Tamise, Long. 16. 49. lat. 51. 50.","[[""51 50' N 16 49' E""]]",,51 50' N 16 49' E,51 50' N 16 49' E
v1-983-13,Aire,*​ Aire (Géog.)​ ville de France dans la Gascogne sur l’Adour. Long. 17. 49. lat. 43. 47.,"[[""43 47' N 17 49' E""]]",,43 47' N 17 49' E,43 47' N 17 49' E
v10-1022-0,MERAGUE ou MÉRAGA,"MERAGUE ou MÉRAGA, (Géog.)​ ville de Perse dans l’Azerbiane, renommée par l’excellence des fruits de son terroir. Long. 79. 5. lat. 37. 40.","[[""37 40' N 79 5' E""]]",,37 40' N 79 5' E,37 40' N 79 5' E
v10-1080-0,MERVEROND,"MERVEROND, (Géog.)​ ville de Perse, située dans un très-bon terroir. Selon Tavernier, les géographes du pays la mettent à 88d. 40′. de long. & à 34d. 30′. de lat. (D. J.)​","[[""34 30' N 88 40' E""]]",,34 30' N 88 40' E,34 30' N 88 40' E
v10-1081-0,MERVILLE,"MERVILLE, (Géog.)​ petite ville de la Flandres françoise, sur la Lys, à 3 lieues de Cassel. Elle ap-​partient à la France depuis 1677. Long. 20. 18. lat. 50. 38.","[[""50 38' N 20 18' E""]]",,50 38' N 20 18' E,50 38' N 20 18' E
v10-1282-0,MIA ou MIJAH,"MIA ou MIJAH, (Géogr.)​ ville du Japon, dans la province d’Owari, sur la côte méridionale de l’île de Niphon, avec un palais fortifié, & regardé comme troisieme de l’empire. Long. 153. 55. lat 35.","[[""35 N 153 55' E""]]",,35 N 153 55' E,35 N 153 55' E
v10-1283-0,MIAFARKIN,"MIAFARKIN, (Géog.)​ ville du Courdistan. Long. selon Petit de la Croix, 75. lat. 38. (D. J.)​​",[['38 N 75 E']],,38 N 75 E,38 N 75 E
v10-1338-1,"Miguel, Saint-","Miguel, Saint- (Géogr.)​ ville de l’Amérique méridionale au Pérou, dans le gouvernement de Quinto, dans la vallée de Pivra. C’est la premiere colonie que les Espagnols aient eu dans ce pays là ; elle est à l’embouchure de la riviere de Catamayo, à 130 lieues de Quinto. Longit. 297. latit. méridion. 5.",[['5 S 297 E']],,5 S 297 E,5 S 297 O
v10-1345-0,MILA,"MILA, (Géogr.)​ ville d’Afrique au royaume de Tunis, dans la province constantine. Elle étoit autrefois considérable, & est tombée en ruines. Long. selon le P. Gaubil, 91. 53. lat. 28. 40. (D. J.)​","[[""28 40' N 91 53' E""]]",,28 40' N 91 53' E,28 40' N 91 53' E
v10-1350-0,MILAZZO,"MILAZZO, (Géog.)​ c’est le Mylæ des anciens ; ville de Sicile, dans le Val-de-Démone, sur la côte septentrionale de cette province. On la divise en ville haute fortifiée, & en ville basse, qui n’a ni murailles, ni fortifications. Milazzo est située sur la rive occidentale du golfe, auquel elle donne son nom, à 7 lieues N. O. de Messine. Long. 33. 10. lat. 38. 32. (D. J.)​","[[""38 32' N 33 10' E""]]",,38 32' N 33 10' E,38 32' N 33 10' E
v10-1406-0,MINDANAO,"MINDANAO, (Géogr.)​ grande île des Indes orientales, l’une des Philippines la plus méridionale & la plus grande après Manille. Sa figure est triangulaire : elle a environ 250 lieues de tour. On y compte plusieurs rivieres navigables, dont les plus fameuses sont Bukayen & Butuan. La plûpart des habitans sont idolâtres, & les autres mahométans. Dampier a peint leur figure ; il dit qu’ils ont la taille médiocre, les membres petits, le corps droit, la tête menue, le visage ovale, le front applati, les yeux noirs & peu fendus, le nez court la bouche assez grande, les levres petites & rouges, le teint tanné, les cheveux noirs & lisses. Mais il y a dans cette île quelques peuples noirs, comme les Ethiopiens ; ils sont sauvages, & vont tout nuds. La ville de Mindanao est la capitale de tout le pays ; elle est située sur la côte occidentale. Sa long. selon M. de Lisle, est 144. latit. 7. (D. J.)​",[['7 N 144 E']],,7 N 144 E,7 N 144 E
v10-1408-0,MINDEN,"MINDEN, (Géog.)​ ville d’Allemagne au cercle de Westphalie, capitale de la province de même nom sur le Wéser, avec un pont qui fait un grand passage, & la rend commerçante. Elle appartient à l’électeur de Brandebourg, qui en a sécularisé l’évêché. Elle est dans une situation avantageuse, à 11 lieues S. E. d’Osnabruck, 15 O. de Hannover, 15 N. E. de paderborn. Long. 26. 40. lat. 52. 23.","[[""52 23' N 26 40' E""]]",,52 23' N 26 40' E,52 23' N 26 40' E
v10-1429-0,"MINIATO, Saint","MINIATO, Saint, (Géogr.)​ ville de Toscane en Italie, dans le Florentin, avec un évêché suffragant de Florence. Elle est sur l’Arno, à 8 lieues S. O. de Florence. Long. 28. 30. lat. 43. 40. (D. J.)​","[[""43 40' N 28 30' E""]]",,43 40' N 28 30' E,43 40' N 28 30' E
v10-1463-0,MIOLANS,"MIOLANS, (Géogr.)​ forteresse de Savoie dans la vallée de Barcelonette ; elle est sur un roc escarpé, vis-à-vis du confluent de l’Arche & de l’Isère. Long. 33. 25. lat. 45. 35. (D. J.)​","[[""45 35' N 33 25' E""]]",,45 35' N 33 25' E,45 35' N 33 25' E
v10-1474-2,Miranda do Duero,"Miranda do Duero, (Géog.)​ on l’appelloit anciennement Contia ou Contium, ville forte de Portugal, capitale de la province de Tra-los-Montes, avec un évêché suffragant de Brague. Elle est sur un roc, au confluent du Duero & du Fresne, à 33 lieues S. O. de Léon, 15 N. O. de Salamanque, 12 S. E. de Bragance, 83 N. E. de Lisbonne. Long. 11. 55. lat. 41. 30. (D. J.)​","[[""41 30' N 11 55' E""]]",,41 30' N 11 55' E,41 30' N 11 55' E
v10-1476-0,"MIRANDOLE, la, ou la MIRANDE","MIRANDOLE, la, ou la MIRANDE, (Géog.)​ forte ville d’Italie, capitale du duché de même nom, qui est entre les duchés de Mantoue & de Modène. Les François & les Espagnols furent défaits près de cette place par les Allemands en 1703. Les François la prirent en 1705, & l’évacuerent en 1707. L’empereur Charles VI. la vendit avec le duché au duc de Modene. Le roi de Sardaigne s’en empara en 1743. Elle a été rendue avec le duché, en 1748, au duc de Modene par le traité d’Aix-la-Chapelle. Elle est à 7 lieues N. E. de Modene, 9 S. E. de Mantoue, 10 O. de Ferrare, 34 S. E. de Milan. Long. 28. 40. lat. 44. 52.


Mais si la ville de la Mirandole est connue par ses vicissitudes, elle l’est encore davantage par un de​ses princes souverains qui porta son nom. On voit que je veux parler de Jean-François Pic de la Mirandole, qui, dès sa tendre jeunesse, fut un prodige d’étude & de savoir. Le goût des Sciences fut si grand en lui, qu’il prit le parti de renoncer à la principauté de sa patrie, & de se retirer à Florence où il mourut en 1494.


Il est extraordinaire que ce prince qui avoit étudié une vingtaine de langues, ait pû à vingt-quatre ans soutenir des thèses sur tous les objets de sciences connues dans son siecle. Il est vrai que les sciences de ce tems-là se bornoient presque toutes à la connoissance de la somme de saint Thomas-d’Aquin, & des ouvrages d’Albert surnommé le Grand, c’est à-dire, à un jargon inintelligible de théologie péripatéticienne. Pic de la Mirandole étoit bien malheureux, avec son beau génie, d’avoir consumé ses veilles & abrégé ses jours dans ces graves démences.


Cependant, dit M. de Voltaire, les thèses qu’il soutint firent plus de bruit, & eurent plus d’éclat que n’en ont eu de nos jours les découvertes de Newton, & les vérités approfondies par Locke. On trouva dans ces thèses plusieurs propositions hérétiques, fausses & scandaleuses ; mais n’en trouve-t-on pas par-tout où l’on veut en trouver ? Enfin, il fallut que le pape Alexandre VI. qui du-moins avoit le mérite de mépriser les disputes, envoyât une absolution à Pic de la Mirandole. Sans cette absolution, c’étoit un homme perdu. Il eût été heureux pour lui d’avoir laissé la philosophie péripatéticienne pour les beautés agréables de Virgile, du Dante, & de Petrarque. (D. J.)​","[[""44 52' N 28 40' E""]]",,44 52' N 28 40' E,44 52' N 28 40' E
v10-1477-0,MIRAVEL,"MIRAVEL, (Géog.)​ petite ville d’Espagne dans la nouvelle Castille, & dans un terroir qui produit d’excellent vin. Elle est sur le penchant d’une colline à 4 lieues de Plazencia. Long. 12. 30. lat. 39. 54. (D. J.)​","[[""39 54' N 12 30' E""]]",,39 54' N 12 30' E,39 54' N 12 30' E
v10-1480-0,MIRECOURT,"MIRECOURT, (Géog.)​ ville de France en Lorraine, capitale du bailliage de Vosge. Elle s’appelle en latin Mercurii curtis ; ce nom pourroit faire conjecturer que c’est un lieu d’une grande antiquité, les anciens pourtant n’en font aucune mention. On voit seulement que c’étoit un des premiers domaines des ducs de Lorraine. Elle est sur la riviere de Maudon, à 10 lieues S. O. de Nanci, 12 S. E. de Toul, 7 N. O. d’Espinal, 66 S. E. de Paris. Long. 23. 52. lat. 48. 15. (D. J.)​","[[""48 15' N 23 52' E""]]",,48 15' N 23 52' E,48 15' N 23 52' E
v10-150-0,MANSFELD,"MANSFELD, Mansfeldia, (Géogr.)​ petite ville de même nom, avec titre de comté. Elle est à 14 lieues S. O. de Magdebourg, 18 N. E. d’Erfort, 19 S. O. de Wirtemberg. Long. 29. 30. lat. 52. 35.


Vigand (Jean), savant théologien, disciple de Mélancthon, a illustré Mansfeld sa patrie, en y recevant le jour. Il est connu par plusieurs ouvrages estimés, & pour avoir travaillé avec Flaccus Illyricus aux centuries de Magdebourg. Il décéda en 1587, à 64 ans. (D. J.)​","[[""52 35' N 29 30' E""]]",,52 35' N 29 30' E,52 35' N 29 30' E
v10-1520-0,MISSILIMAKINAC,"MISSILIMAKINAC, (Géographie.)​ espece d’isthme de l’Amérique septentrionale, dans la nouvelle France ; il a environ 120 lieues de long, sur 20 de large. Les François y ont un établissement qui est regardé comme un poste important, à une demi-lieue de l’embouchure du lac des Illinois, & situé à environ 292 degrés de long. sous les 45. 35. de lat.","[[""45 35' N 292 E""]]",,45 35' N 292 E,45 35' N 292 O
v10-1584-0,MOCKEREN,"MOCKEREN, (Géog.)​ petite ville d’Allemagne au cercle de la basse Saxe, dans l’archevêché de Magdebourg, sur la Struma, à trois milles de Magdebourg. Long. 33. 52. lat. 62. 16. (D. J.)​","[[""62 16' N 33 52' E""]]",,62 16' N 33 52' E,62 16' N 33 52' E
v10-1587-0,MODENE,"MODENE, (Géog.)​ en latin Mutina ; voyez ce mot ; ancienne ville d’Italie, capitale du Modenois, avec une citadelle, & un évêché suffragant de Boulogne.


Cette ville eut autrefois beaucoup de part aux troubles du triumvirat. Elle se rendit l’an 710 de Rome à Marc-Antoine, lorsqu’il eut remporté sous ses murailles cette grande victoire sur Hirtius & Pansa, qui entraînerent avec leur défaite la perte de la république ; on regarda cette journée comme la derniere de cet auguste sénat, qui, par sa puissance, avoit pour ainsi dire, foulé aux piés le sceptre des têtes couronnées.


Modene souffrit beaucoup de l’irruption des Goths & des Lombards en Italie ; mais lorsque Charlemagne eut mis fin à la monarchie de ces derniers, Modene se releva de ses ruines. Elle fut rebâtie, non pas dans le même endroit, mais un peu plus bas, dans une plaine agréable & fertile en bons vins ; telle est la plaine où cette ville se trouve encore aujourd’hui.


C’est à-peu-près là tous ses avantages ; car elle est pauvre, mal bâtie, sans commerce, chargée d’impôts, & la proie du premier occupant. L’empereur, les François, le roi de Sardaigne, s’en sont emparés successivement dans les guerres de ce siecle.


C’est à sa cathédrale qu’est attaché ce fameux sceau qui a été le prétexte ou le sujet de la longue division entre les Petronii & les Geminiani, c’est-à-dire, entre les Bolonois, qui reconnoissent S. Petrone, & les Modenois, S. Géminien, pour leur patron. Le Tassone a plaisamment peint dans sa secchia rapita, poëme héroï-comique, l’histoire de ce sceau & la guerre qu’il a causé. 



Cædibus ob raptam lymphis putealibus urnam 
Concinit, immistis socco ridente cothurnis.


On ne sauroit jetter trop de ridicule sur des pareilles querelles.


Le palais du duc de Modene est enrichi de belles peintures, & en particulier de morceaux précieux du Carrache.


La citadelle est assez forte pour tenir la ville en bride.


Modene est sitnée sur un canal, entre le Panaro & la Secchia, à 7 lieues N. O. de Boulogne, 10 S. O. de Parme, 12 S. E. de Mantoue, 20 N. O. de Florence, 34 S. E. de Milan, 70 de Rome. Long. selon Caslini, & selon les PP. Riccioli & Fontana, 28. 43. lat. 44. 34.​


Cette ville a été la patrie d’hommes illustres en plusieurs genres : il suffit pour le prouver, de nommer Falloppe, Sadolet, Sigonius, Castelvetro, le Molsa, & le Tassona.


Falloppe (Gabriel) tient un des premiers rangs entre les Anatomistes. Il mourut à Padoue, en 1562, âgé de 39 ans. Quoique la plûpart de ses œuvres soient posthumes, elles sont très-précieuses aux amateurs de l’Anatomie. Ils recherchent avec soin l’édition de Venise de 1606, en 3 vol. in-fol.


Sadolet (Jacques) secretaire de Léon X, fut employé dans des négociations importantes, & parvint à la pourpre en 1536. Il finit ses jours à Rome en 1547, à 72 ans. Ses ouvrages de théologie & de poësie ont été publiés à Vérone en 3 volumes in-4°. Ils ne sont pas tous intéressans, mais ils respirent le gout de la belle latinité.


Sigonius (Charles) se montra l’un des plus savans littérateurs du xvj. siecle, & mourut en 1584, à l’âge de 60 ans. Personne n’a mieux approfondi les antiquités romaines. Tous ses ouvrages ont été recueillis à Milan en 1732, 1733 & 1734. Ils forment 8 vol. in-fol.


Castelvetro (Louis) mort en 1571, est principalement connu par son commentaire sur la poétique d’Aristote, dont la bonne édition est de Vienne en Autriche. C’étoit aussi son ouvrage favori. On déféra ce subtil écrivain à l’inquisition, pour avoir traduit en Italien un traité de Melanchton. Les inquisitions littéraires sont les moyens les plus courts pour jetter les peuples dans la barbarie. Nos têtes ne sont pas aussi bien organisées que celles des Italiens ; d’ailleurs, nous ne sommes encore qu’au crépuscule des jours de lumiere ; que deviendrions-nous, si l’on éteignoit ce nouveau flambeau dans nos climats ?


Molsa (François-Marie) l’un des bons poëtes du xvj. siecle, mena la vie la moins honnête, & mourut, en 1544, d’une maladie honteuse. La nature l’avoit doué d’un heureux génie, que l’étude perfectionna. Il réussit également en prose & en vers, dans le sérieux & dans le comique. Ses élégies sont dans le goût de celles de Tibulle ; latinis elegiis, & etruscis rhytmis, pari gratiâ ludendo, musas exercuit, sed ità sædè prodigus, honestique nescius pudoris, ut clarioris fortunæ, certissimam spem facile corruperit ; voilà son portrait par Paul Jove.


Il ne laissa qu’un fils, qui fut pere d’une illustre fille, nommée Tarquinia Molsa. Elle éleva sa gloire par la vertu, son esprit, son savoir, & sa beauté. La ville de Rome la gratifia d’un privilege, dont il n’y avoit point eu d’exemple, ce fut de la bourgeoisie romaine.


Le Tassonne (Alcxandre) dont j’ai déja parlé, mit au jour à Paris, sa secchia rapita, en 1622. On en a fait nombre d’éditions. Celle qui parut à Ronciglione deux ans après, passe pour la meilleure. La traduction de ce poëme, par M. Perrault, est exacte, mais seche, assez souvent peu françoise, & presque toujours dépourvue d’agrémens. Le Tassone mourut dans sa patrie en 1635. Antoine-Louis Muratori a écrit sa vie. (D. J.)​","[[""44 34' N 28 43' E""]]",,44 34' N 28 43' E,44 34' N 28 43' E
v10-1601-0,MODON,"MODON, (Géog.) ancienne & forte ville de Grece, dans la Morée, avec un port commode, & un évêché suffragant de Patras. Pline la nomme Metona, & les Turcs l'appellent Mutum. Elle a essuyé bien des révolutions. Les Insubriens s'emparerent de Metona dans les anciens tems : les Illyriens ravagerent ensuite cette ville, & emmenerent ses habitans en esclavage. Trajan, touché de leurs malheurs, les rétablit, leur accorda des privileges, & les laissa se choisir un gouvernement aristocratique. Elle conserva ses immunités par la condescendance de Constantin. Elle fut soumise à l'autorité de l'empereur grec en 1125. Elle tomba sous la puissance des Vénitiens en 1204, & sous celle de Bajazet en 1498. La république de Vénise la reprit sur les Turcs en 1686; mais elle a reconnu de nouveau la domination du grand-seigneur, à qui elle appartient encore aujourd'hui. Elle est située sur un promontoire avancé dans la mer de Sapienza, à 10 milles N. de Coron & 72 du cap de Matapan. Long. 49. 20. lat. 36. 58. (D.J.)","[[""36 58' N 49 20' E""]]",,36 58' N 49 20' E,36 58' N 49 20' E
v10-1756-0,MONFIA,"MONFIA, (Géog.)​ île d’Afrique sur la côte de Zanguebar. Elle produit du riz, du miel, des oranges, des citrons, des cannes de sucre, & ne contient cependant que quelques villages. Long. environ 36. 30. lat. mérid. 7. 55. (D. J.)​","[[""7 55' S 36 30' E""]]",,7 55' S 36 30' E,7 55' S 36 30' E
v10-1822-0,MONTALBAN,"MONTALBAN, (Géog.)​ ville d’Espagne au royaume d’Arragon, avec une citadelle sur le Rio-Martino, à 14 lieues S. O. de Sarragosse, 26 N. O. de Valence, long. 16. 55. lat. 40. 52. (D. J.)​","[[""40 52' N 16 55' E""]]",,40 52' N 16 55' E,40 52' N 16 55' E
v10-1832-0,MONTAUBAN,"MONTAUBAN, (Géog.)​ ville considérable de France dans le Quercy, avec une généralité, une cour des aides, & un évêché suffragant de Toulouse, érigé en 1317, & qui vaut 24000 livres.


Montaubar est située sur le Tarn, à 14 lieues S. O. de Cahors, 11 N. de Toulouse, 145 S. O. de Paris. Long. 19. 5. lat. 44. 2.


Cette ville n’est pas ancienne ; elle a commencé par un monastere, nommé Mons Aureolus ; ensuite Alfonse, comte de Toulouse, bâtit en 1144 dans le voisinage la ville même. On croit qu’elle a pris le nom de Montauban de quantité de saules qui sont aux environs, que les Gascons appellent alba. Ses habitans embrasserent le calvinisme en 1572, & fortifierent leur ville dans les guerres de religion ; enfin le cardinal de Richelieu devenu premier ministre, en rasa toutes les fortifications.


Cette ville a donné la naissance à Pierre du Belloy, qui publia, en 1585, l’Apologie catholique. Henri III. le fit mettre en prison pour cet ouvrage, qu’il auroit dû récompenser ; mais Henri IV. plus éclairé, nomma du Belloy avocat-général au parlement de Toulouse. (D. J.)​","[[""44 2' N 19 5' E""]]",,44 2' N 19 5' E,44 2' N 19 5' E
v10-1836-0,MONTBRISON,"MONTBRISON, (Géogr.)​ ville de France dans​le Forès, sur la petite riviere de Vezize, au pié d’une montagne. On l’appelle en latin Mons Brisonis, du nom de son fondateur. Elle est à 12 lieues de Vienne, 14 S. O. de Lyon, 96 S. O. de Paris. Long. 21. 42. lat. 45. 32.


Cette ville a donné naissance à Antoine du Verdier, seigneur de Vauprivas, qui se rendit célebre dans le xvj. siecle par sa bibliotheque des auteurs françois, tout fautif & tout imparfait qu’est cet ouvrage.


Jacques-Joseph Duguet, l’une des meilleures & des plus laborieuses plumes du parti janséniste, naquit au milieu du dernier siecle à Montbrison. Son style est formé sur celui des bons écrivains de Port-Royal. Il auroit pu, comme eux, rendre de grands services aux lettres. Ses Traités de morale & de piété sont trop diffus. Son Explication du mystere de la passion de notre Seigneur en 9 volumes prouve une grande fécondité d’imagination. Son livre de l’Education d’un roi, achevé par une autre main, fit beaucoup de bruit. M. Duguet fut persécuté & même contraint de s’expatrier. Enfin il revint sur ses vieux jours à Paris, & y est mort en 1733 à 84 ans. (D. J.)​","[[""45 32' N 21 42' E""]]",,45 32' N 21 42' E,45 32' N 21 42' E
v10-1841-0,MONT-DAUPHIN,"MONT-DAUPHIN, (Géograph.)​ petite place de France dans le Dauphine, à 3 lieues d’Embrun sur une montagne escarpée & presque environnée de la Durance. Louis XIV. fit fortifier cette petite place en 1693. Long. 24. 20. latit. 44. 40.","[[""44 40' N 24 20' E""]]",,44 40' N 24 20' E,44 40' N 24 20' E
v10-1863-0,MONTE-MARANO,"MONTE-MARANO, (Géogr.)​ petite & pauvre ville d’Italie, au royaume de Naples, dans la principauté ultérieure, avec un évêché suffragant de Bénevent, sur la rive du Sabato, entre Nusco au levant, & Avellino au couchant. Longit. 32. 42. lat. 40. 53. (D. J.)​","[[""40 53' N 32 42' E""]]",,40 53' N 32 42' E,40 53' N 32 42' E
v10-1864-0,MONTE-MOR-O-NOVO,"MONTE-MOR-O-NOVO, (Géog.)​ ville de Portugal, sur le chemin de Lisbonne à Badajoz. Elle est en partie située sur le penchant d’une montagne, & en partie dans la plaine, au bord de la riviere de Canha. Longit. 10. 30. lat. 38. 32.","[[""38 32' N 10 30' E""]]",,38 32' N 10 30' E,38 32' N 10 30' O
v10-1865-0,MONTE-MOR-O-VELHO,"MONTE-MOR-O-VELHO, (Géog.)​ petite ville de Portugal, dans la province de Beira, dans un territoire où on ne recueille que du blé de Turquie, à 4 lieues S. O. de Coimbre, 33 N. de Lisbonne. Long. 9. 36. lat. 40. 4.


C’est le lieu de la naissance d’un poëte musicien, connu sous le nom de Georges de Monte-Mayor, qui finit ses jours à la fleur de son âge, vers l’an 1560. Il a fait une pastorale intitulée la Diane, qu’on a traduite en plusieurs langues.


Mais les avantures de Mendez Pinto (Ferdinand) compatriote de Monte-Mayor, méritent bien autrement d’attirer nos regards. Il quitta la qualité de laquais pour aller faire fortune aux Indes en 1537, & y demeura 31 ans. Il fut treize fois esclave, vendu seize fois, & essuya un grand nombre de naufrages. De retour en Portugal, il publia dans sa langue la relation curieuse de ses voyages, ouvrage intéressant, & d’un style au-dessus de la condition de l’auteur.


Nous en avons une traduction françoise, imprimée à Paris en 1645, in-4°. (D. J.)​","[[""40 4' N 9 36' E""]]",,40 4' N 9 36' E,40 4' N 9 36' O
v10-1881-0,MONTFORTE DE LEMOS,"MONTFORTE DE LEMOS, (Géog.)​ ancienne petite ville d’Espagne, dans la Galice, avec un palais où les comtes Domarça de Lémos font leur résidence. Elle est sur un côteau qui s’éleve au milieu d’une grande plaine, à 8 lieues N. E. d’Orenza, 20 S. E. de Compostelle. Long. 10. 30. lat. 42. 43.","[[""42 43' N 10 30' E""]]",,42 43' N 10 30' E,42 43' N 10 30' E
v10-1904-0,MONT-RÉAL,"MONT-RÉAL, (Géogr.)​ petite ville d’Espagne au royaume d’Arragon, vers les frontieres de la nouvelle Castille, avec un château ; elle est sur le Xiloca Long. 16. 21. lat. 40 50.","[[""40 50' N 16 21' E""]]",,40 50' N 16 21' E,40 50' N 16 21' E
v10-1914-0,MONT-TRICHARD,"MONT-TRICHARD, (Géog.)​ ancienne petite ville de France en Touraine ; Philippe Auguste la prit après un long siége. Elle est sur une montagne près du Cher, à neuf lieues E. de Tours, 45 S. O. de Paris. Long. 18. 50. lat. 47. 20.","[[""47 20' N 18 50' E""]]",,47 20' N 18 50' E,47 20' N 18 50' E
v10-2002-0,MORNSHEIM,"MORNSHEIM, (Géog.)​ petite ville d’Allemagne au cercle de Franconie dans le Hanenkam, sur la Seyt. Elle appartient à l’évêque d’Aichstet. Long. 28. 12. latit. 49. 10. (D. J.)​","[[""49 10' N 28 12' E""]]",,49 10' N 28 12' E,49 10' N 28 12' E
v10-2004-0,MORON,"MORON, (Géogr.)​ petite ville d’Espagne dans l’Andalousie, au nord de Zahara, dans une vallée des plus riantes & des plus fertiles. Quelques géographes ont pensé que c’étoit l’Aruci de Ptolomée ; mais l’Aruci de cet auteur est Aroche sur la Guadiana. Long. de Moron, 13. 5. lat. 37. 10.","[[""37 10' N 13 5' E""]]",,37 10' N 13 5' E,37 10' N 13 5' O
v10-2023-0,MORTAIN,"MORTAIN, (Géog.)​ petite ville de France dans la Normandie, aux confins du Maine, avec titre de comté. Elle est ancienne, & se nomme en latin Moritolium. Elle ne consiste que dans une seule rue, mais de difficile accès, étant toute environnée de rochers assez escarpés, dans un terroir stérile & inégal. Elle est à huit lieues d’Avranches, & à cinq de Vire. Long. 16. 46. lat. 48. 51. (D. J.)​","[[""48 51' N 16 46' E""]]",,48 51' N 16 46' E,48 51' N 16 46' E
v10-2041-0,"MORVEDRO, ou MORVIÉDRO","MORVEDRO, ou MORVIÉDRO (Géogr.)​ ancienne ville d’Espagne au royaume de Valence. Ce sont les restes de la fameuse & infortunée Sagonte, bâtie par les Zacynthiens, qui lui avoient donné le nom de leur patrie. On l’appelle aujourd’hui Morvedro, en latin, Muri veteres, à cause des vieilles murailles qui s’y trouvent, & qui nous rappellent encore par ces tristes vestiges une partie de la grandeur de l’ancienne Sagonte. On y voit en entrant sur la porte de la ville une inscription à demi-effacée, en l’honneur de Claude II. successeur de Galien. A une autre porte on voit une tête d’Annibal faite de pierre. Près de la cathédrale se voyent les restes d’un vieil amphitéâtre de 357 piés d’étendue, avec 26 bancs l’un sur l’autre taillés dans le roc ; & ces bancs & les voûtes étoient d’une structure si solide, qu’ils se sont conservés depuis tant de siecles.


Morvedro est située à 2 milles de la mer, sur un rocher élevé, au bord d’une riviere qui porte son nom, & quelquefois celui de Turulis, à 4 lieues de Valence. Long. 17. 36. lat. 39. 44. (D. J.)​","[[""39 44' N 17 36' E""]]",,39 44' N 17 36' E,39 44' N 17 36' E
v10-2081-0,MOTIR,"MOTIR, (Géog.)​ île des Indes orientales, une des Moluques, entre celles de Gilolo à l’orient, des Celebes à l’occident, de Tidor au septentrion & de Machian au midi. Elle n’a que 4 lieues de tour. Long. 144. 40. lat. 20.","[[""20 N 144 40' E""]]",,20 N 144 40' E,20 N 144 40' E
v10-2137-0,MOURJAN,"MOURJAN, (Géog.)​ ville de Perse, que Tavernier place à 84d. 15. de long & à 37d. 15. de latit.","[[""37 15' N 84 15' E""]]",,37 15' N 84 15' E,37 15' N 84 15' E
v10-2177-0,MOYENVIC,"MOYENVIC, Medicanus vicus, (Géogr.)​ petit ville de France au pays Messin, à une lieue de Vic. Elle fut cédée à la France par le traité de Munster, en 1648. Long. 24. 12. lat. 48. 45. (D. J.)​","[[""48 45' N 24 12' E""]]",,48 45' N 24 12' E,48 45' N 24 12' E
v10-2185-0,MSCZISKAW,"MSCZISKAW, Mscislavia, (Géog.)​ forte ville de Pologne dans la Lithuanie, capitale du Palatinat de même nom. Elle est sur la riviere de Sosz, à 8 lieues S. E. de Smolenskow, 80 N. E. de Novogrod. Long. 50. 40. lat. 54. 30. (D. J.)​","[[""54 30' N 50 40' E""]]",,54 30' N 50 40' E,54 30' N 50 40' E
v10-2352-0,MUSSY-L'ÉVEQUE,"MUSSY-L’ÉVEQUE, (Géogr.)​ petite ville de France en Bourgogne, située sur la Seine, entre Châtillon & Bar-sur-Seine. Long. 22. 10. latit. 46. 40.


Boursault (Edme), poëte françois, naquit dans cette ville en 1638. Il fut nommé par Louis XIV. sous-précepteur de M. le duc de Bourgogne ; mais comme il n’avoit aucune étude, il ne put remplir ce poste honorable. Cependant il a fait quelques ouvrages en vers & en prose qui ne sont pas méprisa-​bles ; il est vrai que ses lettres à Babet ne font plus que l’amusement des jeunes provinciaux, mais sa comédie d’Esope subsiste encore au théâtre. Il est mort à Montluçon ou à Paris en 1706. (D. J.)​","[[""46 40' N 22 10' E""]]",,46 40' N 22 10' E,46 40' N 22 10' E
v10-2374-0,MUYDEN,"MUYDEN, (Géog.)​ petite ville des Provinces-Unies dans la Hollande méridionale, à l’embouchure du Vecht, dans le Zuyder-zée, à 2 lieues d’Amsterdam. Albert de Baviere lui accorda divers privileges en 1403. Long. 52. 38. lat. 52. 22.","[[""52 22' N 52 38' E""]]",,52 22' N 52 38' E,52 22' N 52 38' E
v10-2384-0,MYCONE,"MYCONE, (Géog. anc.)​ ile de la mer Egée, l’une des Cyclades, située a 30 milles de Naxié, à 40 de Nicarie, & à 18 du port de Tine ; on lui donne trente-six milles de tour. Elle s’étend de l’est à l’ouest.


Cette île est aride, & a des montagnes fort élevées ; les deux plus considérables portent le nom de S. Hélie. On recueille dans l’île assez d’orge pour les insulaires, beaucoup de figues, peu d’olives, d’excellens raisins. Les eaux y sont rares en été. Les habitans peuvent être au nombre de trois mille ames ; mais pour un homme qu’on y voit, on y trouve quatre femmes, couchées le plus souvent parmi les cochons. Il est vrai que les hommes fréquentent la mer, & sont réputés les meilleurs matelots de l’Archipel.


Strabon remarque, que les Myconiotes étoient sujets à devenir chauves ; en effet, aujourd’hui la plupart perdent leurs cheveux des l’âge de 20 ou 25 ans. Ils passoient autrefois pour grands parasites, & ne le seroient pas moins de nos jours, s’ils trouvoient de bonnes tables à piquer. Archiloque reprochoit à Péricles de tondre les nappes d’Athenes, à la maniere des Myconiotes ; mais Péricles avoit tant d’ennemis, qu’on ne songeoit qu’à lui intenter de fausses accusations.


Mycone n’a été possédée que quelques années par les ducs de Naxie. Barberousse, capitan bacha, la soumit bien tôt à Soliman II. avec tout l’Archipel. C’est un cadi ambulant qui la gouverne.


Les Francs appellent cette île Micouli ; on n’y trouve qu’une seule église latine, qui dépend de l’évêque de Tine, lequel la fait desservir par un vicaire, à 25 écus romains d’appointemens. En échange, il y a dans cette île plusieurs églises grecques, parce que tous les habitans sont du rite grec.


Les dames de Mycone ne seroient point désagréables, si leurs habits étoient selon nos modes. Les pieces qui composent leur parure, sont décrites au long par M. de Tournefort. D’abord, elles portent une espece de chemisette qui couvre à peine la gorge. Elles mettent sur cette chemisette, une grande chemise de toile de coton ou de soie à manches larges ; la troisieme piece est une espece de plastron couvert de broderie, qu’on applique sur la gorge, mais toutes les dames ne se servent pas de cette troisieme piece. Elles endossent ensuite un corcelet sans manches, relevé de broderie. La cinquieme piece de leur parure est un tablier de mousseline ou de soie. Leurs bas sont plissés & ornés de dentelles d’or ou d’argent. Leurs jarretieres sont des rubans noués à deux ganses. Enfin, leur couvre-chef de mousseline est long de six ou sept piés, sur deux de large ; elles le tortillent sur la tête & au-tour du menton d’une maniere agréable, & qui leur donne un petit air éveillé.


Revenons à l’île même ; sa longitude est de 43. 36. lat. 37. 28. (D. J.)​","[[""37 28' N 43 36' E""]]",,37 28' N 43 36' E,37 28' N 43 36' E
v10-262-0,MARCIGNI,"MARCIGNI, (Géogr.)​ petite ville de France en Bourgogne, au diocèse d’Autun. C’est la patrie de M. du Ryer, sieur de Malézair, dont j’ai parlé au mot Maconnois. Elle est la vingt-deuxieme qui députe aux états de Bourgogne, & est située près de la Loire, dans un pays fertile en bles. M. Baillet nomme cette ville Marsigni-les-Nonains ; Garraut écrit Marcigny, & l’appelle en latin Marcigniacum. Long. 22. 20. lat. 46. 18.","[[""46 18' N 22 20' E""]]",,46 18' N 22 20' E,46 18' N 22 20' E
v10-291-0,MARETIMO,"MARETIMO, (Géog.)​ Maritima insula ; petite île d’Italie sur la côte occidentale de Sicile, à l’O. des iles de Lévanzo & de Savagnana, & à 20 milles de Trapani. Elle n’en a que 15 de circuit, un seul château, & quelques métairies que les fermiers tiennent pour y recueillir du miel. Baudran croit que c’est dans cette île que Catulus, général de la flotte romaine, remporta la victoire sur l’armée navale des Carthaginois. Quoi qu’il en soit, le nom de Maretino lui vient de ce qu’elle est plus avancée dans la mer que les deux îles qui sont entre elle & la Sicile. Long. 30. 2. lat. 38. 5 (D. J.)​","[[""38 5' N 30 2' E""]]",,38 5' N 30 2' E,38 5' N 30 2' E
v10-324-3,"Marie, Sainte","Marie, Sainte (Géogr.)​ ville de l’Amérique méridionale dans l’Audience de Panama. Elle fut bâtie par les Espagnols lorsqu’ils eurent découvert les riches mines d’or qu’elle a dans son voisinage. Les Anglois la prirent quelque tems après. Elle est au fond du golfe de saint-Michel, à l’embouchure de la riviere de sainte-Marie, qui est navigable, & la plus large de celles qui se jettent dans ce golfe. Long. 299. 5. lat. 7. (D. J.)​","[[""7 N 299 5' E""]]",,7 N 299 5' E,7 S 299 5' O
v10-324-6,"Marie, Sainte","Marie, Sainte (Géogr.)​ petite île d’Angleterre, la principale des Sorlingues, avec un bon havre. Elle a 3 lieues de tour. Long. 11. 25. lat. 50. 2. (D. J.)​","[[""50 2' N 11 25' E""]]",,50 2' N 11 25' E,50 2' N 11 25' E
v10-329-0,MARIENBOURG,"MARIENBOURG, (Géogr.)​ petite ville démentelée des pays-bas françois, dans le Hainault, au pays d’entre Sambre & Meuse. Elle avoit été bâtie en 1542 par Marie, reine de Hongrie, sœur de Charles-quint. Elle est à 4 lieues de Rocroy. Long. 22. 5. lat. 50. 4. (D. J.)​","[[""50 4' N 22 5' E""]]",,50 4' N 22 5' E,50 4' N 22 5' E
v10-332-0,MARIENSTADT,"MARIENSTADT, en latin Maristadium, (Géogr.)​ petite ville de Suede, dans la Westrogothie, sur le lac Wener, à 14 lieues S. E. de Carlestadt, 65 S. O. de Stockholm. Long. 32. lat. 58. 38.","[[""58 38' N 32 E""]]",,58 38' N 32 E,58 38' N 32 E
v10-336-0,MARIGNAN,"MARIGNAN, (Géog.)​ Melignanum, petite ville d’Italie, au duché de Milan, remarquable par la victoire que François I. remporta aux environs de cette place en 1515. sur le duc de Milan & les Suisses réunis. Marignan est sur le Lambro, à 4 lieues S. E. de Milan, 5 N. E. de Pavie, 5 N. O. de Lodi. Long. 26. 45. lat. 45. 20. (D. J.)​","[[""45 20' N 26 45' E""]]",,45 20' N 26 45' E,45 20' N 26 45' E
v10-398-0,MARPACH,"MARPACH, (Geog.)​ petite ville d’Allemagne en Souabe, au duché de Wirtemberg, sur le Necker, entre Hailbron & Schorndorff. Long. 26. 57. lat. 49. 9. (D. J.)​","[[""49 9' N 26 57' E""]]",,49 9' N 26 57' E,49 9' N 26 57' E
v10-425-0,MARSAL,"MARSAL, (Geog.)​ en latin moderne Marsallum, autrefois Bodatium ; ville de France en Lorraine avec titre de châtellenie, remarquable par ses salines. Elle est dans des marais de difficile accès proche la Seille, à 7 lieues N. E. de Nanci. V. Longuerue, t. II. p. 174. Long. 24. 18. lat. 48. 46.","[[""48 46' N 24 18' E""]]",,48 46' N 24 18' E,48 46' N 24 18' E
v10-431-0,MARSEILLE,"MARSEILLE, (Geog.)​ Massilia ; ancienne & forte ville maritime de France en Provence, la plus riche, la plus marchande & la plus peuplée de cette province, avec un port, un ancien évêché suffragant d’Arles, & une fameuse abbaye sous le nom de S. Victor.


Cette ville fondée cinq cent ans avant J. C. par des Phocéens en Ionie, fut des son origine une des plus trafiquantes de l’occident. Issus d’ancêtres, les premiers de la nation Grecque qui eussent osé risquer des voyages de long cours, & dont les vaisseaux avoient appris aux autres la route du golfe Adriatique & de la mer Tyrrhénienne : les Maneillois tournerent naturellement leurs vues du côte du commerce.


Un port avantageux sur la Méditerranée, des voisins qu’ils méprisoient peut-être comme barbares, & dont sans doute ils craignoient la puissance, leur firent en visager le parti du trafic maritime pour être l’unique moyen qu’ils eussent de subsister & de s’enrichir.


Comme tous les vents, les bancs de la mer, la disposition des côtes ordonnent de toucher à Marsalle, elle fut fréquentée par tous les vaisseaux, & devint une retraite nécessaire au milieu d’une mer orageuse. Mais la stérilité de son terroir, dit Justin, liv. XXXXIII. chap. III, détermina ses citoyens au commerce d’économie. Il fallut qu’ils fussent laborieux pour suppléer à la nature ; qu’ils fussent justes pour vivre parmi les nations barbares qui devoient faire leur prospérité ; qu’ils fussent modéres pour que leur état restât toujours tranquille ; enfin qu’ils eussent des mœurs frugales pour qu’ils pussent vivre d’un négoce qu’ils conservoient plus surement lorsqu’il seroit moins avantageux.


Le gouvernement d’un seul a d’ordinaire pour objet de commerce le dessein de procurer à la nation tout ce qui peut servir à sa vanité, à ses délices, à ses fantaisies ; le gouvernement de plusieurs se tourne davantage au commerce d’économie : aussi les Marseillois qui s’y livrerent, se gouvernerent en republique à la maniere des villes Grecques.


Bientôt ils eurent d’immenses richesses, dont ils se servirent pour embellir leur ville & pour y faire fleurir les arts & les sciences. Non seulement Marsalle peut se vanter de leur avoir donné l’entrée dans les Gaules, mais encore d’avoir formé une des trois plus fameuses académies du monde, & d’avoir partagé son école avec Athenes & Rhodes. Aussi Pline la nomme la maîtresse des études, magistraum studiorum. On y venoit de toutes parts pour y apprendre l’éloquence, les belles-lettres & la philosophie. C’est de son sein que sont sortis ces hommes illustres vantés par les anciens, Télon & Gigarée son frere excellens géometres, Pithéas surtout fameux géographe & astronome dont on ne peut trop admirer le génie, Castor savant médecin, & plusieurs autres. Tite-Live dit que Marseille étoit aussi polie que si elle avoit été au milieu de la Grece ; & c’est pourquoi les Romains y faisoient élever leurs enfans.


Rivale en même tems d’Athènes & de Carthage, peut-être qu’elle doit moins sa célébrité à une puissance soutenue pendant plusieurs siecles, à un commerce florissant, à l’alliance des Romains qu’à la sagesse de ses loix, à la probité de ses habitans, enfin à leur amour pour les sciences & pour les arts.


Strabon tout prévenu qu’il étoit en faveur des villes d’Asie, où l’on n’employoit que marbre & gra-​nit, décrit Marseille comme une ville célebre, d’une grandeur considérable, disposée en maniere de théâtre, autour d’un port creusé dans les rochers. Peut-être même étoit-elle encore plus superbe avant le regne d’Auguste, sous lequel vivoit cet auteur ; car en parlant de Cyzique une des belles villes Asiatiques, il remarque qu’elle étoit enrichie des mêmes ornemens d’architecture qu’on avoit autrefois vû dans Rhodes, dans Carthage & dans Marseille.


On ne trouve aujourd’hui aucuns restes de cette ancienne magnificence. Envain y chercheroit-on les fondemens des temples d’Apollon & de Diane, dont parle le même Strabon : on sait seulement que ces édifices étoient sur le haut de la ville. On ignore aussi l’endroit où Pithéas fit dresser sa fameuse aiguille pour déterminer la hauteur du pole de sa patrie ; mais on connoît les révolutions qu’ont éprouvé les Marseillois.


Ils firent de bonne-heure une étroite alliance avec les Romains, qui les aimerent & les protégerent beaucoup. Leur crédit devint si grand à Rome qu’ils obtinrent la révocation d’un decret du sénat, par lequel il étoit ordonné que Phocée en Ionie seroit rasée jusqu’aux fondemens, pour avoir tenu le parti de l’imposteur Aristonique qui vouloit s’emparer du royaume d’Attale. Les Marseillois par reconnoissance donnerent lieu à la conquête de la Gaule Trisalpine, en en ouvrant la porte ; mais ils furent subjugués par Jules César, pour avoir embrassé le parti de Pompée.


Après avoir perdu leur puissance, ils renoncerent à leurs vertus, à leur frugalité, & s’abandonnerent à leurs plaisirs, au point que les mœurs des Marseillois passerent en proverbe, si l’on en croit Athénée, pour désigner celles des gens perdus dans le luxe & la mollesse. Ils cultiverent encore toutefois les sciences, comme ils l’avoient pratiqué depuis leur premier établissement ; & c’est par eux que les Gaulois se défirent de leur premiere barbarie. Ils apprirent l’écriture des Marseillois, & en répandirent la pratique chez leurs voisins ; car César rapporte que le regître des Helvétiens, qui fut enleve par les Romains, étoit écrit en caractere grec, qui ne pouvoit être venu à ce peuple que de Marseille.


Les Marseillois dans la suite quitterent eux-mêmes leur ancienne langue pour le latin ; Rome & l’Italie ayant été subjuguées dans le v. siecle par les Hérules, Marseille tomba sous le pouvoir d’Enric roi des Wisigoths & de son fils Alaric, après la mort duquel Théodose roi des Ostrogoths, s’empara de cette ville & du pays voisin. Ses successeurs la céderent aux rois Mérovingiens, qui en jouirent jusqu’à Charles-Martel. Alors le duc Moronte s’en rendit le maître, & se mit sous la protection des Sarrazins. Cependant ce prince étant pressé vivement par les François, se sauva par mer, & Marseille obéit aux Carlovingiens, puis aux rois de Bourgogne, & finalement aux comtes d’Arles.


Ce fut sous le regne de Louis l’aveugle, & le gouvernement d’Hugues comte d’Arles, que les Sarrazins qui s’étoient établis & fortifiés sur les côtes de Provence, ruinerent toutes les villes maritimes, & spécialement Marseille.


Elle eut le bonheur de se rétablir sous le regne de Conrad le pacifique. Ses gouverneurs, qu’on appelloit vicomtes, se rendirent absolus sur la fin du x. siecle. Guillaume, qui finit ses jours en 1004, fut son premier vicomte propriétaire. Hugues Geofroi, un de ses descendans, laissa son vicomté à partager également entre cinq de ses fils. Alors les Marseillois acquirent insensiblement les portions des uns & des autres, & redevinrent république libre en 1226.​


Ils ne jouirent pas long-tems de cet avantage. Charles d’Anjou, frere de S. Louis, étant comte de Provence, ne put souffrir cette république. Il fit marcher en 1262, une armée contre elle & la soumit ; cependant ses habitans se sont maintenus jusqu’à Louis XIV. dans plusieurs grands privileges, & entr’autres dans celui de ne contribuer en rien aux charges de la province.


Cette ville a continué pendant tant de siecles, d’être l’entrepôt ordinaire & des marchandises de la domination Françoise, & de celles qui s’y transportoient des pays étrangers. C’est dans son port qu’on débarquoit le vin de Gaza, en latin Gazetum, si renommé dans les Gaules du vivant de Grégoire de Tours ; & le commerce étoit alors continuel de Marseille à Alexandrie.


Enfin, l’an 1660, Louis XIV, étant allé en Provence, subjugua les Marseillois, leur ôta leurs droits & leurs libertés ; bâtit une citadelle au-dessus de l’abbaye de S. Victor, & fortifia la tour de S. Jean, qui est vis-à-vis de la citadelle à l’entrée du port. On sçait que c’est dans ce port que se retirent les galeres, parce qu’elles y sont abriées des vents du nord-ouest.


Cependant Marseille est restée très-commerçante ; & même les prérogatives dont elle jouit, ont presque donné à cette ville, & aux manufactures méridionales de la France, le privilege exclusif du commerce du Levant ; sur quoi il est permis de douter si c’est un avantage pour le royaume.


Personne n’ignore que cette ville fut désolée en 1720 & 1721, par le plus cruel de tous les fléaux. Un vaisseau venu de Seyde, vers le 15 Juin 1720, y apporta la peste, qui de-là se répandit dans presque toute la province. Cette violente maladie enleva dans Marseille seule, cinquante à soixante mille ames.


Son église est une des plus anciennes des Gaules ; les Provençaux ont soutenu avec trop de chaleur qu’elle a été fondée par le Lazare, qu’avoit ressuscité J. C. & le parlement d’Aix dans le siecle dernier, condamna au feu un livre de M. de Launoy, où ce savant critique détruit cette tradition par les preuves les plus fortes.


Les trois petites îles fortifiées, situées à environ une lieue de Marseille, sont stériles, & ne méritent que le nom d’écueils. Il est singulier qu’on les ait pris pour les Stoëchades des anciens.


Marseille est proche la mer Méditerranée, à six leues S. O. d’Aix, douze N. O. de Toulon, seize S. E. d’Arles, trente-cinq S. O. de Nice, cent soixante & six S. E. de Paris. Long. 22. 58. 30. lat. 43 19. 30.


Erastostène & Hipparque conclurent autrefois, d’une observation de Pithéas, que la distance de Marseille à l’équateur étoit de 43 deg. 17. min. Cette lat. a été vérifiée par Gassendi, par Cassini & par le P. Feüillée. On voit qu’elle differe peu de celle que nous venons de fixer, d’après MM. Lieutaud & de la Hire.


Il est bien glorieux à Marseille d’avoir donné le jour à ce même Pithéas, le plus ancien de tous les gens de lettres qu’on ait vu en occident, & dont Pline fait une mention si honorable : il fleurissoit du tems d’Alexandre le grand. Astronome sublime & profond géographe, il a porté ses spéculations à un point de subtilité, où les Grecs qui se vantoient d’être les inventeurs de toutes les sciences, n’avoient encore pu atteindre.


Cet écrivain en prose & en vers, si délicat & si voluptueux, qui fut l’arbitre des plaisirs de Néron, Pétrone en un mot étoit de Marseille. Mais comme j’aurai lieu de parler de lui plus commodément ailleurs, je passe à quelques modernes dont Marseille​est la patrie ; car quoique cette ville s’occupe principalement du commerce, elle a cependant produit au xvij. siecle des hommes célebres dans les sciences & les beaux-arts.


Le Chevalier d’Arvieux, mort en 1701, s’est illustré par ses voyages, par ses emplois, & par son érudition orientale.


Le P. Feuillée minime, s’est distingué par son journal d’observations astronomiques & botaniques, en 3 vol. in-4°., imprimés au Louvre.


Jules Mascaron, évêque de Tulles & puis d’Agen, où il finit sa carriere en 1703, à 69 ans, prononça des oraisons funèbres, qui balancerent d’abord celles de Bossuet ; mais il est vrai qu’aujourd’hui elles ne servent qu’à faire voir combien Bossuet étoit un grand homme.


Charles Plumier, un des habiles botanistes de l’Europe, fit trois voyages aux isles Antilles pour herboriser. Il alloit une quatrieme fois en Amérique dans la même vûe, lorsqu’il mourut près de Cadix, en 1706. On connoit ses beaux ouvrages sur les plantes d’Amérique, & son traité de l’art de tourner, qu’il avoit appris du P. Maignan, religieux minime comme lui.


Antoine de Ruffi, mort conseiller d’état en 1689, a par-devers lui trop de titres honorables pour que je supprime son nom. Auteur d’une bonne histoire de Marseille & des comtes de Provence, il joignit l’intégrité la plus délicate à sa vaste érudition. Etant membre de la sénéchaussée de sa patrie, & se reprochant de n’avoir pas assez approfondi la cause d’un plaideur dont il étoit rapporteur, il lui remit la somme de la perte de son procés.


Honoré d’Urfé, le cinquieme de six fils, & le frere de six sœurs, s’est rendu fameux par son roman de l’Astrée. Il épousa, dit M. de Voltaire, Diane de Châteaumorand, séparée de son frere, de laquelle il étoit amoureux, & qu’il a déguisée dans son roman sous le nom d’Astrée & de Diane, comme il s’y est caché lui-même, sous ceux de Céladon & de Sylvandre. Il mourut en 1625, à 58 ans.


Il faut réserver l’article du Puget, né à Marseille, au mot Sculpteur moderne, à cause de son mérite éminent dans ce bel art. (D. J.)​


Il y a à Marseille une académie des Belles-lettres. Elle fut établie en 1726 par lettres-patentes du roi sous la protection de feu M. le maréchal duc de Villars, gouverneur de Provence, & adoptée en même tems par l’académie Françoise, à laquelle elle envoie pour tribut annuel un ouvrage de sa composition, en prose ou en vers. Les objets que se propose cette académie sont l’Eloquence, la Poésie, l’Histoire & la Critique. Toute matiere de controverse sur le fait de la religion y est interdite. Les académiciens sont au nombre de vingt & ont trois officiers, un directeur, un chancelier & un secrétaire. Le sort renouvelle tous les ans les deux premiers, mais le secrétaire est perpétuel. Le directeur est chef de la compagnie pendant son année d’exercice, il porte la parole & recueille les voix. Le chancelier tient le sceau de l’académie, & fait l’office de trésorier. Le secrétaire écrit les lettres au nom de l’académie, fait l’éloge historique des académiciens qui meurent, & supplée le directeur & le chancelier en leur absence. L’académie a vingt associés étrangers, dont chacun est obligé de lui envoyer tous les ans un ouvrage de sa composition, & qui ont droit de séance dans l’académie lorsqu’ils sont présens. Il leur est permis de travailler pour le prix fondé par M. le maréchal de Villars, à moins qu’ils ne viennent s’établir à Marseille. Ce prix étoit donné tous les ans par la libéralité du protecteur ; mais il le fonda en 1733 par un contrat de rente annuelle de 300 livres qui doivent être employées en une mé-​daille d’or qu’on donne tous les ans d’un ouvrage en prose ou en vers alternativement, dent l’académie propose le sujet. Cette medaille qui portoit d’abord d’un côté le nom du protecteur, & au revers la devise de l’académie, porte maintenant d’un côté le buste, & au revers la devise du marechal de Villars. Le duc de Villars son fils lui a succede dans la place de protecteur.


L’académie de Marseille s’assemble tous les mercredis, depuis trois heures après midi jusqu’a cinq, dans la salle que le roi lui a accordée à l’arsenal ; ses vacances durent depuis la S. Louis jusqu’au premier mercredi après la S. Martin. Elle tient tous les ans le 25 Août une assemblée publique où elle adjuge le prix. Elle accorde la vetérance à ceux des académiciens qui vont se domicilier hors de Marseille, ou à qui leur âge & leurs infirmités ne permettent plus d’assister aux assemblées, & quoiqu’on les remplace par de nouveaux sujets, ils ont tou ours droit de séance & voix consultative aux assembles Il faut avoir les deux tiers des suffrages pour être élu académicien ou associé, & les électeurs doivent être au-moins au nombre de douze. En 1734 l’académie obtint du roi la permission de s’associer dix personnes versées dans les sciences, telles que la Physique, les Mathématiques, &c. La devise de l’académie est un phénix sur son bucher renaissant de sa cendre aux rayons d’un soleil naissant, avec ces mots pour ame, prunis renascor radus, par allusion à cette académie de Marseille, si fameuse dans l’antiquité, & qui est en quelque sorte ressuscitée au commencement du regne de Louis XV. dont le soleil est l’embleme. Morery.","[['43 19\' 30"" N 22 58\' 30"" E']]",,"43 19' 30"" N 22 58' 30"" E","43 19' 30"" N 22 58' 30"" E"
v10-450-1,"Marthe, Sainte, ou Sierra Néveda","Marthe, Sainte, (Géog.)​ ou Sierra Néveda, montagne de la nouvelle Espagne dans la zone torride, à 60 lieues de la mer. Cette montagne passe pour une des plus hautes du monde : on lui donne une lieue d’élévation & 30 à 40 de circuit. Son sommet est toujours couvert de neige : on l’apperçoit, dit-on, quand le tems est serain, du cap de Tibérin, situé dans l’île de Saint-Domingue, qui en est à 150 lieues ; mais on ne l’apperçoit sans doute qu’en imagination. Le pié de cette montagne est habité par des peuples de si petite taille, qu’ils peuvent passer pour des pigmées. Long. 323. lat. 8. (D. J.)​",[['8 N 323 E']],,8 N 323 E,8 N 323 O
v10-459-0,MARTIGUES,"MARTIGUES, (Géog.)​ petite ville de France, en Provence ; c’est une-place maritime, à l’occident de Marseille, située entre la mer & l’étang, dit de Berre ou de Martigues, à l’endroit même où cet étang se dégorge dans la mer.


Cette ville jusqu’à l’an 1266. s’est appellée Saint-Gènes, en latin castrum Sancti Genesii ; elle dépend avec son territoire pour le spirituel de l’archevêché​ d’Arles, & les archevêques d’Arles en ont eu longtems le haut domaine.


Elle fut réunie au comté de Provence par Louis d’Anjou l’an 1382. Le roi René l’érigea en vicomté, & le donna à son neveu, Charles du Maine. Henri IV. en fit une principauté, en faveur de Marie de Luxembourg, duchesse de Mercœur. La fille unique de cette princesse épousa le duc de Vendôme, dont le petit-fils est mort en Espagne sans enfans en 1712. Le maréchal de Villars a acheté cette principauté en 1714. Long. de Martigues, 23. 3. lat. 43. 18.


J’imagine que tous les chevaliers de Malthe savent que le premier instituteur & grand-maître de leur ordre, Gérard Thom ou plutôt Gérard Tenque, étoit né à Martigues. Il administroit l’hôpital de Jérusalem en 1099, lorsque Godefroi de Bouillon prit cette ville, & l’année suivante Tenque fonda son ordre, qu’il gouverna saintement jusqu’à sa mort, arrivée en 1121. Il eut Raimond Dupuy pour successeur. (D. J.)​","[[""43 18' N 23 3' E""]]",,43 18' N 23 3' E,43 18' N 23 3' E
v10-469-0,MARTORANO,"MARTORANO, (Géogr.)​ petite ville d’Italie au royaume de Naples, dans la Calabre citérieure, avec un évêché suffragant de Corenza. Elle est à 3 lieues de la mer, 6 S. de Cosenza. Long. 34. 12. lat. 39. 8.","[[""39 8' N 34 12' E""]]",,39 8' N 34 12' E,39 8' N 34 12' E
v10-477-0,MARVAN,"MARVAN, (Géog.)​ ville du Couhestan près du Hamadan. Elle est située, selon l’historien de Timur-Bec, à 84. de long. sous les 35. 30. de latit. (D. J.)​","[[""35 30' N 84 E""]]",,35 30' N 84 E,35 30' N 84 E
v10-506-1,Massa-Caréra,"Massa-Caréra, (Géog.)​ ville d’Italie, capitale du petit pays de même nom en Toscane, dans la Lunégiane, avec titre de principauté, que possédent les princes de la maison de Cibo. Massa est renommée par ses carrieres de marbre. Elle est située dans une belle plaine à une lieue de la mer, 4 S. E. de Sarzane, 10 N. O. de Pise, 22 N. O. de Florence. Long. 27. 45. lat. 44. 1. (D. J.)​","[[""44 1' N 27 45' E""]]",,44 1' N 27 45' E,44 1' N 27 45' E
v10-625-0,MAUBEUGE,"MAUBEUGE, Malbodium, (Géog.)​ ville de la Flandre françoise, avec un illustre chapitre de chanoinesses, qui doivent prouver 32 quartiers de noblesse paternelle & maternelle. La plûpart des villages de la prévôté de Maubeuge, dépendent de l’abbêsse qui en a la jurisdiction spirituelle & temporelle. Maubeuge fut cédée à la France par le traité de Nimegue, en 1678. Elle est fortifiée à la Vauban, & est sur la Sambre, à cinq lieues S. de Mons, sept S. E. de Valenciennes, 16 S. O. de Bruxelles, 46 N. E. de Paris. Long. 21. 35. lat. 50. 15.","[[""50 15' N 21 35' E""]]",,50 15' N 21 35' E,50 15' N 21 35' E
v10-640-0,MAURIAC,"MAURIAC, Mauriacum, (Géog.)​ petite ville de France dans la haute Auvergne, chef-lieu d’une élection particuliere. Elle est près de la Dordogne, & des frontieres du Limousin, à 11 lieues S. E. de Tulle. Long. 19. 59. lat. 45. 19. (D. J.)​","[[""45 19' N 19 59' E""]]",,45 19' N 19 59' E,45 19' N 19 59' E
v10-668-1,"Mayo, île, ou l'ile de May","Mayo, île, ou l’ile de May, (Géogr.)​ l’une​des îles du Cap-verd, au midi occidental de l’île de Bonneville, & à l’orient de celle de San-Iago. Mayo n’a environ que 7 lieues de circonférence. Elle est reconnue de loin par deux montagnes d’une hauteur considérable, & elle est renommée par sa vaste saline, où les vaisseaux de diverses nations, sur-tout des Anglois, vont charger du sel, qui ne coûte que la voiture, depuis la saline distante d’un demi-mille jusqu’au bord de la mer. Long. 356. 10. lat. septent. 15. 10. (D. J.)​","[[""15 10' N 356 10' E""]]",,15 10' N 356 10' E,15 10' N 356 10' E
v10-676-1,Mazara,"Mazara, (Géog.)​ ancienne ville de Sicile, capitale du val de Mazara, sur la côte occidentale de l’île, à l’embouchure de la riviere du même nom. Elle fut bâtie des ruines de Sélunte, si l’on en croit Volteranus, & donna son nom à toute la vallée. Son territoire est également étendu & fertile. Elle est située à 10 lieues S. de Trapani, 22 S. O. de Palerme ; son évêché est suffragant de cette derniere ville. Long. 30. 14. lat. 37. 42. (D. J.)​​","[[""37 42' N 30 14' E""]]",,37 42' N 30 14' E,37 42' N 30 14' E
v10-775-0,MÉDUA,"MÉDUA, (Géogr.)​ ville d’Afrique au royaume d’Alger, dans une contrée abondante en blé & en troupeaux, à 50 lieues S. O. d’Alger. La milice de cette ville y tient garnison. Long. 21. 12. lat. 33. 25. (D. J.)​","[[""33 25' N 21 12' E""]]",,33 25' N 21 12' E,33 25' N 21 12' E
v10-855-0,"MELIAPOUR, ou MELIAPOR","MELIAPOUR, ou MELIAPOR, (Géog.)​ ville célebre de l’Inde, en-deçà du Gange, sur la côte de Coromandel, au royaume de Carnate. On l’appelle aussi S. Thomé ; quoiqu’à proprement parler, Meliapour & S. Thomé, soient plutôt deux villes contiguës qu’une seule : Meliapour n’est habitée que par des Indiens & des Mahométans, au lieu qu’il y a beaucoup d’arméniens & quelques portugais à S. Thomé. Meliapour est nommée par les Indiens Mailabourain, c’est-à-dire ville des paons, parce que les princes qui y regnoient portoient un paon pour armes. Aurengzeb ayant conquis le royaume de Golconde, est aujourd’hui maître de Meliapour & de Saint-Thomé, où les Portugais ont eu long-tems un quartier considérable. Long. 98. 30. lat. 13. 10.","[[""13 10' N 98 30' E""]]",,13 10' N 98 30' E,13 10' N 98 30' E
v10-878-0,MÉLITO ou MILETO,"MÉLITO ou MILETO, (Géog.)​ Miletus ; petite ville d’Italie, au royaume de Naples, dans la Calabre ultérieure, avec un évêché suffragant de Reggio ; mais exemt de sa jurisdiction. Elle est sur une montagne, à 16 milles N. E. de Reggio, 20 S. O. de Cozenza. Un tremblement de terre la maltraita cruellement en 1638. Long. 34. 9. lat. 38. 36. (D. J.)​","[[""38 36' N 34 9' E""]]",,38 36' N 34 9' E,38 36' N 34 9' E
v10-887-0,MELNICK,"MELNICK, (Géog.)​ petite ville de Bohème, au confluent de l’Elde & du Muldan, à 4 milles N. au-dessous de Prague. Long. 30. 18. lat. 50. 22. (D. J.)​","[[""50 22' N 30 18' E""]]",,50 22' N 30 18' E,50 22' N 30 18' E
v10-956-0,"MÉNÉHOULD, Sainte","MÉNÉHOULD, Sainte, (Géog.)​ sanctæ Manechildis fanum, ancienne ville de France en Champagne, la principale de l’Argonne, avec titre de comté, & un château sur un rocher. Elle a soutenu plusieurs sièges en 1038, en 1089, en 1436, en 1590 ; & elle servit de retraite au prince de Condé, aux ducs de Bouillon & de Nevers, en 1614. Le marquis de Praslin la prit en 1616, les Espagnols en 1652, & Louis XIV. en 1653. Ses fortifications ont été démolies, & un incendie arrivé en 1719, a comblé son désastre. Elle est dans un marais, entre​deux rochers, sur l’Aisne, à 10 lieues N. E. de Châlons, 9 S. O. de Verdun, 15 S. E. de Rheims, 44 N. E. de Paris. Long. 22. 34. lat. 49. 10. (D. J.)​","[[""49 10' N 22 34' E""]]",,49 10' N 22 34' E,49 10' N 22 34' E
v11-1036-0,OBOLLAH,"OBOLLAH, (Géog.)​ ville de Perse dans l’Iraque babylonienne, sur un bras du Tigre, près de Bassora. Les Orientaux la vantent comme un des quatre endroits les plus délicieux de l’Asie, qu’ils appellent paradis, parce que l’on y voyoit une longue suite de jardins & de portiques qui se répondoient symmétriquement les uns aux autres. Long. 65. 50. latit. 30. 15.","[[""30 15' N 65 50' E""]]",,30 15' N 65 50' E,30 15' N 65 50' E
v11-1083-0,OCANA,"OCANA, (Géog.)​ ville d’Espagne, dans la nouvelle Castille, dans une plaine qui abonde en tout ce qui est nécessaire à la vie, à 9 lieues de Madrid. Long. 14. 36. lat. 39. 56. (D. J.)​","[[""39 56' N 14 36' E""]]",,39 56' N 14 36' E,39 56' N 14 36' E
v11-114-0,NAPLOUSE,"NAPLOUSE, (Géog.)​ ancienne ville de la Palestine, dans une vallée fertile en oliviers. Elle est à 10 lieues N. de Jérusalem : c’est la même que Sichem ou Pichari de l’Ecriture. Cette ville a eu le nom de Flava cæsarea, que lui donna l’empereur Flavien-Domitien, on en a des médailles avec des inscriptions abrégées. Flaviæ neapolis syriæ palæstinæ ; enfin elle fut simplement nommée Neapolis, d’où vient que les Arabes l’appellent Naplos. Elle est sans murailles, sans portes, au fond d’une vallée entre deux montagnes. On y trouve encore quelques juifs samaritains. Voyez Thevenot & le pere Nau, Voyage de la Terre-Sainte. Long. 56. 40. lat. 31. 45.","[[""31 45' N 56 40' E""]]",,31 45' N 56 40' E,31 45' N 56 40' E
v11-1167-0,ODENSÉE,"ODENSÉE, (Géog.)​ ville considérable de Danemark dans l’île de Funen, avec un évêché suffragant de Lunden. Elle est à 18 lieues de Sleswig, 26 S. O. de Copenhague. Long. 28. 2. lat. 55. 28.


On prétend que cette ville recut le nom d’Odensée, ou plutôt Ottensée, en latin Ottonia, de l’empereur Otton I. l’an 948, ainsi que le passage du Belte, Ottensund, ou détroit d’Otton.


Baugias (Thomas), professeur en Théologie, & homme versé dans les langues orientales, étoit d’Odensée. Il finit ses jours en 1661, après avoir donné quantité d’ouvrages théologiques qu’on ne lit plus aujourd’hui.","[[""55 28' N 28 2' E""]]",,55 28' N 28 2' E,55 28' N 28 2' E
v11-1240-1,OEting ou Ottingen,"Œting ou Ottingen, (Géog.)​ ville d’Allemagne dans la haute Baviere, sous la jurisdiction de Burckhausen. Elle est sur l’Inn, & se divise en ancienne & en nouvelle. Long. 30. 32. lat. 48. 8. (D. J.)​","[[""48 8' N 30 32' E""]]",,48 8' N 30 32' E,48 8' N 30 32' E
v11-125-0,NARBONNE,"NARBONNE, (Géog. anc. & mod.)​ en latin Narbo ; ville de France dans le bas Languedoc, avec un archevêché dont celui qui en est revêtu, se dit primat, & préside aux états de Languedoc. Narbonne est à 12 lieues N. E. de Perpignan, 17 S. O. de Montpellier, 45 S. O de Toulouse, & 160 S. E. de Paris. Long. selon Cassini, 20. 32. 30. lat. 43. 11.


Mais cette ville mérite que nous entrions dans de plus grands détails. Elle est située sur un canal tiré de la riviere d’Aude, qu’on appelle en latin Atax : elle est à 2 lieues de la mer près du lac nommé par Pline & par Méla Rubresus ou Rubrensis, & en françois l’étang de la Rubine. Il formoit autrefois un port dans lequel les vaisseaux abordoient, ce qui procuroit aux états de Narbonne le moyen de faire un grand commerce dans toutes les provinces qui sont sur la mer Méditerranée jusqu’en Egypte ; mais il y a long-tems que ce port a été bouché, la mer s’étant retirée de ses côtes où les navires ne peuvent plus aborder à cause des bas-fonds.


Narbonne a donné son nom à la province ou Gaule-narbonnoise dont elle étoit la capitale, & à cette partie de la mer Méditerranée qui mouilloit les côtes de la province narbonnoise, & que Strabon appelle mare Narbonense. Cette ville étoit la plus ancienne colonie des Romains dans la Gaule-transalpine. Elle fut fondée l’an de Rome 636, sous le consulat de Porcius & de Marcius, par l’orateur Licinius Crassus, qui avoit été chargé de la conduite de la colonie.


Il donna à Narbonne, en latin Narbo, le surnom de martius & de decanorum colonia, à cause qu’il y établit des soldats vétérans de la dixieme légion surnommée Martia. Narbonne fut pendant quelque tems un boulevard de l’empire romain contre les nations voisines qui n’étoient pas encore soumises ; c’est Cicéron qui nous l’apprend dans son oraison pour Fonteïus. Pomponius Mela qui vivoit sous l’empereur Claude, parle de cette ville comme d’une colonie qui l’emportoit sur les autres ; voici ses termes : sed ante stat omnes Atacinorum Decumanorumque colonia, unde olim his terris auxilium fuit, nunc & nomen & decus est Martius Narbo. On voit par-là que Narbonne s’appelloit non-seulement decumanorum, mais Atacinorum colonia, à cause de la riviere Atax ou Aude, sur laquelle cette ville avoit été bâtie. On nommoit en conséquence ses habitans Attacini.


Narbonne après lés premiers Césars, fut obligée de céder la primatie à Vienne sur le Rhône, à qui les Romains avoient donné de grandes prérogatives ; mais depuis Constantin, Narbonne fut reconnue la métropole de tout le pays qui est entre le Rhône & la Garonne.


Cette ville vint au pouvoir des Visigoths sur la fin du regne de Valentinien III. au milieu du v. siecle & ils l’ont conservée jusqu’à la mort de leur dernier roi Rodoric, tué en Espagne par les Sarrasins. Ces derniers conquérans ayant passé les Pyrénées l’an 721, ils établirent une colonie de mahométans à Narbonne, qui devint leur place d’armes au-deça des Monts ; enfin ils en furent chassés par Charlemagne. Lors du déclin de la race de ce prince, les comtes de Toulouse & de Carcassone, & même plusieurs vicomtes, eurent part à la seigneurie de Narbonne & de son territoire ; mais l’archevêque y dominoit principalement, ce qui dura jusqu’à la fin de l’onzieme siecle. On sait la suite de l’histoire de Narbonne. Jeanne d’Albret apporta les droits du vicomté de Narbonne à Antoine de Bourbon, pere d’Henri IV. roi de France, qui réunit à la couronne ses biens patrimoniaux.


Il y avoit autrefois à Narbonne grand nombre de​ bâtimens antiques, un capitole, un cirque, un amphithéâtre, &c. mais tout cela a été ruiné, & on s’est servi des matériaux pour bâtir les fortifications de cette ville, qui étoit un boulevard de la France dans le tems que les Espagnols occupoient Perpignan. Cependant Narbonne a encore conservé un plus grand nombre d’inscriptions antiques qu’aucune ville des Gaules, & on y en déterre de tems à autre ; mais il n’y reste pas la moindre trace de ses anciens monumens.


Cette ville est située dans un fonds environné de montagnes qui la rendent des plus bourbeuses pour peu qu’il y pleuve. Bachaumont & Chapelle l’éprouverent sans doute, lorsqu’ils apostropherent ainsi cette ville dans un moment de mauvaise humeur :



Digne objet de notre courroux,
Vieille ville toute de fange,
Qui n’es que ruisseaux & qu’égouts,
Pourrois tu prétendre de nous
Le moindre vers à ta louange ?


L’archevêché de Narbonne est considérable par son ancienneté, & c’étoit autrefois le seul qu’il y eût dans le Languedoc ; par sa primatie ; par son droit de présider aux états de la province ; & par son revenu qui est d’environ quatre-vingt-dix mille livres. Il a dix suffragans, & son diocese n’est cependant composé que de cent quarante paroisses. On y compte quatre abbayes d’hommes & deux de filles.


Le Fabius qu’Horace, dans sa I. satyre, liv. I. marque au coin des grands parleurs, étoit de Narbonne, & avoit composé des livres sur la philosophie stoïcienne dont il faisoit profession. Le poëte qui étoit épicurien, trouvoit apparemment plus de babil que de solidité dans ses discours.


Montanus de Narbonne, vivoit dans les commencemens de la chûte de l’éloquence romaine ; c’étoit un génie rare, mais peu exact. Ses plaidoyers couloient de la même source que ses déclamations ; il gâtoit ses pensées en les tournant de trop de manieres. Enfin ses fleurs étoient si fort entassées qu’elles fatiguoient l’admiration ; Tibere cependant craignit son éloquence, & le rélegua aux îles Baléares.


Carus (M. Aurelius.) élu empereur en 282, étoit natif de Narbonne. Il est connu par des victoires sur les Sarmates & les Perses, & pour être mort d’un coup de foudre dont il fut frappé à Ctésiphonte après seize mois de regne.


Les tems modernes n’offrent à ma mémoire ni orateurs, ni gens de lettres illustres, natifs de Narbonne. Il faut pourtant en excepter Bosquet (François) évêque de Montpellier, mort en 1676, & un des plus savans prelats de France au xvij. siecle. Nous avons de lui l’abregé de la jurisprudence de Psellus, qu’il traduisit du grec en latin avec des notes : Pselli synopsis legum, Paris 1632, in 8°. Nous avons encore du même auteur, l’histoire de l’église gallicane depuis Constantin, avec ce titre : Ecclesiæ gallicanæ historiarum liber primus, apud Joann. Camusat, 1633 in-8°. C’est la premiere édition ; la seconde est chez le même libraire, en 1636 in-4°. Un passage que M. Bosquet retrancha de cette seconde édition, en la faisant réimprimer, montre que s’il menagcoit les abus, il ne les ignoroit pas. Il montre, dis-je, que cet homme illustre demeuroit d’accord, que le faux zele des moines étoit la premiere cause des traditions fabuleuses, qui ont couvert d’obscurité l’origine de l’église gallicane. Voici les propres paroles du savant prelat : elles méritent de se trouver en plus d’un livre.


Primos, si verum amamus, hujusmodi zelatos monachos in Galliis habuimus. Illi simplici ac fervidâ, adeoque minus cautâ, & sæpe inconsultâ religione per​culsi, ad illiciendas hominum mentes, & augustiori sanctorum nomine, ad eorum cultum revocandas ; illustres eorum titulos primùm sibi, deinde crudelæ plebi persuasos, proposuerunt. Ex horum officinâ, Martialis Lemovicensis apostolatus, Ursini Bituricensis discipulatus, Dionysii Parisiensis areopagitica, Pauli Narbonensis proconsularis dignitas, amborum apostoli Pauli magisterium, & in aliis ecclesiis similia prodiere. Quibus quidem sano judicio & constanti animo, Galli primùm episcopi restitere. Ast ubi ecclesiæ gallicanæ parentibus sanctissimis, fidei præconibus, detractis his spoliis, injuriam fieri mentibus ingenuis & probis persuasum est, paulatim error communi consensu consurgere, & tandem antiquitate suâ, contra veritatem præscribere.


Je ne sais, dit un habile critique, si ce fut par une politique bien entendue que l’on supprima ces belles paroles dans la seconde édition. Ce retranchement ne fait-il pas voir à tout le monde, le servile ménagement qu’on a pour l’erreur, & la délicatesse excessive, ou plûtôt la sensibilité scandaleuse, de ceux qui ont intérêt à maintenir le mensonge ? Après tout, un tel moyen n’est propre qu’à attirer l’attention de tout le monde sur ces paroles. Tel qui les auroit lues sans beaucoup de réflexion, apprend à les regarder comme quelque chose de la derniere importance. Enfin, on peut dire de ce passage, ce qu’un historien de Rome a dit de Brutus & de Cassius, dont les images ne parurent point dans une pompe funebre : sed præfulgebant Cassius atque Brutus, eo ipso quod effigies eorum non videbantur. Par cela même, qu’on a tâché d’éclipser le passage dont nous parlons, on lui a donné un éclat brillant & durable. (D. J.)​","[['43 11\' N 20 32\' 30"" E']]",,"43 11' N 20 32' 30"" E","43 11' N 20 32' 30"" E"
v11-1403-0,"OMER, Saint-","OMER, Saint- (Géog.)​ ville de France en Artois, capitale d’un bailliage, avec des fortifications, un château, & un évêché suffragant de Cambrai. Elle est sur la riviere d’Aa, dans un marais qui la rend très-forte, à 3 lieues d’Aire, 6 de Bergues, 8 de Dunkerque & de Calais, 8 de Béthune, 54 N. O. de Paris. Long. 19d54′57″. lat. 50d44′46″.


Cette ville a commencé par le monastere de Sithui, que l’évêque de Térouane y bâtit vers l’an 648, dont il établit abbé S. Mommolein.


Suger, abbé de S. Denis, & bien plus illustre que S. Mommolein, étoit natif de S. Omer. Si l’église ne l’a pas écrit dans son martyrologe, l’histoire l’a consacré dans ses fastes. Il mourut âgé de 70 ans, après avoir été employé par Louis le Gros à l’administration des plus grandes affaires ; ensuite Louis le Jeune le nomma son premier ministre, & regent du royaume. Suger étoit d’une figure commune, & de médiocre naissance ; mais il est beau d’être né de soi-même. Il gouverna l’état avec zèle, avec sagesse, & avec une admirable probité.


Dausqueius (Claude), chanoine de Tournay, naquit à S. Omer en 1566. Il se fit jésuite je ne sai quand, quitta la société je ne sai quand, & pour quel sujet. Il n’étoit pas un littérateur inepte ; mais son style est obscur & affecté. Il eut une querelle avec des cordeliers, qui soutenoient que S. Paul avoit été saint dès le ventre de sa mere : c’est là-dessus qu’il publia un livre intitulé sancti Pauli sanctitudo in utero, extrà, in solo, & in cœlo latet. Paris 1627 in-8°. Son antiqui novig. latii ortographia, estimé par Saumaise & Vossius, fut imprimé à Tournay, Tornaci, en 1632, in fol. & ensuite à Paris, en 1677. (D. J.)​","[['50 44\' 46"" N 19 54\' 57"" E']]",,"50 44' 46"" N 19 54' 57"" E","50 44' 46"" N 19 54' 57"" E"
v11-143-0,"NARO, Nara","NARO, (Géogr.)​ Nara, ville de Sicile, dans la vallée de Mazzara, près de la source de la riviere de Naro, à 10 milles au levant de Gergenti. Long. 31. 25. lat. 37. 20.","[[""37 20' N 31 25' E""]]",,37 20' N 31 25' E,37 20' N 31 25' E
v11-1473-0,ONOBA,"ONOBA, (Géog. anc.)​ ville d’Espagne dans la Bétique chez les Turdules. Pline, l. III. c. j, la met dans les terres. Ptolomée en établit la long. à 6d. 10′. & la latit. à 36d. 20′.


Il ne faut pas confondre cette ville avec Onoba Œstuaria ; cette derniere étoit dans la Bétique au pays des Turditains, au bord de la mer & au couchant de l’embouchure orientale du fleuve Bœtus ou Guadalquivir ; c’est présentement Gibraléon.","[[""36 20' N 6 10' E""]]",,36 20' N 6 10' E,36 20' N 6 10' O
v11-1564-0,OPPELEN,"OPPELEN, (Géog.)​ ville forte de Silésie, capitale d’un duché considérable de même nom. Elle est sur l’Oder dans une belle plaine, à 8 lieues N. de Troppau, 14 S. E. de Breslau, 54 N. E. de Prague. Long. 35. 32. lat. 50. 54.


Le duché d’Oppelen est arrosé de plusieurs rivieres, outre l’Oder qui le partage. Il contient avec la capitale une vingtaine de bourgades, que Zeyler appelle villes.","[[""50 54' N 35 32' E""]]",,50 54' N 35 32' E,50 54' N 35 32' E
v11-1605-1,Orange,"Orange, (Géog.)​ ancienne ville de France, capitale d’une province de même nom, qui est éteinte, de sorte que la ville est unie au Dauphiné, avec un évêché suffragant d’Arles ; elle a une espece d’université & plusieurs restes d’antiquité.


Elle a eu long-tems ses princes particuliers de la maison de Nassau ; mais étant passée à Fréderic, roi de Prusse, après la mort du prince Guillaume qui fut couronné roi d’Angleterre en 1689, son fils Fréderic-Guillaume la céda en 1713 à Louis XIV. avec tous ses droits sur la principauté : ce qui fut confirmé par le traité d’Utrecht.


Il s’y est tenu plusieurs conciles. Le plus fameux est celui de 527. Elle est dans une grande plaine, arrosée de petites rivieres, celle d’Argent & d’Eigues, à 5 lieues N. d’Avignon, 22 N. E. de Montpellier, 20 N. O. d’Aix, 41 S. de Lyon, 141 de Paris. Long. 22d. 25′. 53″. lat. 44. 9. 17.


Orange nommée en latin arausio Cavarum, & par Pline colonia Secundanorum, est très-ancienne, car, au rapport de Ptolomée, c’étoit l’une des quatre villes des peuples Cavares. Elle a toûjours reconnu Arles pour sa métropole ecclésiastique. Elle a essuyé les mêmes révolutions que les autres villes qui en sont voisines, puisqu’après la chûte de l’empire romain en occident, elle tomba sous la domination des Bourguignons & des Goths, d’où elle vint au pouvoir des Francs Mérovingiens & Carlovingiens. Enfin elle obéit depuis le neuvieme siecle au roi de Bourgogne & d’Arles, dont le dernier fut Rodolphe le Lâche, qui mourut l’an 1032, & après lui ce royaume fut soumis aux empereurs allemands.


Elle a éprouvé sous Charles IX. par les mains de Serbellon, général des troupes du pape, toutes les cruautés des saccagemens les plus horribles ; voyez ce qu’en rapporte Varillas, tom. I. p. 202. de Thou, l. XXXI. Beze, Hist. ecclésiastiq. l. XII. & vous frémirez d’horreur.


Il faut parler à-présent de l’arc de triomphe d’Orange, parce que de tous les monumens élevés par les Romains dans les Gaules, c’est un des plus dignes de l’attention des curieux, quoiqu’il soit impossible d’en donner une explication qui s’accorde bien avec l’Histoire. Nous n’avons point même de bon dessein de ce monument.


On en connoît trois dont l’un est très-peu exact & fort imparfait, c’est celui que Joseph de la Pise en a donné dans son histoire d’Orange ; l’autre que nous avons dans le voyage de Spon, est encore plus imparfait, car ce n’en est qu’une très-légere esquisse ; le troisieme est beaucoup meilleur & plus exact. On le trouve, dans la collection de dom Bernard de Montfaucon, gravé d’après celui qui avoit été fait sur les lieux par​ le sieur Mignard, parent du célebre peintre de ce nom ; mais ce n’est qu’une partie du monument, car il n’en représente que la façade méridionale.


Ce monument, qui étoit autrefois renfermé dans l’ancienne enceinte d’Orange, se trouve aujourd’hui à cinq cens pas des murs de la ville, sur le grand chemin qui conduit à Saint-Paul-trois-Châteaux. Il forme trois arcs ou passages dont celui du milieu est le plus grand, & les deux des côtés sont égaux entre eux. L’édifice est d’ordre corinthien, & bâti de gros quartiers de pierre de taille. On y voit des colonnes très élevées, dont les chapiteaux sont d’un bon goût. La sculpture des archivoltes, des piédroits & des voûtes, est aussi très bien travaillée ; il a dix toises d’élévation, & soixante piés dans sa longueur. Il forme quatre faces, sur chacune desquelles sont sculptées diverses figures en bas-reliefs ; mais on n’y voit nulle part aucune inscription qui puisse nous en apprendre la dédicace.


Sur la façade septentrionale qui est la plus ancienne & la plus riche, on voit au-dessus des deux petits arcs des monceaux d’armes des anciens, tels que des épées, des boucliers dont quelques-uns sont de forme ovale, & les autres de forme hexagone, & sur plusieurs desquels on voit gravés en lettres capitales quelques noms romains ; des enseignes militaires, les unes surmontées d’un dragon, & les autres d’un pourceau ou sanglier. Au-dessus de ces mêmes arcs, après les frises & les corniches, sont représentés des navires brisés, des ancres, des proues, des mâts, des cordages, des rames, des tridents, des bannieres ou ornemens de vaisseaux, connus sous le nom d’aplustra ou aplustria. Plus haut encore on voit au-dessus d’un de ces petits arcs, sculptés dans un quarré ou tableau, un aspergile, un préféricule ou vase de sacrifice, une patere, & enfin un lituus ou bâton augural. Au-dessus de l’autre petit arc paroît la figure d’un homme à cheval, armé de toutes pieces, sculptée de même dans un grand quarré. Entre ces deux tableaux est représentée une bataille, où sont très-bien marquées des figures de combattans à cheval, dont les uns combattent avec l’épée, & les autres avec la lance, de soldats morts ou mourans étendus sur le champ de bataille, des chevaux échappés ou abattus.


La façade méridionale est à-peu-près chargée des mêmes figures & ornemens qui sont placés dans les mêmes endroits ; mais toute cette partie est aujourd’hui extrèmement dégradée.


Sur la façade orientale sont représentés des captifs, les mains attachées derriere le dos, placés deux à deux entre les colonnes & surmontés de trophées ; au-dessus desquels est la figure d’un pourceau, ou d’un sanglier avec le labarum des Romains, élevé sur une haste & garni de franges autour. Sur la frise sont sculptés divers gladiateurs qui combattent ; au-dessus de cette frise est un buste dont la tête est rayonnante, environnée d’étoiles ; & de plus accompagnée d’une corne d’abondance de chaque côté. Les deux extrémités du timpan sous lequel est ce buste, soutiennent chacune une sirène.


La façade occidentale n’est chargée que de semblables figures de captifs & de trophées.


Quant à l’intérieur de ce monument, qui est surmonté d’une haute tour, ce qui l’a fait vulgairement appeller dans le pays la tour de l’arc, il est composé jusqu’au sommet de voûtes de pierre de taille les unes sur les autres, ornées de sculpture d’un travail admirable ; on voit dans toutes des roses, & plusieurs autres fleurs en compartiment. Les murs sont ornés de colonnes. Tel est cet édifice, sur l’explication duquel on n’a formé que des conjectures ; mais il faut voir dans le Recueil des Belles-Lettres le mémoire de M. Menard, tome XXVI. dont j’ai tiré​cette description, qui est la seule exacte qu’on ait encore donnée de ce monument de l’antiquité. Tous les savans ont tâché de l’entendre, & croient y être parvenus. Les uns ont rapporté l’arc de triomphe dont nous parlons à C. Marius & à Lutatius Catulus, consuls romains ; mais il regne une élégance dans la sculpture de cet édifice, qui n’étoit pas encore connue sous le siecle de C. Marius.


Gronovius (Jaq.) Vadiatus, Isaac Pontanus, Jean Fréderic Guib & M. de Mandajors, rapportent ce monument à Cn. Domitius Ænobarbus & à Q. Fabius Maximus ; mais ce sentiment peche contre la Chronologie & les notions géographiques.


M. le baron de la Bastie l’attribue à l’empereur Auguste, Journ. de Trévoux, Août 1730 ; mais il n’est point dit dans l’Histoire que ce prince ait fondé la colonie d’Orange ; & l’on ne voit rien dans les figures & les ornemens de cet arc qui caractérise Auguste d’une maniere particuliere.


Le marquis Maffée croit que l’arc & les antiquités d’Orange ressentent la maniere du tems d’Adrien ; mais en tout cas on ne connoît dans la vie de cet empereur aucune bataille navale ni par lui, ni par ses généraux, à laquelle on puisse rapporter ces figures de sirènes, de tridents, de navires.


M. Menard a fait enfin revivre l’ancienne opinion de ceux qui ont pensé que l’arc d’Orange avoit été érigé en l’honneur de Jules-César ; mais cette opinion ne concilie point toutes les figures & tous les ornemens, elle ne s’y rapporte qu’en partie. Les noms de Marius, de Jugurtha & de Sacrovir, n’ont point de relation à Jules-César ; & si l’on suppose que cet arc fût élevé sous sa dictature, il faut en même tems ajouter que ce fut à la gloire de la nation romaine en général qu’on l’érigea.


Les lecteurs curieux de s’instruire de l’histoire & des antiquités d’Orange, peuvent consulter les trois ouvrages suivans : Tableau de l’histoire des princes & principauté d’Orange, par Joseph de la Pise : Description des antiquités d’Orange, par Charles Escoffier ; cette description a paru en 1700 : Histoire nouvelle de la ville & principauté d’Orange, par le pere Bonaventure, de Sisteron, capucin ; Paris, 1741.


Cette ville, abondante autrefois en monumens antiques, n’a jamais été féconde en hommes de lettres ; mais du-moins il ne faut pas oublier de dire à sa gloire qu’elle a été la patrie de la mere de Cicéron. (D. J.)​","[['44 9\' 17"" N 22 25\' 53"" E']]",,"44 9' 17"" N 22 25' 53"" E","44 9' 17"" N 22 25' 53"" E"
v11-1660-0,ORDUNA,"ORDUNA, (Géog.)​ ville d’Espagne en Biscaye, dans une vallée agréable, entourée de hautes montagnes. Long. 14. 15. lat. 43. 10. (D. J.)​","[[""43 10' N 14 15' E""]]",,43 10' N 14 15' E,43 10' N 14 15' E
v11-1692-0,ORFORD,"ORFORD, (Géog.)​ petite ville à marché d’Angleterre, avec titre de comté, & un havre, dans la province de Suffolk, à 24 lieues N. E. de Londres. Elle envoie deux députés au parlement. Long. 18. 54. lat. 52. 10. (D. J.)​","[[""52 10' N 18 54' E""]]",,52 10' N 18 54' E,52 10' N 18 54' E
v11-1721-4,"Orient, port de l'","Orient, port de l’ (Géog.)​ ou simplement Orient, port de France en Bretagne, au fond de la baie du Port-Louis, à l’embouchure de la riviere de Scorf, qui vient du pont Scorf. On y a bâti depuis environ 35 ans une ville, où la compagnie des Indes tient ordinairement ses gros magasins. Long. suivant Cassini, 14d. 8′. 40″. lat. 47d. 44′. 50″. (D. J.)​","[['47 44\' 50"" N 14 8\' 40"" E']]",,"47 44' 50"" N 14 8' 40"" E","47 44' 50"" N 14 8' 40"" E"
v11-1737-0,ORIGUÉLA ou ORIHUELA,"ORIGUÉLA, (Géog.)​ ou ORIHUELA, comme écrivent les Espagnols ; ville d’Espagne au royaume de Valence, avec un évêché suffragant de Valence. Elle est dans une campagne fertile, sur la riviere de Ségura, à 14 lieues N. E. de Carthagene, 14 S. O. de Valence. Long. 17. 2. lat. 37. 58.


Cette ville est ancienne, à ce que prétendent les Géographes, qui croient que c’est l’Orcelis de Ptolomée. En tout cas son évêché est moderne ; car il n’en est fait aucune mention dans les trois anciennes notices ecclésiastiques d’Espagne. Il y a lieu de penser que l’église d’Origuela fut fondée en collégiale l’an 1414, & érigée en cathédrale par Alphonse, cinquieme roi d’Arragon. Son gouvernement est indépendant de Valence, & sa jurisdiction s’étend sur environ 12 lieues de longueur & 6 de largeur. (D. J.)​","[[""37 58' N 17 2' E""]]",,37 58' N 17 2' E,37 58' N 17 2' E
v11-1873-0,OSIMO,"OSIMO, (Géog.)​ ancienne ville d’Italie dans la Marche d’Ancône, avec un évêché suffragant du pape. Elle est sur une montagne près du Musone, à 7 milles de Lorette, 10 S. O. d’Ancône, 120 N. E. de Rome. Long. 31. 12. lat. 43. 20.


Les Latins l’ont nommée Auximum & Auxumum ; c’est une des cinq villes de la Pentapole, mentionnée dans les donations de Pépin & de Charlemagne. Les revenus du siege d’Osimo sont considérable, & c’est ordinairement un cardinal qui en est évêque. Procope parle beaucoup de cette ville à l’occasion des Goths qui s’y retranchoient contre Bélisaire. (D. J.)​","[[""43 20' N 31 12' E""]]",,43 20' N 31 12' E,43 20' N 31 12' E
v11-1884-0,OSRUSHNA,"OSRUSHNA, (Géog.)​ ville d’Asie dans la Tartarie, au Mawaralnahe, au-delà de Samarcande, & l’une des métropoles de la province du nom d’Orushnah. Abulféda dit que cette province est terminée à l’orient par une partie du Fergan, au couchant par les limites de Samarcande, au N. par une autre partie du Fergan, au M. par les confins de Cash. La ville d’Osrushna est à cinq journées de chemin de Samarcande. Long. selon Alfaras, 90d. latit. 40d.",[['40 N 90 E']],,40 N 90 E,40 N 90 E
v11-2007-0,OUJON,"OUJON, (Géog.)​ petite ville d’Asie dans la Perse, selon Tavernier, qui lui donne 61d. 35′. de longit. & 32d. 24′. de latit. (D. J.)​","[[""32 24' N 61 35' E""]]",,32 24' N 61 35' E,32 24' N 61 35' E
v11-2032-0,OURIQUE,"OURIQUE, (Géog.)​ ville de Portugal dans l’Alentéjo, remarquable par la victoire qu’Alfonse I. roi de Portugal y remporta sur cinq rois Maures en​1139. Les têtes de ces cinq rois font les armes de Portugal. Long. 9. 55. lat. 37. 56. (D. J.)​","[[""37 56' N 9 55' E""]]",,37 56' N 9 55' E,37 56' N 9 55' O
v11-204-0,NAVAN,"NAVAN, (Géog.)​ petite ville d’Irlande dans la province de Leinster, au comté d’Est-Meath sur la​Boyne, à 10 milles de Duleck, & à 7 de Kello. Elle a droit d’envoyer deux députés au parlement d’Irlande. Long. 11. 19. lat. 53. 42.","[[""53 42' N 11 19' E""]]",,53 42' N 11 19' E,53 42' N 11 19' E
v11-2044-0,OUSTIOUG,"OUSTIOUG, (Géog.)​ ville de l’empire russien, capitale d’une province de même nom, avec un archevêché du rit russe. Elle est sur la Suchana. La province est bornée N. par la province de Dwina, E. par la forêt de Zirani, S. par la province de Wologda, O. par le Cargapol & la province de Waga. La Suchana la divise en deux parties presque égales. Long. 60. 50. lat. 61. 48. (D. J.)​","[[""61 48' N 60 50' E""]]",,61 48' N 60 50' E,61 48' N 60 50' E
v11-205-0,NAVARETTE,"NAVARETTE, (Géograph.)​ petite ville d’Espagne de la petite province de Rioxa, qui est dans la vieille Castille. Elle est située sur une montagne à environ deux lieues de Logrono, du côté du couchant. Long. 15. 30. lat. 42. 28.","[[""42 28' N 15 30' E""]]",,42 28' N 15 30' E,42 28' N 15 30' O
v11-209-0,NAVARREINS,"NAVARREINS, (Géog.)​ petite ville de France dans le Béarn, sur le gave d’Oléron, à cinq lieues de cette ville, dans la sénéchaussée de Sauveterre : elle fut bâtie par Henri d’Albret roi de Navarre, dans une plaine très-fertile. Il y a dans cette ville un état major. Long. 16. 50. lat. 43. 20.","[[""43 20' N 16 50' E""]]",,43 20' N 16 50' E,43 20' N 16 50' E
v11-2107-1,Oye,"Oye, (Géog.)​ petite ville de France dans le Boulenois, capitale d’un comté de même nom, pagi Oviensis ; les Anglois l’ont possédée jusqu’à la prise de Calais ; elle est à 1 lieue de Graveline, 2 de Calais, 61 de Paris Long. 19. 35. lat. 51. (D. J.)​","[[""51 N 19 35' E""]]",,51 N 19 35' E,51 N 19 35' E
v11-2288-0,PALANKA,"PALANKA, (Géog. mod.)​ petite ville de la haute Hongrie, au comté de Novigrad, sur la riviere d’Ibola, à 7 N. de Novigrad, 15 N. de Bude. Long. 36. 58. lat. 48. 3.","[[""48 3' N 36 58' E""]]",,48 3' N 36 58' E,48 3' N 36 58' E
v11-2296-0,PALAPOLI,"PALAPOLI, (Géog. mod.)​ petite ville de la Na-​tolie, dans la Caramanie, sur la côte au nord de l’île de Chypre, presque à l’embouchure d’une petite riviere. Long. 51. 1. lat. 36. 52.","[[""36 52' N 51 1' E""]]",,36 52' N 51 1' E,36 52' N 51 1' E
v11-2307-0,PALAZZUOLO ou PALAZOLO,"PALAZZUOLO ou PALAZOLO, (Géog. mod.)​ petite ville de Sicile, dans le val de Noto, sur le bord de la riviere Bufaro, à 20 O. de Syracuse. Long. 32. 40. lat. 37. 3. (D. J.)​","[[""37 3' N 32 40' E""]]",,37 3' N 32 40' E,37 3' N 32 40' E
v11-2387-2,Palma,"Palma, (Géog. mod.)​ ville forte d’Italie, dans l’état de Venise au Frioul, avec un port. Cette place est importante pour la défense des Vénitiens contre les Turcs & les Autrichiens. Elle est sur la mer à 3 lieues S. E. d’Udine, 4 N. O. d’Aquilce, 20 N. E. de Venise. Long. 31. latit. 46. 2.","[[""46 2' N 31 E""]]",,46 2' N 31 E,46 2' N 31 E
v11-2391-2,"Palme, l'île de","Palme, l’île de, (Géog. mod.)​ île d’Afrique, l’une des Canaries & extrémement fertile. Les Espagnols en firent la conquête en 1460. Elle souffrit beaucoup d’un tremblement de terre en 1677. Long. suivant le P. Noël, 358. 6′. 30″. latit. septent. 27. 35.","[['27 35\' N 358 6\' 30"" E']]",,"27 35' N 358 6' 30"" E","27 35' N 358 6' 30"" E"
v11-2417-0,PALUDE,"PALUDE, (Géog. mod.)​ ville d’Asie dans les états du Turc, au gouvernement d’Erzerom, près de l’Euphrate. Elle est située sur une montagne escarpée de tous côtés, & cependant habitée par des mahométans & des chrétiens. Long. 57. lat. 38. 35.","[[""38 35' N 57 E""]]",,38 35' N 57 E,38 35' N 57 E
v11-2432-1,Pampelune,"Pampelune, (Géog. mod.)​ ville de l’Amérique​ méridionale, au nouveau royaume de Grenade ; elle est à 60 lieues de Santa-Fé. Long. 308. 55. lat. 6. 30. (D. J.)​","[[""6 30' N 308 55' E""]]",,6 30' N 308 55' E,6 30' N 308 55' O
v11-2453-0,PANANE,"PANANE, (Géog. mod.)​ & par M. de l’Isle Bagani, ville d’Asie dans les Indes, sur la côte de Malabar, au royaume de Calicut, avec un port : elle est entre Calicut au nord & Cranganor au midi. Long. 94. 30. latit. 11. (D. J.)​","[[""11 N 94 30' E""]]",,11 N 94 30' E,11 N 94 30' E
v11-247-0,NAXKOW,"NAXKOW, (Géog.)​ ville de Danemark dans l’île de Laland, sur la côte septentrionale, avec un port commode pour le commerce. Elle est à 22 lieues S. O. de Copenhague. Long. 29. 12. lat. 54. 48. (D. J.)​","[[""54 48' N 29 12' E""]]",,54 48' N 29 12' E,54 48' N 29 12' E
v11-2764-0,PARCHIM,"PARCHIM, (Geog. mod.)​ ville d’Allemagne, capitale d’un bailliage dans le cercle de la basse-Saxe, au duché de Meckelbourg, sur l’Elde. Long. 29. 50. lat. 53. 36. (D. J.)​","[[""53 36' N 29 50' E""]]",,53 36' N 29 50' E,53 36' N 29 50' E
v11-2845-0,"PARILLA, Santa","PARILLA, Santa, (Géograph. mod.) ville de l'Amérique méridionale, au Pérou, audience de Lima, dans la vallée & sur la riviere de Santa, au bord de la mer, à 20 lieues de Truxillo, & 60 de Lima. Long. 300. long. 9.",[['9 S 300 E']],,9 S 300 E,9 S 300 O
v11-289-0,NECKERSULM,"NECKERSULM, (Géog.)​ petite ville d’Allemagne en Franconie, sur le Necker, entre Hailbron & Wimpfen. Elle appartient au grand-maître de l’ordre teutonique. Long. 26. 40. lat. 49. 26. (D. J.)​","[[""49 26' N 26 40' E""]]",,49 26' N 26 40' E,49 26' N 26 40' E
v11-344-0,NEKSHCHEB,"NEKSHCHEB, (Géog.)​ ville de la Transoxane, c’est-à dire du pays qui est au-dela du fleuve Gibon ou Amou, l’Oxus des anciens. Elle est située dans une grande plaine fertile, à deux journées du mont Imaüs. Le Canoun de Baïnouri donne à ce.te ville 88d. de long. & 39. de lat. sept.",[['39 N 88 E']],,39 N 88 E,39 N 88 E
v11-4-0,NAAS,"NAAS, (Géog.)​ petite ville d’Irlande dans la province de Leinster, au comté de Kildare, proche la Lisse, au nord-est de Kildare. Elle envoie deux députés au parlement de Dublin. Long. 11. 2. latit. 53. 15. (D. J.)​","[[""53 15' N 11 2' E""]]",,53 15' N 11 2' E,53 15' N 11 2' O
v11-409-0,NERAC,"NERAC, (Géog.)​ ville de France en Gascogne, dans le Condomois, avec un grand château bâti par les Anglois. La Baise la sépare en deux parties, appellées le grand & le petit Nérac. Il y a dans cette ville un petit présidial, dont le siege fut établi en 1639. Ses habitans embrasserent le calvinisme dans le seizieme siecle ; ils s’attachent aujourd’hui au commerce. Nérac est à 3 lieues de Condom, 2 de la Garonne, 4 d’Agen, 153 S. O. de Paris. Long. 17. 58. lat. 44. 10. (D. J.)​","[[""44 10' N 17 58' E""]]",,44 10' N 17 58' E,44 10' N 17 58' E
v11-453-1,Neubourg,"Neubourg, (Géog.)​ petite ville d’Allemagne, au duché de Wittemberg, sur l’Éno, au-dessus de Pfortzheim. Long. 27. 11. lat. 48. 50.","[[""48 50' N 27 11' E""]]",,48 50' N 27 11' E,48 50' N 27 11' E
v11-453-3,Neubourg,"Neubourg, (Géog.)​ ville de la basse Autriche, sur le Danube, à 2 lieues de Vienne, avec un monastere qui fait donner à la ville le nom de Closter-Neubourg. Matthias Corvin roi de Hongrie la prit en 1477. Maximilien I. la reprit en 1490. Long. 34. 22. lat. 48. 20.","[[""48 20' N 34 22' E""]]",,48 20' N 34 22' E,48 20' N 34 22' E
v11-461-1,NEUFCHATEL en Bray,"NEUFCHATEL en Bray, (Géog.)​ petite ville de France en Normandie au pays de Bray, à 81 eues S. E. de Dieppe, 9 N. O. de Rouen, 30 N. O. de​ Paris, sur la riviere de Béthune. Long. 19. 5. lat. 49. 45.","[[""49 45' N 19 5' E""]]",,49 45' N 19 5' E,49 45' N 19 5' E
v11-477-3,Neustadt,"Neustadt, (Géog.)​ ville d’Allemagne en Franconie, dans l’évêché de Wurtzbourg, sur la Saale, près de Koening Sehoffen. Long. 28. 10. lat. 49. 34.","[[""49 34' N 28 10' E""]]",,49 34' N 28 10' E,49 34' N 28 10' E
v11-477-5,Neustadt,"Neustadt, (Géog.)​ petite ville d’Allemagne, dans le Holstein, sur un golfe que forme la mer Baltique, sur la côte de la Wagrie. Elle est située à quatre milles d’Oldembourg, & à environ pareille distance de Lubec. Long. 28. 24. lat. 53. 56.","[[""53 56' N 28 24' E""]]",,53 56' N 28 24' E,53 56' N 28 24' E
v11-477-6,Neustadt an der Hart,"Neustadt an der Hart, (Géog.)​ ville d’Allemagne, au Palatinat du Rhin, située sur une petite chaîne de montagnes appellée la Hart, à quatre milles de Landau. Comme son territoire fait partie du Speyrgow, on la nomme en latin Neapolis-Nemetum. Jean Casimir s’en rendit maître par artifice en 1579. Long. 26. 48. lat. 49. 22.","[[""49 22' N 26 48' E""]]",,49 22' N 26 48' E,49 22' N 26 48' E
v11-517-0,NICASTRO,"NICASTRO, (Géog.)​ en latin Neocastrum ; petite ville d’Italie au royaume de Naples dans la Calabre ultérieure, à 2 lieues du golfe de sainte Euphémie, avec un évêché suffragant de Reggio. Elle fut presque ruinée en 1638 par un tremblement de terre. Long. 33. 30. lat. 38. 10.","[[""38 10' N 33 30' E""]]",,38 10' N 33 30' E,38 10' N 33 30' E
v11-549-0,"NIESARA, ou NEOCaesarEA","NIESARA, ou NEOCŒSAREA, (Géog.)​ ville de l’empire ottoman dans la Natolie, avec un archevêché grec, qui est le cinquieme sous le patriarchat de Constantinople. Quoique cette ville soit presque ruinée, elle est encore la métropole de la Cappadoce ; & l’on doit ajouter qu’elle a été la patrie de S. Grégoire thaumaturge, ou le faiseur de miracles ; ce qu’il y a de plus sûr, c’est qu’il étoit disciple d’O-​rigene, & qu’il mourut en 270. Niesara est à deux journées de Tocac. Long. 53. 52. lat. 39. 25.","[[""39 25' N 53 52' E""]]",,39 25' N 53 52' E,39 25' N 53 52' E
v11-558-0,NIEBLA,"NIEBLA, (Géog.)​ ancienne ville d’Espagne dans l’Andalousie avec titre de comté, sur le Riotinto, environ à 6 lieues de la mer, & à 15 O. de Séville. C’étoit autrefois une ville assez considérable, nommée Nipla. Long. 11. 45. lat. 37. 20.","[[""37 20' N 11 45' E""]]",,37 20' N 11 45' E,37 20' N 11 45' O
v11-613-0,NIPCHU,"NIPCHU, (Géogr.)​ ou Nipchen, ou Nipchou, ou Nerezin, & par les Moscovites Negovicin, ville de l’empire russien dans la Tartarie moscovite, au pays des Daouri, sur la riviere d’Ingueda, selon M. de l’Isle, mais que les Lettres édifiantes nomment Hélonkian. Ce fut à Nipchu que la paix fut signée en 1689 entre le czar & l’empereur de la Chine. Long. de Nipchu, selon les PP. Pereira & Gerbillon, est 135. 21. 30. lat. 51. 45.","[['51 45\' N 135 21\' 30"" E']]",,"51 45' N 135 21' 30"" E","51 45' N 135 21' 30"" E"
v11-64-0,NAIRN,"NAIRN, (Géog.)​ petite ville d’Ecosse, chef-lieu d’une contrée de même nom appellée communément The Sbire of Nairn. Sa capitale est à l’embouchure de la riviere de Nairn, dans la province de Murray, à 35 lieues N. O. d’Edimbourg, 111 N. O. de Londres. Long. 14. 12. lat. 57. 42. (D. J.)​","[[""57 42' N 14 12' E""]]",,57 42' N 14 12' E,57 42' N 14 12' E
v11-698-0,NOLE,"NOLE, (Géog.)​ ville ancienne d’Italie au royaume de Naples, dans la terre de Labour, avec un évêché suffragant de Naples, dont elle est à 5 lieues N. E. Long. 32. 6. lat. 40. 52.


Les Historiens & les Géographes en parlent comme d’une place forte, qui avoit été fondée par les Chalcidiens. Strabon & Tite-Live la mettent dans le Samnium. Frontin l’appelle Colonea Augusta. Elle conserve encore son ancien nom, qui étoit Nola ; mais elle a perdu sa splendeur. On peut en juger en​comparant son état présent avec la peinture qu’en fait Silius Italicus, liv. XII. v. 161.



Hinc ad chalcidicam transfert citus agmina Nolam ;
Campo Nola cedet, crebris circumdata in orbem
Turribus, & celso facilem tutatur adiri
Planitiem vallo.


Annibal l’assiégea inutilement l’an 540 de la fondation de Rome ; & ce fut aux portes de cette ville que le consul Marcellus lui présenta la bataille. Vespasien décora Nole du titre de colonie romaine.


Personne n’ignore que c’est à Nole qu’Auguste mourut, le 19 Août, âgé d’environ 76 ans, l’an 14 de J. C. & après environ 44 ans de regne, à compter depuis la victoire d’Actium, qui lui procura l’empire du monde.


Bruno (Giordano) en latin Brunus (Jordanus), étoit un homme de beaucoup d’esprit, mais qu’il employa bien mal, en attaquant les vérités les plus importantes de la foi. Son ouvrage de causâ, principio, & uno, parut à Venise, l’an 1584, in-12. Il établit dans ce traité une hypothèse toute semblable pour le fond au spinosisme. Dans ses dialogues, Del infinito universo, è mundo, imprimés à Venise dans la même année ; il soutient avec raison, ou du moins très vraissemblablement, que l’univers est infini, qu’il y a plusieurs mondes, & que le système de Copernic est le seul recevable. Il s’est étrangement égaré dans son spaccio de la Bestia trionfante, diviso in tre dialogi, stampato in Parigi 1694 in-12, & dédié au chevalier Philippe Sidney. C’est un traité d’une très-mauvaise morale, & de plus très-ridiculement digéré ; car il y expose la nature des vices & des vertus, sous l’emblème des constellations célestes chassées du firmament pour faire place à de nouveaux astérismes, qui représentent la vérité, la bonté, &c. Ses dialogues en prose & en vers, intitulés, li heroici furori, n’offrent au lecteur que de pures imaginations cabalistiques, rafinées sur celles de Raimond Lulle. Jordanus Brunus fut brûlé à Rome, l’an 1600, par jugement de l’inquisition.


Tansillo (Louis) né en 1610, s’acquit en Italie de la célébrité par ses poésies. Sa piece intitulée il Vindemiatore, le Vendangeur, fit beaucoup de bruit. Elle parut d’abord à Naples en 1534, sous le titre de stanze de gli orti delle donne ; ce sont des stances remplies de choses qui blessent la pudeur & l’honnêteté. Il tâcha de réparer cet ouvrage, par un poëme pieux, les larmes de S. Pierre, le lagrime di san Pietro ; mais la mort le surprit avant qu’il y mît la derniere main. Plusieurs autres l’ont retouché, & on l’a imprimé plusieurs fois. La meilleure édition est celle de 1600 à Venise. Ce poëme a été traduit en françois par Malherbe. Enfin, les poésies diverses de Tansillo, c’est-à-dire, ses sonnets & ses canzoni, ont été recueillis & imprimés en 1711 à Bologne ; on en fait grand cas en Italie. Le poëte Tansillo est mort juge royal à Gayette, vers l’an 1571. (D. J.)​","[[""40 52' N 32 6' E""]]",,40 52' N 32 6' E,40 52' N 32 6' E
v11-770-0,NORDHAUSEN,"NORDHAUSEN, (Géog.)​ ancienne ville impériale d’Allemagne, dans le cercle de basse-Saxe, sur le Hartz. Elle est sous la protection de l’électeur de Saxe, & suit la confession d’Ausbourg : elle a un conseil souverain, & est dans un pays fertile, à 10 lieues S. O. de Dresde. Long. 30. 42. lat. 51. 24. (D. J.)​","[[""51 24' N 30 42' E""]]",,51 24' N 30 42' E,51 24' N 30 42' E
v11-817-1,Novale,"Novale, (Géog.)​ petite ville, ou plutôt gros bourg d’Italie, entre Padoue & Trévise. Long. 29. 40. lat. 45. 35. (D. J.)​","[[""45 35' N 29 40' E""]]",,45 35' N 29 40' E,45 35' N 29 40' E
v11-85-0,NANCHANG,"NANCHANG, (Géog.)​ ville de la Chine, premiere métropole de la province de Kiangsi. Elle est renommée par le nombre des lettrés qui s’y trouvent. Long. 129. 10. lat. 29. 13.","[[""29 13' N 129 10' E""]]",,29 13' N 129 10' E,29 13' N 129 10' E
v11-878-2,Noyon,"Noyon, (Géog.)​ ville de France, dans le Vermandois, en Picardie, aujourd’hui du gouvernement de l’ile de France, avec un évêché suffragant de Reims, dont l’évêque est comte & pair de France, ayant l’honneur de porter le ceinturon & le baudrier au sacre du roi.


Cette ville est fort ancienne : elle a été nommée en latin Noviodunum, Noviomagum, Novionunum, & Noviomagus-Veromanduorum. Elle n’étoit pas fort considérable sous l’empire romain ; parce que la capitale des peuples Vermandois étoit la ville d’Auguste, aujourd’hui Saint-Quentin, située sur la Somme. Comme elle fut détruite par les Barbares, l’évêque des Vermandois se retira à Noviomagus, changé par corruption en Noviomum, Noyon. On voit par la notice de l’empire, section 35, que sur la fin du iv. siecle, ou au commement du v. Noyon étoit la demeure d’un préfet pour les Romains. Elle est dans une situation assez commode pour le commerce, & contient environ quatre mille habitans.


Les trois races des rois de France ont illustré cette ville par quelques événemens particuliers. Chilpéric II. de la premiere race, y fut enterré en 721. Charlemagne, de la seconde race, y fut selon quelques-uns couronné en 768 ; & Hugues Capet, de la troisieme, y fut élevé à la royauté en 987. François I. y conclut un traité avec Charles-Quint en 1516.


Cette ville a aussi essuyé en différens tems diverses calamites. César s’en rendit le maître. Les Normands la saccagerent dans le ix. siecle. Elle a été incendiée plusieurs fois depuis. Du tems de la ligue, elle fut prise & reprise. Enfin elle fut rendue à Henri IV. en 1594. Son commerce consiste en blé & avoine, en toiles de chanvre & de lin, & en cuirs tannés.


L’évêché des Vermandois fut transféré à Noyon sous l’épiscopat de Saint-Médard en 531. Cet évêché​est évalué à plus de 25000 liv. de revenu fixe, & le casuel en est très-considérable. On compte dans le diocèse 17 abbayes, & 450 paroisses qui sont partagées en 12 doyennés ruraux.


Noyon est bâti sur une pente douce & en bon air, à un quart-de-lieue de l’Oise, sur la riviere de Vorse, à 9 lieues N. O. de Soissons, 13 S. E. d’Amiens, 24 N. E. de Paris. Long. 20. 40. 43. lat. 49. 34. 37.


Je ne sai par quelle étoile Noyon a produit plus de gens de lettres que les autres villes de Picardie. Je pourrois nommer M. le Cat, mais il vit encore heureusement ; ainsi je ne parlerai que des morts, & je nen citerai que quelques-uns, dont cette ville est la patrie. Tels sont :


Conte (Antoine le), en latin Contius, jurisconsulte du xvj. siecle, dont Cujas faisoit beaucoup de cas, mourut en 1586. Ses œuvres ont été imprimées en un volume in-4°.


Fourcroi (Bonaventure) étoit mauvais poëte ; mais avocat célebre, quoique les ouvrages de sa profession soient aujourd’hui peu recherchés. Il mourut à Paris en 1691, dans un âge décrépit.


Masson (Innocent le), s’acquit pendant sa vie de la réputation par ses livres de piété, qui sont à présent tombés dans le plus profond oubli. Il devint général des Chartreux, & violent ennemi des Jansénistes. Il est mort en 1704, à 76 ans.


Maucroix (François), intime ami de la Fontaine, devint chanoine de Reims, & mourut en 1708, à 89 ans. Il éerivoit très-poliment, & versifioit avec aisance. Nous lui devons de bonnes traductions dans notre langue ; les Philippiques de Démosthène, l’Eutyphron, le grand Hippias, quelques Dialogues de Platon, & le Rationarium temporum du P. Petau.


Mais Noyon est bien moins connu par tous les gens de lettres que je viens de nommer, que pour avoir donné en 1509 la naissance à Calvin, cet homme si fameux par ses ouvrages, par ses disciples, & par les peuples éclairés, chez lesquels sa doctrine a été reçue dans tous les points où elle a paru conforme à celle de la primitive église.


Calvin possedoit les plus heureux dons de la nature. Il joignoit à beaucoup d’esprit une merveilleuse sagacité, une mémoire excellente, une rare érudition, une plume éloquente & facile, l’art de manier la parole, le talent supérieur d’écrire purement en latin comme en françois, un travail infatigable, qu’il ne cessoit pas même dans le tems que des maladies l’attachoient au lit, une vigueur d’esprit toujours active, un courage qui ne s’étonnoit de rien, & plus que tout cela, l’ambition d’étendre la réformation dans toute l’Europe, en France, en Suisse, en Allemagne, & jusqu’aux extrémités du nord.


Plein de ce vaste projet, il s’y dévoua dès sa jeunesse, étudiant profondément la Théologie & la Jurisprudence. Il fit connoître ce qu’il seroit un jour par la harangue qu’il suggéra au recteur de l’université de Paris, & qui excita des grandes rumeurs en Sorbonne & au Parlement. Il n’avoit que 26 ans, quand il publia son Institution chrétienne, avec une épître dédicatoire à François I. qui est une des trois préfaces qu’on admire le plus, car elle va de pair avec celle de M. de Thou & la préface du Polybe de Casaubon.


Cet ouvrage fit voler si haut la réputation de Calvin, qu’il ne tint plus qu’à lui de choisir dans les pays protestans, le lieu où il jugeroit bon de se fixer. Le hazard seul le décida pour Genève, où il acquit plus d’autorité que Luther n’en eut jamais en Saxe. Il devint le législateur spirituel de cette république ; il y dressa un formulaire de catéchisme, de confession de foi, & de discipline ecclésiastique, qui fut reçu par tout le peuple en 1541. Il mourut​ en 1564, à 55 ans. Ses travaux continuels abregerent ses jours, mais ils lui procurerent un nom célebre & un très-grand crédit.


Austere par tempérament, irréprochable dans ses mœurs, dur envers lui-même comme envers les autres, d’une frugalité & d’un desintéressement admirables, il ne laissa pour tout bien en mourant, que la valeur de cent vingt écus d’or. Mais c’étoit un homme entier dans ses sentimens, jaloux du mérite des autres, violent, emporté, dangereux quand il étoit contredit ; brûlant d’une seule passion, de l’ardeur de se signaler, & d’obtenir cet empire de la domination sur les esprits, qui flatte tant l’amour propre, & qui d’un théologien fait une espece de conquérant, comme dit M. de Voltaire. Piqué de trouver dans Servet, un adversaire plus fort que lui en raisons, il lui répondit par des injures ; passa des injures à la haine, le fit arrêter dans son voyage à Genève, & pour comble d’horreur, le fit brûler vif. Cette action barbare a souillé la mémoire de Calvin d’une tache éternelle dans l’esprit des Réformés tout autant que dans l’esprit des Catholiques.


Ce fut à Noyon que Hugues Capet se fit proclamer roi, en 987. On sait, dit l’auteur moderne de l’Histoire générale, comment ce duc de France, comte de Paris, enleva la couronne au duc Charles oncle du dernier roi, Louis V. Si les suffrages eussent été libres, le sang de Charlemagne respecté, & le droit de succession aussi sacré qu’aujourd’hui, Charles auroit été roi de France. Ce ne fut point un parlement de la nation qui le priva du droit de ses ancêtres ; ce fut ce qui fait & défait les rois, la force aidée de la prudence (D. J.)​","[['49 34\' 37"" N 20 40\' 43"" E']]",,"49 34' 37"" N 20 40' 43"" E","49 34' 37"" N 20 40' 43"" E"
v11-906-0,NUEVA-SEGOVIA,"NUEVA-SEGOVIA, (Géog.)​ ville des Indes orientales, dans la partie septentrionale de l’île de Luçon, province de Cagayan, avec un évêché, & un fort. L’alcade major de la province fait sa résidence en cette ville : elle est vers l’embouchure de la riviere de Cagayan. Long. 138. 5. lat. 18. 56. (D. J.)​","[[""18 56' N 138 5' E""]]",,18 56' N 138 5' E,18 56' N 138 5' E
v11-93-0,NANGIS,"NANGIS, (Géog.)​ petite ville de France dans la Brie, diocèse de Sens, avec titre de marquisat : elle est à 14 lieues de Paris. Long. 20. 58. lat. 48. 33.


C’est la patrie de Louis Carré, fils d’un bon laboureur. Son pere vouloit qu’il fût ecclésiastique, pour le sauver de l’indigence, mais il aima mieux tomber dans l’indigence que de se faire ecclésiastique. Le P. Mallebranche le prit pour écrire sous lui ; il devint métaphysicien, géometre, & de l’académie des Sciences. Il a donné le premier corps d’ouvrage qui ait paru sur le calcul intégral ; il est vrai qu’il y commit plusieurs fautes, mais il les reconnut sans détour. Il mourut en 1711, âgé de 48 ans ; il fit l’académie sa légataire universelle, c’est-à-dire qu’il lui laissa quelques traités qu’il avoit composés sur des sujets de Physique & de Mathématique. (D. J.)​","[[""48 33' N 20 58' E""]]",,48 33' N 20 58' E,48 33' N 20 58' E
v11-942-0,"NUREMBERG, ou NUREMBERG","NUREMBERG, ou NUREMBERG, (Géograp.)​ ville impériale d’Allemagne dans le cercle de Franconie, dont elle est la capitale.


Laissons-là les faits qui regardent l’antiquité de son origine ; ce n’est point des Nérons que cette ville tire son nom, mais plutôt des Neriques dont elle a été la métropole. Elle reçut la religion chrétienne sous le regne de Charlemagne, & elle fut soumise immédiatement à l’empire par l’empereur Louis III. Ce fut à Nuremberg que se tint, sous Othon I. la premiere diete de l’Empire, en l’année 938, sous le regne de Charles IV. c’est-à-dire, au milieu du xiv. siecle ; cette ville reçut les accroissemens qui la rendirent à-peu-près telle qu’elle est, hormis l’université, qui fut érigée en 1632. Son domaine est considérable : aussi paie-t-elle pour son mois romain 1480 florins en argent. Son gouvernement est très-sage, & ses magistrats travaillent à y faire fleurir le commerce, les sciences & les arts. On y voit un arsenal bien fourni, une riche bibliotheque & un observatoire. Il y a plusieurs manufactures d’étoffes, & on y travaille beaucoup & très-artistement, en montres, en ouvrages de cuivre, & en clinquaillerie. On y professe la religion luthérienne, & les autres y sont tolérées.


Nuremberg est située dans un terrein sabloneux sur le Fignitz, qui la coupe en deux parties, à 20 lieues N. O. de Ratisbonne, 34 N. O. de Munich, 24 N. d’Augsbourg, 100 N. O. de Vienne, & à 150 E. de Paris. Long. 28. 44. lat. 49. 25. ou plutôt la différence des méridiens entre Paris & Nuremberg est de​ 35′. 27″. dont Nuremberg est plus oriental que Paris.


Comme cette ville a toujours encouragé les sciences, il n’est pas étonnant qu’elle ait produit plusieurs gens de lettres. Je nommerai seulement les principaux.


Besler (Basile) est connu des Botanistes par le magnifique ouvrage intitulé hortus Eystetensis, Norib. 1613. 4. vol. in-fol. chartâ maximâ. Son parent Michael Rupert Besler étudia l’Anatomie, & mourut en 1661 à 54 ans. Ce dernier a mis au jour gazophylacium rerum naturæ. Lips. 1716 in fol.


Camerarius (Joachim) s’attacha à l’étude de la Médecine & de la Botanique, & publia quelques ouvrages en ce genre. Il est mort en 1598 à 64 ans.


Crellius (Jean) mort à Cracovie en 1632 à l’âge de 42 ans, a été le plus habile & le plus grand défenseur du socianianisme. Tous ses ouvrages sont extrémement recherchés.


Hansacks, cordonnier, se mit à la tête de la confrérie des poëtes artisans d’Allemagne, & publia plusieurs volumes de vers de sa façon ; mais il n’avoit pas, comme M. Adam, le génie poétique.


Hoelztin (Jérémie) professeur en grec à Leyde, succéda à Vossius, & traduisit Apollonius de Rhodes. L’édition est de 1641. Lugd. bat. ex officinâ Elzevirianâ. M. Ménage n’en parle pas avantageusement. Il mourut en 1641.


Osiander (Luc) a fait plusieurs ouvrages théologiques. Il mourut en 1604, âgé de 70 ans. Tous les Osianders se sont distingués en ce genre.


Wagenseib (Jean Chrisostome) devint professeur en histoire, en droit, & en langues orientales à Altorf, où il mourut, en 1705, à 72 ans. On recherche encoie son ouvrage intitulé tela ignea satanæ, 2 vol. in-4°.


Walther (D Michel) prédicateur, a publié dans le dernier siecle quelques ouvrages latins sur la théologie. Il mourut en 1662 à 69 ans.


Entre les artistes de Nuremberg, on peut nommer Pens & Cart (Pierre). J’ai parlé de Pens au mot Graveur. Cart se distingua dans l’Architecture : il bâtit, en 1597, le pont de pierre qu’on voit à Nuremberg sur la Pénitz. C’est un pont d’une seule arcade, qui, d’une base à l’autre porte 97 piés d’étendue, 13 seulement d’élévation, & 50 de largeur. (D. J.)​","[[""49 25' N 28 44' E""]]",,49 25' N 28 44' E,49 25' N 28 44' E
v12-1100-0,PEYRUSSE,"PEYRUSSE, (Géog. anc.)​ petite ville de France, dans le Rouergue : elle est sur une montagne, au pié de laquelle passe la petite riviere de Diege, à 4 lieues de Capdenac, 109 de Paris. Long. 18. 40. latit. 44. 36. (D. J.)​","[[""44 36' N 18 40' E""]]",,44 36' N 18 40' E,44 36' N 18 40' E
v12-1103-0,PFAFFENHOFEN,"PFAFFENHOFEN, (Géog. mod.)​ ville du bailliage d’Allemagne, dans la haute Baviere, sur l’Iln, à 12. lieues d’Ingolstad, 18. de Munich. Long. 28. 35. latit. 49. 5. (D. J.)​","[[""49 5' N 28 35' E""]]",,49 5' N 28 35' E,49 5' N 28 35' E
v12-1230-0,PHILIPPEVILLE,"PHILIPPEVILLE, (Géog. mod.)​ petite ville de France dans le Hainaut, sur une hauteur auprès des ruisseaux de Jaimagne & de Bridon, à 6 lieues N. O. de Charlemont, à 3 N. de Marienbourg, à 10 S. E. de Mons, & à 56 de Paris. Ce n’étoit autrefois qu’un bourg, nommé Corbigni, que Marie, reine d’Hongrie, sœur de Charles-Quint, fit fortifier en 1555, & qu’elle nomma Philippeville, en l’honneur de Philippe II. roi d’Espagne, son neveu. Il y a de nouvelles fortifications de la façon de M. de Vauban. Long. 22. 6. latit. 50. 10. (D. J.)​","[[""50 10' N 22 6' E""]]",,50 10' N 22 6' E,50 10' N 22 6' E
v12-1235-0,PHILIPPOPOLIS,"PHILIPPOPOLIS, (Géog. anc.)​ ville de Thrace au nord, dans les terres, & sur l’Hebrus. Elle reconnoissoit Philippe, fils d’Amyntas, pour son fondateur, ou plutôt pour son restaurateur ; & elle étoit déja célebre, lorsque la ville de Philippe, Philippi, commença à faire figure dans le monde.


Cette ville subsiste encore, & s’appelle Philippopoli, ville de la Turquie en Europe, dans la Romanie, à 24 lieues au-dessus d’Andrinople, au nord-ouest, & à 68 de Constantinople. Elle est sans murailles, & bâtie sur trois hauteurs qui, selon les apparences, lui servoient autrefois de forteresses. Elle a au ponent la Marise, qui est l’Hebrus des anciens, ​ & qui lui fournit les commodités de la vie ; elle est habitée par un petit nombre de turcs, de juifs & de chrétiens. Longit. 42. 30. latit. 42. 15. (D. J.)​","[[""42 15' N 42 30' E""]]",,42 15' N 42 30' E,42 15' N 42 30' E
v12-134-0,PASSAW,"PASSAW, (Géog. mod.)​ ancienne ville d’Allemagne dans la basse-Baviere, avec un évêché suffragant de Saltzbourg. C’est une ville impériale sous la protection de son évêque, qui est prince de l’Empire. Il s’y fit en 1552 un traité inutile pour pacifier les agitations qui troubloient alors l’Allemagne. Le duc de Baviere battit près de cette ville les Impériaux, en 1703. Elle est divisée en trois parties le long du Danube, au confluent de l’Inn & de l’Illz, qui, avec les montagnes, lui font une enceinte naturelle, sa position est à 25 lieues de Ratisbonne, 32 de Munich, 54 de Vienne. Long. 31. 9. latit. 48. 26.


L’évêché de Passaw est considérable, & doit son origine à l’ancien archevêché de Lorch, lequel étant tombé en décadence en 597, celui de Passaw fut fondé à sa place. L’évêque Jean-Dominique, comte de Lamberg, obtint en 1728, de Benoît XII. une bulle qui l’exemptoit de la jurisdiction de l’archevêque de Salzbourg, & Clément XII. confirma cette bulle en 1732. L’évêque de Passaw est seigneur temporel, & jouit environ de 40 mille écus d’Allemagne de revenu. (D. J.)​","[[""48 26' N 31 9' E""]]",,48 26' N 31 9' E,48 26' N 31 9' E
v12-1396-13,Pic de Saint-George,"Pic de Saint-George, (Géog. mod.)​ on trouve dans une des îles de l’ouest ou des Açores, auprès de l’île Fal, une montagne appellée le Pic de Saint-George, d’où l’île elle-même a pris le nom de Pico. On prétend qu’elle est aussi haute, ou peu s’en faut, que le pic de Téneriffe. Long. du Pic de Saint-George, selon Cassini, 349. 21 30. latit. 38. 35.","[['38 35\' N 349 21\' 30"" E']]",,"38 35' N 349 21' 30"" E","38 35' N 349 21' 30"" O"
v12-1396-14,Pic de Ténériffe,"Pic de Ténériffe, (Géog. mod.)​ le pic de Ténériffe, que les habitans appellent pico de Terraira, est regardé comme la plus haute montagne du monde, & on en voit en mer le sommet à 50 milles de distance.


On ne peut y monter que dans les mois de Juillet​& d’Août ; car dans les autres mois il est couvert de neige, quoiqu’on n’en voye jamais dans cette île, ni dans les îles Canaries qui en sont voisines. Son sommet paroît distinctement au-dessus des nues ; mais comme il est ordinairement couvert de neige, il n’est certainement pas au-dessus de la moyenne région de l’air. Il faut deux à trois jours pour arriver au haut de cette montagne ; son extrémité n’est pas faite en pointe, mais unie & plate : de-là on peut appercevoir distinctement par un tems serein le reste des îles Canaries, quoique quelques-unes en soient éloignées de plus de 16 lieues.


Scaliger écrit que cette montagne vomissoit autrefois des charbons enflammés, sans discontinuer : on ne sait où cet auteur a pris ce fait. Cependant il est vraissemblable que cette montagne a été autrefois brûlante : car il y a au sommet un entonnoir qui produit une sorte de terre sulphureuse, telle que, si on la roule, & qu’on en fasse une chandelle, elle brûle comme du souffre. Il y a plusieurs endroits sur les bords du Pic qui brûlent ou fument : dans d’autres, si on retourne les pierres, on y trouve attaché du soufre pur. Il y a aussi dans le fond des pierres qui sont luisantes & semblables au machefer ; ce qui vient sans doute de l’extrème chaleur du lieu d’où elles sortent. C’est ce que confirme M. Edens, qui y a fait un voyage en 1715. Voyez les Transact. philos. n°. 345. Long. du Pic de Ténériffe, selon Cassini, 2. 51. 30. latitude 28. 30. (D. J.)​","[['28 30\' N 2 51\' 30"" E']]",,"28 30' N 2 51' 30"" E","28 30' N 2 51' 30"" O"
v12-1445-0,PIENZA,"PIENZA, (Géog. mod)​ en latin Corsinianum, ville d’Italie, en Toscane, dans le Siennois, sur les confins de l’état de l’Église, entre Monte-Pulciano & San-Quirino, Long. 29. 20. lat. 43. 6.


C’est la patrie d’Enée Sylvius, en latin Æneas Sylvius, qui reçut le jour en 1405. Dès qu’il fut parvenu à la papauté, il prit le nom de Pie II. & pour illustrer le lieu de sa naissance, qui s’appelloit auparavant Corsignii, il l’érigea en ville épiscopale suffragante de Sienne ; il la fit nommer Pienza, de son nom de Pie.


Enée Sylvius étoit de l’illustre famille des Picolomini. Sa mere enceinte de lui, songea qu’elle étoit accouchée d’un enfant mitré ; & comme c’étoit alors la coutume de dégrader les clercs en leur mettant une mitre de papier sur la tête, elle crut que son fils seroit la honte de sa famille ; mais la suite justifia le contraire. Cependant les pere & mere d’Enée Sylvius étoient si pauvres, qu’il fallut que leur fils, au sortir de l’école, commençât à gagner son pain par les​bas emplois de la vie rustique. Pour son bonheur, quelques parens lui trouvant beaucoup d’esprit, se cottiserent, & l’envoyerent étudier à Sienne, où il fit bien-tôt de grands progrès dans la poésie, les belles-lettres ; la rhétorique & le droit civil.


En 1431, il alla au concile de Basle avec le cardinal de Capranica, en qualité de son secrétaire. Il se distingua tellement dans cette assemblée, qu’il devint secrétaire du concile même, dont il soutint les intérêts avec beaucoup de chaleur contre les papes, tant par ses discours que par ses écrits. Il présida souvent parmi les collateurs des bénéfices, & sa dextérité dans les affaires le fit employer en diverses ambassades, à Trente, à Constance, à Francfort, en Savoie & à Strasbourg.


En 1439, il entra au service du pape Félix V. qui le députa à la cour de l’empereur Frédéric ; ce prince fut si content de lui, qu’il l’honora de la couronne poëtique, le fit son secrétaire & son conseiller. L’empereur ayant insensiblement épousé les intérêts du pape Eugene, Enée Sylvius suivit son exemple, & fut envoyé vers ce pape, duquel il eut une audience favorable, & tant d’accueils de confiance, qu’il le nomma son légat apostolique en Allemagne.


Après la mort d’Eugene, les cardinaux le choisirent pour être protecteur du conclave jusqu’à l’élection d’un nouveau pape. Nicolas V. le fit évêque de Trieste, quatre ans après archevêque de Sienne, & légat en Bohême & en Autriche. Vers l’an 1456 Callixte III. le nomma cardinal, à la sollicitation de l’empereur ; & après la mort de ce pape arrivée en 1458, Enée lui succéda sous le nom de Pie II.


On conçut de grandes espérances de son pontificat, tant à cause de son savoir, qu’en vertu de ses promesses qu’il prendroit des mesures pour la réformation de l’Eglise ; mais il trompa sur ce point l’attente de la chrétienté ; car il rétracta par une bulle tout ce qu’il avoit écrit en faveur du concile de Basle, & justifia combien sa condition présente avoit changé ses sentimens : « Faites plus de cas, dit-il, dans sa bulle adressée à l’université de Cologne, d’un souverain pontife, que d’un particulier : recusez Enée Sylvius », & recevez Pie II.


Il se conduisit en même-tems avec beaucoup de vigueur, & chassa plusieurs tyrans de l’état ecclésiastique. Il confirma le royaume de Naples à Ferdinand, & le fit couronner par le cardinal Ursin. Il excommunia Sigismond duc d’Autriche, pour avoir emprisonné le cardinal de Cusa ; & interdit Sigismond Malatesta parce qu’il refusoit de payer les redevances à l’Eglise. Il priva l’archevêque de Mayence de sa place ; fit un traité avec le roi d’Hongrie, & cita Podiebrad roi de Bohême, à comparoître devant lui. Il prit soin en même tems d’embellir Rome de magnifiques édifices, & fit voler son nom jusqu’en orient, d’où il reçut des ambassadeurs de la part des patriarches d’Antioche, d’Alexandrie & de Jérusalem. Il envoya de son côté une ambassade à Louis XI. roi de France pour l’engager à abolir la pragmatique sanctson, à quoi ce prince consentit avec plaisir.


Enfin Pie II. fit de grands préparatifs pour porter la guerre contre les Turcs ; il réclama fortement le secours des princes chrétiens ; & ayant rassemblé une armée considérable de croisés, il se rendit à Ancône pour s’y embarquer, & conduire lui-même cette armée contre les Infideles. Mais étant prêt du départ, il fut attaqué d’une violente fievre continue, & mourut le 14 d’Août 1464, dans sa cinquante-neuvieme année. Quand il sentit sa fin approcher, il demanda les derniers sacremens ; mais on se trouva d’avis différens sur ce point : comme il avoit déja reçu l’Extrème Onction à Basle, lorsqu’il y fut attaqué de la peste, Laurent Roverella évêque de Ferrare, qui passoit pour un habile théologien, soutint​ qu’il ne pouvoit pas recevoir ce sacrement une seconde fois ; cependant comme le pape ne voulut pas se rendre à cet avis, il se fit donner l’Extrème-Onction & l’Eucharistie, & decéda peu de tems après, ayant occupé le siege de Rome environ sept ans.


Sponde dit qu’il ne cédoit à personne en éloquence & en dextérité ; & qu’il aimoit si passionnément à écrire, que même dans ses attaques de goutte il ne pouvoit guere s’en abstenir. Platine rapporte qu’il répétoit assez souvent que s’il y avoit quelques bonnes raisons d’interdire le mariage aux prêtres, il y en avoit de beaucoup meilleures pour le leur permettre. On dit aussi qu’il avoit enfin connu l’inutilité des grands mouvemens qu’il se donnoit pour la guerre contre les Turcs ; mais que comme il craignoit les railleries du public, son dessein étoit de se rendre seulement à Brindes, d’y passer l’hiver, de retourner ensuite à Rome, & de rejetter la faute du mauvais succès de cette croisade sur les princes qui n’avoient pas voulu le seconder vigoureusement. Quoi qu’il en soit, sa mort prévint tous les embarras dans lesquels il s’étoit jetté.


Jean Gobelin, son sécretaire, a publié une histoire de sa vie, que l’on soupçonne avec raison avoir été composée par ce pape lui-même. Elle a été imprimée à Rome, in-4°. en 1584 & 1589, & à Francfort, in-fol. en 1614. Nous avons plusieurs éditions des œuvres d’Enée Sylvius. La premiere a paru à Basle, in-fol. en 1551, & la derniere beaucoup préférable, a été faite à Hemlstad en 1700, in-fol. avec la vie de l’auteur au commencement.


Il avoit écrit avant que d’être élevé au pontificat deux livres de mémoires de ce qui s’est passé au concile de Basle, Commentarium de gestis concilii Basiliensis, lib. II. Ces mémoires intéressans, parce qu’ils renferment des négociations & des faits, ont été imprimés dans le Fasciculus rerum expetundarum de Grotius, à Colog. en 1535, & ensuite à Basle en 1577, in-8°.


Enée Sylvius a fait encore d’autres ouvrages dont ou trouvera le détail que nous n’insérerons point ici, dans le supplément à l’histoire littéraire du docteur Cave, par M. Henri Wharton. Ce savant a oublié l’histoire de Frédéric III. Historia rerum Frederici imperatoris, d’Enée Sylvius ; elle a paru à Strasbourg par les soins de Kulpisius en 1685, in fol. Mais en lisant cet ouvrage, il faut se rappeller que l’auteur étoit redevable de sa fortune à Frédéric dans le tems qu’il y travailloit, outre qu’il lui a été constamment attaché jusqu’à la mort. Il a aussi traduit d’italien en latin un traité de la fin tragique des amours de Guiscard & de Sigismonde, fille de Tancrede, prince de Salerne. Cette histoire fausse ou véritable a été parfaitement bien tournée par Dryden dans ses fables en anglois.


Le recueil des lettres du pape Pie II. au nombre de 432, a été imprimé à Nuremberg en 1481, à Louvain en 1483, à Lyon en 1497, & ailleurs. Entre plusieurs lettres qui roulent sur des questions de théologie & de discipline ecclésiastique, on en voit quelques-unes dont les titres sont amusans. Par exemple, la cviij. Songe sur la fortune ; la iij. Louanges de la Poésie ; la clxvj. La misere des Courtisans. J’oubliois la cxiv. Histoire des amours d’Euriale & de Lucrece. Mais la plus curieuse de toutes, est assurément la lettre xv. du liv. I. à son pere, au sujet d’un fils qu’il eut d’une angloise à Strasbourg, dans le tems d’une de ses ambassades dans cette ville, & apparemment après qu’il eut été couronné poëte par l’empereur Frédéric en 1439. Voici la traduction de cette lettre.


« Le poëte Enée Sylvius à Sylvius son pere. Vous me marquez, que vous ne savez si vous devez vous réjouir, ou vous affliger, de ce que Dieu m’a donné un fils. Pour moi, je n’y trouve que des sujets de joie, & aucun de tristesse ; car quel​plus grand plaisir y a-t-il dans la vie, que de procréer un autre soi-même, de perpétuer sa famille, & de laisser, à sa mort, un enfant qui nous survive ? Quoi de plus agréable que de se voir des petits-fils ? Je rends graces à Dieu de ce que mon enfant est un garçon, parce que ce petit drôle pourra vous divertir, vous & ma mere, & vous donner en mon absence, des consolations & des secours. Si ma naissance vous a causé quelque joie, celle de cet enfant ne vous fera-t-elle pas plaisir ? C’est mon image dans ses traits. Ne serez-vous pas charmé de le voir vous obéir, vous embrasser, & vous faire de petites caresses ?


» Vous êtes affligé, me dites-vous, de ce que cet enfant est le fruit d’un commerce illégitime. Je ne puis concevoir, Monsieur, quelle opinion vous avez prise de moi. Il est certain que vous, qui êtes de chair & d’os, ne m’avez pas fait d’un tempérament insensible. Vous savez bien en conscience quel galant vous étiez ! Pour moi je ne me trouve ni eunuque, ni impuissant. Je ne suis pas non plus assez hypocrite pour vouloir paroître homme de bien sans l’être réellement. Je confesse ma faute, parce que je ne suis ni plus saint que David, ni plus sage que Salomon ; mais ce genre de faute est aussi commun que d’ancienne date. C’est un mal fort général, si c’est un mal de faire usage des facultés naturelles, & s’il est juste de blâmer un penchant que la nature, qui ne fait rien sans dessein, a mis dans toutes les créatures pour pourvoir à la conservation des especes.


» Vous répondrez sans doute que ce penchant est est seulement légitime lorsqu’il est renfermé dans de certaines bornes, & que l’on ne doit jamais s’y livrer qu’en vertu des nœuds du mariage. J’en conviens ; & cependant on ne laisse pas de pécher fréquemment dans l’état même du mariage. Il y a une certaine regle pour manger, boire & parler ; mais où est l’homme qui l’observe ? où est le juste qui ne tombe sept fois le jour ? J’espere donc ma grace de la miséricorde de Dieu, qui sait que nous sommes sujets à bien des chutes. L’Etre suprème ne me fermera pas la source du pardon qui est ouverte à tous. Mais en voilà assez sur cet article.


» Puisque vous me demandez ensuite quelles raisons j’ai de croire que cet enfant est à moi, je vais vous le dire, en vous mettant au fait de mes amours ; car il est bon que vous soyez assuré que cet aimable fils n’est pas d’un autre pere. Il n’y a pas encore deux ans que j’étois ambassadeur à Strasbourg : pendant le séjour que j’y fis, & dans le tems que je me trouvois désœuvré, il vint loger dans l’hôtel une jeune dame angloise. Elle possédoit parfaitement la langue italienne. Elle m’adressa la parole en dialecte toscan pour quelque chose dont elle avoit besoin ; ce qui me fit d’autant plus de plaisir, que rien n’est plus rare dans ce pays-là que d’entendre parler notre langue à quelqu’un. Je fus d’ailleurs enchanté de l’esprit, de la figure, des graces & du caractere de cette belle femme ; & je me rappellai que Cléopatre avoit gagné le cœur d’Antoine & de Jules-César par les charmes de sa conversation. Je me dis à moi-même : qui me blâmera de faire ce que les grands hommes n’ont pas trouvé au-dessous d’eux ? Je songeois tantôt à l’exemple de Moïse, tantôt à celui d’Aristote, tantôt à celui de S. Augustin & autres grands personnages du Christianisme. En un mot, la passion l’emporta : je devins fou de cette charmante angloise. Je lui déclarai mon amour dans les termes les plus tendres ; mais elle résista toujours à toutes mes sollicitations, semblable à un roc contre lequel les flots de la mer viennent se briser.


» Elle avoit une petite fille de cinq ans, qui étoit​ fortement recommandée à notre hôte par Milinthe, pere de l’enfant ; & elle craignoit que si cet hôte s’appercevoit de notre intrigue, il ne la mît avec cette jeune fille hors de sa maison. Enfin, la nuit avant son départ, n’ayant encore rien obtenu de ses bonnes graces, & ne voulant pas perdre ma proie, je la priai de ne point fermer cette seule nuit sa porte en-dedans, ayant des choses importantes à lui communiquer. Elle me refusa cette demande, & ne me laissa pas l’ombre d’espérance. J’insistai ; elle persista dans son refus, & s’alla coucher. Au milieu du désordre de mes réflexions, je me rappellai l’histoire du florentin Zima, & je m’imaginai qu’elle pourroit peut-être faire comme sa maîtresse. Je pris donc le parti de tenter l’aventure. Quand tout fut tranquille dans la maison, je montai dans la chambre de ma belle maîtresse, que je trouvai fermée, mais par bonheur sans verrouil. Je l’ouvris, j’entrai ; j’obtins l’accomplissement de mes vœux, & c’est de-là que vient mon fils.


» Du milieu de Février jusqu’au milieu de Novembre, il y a précisément le nombre de mois qu’on compte depuis le tems de la conception jusqu’à l’accouchement. C’est ce que la mere, qu’on nom- Elisabeth, femme riche, incapable de mentir, & de chercher à m’en imposer, me dit elle-même à Basle, & c’est ce dont elle m’assure encore aujourd’hui en toute vérité, sans aucun intérêt, sans m’avoir jamais demandé de l’argent, & sans espoir d’en tirer actuellement de moi. Je n’ai point obtenu ses faveurs par des présens, mais par la persevérance de mon amour. Enfin puisque pour ma conviction, toutes les circonstances du tems & des lieux jointes au caractere de cette dame, se réunissent ensemble, je ne doute point que l’enfant ne soit à moi. Je vous supplie aussi de le regarder sûrement comme tel, de le recevoir dans votre maison, & de le bien élever jusqu’à ce que je puisse le prendre sous ma conduite, & le rendre digne de vous ».


L’histoire ne nous apprend point ce que ce fils est devenu ; mais s’il a vécu jusqu’à la mort de Pie II. l’on ne doit pas douter que ce pere qui l’aimoit avec tendresse, & qui se félicitoit si hautement de sa naissance, ne l’ait comblé de biens, d’honneurs & de dignités ecclésiastiques. (Le Chevalier de Jaucourt.)​","[[""43 6' N 29 20' E""]]",,43 6' N 29 20' E,43 6' N 29 20' E
v12-1512-0,PILSEN,"PILSEN, (Géog. mod.)​ ville de Bohème, capitale du cercle de même nom, sur les frontieres du Haut Palatinat de Baviere, entre les rivieres de Misa & de Watta, à 20 lieues d’Egra, & à 19 de Prague. Elle est défendue par des tours & de bons bastions ; aussi a-t-elle été souvent prise & reprise dans les guerres de Bohème. Long. 31. 18. lat. 49. 45.


Dubraw, en latin Dubravius (Jean) nâquit à Pilsen, & se fit estimer dans le seizieme siecle par une histoire de Boheme en XXXIII livres qu’il publia en 1551, & dont la meilleure édition est de Francfort en 1688. Dubraw mourut évêque d’Olmutz en 1553. (D. J.)​​","[[""49 45' N 31 18' E""]]",,49 45' N 31 18' E,49 45' N 31 18' E
v12-1563-0,PINSKO ou PINSK,"PINSKO ou PINSK, (Géog. mod.)​ ville ruinée du grand duché de Lithuanie, chef-lieu d’un territoire, & sur la riviere du même nom. Long. 44. 26. latit. 51. 56.","[[""51 56' N 44 26' E""]]",,51 56' N 44 26' E,51 56' N 44 26' E
v12-1584-1,Piperno ou Priverno-novello,"Piperno ou Priverno-novello, (Géog. mod.)​ petite ville d’Italie dans la campagne de Rome, à 7 milles de Terracine ; son évêché, à cause de sa pauvreté, a été réuni à celui de cette derniere ville. Piperno est voisine des ruines de l’ancien Privernum. Long. 30. 46. latit. 41. 21, &c.","[[""41 21' N 30 46' E""]]",,41 21' N 30 46' E,41 21' N 30 46' E
v12-16-0,PARNAU ou PERNAU,"PARNAU ou PERNAU, (Géog. mod.)​ petite ville de l’empire Russien, dans la Livonie ; elle a été prise & reprise autrefois par les Suédois, les Polonois & les Moscovites. Elle est près de l’embouchure de la petite riviere de Parnau ou Pernau, à 10 lieues S. O. de Revel, 32 N. E. de Riga. Long. 42. 2. lat. 58. 26.","[[""58 26' N 42 2' E""]]",,58 26' N 42 2' E,58 26' N 42 2' E
v12-1656-0,PISTOIE,"PISTOIE, (Géog. mod.)​ en latin Pistoria, ville d’Italie, dans la Toscane, avec un évêché suffragant de Florence. Elle est munie de bastions sans garnison. C’étoit autrefois une république qui perdit sa liberté en même tems que Pise. Ses belles rues sont sans habitans. Sa situation est au pié de l’Apennin, proche la riviere de Stella, dans un des plus beaux quartiers de la Toscane, à 30 milles N. E. de Pise, entre Lucques & Florence, à 21 milles de chacune de ces deux villes. Long. 28. 30. lat. 43. 55.


Elle a donné la naissance à quelques hommes dont je dois dire un mot.


Bracciolini, (François) poëte que le pape Urbain VIII. combla d’honnêtetés. On ne conçoit pas combien grande étoit, je ne dis pas l’excellence, mais la fécondité de sa veine. Pour en citer un exemple, son poëme de la Croix reconquise contient trente-cinq chants ; celui de la Rochelle prise par Louis XIII. en a vingt, & l’élection du pape Urbain VIII. vingt-trois. Ce poëte est mort âgé de plus de 80. ans.


Sinus, jurisconsulte, estimé au xiv. siecle, cultiva les muses, & fut un des premiers qui donna des​agrémens à la poésie lyrique toscane. Pétrarque ne fit pas difficulté de profiter de ses pensées. Il mourut en 1336.


Clément IX. auparavant nommé Julio Rospigliosi naquit à Pistoie en 1599, & mourut de déplaisir l’an 1669, de la perte de Candie ; tant il avoit à cœur que cette île ne tombât pas entre les mains des Infideles. (D. J.)​","[[""43 55' N 28 30' E""]]",,43 55' N 28 30' E,43 55' N 28 30' E
v12-176-0,PASSIGNIANO,"PASSIGNIANO, (Géog. mod.)​ petite ville d’Italie dans le Pérugin, sur le lac de Pérugia. Long. 29. 50. lat. 43. 12.","[[""43 12' N 29 50' E""]]",,43 12' N 29 50' E,43 12' N 29 50' E
v12-1887-0,PLIMOUTH,"PLIMOUTH, (Géog. mod.)​ ville de l’Angleterre, dans le Dévonshire, sur la côte méridionale, à l’embouchure du Plim qui lui donne son nom, à 96 milles au sud-ouest de Londres. Son port est un des​meilleurs & des plus frequentés de tout le royaume. Il est défendu par trois forts & une citadelle. Le chevalier Drake partit de ce port en 1577, pour faire le tour du monde. Cette ville a titre de comté, & envoie deux députés au parlemennt. Long. 13. 30. latit. 50. 22.


Glanvill (Joseph) savant & spirituel écrivain du xvij. siecle, naquit à Plimouth, & fit des ouvrages très-estimables. Il publia en 1661 un livre intitulé la vanité des Décisions, prouvée par l’imperfection de nos connoissances. Il joignit à ce discours quelques réflexions contre le péripatetisme, & une apologie pour la Philosophie. L’année suivante il mit au jour son livre intitulé Lux orientalis, ou Recherches sur l’opinion des sages de l’orient, touchant la préexistence des ames. En 1665, parut un autre de ses ouvrages sous le titre de Scepsis scientifica, London, 1665, in-4°. En 1666 il donna son Plus ultra, ou les progrès des Sciences depuis le tems d’Aristote. Il prouve dans cet ouvrage que les deux principales voies d’avancer les sciences, sont 1°, d’augmenter l’histoire des faits ; 2°, de multiplier le commerce & la communication des connoissances. En 1670 il mit au jour une brochure rare & précieuse, intitulée Eloge & Défense de la raison en matiere de religion ; contre l’incredulité, le scepticisme & le fanatisme de toutes les especes. L’année suivante 1671, parut sa Philosophia pia, ou discours sur le caractere & sur le but naturel de la Philosophie expérimentale, cultivée par la société royale, in-8°. Ces divers ouvrages & quelques autres du même auteur, mériteroient d’être recueillis en un seul corps. Il y regne du génie, du savoir, une imagination vive, belle & agréable, outre que l’auteur possédoit parfaitement sa langue, & qu’il est le premier qui a établi que la religion chrétienne est fondée sur la raison. Il mourut en 1680, à l’âge de 44 ans. Son article est très-instructif dans le dictionnaire de M. de Chaufepié. (D. J.)​","[[""50 22' N 13 30' E""]]",,50 22' N 13 30' E,50 22' N 13 30' O
v12-193-0,PASTRANA,"PASTRANA, (Géog. mod.)​ petite ville d’Espagne dans la nouvelle Castille, avec titre de duché, sur le Tage. Long. 15. 4. lat. 40. 26.","[[""40 26' N 15 4' E""]]",,40 26' N 15 4' E,40 26' N 15 4' O
v12-2047-0,POISSY,"POISSY (Géog. mod.)​ petite ville de l’île de France, au bord de la forêt de Saint-Germain, sur la rive gauche de la Seine, à une lieue au-dessous du confluent de l’Oyse avec la Seine. Il y a un monastere de religieuses de S. Dominique, que Philippe-le-Bel commença, & qui fut achevé par Philippe de Valois en 1330 ; mais le feu du ciel tomba sur l’église en 1695, & consuma la pyramide revêtue de plomb, qui avoit quarante-cinq toises de haut. Il y a encore à Poissy une collégiale, une paroisse, un couvent de Capucins, un d’Urselines, & un hôpital.


Cette ville, où se tient aujourd’hui un gros marché de bestiaux pour l’approvisionnement de Paris, est connue dans l’histoire par l’assemblée de Catholiques & de Protestans qui y fut convoquée en 1561, & où se rendirent Charles IX. Catherine de Medicis sa mere, & toute la famille royale. Cette assemblée appellée le colloque de Poissy, n’eut aucun succès ; la vanité du cardinal de Lorraine qui comptoit y briller, fut la seule cause qui procura cette assemblée, & Théodore de Beze s’y distingua en portant la parole pour les Protestans. Long. de Poilly 19. 40. lat. 48. 56.


Ce lieu qui est fort ancien se nomme en latin Pinciacum, comme il est marqué dans les chartres & dans les capitulaires des rois. Le pays des environs s’appelle pagus Pinciacensis, & en françois le Pincerais ; nos anciens rois ont quelquefois demeuré à Poissy, & y avoient un château dès le tems même que celui de Sain-Germain-en-Laye fut bâti.


Louis IX. y naquit le 25 Avril 1215. Il a été un des plus grands hommes & des plus singuliers, dit le pere Daniel. « En effet, ajoute M. Henault, ce prince d’une valeur éprouvée, n’étoit courageux que pour de grands intérêts. Il falloit que des objets puissans, la justice, ou l’amour de son peuple, excitassent son ame, qui hors de-là sembloit foible, simple & timide ; c’est ce qui faisoit qu’on le voyoit donner des exemples du plus grand courage, quand il combattoit les rebelles, les ennemis de son état, ou les infideles ; c’est ce qui faisoit que tout pieux qu’il étoit, il savoit résister aux entreprises des papes & des évêques, quand il pouvoit craindre qu’elles n’excitassent des troubles dans son royaume ; c’est ce qui faisoit que sur l’administration de la justice, il étoit d’une exactitude digne d’admiration ; mais quand il étoit rendu à lui-même, quand il n’étoit plus que particulier, alors ses domestiques devenoient ses maîtres, sa mere lui commandoit, & les pratiques de la dévotion la plus simple remplissoient ses journées ; à la vérité, toutes ces pratiques étoient annoblies par les vertus solides​ jamais démenties, qui formerent son caractere ».


Le lecteur sera bien aise de trouver encore ici la peinture que M. de Voltaire a faite de ce prince, & de ses actions.


Il paroissoit, dit-il, destiné à rendre la France triomphante & policée, & à être en tout le modele des hommes. Sa piété, qui étoit celle d’un anachorete, ne lui ôta aucune vertu de roi ; sa libéralité ne déroba rien à une sage économie ; il sut accorder une politique profonde avec une justice exacte ; prudent & ferme dans le conseil, intrépide dans les combats sans être emporté, compatissant comme s’il n’avoit jamais été que malheureux ; il n’est pas donné à l’homme de porter plus loin la vertu.


Conjointement avec la régente sa mere qui savoit regner, il modéra la puissance de la jurisdiction trop étendue des ecclésiastiques : distinguant sagement entre les lois civiles auxquelles tout doit être soumis, & les lois de l’Eglise, dont l’empire doit ne s’étendre que sur les consciences, il ne laissa pas plier les lois du royaume sous l’abus des excommunications. Ayant dès le commencement de son administration, contenu les prétentions des évêques & des laïcs dans leurs bornes, Il avoit réprimé les factions de la Bretagne ; il avoit gardé une neutralité prudente entre les emportemens de Grégoire IX. & les vengeances de Fréderic II.


Son domaine déjà fort grand, s’accrut de plusieurs terres qu’il acheta. Les rois de France avoient alors pour revenus leurs biens propres, & non ceux des peuples ; leur grandeur dépendoit d’une économie bien entendue, comme celle d’un seigneur particulier.


Cette administration le mit en état de lever de fortes armées contre le roi d’Angleterre Henri III. & contre des vassaux de France unis avec l’Angleterre. Henri III. moins riche, moins obéi de ses Anglois, n’eut ni d’aussi bonnes troupes, ni d’aussi-tôt prêtes. Louis le battit deux fois, & sur-tout à la journée de Taillebourg en Poitou en 1241. Cette guerre fut suivie d’une paix utile, dont Henri III. paya les frais, & les vassaux de France rentrés dans leurs devoirs, n’en sortirent plus. Quand on songe que Louis IX. n’avoit pas vingt-quatre ans lorsqu’il se conduisit ainsi, & que son caractere étoit fort au-dessus de sa fortune, on voit ce qu’il eût fait, s’il fût demeuré dans sa patrie, & on gémit que la France ait été si malheureuse par ces vertus mêmes qui devoient faire son bonheur.


L’an 1244, Louis attaqué d’une maladie violente, crut, dit-on, dans une létargie, entendre une voix qui lui ordonnoit de prendre la croix contre les infideles. A peine put-il parler qu’il fit vœu de se croiser. La reine sa mere, la reine sa femme, son conseil, tout ce qui l’approchoit, sentit le danger de ce vœu funeste, l’évêque de Paris même lui en représenta les conséquences ; mais Louis regardoit ce vœu comme un lien sacré, qu’il n’étoit pas permis aux hommes de dénouer. Il prépara pendant quatre années son expédition ; enfin laissant à sa mere le gouvernement du royaume, il partit avec sa femme & ses trois freres, que suivirent aussi leurs épouses, & presque toute la chevalerie de France l accompagna. La flotte qui portoit tant de princes & de soldats, sortit de Marseille, & d’Aiguemortes, qui n’est plus un port aujourd’hui.


Si la fureur des croisades & la religion des sermens avoient permis à Louis d’écouter la raison, non-seulement il eût vû le mal qu’il faisoit à son pays en l’appauvrissant & le dépeuplant, mais il eût vû encore l’injustice de cet armement qui lui paroissoit si juste. Il mouilla dans l’île de Chypre, & aborda en Egypte, où après la mort de son frere, Robert d’Artois, il fut pris par le soudan d’Egypte en 1250​avec ses deux autres freres, & leur rançon coûta huit cens mille besans.


Saint Louis délivré de captivité, revint dans sa patrie, pour former une croisade nouvelle. Pendant son séjour en France il augmenta ses domaines de l’acquisition de Namur, de Péronne, d’Avranches, de Mortagne, du Perche. Il pouvoit ôter aux rois d’Angleterre tout ce qu’ils possédoient dans ce royaume, les querelles d’Henri III. & de ses barons lui en facilitoient les moyens ; mais il préféra la justice à l’usurpation. Il les laissa jouir de la Guienne, du Périgord, du Limousin, & se contenta de les faire renoncer pour jamais à la Touraine, au Poitou, & à la Normandie, réunis à la couronne par Philippe-Auguste ; ainsi la paix fut affermie.


Il établit le premier la justice de ressort ; & les sujets opprimés par les sentences arbitraires des juges des baronnies commencerent à pouvoir porter leurs plaintes à quatre grands bailliages royaux, créés pour les écouter. Sous lui des lettrés commencerent à être admis aux séances des parlemens, dans lesquels des chevaliers, qui rarement savoient lire, décidoient de la fortune des citoyens. Il joignit à la piété d’un religieux la fermeté éclairée d’un roi, en réprimant les entreprises de la cour de Rome, par cette fameuse pragmatique, qui conserve les anciens droits de l’Eglise, nommés libertés de l’église gallicane.


Treize ans de sa présence réparoient en France tout ce que son absence avoit ruiné, lorsque sa passion pour les croisades l’entraîna. Il partit une seconde fois, non du côté de la Palestine ni du côté de l’Egypte, mais il fit cingler sa flotte vers Tunis, où il fut bien-tôt assiégé lui-même par les Maures. Les maladies que l’intempérance de ses sujets transplantés, & le changement de climats, avoient attirées dans son camp en Egypte, désolerent son camp de Carthage. Un de ses fils, né à Damiette pendant la captivité, mourut de cette espece de contagion devant Tunis. Enfin le roi en fut attaqué ; il se fit étendre sur la cendre, & expira le 25 Août 1270, à l’âge de cinquante-six ans, avec la piété d’un religieux, & le courage d’un grand homme. Ce n’est pas un des moindres exemples des jeux de la fortune, que les ruines de Carthage aient vû mourir un roi chrétien qui venoit combattre des Musulmans, dans un lieu où Didon avoit apporté les dieux des Syriens.


Joinville, Mrs de la Chaise & de Choisi, ont écrit la vie de saint Louis, car Boniface VIII. canonisa ce prince à Orviete le 11 Août 1297. Il le méritoit par sa foi, qui étoit si grande, dit M. Bossuet, qu’on auroit cru qu’il voyoit plutôt les mysteres divins qu’il ne les croyoit.


Je ne connois qu’un homme de lettres né à Poissy, c’est Mercier (Nicolas), qui mourut à Paris en 1656. On a de lui un manuel des Grammairiens imprimé plusieurs fois, & un traité latin de l’Epigramme, ouvrage estimé, dont Baillet a eu tort de faire honneur a M. le Venier, puisque celui-ci a comblé l’auteur d’éloges, & que Mercier, qui étoit très en état de composer un pareil ouvrage, étoit incapable de s’en attribuer un qui ne fût pas de lui. (D. J.)​","[[""48 56' N 19 40' E""]]",,48 56' N 19 40' E,48 56' N 19 40' E
v12-2093-0,POLIGNANO,"POLIGNANO, (Géog. mod.)​ en latin Polinianum & Pulianum ; petite ville d’Italie, au royaume de Naples, dans la terre de Bari, sur le golfe de Venise, où elle avoit un port qui fut comblé par les Vénitiens ; elle est à 8 milles au sud-est de Bari, dont son évêché établi au douzieme siecle, est suffragant. Long. 34. 50. lat. 40. 55.","[[""40 55' N 34 50' E""]]",,40 55' N 34 50' E,40 55' N 34 50' E
v12-240-0,PATI,"PATI, (Géog. mod.)​ petite ville de Sicile, dans le golfe de même nom, avec un évêché suffragant de Messine, & un port. Elle fut bâtie par le comte Roger, après la défaite des Sarrasins. Long. 32. 50. lat. 38. 12.","[[""38 12' N 32 50' E""]]",,38 12' N 32 50' E,38 12' N 32 50' E
v12-252-1,Patna,"Patna, (Géog. mod.)​ ville des Indes, près du bord oriental du Gange, capitale de la province de son nom, dans les états du grand-mogol. Les Hollandois y ont une loge, & la compagnie des Indes un comptoir, qui dépend de celui de Chandernagor. Long. 103. 15. latit. 25. 55. (D. J.)​","[[""25 55' N 103 15' E""]]",,25 55' N 103 15' E,25 55' N 103 15' E
v12-257-0,PATRAS,"PATRAS, (Geog. mod.)​ ville de la Morée, dans le duché de Clarence, avec un archevêque grec. Les Turcs l’appellent Badra ou Balabatra. Elle a été bâtie en partie sur les ruines de l’ancienne Patræ. Aux beaux temples de Cybele & d’Atys, de Diane, de Minerve Panachaïde, d’Apollon, de Vénus & de Bacchus Calydonien, ont succédé de chétives mosquées, de pauvres églises greques, & des synagogues de juifs qui font tout le commerce de cette ville.


Les Vénitiens la prirent en 1687, & la nommerent Néopatria. Ils l’ont gardée jusqu’en 1716. L’air en est malsain, mais les jardins de Patras abondent en grenades, en citrons & en oranges excellentes. Elle est près de la mer, à 8 lieues S. O. de Lépante, 34 N. O. de Misitra. Long. 39. 32. latit. 38. 20.


Chilon, célebre athlete, né à Patras, gagna deux couronnes aux jeux olympiques, une dans les Delphiques, quatre dans les Isthmiens, & trois dans les Néméens. Il fut tué dans une bataille, comme le marque son épitaphe rapportée par Pausanias. Ce fut, selon cet auteur, du tems de Lysippe qui fit la statue de Chilon, c’est-à-dire dans la bataille de Chéronée contre Philippe roi de Macédoine, où les Achéens furent défaits avec les autres Grecs, la troisieme année de la cx. olympiade, & 338 ans avant Jesus-Christ. (D. J.)​","[[""38 20' N 39 32' E""]]",,38 20' N 39 32' E,38 20' N 39 32' E
v12-258-0,PATRIA,"PATRIA, (Géog. mod.)​ petite ville ou bourg de la Campanie, dans le royaume de Naples, au sud du lac qu’on nomme Lago di Patria, en latin Linterna palus, par où le Clanio (le Clanis des Latins) vulgairement appellé l’Agno, se décharge dans la mer Tyrrhénienne. Long. 31. 36. latit. 40. 51.


Au Nord de l’embouchure du Clanio étoit l’ancienne Linternum, & conséquemment le tombeau du grand Scipion, sur lequel on a bâti la tour qu’on nomma torre di Patria. J’ai donné l’origine curieuse de ce nom bisarre, en parlant de Linternum. Voyez Linternum. (D. J.)​","[[""40 51' N 31 36' E""]]",,40 51' N 31 36' E,40 51' N 31 36' E
v12-293-0,PAU,"PAU, (Géog. mod.)​ ville de France, regardée comme capitale du Béarn, avec un parlement, une chambre des comptes, & une cour des aides, unies au parlement, une sénéchaussée, un hôtel des monnoies. Elle est sur une hauteur, au pié de laquelle passe le Gave béarnois, à 10 lieues O. de Tarbes,​12 S. d’Aire, 39 S. de Bordeaux, 167 S. O. de Paris. Long. suivant Cassini, 17d22′30″. lat. 43d15′.


Henri IV. naquit à Pau, le 13 Décembre 1553, dans le château qui est au bout de la ville. « La France n’a point eu de meilleur ni de plus grand roi ; il unit aux sentimens les plus élevés une simplicité de mœurs charmante, & à un courage de soldat, un fond d’humanité inépuisable. Il rencontra ce qui forme & ce qui déclare les grands hommes, des obstacles à vaincre, des périls à essuyer, & sur-tout des adversaires dignes de lui. Enfin, comme l’a dit un de nos plus grands poëtes, il fut de ses sujets le vainqueur & le pere ».


Il ne faut pas lire la vie de ce monarque dans le P. Daniel, qui ne dit rien de tout le bien qu’il fit à la patrie ; mais pour l’exemple des rois, & pour la consolation des peuples, il importe de lire ce qui concerne les tems de ce bon prince, dans la grande histoire de Mézerai, dans Péréfixe, & dans les mémoires de Sully. Le précis que M. de Voltaire en a fait dans son histoire générale, est aussi trop intéressant pour n’en pas transcrire quelques particularités.


Henri IV. dès son enfance, fut nourri dans les troubles & dans les malheurs. Il se trouva à 14 ans à la bataille de Moncontour ; rappellé à Paris, il n’épousa la sœur de Charles IX. que pour voir ses amis assassinés autour de lui, pour courir lui-même risque de sa vie, & pour rester près de trois ans prisonnier d’état. Il ne sortit de sa prison que pour essuyer toutes les fatigues & toutes les fortunes de la guerre. Manquant souvent du nécessaire, s’exposant comme le plus hardi soldat, faisant des actions qui ne paroissent pas croyables, & qui ne le deviennent que parce qu’il les a répétées ; comme lorsqu’à la prise de Cahors en 1599, il fut sous les armes pendant cinq jours, combattant de rue en rue, sans presque prendre de repos. La victoire de Coutras fut dûe principalement à son courage ; son humanité après la victoire devoit lui gagner tous les cœurs.


Le meurtre de Henri III. le fit roi de France ; mais la religion servit de prétexte à la moitié des chefs de l’armée & à la ligue, pour ne pas le reconnoître. Il n’avoit pour lui que la justice de sa cause, son courage, quelques amis, & une petite armée qui ne monta presque jamais à douze mille hommes complets ; cependant avec environ cinq mille combattans, il battit à la journée d’Arques auprès de Dieppe, l’armée du duc de Mayenne, forte de plus de vingt-cinq mille hommes. Il livra au même duc de Mayenne, la fameuse bataille d’Ivry, & gagna cette bataille comme il avoit gagné celle de Coutras, en se jettant dans les rangs ennemis, au milieu d’une forêt de lances. On se souviendra dans tous les siecles, des paroles qu’il dit à ses troupes : « Si vous perdez vos enseignes, ralliez-vous à mon pennache blanc, vous le trouverez toujours au chemin de l’honneur & de la gloire ».


Profitant de la victoire, il vint avec quinze mille hommes assiéger Paris, où se trouvoient alors cent quatre-vingt mille habitans ; il est constant qu’il l’eût prise par famine, s’il n’avoit pas permis lui-même par trop de pitié, que les assiégeans nourrissent les assiégés. En vain ses généraux publioient sous ses ordres des défenses sous peine de mort, de fournir des vivres aux Parisiens ; les soldats leur en vendoient. Un jour que pour faire un exemple, on alloit pendre deux paysans qui avoient amené des charrettes de pain à une poterne, Henri les rencontra en allant visiter ses quartiers : ils se jetterent à ses genoux, & lui remontrerent qu’ils n’avoient que cette maniere de gagner leur vie : allez en paix, leur dit le roi, en leur donnant aussi-tôt l’argent qu’il avoit sur lui ; le​ béarnois est pauvre, ajoûta-t-il, s’il en avoit davantage il vous le donneroit. Un cœur bien né ne peut lire de pareils traits sans quelques larmes d’admiration & de tendresse.


Le duc de Parme fut envoyé par Philippe II. au secours de Paris avec une puissante armée. Henri IV. courut lui présenter la bataille ; & c’est alors qu’il écrivit du champ où il croyoit combattre, ces deux lignes à la belle Gabrielle d’Estrée : « Si je meurs, ma derniere pensée sera à Dieu, & l’avant-derniere à vous ». Le duc de Parme n’accepta point la bataille ; il empêcha seulement la prise de Paris ; mais Henri IV. le côtoyant jusqu’aux dernieres frontieres de la Picardie, le fit rentrer en Flandres, & bien-tôt après il lui fit lever le siége de Rouen.


Cependant les citoyens lassés de leurs malheurs, soupiroient après la paix ; mais le peuple étoit retenu par la religion ; Henri IV. changea la sienne, & cet événement porta le dernier coup à la ligue ; il est vrai qu’on a depuis appliqué les vers suivans à la conduite de ce prince.



Pour le point de conviction
Au jugement du Ciel un chrétien l’abandonne ;
Mais souffrez que l’homme soupçonne
Un acte de religion
Qui se propose une couronne.


On voit assez ce qu’il pensoit lui-même de sa conversion, par ce billet à Gabrielle d’Estrées : c’est demain que je fais le saut périlleux ; je crois que ces gens-ci me feront haïr saint Denis, autant que vous haïssez… Personne ne fut plus affligé de l’abjuration de Henri IV. que la reine Elisabeth. La lettre qu’elle écrivit alors à ce prince est bien remarquable, en ce qu’elle fait voir en même tems son cœur, son esprit, & l’énergie avec laquelle elle s’exprimoit dans une langue étrangere : « Vous m’offrez, dit-elle, votre amitié comme à votre sœur. Je sais que je l’ai méritée, & certes à un très-grand prix. Je ne m’en repentirois pas, si vous n’aviez pas changé de pere ; je ne peux plus être votre sœur de pere ; car j’aimerai toujours plus chérement celui qui m’est propre que celui qui vous a adopté »


La conversion d’Henri IV. n’augmentoit en rien son droit à la couronne, mais elle hâta son entrée dans sa capitale, sans qu’il y eût presque de sang répandu. Il renvoya tous les étrangers qu’il pouvoit retenir prisonniers ; il pardonna à tous les ligueurs. Il se réconcilia sincerement avec le duc de Mayenne, & lui donna le gouvernement de l’île de France. Non seulement il lui dit, après l’avoir lassé un jour dans une promenade : « Mon cousin, voilà le seul mal que je vous ferai de ma vie ». Mais il lui tint parole, & il n’en manqua jamais à personne.


Il recouvra son royaume pauvre, déchiré, & dans la même subversion où il avoit été du tems des Philippe de Valois, Jean & Charles VI. Il se vit forcé d’accorder plus de graces à ses propres ennemis qu’à ses anciens serviteurs, & son changement de religion ne le garantit pas de plusieurs attentats contre sa vie. Les finances de l’état dissipées sous Henri III. n’étoient plus qu’un trafic public des restes du sang du peuple, que le conseil des finances partageoit avec les traitans. En un mot, quand la déprédation générale força Henri IV. à donner l’administration entiere des finances au duc de Sully, ce ministre aussi éclairé qu’integre trouva qu’en 1596 on levoit 150 millions sur le peuple, pour en faire entrer environ 30 dans le trésor royal.


Si Henri IV. n’avoit été que le plus brave prince de son tems, le plus clément, le plus droit, le plus honnête homme, son royaume étoit ruiné : il falloit un prince qui sût faire la guerre & la paix, connoître toutes les blessures de son état & connoître les reme-​des ; veiller sur les grandes & petites choses, tout réformer & tout faire ; c’est ce qu’on trouva dans Henri. Il joignit l’administration de Charles le Sage à la valeur & à la franchise de François I. & à la bonté de Louis XII.


Pour subvenir à tant de besoins, Henri IV. convoqua dans Rouen une assemblée des notables du royaume, & leur tint ce discours digne de l’immortalité, & dans lequel brille l’éloquence du cœur d’un héros :


« Déja, par la faveur du ciel, par les conseils de mes bons serviteurs, & par l’épée de ma brave noblesse dont je ne distingue point mes princes, la qualité de gentilhomme étant notre plus beau titre, j’ai tiré cet état de la servitude & de la ruine. Je veux lui rendre sa fortune & sa splendeur ; participez à cette seconde gloire, comme vous avez eu part à la premiere. Je n’ai vous ai point appellés, comme faisoient mes prédécesseurs, pour vous obliger d’approuver aveuglément mes volontés, mais pour recevoir vos conseils, pour les croire, pour les suivre, pour me mettre en tutelle entre vos mains. C’est une envie qui ne prend guere aux rois, aux victorieux & aux barbes grises ; mais l’amour que je porte à tous mes sujets, me rend tout possible & tout honorable ».


Au milieu de ces travaux & de ces dangers continuels, les Espagnols surprirent Amiens. Henri, dans ce nouveau malheur, manquoit d’argent & étoit malade. Cependant il assemble quelques troupes, il marche sur la frontiere de Picardie, il revole à Paris, écrit de sa main aux parlemens, aux communautés, pour obtenir de quoi nourrir ceux qui défendoient l’état : ce sont ses paroles. Il va lui-même au parlement de Paris : « Si on me donne une armée, dit-il, je donnerai gaiement ma vie pour vous sauver & pour relever l’état ».


Enfin, par des emprunts, par les soins infatigables & par l’économie du duc de Sully, si digne de le servir, il vint à bout d’assembler une florissante armée. Il reprit Amiens à la vûe de l’archiduc Albert, & delà il courut pacifier le reste du royaume, à quoi il ne trouva plus d’obstacle. Le pape qui lui avoit refusé l’absolution, quand il n’étoit pas affermi, la lui donna quand il fut victorieux. Il conclut à Vervins la paix avec l’Espagne, & ce fut le premier traité avantageux que la France fit depuis Philippe-Auguste.


Alors il mit tous ses soins à faire fleurir son royaume, & paya peu-à-peu toutes les dettes de la couronne, sans fouler les peuples. La justice fut réformée ; les troupes inutiles furent licenciées ; l’ordre dans les finances succéda au plus odieux brigandage ; le commerce & les arts revinrent en honneur. Henri IV. établit des manufactures de tapisseries, & de petites glaces dans le goût de Venise. Il fit creuser le canal de Briare, par lequel on a joint la Seine & la Loire. Il aggrandit & embellit Paris. Il forma la place royale : il fit construire ce beau pont, où les peuples regardent aujourd’hui sa statue avec tendresse. Il augmenta S. Germain, Fontainebleau, & sur-tout le Louvre où il logea sous cette longue galerie qui est son ouvrage, des artistes en tout genre. Il est encore le vrai fondateur de la bibliotheque royale, & en donna la garde à Casaubon, en lui disant : « Vous me direz ce qu’il y a de meilleur dans tous ces beaux livres ; car il faut que j’en apprenne quelque chose par votre secours ».


Quand dom Pedre de Tolede fut envoyé par Philippe III. en ambassade auprès de Henri, il ne reconnut plus cette ville qu’il avoit vûe autrefois si malheureuse & si languissante : « C’est qu’alors le pere de famille n’y étoit pas, lui dit Henri, & aujourd’hui qu’il a soin de ses enfans, ils prosperent ». Les​ jeux, les fêtes, les bals, les ballets introduits à la cour par Catherine de Médicis dans les tems même de troubles, ornerent sous Henri IV. les tems de la paix & de la félicité.


En faisant ainsi fleurir son royaume, il fut le pacificateur de l’Italie. Le Béarnois, que les papes avoient excommunié, leur fit lever l’excommunication sur Venise. Il protégea la république naissante de la Hollande, l’aida de ses épargnes, & contribua à la faire reconnoître libre & indépendante par l’Espagne. Déja, par son rang, par ses alliances, par ses armes, il alloit changer le système de l’Europe, s’en rendre l’arbitre & mettre le comble à sa gloire, quand il fut assassiné au milieu de son peuple par un fanatique effréné, à qui il n’avoit jamais fait le moindre mal. Il est vrai que Ravaillac, qui trancha les jours de ce bon roi, ne fut que l’instrument aveugle de l’esprit du tems qui n’étoit pas moins aveugle. Barriere, Châtel, le Châtreux nommé Ouin, un vicaire de S. Nicolas-des-Champs pendu en 1595, un tapissier en 1596, un malheureux qui étoit ou qui contrefaisoit l’insensé, d’autres dont le nom m’échappe, méditerent le même assassinat : presque tous jeunes gens & tous de la lie du peuple, tant la religion devient fureur dans la populace & dans la jeunesse ! De tous les assassins que ce siecle affreux produisit, il n’y eut que Poltrot de Méré qui fût gentilhomme.


Quelques auteurs se sont appliqués à exténuer les grandes actions de Henri IV. & à mettre en vûe ses défauts. Ce bon prince n’ignoroit pas les médisances que l’on répandoit contre lui, mais il en parloit lui-même avec cette ingénuité & cette modération qui confondent la calomnie & diminuent les torts. Voici ses propres paroles tirées d’une de ses lettres à Sully.


« Les uns me blâment d’aimer trop les bâtimens & les riches ouvrages ; les autres la chasse, les chiens & les oiseaux ; les autres les cartes, les dez & autres sortes de jeux ; les autres les dames, les délices & l’amour ; les autres les festins, banquets, sopiquets & friandises ; les autres les assemblées, comédies, bals, danses, & courses de bague, où, disent-ils pour me blâmer, l’on me voit encore comparoître avec ma barbe grise, aussi réjoui, & prenant autant de vanité d’avoir fait un belle course, donné deux ou trois dedans, & cela disent-ils en riant, & gagné une bague de quelque belle dame, que je pouvois faire en ma jeunesse ; n’y que faisoit le plus vain homme de ma cour. En tous lesquels discours je ne nierai pas qu’il n’y puisse avoir quelque chose de vrai ; mais aussi dirai-je que ne passant pas mesure, il me devroit plutôt être dit en louange qu’en blâme, & en tout cas me devroit-on excuser la licence en tels divertissemens qui n’apportent nul dommage & incommodité à mes peuples par forme de compensation de tant d’amertumes que j’ai goûtées, & de tant d’ennuis, déplaisirs, fatigues, périls & dangers, par lesquels j’ai passé depuis mon enfance jusqu’à 50 ans.


» L’Ecriture n’ordonne pas absolument de n’avoir point de péchés ni défauts, d’autant que tels infirmités sont attachées à l’impétuosité & promptitude de la nature humaine ; mais bien de n’en être pas dominés, ni les laisser regner sur nos volontés, qui est ce à quoi je me suis étudié ne pouvant faire mieux. Et vous savez par beaucoup de choses qui se sont passées touchant mes maîtresses [qui ont été les passions que tout le monde a cru les plus puissantes sur moi], si je n’ai pas souvent maintenu vos opinions contre leurs fantaisies jusques à leur avoir dit, lorsqu’elles faisoient les acariâtres, que j’aimerois mieux avoir perdu dix maîtresses comme elles, qu’un serviteur comme vous, qui m’étiez nécéssaire pour les choses honorables & utiles ».


Ceux dont qui reprochent encore amérement à​Henri IV. ses amours, ne font pas réflexion que toutes ses foiblesses furent celles du meilleur des hommes, & qu’aucune ne l’empêcha de bien gouverner.


On sait d’ailleurs que, dans plusieurs occasions, il eut la force de se démêler des pieges qu’on lui tendoit par de belles filles, dans le dessein de le surprendre. Catherine de Médicis lui demandant à la conférence de S. Brix ce qu’il vouloit. Il lui répondit en regardant les filles qu’elle avoit amenées : Il n’y a rien là que je veuille, madame ; lui faisant voir par ce discours qu’il ne se laisseroit plus piper à de semblables appas.


Les deux femmes qu’il épousa successivement lui causerent bien des chagrins domestiques. Sa seconde femme, Marie de Médicis, fut l’une des princesses contre lesquelles il avoit formé des objections, en examinant avec Rosni quelle femme lui conviendroit. J’ai à citer là-dessus un fort long passage ; néanmoins je suis assuré qu’il paroîtra court aux lecteurs curieux, parce qu’il est écrit d’une maniere amusante, & qu’il est rempli d’idées fort solides de ce prince sur le choix d’une femme. Voici donc ce qu’il dit à ce favori, Mém. de Sully, t. II. p. 112.


« De sorte qu’il semble qu’il ne reste plus pour l’accomplissement de ce dessein, sinon de voir s’il y aura moyen de me trouver une autre femme si bien conditionnée, que je ne me jette pas dans le plus grand des malheurs de cette vie, qui est, selon mon opinion, d’avoir une femme laide, mauvaise, & despite, au lieu de l’aise, repos & contentement que je me serois proposé de trouver en cette condition : que si l’on obtenoit les femmes par souhait, afin de ne me repentir point d’un si hasardeux marché, j’en aurois une, laquelle auroit entr’autres bonnes parties, sept conditions principales ; à savoir, beauté en la personne, pudicité en la vie, complaisance en l’humeur, habileté en l’esprit, fécondité en génération, éminence en extraction, & grands états en possession. Mais je crois, mon ami, que cette femme est morte, voire peut-être n’est pas encore née, ni prête à naître ; & partant voyons un peu ensemble, quelles filles ou femmes dont nous ayons oui parler seroient à desirer pour moi, soit dehors, soit dedans le royaume.


» Et pour ce que j’y ai déja, selon mon avis, plus pensé que vous, je vous dirai pour le dehors que l’infante d’Espagne, quelque vielle & laide qu’elle puisse être, je m’y accommoderois, pourvû qu’avec elle j’épousasse les Pays-Bas, quand ce devroit être à la charge de vous redonner le comté de Béthune.


» Je ne refuserois pas non plus la princesse Arabella d’Angleterre, si, comme l’on publie que l’état lui appartient, elle en avoit été seulement déclarée présomptive héritiere ; mais il ne me faut pas attendre à l’une ni à l’autre, car le roi d’Espagne & la reine d’Angleterre sont bien éloignés de ce dessein-là.


» L’on m’a aussi quelquefois parlé de certaines princesses d’Allemagne, desquelles je n’ai pas retenu le nom ; mais les femmes de cette région ne me reviennent nullement, & penserois, si j’en avois épousé une, devoir avoir toujours un lot de vin couché auprès de moi, outre que j’ai oui dire qu’il y eut un jour une reine de France de cette nation qui la pensa ruiner ; tellement que tout cela m’en dégoûte.


» L’on m’a parlé de quelqu’une des sœurs du prince Maurice ; mais outre qu’elles sont toutes huguenotes, & que cette alliance me pourroit mettre en soupçon à Rome & parmi les zélés catholiques, elles sont filles d’une nonain ; & quelqu’autre chose, que je vous dirai une autrefois, m’en aliene la volonté.​


» Le duc de Florence a une niece qu’on dit être assez belle ; mais étant d’une des moindres maisons de la chrétienneté qui porte titre de prince, n’y ayant pas plus de 80 ans, que ses devanciers n’étoient qu’au rang des plus illustres bourgeois de leur ville, & de la même race de la reine-mere Catherine qui a tant fait de maux à la France & encore plus à moi en particulier, j’appréhende cette alliance, de crainte d’y rencontrer aussi mal pour moi, les miens & l’état.


» Voilà toutes les étrangeres dont j’estime avoir été parlé. Quant à celles de dedans le royaume, vous avez ma niece de Guise, qui seroit une de celles qui me plairoit le plus, nonobstant ce petit bruit que quelques malins esprits font courir, qu’elle aime bien autant les poulets en papier qu’en fricassée : car, pour mon humeur, outre que je crois cela très-faux, j’aimerois mieux une femme qui fît un peu l’amour qu’une qui eût mauvaise tête, de quoi elle n’est pas soupçonnée ; mais au contraire d’humeur fort douce, d’agréable & complaisante conversation, & pour le surplus de bonne maison, belle, de grande taille, & d’apparence d’avoir bientôt de beaux enfans, n’y appréhendant rien que la trop grande passion qu’elle témoigne pour sa maison, & sur-tout ses freres qui lui pourroient faire naître des desirs de les élever à mon préjudice, & plus encore de mes enfans, si jamais la régence de l’état lui tomboit entre les mains.


» Il y a aussi deux filles en la maison du Maine, dont l’aînée, quelque noire qu’elle soit, ne me deplairoit pas, étant sages & bien nourries, mais elles sont trop jeunettes. Deux en celle d’Aumale, & trois en celle de Longueville, qui ne sont pas à mépriser pour leurs personnes, mais d’autres raisons m’empêchent d’y penser. Voilà ce qu’il y a pour de princes.


» Vous avez après une fille en la maison de Luxembourg, une en la maison de Guimené, ma cousine Catherine de Rohan, mais celle-là est huguenote, & les autres ne me plaisent pas ; & puis la fille de ma cousine la princesse de Conty, de la maison de Lucé, qui est une très-belle fille & bien nourrie, seroit celle qui me plairoit le plus, si elle étoit plus âgée ; mais quand elles m’agréeroient toutes, pour si peu que j’y reconnois, qui est-ce qui m’assurera que j’y rencontrerai conjointement les trois principales conditions que j’y desire, & sans lesquelles je ne voudrois point de femme ? A savoir, qu’elles me feront des fils, qu’elles seront d’humeur douce & complaisante, & d’esprit habile pour me soulager aux affaires sédentaires & pour bien régir mon état & mes enfans, s’il venoit faute de moi avant qu’ils eussent âge, sens & jugement, pour essayer de m’imiter : comme apparemment cela est pour m’arriver, me mariant si avant en l’âge.


» Mais quoi donc, Sire, lui répondit Rosni, que vous plaît-il entendre par tant d’affirmatives & de négatives desquelles je ne saurois conclure autre chose sinon que vous desirez bien être marié, mais que vous ne trouvez point de femmes en terre qui vous soient propres ? Tellement qu’à ce compte il faudroit implorer l’aide du ciel, afin qu’il fît rajeunir la reine d’Angleterre, & ressusciter Marguerite de Flandres, mademoiselle de Bourgogne, Jeanne la Loca, Anne de Bretagne & Marie Stuart, toutes riches héritieres, afin de vous en mettre au choix ; car, selon l’humeur que vous avez témoignée, parlant de Clara Eugénie, vous seriez homme pour agréer quelques-unes de celles-là qui possédoient de grands états. Mais laissant toutes ces impossibilités & imaginations vaines à part, voyons un peu ce qu’il faut faire, &c. »​


Disons à présent un mot de la mere d’Henri IV. dont Pau est aussi la patrie.


C’est à la naissance de ce fils & dans le plus fort des douleurs que Jeanne d’Albret, héroïne digne d’admiration à tant d’autres égards, fit encore paroître un courage singulier. Le roi de Navarre son mari promit de lui remettre son testament dès qu’elle seroit accouchée, à condition néanmoins que dans l’accouchement elle lui chanteroit une chanson, afin, dit-il, que tu ne me fasses pas un enfant pleureux & rechignant. La princesse s’y engagea & eut tant de force sur elle-même, que, malgré ses vives douleurs, elle tint parole, & chanta en son langage béarnois la chanson du pays, qui commence par ces mots : Noste-Donne deou cap deou pon, adjouda me in aqueste houre ; c’est-à-dire, Notre-Dame du bout du pont, aidez-moi à cette heure.


Jeanne d’Albret présenta Henri IV. à l’âge de quatorze ans au prince de Condé son beaufrere, & le voua tout jeune qu’il étoit à la défense de la cause commune, avec toutes ses bagues & joyaux qu’elle engagea pour les frais de l’armée. Elle fit, en mourant à l’âge de 44 ans, & non sans soupçon d’avoir été empoisonnée, un testament qui contenoit des choses admirables en faveur de ce fils, qui depuis sa tendre enfance remplissoit déja les hautes espérances qu’elle en avoit conçues. Je n’en veux pour preuve qu’une de ses reparties à l’âge de 15 ans, reparties que son auguste mere nous a conservées dans un recueil imprimé in-12. en 1570, sous le titre d’Histoire de notre tems.


Catherine de Médicis, de concert avec le cardinal de Lorraine, avoit envoyé vers la reine de Navarre le sieur de la Motthe-Fénelon, pour la détourner de joindre ses forces à celles que les Reformés assembloient en 1568, sous le commandement du prince de Condé. Un jour que la Motthe Fénelon s’adressant au prince de Navarre, affectoit de paroître surpris de ce que si jeune encore il prenoit parti dans une querelle qui ne regardoit que le prince de Condé & les Huguenots qui faisoient la guerre au roi : « Ce n’est pas vraiment sans raison, repartit avec vivacité le jeune prince, puisque sous le prétexte de la rebellion qu’on impute faussement à mon oncle & aux Huguenots, nos ennemis ne se proposent pas moins que d’exterminer toute la branche royale de Bourbon ; ainsi nous voulons mourir ensemble les armes à la main, pour éviter les frais du deuil ».


Enfin, je le répete, on ne lit pas la vie de ce grand roi sans admiration, ni sa mort tragique arrivée en 1610, sans attendrissement. Les bons princes sont dans l’histoire, ce qui fixe le plus nos regards & notre amour.


Les habitans de Pau desiroient dernierement d’avoir dans leur ville une statue de Henri IV. On leur a donné celle de Louis XIV. au-bas de laquelle ils ont mis dans leur jargon : Celui-ci est petit-fils de notre bon roi Henri. (D. J.)​","[['43 15\' N 17 22\' 30"" E']]",,"43 15' N 17 22' 30"" E","43 15' N 17 22' 30"" E"
v12-361-0,PAYAMOGO,"PAYAMOGO, (Géog. mod.)​ place fortifiée d’Espagne dans l’Andalousie, sur les frontieres du Portugal, à quatre lieues sud de Moura. Long. 10. 34. lat. 38. 2. (D. J.)​","[[""38 2' N 10 34' E""]]",,38 2' N 10 34' E,38 2' N 10 34' O
v12-389-0,PECH ou PECHIA,"PECH ou PECHIA, (Géog. mod.)​ petite ville de la Turquie européenne, dans la partie occidentale de la Servie sur le Drin-blanc. C’est le lieu de la résidence du patriarche grec. Long. 38. 40. lat. 42. 12. (D. J.)​","[[""42 12' N 38 40' E""]]",,42 12' N 38 40' E,42 12' N 38 40' E
v12-429-0,PEDENA,"PEDENA, (Géog. mod.)​ ancienne petite ville d’Italie en Istrie, à 15 milles des Alpes, avec un evêché suffragant de Gorcie. Elle est entierement dépeuplée, & appartient à la maison d’Autriche. Long. 32. lat. 45. 30. (D. J.)​","[[""45 30' N 32 E""]]",,45 30' N 32 E,45 30' N 32 E
v12-447-0,PEDRACA de la Sierra,"PEDRACA de la Sierra, (Géogr. mod.)​ bourg d’Espagne dans la vieille Castille, sur la riviere de Duraton au nord, & près de Sepulveda. Ce bourg est la Metercosa de Ptolomée. C’est dans le château de ce bourg que les fils de François I. furent détenus prisonniers pendant quatre ans. Long. 16. 6. lat. 40. 58. (D. J.)​","[[""40 58' N 16 6' E""]]",,40 58' N 16 6' E,40 58' N 16 6' E
v12-467-0,PEGNARANDA,"PEGNARANDA, (Géog. mod.)​ ville d’Espagne, dans la vieille Castille, capitale du duché du même nom, à 14 lieues sud d’Qlinedo. Long. 12. 57. latit. 40. 52.","[[""40 52' N 12 57' E""]]",,40 52' N 12 57' E,40 52' N 12 57' E
v12-484-0,PEINA,"PEINA, (Géog. mod.)​ en latin du moyen âge Poynum casirum ; petite ville d’Allemagne, au cercle de la Basse-Saxe, dans l’évêché de Hildesheim. Il s’y donna une bataille sanglante en 1553, entre l’électeur Maurice de Saxe qui y fut tué, & le margrave de Brandebourg. Elle est sur le ruisseau de Fuse, à trois milles de Brunswig. Long. 28. 16. lat. 57. 17. (D. J.)​","[[""57 17' N 28 16' E""]]",,57 17' N 28 16' E,57 17' N 28 16' E
v12-570-0,PELYSS,"PELYSS, (Géog. mod.)​ Pelyssa ou Pissen, petite ville de la basse Hongrie, capitale d’un comté de même nom, près du Danube, à 3 lieues, sud-est de Grau, 5 nord de Bude. Long. 36. 25. lat. 47. 26.","[[""47 26' N 36 25' E""]]",,47 26' N 36 25' E,47 26' N 36 25' E
v12-62-0,PARTENAY,"PARTENAY, (Géog. mod.)​ Pertiniacum, ou Pertinaculum en latin du moyen âge, petite ville de France dans le Poitou, chef-lieu d’un petit pays appellé la Gatine, sur la Thoue, à 6 lieues au nord de S. Maixant, & à 6 au midi de Thouars. Long. 17. 15. latit. 46. 40. (D. J.)​","[[""46 40' N 17 15' E""]]",,46 40' N 17 15' E,46 40' N 17 15' E
v12-872-2,Pernes,"Pernes, (Géog. mod.)​ petite ville de France dans l’Artois sur la Clarence, à trois lieues S. O. de Bethune, sept N. O. l’Arras. Long. 20. 6. Lat. 50. 29. (D. J.)​","[[""50 29' N 20 6' E""]]",,50 29' N 20 6' E,50 29' N 20 6' E
v12-896-0,PERPIGNAN,"PERPIGNAN, (Géog. mod.)​ en latin du moyen âge, Perpiniacum ; ville de France, capitale du Roussillon, bâtie dans l’endroit où étoit autrefois une ville municipale appellée Flavium Ebusum.


Elle est très-forte, munie d’une citadelle qui est sur la hauteur, & commande la ville. Elle a un évêché, un conseil souverain, un intendant, un hôtel des monnoies, & une université fondée en 1349 par Pierre, roi d’Arragon.


Cette université est composée de quatre facultés ; & ce qu’il y a de singulier, c’est que les chaires de Théologie sont partagées en deux sentimens. Dans l’une on enseigne la doctrine de S. Thomas, & dans l’autre, la doctrine de Suarès. Il est permis aux étudians de suivre celle qui leur plaît ; mais les professeurs de ces deux chaires doivent être bien habiles : ceux-ci, pour découvrir la doctrine de S. Thomas, noyée en 18 volumes in-folio, ceux-là pour pénétrer celle de Suarés, dont les œuvres forment 23 volumes in-folio.


L’évêché de Perpignan est suffragant de Narbonne ; on en évalue les revenus à 25 mille livres, & l’on compte dans son diocèse 180 paroisses. Quelques évêques de cette ville ont pris le titre d’inquisiteurs ; mais rien n’est plus déplacé dans un royaume tel que la France, où le seul nom d’inquisition revolte les esprits, & où l’évêque de Perpignan ne peut s’arroger des prérogatives, & avoir des fonctions différentes de celles de ses collegues.


La premiere église de Perpignan fut élevée par les habitans sous l’invocation de S. Jean-Baptiste, dans le xj. siecle. Beranger, évêque d’Eluc, la consacra le 16 de Mai 1025, & Gaufred, comte de Roussillon, souscrivit l’acte ou apposa son scel à l’acte qu’on fit de cette consécration.


Le corps-de-ville de Perpignan est un des plus illustres qu’il y ait dans le royaume ; il est gouverné par cinq consuls qui ont le privilege de créer tous les ans deux nobles, qui jouissent de toutes les prérogatives des gentilshommes, & ont la qualité de chevaliers. La noblesse de ces sortes de citoyens est reçue à Malte, en forme de la bulle magistrale du grand-maître, du 14 Juin 1631.


La ville de Perpignan est située sur la rive droite du Tet, partie dans une plaine & partie sur une colline, dans un terroir fertile en bon vin, à une lieue de la mer, à 12 lieues au sud-ouest de Narbonne, à 30 au sud-ouest de Montpellier, à 40 sud-est de Toulouse, & à 175 au midi de Paris. Longitude, suivant Cassini, Lieutaud & Desplaces, 20. 24. lat. 42. 41.


C’est à Perpignan que mourut d’une fievre chaude Philippe III. roi de France, à son retour d’Aragon, en 1285, âgé de 40 ans & quelques mois. On le surnomma le Hardi, & l’on ne sait pas trop pourquoi, car il ne fit jamais rien qui pût lui mériter ce titre, quelle que soit l’idée qu’on y attache. Le corps de ce​ prince fut porté à Narbonne, où l’on célébra ses obseques. (Le Chevalier de Jaucourt.)​","[[""42 41' N 20 24' E""]]",,42 41' N 20 24' E,42 41' N 20 24' E
v12-9-1,Parme,"Parme, (Géog. anc. & mod.)​ ville d’Italie, capitale du duché de même nom, avec une citadelle, un évêché suffragant de Bologne, & une université. Elle est sur la riviere de Parme, à 12 lieues S. E. de Crémone, 14 S. O. de Mantoue, 26 N. O. de Modene, 12 S. E. de Milan. Long. suivant Des Places & de la Hire, 28, 19. lat. 44d. 44′50″.


Cette ville est très-ancienne, & a eu l’avantage de conserver toujours le même nom sans aucun changement. Les Romains, avant & après Auguste, & les Italiens d’aujourd’hui, la nomment Parma. Elle est située dans une plaine, sur l’ancien chemin ro-​main nommé voie flaminienne. Elle fut faite colonie romaine, en même tems que Modene, l’an 579 de Rome, & la 184 avant J. C. sous le consulat de M. Claudius Marcellus, & de Quintus Fabius Labeo. Cette ville souffrit beaucoup durant le triumvirat, par les infames cruautés des gens du parti d’Antoine. Ciceron parle d’eux avec horreur après avoir peint les Parmesans comme les plus honnêtes gens du monde. Auguste étant monté sur le trône, envoya de nouveaux colons à Parme, qui en prit par reconnoissance, le surnom de Julia Augusta Colonia.


Il paroît que dans la suite des tems, Parme éprouva les mêmes révolutions que Plaisance, après la destruction de l’empire d’Occident. Les Lombards s’en emparerent d’abord, ensuite les Visconti de Milan, le marquis d’Este, les Sforce, Louis XII. le saint Siege, les Farneses, & l’infant dom Carlos.


Cassius, qui conspira contre César, étoit de Parme. Après la journée de Philippes, il suivit le parti de Pompée, ensuite celui d’Antoine, & après la bataille d’Actium il se retira à Athenes, où Varus le fit tuer, l’an 723 de Rome, par ordre d’Octavien. Horace appelle Cassius toscan, etrusci Cassi, parce que la ville de Parme étoit anciennement de la Toscane, comme l’ont remarqué Cluvier, Lambin, Cruquius & M. Masson.


Je me rappelle que parmi les modernes, Vic (Enée), antiquaire du xvj. siecle, étoit natif de Parme. Nous avons de lui les médailles des empereurs & des impératrices, depuis Nerva & Plautine, jusqu’à Lucius Verus & Salonine ; elles sont gravées avec propreté, mais par malheur il y en a plusieurs de fausses.


Les citoyens de Parme prétendent que Macrobe (Aurelius Macrobius), qui vivoit sur la fin du iv. siecle, étoit de leur ville ; mais il avoue lui-même qu’il n’étoit pas né dans un pays où l’on parlât latin. Nous savons du-moins qu’il fut un des grands maîtres de la garde-robe de Théodose, comme il est aisé de le voir par un rescrit adressé à Florent, sur le rang de ceux qui possédoient cet office. Ses saturnales sont un agréable mêlange de critique & d’antiquité, mais le style est d’un siecle où la pureté de la langue latine étoit perdue. Quoiqu’il ait copié Plutarque & Aulu-Gelle en beaucoup de choses, il ajoute aussi du sien quelques singularités qui justifient son érudition. On a encore de lui des commentaires sur le traité de Ciceron, intitulé le songe de Scipion, qu’il a traduit en grec, & que Pontanus & Meursius ont enrichi de leurs notes. (D. J.)​","[['44 44\' 50"" N 28 19\' E']]",,"44 44' 50"" N 28 19' E","44 44' 50"" N 28 E | 44 44' 50"" N 19 E"
v12-955-2,Pertuis,"Pertuis, (Géog. mod.)​ petite ville de France, en Provence, dans la Viguerie d’Aix, à 4 lieues N. E. d’Aix, 11 N. de Marseille, 162 S. E. de Paris. Long. 23. 15. lat. 43. 44.","[[""43 44' N 23 15' E""]]",,43 44' N 23 15' E,43 44' N 23 15' E
v12-977-0,PESCHIERA,"PESCHIERA, (Géog. mod.)​ ou Pesciera, petite ville d’Italie dans le Véronois, avec une forteresse. Les Vénitiens la prirent aux ducs de Mantoue en 1441. Elle est sur le lac de la Garda, à l’endroit où le Menzo en sort, à 5 lieues O. de Vérone. Long. 28. 12. latit. 45. 23. (D. J.)​","[[""45 23' N 28 12' E""]]",,45 23' N 28 12' E,45 23' N 28 12' E
v13-1136-2,Pruck an-der-muer,"Pruck an-der-muer, (Géog. mod.)​ petite ville d’Allemagne dans la haute Styrie, sur la Muer, a son confluent avec la Murez. Long. 33. 30. latit. 47. 28.​","[[""47 28' N 33 30' E""]]",,47 28' N 33 30' E,47 28' N 33 30' E
v13-1142-0,"PRUIM, ou PRUYM, ou PRUM","PRUIM, ou PRUYM, ou PRUM, (Géogr. mod.)​ célebre abbaye d’hommes de l’ordre de S. Benoît en Allemagne, au diocèse & à 12 lieues de Trèves, sur une riviere de même nom.


Cette abbaye a été fondée par Pepin, à la priere de la reine Berthe sa femme. Son fils s’étant révolté contre lui, il lui fit couper les cheveux, & le relégua dans ce nouveau monastere. C’est aussi dans ce même lieu qu’en 855 l’empereur Lothaire, fils de Louis le Débonnaire, après avoir bouleversé l’Europe sans​ succès & sans gloire, se sentant affoibli, vint se faire moine. Il ne vécut dans le froc que six jours, & mourut imbécille, après avoir régné en tyran.


Les empereurs ses successeurs honorerent les abbés de Pruim du titre de princes du saint empire. Les biens de cette abbaye ayant prodigieusement augmenté, devinrent l’objet de la cupidité des archevêques de Trèves, qui en sont aujourd’hui les titulaires.


Cette abbaye est une des plus régulieres de l’Allemagne : on y montre la semelle d’un des souliers qu’on dit être de Notre-Seigneur Jesus-Christ, donnée au roi Pepin par le pape Zacharie, & il en est fait mention dans le titre de la fondation du monastere.


Une autre singularité de cette abbaye, est la fondation d’un oratoire souterrein de l’an 1097. In honore sanctorum vigenti quatuor seniorum. Voyez le voyage littéraire de dom Martenne. Longit. de ce lieu 24. 35′. lat. 50. 13′. (D. J.)​","[[""50 13' N 24 35' E""]]",,50 13' N 24 35' E,50 13' N 24 35' E
v13-115-0,PONTIVY,"PONTIVY, (Géog. mod.)​ petite ville de France, dans la Bretagne, au diocèse de Vannes, dans les terres, sur la riviere de Blavet, entre Guemené & Rohan. Il y a dans cette petite ville une manufacture de toiles. Long. 14d54′. lat. 48d6′. (D. J.)​","[[""48 6' N 14 54' E""]]",,48 6' N 14 54' E,48 6' N 14 54' E
v13-1150-0,PRUSE ou BURSE,"PRUSE ou BURSE, (Géog. mod.)​ ville autrefois capitale de la Bithynie, & aujourd’hui la plus grande & la plus belle de la Turquie, dans l’Anatolie au pié du mont Olympe, à 30 l. au midi de Constantinople. Elle étoit la capitale des Turcs avant la prise de Constantinople.


Les mosquées y sont belles, & la plupart couvertes de plomb. Il y a un serrail bâti par Mahomet IV. Les fontaines y sont sans nombre, & presque chaque maison a la sienne. Les rues sont bien pavées, ce qui n’est pas ordinaire chez les Turcs. Les fauxbourgs sont plus grands & plus peuplés que la ville ; ils sont habités par des Arméniens, des Grecs & des Juifs. Les premiers ont une église, les Grecs en ont trois, & les Juifs ont quatre synagogues. Le commerce y est considérable sur-tout en soie, la plus estimée de toute la Turquie. On compte plus de 40 mille ames dans la Pruse. C’est la résidence d’un pacha, d’un aga des janissaires & d’un cadi. Elle est située à l’entrée d’une grande plaine couverte de mûriers, à 30 lieues sud de Constantinople, 66 sud-est d’Andrinople, 36 sud de la mer Noire. Long. 46. 40. lat. 39. 54.


Le nom de Pruse, & sa situation au pié du mont Olympe, ne permettent pas de douter que cette ville ne soit l’ancienne Prusa, bâtie par Annibal, s’il s’en faut rapporter à Pline ; ou plutôt par Prusias roi de Bithynie, qui fit la guerre à Cræsus & à Cyrus, comme l’assurent Strabon & son singe Etienne de Bysance. Elle seroit même plus ancienne, s’il étoit vrai qu’Ajax s’y fût percé la poitrine avec son épée, comme il est représenté sur une médaille de Caracalla. Il est surprenant que Tite-Live, qui a si bien décrit les​ environs du mont Olympe, où les Gaulois furent défaits par Manlius, n’ait point parlé de cette place. Après que Lucullus eut battu Mithridate à Cyzique, Triarius assiegea Pruse & la prit.


Les médailles de cette ville, frappées aux têtes des empereurs romains, montrent bien qu’elle leur fut attachée fidélement. Les empereurs grecs ne la posséderent pas si tranquillement. Les Mahométans la pillerent, & la ruinerent sous Alexis Comnene. L’empereur Andronic Comnene, à ce que dit Nicétas, la fit saccager à l’occasion d’une révolte qui s’y étoit excitée.


Après la prise de Constantinople par le comte de Flandre, Théodore Lascaris, despote de Romanie, s’empara de Pruse à l’aide du sultan d’Iconium, sous prétexte de conserver les places d’Asie à son beaupere Alexis Comnene, surnommé Andronic. Pruse fut assiegée par Bem de Bracheux, qui avoit mis en suite les troupes de Théodore Lascaris. Les citoyens firent une si belle résistance que les Latins furent contraints d’abandonner le siege, & la place resta à Lascaris par la paix qu’il fit en 1214, avec Henri II. empereur de Constantinople, & frere de Baudouin.


Pruse fut le second siege de l’empire turc en Asie. L’illustre Othoman qu’on peut comparer aux grands héros de l’antiquité, fit bloquer la ville par deux forts, & obligea Berose gouverneur de la place, de capituler en 1326.


Tamerlan conquit Pruse sur Bajazet au commencement du xv. siecle. Ce fut, dit-on, dans cette ville capitale des états turcs asiatiques, que ce vainqueur écrivit à Soliman fils de Bajazet, une lettre, qui supposée vraie & sans artifice, eût fait honneur à Alexandre. « Je veux oublier, dit Tamerlan dans cette lettre, que j’ai été l’ennemi de Bajazet. Je servirai de pere à ses enfans, pourvû qu’ils attendent les effets de ma clémence ; mes conquêtes me suffisent, & de nouvelles faveurs de l’inconstante fortune ne me tentent point aujourd’hui ».


On lit dans les annales des sultans, qu’il y eut un si grand incendie à Pruse en 1490, que les vingt-cinq régions en furent consumées ; & c’est par-là qu’on sait que la ville étoit divisée en plusieurs régions. Zizim, cet illustre prince othoman, fils de Mahomet II. disputant l’empire à son frere Bajazet II. se saisit de la ville de Pruse, pour s’assurer de l’Anatolie ; mais Acomath général de Bajazet, le battit deux fois dans ce même pays, & peu de tems après il eut encore le malheur, par un enchaînement d’événemens extraordinaires, de tomber en 1494, entre les mains du pape. Voici comment la chose arriva, suivant le récit de M. de Voltaire.


Zizim, chéri des Turcs, avoit disputé l’empire à Bajazet qui en étoit haï ; mais malgré les vœux des peuples il avoit été vaincu. Dans son infortune il eut recours aux chevaliers de Rhodes, qui sont aujourd’hui les chevaliers de Malte, auxquels il avoit envoyé un ambassadeur. On le reçut d’abord comme un prince à qui on devoit l’hospitalité, & qui pouvoit être utile ; mais bientôt après on le traita en prisonnier. Bajazet payoit 40 mille sequins par an aux chevaliers, pour ne pas laisser retourner Zizim en Turquie. Les chevaliers le menerent en France dans une de leurs commanderies du Poitou, appellée le Bourneuf.


Charles VIII. reçut à la fois un ambassadeur de Bajazet, & un nonce du pape Innocent VIII. prédécesseur d’Alexandre, au sujet de ce précieux captif. Le sultan le redemandoit ; le pape vouloit l’avoir comme un gage de la sureté de l’Italie contre les Turcs. Charles envoya Zizim au pape. Le pontife le reçut avec toute la splendeur que le maître de Rome pouvoit affecter avec le frere du maître de Constantinople. On voulut l’obliger à baiser les piés du pape ;​mais Bosso, témoin oculaire, assure que le turc rejetta cet abaissement avec indignation.


Paul Jove dit qu’Alexandre VI. par un traité avec le sultan, marchanda la mort de Zizim. Le roi de France, qui dans des projets trop vastes, assuré de la conquête de Naples, se flattoit d’être redoutable à Bajazet, voulut avoir ce frere malheureux. Le pape, selon Paul Jove, le livra empoisonné. Il resta indécis si le poison avoit été donné par un domestique du pape, ou par un ministre secret du grand-seigneur. Mais on divulgua que Bajazet avoit promis 300 mille ducats au pape, pour la tête de son frere.


Je ne dois pas finir l’article de Pruse, sans remarquer que Dion, orateur & philosophe, naquit dans cette ville. Il vivoit sous Vespasien, Domitien & Trajan qui le consideroit, & qui s’entretenoit souvent avec lui. Son éloquence lui valut le surnom de Chrysostome ou bouche d’or. Il composa en latin quatre-vingt oraisons, orationes, que nous avons encore, & qui ont été imprimées à Paris, en 1604 & 1623, in-fol. 2. vol. Mais on n’y retrouve pas cette pureté de langage, cette grandeur de sentimens, cette noblesse de style, en un mot, cette éloquence romaine du beau siecle de Cicéron.


Pruse étoit aussi la patrie d’Asclépiade, un des célebres médecins de l’antiquité, dont j’ai dejà parlé au mot Médecine.


J’ajouterai seulement qu’il étoit contemporain de Mithridate, puisqu’il ne voulut pas aller à sa cour, où l’on tâcha de l’attirer par des promesses magnifiques. Fameux novateur entre les médecins dogmatiques, il rétablit la Médecine à Rome, environ 100 ans après l’arrivée d’Archagatus, & prit tout le contre-pié de ce médecin. Il ne proposa que des remedes doux & faciles, & se fit un très-grand parti. Il sçut encore gagner les esprits par ses manieres & par son éloquence. Il ne croyoit point que l’ame fût distincte de la matiere. Il composa plusieurs livres qui sont tous perdus. Pline, Celse & Galien en ont cité quelques-uns. Apulée, Celse & Scribonius Largus, lui donnent de grandes louanges. Quand donc Pline nous dit qu’Asclépiade s’engagea à ne point passer pour médecin s’il étoit jamais malade, & qu’il gagna la gageure ; c’est un conte qu’on ne doit pas croire à la légere, parce qu’il n’y a pas d’apparence qu’un philosophe comme Asclépiade, eût été assez fou pour risquer ainsi sans nécessité, sa réputation & sa gloire. Enfin un témoignage bien avantageux en son honneur, c’est qu’il a été le médecin & l’ami de Cicéron, qui faisoit d’ailleurs beaucoup de cas de son éloquence, preuve qu’Asclépiade ne quitta pas son métier de rhéteur faute de capacité. Mais pour vous instruire à fond du caractere & du mérite d’Asclépiade, il faut lire ce qu’en dit M. Daniel le Clerc dans son Hist. de la Médec. (Le Chevalier de Jaucourt.)​","[[""39 54' N 46 40' E""]]",,39 54' N 46 40' E,39 54' N 46 40' E
v13-116-0,PONT-L’ÉVÊQUE,"PONT-L’ÉVÊQUE, (Géog. mod.)​ petite ville de France, en Normandie, sur la Touque, à 10 lieues de Caën, à 7 de Pont-Audemer, à 4 de Lisieux, à 3 de Honfleur & de la mer. Elle est toute ouverte, sans murailles ni forteresse. Il y a bailliage, vicomté, élection, maîtrise des eaux & forêts, gouverneur, lieutenant de police, maire, & autres officiers de ville. Son église paroissiale, dédiée à saint Michel, est assez bien bâtie. Son territoire consiste principalement en herbages & en prairies, où l’on nourrit du gros bétail. Son élection comprend 138 paroisses. 47d48′. lat. 49d16′.","[[""49 16' N 47 48' E""]]",,49 16' N 47 48' E,49 16' N 47 48' E
v13-120-0,PONT-ORSON,"PONT-ORSON, (Géog. mod)​ en latin du moyen âge, Pons ursonis ; petite ville de France dans la basse Normandie, sur le Couesnon, aux confins de la Bretagne, à 3 lieues au sud-est d’Avranches, & à deux au midi du mont Saint-Michel. Louis XIII. après la prise de la Rochelle, la fit démanteler ; elle servoit autrefois de boulevard contre les Bretons. Long. 16. 8′. 13″. lat. 48. 34. (D. J.)​","[['48 34\' N 16 8\' 13"" E']]",,"48 34' N 16 8' 13"" E","48 34' N 16 8' 13"" E"
v13-123-0,PONT,"PONT S. ESPRIT, (Géog. mod.)​ ville de France au bas Languedoc, dans l’Usege ou l’Usegais. C’est un place forte sur la rive droite du Rhône, qu’on y passe sur un pont à 8 lieues nord-est d’Usez, à 20 au nord-est de Montpellier, & à 136 de Paris.


Le Pont S. Esprit est un grand passage sur le Rhône, & c’est le dernier pont de pierre qui soit aujourd’hui sur ce fleuve, n’y ayant au-dessous que des ponts de bateaux. Quatre bastions font le plan de la citadelle, & renferment l’église du S. Esprit, de laquelle la ville a pris le nom qu’elle porte aujourd’hui. Long. 22. 20. lat. 44. 18′.


Le pont de cette ville est d’une belle construction, à cause de la largeur, de la profondeur & de la rapidité du fleuve. Il a 420 toises de long, sur 2 toises 4 piés 4 pouces de largeur. Il est soutenu par vingt-six arches, dix-neuf grandes & sept petites qui sont aux extrémités & forment les rampes. Ce pont, qui a grand besoin de réparation à tous égards, fut commencé en 1265, & bâti d’offrandes qu’on faisoit alors à un petit oratoire dédié au S. Esprit. Il fut achevé vers l’an 1309.


Le pape Nicolas V. dans une bulle qui accorde beaucoup d’indulgences à ceux qui iront visiter l’église du S. Esprit, dit que Dieu, touché du malheur des fideles qui faisoient nauffrage en cet endroit du Rhône, avoit envoyé un ange pour marquer le lieu où il falloit faire un pont & bâtir une église, ainsi qu’un hôpital. Cet ange avoit été un bon & digne citoyen qui chercha le bien de son pays, ensorte que le pont, l’église & l’hôpital furent bâtis & fondés dans cet endroit. Pour fournir à l’entretien de ces trois objets, on leve un droit sur le sel qui passe sous ce pont, ce qui monte à environ 8000 livres par année. Ce lieu s’appelloit auparavant le port, nom qui est demeuré à un monastere voisin.


Il y a au-dessous du Pont S. Esprit un territoire de cinq à six lieues d’étendue le long du Rhône. Ce territoire dépend pour le spirituel d’Avignon ; mais pour le temporel, il est de la province de Languedoc, & du ressort du parlement de Toulouse. (D. J.)​","[[""44 18' N 22 20' E""]]",,44 18' N 22 20' E,44 18' N 22 20' E
v13-124-0,PONT-SUR-SEINE,"PONT-SUR-SEINE, (Géog. mod.)​ en latin moderne Pons ad Sequanam, petite ville de France dans la Champagne sur la Seine, à 8 lieues de Troyes, & à 23 au sud-est de Paris. Le surintendant Bouthillier de Chavigni y a fait bâtir un beau château, qui est du dessein & de l’exécution de le Muet, un des habiles architectes françois de son tems. Long. 21. 12′. latit. 48. 26′. (J. D.)​","[[""48 26' N 21 12' E""]]",,48 26' N 21 12' E,48 26' N 21 12' E
v13-125-0,PONT-SUR-YONNE,"PONT-SUR-YONNE, (Géog. mod.)​ petite & chetive ville de France au diocese de Sens, aux confins​de la Champagne & du Gatinois, sur la gauche de l’Yonne qui lui donne son nom, & à 3 petites lieues de la ville épiscopale. Long. 20. 58′. latit. 48. 13′.


Ce lieu n’est pas si moderne qu’on le croit ; car, dans la vie de S. Loup, archevêque de Sens, il y est nommé Pons Syriacus, & dit être à la distance de dix-sept mille pas de la ville de Sens ; de plus, le nécrologe, manuscrit du x. siecle de la cathédrale de Sens, appelle aussi cet endroit Pons Syriacus. (D. J.)​","[[""48 13' N 20 58' E""]]",,48 13' N 20 58' E,48 13' N 20 58' E
v13-1262-0,PUEBLA DE-LOS-ANGELOS,"PUEBLA DE-LOS-ANGELOS, (Géograph. mod.)​ ville de l’Amérique septentrionale dans la nouvelle Espagne, avec un évêché suffragant de Mexico dont elle est à 20 lieues, dans un terrein fertile en froment, & dans un air salubre. Elle est peuplée, riche & commerçante ; les rues en sont droites sans être pavées, & les bâtimens sont de pierre ; on y compte plusieurs monasteres de religieux & de religieuses. Long. 277. 30. lat. 19. 40. (D. J.)​","[[""19 40' N 277 30' E""]]",,19 40' N 277 30' E,19 40' N 277 30' O
v13-1399-0,PUY-LAURENS,"PUY-LAURENS, (Géogr. mod.)​ petite ville aujourd’hui bourg de France au Languedoc, dans le Lauragais, au diocèse de Lavaur. Cette petite ville fut érigée en duché par Louis XIII. en faveur de la niece du cardinal de Richelieu. Les calvinistes en ont été longtems les maîtres : ils y avoient érigé une académie qui a subsisté jusqu’à la révocation de l’édit de Nantes. Long. 19. 40. lat. 43. 35.","[[""43 35' N 19 40' E""]]",,43 35' N 19 40' E,43 35' N 19 40' E
v13-1401-0,"PUY-NOTRE-DAME, ou PUY-EN-ANJOU","PUY-NOTRE-DAME, ou PUY-EN-ANJOU, (Géogr. mod.)​ petite ville ou bourg de France dans l’Anjou, à une lieue sud-ouest de Montreuil-Bellay, quatre de Saumur, & soixante-trois de Paris. Il y a un chapitre fondé par le roi Louis XI. composé d’un doyen & de douze chanoines. Long. 17. 20. latit. 47. 8.​","[[""47 8' N 17 20' E""]]",,47 8' N 17 20' E,47 8' N 17 20' E
v13-1534-0,QUAKENBRUGGE,"QUAKENBRUGGE, (Géog. mod.)​ petite ville d’Allemagne, au cercle de Westphalie, dans l’évêché d’Osnabruck : elle est sur la riviere de Hase, à huit lieues N. O. d’Osnabruck, 14 S. O. de Brème. Long. 25. 44. latit. 52. 45. (D. J.)​","[[""52 45' N 25 44' E""]]",,52 45' N 25 44' E,52 45' N 25 44' E
v13-1547-0,QUANG-CHEU,"QUANG-CHEU, (Géogr. mod.)​ quelques missionnaires jésuites écrivent Canton, d’autres Quanton, & d’autres Quangtung ; grande ville de la Chine, capitale de la province de Quanton, avec un port. Elle est dans un pays fertile, sur la riviere de Ta, & compte quinze autres villes dans son département. Les lettres édifiantes vous en donneront de grands détails. Je n’ose vous assurer qu’ils soient vrais. Long. 130. 43. lat. 23. 8.","[[""23 8' N 130 43' E""]]",,23 8' N 130 43' E,23 8' N 130 43' E
v13-1641-0,QUEICGEU,"QUEICGEU, (Géog. mod.)​ prononcez Queitcheou ; province de la Chine, la quatorzieme en rang ; elle est bornée nord par la province de Suchuen, & par la province de Huquang ; sud-est par la province de Quangei ; sud-ouest par celle de Junnan : c’est un pays très-ingrat & hérissé de montagnes inaccessibles ; il est habité en partie par des barbares indépendans des Chinois. Long. de Gueiyang sa capitale, 122. 57. lat. 26. (D. J.)​","[[""26 N 122 57' E""]]",,26 N 122 57' E,26 N 122 57' E
v13-1692-0,QUIERS,"QUIERS, (Géog. mod.)​ ou Chieri, en latin du moyen âge Caira ; ville d’Italie dans le Piémont, capitale de la province du même nom, sur les confins du Monferrat, à 4 lieues au levant de Turin, & à 8 au nord-ouest d’Asti.


On croit que c’est la même ville que Pline appelle Carrea potentia, entre Pollentia & Forum Fulvii ; c’est du moins une ville très-ancienne, & dans laquelle on trouve plusieurs choses qui sentent le tems des Romains ; mais on ne connoît aucun écrit, où il soit parlé distinctement de cette ville avant l’an 1154. Elle est sur le penchant d’une colline dans un terrein fort agréable, & dans un air doux & salubre. Aussi​est-elle peuplée de beaucoup de familles nobles ; elle est entourée d’une muraille à l’antique, flanquée de tours, & munie d’un fossé. Cette ville se donna en 1347 à Amédée de Savoye, nommé le comte verd, & à Jacques de Savoye son cousin, appellé le prince d’Achaïe. On y compte environ dix mille ames, & la ville est gouvernée par un lieutenant du souverain, comme prince de Piémont. Long. 25. 26. lat. 44. 52. (D. J.)​","[[""44 52' N 25 26' E""]]",,44 52' N 25 26' E,44 52' N 25 26' E
v13-1711-0,QUILOA,"QUILOA, (Géog mod.) île & ville d'Afrique au Zanguebar, sur la côte de Mélinde, à 100 lieues du Mozambique. Les Portugais en firent la découverte en 1498, & rendirent son royaume leur tributaire. Le terroir de cette île porte quantité de palmiers & d'autres arbres. Les habitans sont en partie payens, en partie mahométans, & blancs de couleur. Le milieu de l'île est à 8. 20. de latit. mérid. & à 57. 2. de long. Quelques géographes prétendent que la ville Quiloa est le Rapta de Ptolomée, qui dit que c'étoit jadis la capitale de Barbarie, d'où le promontoire Raptum a pris son nom ; mais Ptolomée met ce promontoire au 7d. de latit. australe, & nos géographes le mettent a environ 9 dégrés de la même latitude. (D. J.)","[[""8 20' S 57 2' E""]]",,8 20' S 57 2' E,8 20' S 57 2' E
v13-1788-0,QUITO,"QUITO, (Géog. mod.)​ gouvernement de l’Amérique méridionale, au Pérou. Il a 70 lieues de long sur o de large. Ses bornes sont le Popayan au nord, l’Audience de Lima au midi, le pays des Amazones au levant, & la mer du sud au couchant. Sa température est plus froide que chaude ; le pays est assez peuplé de bourgs & de villages, habités par des espagnols & par des indiens. Il y a dans ce gouverne-​ment deux îles : celle de la Plata & celle de de la Puna. On divise le pays en trois parties ; le Quito proprement dit, los-Quixos, & los-Paçamores La capitale de toute la province est Quito, que les Espagnols appellent sant Francisco del Quito.


Cette ville a des fortifications, un grand nombre de communautés religieuses, avec deux colleges. Elle est située dans une vallée, dont le terroir est sec & sablonneux ; elle est habitée par un melange d’espagnols, de portugais & d’indiens, au nombre d’environ trente mille ames. Son évêque est suffragant de Lima. Quito est aussi le siege du présidont de l’audience, & il est en même tems gouverneur de la province.


Les denrées sont en abondance & à bas prix dans cette ville ; mais les marchandises qu’on y apporte d’Europe, sont d’un prix excessif. Ces marchandises viennent par la mer du sud, remontent la riviere de Guayaquil, & se transportent ensuite par chariots. Long. 229. 20′. latit. mérid. 15′33″. (D. J.)​","[[""15 33' S 229 20' E""]]",,15 33' S 229 20' E,"15'33"" S 229 20' O"
v13-1812-0,"RAAB, autrement Javarin","RAAB, autrement Javarin, (Géog. mod.)​ ville de la basse-Hongrie, capitale du comté du même nom, au confluent du Raab & du Rabnitz qui se rendent peu après dans le Danube. C’est une place fortifiée & dont les rues ne sont point pavées. L’évêché est suffragant du Grau. Les Turcs prirent Raab sous le sultan Amurat III, mais les comtes de Schwartzenbourg & de Palfi leur reprirent cette ville en 1664. Long. 35. 40. latit. 47. 46. (D. J.)​","[[""47 46' N 35 40' E""]]",,47 46' N 35 40' E,47 46' N 35 40' E
v13-189-27,Port-Maurice,"Port-Maurice, (Géog. mod.)​ port de la Méditerranée sur la côte de Genes, & qui a été comblé par ordre de la république, pour faire rechercher le port principal. Près de ce port est un bourg ou petite ville de même nom, située sur une éminence & entourée de murailles. Long. 25. 34′. 30″. lat. 43. 52′. 30″. (D. J.)​","[['43 52\' 30"" N 25 34\' 30"" E']]",,"43 52' 30"" N 25 34' 30"" E","43 52' 30"" N 25 34' 30"" E"
v13-189-29,Port-Sainte-Marie,"Port-Sainte-Marie, (Géog. mod.)​ en espagnol el Puerto de Santa Maria, ville d’Espagne, dans l’Andalousie, sur le Guadelet, à 7 milles au nord-est de Cadix. Voyez Marie (Sainte.)


Nous ajouterons seulement ici que la ville de Sainte-Marie est la capitale d’un comté érigé en faveur de Louis de la Cerda, premier duc de Médina-cœli. Le port Sainte Marie étoit connu dans l’antiquité sous le nom de Mnesthei portus. Il ne peut y entrer que de petits bâtimens, car il ne reste de basse mer qu’une brasse & demie d’eau en certains endroits, & de haute mer trois brasses. Long. 12. 3′. lat. 36. 34′.","[[""36 34' N 12 3' E""]]",,36 34' N 12 3' E,36 34' N 12 3' O
v13-1903-0,RADELSTORFF,"RADELSTORFF, (Géog. mod.)​ ou Rittelsdorff ; petite ville d’Allemagne dans la Franconie, à 2 milles de la ville de Bamberg. Long. 28. 29. lat. 50. 1.","[[""50 1' N 28 29' E""]]",,50 1' N 28 29' E,50 1' N 28 29' E
v13-1928-0,RADSTADT,"RADSTADT, (Géog. mod.)​ ville d’Allemagne, dans l’archevêché de Saltzbourg, sur l’Ens. Il ne faut pas la confondre avec Rastat, bourg de Suabe, où se fit le traité de paix de 1714, entre l’empereur & le roi de France. Long. 31. 3. latit. 47. 14.","[[""47 14' N 31 3' E""]]",,47 14' N 31 3' E,47 14' N 31 3' E
v13-1990-0,RAKONICK,"RAKONICK, (Géog. mod.)​ petite ville d’Allemagne, dans la Bohème, sur la petite riviere de même nom, qui se jette dans la Miza, au cercle de Rakonick, à 15 lieues au couchant de Prague. Long. 31. 30. latit. 52. 8. (D. J.)​","[[""52 8' N 31 30' E""]]",,52 8' N 31 30' E,52 8' N 31 30' E
v13-2084-0,RAOLCONDA,"RAOLCONDA, (Géog. mod.)​ lieu des Indes, au royaume de Visapour, dans la province de Carrarica, à 50 lieues de Golconde. Il est remarquable par une riche mine de diamans des plus estimés de l’Asie, & dont Tavernier à fait un détail curieux dans ses voyages, liv. II. c. xv. Long. 94. 35. lat. 14. 28. (D. J.)​","[[""14 28' N 94 35' E""]]",,14 28' N 94 35' E,14 28' N 94 35' E
v13-2088-0,RAPALLO,"RAPALLO, (Géog. mod.)​ petite ville d’Italie, dans l’état de Gènes, sur le golfe auquel elle communique son nom. Long. 26. 54. lat. 44. 20.


Liceti (Fortienius) médecin, naquit à Rapallo en 1577, & à ce qu’on dit avant le septieme mois de la grossesse de sa mere. Il mourut à Padoue en 1656 à soixante-dix-sept ans. On a de lui plusieurs traités, dont les principaux sont de monstris, de gemmis, de annulis, de lucernis antiquis, &c. Il soutient dans ce dernier ouvrage, que les anciens avoient des lampes sépulcrales qui ne s’éteignoient point ; mais c’est une erreur qu’il soutient : ces sortes de lampes éternelles n’ont jamais existé, & tout ce qu’on a vû en ce genre n’offre que des phosphores, qui se sont allumés pour un peu de tems après avoir été exposés à l’air. (D. J.)​","[[""44 20' N 26 54' E""]]",,44 20' N 26 54' E,44 20' N 26 54' E
v13-2225-0,RAVENSBURG,"RAVENSBURG, (Géog. mod.)​ ville libre d’Allemagne en Suabe, dans l’Algow, sur la rive droite de la Schuss, à 4 lieues au nord-est de Buchorn, & à 6 au nord de Lindau. Le gouvernement y est partagé entre les Catholiques & les Luthériens. Long. 27. 10. latit. 47. 46.","[[""47 46' N 27 10' E""]]",,47 46' N 27 10' E,47 46' N 27 10' E
v13-2265-1,"Ré, isle de","Ré, isle de, (Géog. mod.)​ île de l’Océan, sur la côte occidentale de la France, au gouvernement du pays d’Aunis, à une lieue de la terre-ferme, & à trois lieues de la ville de la Rochelle. Elle a 3 à 4 lieues de longueur, sur une ou deux de largeur. On l’appelle en latin du moyen âge, Radis ou Ratis, ou insula Ratensis, de radis, rade, à cause sans doute des bonnes rades qu’on trouve sur sa côte.


Il n’est fait aucune mention de cette île avant le huitieme siecle. On y voyoit alors un monastere célebre, où Hunaud duc d’Aquitaine, se fit moine l’an 744. Cette île fut occupée dans l’onzieme siecle, par​les seigneurs de Mauléon en Poitou, qui étoient aussi seigneurs de la Rochelle. Charles VII. par ses lettres patentes de l’an 1457, exempta de taille les habitans de cette île, en faveur du vicomte de Thouars leur seigneur. De-là vient qu’ils sont toujours francs de taille ; mais les fermiers y ont un bureau pour percevoir les droits sur le sel : cette île en produit beaucoup, ainsi que du vin, dont on fait de l’eau-de-vie ; mais il n’y croît ni blé, ni foin.


Elle est commode pour le commerce, assez peuplée, & comprend six paroisses. Louis XIII. après la conquête de la Rochelle, se rendit maître de l’île de Ré, & y fit élever deux forts. Sous Louis XIV. elle a été fortifiée de nouveau, & munie de deux autres forts. L’île, la ville & la citadelle, ont un gouverneur particulier, avec un double état-major. Long. 16. 28. latit. 46. 14. (D. J.)​","[[""46 14' N 16 28' E""]]",,46 14' N 16 28' E,46 14' N 16 28' E
v13-2268-0,RÉADING,"RÉADING, (Géog. mod.)​ ville d’Angleterre, capitale du Berckshire, au confluent de la Tamise & du Kennet, à 32 milles au couchant de Londres. Elle envoie deux députés au parlement, a droit de marché public, & est très-peuplée, contenant trois paroisses. On y fabrique beaucoup de draps, dont le débit contribue à son opulence, ainsi que celui des grains germés pour la biere. Long. 16. 45. latit. 51. 28.


Laud (Guillaume), naquit à Réading en 1573, & étoit fils d’un marchand drapier de cette ville. Il se distingua par ses talens, & devint successivement docteur d’Oxford, évêque de S. David, puis de​ Bath & de Wels, ensuite de Londres, enfin archevêque de Cantorbéry en 1633. Il fut accusé de haute trahison en 1640, & décapité en 1644, devant la tour de Londres, âgé de 71 ans passés.


C’étoit un homme savant, sincere, zélé, régulier dans ses mœurs, & humble dans sa vie privée ; mais chaud, indiscret, & soutenant avec trop de feu certaines choses peu importantes en elles-mêmes. Telles sont, par exemple, son ordonnance de mettre la table de la communion au côté oriental des églises ; les révérences qu’il voulut qu’on y fît ; le nom d’autel qu’il leur affecta ; la suppression des sermons du Dimanche au soir ; son dessein d’ôter aux églises walones leurs privileges ; les jeux du Dimanche, dont il se déclara le protecteur, & quelques autres bagatelles sur lesquelles s’exerçoit toute la ferveur de ce tems-là. Mais sa sévérité dans la chambre étoilée, & dans la cour de la haute-commission, sur-tout son injustice dans la poursuite violente de l’évêque Williams, étoient des taches si noires, qu’il n’y avoit presque que l’horrible injustice de sa mort qui pût l’en laver. Son supplice produisit si bien cet effet, qu’il l’érigea lui-même en modele, & donna à ses sentimens une sanction, qui les a fait passer pour la regle de distinction des amis ou des ennemis prétendus de l’église anglicane.


Attaqué avec fureur par ses ennemis, accablé de calomnies, il ne laissa échapper, même dans les lettres familieres qu’il écrivoit à Vossius, aucune expression injurieuse contre ses persécuteurs. Il est pleinement justifié de l’odieuse accusation que ses adversaires répandirent par-tout contre lui, d’avoir voulu introduire le papisme dans l’église anglicane. Non seulement son principal ouvrage est en faveur de cette église contre Fisher, mais de plus, il ne cessoit de presser Vossius d’entreprendre la réfutation des livres du cardinal Baronius.


On a recueilli en un corps tous les ouvrages de ce prélat anglois, dont le premier volume parut en 16-1, & le second en 1700, in-folio. M. Heylin a donné l’histoire de la vie de cet archevêque, & M. Wharton (Henri), a publié son apologie, à Londres en 1695, in-fol. Le lecteur peut aussi consulter les fastes d’Oxford, par Wood, tome I. coll. 147. (D. J.)​","[[""51 28' N 16 45' E""]]",,51 28' N 16 45' E,51 28' N 16 45' E
v13-277-0,PORTO,"PORTO, (Géog. mod.)​ ville de Portugal, dans la province d’entre Duero-e-Minho, à une lieue au-dessus de l’embouchure du Duero, à 12 au midi de Braga, & à 58 au nord de Lisbonne.


Il y a dans cette ville un conseil souverain qui est le second du royaume. L’évêque est suffragant de Braga, & jouit de quinze mille ducats de revenu. La riviere forme un bon havre dans lequel les vaisseaux ne peuvent entrer qu’en pleine mer, & sous la conduite d’un pilote portugais.


Quoiqu’on ne compte dans Porto qu’environ quatre mille bourgeois, il s’y fait cependant un grand commerce, sur-tout avec les Anglois qui en tirent beaucoup de vin.


Cette ville est bâtie sur la pente d’une montagne assez roide, dans un terrein très-fertile. Elle s’appelloit autrefois Portu-calo ; & lorsqu’elle eut donné son nom au royaume de Portugal, elle ne retint que celui de Porto. Quelques-uns l’appellent aujourd’hui Port-à-port. Long. 8. 55. lat. 41. 5.


Porto est la patrie d’Acosta (Gabriel ou Uriel), qui embrassa tour-à-tour le Catholicisme, le Judaisme, le Saducéisme, & finalement ayant été maltraité par les Juifs, il finit par se tuer à Amsterdam vers l’an 1640.


Lobeira (Vasquez), naquit aussi à Porto, vers la fin du xiij. siecle. Il passe en Espagne pour le premier auteur du roman d’Amadis de Gaule, dont Fontenelle dit :



Quand je lis d’Amadis les faits inimitables,
Tant de châteaux forcés, de géans pourfendus,
De chevaliers occis, d’enchanteurs confondus,
Je n’ai point de regret que ce soient-là des fables.


La traduction françoise de ce vain amusement a eu les plus grands & les plus prompts succès ; il en faut dire de même des traductions en italien & en d’autres langues : les hommes aiment le romanesque & le merveilleux.","[[""41 5' N 8 55' E""]]",,41 5' N 8 55' E,41 5' N 8 55' O
v13-277-1,Porto,"Porto, (Géog. mod.)​ petite ville fortifiée d’Italie dans l’état de Venise, sur l’Adige au Véronois, à 8 lieues au-dessus de Vérone vers le sud-est. Long. 28. 31. lat. 45. 24.","[[""45 24' N 28 31' E""]]",,45 24' N 28 31' E,45 24' N 28 31' E
v13-288-0,PORTO-FERRAIO,"PORTO-FERRAIO, (Géog. mod.)​ petite ville d’Italie, dans l’île d’Elbe, sur la pointe de l’ouest d’une grande baie de même nom. Elle est fortifiée, & appartient au grand-duc de Toscane, qui y tient garnison. Le port ferme à chaîne ; on y peut mettre cinq ou six galeres, y ayant trois à quatre brasses d’eau ; il est au midi de la ville. Long. 28. 12. latit. 43. 53. & la variation est de près de sept degrés vers le nord-ouest.","[[""43 53' N 28 12' E""]]",,43 53' N 28 12' E,43 53' N 28 12' E
v13-296-0,PORTO-NOVO,"PORTO-NOVO, (Géog. mod.)​ petite ville des Indes, sur la côte de Coromandel, à une journée de Pondichery en allant vers le sud. Les Portugais qui étoient autrefois en grand nombre dans ce lieu, lui ont apparemment donné le nom de Porto-Novo. Long. 100. 30. latit. 11. 45.","[[""11 45' N 100 30' E""]]",,11 45' N 100 30' E,11 45' N 100 30' E
v13-319-0,POSEGA ou POSSEGA,"POSEGA ou POSSEGA, (Géog. mod.)​ ville de Hongrie dans l’Esclavonie, capitale d’un comté de même nom sur l’Orlava, à 26 lieues nord-est de Jaïcza, 44 au couchant de Belgrade, 50 de Bude, 70 de Vienne. Les Impériaux l’enleverent aux Turcs en 1687. Long. 35. 44. lat. 45. 37. (D. J.)​","[[""45 37' N 35 44' E""]]",,45 37' N 35 44' E,45 37' N 35 44' E
v13-411-0,POTOSI le,"POTOSI le, (Géog. mod.)​ ville du Pérou, dans la province de los Charcas ou de la Plata, au pié d’une montagne qui est faite comme un pain de sucre, & dont la couleur est d’un brun rouge.


Cette ville est renommée dans tout le monde par les immenses richesses qu’on en a tirées, & qu’on tire encore de la montagne, au pié de laquelle elle est bâtie. Les églises y sont en grand nombre, ainsi que les prêtres & les moines. Les Espagnols & Créoles qui l’habitent, y possedent de grandes richesses, & vivent avec encore plus de mollesse. Ils voyagent dans des branles à la façon des Portugais de San-Salvador & de Rio-Janeyro. Quatre indiens supportent ordinairement ce branle sur leurs épaules. Les femmes reçoivent les visites couchées sur des lits de repos, où elles jouent de la guitarre, disent leur chapelet, & régalent les personnes qu’elles invitent, de la teinture de l’herbe du Paraguai, ou du coca.


Les mines d’argent de la montagne du Potosi ne furent découvertes qu’en 1545. Elles sont si riches que depuis l’année de leur découverte jusqu’en 1638, elles avoient fourni, suivant le calcul qui en a été​ fait, trois cens quatre-vingt-quinze millions, six cens dix-neuf mille piastres ; elles commencent aujourd’hui à s’épuiser ; car la monnoie ne bat plus que le dixieme de ce qu’elle faisoit il y a cent ans ; mais on ne doute point qu’il n’y ait encore d’autres mines d’or & d’argent dans la province de la Plata. Les malheureux indiens qu’on force de travailler aux mines, les exploitent toujours nuds, afin qu’ils ne puissent rien cacher, & cependant les lieux où ils travaillent, sont extrèmement froids.


Les mines du Potosi ont attiré dans la ville tous les espagnols qui courent après les richesses. Elle est habitée par environ soixante mille ames qui y sont interessées, sans compter les travailleurs indiens. Le roi d’Espagne retire le quint du produit ; la France, l’Angleterre & la Hollande profitent du reste de ce commerce. Long. 312, 50, latit. méridionale 20, 40. (D. J.)​","[[""20 40' S 312 50' E""]]",,20 40' S 312 50' E,20 40' S 312 50' O
v13-687-0,PRESBOURG ou POSON,"PRESBOURG ou POSON, (Géog. mod.)​ en latin Posonium ; ville de la haute Hongrie, sur la rive septentrionale du Danube, aux confins de l’Autriche, dans un pays fertile sur-tout en bons vins & en bétail, à 12 lieues au levant de Vienne, & à 29 au nord-ouest de Bude.


Elle n’est pas grande, mais ses faubourgs sont étendus. La citadelle est située sur une élévation : on y monte par 115 marches, & on y a taillé dans le roc un puits très-profond. On y conserve dans une tour la couronne de Hongrie ; on a posé sept serrures à la porte de cette tour, dont les clés sont gardées par sept seigneurs de Hongrie ; car les rois de Hongrie sont depuis long-tems couronnés à Presbourg, & c’est pour cette raison que l’impératrice reine s’y fit couronner en 1741.


Presbourg est la capitale du comté de Poson, la résidence du gouverneur du royaume, & le siége de l’archevêque de Strigonie. Il y a beaucoup de protestans dans cette ville, qui la font fleurir, & qui y jouissent de la liberté de conscience.


Le pays nourrit des bœufs d’une grandeur extraordinaire. L’on voit aussi dans les environs de cette ville une espece de bélier dont la grosseur du corps & la beauté des cornes qui font plusieurs tours sur leurs têtes, l’emportent sur ceux de tous les autres pays de l’Europe. Long. 35. 15. lat. 48. 13.


Mollerus (Daniel-Guillaume) naquit à Presbourg en 1642. Il apprit les langues mortes & vivantes, voyagea dans toute l’Europe, & écrivit quelques ouvrages en latin, en allemand, en françois, & surtout un grand nombre de dissertations. Le P. Niceron a mis cet homme de lettres, je ne sais pourquoi, au rang des hommes illustres. Il mourut à Altorf en 1712, âgé de 70 ans. (D. J.)​","[[""48 13' N 35 15' E""]]",,48 13' N 35 15' E,48 13' N 35 15' E
v14-1-0,REGGIO,"REGGIO, (Géog. mod.)​ ou Regio, ou Regge, en latin Rhegium Lepidi, & quelquefois simplement Regium, ville d’Italie, dans le Modénois, capitale d’un duché auquel elle donne le nom ; elle est au midi de l’Appennin, dans une campagne fertile, à 6 lieues au nord-ouest de Modène.


Cette ville située sur la voie émilienne, a été colonie romaine. On prétend qu’elle doit son origine à un Lepidus ; mais l’histoire n’en dit rien, & personne n’a pu indiquer jusqu’à présent quel étoit ce Lepidus. Ce qu’il y a de certain, c’est que les Goths ruinerent cette ville de fond-en-comble, & contraignirent ses habitans de l’abandonner. Elle s’est remise en splendeur depuis ce tems-là, & est aujourd’hui bien peuplée, ayant de belles rues & des maisons bien bâties.


Son évêché établi dès l’an 450, est suffragant de Bologne. La cathédrale est décorée des tableaux de grands maîtres. On y voit entr’autres un S. George & une Ste. Catherine du Carrache, une Vierge du Guide, un S. Jean & un S. Paul du Guerchin. L’église de S. Prosper est aussi embellie d’un Christ mort & des trois Maries, de Louis Carrache.


On dit que Charlemagne a été le second fondateur de la Reggio de Lombardie ; ses murailles sont épaisses ; il ne regne tout-autour aucune éminence qui commande la ville, & elle est défendue par une bonne citadelle. Les côteaux voisins sont couverts de maisons de plaisance, de vignobles & de jardins qui produisent des fruits délicieux. Long. suivant Harris, 31. 16. 15″. latit. 42. 15.


L’Arioste (Ludovico Ariosto) naquit à Reggio dans le Modénois, l’an 1474, & immortalisa sa patrie. Sa famille tenoit un rang si distingué dans la ville, que le marquis Obiso de la maison d’Est, honora cette famille de son alliance, en épousant Lippa Ariosta, femme d’une grande beauté & de beaucoup d’esprit. Le pere de l’Arioste étoit gouverneur de Reggio dans le tems que son fils y prit naissance. Sa mere sortoit de la noble famille de Malaguzza. Louis Ariosto étoit son fils ainé ; mais comme il avoit quatre freres & cinq fœurs, sa fortune se trouvoit modique. Il dit lui-même que Mercure n’avoit pas été trop des amis de sa famille, & qu’aucun d’eux ne lui avoit fait sa cour. Il ne se conduisit pas différemment, & dès sa plus tendre jeunesse il ne montra d’autre inclination que celle du beau génie qui le portoit à la Poésie. Ce fut en vain que son pere le pressa de s’appliquer uniquement à l’étude de la Jurisprudence ; il se plaignit de son malheur à cet égard dans les vers suivans au Bembe :



Ah lasso ! quando hebbi al pegaseo melo
L’eta disposta, & che le fresche guancie
Non si videano ancor fiorrtr d’un pelo.
Mio padre mi catciò con spiedi e lancie
Non che con sproni a volger testi & chiose,
Et mi occupò cinque anni in quelle ciancie.
Ma poiche vide pero sruttuose
L’opre, & in tempo in van gettersi, dopo
Molto contrasto in libertà mi pose.


Milton s’est trouvé dans le même cas que l’Arioste, & fit à son pere une très-belle piece en vers latins, pour l’engager à lui laisser suivre son goût pour la Poésie. Il lui expose combien cet art étoit estimé par-​mi les anciens, & les avantages qu’il procure ; il lui représente qu’il ne doit pas naturellement être si ennemi des muses, possédant la Musique aussi bien qu’il faisoit, & que par cela même il n’est pas surprenant que son fils ait de l’inclination pour la Poésie, puisqu’il y a tant de relation entre elle & la Musique.



Nec tu perge, precor, sacras contemnere musas,
Nec vanas inopesque puta, quarum ipse peritus
Munere, mille sonos numeris componis adaptos,
Millibus & vocum modulis variare coronam
Doctus, Arionii meritò sis nominis hoeres.
Nunc tibi quid mirum, si me genuisse poetam
Contigerit, charo si tam propè sanguine juncti,
Cognatas artes, studiumque assine sequamur ?
Ipse volens Phœbus se dispartire duobus,
Altera dona mihi, dedit altera dona parenti,
Dividuumque Deum genitorque, puerque tenemus.


Il témoigne ensuite combien il méprise tous les trésors du Pérou, en comparaison de la science ; il déclare qu’il a plus d’obligation à son pere de lui avoir fait connoître les belles-lettres, que Phaëton n’en eût eu à Apollon, quand même il auroit conduit sûrement son char ; & il se promet à lui-même, de s’élever au-dessus du reste des hommes, de se rendre supérieur à tous les traits de l’envie, & de s’acquérir une gloire immortelle.



I nunc, confer opes, quisquis malesanus avitas
Austriaci gazas, pervanaque regna peroptas.
Quæ potuit majora pater tribuisse, vel ipse
Jupiter, excepto, donasset ut omnia, coelo ?
Jamque nec obscurus populo miscebor inerti,
Vitabuntque oculos vestigia nostra prophanos.
Este procùl vigiles curoe, procùl este quereloe,
Invidiæ que acies transverso tortilis hirquo,
Soeva nec anguiferos extende calumnia rictus :
In me triste nihil, foedissima turba, potestis,
Nec vestri sum juris ego ; securaque tutus
Pectora, vipereo gradiar subeimis ab ictu.


Les charmes enchanteurs qu’offre l’espoir de la gloire, & l’enthousiasme qui les anime, rend les grands génies, tels que l’Arioste & Milton, insensibles à toutes les vues d’intérêt, & leur fait goûter une satisfaction si délicieuse, qu’elle les dédommage de tout le reste.


L’Arioste, en suivant ses études, composoit toujours quelques pieces de poésie. A la tragédie de Pyrame & de Thisbé, il fit succéder des satires & des comédies. Un jour son pere étoit dans une grande colere contre lui, & le gronda fortement ; l’Arioste l’écouta avec beaucoup d’attention sans rien répondre. Quand son pere s’en fut allé, le frere d’Arioste lui demanda pourquoi il n’avoit rien allégué pour sa justification, il lui répondit qu’il travailloit actuellement à une comédie, & qu’il en étoit à une scene, où un vieillard réprimandoit son fils ; & que quand son pere avoit commencé à parler, il lui étoit venu dans l’esprit de l’observer avec soin pour peindre d’après nature, & qu’ainsi il n’avoit été attentif qu’à remarquer son ton de voix, ses gestes & ses expressions, s’en s’embarasser de se défendre.


Ayant perdu ce pere à l’âge de 24 ans, il se livra sans obstacle à son penchant. Il possédoit parfaitement la langue latine ; mais il préféra d’écrire en italien, soit qu’il crût qu’il ne pourroit s’élever jusqu’au premier rang des poëtes latins qui étoit déjà occupé par Sannazar, Bembo, Nauger, Sadolet, & autres ;​soit qu’il jugeât l’italien plus du goût de son siecle, soit enfin qu’il voulût enrichir sa langue d’ouvrages qui la fissent estimer des autres nations. Il accepta cependant différentes commissions d’affaires d’état en divers endroits d’Italie, sans vouloir s’écarter de son pays. Il refusa d’accompagner le cardinal d’Est en Hongrie, préférant, dit-il, une vie tranquille à toute autre.



Et più mi piace di poser le polize
Membra, che di vantarle, ch’agli scithi
Sien state, agli indi, agli ethiopi, & altre.


Le duc de Ferrare le fit en son absence, gouverneur de Graffignana. Après qu’il fut de retour, Arioste choisit de passer le reste de sa vie dans la retraite, & continua ses études dans une maison qu’il avoit fait bâtir à Ferrare. Cette maison étoit simple ; & comme quelqu’un lui demanda, pourquoi il ne l’avoit pas rendu plus magnifique, ayant si noblement décrit dans son Roland tant de palais somptueux, de beaux portiques, & d’agréables fontaines ; il répondit qu’on assembloit bien plutôt & plus aisément des mots que des pierres. Il avoit fait graver au-dessus de la porte de sa maison, un distique, que peu de ceux qui bâtissent aujourd’hui, seroient en droit de mettre sur leurs édifices :



Parva, sed apta mihi, sed nulli obnoxia, sed non
Sordida, parta meo sed tamen ære domus.


L’Arioste se trouvoit alors dans une situation aisée, ayant été comblé de présens considérables du duc de Ferrare, du pape Léon X. qui sans des raisons politiques, l’auroit élevé à la pourpre ; du cardinal Farnese, du cardinal Bibiena, du marquis de Vasto, & de plusieurs autres personnes du premier rang. Son goût aidé de la fortune, lui permettoit de faire tous les changemens qui lui venoient dans l’esprit pour orner son domicile ; mais il avouoit lui-même qu’il en usoit avec sa maison comme avec ses vers, qu’il corrigeoit si souvent, qu’il leur ôtoit ces graces & cette beauté que produit le premier feu de la composition.


Cependant, quelques défauts qu’il ait pu trouver dans ses vers, il est certain que toute l’Italie les admire. Il avoit encore le talent de lire parfaitement bien, & il animoit d’une façon particuliere tout ce qu’il prononçoit. Aussi souffroit-il infiniment d’entendre lire ses ouvrages de mauvaise grace. On raconte à ce sujet, que passant un jour devant la boutique d’un potier, il entendit que cet homme récitoit une stance du Roland (la trente-deuxieme du premier livre), où Renaud crie à son cheval de s’arrêter :



Ferma, bajardo mio, deh ferma il piede,
Che l’esser senza te troppo mi noce, &c.


mais le potier déclamoit ces vers si mal, qu’Arioste indigné brisa avec une canne qu’il avoit à la main, quelques pots qui étoient sur le devant de la boutique. Le potier lui fit des reproches fort vifs de ce qu’il en agissoit ainsi avec un pauvre homme qui ne l’avoit jamais offensé. Vous ignorez, lui répondit l’Arioste, l’injure que vous venez de me faire en face ; j’ai brisé deux ou trois pots qui ne valoient pas cinq sols, & vous avez estropié une de mes plus belles stances, qui vaut une somme considérable. Il s’appaisa pourtant, & lui paya ses pots.


Il étoit simple & frugal pour sa table : ce qui lui a fait dire dans quelque endroit de ses ouvrages, qu’il auroit pu vivre du tems que les hommes se nourrissoient de gland. Malgré sa sobriété & la foiblesse de son tempérament, il ne put se garantir des pieges de l’amour. Il eut deux fils de sa premiere maîtresse. Il lia dans la suite une intrigue avec une belle femme​ nommée Genevra. Il devint encore épris d’une autre dame parente de son ami Nicolo Vespucci. C’est pour cette derniere qu’il fit en 1513, le sonnet qui commence :


::Non so s’io potrò ben chiuder in versi.


Ayant un jour trouvé cette maîtresse occupée à une espece de cote-d’armes pour un de ses fils, qui devoit se trouver à une revue, il fit la comparaison qu’on trouve dans la 54. stance du 24. livre de Roland, touchant la blessure que Zerbin, prince d’Ecosse, avoit reçue de Mandricard. Quoique je n’ose entreprendre d’excuser les amours de l’Arioste, dit Harington, cependant je me persuade que vû le célibat où ce poëte a vêcu, & la puissance des attraits des charmantes diablesses qui l’ont séduit, il n’aura pas de peine à obtenir sa grace de la plûpart de ceux qui liront sa vie.


C’est dommage qu’il n’ait connu les pays étrangers que par récit ; car il en eût tiré beaucoup d’utilité pour l’embellissement de ses portraits ; mais il ne voulut point sortir de sa patrie, & même il témoigne dans une de ses satyres, son peu de goût pour toute espece de voyage, & son amour pour les seules beautés de son pays.



Che vuol andare a torno, a torno vada,
Vegga Inghilterra, Ungheria ; Francia e Spagna :
A me piace habitar la mia contrada.
Vista ho Thoscana, Lombardia, Romagna,
Quel monte che divide, e quel che serra
Italia, e un mare el’altro che la bagna ;
Questo mi basta ; il resto della terra,
Senza mai pagar l’hoste, andro cercando
Con Tolomeo, sia il mondo in pace o in guerra.


Il mourut à Ferrare en 1534, âgé de 59 ans. Il eut toujours de grands égards pour sa mere, qu’il traitoit avec beaucoup de respect dans sa vieillesse, & il en parle souvent dans ses satyres & dans ses autres ouvrages. Il dit dans un endroit :



L’eta di cara madre, mi percuote di pieta il cuore.


Sa bienfaisance, sa conduite, son honnêteté le firent aimer de tous les gens de bien pendant sa vie, & regretter de tous les honnêtes gens après sa mort.


Il prit pour modele Homere & Virgile dans son Orlando. Virgile commence ainsi :



Arma virumque cano.


l’Arioste :



Le donne, i cavalieri, l’arme, gli amori,
Le cortesie, l’audaci impresi io canto.


Virgile finit par la mort de Turnus, l’Arioste par celle de Rodomont :



Bestemmiando fuggi l’alma sdegnosa,
Che fu si altera al mondo, e si orgogliosa.


Virgile loue extrèmement Enée pour plaire à Auguste, qui disoit en être descendu : Arioste releve Roger, pour faire honneur à la maison d’Est. Enée avoit sa Didon qui le retenoit ; Roger étoit captivé par Alcine.


Arioste s’étoit d’abord fait connoître par des satyres, ensuite par des comédies dans lesquelles on remarque beaucoup d’art & de comique ; celle intitulée gli suppositi, les supposés, mêlée de prose & de vers, fut la plus estimée. Il y regne un juste milieu entre le ton élevé & le bas, ton qu’aimoit l’antiquité. Il est le premier qui ait employé pour le théâtre comique, le verso sdrucciolo ; ce sont des vers de dix syllabes ; il est évident qu’il avoit dessein par ce moyen d’approcher le langage comique, le plus qu’il étoit possible, du discours ordinaire. Il a fait aussi​quelques poésies latines qui ont été insérées dans le premier tome des délices des poëtes d’Italie, & qui y sont confondues avec celles de divers autres poëtes de médiocre réputation.


Enfin l’Arioste songea sérieusement à son grand poëme de Roland le furieux, & le commença à peu prés à l’âge de 30 ans. C’est le plus fameux de ses ouvrages, quoiqu’on en ait porté des jugemens très différens. Le premier de tous, celui du cardinal Hippolite d’Est, ne lui fut pas favorable ; car, quoiqu’il lui fût dédié, il dit à l’auteur, après l’avoir lu, où diable avez-vous pris tant de fadaises, seigneur Arioste ? Cependant Muret & Paul Jove ont cru que l’ouvrage passeroit à l’immortalité ; & l’on peut dire qu’il en a assez bien pris le chemin, puisqu’il y a peu de pays où il n’ait été imprimé, ni de langues répandues en Europe, dans lesquelles il n’ait été traduit. Jamais piece ne fut remplie de tant de choses différentes, de combats, d’enchantemens, d’avantures bisarres, que ce poëme de l’Arioste ; & il paroit qu’il n’a rien oublié de ce que son génie & son industrie ont pu lui suggérer pour les ornemens de son ouvrage.


Il n’a pourtant pas donné à son style ce caractere de sublime & de grandeur qui convient à la poésie épique ; & même plusieurs critiques osent douter que ce soit un véritable poëme épique, à en juger suivant les regles de l’art. Ils disent que l’unité de l’action n’est point dans le Roland, & que ce poëme n’est régulier ni dans l’ordonnance, ni dans la proportion des parties. L’auteur mêle presque partout le faux avec le vrai, & fait jurer le vrai Dieu par l’eau du Styx. Ici le poëte a trop de feu : ailleurs il est trop rempli d’évenemens prodigieux & surnaturels, qui ressemblent aux imaginations creuses d’un malade. Ses héros ne nous offrent que des paladins ; & son poëme respire un air de chevalerie romanesque, plutôt qu’un esprit héroïque.


De plus, on lui reproche des épisodes trop affectées, peu vraissemblables, & souvent hors d’œuvre. Non seulement il ôte à ses héros la noblesse de leur condition pour les faire badiner, mais il ôte quelquefois aux femmes leur caractere qui est la pudeur & la timidité. On trouve encore que le poëte parle trop lui-même en propre personne par voie de digression, & qu’il finit ses narrations si brusquement, qu’à moins d’une grande attention, on perd le fil de l’histoire. On juge bien que la critique judicieuse n’a jamais pu approuver une pensée extravagante de l’Arioste, qui dit d’un de ses héros, que dans la chaleur du combat, ne s’étant pas apperçu qu’on l’avoit tué, il combattit toujours vaillamment, tout mort qu’il étoit :



Il pover’huomo che non s’en’era accorto,
Andava combattendo, & era morto.


Enfin, pour abréger, l’on répete assez communément cet ancien bon mot, que le tombeau de l’Arioste est dans le Tasse.


Malgré toutes ces critiques, l’auteur de Roland a eu, & a encore un grand nombre de partisans en Italie, tels que MM. de la Crusca, le Mazzoni, Simon Fornari, Paul Beni, & Louis Dolce qui a entrepris sa défense. M. Scipion Maffei a beaucoup contribué à soutenir les admirateurs du poëte de Reggio, lorsqu’il a dit dans son discours : « le divin Arioste est au-dessus de tous nos éloges par son admirable poëme. Sa rime est si riche qu’elle ne paroit jamais être venue après coup ; on diroit qu’elle est née avec la pensée, & qu’elle n’en est que l’agrément ; ses négligences sont heureuses ; ses fautes même ont des graces ; il n’est pas donné à tout le monde d’en commettre de pareilles. »


Mais il ne faut pas se prévaloir de ce jugement de​ M. Maffei, pour prétendre que Roland le furieux n’a de concurrent que le Godefroi du Tasse, & que ce dernier même ne doit pas aspirer à la supériorité ; le marquis Maffei ne le pensoit pas sans doute ; car il ajoute après ses éloges de l’Arioste, qu’il n’est pas exempt de taches. En effet, le burlesque y naît quelquefois du sérieux, contre le goût & l’attente du lecteur. Il franchit en divers endroits les bornes que prescrit la bienséance. L’hyperbole fréquente détruit souvent le vraissemblable, si nécessaire même dans la fiction ; & des digressions inutiles interrompent encore plus souvent le fil du discours. Enfin le génie de l’Arioste paroit semblable à ces terres fertiles qui produisent des fleurs & des chardons tout ensemble ; & quoique presque tous les morceaux de son poëme soient très beaux, que sa versification soit aisée, sa diction pure & élégante, & ses descriptions pleines d’agrémens, cependant l’ouvrage entier n’est point le premier poëme de l’Italie.


Il s’en est fait nombre d’éditions, soit sans commentaires, soit avec des commentaires. On estime surtout celles de Venise en 1562, en 1568 & 1584 in-4°.


Le chevalier Jean Harington traduisit Roland en vers héroïques anglois, & le dédia à la reine Elisabeth. La troisieme édition de cet ouvrage curieux, & heureusement versifié, parut à Londres en 1634, in-fol. avec une défense ingénieuse de l’Arioste, & un abrégé de la vie de ce poëte, recueilli de divers auteurs italiens, & en particulier de Sansovino.


Gabriel Chappuys Tourangeau mit au jour à Lyon, en 1582 & 1583 in-8°. une traduction françoise en prose de l’Orlando ; mais cette version est tombée dans un profond oubli, surtout depuis que M. Mirabaud de l’académie françoise a donné lui-même une nouvelle traduction du poëme de l’Arioste.


Je n’ai pu me dispenser de m’étendre sur ce grand poëte, parce que son mérite comparé au Tasse, partage encore aujourd’hui une partie des beaux esprits d’Italie.


Pancirole (Gui) célebre jurisconsulte & littérateur, naquit en 1523, à Reggio en Lombardie, professa avec beaucoup d’honneur, d’abord à Padoue, & ensuite à Turin ; mais ayant éprouvé que l’air du Piémont étoit fort contraire à ses yeux, il revint à Padoue en 1582, & y passa le reste de sa vie dans sa premiere chaire avec mille ducats d’appointement. Il mourut en 1599, après avoir mis au jour plusieurs ouvrages, dont j’indiquerai les principaux.


Le premier est ses concilia, qui parurent à Venise en 1578, in-fol.


2. Notitia dignitatum cùm Orientis, tùm Occidentis ultrà Arcadii Honoriique tempora. Venise 1593 & 1602 in-fol. Lyon 1608, & Geneve 1623 in-fol. Le même ouvrage est inséré dans le tome VII. des antiquités rom. de Groevius. Les savans ont donné de grands éloges au commentaire de Pancirole sur la notice des dignités de l’empire. On y lit avec plaisir ce qui concerne les légions de Rome & la magistrature romaine ; mais il s’y trouve plusieurs erreurs en Géographie.


3. De claris legum interpretibus, libri IV. Venise, 1635 & 1655, in-4°. Francfort, 1721, in-4°. Cette derniere édition supérieure aux précédentes, a été donnée par M. Hofman qui a joint d’autres ouvrages sur le même sujet.


4. Rerum memorabilium, libri duo : quorum prior deperditarum, posterior noviter inventarum, est. Nurimbergæ, 1599, en 2 vol. in-8°. Lipsiæ, 1707, in-4°. L’ouvrage avoit d’abord été fait en italien. Il a été traduit en françois par Pierre de la Noue, sous ce titre : les antiquités perdues, & des choses nouvellement inventées. Lyon, 1608, in-8°. (Le chevalier de Jaucourt.)​​","[['42 15\' N 31 16\' 15"" E']]",,"42 15' N 31 16' 15"" E","42 15' N 31 16' 15"" E"
v14-1001-0,"RINGSTEDT, ou RINGSTAD","RINGSTEDT, ou RINGSTAD, (Géogr. mod.)​ ville de Danemark dans l’île de Selande, chef-lieu d’un bailliage de même nom ; il y avoit autrefois un monastere où Waldemar I. & Erric le Pieux, ont eu leur sépulture. Long. 29. 44. latit. 55. 26. (D. J.)​","[[""55 26' N 29 44' E""]]",,55 26' N 29 44' E,55 26' N 29 44' E
v14-1018-0,RIO-NEGRO,"RIO-NEGRO, (Géog. mod.)​ grande riviere de l’Amérique méridionale, qui communique avec l’Orinoque. M. de Lisle la fait courir du nord au sud ; mais il se trompe ; elle vient de l’ouest, & court à l’est en inclinant un peu vers le sud. Rio-Negro entre si parallelement dans l’Amazone, qu’on la prendroit pour un bras de l’Amazone séparé par une île. Long. 319. 30. lat. 3.


Les Portugais fréquentent cette riviere depuis plus d’un siecle, & ont bâti un fort sur son bord septentrional, à l’endroit le plus étroit qui est de 1203 toises, à 3. 9. de latit. Ils y font un grand commerce d’esclaves, & ils doivent les faire dans les limites prescrites par les lois de Portugal, qui ne permettent de priver de la liberté que celui dont on rend la condition meilleure, en le faisant esclave : tels sont ces malheureux captifs destinés à la mort, & à servir de pâture à leurs ennemis parmi les nations qui sont dans ce barbare usage. C’est par cette raison que le camp volant de la riviere Noire porte le nom de troupe de rachat ; ce camp volant pénetre chaque année plus avant dans les terres, ou remonte plus haut la riviere.


Toute la partie découverte des bords de Rio-Negro, est peuplée de missions portugaises sous la diretion des mêmes religieux du mont Carmel. Quand on a remonté pendant quinze jours, trois semaines & plus la riviere Noire, on la trouve encore plus large qu’à son embouchure, à cause du grand nombre d’îles & de lacs qu’elle forme. L’ancienne carte de M. de Lisle est plus exacte à cet égard que la nouvelle. Dans tout cet intervalle le terrein des bords est élevé, & n’est jamais inondé ; le bois y est moins fourré, & c’est un pays tout différent de celui des bords de l’Amazone. (D. J.)​","[[""3 N 319 30' E""]]",,3 N 319 30' E,3 S 319 30' O
v14-1084-0,ROA,"ROA, (Géog. anc.)​ petite ville d’Espagne, dans la vieille Castille, sur le Duero, à 28 lieues au nord de Madrid, dans un terroir fertile en vin & en blé. Elle est toute dépeuplée, quoiqu’entourée de doubles murailles, & défendue par une citadelle. Long. 14. 18. lat. 41. 45. (D. J.)​","[[""41 45' N 14 18' E""]]",,41 45' N 14 18' E,41 45' N 14 18' E
v14-1113-1,Rochefort,"Rochefort en Ardenne, (Géog. mod.)​ ville des Pays-Bas, dans le Condros, aux confins du duché de Bouillon, & de l’évêché de Liege, dont elle dépend pour le spirituel. Elle est située à 2 lieues de S. Hubert, à 6 lieues au sud-est de Dinant, & à 18 au nord ouest de Luxembourg. Elle est environnée de rochers, & a un vieux château rétabli par, le comte de Louvenstein. Ce lieu est une ancienne seigneurie érigée en comté par l’empereur Ferdinand II. Long. 22. 48. lat. 50. 10. (D. J.)​","[[""50 10' N 22 48' E""]]",,50 10' N 22 48' E,50 10' N 22 48' E
v14-1116-0,"ROCHELLE, la","ROCHELLE, la, (Géog. mod.)​ ville maritime de France, capitale du pays d’Aunis, sur l’Océan, à 34 lieues au nord de Bordeaux, & à 100 au sud-ouest de Paris. Longitude, suivant Cassini, 16. 28. 30. lat. 46. 10. 15.


Cette ville a été nommée par les anciens Portus santonum, parce qu’elle étoit autrefois dépendante de la province de Saintonge, & le meilleur port qu’il y eût dans ces quartiers-là sur l’Océan. Depuis on l’a nommée Rupella, & Rochella pour Rocella, noms qui signifioient un petit roc, & qu’on lui a donné, soit à cause du fonds pierreux sur lequel elle est bâtie, soit à cause qu’orginairement elle n’étoit qu’un château avec quelques maisons habitées par des gens de mer.


Ce château appartenoit en premier lieu aux seigneurs de Mauléon en Poitou. Guillaume, dernier comte de Poitiers, l’usurpa sur les seigneurs de Mauléon : il en fit une petite ville, & lui donna des pri-​vileges. Cette ville s’accrut avec le tems, & se forma en une espece de république, ayant appartenu au roi d’Angleterre depuis le mariage d’Eléonore de Guyenne avec Henri II. Ses privileges furent confirmés par Louis VIII. fils de Philippe-Auguste, lorsqu’il s’en rendit maître en 1224.


La Rochelle étoit déja dans ce tems-là un port de mer très-florissant par son commerce, comme il paroît par ces vers d’un auteur ancien, Nicol. de Braia, de gest. Ludov. VIII.



Declivi littore Ponti
Nobilis, & famâ toto celeberrima mundo
Divitiisque potens priscis, & gente superbâ
Est Rupella.


La Rochelle fut cédée aux Anglois par le traité de Brétigni, l’an 1360, & douze ans après elle se donna au roi de France Charles V. à condition qu’elle conserveroit tous ses privileges, & qu’en outre elle auroit droit de battre en son propre nom de la monnoie d’argent ; que les échevins seroient réputés nobles ; que le maire resteroit gouverneur de la ville ; & qu’enfin sa charge seule ennobliroit sa famille.


Le Calvinisme s’y introduisit en 1557, & le prince de Condé eut, pour ainsi dire, la gloire d’y regner. Le brave la Noue la défendit en 1574 contre Henri, duc d’Anjou, frere de Charles IX. & obligea ce prince d’en lever le siege. Les Protestans y tinrent depuis la plûpart de leurs synodes, & son commerce florissant tous les jours davantage, la rendit puissante jusqu’au tems du cardinal de Richelieu, qui résolut de soumettre cette ville à l’autorité royale, de casser ses privileges, & d’y détruire le Calvinisme.


Il engagea Louis XIII. à cette expédition. Ce prince, pour commencer à brider les Rochelois, fit construire le fort Louis. Ensuite il assiégea la ville en 1627, & s’en rendit le maître l’année suivante, après treize mois d’un siege des plus mémorables, pendant lequel les habitans souffrirent avec courage une des plus horribles famines dont l’histoire fasse mention. De quinze mille personnes qui se trouvoient dans cette ville, quatre mille seulement survécurent à cet affreux désastre. Etrange pouvoir de l’esprit de religion sur les hommes !


Enfin, la réduction de cette ville fut dûe à l’invention d’une digue de 747 toises dont Clément Metezeau de Dreux fut l’inventeur, & que le cardinal de Richelieu fit exécuter, pour empêcher les Anglois de secourir la place. Il est étonnant combien de millions le clergé fournit pour la prise de cette ville, & avec quelle joie il en faisoit les avances.


Louis XIII. étant entré dans la Rochelle le jour de la Toussaint 1628, priva les Rochelois de tous leurs privileges, fit abattre leurs belles fortifications, nomma de nouveaux magistrats, & un plus grand nombre de prêtres catholiques.


Louis XIV. fortifia cette ville de nouveaux ouvrages, qu’imagina & qu’exécuta le maréchal de Vauban. Il fit la Rochelle chef d’une généralité, & y établit un intendant distingué de celui de Rochefort, qui a la marine. Il y a aussi créé un bureau des finances, une chambre du domaine, un présidial, une élection, & y a laissé subsister l’hôtel des monnoies.


Les Jésuites y obtinrent un college, & ensuite la direction d’un séminaire l’an 1694 ; le siege épiscopal de Maillezais fut transféré dans cette ville en 1649 ; & pour former le diocèse on y a joint le pays d’Aunis & l’île de Ré, que l’on a démembrés de l’évêché de Saintes.


Les rues de la Rochelle sont en général assez droites, & la plûpart des maisons soutenues par des arcades. La ville est percée de cinq portes. Son port qui peut avoir quinze cens pas de circuit, & qui est de forme presque ronde, est un des plus commodes de​ l’Océan. Deux grosses tours le défendent. La mer y a reflux de plus de quatre toises. Tous les vaisseaux excepté ceux de haut-bord y entrent.


Mais ceux qui desireront de plus grands détails de l’histoire de cette ville, peuvent lire un petit livre de M. Galland (Auguste), sur la naissance, l’ancien état, & l’accroissement de la Rochelle.


J’ajouterai seulement que son principal commerce actuel est celui des îles de l’Amérique. Ses manufactures consistent en rafinerie du sucre des îles. Les Suédois, les Danois, les Hambourgeois, les Anglois & les Hollandois y envoient chaque année plusieurs vaisseaux pour y charger des vins, des eaux-de-vie, du sel, & quelques autres marchandises. On a aussi érigé dans cette ville en 1734 une académie de belles lettres.


Imbert (Jean), jurisconsulte du xvj, siecle, né à la Rochelle, s’est fait connoître avec estime par deux ouvrages de droit : 1°. Enchiridion juris scripti Galliæ, que Theveneau a traduit en françois : 2°. Institutiones forenses, ou Pratique du barreau, en latin & en François.


François Tallemant l’aîné, abbé du Val-Chrétien, étoit né dans cette ville. Il fut aumônier du roi pendant vingt-quatre ans, & ensuite premier aumônier de madame. Sachant très-bien la langue italienne, il traduisit avec succès l’histoire de Venise du procurateur Nani ; mais il ne consulta pas assez ses forces en mettant au jour la traduction des vies de Plutarque ; cette traduction fut promptement méprisée de tous les connoisseurs. Il mourut en 1693, âgé de 73 ans.


On l’appelloit Tallemant l’aîné pour le distinguer de Paul Tallemant son cousin, son compatriote & ecclésiastique comme lui. Ils furent tous deux de l’académie Françoise, mais Paul étoit encore de l’académie des Inscriptions. Il mourut en 1712 à 70 ans.


Colomiés (Paul), en latin Paulus Colomesius, savant écrivain protestant, naquit à la Rochelle dans le dernier siecle ; mais il se retira en Angleterre avant d’essuyer les rudes coups de la tempête, qui a englouti l’édit de Nantes. Il témoigna bientôt, étant à Londres, la préférence qu’il donnoit à la communion épiscopale sur le presbytérianisme, comme il paroît par son livre intitulé Theologorum presbyterianorum Icon. Il n’a pas cessé depuis de travailler sur différens sujets. Il est mort à Londres en 1692, j’ignore à quel âge.


Tous ses ouvrages sont utiles & agréables aux curieux de l’histoire, parce qu’ils y trouvent beaucoup de choses à apprendre ; aussi sont-ils plus recherchés dans les pays étrangers que dans ce royaume. Les principaux sont 1°. Gallia orientalis, qui a été réimprimée à Hambourg en 1709, avec d’autres opuscules de l’auteur, qui avoient paru à Paris en 1668 : 2°. Italia & Hispania orientalis : 3° Observationes sacræ : 4°. Mélanges historiques : 5° Bibliotheque choisie, dont la meilleure édition a été faite à Paris en 1731, avec des notes de M. de la Monnoie. Le pere Niceron vous indiquera les autres ouvrages de M. Colomiés, dans ses mémoires des hommes illustres, tome VII, p. 196. Bayle a fait aussi l’article de ce savant. (Le Chevalier de Jaucourt.)​","[['46 10\' 15"" N 16 28\' 30"" E']]",,"46 10' 15"" N 16 28' 30"" E","46 10' 15"" N 16 28' 30"" O"
v14-1140-0,RODEZ,"RODEZ, (Géog. mod.)​ ville de France, dans le gouvernement de Guyenne, capitale du Rouergue, sur une colline, au pié de laquelle passe l’Aveiron, à 10 lieues d’Albi, à 20 de Toulouse, & à 130 de Paris. Long. suivant Cassini, 19. 37′. 30″. latit. 44. 20′. 40″.


Il y a dans cette ville sénéchaussée, présidial, & élection ; l’évêché étoit établi dès l’an 450, & a été suffragant de l’archevêché de Bourges, jusqu’à l’érection de celui d’Albi, sous lequel il est à présent. Il vaut au-moins quarante mille livres de revenu à l’évêque, qui est en partie seigneur de la ville, & prend la qualité de comte de Rodez ; son diocèse renferme environ 450 paroisses.


La cathédrale est un édifice gothique, mais assez beau ; son clocher bâti en pierres de taille, est renommé pour sa hauteur. Le chapitre est considérable, étant composé de quatre archidiaconés, quatre personnats, & vingt-quatre chanoines ; les canonicats valent 12 à 1500 livres années communes, & les archidiaconats sont encore meilleurs.


Mais la ville de Rodez est vilaine ; les rues sont étroites, sales, & la plûpart en pente ; les maisons sont aussi fort mal bâties ; on y compte environ six mille ames. Il s’y tient quatre foires par an, où l’on vend beaucoup de mules & de mulets pour l’Espagne ; ce qui fait un commerce assez considérable, outre les toiles grises & les serges qu’on débite en Languedoc.


Rodez se nomme en latin Segodunum, Segodunum Rectenorum, Ruteni, & urbs Rutena. Ptolomée connoît le nom de Segodunum, qui est aussi marqué dans la carte de Peutinger ; & par-là on voit que ce nom étoit encore en usage au commencement du v. siecle ; mais Grégoire de Tours, & ceux qui l’ont suivi, ne se servent que du mot Ruteni, qui est le nom du peuple.


Deux jésuites, le P. Annat, & le P. Ferrier, tous deux consécutivement confesseurs de Louis XIV. tous deux auteurs de plusieurs livres contre les Jansénistes, sont nés à Rodez, ou du-moins pour ce qui regarde le P. Annat, dans le diocèse de cette ville : leurs nombreux écrits polémiques sont morts avec eux.


Mais M. Amelot de la Houssaye rapporte un trait honorable à la mémoire du P. Ferrier : un chanoine de Bourges appellé Perrot, parent du P. Bourdaloue, lui écrivit une lettre par laquelle il tâchoit de l’engager de demander au roi, que les évêques qui seroient nommés à l’avenir par sa majesté, eussent à recevoir lors de leur sacre, de la main de son confesseur, la croix pectorale & l’anneau nuptial, & à payer au confesseur une certaine somme, à proportion du revenu des évêchés.


Le P. Ferrier en donnant cette lettre à lire à M. Amelot, lui dit : « Voilà un homme qui me propose de lever une nouvelle annate sur les évêchés futurs ; je songeois à lui procurer quelque petite abbaye, mais puisqu’il a perdu l’esprit, il n’aura rien ». (Le Chevalier de Jaucourt.)​","[['44 20\' 40"" N 19 37\' 30"" E']]",,"44 20' 40"" N 19 37' 30"" E","44 20' 40"" N 19 37' 30"" E"
v14-1143-0,"RODOSTO, ou RODOSTA, ou RODESTO","RODOSTO, ou RODOSTA, ou RODESTO, (Géog. mod.)​ ville de la Turquie européenne, dans la Romanie, sur la côte de la mer de Marmora, au fond d’un petit golfe de même nom, à 6 lieues au sud-ouest d’Héraclée, & à 24 de Constantinople ; les Grecs y ont quelques églises, & les Juifs deux synagogues ; son port lui procure l’avantage d’un commerce assez considérable. Long. 45. 10. lat. 40. 54. (D. J.)​","[[""40 54' N 45 10' E""]]",,40 54' N 45 10' E,40 54' N 45 10' E
v14-1167-0,ROHACZOW,"ROHACZOW, (Géog. mod.)​ ville de Pologne, dans le duché de Lithuanie, capitale d’un territoire du même nom, au confluent du Nieper & de l’Odrwa. Long. 49. 16. latit. 53. 10. (D. J.)​","[[""53 10' N 49 16' E""]]",,53 10' N 49 16' E,53 10' N 49 16' E
v14-1180-0,ROLDUC,"ROLDUC, (Géogr. mod.)​ en latin Rodia ducis ; petite ville des Pays-bas dans le duché de Limbourg, à quatre lieues au nord d’Aix-la-Chapelle, & chef-lieu d’une contrée de même nom, qui appartient en partie à la maison d’Autriche, & en partie aux Etats généraux, par le traité réglé à la Haye en 1661. Le territoire de Rolduc a d’orient en occident environ six lieues de longueur, & deux de largeur du nord du sud. Long. 23. 52. latit. 50. 48. (D. J.)​","[[""50 48' N 23 52' E""]]",,50 48' N 23 52' E,50 48' N 23 52' E
v14-1229-0,RONCIGLIONE,"RONCIGLIONE, (Géog. mod.)​ ville ou bourgade d’Italie, chef-lieu d’un petit état enclavé dans le patrimoine de S. Pierre, sur la Tereia, à 6 lieues au midi de Viterbe. Cette petite ville est assez marchande, & a un college occupé par les peres de la Doctrine. L’état de Roncigli ne appartenoit autrefois aux ducs de Parme, mais il dépend aujourd’hui du pape. Long. 29. 48. latit. 42. 14. (D. J.)​","[[""42 14' N 29 48' E""]]",,42 14' N 29 48' E,42 14' N 29 48' E
v14-1363-0,ROTZIG,"ROTZIG, (Géog. mod.)​ ou Oroschick, ville dépendante du Turc, dans la Bulgarie, sur la rive droite du Danube, au levant de Widin. Long. 43. 27. lat. 44. 11.","[[""44 11' N 43 27' E""]]",,44 11' N 43 27' E,44 11' N 43 27' E
v14-1381-0,ROUEN,"ROUEN, (Géog. mod.)​ ville de France, capitale de la Normandie, sur la rive droite de la Seine, à 20 lieues au sud-ouest d’Amiens, & à 28 au nord-ouest de Paris. Long. suivant Cassini, 18d. 36′. 30″. lat. 49d. 27′. 30″.


Cette ville fut nommée premierement Rothomagus, & ensuite Rothomum, & par corruption Rodomum. C’étoit la principale place des peuples Velocasses, desquels elle n’a pas pris le nom, comme plusieurs autres villes ont pris celui de leurs peuples. Quoiqu’on ne puisse nier que cette ville ne soit ancienne ; Jules-César, dans ses commentaires, & les autres écrivains romains n’en ont fait aucune mention avant Ptolomée. Il falloit cependant que cette ville fût considérable, puisque quand on divisa en deux la province lyonnoise, sous Constantin, on donna Rouen pour capitale à la nouvelle province lyonnoise.


On ne doute point que l’ancien nom de Rouen, Rothomagus, ne soit gaulois ; mais son origine est inconnue : les uns la tirent de l’idole Rotho qu’on adoroit dans ce lieu, & de magus ou magum, qui en langue celtique signifie ville : d’autres aiment mieux adopter l’étymologie du même mot magus, & des deux premieres syllabes de Rotobecum, qui est le nom latin de la petite riviere de Robec qui coule à Rouen.


Cette ville n’a d’autre enceinte qu’une muraille, avec des tours rondes à l’antique, & des bastions irréguliers. Ses rues y sont petites, étroites, & les maisons en général assez vilaines ; mais il y a des fontaines en nombre qui sont d’une grande commodité ; les dehors de la ville sont très-beaux, & les promenades, sur-tout celles du quai & du cours, sont agréables.


D’ailleurs Rouen est une des plus grandes villes, des plus riches & des plus peuplées du royaume. Elle renferme dans ses murailles plus de soixante mille ames. C’est le siége d’un illustre parlement, d’une chambre des comptes, d’une cour des aides, d’une intendance, d’un présidial, d’une généralité, d’un bailliage, & d’un hôtel de monnoies.


Le parlement de Rouen a été établi en la place de l’échiquier, qui sous les anciens ducs de Normandie, étoit comme un parlement ambulatoire, tant pour l’administration de la justice, que pour toutes les autres affaires qui regardoient le bien du pays. On l’assembloit tantôt à Rouen, tantôt à Caën, quelquefois à Falaise, ou en d’autres villes, selon les ordres du prince, sans qu’il y eût aucun lieu fixe. Louis XII. rendit cette cour perpétuelle en 1499, & François I. lui donna le nom de parlement en 1515.


La réinstitution de la chambre des comptes est dûe à Henri III. qui l’unit en 1580 à la cour des aides de Normandie. Elle a toute cette province dans son département. Cette chambre des comptes avoit déjà été créée en 1380, mais Henri II. l’avoit supprimée en 1553. La cour des aides de Normandie fut établie à Rouen par l’édit de 1483. Celle de Caën lui fut unie par l’édit de Janvier 1641 ; & la même cour des aides de Rouen fut unie à son tour à la chambre des comptes de la même ville en 1705.


Le bureau des finances de Rouen fut établi au mois de Janvier 1551. Cette généralité comprend quatorze élections ; il y a aussi dans la même ville un siége d’amirauté & un consulat.


Le commerce de Rouen est très-considérable, par le grand nombre de manufactures de draperie, & autres étoffes, de tapisseries, de mercerie, de toiles, de fils, de tanneries, &c. Le commerce est encore facilité par la position de cette ville, où la marée est​ si haute, que les vaisseaux de 200 tonneaux y peuvent aborder.


Le pont de Rouen est d’une structure singuliere, étant de bateaux joints ensemble, pavés par-dessus, se haussant & se baissant avec les flots de la mer. Il est cependant incommode par son grand entretien, & de plus, on est presque tous les ans obligé de le démonter, pour empêcher que les glaces n’en emportent une partie. Ce pont fut construit en l’an 1626. Il a deux cens soixante & dix pas de long, & donne passage dans le fauxbourg de saint Sévere. Le pont de pierre qu’il y avoit précédemment à Rouen n’existe plus ; ses arches tomberent en ruine en 1502, en 1533, & en 1564 ; on pourroit cependant le rebâtir dans les mêmes endroits, en lui donnant moins de hauteur & plus de largeur.


Le 25 de Juin de l’an 1633, Rouen éprouva la fureur d’un ouragan, accompagné de tonnerre, de grêle, & de pluie, qui firent des dégats terribles en divers endroits. La pyramide revêtue de plomb qui étoit sur la tour de l’église de saint Michel, fut arrachée au-dessus des cloches, & transportée par le vent au milieu de la rue où elle se brisa. Plusieurs tours & clochers furent ébranlés & endommagés par cette horrible tempête, qui ne dura pas un quart d’heure sur la ville, mais qui y causa un dommage qui montoit à plus de deux millions. Elle déracina dans la campagne les plus gros arbres, saccagea les grains, les légumes, les herbages, & les fruits.


L’archevêché de Rouen est un des plus beaux, des plus anciens, & des plus riches qui soient en France. Il vaut au-moins soixante & dix mille livres de rente ; son diocèse comprend 1388 paroisses distribuées sous six archidiaconés, vingt-sept doyennés ruraux, & le sous-doyenné de la ville. Nicaise est regardé pour le premier évêque de Rouen. On compte déjà douze archvêques de cette ville qui ont été cardinaux. Il se dit primat de Normandie, quoiqu’il n’ait aucun archevêque pour suffragant ; mais ce titre lui donne la prérogative de dépendre immédiatement du saint siége.


Le chapitre de l’église cathédrale est composé de dix dignités, & de cinquante-un chanoines, en comptant l’archevêque, qui en cette qualité préside & a voix en chapitre, outre que les dignités & canonicats, à l’exception du haut doyenné, sont à sa nomination.


Tous les évêques de la province sont obligés de prêter serment à l’église cathédrale de Rouen ; mais son droit le plus singulier, c’est de pouvoir délivrer un prisonnier le jour de l’Ascension, après que ce prisonnier a levé la fierte, c’est-à-dire la châsse de saint Romain. Voyez Fierte.


Outre le chapitre de la cathédrale, il y en a encore deux dans la ville, & plusieurs abbayes, dont celle qui porte le nom de saint Ouen, & qui est de bénédictins réformés, jouit aujourd’hui de soixante mille livres de revenus ; on compte dans cette ville trente-cinq paroisses, & cinquante-six couvents : les jésuites y avoient aussi un college, fondé par le cardinal de Joyeuse.


On a établi depuis peu à Rouen une académie de Belles-Lettres, & c’est avec raison, car je crois qu’après Paris, c’est la ville du royaume qui a produit le plus d’hommes célebres dans les sciences & les beaux arts. La liste en est nombreuse, mais je ne me propose que d’indiquer ici les principaux. Je commencerai pour suivre l’ordre alphabétique, par Mrs Basnage.


Basnage (Jacques), calviniste, se retira en Hollande, lors de l’édit de Nantes, devint pasteur à la Haye, & comme dit M. de Voltaire, étoit plus propre à être ministre d’état que d’une paroisse. Les ouvrages qu’il a composés lui ont acquis une grande​réputation dans toute l’Europe, sur-tout son histoire des Juifs, celle de l’Eglise depuis Jesus-Christ jusqu’à présent, & celle des Provinces-Unies, parce que ce sont des ouvrages d’une utilité générale.


Son traité de la conscience parut à Amsterdam en 1696, & fait deux volumes in-8°. L’histoire de l’Eglise vit le jour à Rotterdam 1699, en deux volumes in-folio. Un des morceaux le plus curieux de cet ouvrage, est celui où il prouve qu’on a placé sur les autels un grand nombre de saints qui n’ont jamais existé, & qu’on a multiplié les persécutions pour multiplier le nombre des martyrs.


Son histoire des Juifs a été faite pour servir de supplément à celle de Joseph. La premiere édition est à Rotterdam 1706, en cinq volumes in-12. Elle a été tellement augmentée depuis, qu’elle contient aujourd’hui quinze volumes in-12. Le pere Simon, bon juge en ces matieres, convient que c’est un des meilleurs ouvrages de l’auteur. Il y faut joindre ses antiquités judaïques, ou remarques critiques sur la république des Hébreux, Amsterdam 1713, in-8°. deux volumes. Il refute dans cet ouvrage l’opinion du pere Baltus sur les oracles opérés par les démons.


Ses annales des Provinces-Unies forment deux volumes in-fol. le premier parut à la Haye en 1719, & le second en 1726. Le pensionnaire Heinsius trouvoit que cet ouvrage, quoique fautif en quelques endroits, étoit le meilleur qu’on eût publié en ce genre.


M. Basnage avoit aussi beaucoup travaillé au thesaurus monumentorum ecclesiasticorum & historicorum de Canisius, grand & bel ouvrage que les Wetsteins ont publié Antuerpiæ 1725, in-fol. On trouvera dans le dictionnaire de Chaufepié la liste complette des écrits de M. Basnage, avec un abrégé de sa vie. On peut aussi consulter le pere Niceron, tom. IV. & tom. X. Il mourut en 1723, dans sa 71e. année.


Basnage de Beauval (Henri), son frere, avocat en Hollande, mais encore plus philosophe, a écrit de la tolérance des religions. Il a aussi donné l’histoire des ouvrages des savans, & le dictionnaire de Furetiere augmenté. Il mourut en 1710, à 53 ans.


Un de ses cousins, Basnage de Flottemanville (Samuel), qui avoit été ministre à Bayeux, se retira à Zutphen, où il publia en 1706, en trois volumes in-fol. une savante critique des annales de Baronius, sous le titre de annales politico-ecclesiasiici. Enfin tous les Basnages qui ont vécu depuis le commencement du xvij. siecle jusqu’à ce jour, soit en France, soit dans les pays étrangers, se sont illustrés dans les lettres.


Jean du Bosc, seigneur d’Esmendreville, président en la cour des aides de Rouen sa patrie, est auteur de quelques livres savans, entre autres de celui qui est intitulé, de legitimis nuptiis ; son ouvrage de Numæ Pompilii sacris, déplut beaucoup aux catholiques romains. Il avoit été employé dans des ambassades importantes, & cependant il fut condamné à perdre la tête par la main du bourreau en 1562, comme un des principaux auteurs de la résistance que Rouen avoit faite aux armes du roi, dans la premiere guerre civile sous Charles IX. « Digne d’une meilleure destinée, dit le Laboureur, il avoit été élevé comme les illustres de son tems, qui aspiroient à la possession des belles sciences, & principalement de la jurisprudence, qu’il alla puiser dans sa source, au voyage qu’il fit exprès en Italie ».


Bochart (Samuel), ministre de l’Evangile à Caën, & l’un des plus savans hommes du monde, naquit l’an 1599, d’une famille noble & féconde en personnes de mérite. Il savoit le grec, l’hébreu, l’arabe, l’éthiopien, & autres langues orientales. La reine de Suede l’attira en 1652 à Stockolm, où elle lui donna des marques publiques de son estime, tandis qu’il n’éprouva que de la jalousie de M. Bourdelot. Il fit​ le voyage de Suede avec M. Huet, évêque d’Avranches, qui a donné en vers latins une relation fort gentille de ce voyage. De retour à Caën, il y reprit ses fonctions de ministre, & mourut subitement en parlant, dans l’académie de cette ville, en 1667, à 78 ans.


Il se fit une grande réputation en 1646, par la publication du Phaleg & du Chanaam, qui sont les titres des deux parties de sa géographie sacrée. Il y traite, 1°. de la dispersion des peuples, causée par la confusion des langues ; 2°. des colonies & de la langue des Phéniciens. Il se proposoit de travailler sur les animaux, sur les plantes, & sur les pierres précieuses de la Bible ; mais il n’a pû achever que ce qui regarde les animaux, ouvrage qu’on imprima à Londres en 1663, in-fol. sous le titre d’Hierozoïcon. Les deux ouvrages que nous venons de citer, sont remplis d’une érudition immense, & rendront la mémoire de M. Bochart immortelle dans la littérature.


Brumoy (Pierre) savant jésuite, qui se fit aimer par sa probité & les qualités de son cœur, mourut à Paris en 1742, âgé de 54 ans. Il a fait des poésies, mais son théâtre des Grecs est le meilleur ouvrage qu’on ait en ce genre. Il n’étoit peut-être pas si mal fondé qu’on le croit, à admirer le mérite & la supériorité du théâtre grec.


Brun Desmarets (Jean-Baptiste de), savant dans les recherches ecclésiastiques, se vit enveloppé dans la disgrace de Mrs de Port-royal, & fut mis à la bastille où il resta cinq ans. Il mourut à Orléans en 1731, dans un âge très-avancé. Il a donné, 1°. les breviaires d’Orléans & de Nevers ; 2°. une édition de saint Paulin ; 3°. voyages liturgiques de France, in-8°. livre rempli de recherches curieuses ; 4°. il avoit achevé une édition des œuvres de Lactance, que M. Langlet du Fresnoy a publiée avec des augmentatations, en deux volumes in-4°.


Bulteau (Louis) fut secrétaire du roi, mais il se démit de cette charge au bout de quatorze ans, & passa le reste de ses jours chez les bénédictins. Il mourut d’apoplexie en 1693, à 68 ans. Il a publié quelques ouvrages anonymes & assez bien écrits. Les principaux sont, 1°. Essai de l’histoire monastique ; 2°. Abrégé de l’histoire de l’ordre de saint Benoît, deux volumes in-4°. 3°. Traduction des dialogues de saint Grégoire le grand, avec de savantes notes, &c.


Charleval (Jean-Louis Faucon de Ris, seigneur de) neveu, frere & oncle de Mrs Faucon de Ris, tous trois premiers présidens du parlement de Normandie, étoit d’une complexion si foible, qu’on ne croyoit pas qu’il dût vivre long-tems. Il ne mourut pourtant qu’en 1688, dans sa 80e. année ; & malgré la délicatesse de son tempérament, il dut au régime une assez bonne santé. Il étoit ami de Sarrasin & de Scarron, & l’étude des belles-lettres fit son plaisir ; mais il étoit peu communicatif. L’agrément de sa conversation le faisoit pourtant rechercher de tout le monde, & la plûpart des écrivains de son tems, ont loué la justesse de son style & la délicatesse de son goût : il portoit quelquefois cette derniere jusqu’au rafinement.


Nous n’avons qu’un petit nombre de ses écrits dispersés en différens recueils. Après sa mort les originaux de ses lettres & de ses poésies tomberent entre les mains de son neveu, le premier président, qui moins communicatif encore que Charleval lui-même, refusa de les laisser imprimer. Le peu qui nous reste de cet écrivain délicat, le fait juger digne d’occuper une place parmi nos auteurs agréables. La conversation du maréchal d’Hocquincourt & du pere Canaye, imprimée dans les œuvres de St. Evremont, est de Charleval, jusqu’à la petite dissertation sur le Jansénisme & sur le Molinisme, que St. Evremont y a ajoutée.


Choisi (François Timoléon de), l’un des quarante​de l’académie Françoise, naquit en 1644. Il fut envoyé vers le roi de Siam en 1685, avec le chevalier de Chaumont, & fut ordonné prêtre dans les Indes par le vicaire apostolique. Il mourut à Paris en 1724. Il a mis au jour divers ouvrages, dont les principaux sont, 1°. Relation du voyage de Siam ; 2°. plusieurs vies, comme celle de saint Louis, de Philippe de Valois, du roi Jean, de Charles V. de Charles VI. & de madame de Miramion ; 3°. Quatre Dialogues sur l’immortalité de l’ame, qu’il composa avec M. Dangeau ; 4°. une traduction de l’imitation de Jesus-Christ dédiée à madame de Maintenon, avec cette épigraphe, qui ne parut que dans une seule édition ; concupiscet rex decorem tuum ; 5°. des Mémoires de la comtesse des Barres : cette comtesse des Barres étoit lui-même.


« Il s’habilla, dit M. de Voltaire, & vêcut en femme plusieurs années ; il acheta sous le nom de la comtesse des Barres, une terre auprès de Tours. Ces mémoires racontent, avec naïveté, comment il eut impunément des maîtresses sous ce déguisement. Pendant qu’il menoit cette vie, il écrivoit l’histoire ecclésiastique, qu’il publia en 11. vol. in-12. Dans ses mémoires sur la cour, on trouve des choses vraies, quelques unes de fausses, & beaucoup de hasardées ; ils sont écrits dans un style trop familier ».


Corneille (Pierre) naquit en 1606, & sera toujours le pere du théâtre françois, car il faut le juger par ses chef-d’œuvres ; nous aurons occasion de parler de lui au mot Tragédie, & la même occasion s’est déja présentée sous d’autres articles ; j’ajouterai seulement qu’il exerça dans sa patrie la charge d’avocat général à la table de marbre, sans connoître lui-même les talens extraordinaires qu’il avoit pour la poésie dramatique. Une avanture de galanterie lui fit composer sa premiere piece intitulée Mélite, qui eut un succès prodigieux. Il mourut doyen de l’académie françoise en 1684, à 78 ans.


Corneille (Thomas) auroit eu la plus grande réputation dans le théâtre sans ce frere aîné ; mais malgré le peu de cas que M. Despreaux en faisoit, il doit tenir un rang considérable parmi nos poëtes tragiques ; & peut-être est-il supérieur à tous nos auteurs dramatiques dans la constitution de la fable. Il étoit de l’académie Françoise, & de celle des Inscriptions ; mais il mourut pauvre en 1709, à 84 ans. C’étoit un homme fort laborieux, car outre ses pieces de théâtre, au nombre de trente-quatre, on a de lui, 1°. un Dictionnaire géographique en 3 volumes in-fol. meilleur pour la Normandie que pour le reste ; 2°. un Dictionnaire des arts & des sciences, qui ne mérite plus d’être aujourd’hui consulté ; 3°. la traduction des métamorphoses, & de quelques épitres d’Ovide, heureusement rendues, &c.


Daniel, (Gabriel) célebre jésuite, qui dans son histoire de France a rectifié les fautes de Mezerai sur la premiere & la seconde race ; on lui a reproché, dit M. de Voltaire, que sa diction n’est pas toujours assez pure, que son style est trop foible, qu’il n’intéresse pas, qu’il n’est pas peintre, qu’il n’a pas assez fait connoître les usages, les mœurs, les lois ; que son histoire est un long détail d’opérations de guerre, dans lesquelles un historien de son état se trompe presque toujours ; enfin qu’il parle trop peu des grandes qualités d’Henri IV. & trop du P. Cotton.


Cependant, ajoute M. de Voltaire, l’histoire du P. Daniel, avec tous ses défauts, est encore la moins mauvaise qu’on ait, du moins jusqu’au regne de Louis XI. Il dit dans sa préface, que les premiers tems de l’histoire de France sont plus intéressans que ceux de Rome, parce que Clovis & Dagobert avoient plus de territoire que Romulus & Tarquin ; il ignoroit, en parlant ainsi, que les foibles commencemens de tout ce qui est grand, intéressent toujours les​ hommes ; on admire la foible origine d’un peuple qui étendit son empire jusqu’à l’Elbe, l’Euphrate, & le Niger. D’ailleurs, rien n’intéresse moins que les commencemens de notre histoire, & même depuis le cinquieme siecle jusqu’au quinzieme, ce n’est qu’un cahos d’avantures barbares, sous des noms barbares.


Outre l’histoire de France du P. Daniel, dont il donna aussi un abregé en 9 vol. in-12. il a encore publié, 1°. une Histoire de la milice françoise, in-4°. en 2 vol. 2°. Voyage du monde de Descartes, in-12. c’est une jolie critique du système de ce philosophe ; ce livre a été traduit en Anglois & en Italien. 3°. Plusieurs opuscules qui ont été recueillis en 3 vol. in-4°. Il mourut en 1728. âgé de 79 ans.


Fontaines (Pierre-François Guyot des) mourut à Paris en 1745, à 60 ans. Il est connu par ses observations sur les ouvrages nouveaux, journal périodique, dans lequel il n’a déchiré que trop souvent des hommes célebres, qu’il devoit aimer & estimer ; mais il s’est fait honneur par sa traduction des œuvres de Virgile, avec des remarques ; elle a été imprimée à Paris en 1754. en 4. vol. in-12. & c’est la meilleure que nous ayons dans notre langue.


Fontenelle (Bernard Bouvier de) a vû renaître cent fois le feuillage du printems, sans avoir éprouvé de passions pendant une si longue vie, & sans infirmités dans sa vieillesse ; il a fini sa carriere en 1757. & il vivoit encore quand l’auteur de l’Essai sur l’histoire générale, a fait son éloge, que personne depuis n’a contredit, ni effacé.


On peut, dit-il, regarder M. de Fontenelle comme l’esprit le plus universel que le siecle de Louis XIV ait produit ; il a ressemblé à ces terres heureusement situées, qui portent toutes les especes de fruits ; il n’avoit pas vingt ans lorsqu’il fit une grande partie de la tragédie-opera de Bellérophon ; & depuis il donna l’opéra de Thétis & Pélée qui eut un grand succès ; il fit beaucoup d’ouvrages légers, dans lesquels on remarquoit déja cette finesse, & cette profondeur qui décele un homme supérieur à ses ouvrages mêmes ; c’est ce qu’il a prouvé dans ses dialogues des morts, & dans sa pluralité des mondes. Il sut faire des Oracles de Van-dale, un livre agréable.


Il se tourna vers la géométrie & vers la physique, avec autant de facilité qu’il avoit cultivé les arts d’agrément ; nommé secrétaire perpétuel de l’academie des Sciences, il exerça cet emploi pendant plus de quarante ans avec un applaudissement universel. Son histoire de l’Académie jette très-souvent une clarté lumineuse sur les mémoires les plus obscurs ; il fut le premier qui porta cette élégance dans les sciences ; si quelquefois il y répandit trop d’ornemens, c’étoit de ces moissons abondantes dans lesquelles les fleurs croissent naturellement avec les épis.


Cette histoire de l’académie des Sciences, seroit aussi utile qu’elle est bien faite, s’il avoit eu à rendre compte de vérités découvertes ; mais il falloit qu’il expliquât des opinions combattues les unes par les autres, & dont la plûpart sont détruites. Les éloges qu’il prononça des académiciens morts, ont le singulier mérite de rendre les sciences respectables, & ont rendu tel leur auteur.


S’il a fait imprimer sur la fin de ses jours des comédies peu théatrales, & une apologie des tourbillons de Descartes, on a pardonné ces comédies en faveur de sa vieillesse, & son Carthésianisme, en faveur des anciennes opinions, qui dans sa jeunesse, avoient été celles de l’Europe.


Enfin, on l’a regardé comme le premier des hommes, dans l’art nouveau de répandre de la lumiere & des graces sur les sciences abstraites ; & il a eu du mérite dans tous les autres genres qu’il a traités. Tant de talens ont été soutenus par la connoissance de l’histoire, & il a été sans contredit, au-dessus de tous les​savans françois qui n’ont pas eu le don de l’invention.


Gendre (Louis le) obtint quelques bénéfices de M. du Harlay, archevêque de Paris, & mourut dans cette ville en 1733. à 78 ans. Il a mis au jour plusieurs ouvrages, entr’autres, 1°. la vie de M. de Harlay son bienfaiteur ; 2°. celle du cardinal d’Amboise ; 3°. une histoire de France en 3 vol. in-fol. & en 7 vol. in-12. cette histoire n’est pas supérieure à celle de Mezeray & du P. Daniel ; mais on y trouve des particularités curieuses sur les coutumes des François, en différens tems de la monarchie. Les écoliers de l’université de Paris sont redevables à l’abbé le Cendre de la fondation des prix qui s’y distribuent solemnellement depuis 1747.


Noel (Alexandre), dominicain & docteur de sorbonne, mourut à Paris en 1724, âgé de 86 ans ; il a publié divers ouvrages théologiques & polémiques, que peu de gens lisent ; mais on a réimprimé son histoire ecclésiastique, latine, qui avoit déplu aux inquisiteurs ; il y a dans cette histoire des dissertations assez estimées.


Lemery (Nicolas) naquit en 1645, & se dévoua tout entier à la chimie, qu’il étudia à Rouen, à Paris, & à Montpellier ; ensuite il en donna des leçons lui-même. Cette science, connue depuis long tems en Allemagne, étoit toute nouvelle en France, où on la regardoit comme une espece de magie : le laboratoire de M. Lemery étoit une cave, & presque un antre magique, éclairé de la seule lueur des fourneaux ; cette singularité ne lui valut qu’un plus grand nombre d’auditeurs, & les femmes même oserent être du nombre. Sa réputation augmenta ; les préparations qui sortoient de ses mains eurent un débit prodigieux, & le seul magistere de Bismuth payoit toute la dépense de sa maison ; ce magistere n’étoit pourtant autre chose que ce qu’on appelle du blanc d’Espagne, mais M. Lemery étoit le seul alors dans Paris, qui possedât ce trésor.


Il fit imprimer en 1675 son cours de Chimie, qui se vendit aussi rapidement que si c’eût été un ouvrage de galanterie, ou de satyre ; on le traduisit en latin, en anglois, en espagnol, & le président de la société royale de Séville nommoit Lemery, le grand Lemery ; cependant comme le grand Lemery étoit huguenot, on lui interdit à Paris ses cours de chimie, & la vente de ses préparations. Il se réunit à l’église catholique en 1686, pour éviter de plus grands malheurs.


Il publia en 1697 sa Pharmacopée universelle, & quelques tems après, son traité des drogues simples. On les a réimprimé plusieurs fois ; mais on a donné depuis dans les pays étrangers, de beaucoup meilleurs ouvrages en ce genre.


En 1699, M. Lemery fut nommé de l’académie des Sciences, & en 1707, il donna son traité de l’Antimoine ; il y considere ce minéral par rapport à la médecine, & par rapport à la physique ; mais malheureusement la curiosité physique a beaucoup plus d’étendue que l’usage médicinal.


Après l’impression de ce livre, M. Lemery commença à se ressentir des infirmités de la vieillesse ; enfin il fut frappé d’une attaque sérieuse d’apoplexie qui l’enleva en 1715, à l’âge de 70 ans.


Amand (Marc-Antoine-Gerard, sieur de Saint) poëte françois, né en 1594, mourut en 1661, âgé de 67 ans. Sa vie n’a presque été qu’une suite continuelle de voyages ; ce qui, si nous en croyons Despreaux, satyr. I. vers 97-108. n’aida guere à sa fortune.



Saint-Amand n’eut du ciel que sa veine en partage :
L’habit qu’il eut sur lui, fut son seul héritage :
Un lit, & deux placets composoient tout son bien ;

​
Ou, pour en mieux parler, Saint-Amand n’avoit rien.
Mais quoi ! las de traîner une vie importune,
Il engagea ce rien pour chercher la fortune,
Et tout chargé de vers qu’il devoit mettre au jour,
Conduit d’un vain espoir, il parut à la cour.
Qu’arriva-t-il enfin de sa muse abusée ?
Il en revint couvert de honte & de risée ;
Et la fievre au retour terminant son destin,
Fit par avance en lui, ce qu’auroit fait la faim.


M. l’abbé d’Olivet remarque que cette peinture en beaux vers pourroit bien n’avoir pour fondement que l’imagination de M. Despréaux, qui sans doute a cru qu’en plaçant ici un nom connu, cela rendroit sa narration plus vive & plus gaie. Les poésies de Saint-Amand font foi qu’il n’avoit pas attendu si tard ni à mendier les graces de la cour, ni à mettre au jour les vers qu’il avoit faits dans cette vue. Pour ce qui est de sa pauvreté, tout le monde en convient assez ; il faut que sa mauvaise conduite & ses débauches y aient beaucoup contribué, puisqu’il avoit assez de ressources pour vivre commodément s’il avoit su le faire d’une maniere rangée.


Il avoit été reçu à l’académie françoise dès l’origine de cette assemblée, & s’engagea de recueillir les termes grotesques & burlesques pour la partie comique du dictionnaire que l’académie avoit entrepris ; cette occupation lui convenoit tout à-fait, car on voit par ses écrits qu’il étoit fort versé dans ces sortes de termes.


Ses œuvres ont été imprimées à Paris en trois volumes in 4°. Le premier en 1627, le second en 1643, & le troisieme en 1645. Son ode, intitulée la Solitude, est sa meilleure piece, au jugement de Despréaux ; mais un défaut qui s’y trouve, c’est qu’au milieu d’agréables & de belles images, l’auteur y vient offrir à la vue, fort mal-à-propos, les objets les plus dégoûtans, des crapauds, des limaçons qui bavent, le squelette d’un pendu, & autres choses de cette nature.


Son Moise sauvé éblouit d’abord quelques personnes ; mais il tomba dans un mépris dont il n’a pû se relever, depuis l’art poétique de Despréaux, qui parlant de cette idille héroïque, chant III. vers 264.



N’imitez pas ce fou, qui décrivant les mers,
Et peignant au milieu de leurs flots entr’ouverts,
L’hebreu sauvé du joug de ses injustes maîtres,
Met pour les voir passer les poissons aux fenêtres ;
Peint le petit enfant, qui va, saute, revient,
Et joyeux à sa mere, offre un caillou qu’il tient
Sur de trop vains objets, c’est arrêter la vûe.


Un défaut inexcusable de Saint-Amand, suivant la remarque du même écrivain, c’est qu’au lieu de s’étendre sur les grands objets, qu’un sujet si majestueux lui présentoit, il s’est amusé à des circonstances petites & basses, & met en quelque sorte les poissons aux fenêtres par ces deux vers.



Et là près des remparts que l’œil peut transpercer,
Les poissons ébahis le regardent passer.


Enfin, ce poëte n’a montré quelque génie que dans des morceaux de débauche, & de satyres outrées, & quelquefois dans ses bons mots. On lui attribue celui-ci qui est assez plaisant : se trouvant dans une compagnie, où il se rencontra un homme qui avoit les cheveux noirs & la barbe blanche ; on demanda la raison de cette différence bisarre ; alors Saint-Amand sans la chercher, se tourna vers cet homme, & lui dit : « Apparemment, Monsieur, que vous avez plus travaillé de la mâchoire que du cerveau. »


Pradon (Nicolas) autre poëte françois, mort en 1698, a eu son nom extrèmement ridiculisé par les​satyres de Despréaux. Il eut grand tort après d’heureux succès, de se prêter à une puissante cabale, & d’oser donner sur le théâtre sa tragédie de Phédre & d’Hippolite, en concurrence contre celle de Racine. Le beau triompha, & plongea la piece de Pradon dans un éternel oubli. On alla plus loin ; on fit aisi l’épitaphe de l’auteur :



Cy gît le poëte Pradon,
Qui durant quarante ans d’une ardeur sans pareille,
Fit à la barbe d’Apollon
Le même métier que Corneille.


Cependant on a recueilli en un volume ses pieces dramatiques, qui sont Pirame & Thisbé ; Tamerlan ; la Troade ; Phédre & Hippolite ; Satira & Régulus, qui malgré ses défauts, peut être comptée parmi les bonnes tragédies. Cette piece que Pradon avoit donnée en 1688, étoit entierement oubliée, lorsque Baron la remit au théâtre en 1722 avec un succès éclatant.


Au reste, Pradon n’est point auteur de la tragédie du grand Scipion, quoiqu’elle lui soit attribuée dans cette épigramme que feu M. Rousseau fit à l’occasion d’une satyre remplie d’invectives, contre M. Despréaux.



Au nom de Dieu, Pradon, pourquoi ce grand courroux,
Qui contre Despréaux exhale tant d’injures ?
Il m’a berné, me direz-vous ;
Je veux le diffamer chez les races futures.
Hé, croyez-moi, restez en paix.
Envain, tenteriez-vous de ternir sa mémoire ;
Vous n’avancerez rien pour votre propre gloire ;
Et le grand Scipion sera toujours mauvais.


Le grand Scipion est d’un M. de Prade, auteur de deux autres tragédies encore moins connues, qui sont Annibal & Silanus.


Raguenet (François) embrassa l’état ecclésiastique, & cultiva l’étude des beaux Arts & de l’histoire. Il a publié celle de l’ancien Testament ; 2°. celle d’Olivier Cromwel ; 3°. celle du vicomte de Turenne ; 4°. Le parallele des François & des Italiens, dans la musique & dans les opéra, parallele dans lequel il donne la préférence aux Italiens. 5°. Les monumens de Rome ou description des plus beaux ouvrages de Peinture, de Sculpture, & d’Architecture de Rome, avec des observations. Paris 1700 & 1702 in-12. Ce petit ouvrage valut à l’auteur des lettres de citoyen romain ; il est cependant fort au-dessous des descriptions latines en ce genre. On attribue à l’abbé Raguenet, les voyages de Jacques Sadeur, livre très libre, qui a obligé l’auteur à ne pas l’avouer. Il est mort à Paris vers l’an 1720, j’ignore à quel âge.


Sanadon (Noël-Etienne) jésuite, plein de goût & de connoissances dans les belles-lettres. Il lia à Caën une étroite amitié avec M. Huet, & devint bibliothécaire du college des jésuites à Paris, où il mourut en 1733 à cinquante-huit ans. On a de lui, 1°. un excellent traité de la versification latine ; 2°. une traduction françoise d’Horace, avec des notes d’une érudition choisie ; cette traduction respire l’élégance, & même inspire du dégoût pour celle de M. Dacier, quand on vient à les comparer ensemble.


Tourneux (Nicolas le) mérita par sa vertu l’estime des honnêtes gens, & fut toujours très-attaché à MM. de Port-Royal. L’archevêque de Rouen lui donna le prieuré de Villers-sur-Fere ; il mourut subitement à Paris en 1686, à quarante-sept ans. Il a mis au jour plusieurs ouvrages de piété, entre lesquels on estime particulierement, l’Année chrétienne, qui est dans les mains de tout le monde, & que l’index de Rome a mis au nombre des livres prohibés.


Aux savans qui viennent d’être nommés, je ne dois​ pas oublier de joindre une dame illustre par son esprit & ses ouvrages, mademoiselle Bernard (Catherine) de l’académie des Ricovrati, morte à Paris en 1712 ; elle a donné en prose des brochures sous le nom de nouvelles, que le public a goûtées ; mais elle s’est encore distinguée par ses vers, qui lui ont fait remporter en 1691 & 1693, le prix de poésie de l’académie françoise, & qui lui ont valu une triple couronne dans l’académie des jeux floraux de Toulouse.


Elle composa avec M. de Fontenelle deux tragédies, Brutus & Léodamie, dont à la vérité la derniere n’eut point de succès. Ses pieces fugitives ont été répandues dans differens recueils ; on s’est trompé cependant en donnant sous son nom, la jolie sable allégorique de l’imagination & du bonheur ; cette fable est de M. la Parisiere, évêque de Nîmes, successeur du célebre Fléchier.


Mais le pere Bouhours a inseré dans son recueil de Vers choisis, le placet au roi, par lequel mademoiselle Bernard prie Louis XIV. de lui faire payer les deux cens écus de pension dont il l’avoit gratifiée. Ce placet est conçu en ces termes :



SIRE, deux cens écus sont-ils si nécessaires
Au bonheur de l’état, au bien de vos affaires,
Que sans ma pension vous ne puissiez dompter
Les foibles alliés & du Rhein & du Tage ?
A vos armes, grand Roi, s’ils peuvent résister ;
Si pour vaincre l’effort de leur injuste rage
Il falloit ces deux cens écus,
Je ne les demanderois plus.
Ne pouvant aux combats, pour vous perdre la vie,
Je voudrois me creuser un illustre tombeau ;
Et souffrant une mort d’un genre tout nouveau,
Mourir de faim pour la patrie.
SIRE, sans ce secours tout suivra votre loi,
Et vous pouvez en croire Apollon sur sa soi.
Le sort n’a point pour vous démenti ses oracles
Ah ! puisqu’il vous promet miracles sur miracles,
Faites-moi vivre, & voir tout ce que je prévois.


Enfin, la capitale de Normandie a produit des citoyens qui se sont uniquement dévoués à la recherche de son histoire. Taillepié (Nicolas) en a publié le premier les antiquités en 1588 ; mais en 1738 Farin (François) prieur du Val, a mis au jour l’histoire complette de cette ville en 2. vol. in 4°. on peut la consulter.


Ainsi, tout nous autorise à chanter la gloire de Rouen, & à nous persuader, que ce ne sera point par cette ville, ni par la province dont elle est la capitale, que la barbarie commencera dans ce royaume. (Le chevalier de Jaucourt.)​","[['49 27\' 30"" N 18 36\' 30"" E']]",,"49 27' 30"" N 18 36' 30"" E","49 27' 30"" N 18 36' 30"" E"
v14-1383-0,ROVERE ou ROVEREDO,"ROVERE ou ROVEREDO, (Géog. mod.)​ en latin du moyen âge Roboretum ou Rovoretum ; petite ville du Tirol, aux confins de l’état de Venise, près de l’Adige, sur un torrent pour le passage duquel on a taillé un pont de pierre, défendu par deux tours & un fort château, à 12 milles de Trente, & à 47 de Bresce. Long. 28. 35. lat. 46. 10. (D. J.)​","[[""46 10' N 28 35' E""]]",,46 10' N 28 35' E,46 10' N 28 35' E
v14-1447-0,ROYE,"ROYE, (Géog. mod.)​ on croit que c’est Rodrina, & en latin du moyen âge, Rauga, ville de France, en Picardie, au pays appellé Santerre, capitale d’un bailliage de même nom, entre Nesle & Noyon, & Montdidier. Cette ville, que quelques-uns prennent avec assez peu de vraisemblance pour l’ancienne Rhodium de la Gaule belgique, fut érigée en prevôté, & unie au domaine en 1371 par le roi Charles V. Aujourd’hui c’est un gouvernement de place du gouvernement militaire de Picardie. Il y a trois paroisses, une collégiale, un college & un hôpital. Long. 20. 28. latit. 49. 42.


Popaincourt, (Jean de) premier président au parlement de Paris, étoit de Roye, & préféra l’étude des belles-lettres à celle des armes. Il fut reçu premier président de la premiere cour supérieure du royaume en 1400, & mourut en 1403. (D. J.)​","[[""49 42' N 20 28' E""]]",,49 42' N 20 28' E,49 42' N 20 28' E
v14-1517-0,RUGLEN ou RUGLAN,"RUGLEN ou RUGLAN, (Géog. mod.)​ ville d’Ecosse, dans la province de Cluydsdale, sur la Cluyds, à trois milles de Glascow, & vis-à-vis. Long. 13. 34. lat. 56. 19.","[[""56 19' N 13 34' E""]]",,56 19' N 13 34' E,56 19' N 13 34' O
v14-1545-0,RUPELMONDE,"RUPELMONDE, (Géog. mod.)​ ville des Pays-bas dans la Flandre sur la gauche de l’Escaut, à l’embouchure de la Rupel dont elle tire son nom, à 3 lieues au-dessus d’Anvers, avec titre de comté depuis 1650. Ses fortifications ont été ruinées pendant les guerres. Long. 21. 50. lat. 51. 10. (D. J.)​","[[""51 10' N 21 50' E""]]",,51 10' N 21 50' E,51 10' N 21 50' E
v14-1590-0,RYE,"RYE, (Géogr. mod.)​ ville d’Angleterre, dans la partie orientale du comté de Sussex, à l’embouchure du Rother. Elle fut environnée de murailles par Edouard III. Elle députe au parlement, & a droit de marché public. Enfin c’est un des cinq ports du royaume, & qui est très-fréquenté. On y aborde ordinairement en venant de Dieppe, & on y pêche de bons harengs. Long. 18. 26. latit. 50. 52. (D. J.)​","[[""50 52' N 18 26' E""]]",,50 52' N 18 26' E,50 52' N 18 26' E
v14-1597-0,RZECZYCA,"RZECZYCA, (Géogr. mod.)​ ville du grand duché de Lithuanie, capitale d’un territoire de même nom, dans la Russie polonoise sur la droite du Nieper, ou Borysthène. Long. 49. 28. latit. 50. 24. (D. J.)​","[[""50 24' N 49 28' E""]]",,50 24' N 49 28' E,50 24' N 49 28' E
v14-1614-0,SABATH ou Sabat,"SABATH ou Sabat, (Géog. mod.)​ ville d’Asie au Mawaralnarh, voisine d’Osrushnah, à 20 parasangues de Samarcande. Long. selon Alfaras 89. 55. lat. 40. 20. (D. J.)​","[[""40 20' N 89 55' E""]]",,40 20' N 89 55' E,40 20' N 89 55' E
v14-1649-0,SABLÉ,"SABLÉ, (Géog. mod.)​ en latin du moyen âge, Saboloium, Sabloium, &c. petite ville de France, dans le bas-Maine, sur la Sarte, à 10 lieues au sud-ouest du Mans, & à égale distance au nord-est d’Angers. Elle est fort ancienne, car elle fut donnée avant l’an 628 à l’église du Mans par un seigneur nommé Alain. Elle fut érigée en marquisat par Henri IV. en 1602, en faveur d’Urbain de Laval, maréchal de France. Gilles Ménage a publié à Paris l’histoire de cette petite ville, en 1683, in-fol. Son pere, Guillaume Ménage y étoit né. Longitude 17. 14. latit. 47. 49. (D. J.)​","[[""47 49' N 17 14' E""]]",,47 49' N 17 14' E,47 49' N 17 14' E
v14-1671-0,SABUGAL,"SABUGAL, (Géogr. mod.)​ petite ville de Portugal dans la province de Béira, sur le bord de la riviere de Coa, à cinq lieues de la Guarda ; quoiqu’elle soit érigée en comté, elle n’a qu’environ deux cens feux. Long. 10. 20. lat. 40. 22. (D. J.)​","[[""40 22' N 10 20' E""]]",,40 22' N 10 20' E,40 22' N 10 20' O
v14-1759-1,Sagan,"Sagan, (Géog. mod.)​ petite ville ou bourgade d’Allemagne en Silésie, capitale de la principauté de même nom, au confluent du Bober & de la Queiss, à 38 lieues de Prague, avec un château. Elle étoit autrefois bien peuplée, mais elle a souffert plusieurs malheurs consécutifs, qui l’ont réduite à une seule paroisse ; elle appartient à présent au prince de Lobkowitz. Long. 32. 10′. latit. 51. 34′. (D. J.)​","[[""51 34' N 32 10' E""]]",,51 34' N 32 10' E,51 34' N 32 10' E
v14-1783-0,SAGONE,"SAGONE, (Géog. mod.)​ Sagona distrutta, ville entierement ruinée de l’île de Corse, dans sa partie occidentale, entre Calvi au nord, & Ajazzo au midi. Elle conserve toujours le titre d’évêché, dont l’évêque réside au bourg de Vico, qui en est voisin, & où on a transféré la cathédrale. Il est suffragant de Pise. Long. 26. 20. lat. 41. 58. (D. J.)​","[[""41 58' N 26 20' E""]]",,41 58' N 26 20' E,41 58' N 26 20' E
v14-1877-0,SALANCHES,"SALANCHES, (Géog. mod.)​ petite ville de Savoie, capitale du haut-Fauciguy, à deux lieues au-dessus de Cluse, au sud-est. Ce n’est proprement qu’un méchant bourg, au milieu duquel passent deux ruisseaux du même nom, qui vont se perdre dans l’Arve. Long. 24. 20. lat. 45. 58. (D. J.)​","[[""45 58' N 24 20' E""]]",,45 58' N 24 20' E,45 58' N 24 20' E
v14-1881-0,SALANKEMEN,"SALANKEMEN, (Géog. mod.)​ & par les Hongrois, Zalonkemen, qui est la bonne orthographe ; ville de la Hongrie, dans l’Esclavonie, sur le Danube, au confluent de la Teisse, à 12 milles au nord-ouest de Belgrade. On dispute si l’Acumincum d’Ammien Marcellin, est Salankemen, Cametz, ou Peterwaradin. Long. 37. 43. lat. 45. 17.


Ce fut devant cette ville que se donna, en 1691, une fameuse bataille entre les Turcs & les Impériaux, qui furent plus heureux que sages. Les Turcs avoient à leur tête, Mustapha Cuprogli, fils, petit-fils de grand visir, & parvenu lui-même à cette premiere dignité : il ne respiroit que la guerre, blâmant toute proposition de paix. Il avoit commencé par réformer les abus d’une mauvaise administration de sept ans, & par le rétablissement des finances. En ouvrant la campagne sous le regne d’Achmet III, il employa la religion & la sevérité des mœurs ; toutes les mosquées de Constantinople & les pavillons du camp, retentirent de prieres ; une foule de jeunes garçons​qui suivoient l’armée, affreux instrumens de débauche & de dépense, furent chassés sous peine de mort, s’ils reparoissoient ; il ne s’agissoit plus que de rendre le courage aux troupes ; le visir s’en chargeoit, en leur traçant la route de Vienne avec le sabre de son pere Cuprogli.


Il avoit déja remporté une victoire complette sur les Impériaux, soumis l’Albanie, la Bulgarie, & repris toute la Servie, Belgrade même, malgré une garnison de six mille hommes ; enfin l’année suivante il vint camper devant Salankemen, sur les bords du Danube. Le prince Louis de Bade, général des Impériaux, fut à peine arrivé pour le combattre, qu’il sembla n’avoir plus que le parti de la retraite. Les Turcs l’attaquerent avec tant de fureur & de conduite, que sa perte paroissoit inévitable ; le champ de bataille étoit déja couvert de chrétiens expirans ; mais la fortune de Léopold voulut qu’un boulet emportât le visir, qui n’avoit guere joui de sa haute fortune, il périt dans le moment où il étoit le plus glorieux & le plus nécessaire. L’aga des janissaires auroit pu le remplacer : un autre boulet l’étendit mort, & les infideles consternés abandonnerent la victoire, qui n’eut cependant d’autre suite que la prise de Lippa, ville infortunée, sans cesse prise & reprise, également maltraitée par les amis & par les ennemis. Les sauvages dans les forêts sont plus heureux. L’abbé Coyer. (D. J.)​","[[""45 17' N 37 43' E""]]",,45 17' N 37 43' E,45 17' N 37 43' E
v14-1928-0,SALIGNAC,"SALIGNAC, (Géog. mod.)​ autrefois petite ville, aujourd’hui petit bourg de France dans le haut Périgord, célebre pour avoir donné son nom à la maison dont étoit issu l’illustre Fénélon, archevêque de Cambrai. Son Telemaque immortalise sa mémoire. Long. 18. 56. lat. 45. 38. (D. J.)​","[[""45 38' N 18 56' E""]]",,45 38' N 18 56' E,45 38' N 18 56' E
v14-1964-1,Salo,"Salo, (Géog. mod.)​ ville d’Italie, dans l’état de Venise, au Bressan, sur le lac, & à quatre lieues au nord-ouest de Gardes. Elle communique son nom à tout le canton, qu’on nomme en italien Riviera di Salo ; le mot de riviere se prend ici comme quand on dit la riviere du Levant, la riviere du Ponent, en parlant de la côte de Gènes. Comme ce canton est à couvert des vents du nord, à cause des montagnes, il est fertile en olives, citrons, grenades, oranges, &c. Ce canton est composé de trente-six​ communautés, qui reglent par un conseil toutes les affaires qui s’y rapportent. Long. de la ville, 28. 7. latit. 45. 36.


Bonfadio, (Jacques) né dans cette ville, fut nommé historiographe de la république de Gènes, qui lui assigna une bonne pension pour cette charge. Il mit au jour les cinq premiers livres des annales de cet état ; mais il y parla si satyriquement de quelques illustres familles génoises, qu’elles en furent vivement irritées. On fit des recherches sur la vie de l’auteur, & on le trouva coupable d’un crime qu’il faut taire, & pour lequel il eut la tête tranchée en 1551. Manuce reconnoît que Bonfadio écrivoit également bien en latin & en italien, romano eloquio & etrusco præcellens. On a de lui des poésies dans ces deux langues. (D. J.)​","[[""45 36' N 28 7' E""]]",,45 36' N 28 7' E,45 36' N 28 7' E
v14-1972-0,SALONICKI ou SALONICHI,"SALONICKI ou SALONICHI, (Géog. mod.)​ ville de la Turquie européenne, au fond d’un golfe de même nom, & capitale de la Macédoine, près de la riviere de Vardari, à 50 lieues au sud-ouest de Sophie.


Cette ville autrefois grande & magnifique, connue sous le nom de Thessalonique, est encore peuplée & marchande. Les Juifs font presque tout le commerce qui consiste en soie, saine, coton, cuirs, &c. ils y ont plusieurs synagogues ; les Grecs y ont aussi quelques églises, avec un archevêque. Longitude, suivant le P. Feuillée, Lieutaud, Desplaces & Cassini, 40. 39′. 30″. latit. 40. 41′. 10.


Le gouverneur de Salonicki porte le titre de moula, & sa charge le met en haute considération à la porte. Dans le tems qu’Andronic voulut s’emparer de l’empire, Salonicki fut prise par Guillaume, roi de Sicile. Elle revint ensuite sous la domination d’Andronic Paléologue, empereur de Constantinople, qui, pour s’unir à la république de Venise, lui céda les droits qu’il avoit sur Salonicki ; mais Venise en jouit à peine deux ans. Le sultan turc profita du mauvais état des affaires de l’Italie & de la foiblesse des habitans qui n’étoient pas en état de lui résister. Il envoya un de ses généraux s’emparer de cette ville, dont il est resté maître ; il accorda la tolérance de religion aux Grecs & aux Juifs, & Salonicki redevint florissante. (D. J.)​","[['40 41\' 10"" N 40 39\' 30"" E']]",,"40 41' 10"" N 40 39' 30"" E","40 41' 10"" N 40 39' 30"" E"
v14-1984-0,SALSES,"SALSES, (Géog. mod.)​ en latin Salsulæ, forteresse de France, dans le Roussillon, aux confins du Languedoc, sur le grand chemin de Perpignan à Narbonne, entre les montagnes & un grand étang, qui prend quelquefois le nom de Salses, & quelquefois le nom de Leucate.


La forteresse de Salses a été bâtie par Charles-Quint, & il s’est formé dans ce lieu un village qui a le titre & les prérogatives de ville. Il est à quelque distance du fort, à 2 lieues au-deçà de Perpignan, & à une lieue de la Méditerranée. Le prince de Condé prit le fort en 1639 ; les Espagnols le reprirent en​1640, mais il a été soumis à la France après la conquête de Perpignan. Longitude 20. 34′. latitude 43. 36′.


Salses est célebre par sa fontaine, qui porte le même nom, fons Salsulæ. Ce nom exprime la qualité de ses eaux. Elles étoient, selon Méla, plus salées que celles de la mer. Il ajoute qu’auprès de cette fontaine étoit une plaine couverte de roseaux qui formoit un marais, où l’on avoit reconnu par la nature de ce qu’on retiroit du fond, que la mer y pénétroit. Delà, dit-il, quelques auteurs grecs & latins avoient imaginé que les poissons qu’on y prenoit par diverses ouvertures, y croissoient dans la terre, idée absurde, ajoute Mela.


L’existence de ces sortes de poissons est constatée pour le Roussillon par le témoignage des anciens. Athenée nous a conservé un passage de Polybe, qui en faisoit une mention particuliere : cet auteur disoit qu’il y avoit auprès des Pyrénées une vaste plaine, qui s’étendoit jusqu’à la riviere de Narbonne, c’est-à-dire l’Ande, Atax, où l’on trouvoit des poissons ; que le terroir en étoit léger, & couvert d’une grande quantité de chiendent ; que l’eau des rivieres voisines y pénétroit sans peine ; que les poissons attirés par l’appât de ce chiendent s’y insinuoient, & que comme ils se répandoient dans toute la côte, on en faisoit une pêche abondante. Strabon en dit aussi quelque chose. (D. J.)​","[[""43 36' N 20 34' E""]]",,43 36' N 20 34' E,43 36' N 20 34' E
v14-2000-0,SALTZBERG,"SALTZBERG, (Géog. mod.)​ ville du royaume de Norvège, au gouvernement d’Aggerhus, sur le Drammen, à quatorze milles pas de Christiania, vers le couchant. Long. 26. 6. lat. 59. 4. (D. J.)​","[[""59 4' N 26 6' E""]]",,59 4' N 26 6' E,59 4' N 26 6' E
v14-2065-0,SAMMATHAN,"SAMMATHAN, (Géog. mod.)​ ville de France dans le comté de Comminges, au-bas d’un vallon, sur la riviere de Save ou de Seve, à une lieue au nord-est de Lombez. C’étoit autrefois la plus forte place de tout le pays ; mais les guerres des François contre la Gascogne, & ensuite celles des Anglois & des comtes de Foix l’ont ruinée. Long. 18. 36′. latit. 43. 35′.


Belleforest (François de), né dans cette ville, a fait une Cosmographie des annales de France, une histoire des neuf rois de France qui ont eu le nom de Charle, & divers autres ouvrages qui prouvent qu’il songeoit plutôt à vivre par sa plume, qu’à mériter l’estime du public. Il mourut à Paris en 1583 à 53 ans. (D. J.)​","[[""43 35' N 18 36' E""]]",,43 35' N 18 36' E,43 35' N 18 36' E
v14-2310-0,SARGUEMINE,"SARGUEMINE, (Géogr. mod.)​ en allemand Guemund ; petite ville de la Lorraine allemande, sur la gauche de la Saare, entre Saralbe & Sarbruck, environ à trois lieues de chacune. Longit. 24. 46. latit. 49. 5. (D. J.)​","[[""49 5' N 24 46' E""]]",,49 5' N 24 46' E,49 5' N 24 46' E
v14-2315-0,SARLOUIS,"SARLOUIS, (Géogr. mod.)​ ville de France démembrée de la Lorraine sur la Saare, à quatre lieues de Sarbruck & à dix de Metz. Elle fut bâtie par Louis XIV. en 1680, & fortifiée à la maniere du maréchal de Vauban. Long. 24. 26. latit. 49. 20. (D. J.)​","[[""49 20' N 24 26' E""]]",,49 20' N 24 26' E,49 20' N 24 26' E
v14-2324-0,SARNO,"SARNO, (Géog. mod.)​ ville d’Italie, au royaume de Naples, dans la principauté citérieure, près de la source du Sarno, à 5 milles de Nocera, à 8 de Nole, & à 13 au nord-ouest de Salerne ; elle a titre de duché, & un évêché suffragant de Salerne, érigé vers l’an 967. Long. 32. 12. lat. 40. 47. (D. J.)​","[[""40 47' N 32 12' E""]]",,40 47' N 32 12' E,40 47' N 32 12' E
v14-2379-0,SATALIE,"SATALIE, (Géog. mod.)​ par les Turcs Satiliach & Antali ; ville de la Turquie asiatique, dans l’Anatolie, sur la côte de la petite Caramanie, au fond d’un golfe de même nom. Elle occupe la place de l’ancienne Attalia, & est une des plus fortes villes de l’empire turc. Les chaleurs y sont excessives en été ; aussi les environs de Satalie produisent en abondance des citronniers & des orangers qui viennent sans culture ; mais le port ne peut recevoir que de petits bâtimens, & la rade n’est point assurée. Long. 48. 45. lat. 37. 10. (D. J.)​","[[""37 10' N 48 45' E""]]",,37 10' N 48 45' E,37 10' N 48 45' E
v14-2441-0,"SAVERNE, la, ou Severne","SAVERNE, (Géog. mod.)​ ou Zabern, comme l’écrivent les Allemands, en latin Taberna ; ville fort ancienne de France, dans la basse Alsace, sur la riviere de Soer, à 6 lieues au sud-ouest de Strasbourg, au pié du mont de Vosge. Il y a à Saverne une collégiale, un hôpital, un couvent de récolets, un monastere de religieuses, & un magnifique château bâti par le cardinal Egon de Furstenberg, & qui fait le lieu de la résidence ordinaire des évêques de Stras-​bourg, qui sont seigneurs de Saverne. Long. 25. 3. lat. 48. 45. (D. J.)​","[[""48 45' N 25 3' E""]]",,48 45' N 25 3' E,48 45' N 25 3' E
v14-2474-0,SAVONE,"SAVONE, (Géog. mod.)​ ville d’Italie dans l’état de Gènes, sur le rivage de la mer, à 16 milles au sud-ouest de Gènes, & à 10 au nord-est de Noli. Cette ville, après la capitale, est la plus considérable de l’état de Gènes. Elle est bien bâtie, & a un grand nombre d’églises, qui sont la plupart belles & propres. Plusieurs ordres religieux y ont aussi des couvens. Ses rues sont assez larges, la plûpart droites & bordées de maisons de bon goût en-dedans & en-dehors. L’évêché est suffragant de Milan. Son port étoit autrefois bon, & y attiroit le commerce ; mais la république l’a laissé détruire entierement, pour que Gènes jouît seule du négoce, & que le roi de Sardaigne, qui a de grandes prétentions sur Savone, ne songeât plus à s’emparer d’une place qui ne lui seroit d’aucune utilité. Il ne reste à Savone que quelques manufactures de soie qui la font subsister ; tous les environs de cette ville y sont extrèmement fertiles ; les fruits de toute espece, en particulier les limons & bergamotes, y viennent en perfection & en quantité. Long. 26. 4. lat. 44. 18.


C’est la partie du pape Jules II. de la maison de Rovere. Il entra pape au conclave en 1503, car avant que d’y entrer, son élection étoit conclue entre les cardinaux ; & l’on peut dire qu’ils n’avoient pas encore choisi une plus ferme colonne du saint siége. Il ne travailla qu’à faire de l’Italie un corps puissant, dont le souverain pontife seroit le chef.


Après avoir rempli son premier projet d’aggrandir Rome sur les ruines de Venise par la fameuse ligue de Cambray, il eut l’art d’exécuter le second, qui étoit de chasser les François, & autres barbares de l’Italie, se proposant de détruire tous les étrangers les uns par les autres, & d’exterminer le reste, alors languissant,​ de la domination allemande. Il fit lui-même la guerre, il alla à la tranchée, il affronta la mort. Il tourna contre la France cette fameuse ligue qu’il avoit d’abord tramée contre Venise, & c’est à Louis XII. qu’elle devint funeste.


On commença par se battre vers Bologne & vers le Ferrarois. Jules II. assiégea la Mirandole. On vit ce pontife, âgé de 70 ans, aller, le casque en tête, à la tranchée visiter les travaux, presser les ouvrages, & entrer en vainqueur par la breche. Tandis que le pape, cassé de vieillesse, étoit sous les armes, le roi de France, encore dans la vigueur de l’âge, assembloit un concile. Il remuoit la chrétienté ecclésiastique, & le pape la chrétienté guerriere. Le concile fut indiqué à Pise, où quelques cardinaux ennemis du pape, se rendirent. Mais le concile du roi ne fut qu’une entreprise vaine, & la guerre du pape fut heureuse.


Nos historiens blâment son ambition & son opiniâtreté ; mais il falloit aussi rendre justice à son courage & à ses grandes vues. Il donna au pontificat une force temporelle qu’il n’avoit point eu jusqu’alors. Enfin il consomma sa vie en 1513, à 70 ans, après avoir joint Parme & Plaisance au domaine de Rome, du consentement de l’empereur même. Léon X. lui succéda. Essai sur l’histoire générale, tome II. in-8°.


Chiabrera (Gabriel) poëte italien du xvj. siecle, naquit à Savone, en 1552, & mourut en 1638, âgé de 86 ans. Il a fait plusieurs poëmes héroïques, un grand nombre de lyriques, des tragédies, des opéra, des pastorales, en un mot des poésies de tout genre. On dit que Chiabrera étoit un des plus beaux esprits & des plus laids visages d’Italie ; ce qu’il y a de sûr, c’est qu’il a été un des plus féconds poëtes de son siecle. (D. J.)​","[[""44 18' N 26 4' E""]]",,44 18' N 26 4' E,44 18' N 26 4' E
v14-2616-0,SCARDINGEN,"SCARDINGEN, (Géogr. mod.)​ petite ville d’Allemagne dans la basse Baviere, au confluent du Ror & de l’Iun, au midi de Passaw. Long. 30. 51. latit. 48. 29. (D. J.)​","[[""48 29' N 30 51' E""]]",,48 29' N 30 51' E,48 29' N 30 51' E
v14-2617-1,Scardona,"Scardona, (Géogr. mod.)​ même nom des anciens ; ville ruinée de la Dalmatie vénitienne, à sept milles au nord-ouest de Sebenico, dans une presqu’île formée par une petite riviere. Les Vénitiens acquirent cette ville en 1411, du roi de Bosnie. Les Turcs la leur enleverent en 1522 ; mais elle est restée toute démantelée depuis l’an 1684, à la république de Venise, qui y entretient une garnison. Son évêché est suffragant de Spalatro. Long. 33. 50. lat. 44. 20. (D. J.)​","[[""44 20' N 33 50' E""]]",,44 20' N 33 50' E,44 20' N 33 50' E
v14-2622-0,SCARLINO,"SCARLINO, (Géogr. mod.)​ petite ville, ou plûtôt bourg d’Italie, dans la province de Piombino, sur la côte de la mer de Toscane, à 10 milles au midi de Massa, & à 12 de Piombino à l’orient. Le P. Briet croit que c’est la Manliana de Ptolomée, l. III. c. j. mais c’est une conjecture fort hasardée. Longit. 28. 30. latit. 42. 56. (D. J.)​","[[""42 56' N 28 30' E""]]",,42 56' N 28 30' E,42 56' N 28 30' E
v14-2623-0,SCARO,"SCARO, (Géogr. mod.)​ bourg de l’île de Santorin, environnée de rochers & de précipices. C’est la résidence d’un évêque latin. L’évêque grec fait son séjour à Pyrgo. Long. 43. 30. latit. 36. 12. (D. J.)​","[[""36 12' N 43 30' E""]]",,36 12' N 43 30' E,36 12' N 43 30' E
v14-2663-0,SCHAFFHOUSE ou SCHAFFOUSE,"SCHAFFHOUSE ou SCHAFFOUSE, (Géog. mod.)​ capitale du même nom, au bord septentrional du Rhin qu’on y passoit sur un pont de pierre, qui a été ruiné par une inondation arrivée le 4 Mai 1754. Cette ville est à 10 lieues au nord de Zurich, & à 15 au levant de Bâle. Elle est grande, bien bâtie, fermée de murailles de toutes parts, avec une espece de forteresse à l’antique ; ses rues sont larges, & fort propres. Il y a à Schaffhouse deux beaux temples, un hôtel-de-ville, un arsenal, une académie théologique, & deux bibliotheques publiques. Long. 26. 15. latit. 47. 46.


Cette ville, comme tant d’autres, doit son origine à un monastere qui y fut fondé l’an 1060. Dans ce siecle-là elle s’appelloit Schiffhausen, c’est-à-dire Maison des bateaux, & dans des actes latins Navium domus : ce n’étoit cependant qu’un village où l’on déchargeoit les bateaux qui descendoient le Rhin, à cause de la cataracte que ce fleuve fait à Lauffen. Burckhard ayant donné ce village à un couvent de moines, qu’il y établit pour vivre saintement ; ce lieu fut appellé Schaffhausen, c’est-à-dire Maison de brebis ; & c’est pourquoi la ville de Schaff house porte un bélier pour piece honorable dans ses armes.


Le village devint bientôt un bourg, ensuite ville, & ville impériale. Après les guerres de Bourgogne, elle s’allia avec les cantons de la Suisse pour 25 ans ; & en 1501, elle fut reçue au corps helvétique pour un douzieme canton. Enfin ses habitans ayant embrassé la doctrine de Zuingle, d’Œcolampade, & de​leurs disciples, la religion romaine fut abolie dans toute la ville en 1529, & elle se joignit étroitement d’intérêt, comme de créance, avec Bâle, Zurich & Berne.


Son gouvernement civil est tel que celui de Zurich. La ville est partagée en douze tribus, qu’on appelle zunffien, une de nobles & onze de bourgeois. On prend sept personnes de chacune de ces tribus, pour composer le conseil souverain de la république, ce qui, avec les deux chefs qu’on appelle bourguemestres, fait un corps de quatre-vingt-six conseillers. De ce grand conseil, on en tire un petit de deux personnes de chaque tribu, avec les deux chefs, c’est-à-dire de vingt-six conseillers, qui examinent les affaires les moins importantes, & décident les différends des particuliers. Il y a aussi quelques autres chambres pour l’administration de la justice & de la police.


Quand on veut faire quelque élection pour le grand ou le petit conseil, les bourgeois de la tribu où il y a une place vacante, s’assemblent dans la maison publique qui est affectée à leur tribu, & là ils donnent leur suffrage à voix basse en nommant à l’oreille d’un secrétaire celui qu’ils élisent. Pour ce qui est du consistoire qui regle l’administration de la discipline ecclésiastique, il y a ceci de particulier, qu’aucun ministre n’y assiste, comme à Zurich & à Berne ; mais on choisit, pour le remplir, les plus savans du conseil, auxquels on donne pour adjoint quelque docteur en droit. (D. J.)​","[[""47 46' N 26 15' E""]]",,47 46' N 26 15' E,47 46' N 26 15' E
v14-2680-0,SCHAROKHIAH,"SCHAROKHIAH, (Géog. mod.)​ ville bâtie par Tamerlan, sur les bords du fleuve Sihon ou Jascartes, du côté des peuples Al-Geta, qui sont les Getes & les Kathaïens qui habitent au-delà du mont Imaüs. Cette ville a un port pour le commerce, & un grand pont sur le Sihon. Long. selon Ulug Beg, 100. 35. latit. septentr. 55. (D. J.)​","[[""55 N 100 35' E""]]",,55 N 100 35' E,55 N 100 35' E
v14-2708-0,"SCHÉNING, et Skenninge","SCHÉNING, & Skenninge, (Géog. mod.)​ ville, ou pour mieux dire, bourgade de Suede, dans la Gothie orientale, ou Ostrogothie, à deux lieues vers l’orient de Wastena ; elle est assez ancienne, & devoit être autrefois considérable ; sa situation est belle, l’air bon, & le terroir fertile ; il s’y tint vers l’an 1248. un concile fameux, dans lequel il fut défendu pour la premiere fois aux ecclésiastiques de se marier, ce qu’ils avoient pratiqué jusqu’alors, à​ l’exemple des Grecs. Long. 33. latit. 58. 10. (D. J.)​","[[""58 10' N 33 E""]]",,58 10' N 33 E,58 10' N 33 E
v14-2721-0,SCHEVELING,"SCHEVELING, (Géogr. mod.)​ village charmant de la Hollande, sur le bord de la mer dans les Dunes, au voisinage de la Haye ; ce village étoit autrefois plus grand qu’il n’est aujourd’hui, la mer en ayant englouti en 1574 plus de six vingt maisons. Le chemin est tout pavé, avec une allée d’arbres taillés de chaque côté, depuis la Haye jusqu’à Scheveling. C’est une beauté commune à tout le pays. On y voit les chariots à vent que Maurice, prince d’Orange, fit faire. Ils sont garnis d’un mât & de voiles comme un navire ; & étant poussés par le vent, ils courent sur le rivage sablonneux avec une vîtesse incroyable. Long. 21. 44. latit. 52. 3. (D. J.)​","[[""52 3' N 21 44' E""]]",,52 3' N 21 44' E,52 3' N 21 44' E
v14-2763-0,SCHOINECK,"SCHOINECK, (Géogr. mod.)​ petite ville d’Allemagne dans l’électorat de Trèves, sur le bord de la riviere de Nyms, à 8 lieues au nord de Trèves, avec un bailliage. Quelques géographes la prennent pour l’Ausana de l’itinéraire d’Antonin. Long. 24. 17. lat. 49. 44. (D. J.)​","[[""49 44' N 24 17' E""]]",,49 44' N 24 17' E,49 44' N 24 17' E
v14-2782-0,"SCHOUTEN, les îles de","SCHOUTEN, les îles de, (Géog. mod.) îles de la mer du sud au nombre de quinze, découvertes en 1616, par Guillaume Schouten, hollandois, qui leur donna son nom. Elles sont à environ 5 degrés de latitude méridionale, vers les 174 degrés de longitude, à l'orient de la nouvelle Bretagne, & à une petite distance des côtes de la nouvelle Guinée, autrement dite la terre des Papous. (D. J.)",[['5 S 174 E']],,5 S 174 E,5 S 174 E
v14-2795-0,SCHWARTZ ou SCHWATZ,"SCHWARTZ ou SCHWATZ, (Géog. mod.)​ ville d’Allemagne, dans le Tirol, sur l’Inn, à trois milles d’Inspruck, entre Halle & Rotenburg. Il y a des mines de divers métaux. Longit. 29. 32. latit. 47. 15. (D. J.)​","[[""47 15' N 29 32' E""]]",,47 15' N 29 32' E,47 15' N 29 32' E
v14-2797-0,SCHWARTZBOURG,"SCHWARTZBOURG, (Géogr. mod.)​ comté d’Allemagne dans la Thuringe, entre le duché de Weimar, le bailliage de Salfed & le comté de Henneberg. Il renferme plusieurs bailliages, & a pris le nom de son château qui en est le chef-lieu, situé à 15 milles au sud-est d’Erford, sur la petite riviere de Schwartza. Ce château est à un prince de la maison de Saxe. Long. 29. 4. latit. 50. 42. (D. J.)​","[[""50 42' N 29 4' E""]]",,50 42' N 29 4' E,50 42' N 29 4' E
v14-2839-0,SCIO,"SCIO, (Géog. anc. & mod.)​ île de l’Archipel, assez près des côtes de l’Anatolie entre les îles de Samos & de Mételin, & entre les golfes de Smyrne & d’Ephese. Cette île, qui est la Chios ou Chio des anciens, est nommée par les Turcs Saquez ou Sakes, & en ajoutant le mot d’adasi ou d’adas, qui signifie une île, Saquez-adas ou Skes-adasi, c’est-à-dire, l’île du mastic, à cause de la grande quantité de cette gomme-résine qu’on recueille dans cette seule île de l’Archipel. C’est dans ce sens que les Persans l’appellent seghex, c’est-à-dire mastic. C’est une des plus belles & les plus agréables îles de l’Archipel. Elle étoit autrefois la plus renommée des Ioniennes, & elle est encore à présent fort célebre. Elle s’étend en longueur du septentrion au midi, & s’éleve beaucoup au-dessus de l’eau.


Les anciens habitans de cette île étoient tous grecs avant la naissance de J. C. & proprement Ioniens. Ils avouoient même que les Pélagiens qui étoient sortis de la Thessalie, étoient les premiers qui avoient conduits des colonies dans leur île, & s’y étoient établis. Ils furent les seuls de tous les Ioniens qui don-​nerent du secours aux habitans de Milet, dans la guerre que cette ville eut à soutenir contre Alyattes roi de Lydie, environ six cens vingt-six ans avant l’ere chrétienne. Strabon nous apprend qu’ils s’étoient rendus puissans sur la mer, & qu’ils avoient par ce moyen acquis leur liberté. De-là vient que Pline nomme cette île la libre Chios.


Environ cinq cens ans avant la naissance de J. C. ils envoyerent cent vaisseaux contre la flotte de Darius, roi des Perses, au lieu que les habitans de Lesbos ne mirent que soixante & dix vaisseaux en mer, & les habitans de Samos soixante. Avant que le combat se donnât devant la ville de Milet, Histiæus, tyran de cette ville, & beau-pere d’Aristagoras, s’enfuit secretement de Perse, où il étoit détenu prisonnier par Darius, & se rendit dans l’île de Chios. Il n’y fut pas plutôt arrivé qu’il fut pris & arrêté par les habitans, qui ayant conçu quelque soupçon qu’il étoit envoyé par Darius, pour entreprendre quelque chose contre leur liberté, le mirent dans les fers. Ils le relâcherent au bout de quelque tems, & le conduisirent sur un vaisseau jusqu’à la ville de Milet, où les Milésiens, qui avoient déja goûté les douceurs de la liberté, ne voulurent pas le recevoir, de sorte qu’il fut contraint de repasser à Chios.


Après qu’il y eut fait quelque séjour, & qu’il eut tenté inutilement de porter ses hôtes à lui fournir quelques vaisseaux, il s’embarqua pour l’île de Lesbos, où les habitans de Mytilene équiperent en sa faveur huit galeres à trois rangs, avec lesquelles il cingla du côté de Bysance. Il surprit sur la route les vaisseaux marchands des Ioniens, qui venoient de la mer Noire, & il s’en empara, à la réserve de ceux qui voulurent se ranger de son parti. Cependant ayant eu connoissance du succès qu’avoit eu le combat qui s’étoit donné devant la ville de Milet, il commit la conduite des affaires de l’Hellespont à Bisalte d’Abydene, fils d’Allophanes, & fit voile vers l’île de Chios, dont il ravagea toute la campagne, tuant tout ce qui se présentoit devant lui, parce que la garnison qui étoit dans la ville, ne vouloit pas le recevoir. Mais quand il eut ainsi saccagé la campagne, il ne lui fut pas difficile de soumettre le reste, qui étoit déja assez abbatu du mauvais succès du combat naval.


Hérodote rapporte que les habitans de Chios avoient été comme avertis de ces malheurs par deux signes considérables, qui avoient précédé leur ruine, & en avoient été comme les avant-coureurs. L’un de ces signes étoit, que d’une troupe de cent jeunes hommes qu’ils avoient envoyés à Delphes, il n’en étoit revenu que deux : les autres étant tous morts de la peste dans le voyage. L’autre signe étoit, que dans la ville de Chios, le toît de la maison où les enfans apprennent à lire, tomba sur eux, & de cent vingt qu’ils étoient, il n’en réchapa qu’un seul. Cet accident arriva dans le même tems que les autres étoient péris dans leur voyage. Histiæus ne jouit pas long-tems de sa conquête ; car en se retirant de l’île de Chios, il fut surpris par les Perses, qui se saisirent de lui, & le crucifierent sur le continent de l’Asie mineure.


L’île de Chios tomba ensuite sous la puissance du tyran Strattes, ce qui arriva environ quatre cens soixante & dix-neuf ans avant la naissance de J. C. Sept ioniens, entre lesquels étoit Hérodote, fils de Basiléïdes, conspirerent contre lui ; mais lorsque leur dessein étoit sur le point d’être mis à exécution, un des conjurés révela le complot ; les six autres, qui en furent avertis à tems, s’enfuirent à Lacédémone, & de-là dans l’île d’Ægine, où se trouvoit alors la flotte des Grecs, forte de cent dix voiles, sous la conduite de Léotychidas, roi des Lacédémoniens, & de Xantippe, capitaine des Athéniens. Ces six habitans de Chios solliciterent fortement les Grecs de​ faire voile vers les côtes de l’Ionie, pour mettre les Perses à la raison, mais ils ne purent l’obtenir ; les Grecs craignoient la flote des Perses, & ceux-ci redoutoient celle des Grecs. Cette mutuelle crainte, combattit favorablement pour les uns & pour les autres, & les porta à jurer un traité de paix.


Dans la suite, les habitans de Chios, à la sollicitation des Lacédémoniens, sécouerent à diverses reprises le joug des Athéniens, avec des succès divers, jusqu’à ce que Memnon le rhodien, amiral de la flote de Darius, roi de Perse, s’empara par trahison, avec une flote de trois cens vaisseaux, de l’île de Chios, environ trois cens trente trois-ans avant l’ere chrétienne, & soumit à son obéissance toutes les villes de Lesbos, à la réserve de Mytilene, devant laquelle il fut tué. Cependant Darius ayant été vaincu trois ans après par Alexandre le grand, les habitans de Chios, & les autres insulaires leurs voisins, furent délivrés de la domination des Perses, & passerent sous celle d’Alexandre, ou plutôt ils demeurerent en leur pleine & entiere liberté.


Quatre-vingt-six ans avant la venue du Messie, Mithridate, roi du Pont, ayant été battu par les Romains dans un combat naval, fut tellement irrité contre les habitans de Chios, de ce qu’un de leurs vaisseaux étoit allé imprudemment choquer son vaisseau amiral dans le fort du combat, & avoit manqué de le couler à fond, qu’il fit vendre au plus offrant les biens des citoyens de Chios, qui s’étoient retirés vers le dictateur Sylla, & bannit ensuite ceux de ces insulaires qu’il crut les plus portés pour les Romains.


Enfin Zénobius, général de ce prince, vint avec une armée prendre terre à Chios, feignant de vouloir continuer sa route du côté de la Grece, mais en effet, pour s’emparer de cette île, ce qu’il exécuta à la faveur de la nuit. Dès qu’il en fut maître, il contraignit les habitans de lui porter toutes leurs armes, & de lui donner en ôtage les enfans des principaux, qu’il fit conduire à la ville d’Erythrée, dans le royaume du Pont. Il reçut ensuite des lettres de Mithridate, qui demandoit aux habitans de Chios la somme de deux mille talens ; ce qui les réduisit à une telle extrémité, qu’ils furent contraints, pour y satisfaire, de vendre les ornemens de leurs temples, & les joyaux de leurs femmes. Ils n’en furent pas quittes pour cela ; Zénobius prétextant qu’il manquoit quelque chose à la somme, embarqua les hommes à part dans des vaisseaux, & les femmes avec les enfans dans d’autres, & les fit conduire vers le roi Mitrhidate, divisant leurs terres & leur pays entre les habitans du Pont.


Mais les habitans de la ville d’Héraclée, qui avoient toujours entretenu une étroite amitié avec ceux de Chios, ayant appris cette nouvelle, mirent à la voile, & attaquerent au passage & à la vue du port d’Héraclée, les vaisseaux qui menoient ces insulaires prisonniers, & les ayant trouvés mal pourvus de troupes pour les défendre, ils les amenerent sans résistance dans leur ville. Le dictateur Sylla ayant fait la paix avec Mithridate environ quatre-vingt ans avant la naissance de J. C. remit en liberté les habitans de Chios, & divers autres peuples, en reconnoissance du secours qu’ils avoient donné aux Romains.


Ces insulaires devenus alliés du peuple romain, demeurerent en paix sous sa protection, & sous celle des empereurs grecs, jusqu’au tems de l’empereur Manuel Comnene, qui, ayant maltraité les Européens qui alloient en pélerinage à la Terre-sainte, perdit l’île de Chios, que lui enleverent les Vénitiens. Elle revint au bout de quelque tems sous la domination des empereurs de Constantinople, qui, quelques années après, l’engagerent à un seigneur européen fort riche, & qui n’étoit point grec. Michel Paléologue, empereur de Grece, fit depuis présent de cette​île aux Génois, en reconnoissance du secours qu’ils lui avoient donné en plusieurs occasions. Il ne les en mit pourtant pas en possession, parce qu’un seigneur, nommé Martin, qui la possédoit comme héritier de ceux à qui les prédécesseurs de Michel Paléologue l’avoient engagée, y demeuroit alors.


Andronic Paléologue le jeune ne laissa pas néanmoins d’en chasser ce seigneur Martin, & se mit lui-même en possession de l’île, ou plutôt les Génois s’en emparerent, du consentement de ce prince, avec une flote considérable, & moyennant une grosse somme qu’ils lui avoient donnée. D’autres disent qu’Andronic Paléologue la donna aux Génois en récompense du secours qu’il en avoit reçu contre les Vénitiens en 1216. Quoi qu’il en soit, elle passa sous la puissance des Génois à titre de seigneurie. Son gouvernement tomba aux Maunèses, premiers nobles de la maison Justiniani, qui acheterent cette île de la république de Genes. Cette maison en jouit l’espace de deux cens ans ; mais le sultan Selim s’empara de Scio, en 1566, & les Vénitiens firent de vains efforts en 1694 pour en déposséder le grand-seigneur.


Cette île a produit anciennement des hommes illustres, dans le nombre desquels sont Théopompe l’historien, & Théocrite le sophiste, qui ont écrit l’un & l’autre sur la politique. Elle fut aussi dans le dernier siecle la partie d’Allazi, en latin Allatius (Léon), homme d’une grande érudition. Il vint en Italie dès son enfance, & mourut à Rome en 1669, à 83 ans. Il est connu par plusieurs ouvrages, sur les temples, les livres ecclésiastiques des Grecs, & par celui qu’il a fait pour prouver qu’Homere étoit son ancien compatriote.


L’ile de Scio peut avoit cent vingt milles de tour, & c’est à-peu-près la circonférence que lui donne Strabon. La ville de Scio est vers le milieu de l’île à l’est, sur le bord de la mer. Cette ville est grande, riante, mieux bâtie que les autres du Levant, mais mal percée, & pavée de cailloux comme les villes de Provence. Le port de Scio n’est presentement qu’un méchant mole, ouvrage des Génois, formé par une jettée à fleur d’eau.


A l’égard de la campagne, les pays ne manque que de grain, mais c’est manquer de la principale denrée ; & c’est pourquoi les princes chrétiens ne pourroient conserver longtems cette île, s’ils étoient en guerre avec les Turcs. Les denrées de cette île sont la soie, la laine, les figues, le mastic, & du vin très estimé comme autrefois. Voyez Vin de Chios.


Le cadi gouverne tout le pays en tems de paix : pendant la guerre on y envoie un bacha pour commander les troupes. Le cadi de Scio est du premier rang, & c’est le mufti de Constantinople qui le nomme. La Porte envoie encore dans l’île un janissaire aga, commandant environ cent cinquante janissaires en tems de paix, & le double pendant la guerre. On compte dans Scio six mille turcs, cinquante mille grecs, & seulement trois mille latins. Le séjour de Scio est fort agréable ; on y fait bonne chere, & toutes sortes de gibier y abondent. Les femmes y ont plus de politesse & de propreté que dans les autres villes du Levant. L’évêque grec est fort riche ; les monasteres grecs jouissent aussi dans cette île de gros revenus ; mais les prêtres latins, au nombre d’une vingtaine, sont fort pauvres. Les religieuses ne sont point cloitrées dans cette île, non plus que dans le reste du Levant. Long. 43. 44. lat. 38. 39. (Le Chevalier de Jaucourt.)​","[[""38 39' N 43 44' E""]]",,38 39' N 43 44' E,38 39' N 43 44' E
v14-2894-0,"SCOPOLI isles de Scopelo, Sco-pello et Scogli","SCOPOLI isles de (Géog. mod.)​ Scopelo, Scopello​ & Scogli, par les anciens Scopelos, île de l’Archipel, entre celles de Sciatta & de Dromi, au-devant du golphe de Salonique. Elle a douze milles de circuit, & environ six mille habitans.


Il y a un bourg dans cette île, devant lequel les vaisseaux peuvent donner fond sur dix à douze brasses d’eau ; on y charge du blé & du vin qui est fort du goût des Vénitiens. Les François y ont un consul, & les habitans ne payent à la Porte que cinq mille écus de tribut, qu’ils font tenir eux-mêmes à Constantinople. Long. 42. 10. latit. 39. 32. (D. J.)​","[[""39 32' N 42 10' E""]]",,39 32' N 42 10' E,39 32' N 42 10' E
v14-2994-0,SÉBENICO,"SÉBENICO, (Géog. mod.)​ ville de l’état de Venise, dans la Dalmatie, capitale du comté de même nom, près de l’embouchure de la Cherca, dans le golfe de Venise, à seize lieues au nord-ouest de Spalatro, dont son évêché érigé par Boniface VIII. est suffragant. Les Vénitiens, à qui elle appartient, l’ont fortifiée. Le port formé par l’embouchure de la riviere Cherca, est fort grand. Longit. 34. 16. latit. 44. 10.


Le Schiavone (André) né dans cette ville en 1522, mort à Venise en 1582, apprit la Peinture pour subsister, ce qui ne lui permit pas d’étudier toutes les parties de son art. Son dessein est incorrect, mais son coloris est charmant. Sa touche est facile, agréable, & spirituelle. L’Aretin étoit son ami, & lui fournit des idées ingénieuses pour ses tableaux : de-là vient qu’on en a gravé plusieurs. (D. J.)​","[[""44 10' N 34 16' E""]]",,44 10' N 34 16' E,44 10' N 34 16' E
v14-3010-0,SEBY,"SEBY, (Géog. mod.)​ petite ville d’Allemagne, dans la haute Stirie, sur la riviere de Gayl, à trois lieues au nord-est de Judenbourg, avec un évêché suffragant de Saltzbourg. Long. 32. 50. latit. 47. 25. (D. J.)​","[[""47 25' N 32 50' E""]]",,47 25' N 32 50' E,47 25' N 32 50' E
v14-3086-0,"SÉEZ, Sées, Sez, Saïs","SÉEZ, Sées, Sez, Saïs, (Géog. mod.)​ en latin du moyen âge, Saïum, Saïorum civitas, Sagiorum civitas, Sagium, &c. ville de France en Normandie, dans une agréable campagne, sur l’Orne ; elle est à cinq lieues d’Alençon au nord, à huit au sud-ouest de l’Aigle, & à quarante au couchant de Paris. Elle ressortit du parlement de Rouen, de l’intendance & de l’élection d’Alençon, & ne contient pas trois mille habitans ; elle a cinq paroisses, un seminaire, un college, & une riche abbaye de bénédictins. On croit que son évêché, qui est suffragant de Rouen,​a été érigé dans le cinquieme siecle ; il peut valoir environ quinze mille livres ; son diocèse comprend 497 paroisses, partagées en seize doyennés. Long. suivant Cassini, 17. 41. 15. latit. 48. 36. 25. (D. J.)​","[['48 36\' 25"" N 17 41\' 15"" E']]",,"48 36' 25"" N 17 41' 15"" E","48 36' 25"" N 17 41' 15"" E"
v14-3089-0,SEGEBERG,"SEGEBERG, (Géog. mod.)​ ville de Danemarck, au duché de Holstein, dans la Wagrie, capitale de la petite préfecture de même nom, avec un château sur une montagne, à douze milles au nord-est de Hambourg ; elle appartient au roi de Danemarck. Long. 27. 15. latit. 54. 13. (D. J.)​","[[""54 13' N 27 15' E""]]",,54 13' N 27 15' E,54 13' N 27 15' E
v14-3091-0,"SEGEDIN, ou SEGEDI","SEGEDIN, ou SEGEDI, (Géog. mod.)​ ville de la basse ou de la haute-Hongrie, comme on voudra, au confluent de la Teisse & de la Marisch, à deux lieues au sud-est de Colocza, dans le comté de Czougrad : les Impériaux prirent cette ville sur les Turcs en 1686. Long. 38. latit. 46. 16.


Kis, (Etienne) surnommé Segedinus, de Segedin, lieu de sa naissance, souffrit beaucoup de persécutions pour avoir embrassé le Luthéranisme, indépendamment de la dure captivité qu’il éprouva pendant trois ans chez les Turcs. Il a publié des tables analytiques sur plusieurs livres du vieux & du nouveau Testament. Elles ont été imprimées à Schaffhouze en 1562, à Basle en 1588 & 1610 in-fol. il mourut en 1572, âgé de 67 ans. (D. J.)​","[[""46 16' N 38 E""]]",,46 16' N 38 E,46 16' N 38 E
v14-3102-0,SEGESWAR,"SEGESWAR, (Géog. mod.)​ ville de la Transilvanie, dans le comté de même nom ; elle est bâtie en forme d’amphithéâtre, sur le penchant d’un côteau, près de Kokel, à dix-huit lieues au nord d’Hermanstad. Quelques auteurs la prennent pour la Somdava de Ptolomée, l. III. c. viij. Long. 41. 28. latit. 46. 54. (D. J.)​","[[""46 54' N 41 28' E""]]",,46 54' N 41 28' E,46 54' N 41 28' E
v14-3109-0,"SEGNA, SENG ou SEGNI","SEGNA, SENG ou SEGNI, (Géog. mod.)​ ville de la Croatie, dans la Morlingue, vers la côte du golphe de Venise, sur une hauteur, à 46 lieues au nord-ouest de Spalato, dont son évêque est suffragant, avec une forteresse & un port. Elle dépend​de la maison d’Autriche. Longitude 32. 36. latitude 45. 7.","[[""45 7' N 32 36' E""]]",,45 7' N 32 36' E,45 7' N 32 36' E
v14-3119-0,SÉGOVIE,"SÉGOVIE, (Géog. mod.)​ ville d’Espagne dans la vieille Castille, sur une montagne, entre deux grandes collines. Elle est près de la riviere d’Atayada, qui prend sa source au-dessus, à 15 lieues au nord-ouest de Madrid, & à 25 au levant de Salamanque.


Cette ville est fort ancienne, peuplée, & l’une des plus considérables d’Espagne. Son évêché est suffragant de Tolede, & vaut 25 mille ducats de revenu.


Parmi les bâtimens publics, se distingue le château royal appellé Alcaçal ; il est sur un rocher, & ses escaliers sont taillés dans le roc. La cassa de la moneda, c’est-à-dire la maison de la monnoie, a ceci de particulier, que la monnoie qui s’y fabrique se fond, se rogne, se bat, & se marque très-promptement, par le moyen de divers moulins que l’eau fait tourner : on ne bat monnoie dans toute l’Espagne qu’à Séville & à Ségovie ; mais la commode machine de Ségovie, en la fabriquant promptement, ne la rend pas plus belle.


L’aqueduc au contraire nommé puente-Segoviana, ouvrage des Romains, est un édifice d’un travail merveilleux ; il joint ensemble deux montagnes séparées par un intervalle d’environ trois mille pas ; il est composé de 177 arcades à deux rangs posés l’un sur l’autre ; le rang inférieur porte l’eau dans les faubourgs, & le supérieur la conduit dans la ville. La construction de cet édifice est si solide, qu’elle s’est conservée jusqu’à ce jour presque dans son entier. On attribue ce bel ouvrage au regne de Trajan. Colmenarès vous en donnera la description détaillée dans son historia de la ciudad de Segovia, 1637, in-fol. Mais il faut ajouter une grande incommodité de cet aqueduc, c’est que l’eau de la riviere qui coule autour de la ville est si mal-saine, qu’elle ne peut servir qu’à rafraîchir la bonne eau.


Le terroir de Ségovie est bien célebré pour nourrir des troupeaux de brebis qui portent ces fines laines qui sont uniques dans le monde, & dont l’Europe entiere ne peut se passer dans la manufacture des draps superfins. Long. 13. 55. latit. 40. 54.


Deux théologiens scholastiques fort accrédités en Espagne, Ribera (François de) jésuite, & Soto (Dominique), de l’ordre des Dominicains, naquirent tous deux à Ségovie dans le xvj. siecle.


Le jésuite Ribera a publié des commentaires latins​qui ne sont pas dépourvus d’érudition, sur les douze petits prophetes. Il mourut à Salamanque l’an 1591, âgé de 54 ans.


Le dominicain Soto étoit fils d’un jardinier, & se fit connoître par son mérite. Il donna des commentaires sur l’épître aux Romains, un traité de justitiâ & jure, & deux livres de naturâ & gratiâ. Il mourut à Salamanque l’an 1560, âgé de 66 ans. (D. J.)​","[[""40 54' N 13 55' E""]]",,40 54' N 13 55' E,40 54' N 13 55' E
v14-3126-0,SEGURA,"SEGURA, (Géog. mod.) c'est le nom de plusieurs villes & lieux, comme on va le voir. 1°. Segura, ville d'Espagne dans l'Andalousie, aux confins du royaume de Murcie, vers la source de la riviere de ce nom. 2°. Segura, petite ville d'Espagne dans le Guipuscoa, sur la riviere d'Oria, au-dessus de Villa-franca. 3°. Segura, ville de Portugal, dans la province de Beyra, sur une montagne, aux confins de l'Estramadure, près de la riviere d'Elxa, avec un château, à trois lieues au sud-est de Castel-Branco. Long. 10. 25. latit. 39. 40. 4°. Segura de la frontera, c'est-à-dire la sureté de la frontiere, ville de l'Amérique septentrionale, dans la nouvelle Espagne, bâtie par Fernand Cortez sur des rochers en 1520. Elle a un grand inconvénient, c'est de n'être arrosée d'aucune riviere, source ou fontaine, de sorte que les habitans, au nombre d'environ six cens, tant indiens qu'espagnols, sont toujours obligés d'user d'eau de puits. 5°. Segura de la sierra, lieu d'Espagne dans la Castille nouvelle, dans une plaine abondante en troupeaux, avec une des riches commanderies de l'ordre de S. Jacques. 6°. Segura, port sur la côte de la mer de la Californie, selon Woode Rogers, qui dit qu'il y a dans cet endroit de fort bonne eau, & quantité de fenouil marin. (D. J.)","[[""39 40' N 10 25' E""]]",,39 40' N 10 25' E,39 40' N 10 25' O
v14-3247-0,SÉMINARA,"SÉMINARA, (Géogr. mod.)​ bourg d’Italie au royaume de Naples, dans la Calabre ultérieure, au couchant d’Oppido. Il étoit fort peuplé avant le tremblement de terre qu’il essuya en 1638. Long. 33. 55. latit. 38. 22. (D. J.)​","[[""38 22' N 33 55' E""]]",,38 22' N 33 55' E,38 22' N 33 55' E
v14-3263-0,SEMNANE,"SEMNANE, (Géog. mod.)​ ville de Perse, dans la province de Koumes, frontiere du Khorassan & de Mazandaran. Longit. selon M. Petit de la Croix, 88. latit. 36. (D. J.)​",[['36 N 88 E']],,36 N 88 E,36 N 88 E
v14-3280-1,Sémur en Briennois,"Sémur en Briennois, (Géogr. mod.)​ petite ville de France en Bourgogne dans l’Autunois, à un mille de la Loire, & à 4 lieues de Rouane. Il y a un bailliage, un grenier à sel, mairie & grurie ; c’est la vingtieme ville qui députe aux états ; son territoire est assez fertile en blé, en vin. Long. 21. 47. latit. 46. 1. (D. J.)​","[[""46 1' N 21 47' E""]]",,46 1' N 21 47' E,46 1' N 21 47' E
v14-543-0,RESOVIE ou RESZOW,"RESOVIE ou RESZOW, (Géog. mod.)​ petite ville de la Pologne, au palatinat de Russie, sur la riviere de Wisoch, avec un château pour sa défense. long. 40. 10′. latit. 40. 51′. (D. J.)​","[[""40 51' N 40 10' E""]]",,40 51' N 40 10' E,40 51' N 40 10' E
v14-684-1,Revel,"Revel, (Géog. mod.)​ petite ville de France, dans le haut Languedoc, au diocèse de Lavaur, près de la riviere de Sor, à 2 lieues de S. Papoul : on l’appelloit anciennement la Bastide de Lavaur. Philippe-le-Bel l’érigea en ville, & la fit clorre de murailles. Les Calvinistes la fortifierent pendant les guerres de religion ; mais ses fortifications furent démolies en 1629. Cependant elle a continué de fleurir jusqu’à la révocation de l’édit de Nantes. Long. 19. 40. lat. 43. 28.


Martin (David), savant théologien, naquit à Revel en 1639 ; se réfugia à Utrecht en 1685, lors de la révocation de l’édit de Nantes, & y mourut en qualité de ministre de l’église françoise en 1721, âgé de 82 ans. Il a donné plusieurs ouvrages. On estime sur-tout son Histoire du vieux & du nouveau Testament, imprimée à Amsterdam en 1700, en 2 volumes in-fol. & enrichie de 424 figures fort proprement gravées. On a réimprimé à Amsterdam, le même ouvrage in-4°. mais avec de plus petites figures. On a du même théologien la Ste Bible, avec une préface générale, des notes, des préfaces particulieres, & des lieux paralleles. Elle parut d’abord à Amsterdam en 1707, en 2 volumes in-fol. & la même année avec de plus petites notes in-4°. On réimprima la même Bible sans notes, à Amsterdam en 1710 in-8°. à Hambourg en 1726 in-8°. & à la Haye en 1748 in-4°. Tous les journaux du tems ont parlé de ces différentes éditions, ainsi que le P. le Long dans sa bibliotheca sacra, pag. 360 & 838. Enfin M. Martin étoit en commerce de lettres avec divers savans de grande réputation, tels que messieurs de Sacy, Dacier, Grœvius, Ketnerus, Cuper & Mylord Wack, archevêque de Cantorbery, &c. (D. J.)​","[[""43 28' N 19 40' E""]]",,43 28' N 19 40' E,43 28' N 19 40' E
v14-745-0,REUTLINGEN,"REUTLINGEN, (Géog. mod.)​ ville d’Allemagne, libre & impériale, au cercle de Suabe, dans le duché de Wurtemberg, à un mille au levant de Tubingen, sur l’Esehez, à 8 lieues au midi de Autgard. Elle fut entourée de murailles en 1215 par l’empereur Fréderic. Les homicides involontaires y ont eu un sûr azyle. Long. 26. 43. lat. 48. 30.


Gryphius (Sébastien) nâquit à Reutlingen. Il se rendit célebre dans le xvj. siecle par la beauté de l’exactitude de ses impressions. Son fils Antoine Gryphius marcha sur ses traces, & se distingua par la belle bible in-folio qu’il mit au jour en 1550. (D. J.)​","[[""48 30' N 26 43' E""]]",,48 30' N 26 43' E,48 30' N 26 43' E
v14-795-0,RHEIMS ou REIMS,"RHEIMS ou REIMS, (Géog. mod.)​ ville de France en Champagne, capitale du Rémois, sur la riviere de Vêle, (en latin Vidula), dans une plaine entourée de collines qui produisent d’excellens vins, à 12 lieues au nord-ouest de Châlons, à 38 au nord-ouest de Nancy, à 26 au nord de Troyes, & à 36 nord-est de Paris. Long. 21. 43. latit. 49. 15.


Cette ville est très-ancienne, & conserve encore plusieurs restes d’antiquités. Elle a pris son nom des peuples Rhemi ou Remois, mais elle s’appelloit Duroncourt en langue gauloise ; c’est ce mot que les Grecs & les Latins ont tourné selon l’inflexion de leur langue ; Jules César l’a nommé Durocortum, Strabon, Δουρικορτόρα ; Ptolomée, Δουροκόττορον ; & Etienne, Δουροκόρτορος. L’itinéraire d’Antonin & la carte de Peutinger l’appellent Durocortorum.


Cette ville étoit la capitale des peuples rémois du tems de Jules César, lesquels peuples avoient beaucoup de pouvoir dans la Gaule belgique, étoient alliés des Chartrains ou Carnutes, & jouissoient de leur propre & naturelle liberté. De plus cette ville tenoit à Rome par un des grands chemins de l’empire, & par sept chemins qui en sortoient. Elle étoit des plus fideles alliés du peuple romain. Sous les empereurs, il y avoit à Rheims un magasin d’armes & une manufacture où l’on doroit les armes impériales. Il reste encore des vestiges près de Rheims, des chemins publics qui conduisoient de cette ville dans plusieurs autres de l’empire, & qui prouvent la grandeur des maîtres du monde qui les ont fait faire. Enfin lorsque Constantin créa une nouvelle belgique, il lui donna la ville de Rheims pour métropole.​


Elle fut célebre sous les premiers rois de France, puisque Clovis y fut baptisé avec les principaux de sa cour par l’évêque S. Remi, qui l’avoit instruit dans la religion chrétienne. Les rois mérovingiens donnerent dans la suite de grands biens à l’église de Rheims, ensorte que les archevêques devinrent seigneurs temporels de la plus grande partie de leur diocèse. Sous les enfans de Louis le Débonnaire, cette ville échut à Charles le Chauve, & fit partie du royaume de Neustrie, sans que depuis elle en ait été séparée jusqu’à présent.


Les rois Louis le Jeune & Philippe-Auguste son fils donnerent le titre de duc à l’archevêque Guillaume de Champagne, cardinal & frere de la rein-Adelle, & ils lui confirmerent les droits de sacrer & couronner les rois de Prance, qui leur avoient été fortement contestés dans ce siecle-là. Aussi tous les successeurs de Philippe-Auguste ont été sacrés à Rheims, excepté Henri IV. qui fit faire cette cérémonie à Chartres, parce que Rheims étoit attachée au parti de la ligue, & que l’archevêché étoit possédé par le cardinal Pellevé, l’un des plus envenimés ennemis de la maison royale. Le sacre de Philippe-Auguste passe pour avoir été le plus célebre de tous ceux qui l’ont précédé & qui l’ont suivi. Tous les pairs de France y assisterent en personne, ce qui est sans exemple.


Rheims est le siege d’un présidial, d’une élection, d’un hôtel des monnoies, & ce qui la distingue encore, le siege d’un archevêché qui porte le titre de premier duc & pair de France, légat né du saint siege, & primat de la Gaule belgique.


Son église métropolitaine, dédiée à la Vierge, tient un des premiers rangs dans les églises de France. Elle a été bâtie avant l’an 406, & son portail, quoique gothique, est très-estimé. La plus célebre des cinq abbayes qui sont à Rheims est celle de S. Remi, de l’ordre de S. Benoît. On y voit le tombeau du saint, & l’on y conserve la sainte ampoule qui contient l’huile de laquelle on sacre nos rois.


On vient d’y construire une place royale ; l’architecture est de M. le Gendre, ingénieur de la province ; & la statue pédestre est de M. Pigal. C’est un Louis XV. protecteur du commerce & des lois.


Les rhémois commercent en étoffes de laine & en vin. Citons-en les savans.


Lange (François), avocat, s’est acquis de la réputation par son livre intitulé le praticien françois, qui a été imprimé nombre de fois. L’auteur est mort en 1684 à 74 ans.


Lalement (Pierre), chanoine régulier de Ste Géneviève, y naquit en 1592, & devint chancelier de l’université de Paris, où il mourut en 1673, âgé de 81 ans. Quoiqu’il ne manquât pas d’érudition sacrée & profane, il n’a publié que des livres de dévotion en françois ; on estime les trois petits traités qu’il a fait sur la mort, intitulés, la mort des justes, le testament spirituel, & les saints desirs de la mort.


Bergier (Nicolas), né à Rheims en 1557, s’attacha à M. de Bellievre, & mourut dans son château en 1623. Il avoit fait l’histoire de sa patrie en seize livres, dont on n’a publié que les deux premiers ; mais il est fort connu par l’histoire des grands chemins de l’empire romain, ouvrage utile & plein d’érudition que son fils mit au jour à Paris en deux volumes in-4°. Il a été réimprimé dans la même ville en 1681, & depuis à Bruxelles en 1728.


Coquillart, poëte françois, né à Rheims, & official de cette ville. Il a vécu sous le regne de Louis XI. ses poésies ont été mises au jour en 1532, & réimprimées à Paris chez Coutelier en 1714, in-12.


Mopinot (dom Simon), bénédictin, né à Rheims en 1685, travailla avec dom Pierre Constant à la collection des lettres des papes, dont le premier vo-​lume parut à Paris en 1721, in fol. Il mourut en 1724 dans la trente-neuvieme année de son âge.


Monantheuil (Henri de), né à Rheims vers l’an 1536, cultiva les Mathématiques & la Médecine. On trouvera son article & la liste de ses écrits dans le P. Nicéron, tome XV.


Ressant (Pierre), garde du cabinet des médailles de Louis XIV. étoit de Rheims, ainsi que Pierre-Antoine Oudinet son parent, qu’il appella à Paris, & qui devint de l’académie des Inscriptions en 1701. M. Oudinet a donné quelques dissertations curieuses sur les médailles. Il mourut en 1712, âgé de 69 ans. Le P. Nicéron a fait son article dans ses Mémoires des hommes illustres, tomes IX. & X.


Ruinart (dom Thierry), bénédictin & savant critique, naquit à Rheims en 1657, & mourut en 1709. On lui doit la vie du P. Mabillon son maître, & avec lequel il avoit composé le vj. siecle des actes des saints de l’ordre de S. Benoît. On doit beaucoup d’autres recherches aux seuls bénédictins de ce royaume ; ce sont ceux qui ont dévoilé les anciens rits de l’Eglise, & qui ont achevé de tirer de dessous terre les décombres du moyen âge. Dom Ruinart publia à Paris en 1689, in-4°. son recueil latin des actes des premiers martyrs, ouvrage qu’on a depuis traduit en françois & publié à Paris en 1708 en deux volumes in-8°. Cet ouvrage est accompagné d’une préface, dans laquelle dom Ruinart soutient contre Dodwell, que l’Eglise eut dans les premiers siecles une foule prodigieuse de martyrs. Je n’entrerai point dans cette dispute littéraire, mais peut être que le savant bénédictin n’a pas assez distingué les martyrs chrétiens de ceux qui sont morts naturellement, & les persécutions politiques de celles qui eurent lieu pour simple cause de religion. (Le chevalier de Jaucourt.)​","[[""49 15' N 21 43' E""]]",,49 15' N 21 43' E,49 15' N 21 43' E
v14-801-0,RHEINFELS,"RHEINFELS, (Géog. mod.)​ château d’Allemagne, dans le cercle du haut-Rhein, au comté de même nom, sur la droite du Rhein, entre Bingen au midi, & Coblentz au nord ; c’est la résidence ordinaire du landgrave de ce nom. Ce château fut bâti en 1245, & sert de citadelle à S. Gower, qui est à son voisinage. Long. 25. 20. lat. 50. 5. (D. J.)​","[[""50 5' N 25 20' E""]]",,50 5' N 25 20' E,50 5' N 25 20' E
v14-910-0,RIBADAVIA,"RIBADAVIA, (Géog. mod.)​ ville d’Espagne, dans la Calice, au confluent du Migno & de l’Avia, à 8 lieues au sud-ouest d’Orenso. Son terroir produit le meilleur vin de toute l’Espagne. Il y a quatre paroisses, deux communautés religieuses, & un hôpital. Cette ville a été formée par D. Garcie, fils de Dom Ferdinand le grand. Les Dominicains occupent son ancien palais ; il semble qu’en Espagne les moines ayent succédé aux rois. Long. 9. 48. latit. 42. 15.","[[""42 15' N 9 48' E""]]",,42 15' N 9 48' E,42 15' N 9 48' E
v15-1151-0,SOPRON,"SOPRON, (Géog. mod.)​ comté de la basse Hongrie. Il est borné au nord par les terres de l’Autriche ; à l’orient, par les comtés de Mosom & de Javarin ; au midi, par celui de Sarwar ; au couchant, par l’Autriche.


Le comté prend son nom de sa capitale, qu’on appelle Edenbourg ; elle est située sur une petite riviere, à l’occident du lac de Ferto. Longitude 36. 37. latitude 47. 55. (D. J.)​","[[""47 55' N 36 37' E""]]",,47 55' N 36 37' E,47 55' N 36 37' E
v15-1190-0,SORRENTO,"SORRENTO, (Géog. mod.)​ en latin Surrentum ; ville d’Italie ; au royaume de Naples dans la terre de labour, à l’extrémité du golfe de Naples, & à 4 lieues à l’ouest d’Amalfi. Long. 31. 50. lat. 40. 38.


Cette ville est décorée d’un archevêché ; mais elle tire sa principale gloire d’être la patrie du Tasse, Tasso Torquato.


A ce que j’ai déja dit de ce beau génie, en parlant du poëme épique, je vais joindre ici d’autres particularités.


L’amour de la poésie entraîna tellement le Tasse, malgré les conseils de son pere, qu’il publia à l’âge de 17 ans son poëme de Rénaud, Il Rinaldo, qui parut à Vénise en 1562, in-4°. Il avoit lu le Roland furieux de l’Arioste, & s’étoit senti piqué d’une grande émulation pour ce poëte, par qui sa réputation fut si long tems balancée, & qui lui est encore préféré par un grand nombre de beaux esprits d’Italie. Comme l’Arioste avoit adressé son poëme à un cardinal d’Est, le Tasse voulut à l’envi se choisir un patron du même nom & de la même qualité ; en un mot, débuter par un nom célebre, & par les éloges d’une maison capable de soutenir sa muse naissante. Mais pour adoucir le chagrin que cette résolution donneroit à son pere, il tâcha de se le rendre favorable par deux strophes qui finissent son poëme, dans lesquelles, parlant à son ouvrage, il lui ordonne d’aller se soumettre à sa censure, en des termes aussi fins & aussi délicats, que pleins de respect, de reconnoissance & de tendresse. Ce poëme lui acquit l’estime des savans & des académies d’Italie. Les louanges qu’on lui adressa de toutes parts, l’ambition d’être mis au-dessus de ses concurrens, & son goût invincible pour la poésie, lui firent abandonner la jurisprudence, malgré la médiocrité de sa fortune, &​ tous les efforts de ce même pere pour l’arracher à un penchant naturel, qui ne produit d’ordinaire qu’une magnifique fumée.


A l’âge de 27 ans il suivit en France le cardinal d’Est, & fut reçu du roi Charles IX. disent les historiens d’Italie, avec une bienveuillance singuliere. On n’en peut pas donner, ajoutent-ils, une preuve plus forte que ce qui se passa à l’occasion d’un homme de lettres qui avoit été condamné à mort. C’étoit un poëte de quelque réputation ; il étoit malheureusement tombé dans un crime énorme. Le Tasse, tant en faveur des muses, que par compassion, résolut d’aller demander sa grace au roi. Il se rendit au Louvre ; mais il apprit en arrivant que le roi venoit d’ordonner que la sentence fût exécutée en peu de jours, & qu’il avoit déclaré là-dessus sa volonté. Cette déclaration d’un prince qui ne revenoit guere de ses résolutions, n’étonna point le Tasse. Il se présenta au roi avec un visage ouvert : « Sire, lui dit-il, je viens supplier votre majesté, de laisser périr par les lois un malheureux, qui a fait voir par sa chute scandaleuse, que la fragilité humaine met à bout tous les enseignemens de la philosophie ». Le roi frappé de cette réflexion du Tasse, & de cette maniere de demander grace, lui accorda la vie du criminel. C’est dommage que les historiens françois n’ayent point confirmé cette anecdote italienne.


Le Tasse de retour à Ferrare en 1573, donna l’Aminte, qui fut représentée avec un grand succès. Cette pastorale est l’original du Berger fidele & de la Philis de Sciros. On fut enchanté de la nouveauté du spectacle, & de ce mélange de bergers, de héros & de divinités qu’on n’avoit pas vu encore ensemble sur le théâtre. Il parut aux yeux des spectateurs comme un tableau brillant, où l’imagination & la main d’un grand peintre exposoient en même tems dans un beau paysage la grandeur héroïque, & la douceur de la vie champêtre. L’auteur s’étoit dépeint lui-même dans ce poëme, sous la personne de Tircis, & s’y montroit dans cet état tranquille où l’avoit mis la protection du duc de Ferrare, & dans cet heureux loisir qu’il consacroit aux muses. On y voyoit le portrait du duc & de sa cour touché d’une maniere aussi fine que spirituelle : tout cela étoit rehaussé par l’odieuse peinture de Mopse, sous le nom duquelle Tasse désigne un de ses envieux. On prétend encore qu’il y a décrit l’amour dont il brûloit en secret pour la princesse Léonore sœur du duc, passion qu’il a toujours cachée avec beaucoup de soin.


Quoi qu’il en soit, cette pastorale est d’une grande beauté. L’auteur y a scrupuleusement observé les regles prescrites par Aristote sur l’unité du lieu, & sur celle des caracteres. Enfin il a su soutenir l’intérêt de sa piece en ménageant dans son sujet des situations intéressantes. On peut cependant lui reprocher quelquefois de la sécheresse, & sur-tout ce nombre de récits consécutifs, qui ne donnant rien à la représentation, laissent sans occupation un des principaux sens, par l’organe duquel les hommes sont plus facilement touchés. Le pere Bouhours condamne avec raison la Silvie du Tasse, qui en se mirant dans une fontaine, & en se mettant des fleurs, leur dit qu’elle ne les porte pas pour se parer, mais pour leur faire honte. Cette pensée n’est point naturelle à une bergere. Les fleurs sont les ajustemens qu’elle emprunte de la nature, elle s’en met lorsquelle veut être plus propre & plus parée qu’à l’ordinaire, & elle est bien éloignée de songer qu’elle puisse leur faire honte.


L’Aminte fut imprimée pour la premiere fois en 1581, avec les Rimes du Tasse, à Venise, par Alde le jeune, in-8°. & dans les autres recueils des œuvres de l’auteur, qui parurent aussi à Venise les années suivantes en 1582 & 1583. Depuis il s’en est fait plusieurs éditions séparément. Ménage en donna une​à Paris en 1655, in-4°. avec des remarques, sur lesquelles l’académie della Crusca fit des observations que le traducteur a insérées à la page 74. de ses mescolanze, imprimées à Paris en 1678, in-8°. Il y a aussi une édition de l’Aminte fort jolie, faite à Amsterdam en 1678. On en a des traductions en plusieurs langues, & même en latin. En 1734 & 1735 il y en a eu deux en françois ; la premiere de M. Pecquet, & la seconde de M. l’Escalopier. Il a paru aussi une traduction angloise de l’Aminte à Londres en 1628, in-4°. Jean de Xauregui en a publié une version espagnole à Séville en 1618, in-4°. On en a donné une traduction hollandoise à Amsterdam en 1715, in-8°.


Le Tasse acheva en 1574, à l’âge de 30 ans, sa Jérusalem délivrée. La premiere édition complette de ce beau poëme épique parut à Ferrare, l’an 1581, chez Vittorio Baldini, in-4°. Il s’est fait quantité de traductions de la Jérusalem délivrée dans toutes les langues. Scipion Gentilis en a traduit les deux premiers livres en vers latins, sous ce titre. Solimeidos libri duo priores, de Torquati Tassi italicis expressi, Venise 1585, in-4°. Il y en a deux traductions espagnoles, l’une de Jean Sedeno, imprimée à Madrid en 1587, in-8°. l’autre d’Antoine Sarmento de Mendosa, qui parut dans la même ville en 1649, in-8°. Fairfax a traduit ce poëte en anglois avec beaucoup d’élégance & de naturel, & tout-à-la-fois avec une exactitude scrupuleuse. Chaque ligne de l’original est rendue par une ligne correspondante dans la traduction ; c’est dommage qu’il ait servilement imité l’italien dans ses stances, dont la prolixe uniformité déplaît dans un long ouvrage. M. Hill en a donné une nouvelle traduction imprimée à Londres en 1713. Gabriel Fasagno en a fait une version en langue napolitaine, imprimée à Naples en 1720, in-fol. Le poëme & la version napolitaine sont sur deux colonnes.


Les François se sont aussi empressés à donner des traductions de ce poëme ; la premiere & la plus mauvaise de toutes, est celle de Vigenere, qui parut à Paris en 1595, in-4°. & 1598, in-8°. Les endroits qu’il a mis en vers, déplaisent encore plus que sa prose. Depuis Vigenere, on a vu plusieurs autres traductions en vers alexandrins de la Jérusalem, mais aucune de ces traductions n’a réussi. Enfin en 1724 M. Mirabaud publia une traduction en prose de la Jérusalem délivrée, & il en donna une nouvelle édition beaucoup meilleure en 1735.


On n’ignore point les jugemens qu’un grand nombre de savans de tous les pays ont porté de ce célebre poëme, soit en sa faveur, soit à son désavantage, & je ne crois pas devoir m’y arrêter ici. La critique de M. Despréaux a non-seulement révolté les Italiens, mais presque tous les François. Il est vrai cependant que Despréaux estimoit le Tasse, & qu’il en connoissoit le mérite ; autrement comment auroit-pu dire de cet illustre poëte ?



Il n’eût point de son livre illustré l’Italie,
Si son sage héros toujours en oraison,
N’eût fait que mettre enfin satan à la raison ;
Et si Renaud, Aegand, Tancrede & sa maîtresse,
N’eussent de son sujet égayé la tristesse.


M. l’abbé d’Olivet, dans son histoire de l’académie françoise, assure avoir entendu tenir à M. Despréaux le discours suivant, peu de tems avant sa mort, à une personne qui lui demanda s’il n’avoit point changé d’avis sur le Tasse : « J’en ai si peu changé, dit-il, que le relisant dernierement, je fus très fâché de ne m’être pas expliqué un peu au long dans quelqu’une de mes réflexions sur Longin. J’aurois commencé par avouer que le Tasse a été un génie sublime, étendu, heureusement né à la poésie & à la grande poésie ; mais ensuite venant à l’usage qu’il a fait de ses talens, j’aurois montré que​ le bon sens n’est pas toujours ce qui domine chez lui ; que dans la plûpart de ses narrations, il s’attache bien moins au nécessaire, qu’à l’agréable ; que ses descriptions sont trop chargées d’ornemens superflus ; que dans la peinture des plus fortes passions, & au milieu du trouble qu’elles venoient d’exciter, souvent il dégénere en traits d’esprit qui font tout-à-coup cesser le pathétique ; qu’il est plein d’images trop fleuries, de tours affectés, de pointes & de pensées frivoles, qui loin de pouvoir convenir à sa Jérusalem, pourroient à-peine trouver place dans son Aminte. Or, conclut M. Despréaux, tout cela opposé à la sagesse, à la gravité, à la majesté de Virgile, qu’est-ce autre chose que du clinquant opposé à de l’or » ? Cependant il est toujours certain, malgré les réflexions de Despréaux, que la Jérusalem du Tasse est admirable par la conduite, l’intérêt, la variété, les graces & cette noblesse qui releve le sublime.


Sa tragédie de Torrismond, il Torrismondo, parut à Vérone en 1587, in-8°. Mais le Tasse lui-même n’étoit pas content de cette piece, & se plaignoit de ses amis qui la lui avoient arrachée des mains, & l’avoient publiée avant qu’il eût pû la mettre dans la perfection où il la souhaitoit. Dalibray, poëte du dernier siecle, en a fait une traduction libre en vers françois, au-devant de laquelle il a mis un discours où l’on trouve de bonnes réflexions sur le génie de la tragédie, sur celui du Tasse, & sur la tragédie de Torrismond en particulier. Cette traduction de Dalibray, quoique pesante & prosaïque, fut jouée deux fois, & imprimée à Paris en 1636, in-4°.


Le Tasse lassé des critiques qu’on faisoit de sa Jérusalem délivrée, se proposa de faire un nouvel ouvrage, sous le titre de la Jérusalem conquise, la Jerusalemme conquistata, libri XXIV. Ce poëme parut à Rome en 1593, in-4°. mais il n’a point été reçu avec le même applaudissement que le premier, où l’auteur s’étoit abandonné à son ggnie, au-lieu que dans la Jérusalem conquise il s’est proposé de s’accommoder en quelque maniere au goût & aux idées de ses critiques.


Toutes les œuvres de ce beau génie ont été imprimées ensemble avec sa vie par Jean-Baptiste Manso son ami, à Florence en 1724, en six vol. in-fol. Les deux premiers tomes contiennent ses poésies : la Jérusalem délivrée, la Jérusalem conquise, le Renaud, le poëme sur la création, Torrismond, l’Aminte : les autres poësies sont divisées en trois classes. 1. Poésies galantes. 2. Poésies héroïques. 3. Poésies sacrées & morales. Elles sont suivies de quelques pieces imparfaites du Tasse, & de quelques-unes de celles qui passent sous son nom. Les ouvrages en prose forment les tomes III. & IV. Ils consistent en vingt-cinq dialogues sur différens sujets, & environ quarante discours ou autres pieces sur diverses matieres d’érudition, principalement sur l’art poétique, sur le poëme épique ; tout cela est suivi de la défense de la Jérusalem délivrée. Le tome V. est divisé en deux parties ; dans la premiere se trouvent les lettres familieres & poétiques du Tasse ; dans la seconde sept pieces de l’académie della Crusca, & d’autres beaux esprits d’Italie, concernant les disputes sur les poésies de l’auteur & celles de l’Arioste. Le VI. tome contient dix-huit pieces, dialogues ou discours sur le même sujet, c’est-à-dire pour ou contre le Tasse. (Le chevalier de Jaucourt.)​","[[""40 38' N 31 50' E""]]",,40 38' N 31 50' E,40 38' N 31 50' E
v15-126-1,"Serai, ou Sarai, ou Sultan-Sarai, ou Bacha-Serai","Serai, ou Sarai, ou Sultan-Sarai, ou Bacha-Serai, (Géogr. mod.)​ ville du Capchac, sur le Volga, où le kan faisoit sa résidence ; mais les Russes ont ruiné en 1736 cette ville, ou plutôt ce palais. Long. 81. lat. 52. (D. J.)​",[['52 N 81 E']],,52 N 81 E,52 N 81 E
v15-13-1,Sendomir,"Sendomir ou Sandomir, (Géogr. mod.)​ ville de Pologne, capitale du palatinat du même nom, à l’embouchure du San dans la Vistule, & à vingt-huit lieues au levant de Cracovie. C’est une ville fortifiée, & le siege du tribunal de la province ; les jésuites y ont un college. Les Suedois prirent cette ville en 1655, & la réduisirent presque en cendres. Long. 49, 50. latit. 50, 24. (D. J.)​","[[""50 24' N 49 50' E""]]",,50 24' N 49 50' E,50 24' N 49 50' E
v15-1301-0,SOUR,"SOUR, (Géog. mod.)​ ville ruinée de la Turquie asiatique, dans la Syrie, sur le bord de la mer ; les tables arabiques la placent dans le troisieme climat, sous le 68 degré 30 minutes de longitude, & sous le 32 degré 40 minutes de latitude septentrionale.


Cette place n’est autre chose que les ruines de la fameuse Tyr ; le sultan des Mamelucs d’Egypte l’ayant prise en 1291 sur les Francs, la démolit de fond en comble. La mer bat jusques dans ses ruines. Son port est rempli d’écueils, de sable, & de roches. On ne trouve dans toute la campagne voisine que quelques cabanes de pêcheurs maures. (D. J.)​","[[""32 40' N 68 30' E""]]",,32 40' N 68 30' E,32 40' N 68 30' E
v15-1318-0,SOUS,"SOUS, (Géog. mod.)​ nom commun à quelques villes. 1°. C’est un des noms de la célebre Suses, capitale de la Susiane. Voyez Suses.


2°. Sous surnommée Alacsa, est une ville de Mauritanie, dans la partie la plus occidentale de l’Afrique, sur les bords de l’Océan atlantique, au pié du​ mont Atlas, sous le 15. 30. de longitude, & sous le 32. de latitude septentrionale, selon les tables arabiques de Nassir-Eddin & d’Ulugbeg.


3°. Sous ou Souis des Arabes, est la même ville d’Egypte que nous appellons ordinairement Suez, voyez Suez. (D. J.)​","[[""32 N 15 30' E""]]",,32 N 15 30' E,32 N 15 30' O
v15-1537-0,"SPILEMBERGO, & SPILEMBERG","SPILEMBERGO, (Géog. mod.)​ & SPILEMBERG par les Allemans ; ville de l’état de Venise dans le Frioul, sur le Tajamento, à 10 milles d’Udine, vers les frontieres du Boulonnois. Lazius croit que c’est la Bibium d’Antonin, mais Smiler prétend que Bibium est Billigratz. Long. 30. 46. lat. 46. 11. (D. J.)​","[[""46 11' N 30 46' E""]]",,46 11' N 30 46' E,46 11' N 30 46' E
v15-1582-0,SPOLETO,"SPOLETO, (Géogr. mod.)​ les François écrivent Spolete, en latin Spoletum, ou Spoletium, dont le territoire s’appelloit Ager spoletinus.


Spoleto est une ville d’Italie, dans l’état de l’Eglise, capitale du duché de même nom, à 10 lieues au sud-est de Pérouse, & à 20 au nord de Rome ; elle est bâtie en partie sur une colline, & en partie dans la plaine, dont la communication se fait par le moyen d’un pont soutenu de vingt-quatre gros pilastres, que l’on a rangés avec beaucoup d’art.


Son château passe pour un des plus forts de l’Italie ; son évêché ne releve que du saint siege ; la cathédrale est un assez beau bâtiment ; le territoire de cette ville produit beaucoup de bons fruits, d’huile, d’amande, du blé, & des vins ; il étoient autrefois fameux, car Martial en parle, & les préfere aux vins de Salerne même. Long. 30. 26. latit. 42. 44.


Tous les anciens ont parlé de Spolete, capitale des Villumbres ; Tite-Live en particulier fait l’éloge de cette ville, dont Annibal tenta vainement le siege, après sa défaite par les Romains, auprès du lac de Perugia. Théodoric, roi des Goths, y fit bâtir un palais que les Goths détruisirent après sa mort, ainsi que le théâtre. Fréderic Barberousse saccagea cette ville, parce qu’elle soutenoit le parti du pape Alexandre III. Les Pérusins la surprirent & la brûlerent en 1324 ; mais elle s’est rétablie de tous ses malheurs. On y voit encore quelques fragmens antiques, de foibles restes d’un amphitéâtre, & quelques marbres détachés ; mais son aqueduc est un ouvrage digne de la curiosité des voyageurs.


Cet aqueduc, fondé sur le roc, s’éleve à 105 toises, c’est-à-dire à 630 piés, pour joindre ensemble deux montagnes voisines ; cet ouvrage, que la tradition du pays attribue à Théodoric, est peut-être le morceau d’architecture gothique le plus hardi & le plus haut que l’on connoisse dans le monde ; il subsiste presque dans son entier, & continue depuis tant de siecles à porter de l’eau dans la ville ; il sert aussi de pont pour y passer. (D. J.)​","[[""42 44' N 30 26' E""]]",,42 44' N 30 26' E,42 44' N 30 26' E
v15-1637-0,STADEN,"STADEN, (Géogr. mod.)​ en latin Statio, ville d’Allemagne dans le cercle de la basse-Saxe, au duché de Brème, sur la riviere de Schwinge, près de l’Elbe, à 15 lieues au nord-est de Brème. Cette ville a été considérable du tems des Romains, qui y tenoient des troupes pour défendre les passages de l’Elbe. Après avoir subi la domination des archevêques de Brème, elle devint ville anséatique & florissante ; mais elle déchut beaucoup, lorsque les Anglois eurent transporté à Hambourg le commerce de leurs draps. Le feu la consuma presque entierement en 1659. Les ducs de Brunswick-Lunebourg la prirent en 1676. Elle appartient aujourd’hui à l’électeur d’Hanovre. Longit. 26. 54. latit. 53. 42. (D. J.)​","[[""53 42' N 26 54' E""]]",,53 42' N 26 54' E,53 42' N 26 54' E
v15-1645-0,STAFARDE,"STAFARDE, (Géogr. mod.)​ bourgade des états de Savoie, au marquisat de Saluces, entre Cavours & Pignérol sur le Po. Elle est connue par son abbaye d’hommes de l’ordre de citeaux, & par la victoire que le maréchal de Catinat y remporta en 1690 sur le duc de Savoie. Longit. 25. 4. latit. 44. 35. (D. J.)​","[[""44 35' N 25 4' E""]]",,44 35' N 25 4' E,44 35' N 25 4' E
v15-1654-0,STAGNO,"STAGNO, (Géog. mod.)​ petite ville de la Dalmatie, dans la presqu’île de Sabioncello, sur le golfe de Venise, où elle a un petit port, qui est à 30 milles au nord-ouest de Raguse, dont son évêque est suffragant. Long. 35. 38. lat. 42. 53.","[[""42 53' N 35 38' E""]]",,42 53' N 35 38' E,42 53' N 35 38' E
v15-1712-0,STAVEREN,"STAVEREN, (Géog. mod.)​ ville des Provinces-Unies, dans la Frise, au Westergo, sur le Zuyderzée, à six lieues d’Enckhuysen, & à 9 de Vollenhove.


Staveren étoit autrefois une ville puissante, riche, extrèmement peuplée, & l’un des célebres ports de mer de toutes les côtes septentrionales. Les anciens rois de Frise y faisoient leur séjour ordinaire ; & les annales disent que Richolde, premier roi du pays, fit bâtir vers l’an 400, entre Staveren & Médemblic, un superbe temple, dont l’enceinte servoit d’asyle aux criminels & aux bannis. De plus, Staveren fut comprise dans l’alliance des villes Anséatiques.


De fréquentes inondations de la mer, ont extrèmement diminué sa grandeur & son lustre ; cependant c’est encore une bonne ville, peuplée, & commerçante ; son port est à l’embouchure d’une petite riviere qu’on retient par un canal qui coule dans le pays. Il y a outre cela un grand mole qui s’avance dans la mer, & qui est soutenu par des pilotis pour empêcher que les sablons ne bouchent l’entrée de ce port. Enfin, elle a pour sa défense de fortes murailles & de bons bastions, qui sont environnés de marais. Long. 22. 54. lat. 52. 57. (D. J.)​","[[""52 57' N 22 54' E""]]",,52 57' N 22 54' E,52 57' N 22 54' E
v15-1750-0,STENAY,"STENAY, (Géog. mod.)​ en latin du moyen âge, Sathanacum, ville de France, capitale du pays de Bar, sur la Meuse, à 3 lieues de Montmédi, & à 7 de Verdun. Le duc Charles céda à perpétuité à Louis XIII. & à ses successeurs la ville de Stenay, par le traité de l’an 1619, confirmé par le traité des Pyrénées, l’an 1659, & par celui de Vincennes, l’an 1661. Ses fortifications furent rasées par ordre de Louis XIV. mais elles ont été relevées depuis. Long. 22. 51. latit. 42. 30. (D. J.)​","[[""42 30' N 22 51' E""]]",,42 30' N 22 51' E,42 30' N 22 51' E
v15-1786-0,STERTZINGEN,"STERTZINGEN, (Géog. mod.)​ petite ville d’Allemagne dans le Tirol, au pié du mont Brenner, sur le torrent d’Eisack, à 5 lieues au nord-ouest de Brixen. Quelques-uns croient que c’est le Vipiternum d’Antonin. Long. 29. 51. latit. 46. 28. (D. J.)​","[[""46 28' N 29 51' E""]]",,46 28' N 29 51' E,46 28' N 29 51' E
v15-1791-0,STEYR ou STEYBR,"STEYR ou STEYBR, (Géog. mod.)​ petite ville d’Allemagne dans la haute Autriche, située sur une colline, au quartier de Traun, au confluent du Steyr & de l’Ens, à 3 lieues au-dessus du bourg de Traun. Quelques-uns prennent Steyr pour l’ancienne Asturis. Long. 32. 34. latit. 48. (D. J.)​","[[""48 N 32 34' E""]]",,48 N 32 34' E,48 N 32 34' E
v15-1828-0,STOCKHEIM,"STOCKHEIM, (Géog. mod.)​ nom de deux petites villes d’Allemagne. La premiere est dans l’évêché de Liege, sur la Meuse, à 5 lieues au-dessous de Mastricht. La seconde, autrement nommé Stockak, est dans la Suabe, au landgraviat de Nellenbourg, sur une petite riviere de ce nom, à deux lieues du lac, & à six au nord de la ville de Constance. Long. de cette derniere, 26. 32. latit. 47. 56. (D. J.)​","[[""47 56' N 26 32' E""]]",,47 56' N 26 32' E,47 56' N 26 32' E
v15-1839-0,STOLHOFFEN,"STOLHOFFEN, (Géog. mod.)​ petite ville d’Allemagne, au cercle de Suabe, dans le marquisat de Bade, proche la rive droite du Rhin, à 6 lieues au nord-est de Strasbourg. Les Allemands y furent forcés dans leurs lignes par les François en 1707. Long. 25. 24. lat. 48. 30. (D. J.)​","[[""48 30' N 25 24' E""]]",,48 30' N 25 24' E,48 30' N 25 24' E
v15-1840-1,Stolpen,"Stolpen, (Géogr. mod.)​ ville d’Allemagne, au cercle de la haute Saxe, dans la Poméranie ultérieure, sur la riviere de même nom, à 30 lieues au nord-ouest de Dantzick ; elle dépend du roi de Prusse. Long. 34. 48. lat. 54. 42. (D. J.)​","[[""54 42' N 34 48' E""]]",,54 42' N 34 48' E,54 42' N 34 48' E
v15-1869-0,STRALEN,"STRALEN, (Géog. mod.)​ ville des Pays-bas, dans le haut quartier de Gueldre, entre Gueldre & Venlo. Les François s’en saisirent en 1672, & en ruinerent les fortifications. Long. 25. 50. latit. 51. 26. (D. J.)​","[[""51 26' N 25 50' E""]]",,51 26' N 25 50' E,51 26' N 25 50' E
v15-187-0,SERKASS,"SERKASS, (Géog. mod.)​ ville de Perse, que les géographes du pays placent à 85. 35. de longitude, sous les 32. 50. de latitude.","[[""32 50' N 85 35' E""]]",,32 50' N 85 35' E,32 50' N 85 35' E
v15-1870-0,STRALSUNDE,"STRALSUNDE, (Géog. mod.)​ ville d’Allemagne, dans la Poméranie ultérieure, sur la côte de la mer Baltique, vis-à-vis l’île de Rugen. Elle fut bâtie par les Danois l’an 1211, devint ensuite libre, impériale, & anséatique ; c’est aujourd’hui une des fortes villes d’Allemagne, & la plus considérable du cercle de la haute-Saxe. Elle jouit du privilege de battre monnoie, de nommer le gouverneur de l’île de Rugen, & de ne rien fournir lorsque l’Empire est en guerre. Long. 31. 10. lat. 54. 20. (D. J.)​","[[""54 20' N 31 10' E""]]",,54 20' N 31 10' E,54 20' N 31 10' E
v15-1876-0,STRANTAWER ou STRANTAVER,"STRANTAWER ou STRANTAVER, (Géogr. mod.)​ petite ville d’Ecosse, dans la province de Galloway, au fond du golfe de Rian, au sud-ouest d’Edimbourg. Long. 12. 50. lat. 52. 18. (D. J.)​","[[""52 18' N 12 50' E""]]",,52 18' N 12 50' E,52 18' N 12 50' O
v15-1879-0,STRASBOURG,"STRASBOURG, (Gég. mod.)​ ville de France, capitale de l’Alsace, sur la riviere d’Ill, proche le Rhein, à 20 lieues au nord de Basle, à 28 est de Nancy, à 36 sud-est de Luxembourg, à 44 sud-est de Mayence, à 145 ouest de Vienne, & à 102 au levant de Paris. Long. suivant Cassini, 25. 21. 30. lat. 48. 35. 30.


Cette ville est une des plus considérables du royaume par sa situation, & par l’importance des fortifications que Louis XIV. y fit faire après s’en être rendu le maître en 1681. Comme la riviere d’Ill passe au-travers de Strasbourg, avant que de se jetter dans le Rhein, il y a six ponts pour la communication des différens quartiers de la ville. Deux de ces ponts sont de pierre, & les quatre autres ne sont que de bois.


Ses principaux édifices sont bâtis de pierre rouge, dure & solide, qu’on tire des carrieres qui sont du côté de Saverne, ou le long du Rhein. On compte parmi les édifices publics, l’hôtel-de-ville, celui de l’intendant, l’évêché, la comédie, l’arsenal, l’hôpital des bourgeois, & celui des soldats.


Les habitans montent à environ vingt-huit mille ames. La ville a six paroisses & six couvents, trois d’hommes & trois de filles. L’église cathédrale, dédiée à Notre Dame, est belle & ancienne ; sa tour commencée en 1229, n’a été finie qu’en 1449 ; c’est une pyramide de 574 piés de haut, & on y monte par un escalier qui a 635 marches. L’horloge qui est dans l’église est d’un grand travail, aussi composé qu’inutile.


L’évêché de Strasbourg, fondé vraissemblablement dans le vij. siecle, est le plus riche de France, & l’étoit encore davantage autrefois ; cependant il vaut encore à présent environ deux cens quatre-vingt mille livres, & a deux grands bailliages qui en dépendent. L’évêque est suffragant de Mayence, & prince de l’Empire : quand ce siege devient vacant, ce sont les douze chanoines capitulaires qui élisent leur évêque, & c’est toujours conformément aux desirs du roi.


Le chapitre de la cathédrale de Strasbourg est un des plus nobles qu’il y ait dans l’Eglise. Ce chapitre est composé de 12 chanoines capitulaires, & de 12 chanoines domiciliers. Les capitulaires ont entrée & voix délibérative au chapitre : le revenu de leurs canonicats est d’environ six mille livres année commune. Les chanoines domiciliers n’entrent point au chapitre, mais ils parviennent par ancienneté aux places de capitulaires, à mesure qu’elles deviennent vacantes. Les chanoines capitulaires ne peuvent être admis qu’après avoir pris le sous-diaconat. Leur premiere dignité est celle de grand-prevôt ; c’est le saint siége qui y nomme, suivant le concordat germanique passé entre le pape Nicolas V. & l’empereur Fréderic III. l’an 1447.​


L’évêque de Strasbourg a son official, & le chapitre a le sien. Les revenus de la fabrique de la cathédrale peuvent monter à quarante mille livres par an, & sont distingués des revenus de l’évêque, & de ceux du chapitre. L’administration en appartient aux magistrats, qui les emploient aux réparations & à l’entretien de l’église.


L’université de Strasbourg a obtenu ses premiers privileges l’an 1566 de l’empereur Maximilien II. Elle est composée des quatre facultés, & régie par des professeurs luthériens.


Strasbourg est un gouvernement de place du gouvernement militaire d’Alsace, avec état major. Le roi a dans cette ville une forte garnison, dont les soldats sont logés dans des cazernes bâties aux frais des habitans.


Le premier auteur qui ait parlé de Strasbourg est Ptolomée, qui en étoit fort mal informé. Il la place dans le canton ou province des Vangions ; mais elle appartient certainement aux Tribocques. Les Vangions & les Tribocques n’étoient pas même limitrophes, puisque les Németes devoient être situés entre ces deux peuples. Je ne dirai pas pour cela qu’Argentoratum ait commencé en ce tems-là seulement ; comme c’étoit une ville déja fameuse dans le second siecle, où elle eut pour garnison une légion entiere, il ne faut pas douter qu’elle ne doive répeter son origine de tems plus reculés. Cependant comme le nom d’Argentoratum paroît romain, je ne voudrois pas placer cette origine au-delà des tems de la conquête des Gaules par César. Il y a même apparence qu’elle étoit un des cinquante châteaux ou forteresses que Drusus, beau-fils d’Auguste avoit bâties le long du Rhein, pour la défense du pays contre les Germains, & que c’est de-là qu’elle a tiré son origine. L’empereur Julien, dans sa lettre aux Athéniens, nomme cette ville Ἀρχέντορα, en quoi il a été suivi par l’historien Zosime.


Le nom de Strasbourg ne se trouve point avant le vj. siecle ; Grégoire de Tours est le premier qui en parle, l’appellant Strateburgum. Les fréquentes irruptions des Allemands dans les Gaules, au troisieme & quatrieme siecles, & des autres barbares, dans le cinquieme siecle, désolerent & ruinerent tellement cette ville, qu’elle perdit beaucoup de son lustre. Elle fut même plus maltraitée que les autres situées sur le Rhein, ce qui est cause que Worms, Spire, Mayence, peuvent encore montrer plus de restes d’antiquités romaines que Strasbourg.


Cependant cette ville se releva insensiblement, & acquit de la puissance. Elle se soumit avec peine à l’empereur Othon, ayant tenu avec son évêque Ruthard le parti du duc Giselbert, opposé à celui des empereurs. Les ducs d’Allemagne n’en étoient point souverains, quoiqu’ils commandassent dans la province ; & les évêques même malgré leur crédit, n’en étoient pas seigneurs temporels, ou maitres absolus.


L’empereur Lothaire le Saxon, ayant été couronné à Liege par le pape Innocent II. l’an 1121, prit spécialement cette ville sous sa protection. Son exemple fut suivi par Maximilien I. qui lui donna le privilege de battre monnoie d’or. L’empereur Sigismond lui accorda le droit de tenir une foire franche. Enfin Maximilien II. Rudolphe II. son fils, & l’empereur Sigismond l’honorerent encore de nouvelles faveurs.


Voici quelques hommes de lettres, dont elle est la patrie.


Eisenschmid (Jean-Gaspard) y naquit en 1656, & mourut en 1712. Il s’est fait connoître par un livre sur la figure de la terre elliptico-sphéroïde, & par un traité sur les poids, les mesures, & les monnoies anciennes.


Micyllus (Jacques), poëte & littérateur, s’acquit​ de la réputation par des commentaires sur Homere, une vie d’Euripide, & des poésies latines. Il mourut en 1558, âgé de 55 ans. Son véritable nom étoit Molser ; mais il représenta si bien au college le personnage de Micyllus, que Lucien introduit dans son dialogue intitulé le songe, qu’on s’accoutuma à lui donner le nom de Micyllus, qu’il porta toujours depuis.


Obrecht (Ulric) fut d’abord attaché aux intérêts de la maison d’Autriche, & publia quelques ouvrages pour les soutenir ; mais après la prise de Strasbourg par Louis XIV. il changea de sentiment, & se fit catholique, ce qui lui valut la charge de préteur royal de sa patrie. Il mourut en 1701 à l’âge de 55 ans. Il a fait plusieurs ouvrages de politique, tant en latin qu’en françois, & quelques-uns de littérature ; mais les uns & les autres sont tombés dans l’oubli.


Scheffer (Jean), né à Strasbourg en 1621, fut appellé tout jeune en Suede par la reine Christine, qui le fit professeur à Upsal, où il mourut en 1679. Il s’est distingué par d’excellens ouvrages ; tels sont 1°. Upsalia antiqua ; 2°. Suecia litterata ; 3°. de militiâ navali veterum ; 4°. de torquibus antiquorum ; 5°. de naturâ philosophiæ pythagoricæ ; 6°. Laponiæ descriptio. (Le Chevalier de Jaucourt.)​","[['48 35\' 30"" N 25 21\' 30"" E']]",,"48 35' 30"" N 25 21' 30"" E","48 35' 30"" N 25 21' 30"" E"
v15-2074-0,SUCAYCADA,"SUCAYCADA, (Géogr. mod.)​ ville d’Afrique, au royaume de Tunis, sur une haute montagne, qui s’étend jusqu’à la mer, à l’endroit du golphe de Numidie, & à douze lieues de Constantine, du côté du nord. On prétend que c’est la Tacacie de Ptolomée, à laquelle il donne 29 degrés de longitude, & 32. 30 de latitude. (D. J.)​","[[""32 30' N 29 E""]]",,32 30' N 29 E,32 30' N 29 E
v15-2188-0,SULMONA ou SULMONE,"SULMONA ou SULMONE, (Géog. mod.)​ anciennement Sulmo par les Romains, ville d’Italie, au royaume de Naples, dans l’Abruzze-citérieure sur la Sora. Elle a dès le vj. siecle un évêché qui releve aujourd’hui du saint Siege. Long. 31. 37. latit. 42. 6.


Ciofani, (Ercole) littérateur du xvj. siecle, nâquit à Sulmone. L’honneur d’être le compatriote d’Ovide, lui fit entreprendre de donner des observations sur les métamorphoses de ce poëte, & on lui en sait bon gré, car ses observations ne sont pas seulement savantes, mais écrites d’un style pur, élégant & fleuri. (D. J.)​","[[""42 6' N 31 37' E""]]",,42 6' N 31 37' E,42 6' N 31 37' E
v15-2398-1,Surunga,"Surunga, (Géog. mod.)​ ville du Japon, capitale de la province de son nom, dans l’île de Niphon ; elle est toute ouverte, & pleine de boutiques fournies d’étoffes à fleurs de toute espece. On bat de la monnoie dans cette ville, comme à Jédo & à Méaco ; & l’on y fait en particulier des cobangs, qui sont des pieces d’or plates & en ovale, de la valeur d’environ cinq ducats. Le château qui lui sert de défense est un bâtiment quarré, fortifié par des fossés & de hautes murailles de pierres de taille. Long. 156. 35. latit. 34. 27. (D. J.)​","[[""34 27' N 156 35' E""]]",,34 27' N 156 35' E,34 27' N 156 35' E
v15-2401-2,Sus la,"Sus la, (Géog. mod.)​ riviere d’Afrique, au royaume de Maroc ; il y a quelque apparence que c’est l’Una de Ptolomée, qui la met au huitieme degré de longitude, sous le 28. 30. de latitude. Elle tire sa source du grand Atlas, traverse les plaines de Sus auxquelles elle donne son nom, arrose les pays les plus fertiles de ces quartiers, & vient se perdre dans l’océan, près de Guertessen. (D. J.)​","[[""28 30' N 8 E""]]",,28 30' N 8 E,28 30' N 8 O
v15-2415-0,SUSES ou SUZES,"SUSES ou SUZES, (Géog. mod.)​ ville de Perse capitale du Kusistan, à 34 lieues au sud-ouest d’Ispahan, sur le Caron qui est le fleuve Eulée des anciens. Les Persans appellent cette ville Schousch & Schouschster. Ils tiennent par tradition qu’elle a été bâtie par Houdschenk, troisieme roi de Perse de la premiere race nommée des Pischdadiens. Les tables arabiques placent cette ville dans le troisieme climat. Elles lui donnent 84. 30 de longit. & 31. 30. de latit. septentrionale.


Quant à l’ancienne Suses, cette superbe ville autrefois la résidence des rois de Perse en hiver, voyez l’article Susa. (D. J.)​","[[""31 30' N 84 30' E""]]",,31 30' N 84 30' E,31 30' N 84 30' E
v15-2453-0,SWINAR,"SWINAR, (Géog. mod.)​ petite ville de la Turquie européenne, dans la Bosnie, aux frontieres de la Hongrie & de l’Esclavonie, sur la Sade, à trois milles au midi de Posega, & assez près des ruines de la Servitium d’Antonin. Long. 35. 48. latit. 45. 32. (D. J.)​","[[""45 32' N 35 48' E""]]",,45 32' N 35 48' E,45 32' N 35 48' E
v15-2649-0,TABERON,"TABERON, (Géog. mod.)​ ville de Perse. Longit. selon Tavernier, 80. 34. latit. 55. 20. (D. J.)​","[[""55 20' N 80 34' E""]]",,55 20' N 80 34' E,55 20' N 80 34' E
v15-269-0,SERVESTAN,"SERVESTAN, (Géog. mod.)​ ville de Perse. Long. selon Tavernier, 78. 15. lat. 29. 15.","[[""29 15' N 78 15' E""]]",,29 15' N 78 15' E,29 15' N 78 15' E
v15-2709-0,TACRIT ou TECRIT,"TACRIT ou TECRIT, (Géogr. mod.)​ & par M. de la Croix, Tecrite ; ville d’Asie, sur le Tigre, au voisinage de la ville de Bagdat. Tamerlan s’en rendit maître l’an 796. de l’Hégire. Long. selon les tables arabiques de Nassir-Eddin & d’Ulug-Beg, 78. 20. lat. 34. 30. (D. J.)​","[[""34 30' N 78 20' E""]]",,34 30' N 78 20' E,34 30' N 78 20' E
v15-3030-0,TARAZONA ou TARACONA,"TARAZONA ou TARACONA, (Géog. mod.)​ ville d’Espagne, au royaume d’Aragon, sur les confins de la vieille Castille, au bord de la riviere nommée Chilés, à 50 lieues de Madrid, & à 66 de Tolede, dont son évêque est suffragant. Elle a trois paroisses, divers couvens, & un hôpital bien renté.


Tarazona est fort ancienne ; on la nomma d’abord Tyria-Ausonia. Auguste en fit une ville municipale ; les Maures y demeurerent jusqu’en 1120, qu’Alfonse, roi d’Aragon & de Castille, la leur enleva, & y établit un siege épiscopal. Son diocèse étend sa jurisdiction en Castille & en Navarre, & vaut, dit-on, à son évêque quinze mille ducats de rente. On tint dans cette ville un concile l’an 1229, & les états y ont été quelquefois convoqués. Le terrein abonde en blé, vin, huile, fruits, légumes, bétail, gibier, volaille. Long. 16. 7. latit. 41. 52.


Cano, en latin Canus (Melchior), religieux dominicain, & l’un des plus savans théologiens espagnols du xvj. siecle, naquit à Tarazona, & se rendît habile dans les langues, la philosophie & la théologie. Il enseigna cette derniere science avec beaucoup d’éclat dans l’université de Salamanque. Il assista, comme théologien, au concile de Trente, sous Paul III. & fut ensuite fait évêque des Canaries en 1552. Comme il vouloit s’attacher à la cour, il ne garda pas longtems son évêché. Philippe II. le considéra beaucoup. Il fut provincial de Castille, & mourut à Tolede en 1560.


Nous avons de lui plusieurs ouvrages, entr’autres, son traité latin intitulé, locorum theologicorum libri duodecim, & qui ne parut qu’après sa mort ; il est écrit avec élégance, mais il a le défaut de contenir de longues digressions & des questions étrangeres au sujet. L’auteur s’y montre néanmoins un homme d’esprit très-versé dans les belles-lettres & dans la connoissance de l’histoire ecclésiastique moderne, je n’en veux pour preuve que le passage suivant.


« Je le dis avec douleur, & non dans le dessein d’insulter personne (c’est Canus qui parle), Laërce a écrit avec plus de circonspection les vies des philosophes, que les Chrétiens n’ont écrit celles des saints ; Suetone est plus impartial & plus vrai dans l’histoire des empereurs, que ne le sont les écrivains catholiques, je ne dirai pas dans celles des princes, mais dans celles des martyrs, des vierges & des confesseurs, d’autant que Laërce & Suétone ne cachent ni les défauts réels des philosophes & des empereurs les plus estimés, ni même ceux qu’on leur a attribués ; mais la plûpart de nos écrivains sont ou si passionnés, ou si peu sinceres, qu’ils ne donnent que du dégoût ; outre que je suis persuadé que bien loin d’avoir fait du bien à l’église, ils lui ont au contraire fait beaucoup de tort… De plus il est incontestable que ceux qui écrivent l’histoire ecclésiastique, en y mêlant des faussetés ou des déguisemens, ne peuvent être des gens droits & sinceres, & que leurs ouvrages ne sont composés que dans quelques vues d’intérêt,​ ce qui est une lâcheté, ou pour en imposer aux autres, ce qui est pernicieux. » (D. J.)​","[[""41 52' N 16 7' E""]]",,41 52' N 16 7' E,41 52' N 16 7' E
v15-3031-0,"TARBES, ou TARBE","TARBES, (Géog. mod.)​ ou TARBE, ville de France, capitale du comté de Bigorre, sur la rive gauche de l’Adour, dans une belle plaine, à neuf lieues au sud-ouest d’Ausch, & à six au levant de Pau.


Cette ville a succédé à l’ancienne Bigorre, nommée Begora, castrum begorense, qui fut ruinée avec la plupart des autres villes de Gascogne, par les invasions des Barbares. Tarbes s’est accrûe de ses ruines, & a été bâtie à plusieurs reprises. Son église cathédrale est dans le lieu où étoit castrum begorrense, appellé par cette raison aujourd’hui la Sede. Il y a dans cette ville, outre la cathédrale, une église paroissiale & deux couvens, l’un de cordeliers & l’autre de carmes. Les PP. de la doctrine ont le college & le séminaire. La sénéchaussée de Tarbes est du ressort du parlement de Toulouse.


L’évêché de Tarbes, ou pour mieux dire, de l’ancienne Bigorre, n’est pas moderne ; car son évêque assista au concile d’Agde en 506. Cet évêque est suffragant d’Ausch, & président-né des états de Bigorre. Son diocese renferme trois cens quatre-vingt-quatre paroisses ou annexes, & vaut environ vingt-cinq mille liv. de revenu. La ville de Tarbes éprouva en 1750 une secousse de tremblement de terre, qui combla seulement une vallée voisine. Long. 17. 35. latit. 43. 10. (D. J.)​","[[""43 10' N 17 35' E""]]",,43 10' N 17 35' E,43 10' N 17 35' E
v15-3086-0,TARRAGONE,"TARRAGONE, (Géog. mod.)​ petite ville d’Espagne, dans la Catalogne, sur une colline, dont la pente s’étend jusqu’au rivage de la mer Méditerranée, entre deux rivieres, le Gaya & le Francoli. Elle est située à 20 lieues au couchant de Barcelone, & à 90 de Madrid. L’air y est pur, & il s’y fait du commerce en huile, en lin & en vin. Son territoire est très-fertile, & offre un des plus beaux paysages du monde ; mais son port n’est pas bon, à cause des rochers qui en empêchent l’entrée aux gros vaisseaux.


Tarragone est honorée d’une université & d’un siege archiépiscopal, qui a disputé la primatie à celui de Tolede. Son diocese s’étend sur 197 paroisses. L’archevêque jouit de vingt mille ducats de revenu, & a pour suffragans les évêques de Barcelone, de Tortose, de Lérida, de Girone, &c.


Tarragone est fortifiée de bastions & d’autres ouvrages réguliers à la moderne. Plusieurs de ses maisons sont presque toutes bâties de grosses pierres de taille quarrées. Long. 18. 55. latit. 41. 10.


Les Romains la nommerent Taraco, d’où les Espagnols ont fait Tarragona. Les Scipions s’en étant rendu maîtres dans les guerres puniques, en firent le lieu de leur résidence, ainsi qu’une belle place d’armes contre les Carthaginois. Auguste s’y trouvant dans la vingt-troisieme année de son regne, lui donna le titre d’Augusta, & y reçut plusieurs ambassadeurs. Ses habitans, par reconnoissance, bâtirent un temple en son honneur. L’empereur Antonin le Pieux aggrandit son port, & le garnit d’un grand mole. Enfin cette ville devint si puissante & si considérable, que, dans la répartition qui fut faite de l’Espagne, les Romains donnerent son nom à la plus grande partie de ce vaste continent, en l’appellant Espagne tarragonoise.


Après cela faut-il s’étonner qu’on ait trouvé dans cette ville & aux environs beaucoup de monumens anciens, comme des médailles, des inscriptions, & les ruines d’un cirque où se faisoient les courses des chevaux dans une place nommée aujourd’hui la plaça de la Fuente ?​


On y a aussi trouvé les ruines d’un théatre, qui étoit en partie taillé dans le roc & en partie bâti de gros quartiers de marbre, dans l’endroit où est à présent l’église de Notre-Dame du miracle. Cette église, ainsi que la cathédrale, doivent leur construction aux pierres & au marbre qu’on a tirés des débris de cet ancien théatre des Romains.


Les Maures prirent Tarragone en 719, & la démantelerent. Le pape Urbain II. y envoya une colonie en 1038, & ensuite céda cette ville à Raymond Berenger, comte de Barcelone. Les François assiégerent Tarragone en 1641, sans pouvoir s’en rendre maîtres.


Elle est la patrie d’Orose (Paul), prêtre, & historien ecclésiastique du v. siecle. Il lia grande connoissance avec S. Augustin, qui l’envoya en 415 à Jérusalem auprès de S. Jérôme, pour le consulter sur l’origine de l’ame.


Quoi qu’il en soit de la réponse qu’a pû faire S. Jérôme, ce fut au retour du voyage de Palestine que le prêtre de Tarragone composa son histoire générale, qui commence avec le monde & qui finit l’an 416 de Jesus-Christ. Il y en a plusieurs éditions ; la premiere est, je pense, à Venise en 1500 ; la seconde est à Paris en 1506, chez Petit ; la troisieme en 1524, à Paris, in-fol. Ces trois éditions sont moins correctes que les suivantes, à Cologne 1536, 1542, 1561, 1572.


On ne peut contredire raisonnablement le jugement que Casaubon porte de cet ouvrage, qui néanmoins n’est pas sans utilité. On voit à-travers les termes honnêtes du savant critique de Genève, qu’il n’en faisoit pas grand cas. En effet la tâche que prit Orose étoit au-dessus de ses forces. Il ignoroit le grec, & connoissoit fort peu l’histoire romaine. D’ailleurs il peche souvent contre la chronologie, & croit trop aux bruits populaires.


On dit qu’il avoit intitulé son livre de miseriâ hominum ; mais j’imagine que c’est quelque homme d’esprit qui lui a prêté ce titre si convenable à l’histoire en général, & plus encore à l’histoire ecclésiastique qui est le miroir des miseres de l’esprit humain & des maux que son intempérance fait dans le monde. (Le chevalier de Jaucourt.)​","[[""41 10' N 18 55' E""]]",,41 10' N 18 55' E,41 10' N 18 55' E
v15-3108-0,TARTAS,"TARTAS, (Geogr. mod.)​ petite ville de France dans la Gascogne, sur la Midouze, à vingt lieues de Bourdeaux, à six d’Acqs, & dans son diocèse. Elle doit son origine aux Gascons qui la bâtirent, & elle a eu ses vicomtes sous les comtes de Gascogne, dès l’an 960. Elle n’a que deux petites paroisses ; mais elle étoit fort peuplée, lorsque les Protestans en étoient les maîtres sous la protection du roi de Navarre ; ils la tenoient alors pour une de leurs places de sureté. Long. 16. 45. latit. 43. 50. (D. J.)​","[[""43 50' N 16 45' E""]]",,43 50' N 16 45' E,43 50' N 16 45' E
v15-3171-0,TAVERNA,"TAVERNA, (Géogr. mod.)​ petite ville du royaume de Naples, dans la Calabre ultérieure, sur l’Alli. Cette ville a été épiscopale ; mais en 1222, l’évêché fut transféré à Catanzaro. Long. 34. 25. latit. 38. 42. (D. J.)​","[[""38 42' N 34 25' E""]]",,38 42' N 34 25' E,38 42' N 34 25' E
v15-334-0,SÉTUBAL,"SÉTUBAL, (Géog. mod.)​ ville de Portugal, dans l’Estramadoure, au midi du Tage, vers l’embouchure du Zadaor, à 10 lieues au sud-est de Lisbonne.


Sétubal a été bâtie des ruines de l’ancienne Cetobriga, qui étoit un peu plus avant au couchant, & dans laquelle Jupiter Ammon avoit un temple. On a eu soin de la fortifier, & de la fermer de murailles. Elle est située au bout d’une plaine de deux lieues de longueur, extrèmement fertile en grain, en vin, & en fruits. Au couchant de cette ville, la terre fait un promontoire avancé dans la mer, qui présente deux cornes, l’une au nord du côté du Tage, & l’autre au midi du côté de l’océan ; ce dernier promontoire est le promontorium Barbarium des anciens, & le cap de Espichel des modernes.


Sétubal s’étoit accrue par la commodité de son port, par la fertilité de son terroir, par la richesse de sa pêche, & par la fécondité de ses salines. Enfin, son commerce florissant avoit rendu depuis deux siecles cette ville considérable, lorsqu’elle a été détruite par ce terrible tremblement de terre, du premier Novembre 1755, qui a si prodigieusement endommagé Lisbonne. Long. 8. 45. latit 38. 22. (D. J.)​","[[""38 22' N 8 45' E""]]",,38 22' N 8 45' E,38 22' N 8 45' O
v15-356-0,SÉVILLE,"SÉVILLE, (Géog. mod.)​ ville d’Espagne, capitale de l’Andalousie, sur la rive gauche du Guadalquivir, à 16 lieues au nord ouest de Grenade, & à 88 au sud-ouest de Madrid.


Elle est une des premieres, des plus belles, & des plus considérables villes d’Espagne, à tous égards ; elle porte le titre de cité royale, & de capitale d’un beau royaume ; elle tient le premier rang dans l’église des vastes états espagnols, par la dignité de métropole dont sa cathédrale est revêtue ; le commerce y fleurit par sa situation sur le Guadalquivir,​près de la mer ; les flotes des Indes viennent y apporter l’or & l’argent du nouveau monde, & on y convertit ces métaux en monnoie.


Elle est située dans une belle & vaste plaine à perte de vue, qui lui donne ses fruits & les riches toisons de ses brebis. Un aqueduc de six lieues de long, ouvrage des Maures qui subsiste encore, fournit de l’eau à tous ses habitans.


Elle est de figure ronde, ceinte de hautes murailles flanquées de tours, avec des barbacanes, & fermées de douze portes. On distingue entre ses fauxbourgs, celui de Triana, situé à l’autre bord du fleuve, où on passe de la ville sur un pont de bateaux. Long. suivant Cassini, 11. 21. 30. latit. 37. 36.


Séville portoit dans l’antiquité le nom d’Hispalis : les Maures, qui n’ont point de p, ont fait Isbitia, & de-là est venu par corruption le nom Sévilla ; comme c’est de nos jours une des plus riches ville d’Espagne, c’étoit aussi la plus opulente ville des Maures ; Ferdinand III. roi de Castille & de Léon, en fit la conquête en 1248. & elle ne retourna plus à ses anciens maîtres. La mort qui termina la vie de ce prince quatre ans après, mit fin à ses brillans exploits.


Les maisons de cette ville sont toujours construites à la moresque, & mieux bâties que celles de Grenade & de Cordoue ; mais les rues sont étroites & tournantes. Les églises y sont fort riches ; la cathédrale est en particulier la plus belle église, & la plus régulierement bâtie qui soit dans toute l’Espagne ; sa voute, extrémement élevée, est soutenue de chaque côté, par deux rangs de piliers ; elle est longue de 175 pas, & large de 80. Son clocher est d’une hauteur extraordinaire, bâti tout entier de briques, percé de grandes fenêtres, qui donnent du jour à la montée ; il est composé de trois tours l’une sur l’autre, avec des galeries & des balcons ; l’escalier a la montée si douce, qu’on peut la parcourir en mule & à cheval, jusqu’au plus haut, d’où l’on découvre toute la ville & la campagne.


L’archevêque de Séville, dont le siege est fort ancien, a pris quelquefois le titre de primat d’Espagne ; on prétend que ce prélat a plus de cent mille ducats de revenu ; la fabrique de l’église en a trente mille, & quarante chanoines ont chacun trente mille réaux.


La plûpart des autres églises de Séville sont belles, & particulierement celles qu’on voit dans quelques maisons religieuses ; on y compte 85 bénéfices, & plus de trois mille chapelles ; l’église de S. Salvador, qui servoit autrefois de mosquée aux Maures, est par conséquent bâtie à la moresque, c’est-à-dire qu’elle est faite en arcades, soutenues par des piliers qui forment plusieurs portiques.


L’université de Séville a été fondée en 1531. par Roderique Fernandez de Santaella, savant espagnol de son tems ; ensuite les rois d’Espagne lui ont accordé les mêmes privileges qu’à celle de Salamanque, d’Alcala, & de Valladolid ; elle a toujours pour patron quelque grand seigneur espagnol, qui pour cela ne la fait pas fleurir davantage.


Au midi de la ville, près de l’église cathédrale, est le palais royal, nommé alcaçar, bâti en partie à l’antique par les Maures, & en partie à la moderne par le roi D. Pedro, surnommé le cruel ; mais l’antique est infiniment plus beau que le moderne. On donne à ce palais un mille d’étendue ; il est flanqué de tours, qui sont faites de grosses pierres taillées en quarré.


La bourse où les marchands s’assemblent, est derriere l’église cathédrale ; elle est faite en quarré, d’ordre toscan, & composée de quatre corps de logis : chaque façade a deux cens piés de longueur avec trois portes & dix-neuf fenêtres à chaque étage : elle a deux étages, dont l’un sert pour les consuls ; les appartemens sont de grandes salles lambrissées, où les marchands traitent ensemble des affaires du commer-​ce ; ce bâtiment, commencé en 1584, & qui n’a été fini que soixante ans après, a couté prodigieusement, puisque l’achat de l’emplacement seul, fut payé soixante & cinq mille ducats.


A l’entrée du fauxbourg nommé Triana, est le cours, où toute la ville va prendre le frais en été ; il est fait comme un jeu de mail double, partagé en deux allées de grands arbres, avec de petits fossés pleins d’eau.


La boucherie, par une plus sage politique que celle de Paris, est hors de la ville ; mais par une délicatesse de luxe, également cruelle & effrénée, on prend soin avant que d’égorger les bœufs, de les faire combattre contre les dogues, afin que leur chair en soit plus tendre.


En rentrant dans la ville par le pont de bateaux, on voit à l’entrée du port, qui est spatieux, le long du bord du Guadalquivir, une grande place nommée l’Arénal, la maison de l’or, où l’on décharge les effets, & où l’on met l’or & l’argent qui viennent des Indes. Cette maison a un grand nombre d’officiers qui tiennent registre de toutes les marchandises qui arrivent du Nouveau-monde, ou qu’on y porte.


On compte plus de cent hôpitaux dans Séville, la plûpart richement dotés ; il y en a un où l’on donne à chaque malade ses mets particuliers, selon l’ordonnance des médecins ; les gentilshommes, les étudians de l’université, y sont reçus, & ont les uns & les autres, des chambres séparées ; c’est une fort belle institution.


Enfin Séville est une ville d’Espagne des plus dignes de la curiosité des voyageurs ; elle est moins peuplée que Madrid, mais plus grande & plus riche ; aussi fournit-elle seule au roi un million d’or par an. Le pays dans lequel elle est située, est extrémement fertile en vin, en blé, en huile, & généralement en tout ce que la terre produit pour les besoins, ou pour les délices de la vie. Le Guadalquivir lui fournit du poisson, & la marée qui remonte deux lieues au-dessus de Séville, y jette entr’autres, quantité d’aloses & d’esturgeons ; cependant tout ce beau pays, & la ville même, peuvent être regardés comme déserts, en comparaison du tems des Maures ; on en sera bien convaincu si l’on lit l’histoire d’Espagne, sous le regne du roi Ferdinand.


Le commerce des Indes & de l’Afrique, fait qu’on se sert beaucoup à Séville d’esclaves qui sont marqués au nés, ou à la joue ; on les vend & on les achete à prix d’argent, comme des bêtes, & on les fait travailler de même, sans que le christianisme qu’ils embrassent, serve à rendre leur sort plus heureux.


Je n’entrerai pas dans d’autres détails sur Séville, parce qu’on peut s’en instruire dans plusieurs ouvrages traduits en françois ; mais il faut que je parle de quelques hommes célebres dans les lettres, dont elle a été la patrie.


Avenzoar (Abu Merwan Abdalmalck Ebn Zohr), célebre médecin arabe, qui florissoit dans le xij siecle ; Léon l’afriquain place sa mort à 92 ans, dans l’année 564 de l’hégire, qui tombe à l’an 1167-8. de J. C. Né dans la medecine, & d’une famille de médecin, il eut pour maître Averroës, & exerça son art avec beaucoup de gloire dans Séville sa patrie. Il rejetta les vaines superstitions des astrologues, suivit principalement Galien dans sa théorie, & a cependant inséré dans ses écrits des choses particulieres, dont il parle d’après sa propre expérience. Son ouvrage intitulé, Tagassir filmadavat waltadhir, qui contient des regles pour les remedes & la diete dans la plûpart des maladies, a été traduit en hébreu l’an de J. C. 1280. & de l’hébreu en latin, par Paravicius.


Alcasar (Louis de), jésuite, a fait un ouvrage sur l’apocalypse, qui passe pour un des meilleurs des catholiques romains ; il est intitulé, Vestigatio arcani​sensûs in Apocalypsi, & il a été imprimé plusieurs fois de suite, savoir à Anvers en 1604, 1611, & 1619. & à Lyon, en 1616, in fol. L’auteur prétend que l’apocalypse est accomplie jusqu’au vingtieme chapitre, & ne fait aucune difficulté d’abandonner dans son explication, les peres de l’église. Il mourut dans sa patrie en 1613, âgé de 60 ans.


Antonio (Nicolas), chevalier de l’ordre de S. Jacques, & chanoine de Séville, a fait honneur à son pays, par sa bibliothèque des écrivains espagnols, qu’il mit au jour à Rome en 1672, en 2 vol. in-fol. Elle a été réimprimée dans la même ville, en 1696, au frais du cardinal d’Aguirre ; c’est un très-bon livre en son genre, avec une préface pleine de jugement. L’auteur mourut en 1684, à 67 ans. On lui doit encore un livre d’érudition : De exilio, sive de poenâ exulii, exulumque conditione, & juribus, Antuerpiæ 1659, in-fol.


Casas (Barthelemi de las), évêque de Chiapa, suivit à 19 ans son pere, qui passa en Amérique avec Colomb, en 1493. Il employa cinquante ans sans succès à tâcher de persuader aux Espagnols qu’ils devoient traiter les Indiens avec douceur, avec desintéressement, & leur montrer l’exemple des vertus. De retour en Espagne, en 1551, à cause de la foiblesse de sa santé, il se démit de son évêché, & mourut à Madrid en 1566, à 92 ans. On a de lui une relation intéressante, de la destruction des Indes par les barbaries des Espagnols. Cette relation parut à Séville en espagnol, en 1552 ; en latin à Francfort, en 1598 ; en italien à Venise, en 1643 ; & en francois à Paris, en 1697. C’est un ouvrage qui respire la bonté du cœur, la vertu, & la vraie piété ; on a encore de ce digne & savant homme, un livre latin, curieux & rare, imprimé à Tubinge en 1625, sur cette question : « si les rois ou les princes peuvent en conscience, par quelque droit ou quelque titre, aliéner leurs sujets de la couronne, & les soumettre à la domination de quelqu’autre seigneur particulier ». Voyez sur ce sujet la Bibl. ecclés. de M. Dupin, xvj siecle.


Cervantes Saavedra (Miguel de), auteur de don Quichotte, naquit à Seville, en 1549, selon Nicolas Antonio. Il avoit tant de passion pour s’instruire, qu’il dit : « je suis curieux jusqu’à ramasser les moindres morceaux de papier par les rues ». Mais il fit son étude particuliere des ouvrages d’esprit, tant en vers qu’en prose, & sur-tout de ceux des auteurs espagnols & italiens. On voit qu’il étoit fort versé en ce qui a du rapport à cette sorte de livres, par le plaisant & curieux inventaire de la bibliotheque de don Quichotte, par les fréquentes allusions aux romans, par le jugement fin qu’il porte de tant de poëtes, & par son voyage du parnasse.


Il passa en Italie pour prendre le parti des armes, & servit plusieurs années sous Marc-Antoine Colonne. Il se trouva à la bataille de Lépante, en 1571, & y perdit la main gauche d’un coup d’arquebuse ; ou du moins en fut-il si fort estropié, qu’il ne put plus s’en servir. Peu de tems après, il fut pris par les Maures, & mené à Alger, où il demeura plus de 5 ans prisonnier. De retour en Espagne, il composa plusieurs comédies, qui eurent une approbation générale, tant parce qu’elles étoient supérieures à celles qu’on avoit vues jusqu’alors, qu’à cause des décorations, qui étoient toutes de son invention, & qui parurent très bien entendues. Les principales de ses comédies, étoient les coutumes d’Alger, Numancia, & la bataille navale. Cervantes traita le premier & le dernier de ces sujets en témoin oculaire. Il fit aussi quelques tragédies qu’on applaudit.


En 1584 il publia sa Galatée, qui fut très-accueillie. Il prouva par cet ouvrage la beauté de son esprit dans l’invention, la fertilité de son imagination​ dans la variété des descriptions, son adresse à dénouer les intrigues, & son habileté dans le choix des expressions propres au sujet qu’il traitoit. On estima sur-tout la modestie avec laquelle il parloit de l’amour. On ne critiqua que la multiplicité des épisodes, qui quoiqu’amenés avec beaucoup d’art, empêchent de suivre le fil de la narration, & l’interrompent trop souvent par de nouveaux incidens. Cervantes sentit bien lui-même ce défaut, & il en fait presque l’aveu, quand il introduit le curé Pérez, gradué à Siguenza, & maître Nicolas le Barbier, disant : « Celui-là que voilà tout-auprès du recueil de chanson de Lopès de Moldonado, comment s’appelle-t-il, dit le curé ? C’est la Galatée de Michel de Cervantes, répondit maître Nicolas. Il y a long-tems que cet auteur est de mes meilleurs amis, reprit le curé, & je sai qu’il est plus malheureux encore que poëte. Son livre a de l’invention ; il promet assez, mais il n’acheve rien. Il faut attendre la seconde partie qu’il fait espérer ; peut-être qu’il réussira mieux, & qu’il méritera qu’on fasse grace à la premiere : compere gardez-la ». La seconde partie, quoique souvent promise, n’a jamais paru.


Ce joli passage est, comme on sait, dans don Quichotte, ouvrage incomparable par la beauté du style, par la justesse de l’esprit, la finesse du goût, la délicatesse des pensées, le choix des incidens, & la plaisanterie fine qui y regne d’un bout à l’autre. Don Quichotte nous offre en sa personne un fou vraiment héros, qui s’imaginant que quantité de choses qu’il voit, ressemblent aux avantures qu’il a lues, s’engage à des entreprises glorieuses dans son opinion, & folles dans celles des autres. On voit en même tems ce même héros-chevalier, raisonner fort sagement quand il n’est pas dans ses accès de folie. La simplicité de Sancho Pança est d’un comique qui n’ennuie personne. Il parle toujours comme il doit parler, & agit toujours conséquemment.


Pour que l’histoire d’un chevalier errant ne fatiguât pas le lecteur par la répétition tédieuse d’avantures d’une même espece, ce qui ne pouvoit manquer d’arriver, s’il n’avoit été question que de rencontres extravagantes ; Cervantes a fait entrer dans son roman divers épisodes, dont les incidens sont toujours nouveaux & vraissemblables. Tous ces épisodes, hormis deux, savoir, l’histoire de l’esclave, & la nouvelle du curieux impertinent, sont enchâssés dans la fable même, ce qui est un grand art. Le style est approprié au caractere des personnages & des sujets. Il est pur, doux, naturel, juste & si correct, qu’il y a peu d’auteurs espagnols qui puissent aller du pair avec Cervantes à cet égard. Il en a poussé si loin l’étude, qu’il emploie de vieux mots pour mieux exprimer de vieilles choses. Enfin, les raisonnemens sont pleins d’esprit, le nœud est habilement caché, & le dénouement heureux.


La premiere partie de don Quichotte parut à Madrid en 1605, in-4°. & est dédiée au duc de Bejar, de la protection duquel l’auteur se félicite dans des vers qu’il attribue à Urgande la déconnue, & qui sont à la tête du livre. La seconde partie de l’ouvrage ne parut qu’en 1615. Le débit du livre fut tel, qu’avant que l’auteur eût donné cette seconde partie, il fait dire au bachelier Samson Carasco : « A l’heure qu’il est, je crois qu’on en a imprimé plus de douze mille à Lisbonne, à Barcelonne & à Valence, & je ne fais point de doute qu’on ne le traduise en toutes sortes de langues ». Cette prédiction s’est si bien vérifiée, qu’il faudroit un volume pour entrer dans le détail de ses différentes éditions & traductions. Tous les plus célebres artistes, peintres, graveurs, sculpteurs, dessinateurs en tapisseries de haute & basse-lisse, ont travaillé à l’envi à représenter les​avantures de don Quichotte, & c’est ce que nous avons de plus amusant.


Dès que cet ouvrage parut en Espagne, on lui fit un accueil qui n’avoit point eu d’exemple ; car il fut universel, chez les grands, le militaire, & les gens de lettres. Un jour que Philippe III. étoit sur un balcon du palais de Madrid, il apperçut un étudiant sur le bord du Mançanarès, qui, en lisant, quittoit de tems en tems sa lecture, & se frappoit le front avec des marques extraordinaires de plaisir : « cet homme est fou, dit le roi aux courtisans qui étoient auprès de lui, ou bien il lit don Quichotte ». Le prince avoit raison, c’étoit effectivement là le livre que l’étudiant lisoit avec tant de joie.


En 1614, Cervantes fit imprimer son voyage du Parnasse, qui n’est point un éloge des poëtes espagnols de son tems, mais une satyre ingénieuse, comme celle de César Caporali, qui porte le même titre, en est une des poëtes italiens.


En 1615 il publia quelques comédies & farces nouvelles, les unes en vers, les autres en prose. Il y joignit une préface très-curieuse sur l’origine & les progrès du dramatique espagnol ; cependant les comédiens ne jouerent point les nouvelles pieces de l’auteur, & c’est lui même qui nous l’apprend avec sa naïveté ordinaire.


« Il y a, dit-il, quelques années qu’étant revenu à mes anciens amusemens, & m’imaginant que les choses étoient encore sur le même pié, que du tems que mon nom faisoit du bruit ; je me mis de nouveau à composer quelques pieces pour le théâtre ; mais les oiseaux étoient dénichés ; je veux dire. que je ne trouvai plus de comédiens qui me les demandassent. Je les condamnai donc à demeurer dans l’obscurité. Dans le même tems, un libraire m’assura qu’il me les auroit achetées, si un célebre comédien ne lui avoit dit, que l’on pouvoit espérer que ma prose réussiroit, mais non pas mes vers. Alors, je me dis à moi-même, ou je suis bien déchu, ou les tems sont devenus meilleurs, quoique cela soit contraire au sentiment commun, selon lequel on fait toujours l’éloge des tems passés. Je revis cependant mes comédies, & je n’en trouvai aucune assez mauvaise, pour qu’elle ne pût appeller de la décision de ce comédien, au jugement d’autres acteurs moins difficiles. Dans cette idée, je les donnai à un libraire qui les imprima. Il m’en offrit une somme raisonnable, & je pris son argent. Je souhaiterois qu’elles fussent excellentes ; du moins j’espere qu’elles seront passables. Vous verrez bien-tôt, cher lecteur, ce que c’est ; si vous y trouvez du bon, & que vous rencontriez mon comédien de mauvaise humeur, priez-le de ma part de n’être pas si prompt à faire injure aux gens ; qu’il examine murement mes pieces, il n’y trouvera ni ridicule, ni pauvreté ; leur défauts sont cachés ; la versification est sortable au comique ; & le langage convient aux personnages qui y paroissent. Si tout cela ne le contente pas, je lui recommande une piece à laquelle je travaille, intitulée l’abus de juger sur l’étiquette, qui, si je ne me trompe, ne peut manquer de plaire. En attendant, Dieu lui donne la santé, & à moi de la patience ».


Il se divertit encore à composer quelques histoirietes, qu’il publia sous le titre de novelas exemplares, & qu’il dédia au seigneur de Lemos. « Votre excellence, lui marque-t-il, saura que je lui envoie douze contes ; quoique je ne sois pas dans le goût d’en débiter, néanmoins, j’oserois les mettre au nombre des meilleurs, si ce n’étoit pas mon ouvrage ».


Il parle ainsi dans sa préface : « Je vous avertis, gratieux lecteur, que vous ne trouverez rien ici,​ dont on puisse abuser ; j’intitule mes nouvelles, exemplaires, parce que, si vous y prenez garde, il n’en est aucune qui n’offre quelque exemple utile. J’ai eu dessein d’amuser sans danger, & les amusemens innocens sont, à coup sûr, légitimes. On ne peut pas toujours être occupé de la priere, de la méditation, ou des affaires : il faut des tems de récréation pour délasser l’esprit, & réparer ses forces ; c’est dans cette vue qu’on a des bois, des fontaines & des jardins cultivés. La lecture que je vous offre, ne peut exciter de passion criminelle. Il ne convient pas à un homme de mon âge, qui touche à sa soixante-quatrieme année, de badiner avec l’autre vie.


» Comme j’ai fait cet ouvrage par goût, je n’ai rien négligé pour le mettre en état de plaire, & j’ai quelque gloire à dire, que je suis le premier qui aie écrit des contes originaux en espagnol ; ils sont tous tirés de mon fonds, & il n’en est aucun imité ni puisé dans d’autres écrivains. Mon imagination les a enfantés, ma plume les a mis sur le papier, & l’impression va les faire croître ».


Il y avoit long-tems que Cervantes s’occupoit à un autre livre d’imagination, intitulé les travaux de Persile & Sigismonde, qu’il finit immédiatement avant sa mort, arrivée en 1616. Il étoit alors attaqué d’une maladie qui ne l’empêcha pas d’écrire ce roman, & les petites anecdotes qui s’y rapportoient. Comme nous n’avons point d’autre historien que lui-même, & qu’il raconte tout avec grace : voyons ce qu’il nous dit à ce sujet. Il s’exprime en ces termes.


« Il arriva, mon cher lecteur, que comme je venois avec deux de mes amis de la fameuse ville d’Esquivias, je dis fameuse par mille endroits ; premierement par ses familles illustres ; en second lieu, par ses excellens vins, & ainsi du reste ; j’entendis quelqu’un galoper derriere nous, comme pour nous attraper, à ce qu’il me paroissoit ; & ce cavalier ne nous permit pas d’en douter, nous ayant crié de n’aller pas si vîte. Nous l’attendîmes donc, & nous vîmes approcher monté sur une ânesse un étudiant gris (j’entends qu’il étoit tout habillé de gris) : il avoit des botines semblables à celles que portent les moissonneurs, pour empêcher le blé de leur piquer les jambes ; des souliers ronds, une épée & un collet noir, que le mouvement de sa monture faisoit souvent tourner de côté & d’autre, quelque peine qu’il se donnât à le mettre droit. Vos seigneuries, nous dit-il, vont apparemment solliciter quelque emploi ou bénéfice à la cour ; sans doute que son éminence est à Tolede, ou du moins le roi, puisque vous allez si vîte. Franchement j’ai eu bien de la peine à vous atteindre, quoique mon âne ait plus d’une fois passé pour un bon coureur. A ce discours un de mes compagnons répondit ; le cheval du seigneur Cervantes en est la cause, c’est un drôle qui n’aime pas à aller doucement.


» A peine mon homme eut-il entendu le nom de Cervantes, qu’il sauta à bas de sa monture, en faisant tomber son coussin d’un côté, & son portemanteau de l’autre (car il avoit tout cet équipage avec lui) ; il vint à moi, & me prenant par la main gauche ; oui, oui, dit-il, c’est ici le fameux, le divertissant écrivain, le favori des muses ! Me voyant complimenter si magnifiquement, je jugeai qu’il y auroit de l’impolitesse à ne pas lui témoigner quelque reconnoissance de ses louanges ; je l’embrassai (& lui fis tourner son collet par mon accolade), & je l’assurai qu’il étoit dans la même erreur sur mon sujet, que d’autres personnes, qui me vouloient du bien. Je suis, lui dis-je, Cervantes, il est vrai, mais non le favori des muses, ni rien de tout ce que vous m’avez dit de beau. Ayez​donc la bonté, mon cher monsieur, de remonter sur votre bête, & continuons notre voyage, en nous tenant compagnie. Mon étudiant bien élevé, obéit.


« Nous rallentîmes notre pas, & nous marchâmes bien doucement ensemble. On parla de mon mal, & mon homme me prononça bien-tôt mon arrêt, en me disant que j’avois gagné une hydropisie, & que toute l’eau de la mer, fût-elle douce, ne pourroit me désalterer. C’est pourquoi, seigneur, Cervantes, ajoute-t-il, vous devez vous abstenir de boire, mais n’oubliez pas de manger ; cela seul vous guérira sans la moindre médecine. D’autres m’en ont dit autant, lui répliquai-je, mais je ne puis m’empêcher de boire, tout comme si je n’étois né que pour boire. Ma vie tend à sa fin, & par l’examen journalier de mon pouls, je trouve que Dimanche prochain, au plus tard, il achevera sa besogne, & moi ma course. Vous êtes arrivé encore à point pour me connoître, mais je n’aurai pas le tems de vous prouver combien je suis sensible à vos obligeans procédés.


« En discourant ainsi, nous gagnâmes le pont de Tolede, que j’enfilai, comme lui celui de Ségovie. Ce qu’on dira de mon avanture, c’est l’affaire de la renommée ; mes amis peuvent avoir envie de la raconter, & j’en aurai une plus grande de l’éntendre. Je retournai sur mes pas, pour embrasser encore une fois mon étudiant, & il en fit autant de son côté. Ensuite il donna des deux à sa monture, & me laissa aussi malade sur mon cheval, qu’il étoit mal monté sur son ânesse, au sujet de laquelle ma plume vouloit faire encore quelque plaisanterie : mais adieu mes bons amis ; car je m’en vais mourir ; & j’espere de vous revoir avant qu’il soit long-tems dans l’autre monde, aussi heureux que vous le pouvez désirer ».


Voilà donc Cervantes sur le bord du tombeau. L’hydropisie augmenta, & son mal épuisa ses forces. Mais plus son corps s’affoiblissoit, plus il s’attachoit à fortifier son esprit. Ayant reçu l’Extrème-Onction, il attendit la mort avec tranquillité ; & ce qu’il y a de plus surprenant, c’est qu’il ne pouvoit s’empêcher de dire ou d’écrire quelque chose de plaisant, à mesure que des idées riantes lui en venoit dans l’esprit. En effet, après avoir reçu les sacremens le 18 Avril 1616, il dicta le lendemain la dédicace de ses travaux de Persile & Sigismonde, adressée, comme je l’ai dit, au comte de Lémos, & conçue en ces termes :


« Il y a une vieille balade, qui étoit jadis fort en vogue, & qui commençoit, avec un pié sur l’étrier. Je souhaiterois qu’elle ne convînt pas si parfaitement à cette épître, car je puis dire à-peu-près de même, avec un pié sur l’étrier. En partant pour les sombres régions, je prends le courage d’écrire cette épître, & je salue monseigneur avec ce dernier soupir. Hier on me donna l’Extrême-Onction, & aujourd’hui j’écris ceci. Le tems est court, le mal croît, l’espérance diminue ; cependant il me semble que je voudrois vivre un peu plus longtems, moins pour l’amour de la vie, que pour avoir encore une fois le plaisir de voir votre excellence saine & sauve en Espagne, & il ne seroit point impossible que ce plaisir ne me rendît la santé. Mais s’il est arrêté que je doive mourir, la volonté du ciel soit faite ; cependant votre excellence me permettra de l’informer de mes desirs, & de l’assurer qu’elle a en moi un serviteur si zélé, qu’il iroit même au-delà du trépas pour vous servir, si son pouvoir égaloit la sincérité de ses sentimens.


« Je n’ai pas laissé que de me réjouir prophétiquement du retour de votre grandeur en Espagne ; mon cœur s’épanouissoit de joie, quand je me re-​présentois tout le monde vous montrant du doigt, & criant : voilà le comte de Lémos ! Mes esprits se raniment, en voyant mes espérances accomplies, & vos grandes qualités justifier les idées que j’en avois conçues. Il reste encore chez moi quelques lueurs de la meche du jardin ; & si par un heureux hasard, ou plutôt par un miracle, le ciel me conservoit la vie, votre excellence verra la seconde partie de la Galatée, que je lui consacrois. Agréez mes vœux pour votre conservation, &c. A Madrid, le 19 Avril 1616 ».


Il finit ses jours peu de tems après, & ne vit point l’impression de son livre, dont le privilege fut accordé le 24 Septembre 1616, à Catherine de Salazar sa veuve. L’histoire de Persile & Sigismonde, & les contes ou novelas examplares, ont été traduits en françois, & ne sont pas inconnus aux gens qui aiment ces sortes de productions. La vie de l’auteur a été donnée par don Grégorio Mayans Esiscar, bibliothécaire du roi d’Espagne. Elle est à la téte de l’édition espagnole de don Quichotte, imprimée à Londres en 1738, in-4°.


J’ai dit, au commencement de cet article, sur l’autorité de Nicolas Antonio, que Cervantes naquit à Séville ; cependant l’auteur de sa vie, que je viens de citer, estime qu’il étoit né à Madrid, & il appuie son sentiment sur ce que Cervantes s’adresse à cette ville, en prenant congé d’elle dans son voyage du Parnasse, en ces termes :


« Me tournant ensuite vers ma pauvre cabane, adieu, lui dis-je, & toi, Madrid, adieu ; adieu Fontaines, Prado, & vous campagnes où coule le nectar & degoûte l’ambroisie ; adieu aimables & douces sociétés, où les malheureux oublient pour un tems leurs peines. Adieu charmant & romanesque séjour, où deux géans qui avoient entrepris d’escalader le ciel, frappés de la foudre, maudissent leur chûte, & sont renfermés dans les sombres prisons de la terre. Adieu théâtres, dont nous avons banni le sens commun, pour y faire régner la bouffonnerie. Adieu belle & vaste promenade de Saint-Philippe, où l’on discute les intérêts des puissances, où les nouvelles se débitent, & font l’unique sujet des conversations, où l’on examine si le croissant brille ou pâlit, si le lion aîlé (Venise) triomphe ou succombe. Adieu pâle famine ; je quitte aujourd’hui mon pays, pour éviter le triste sort de mourir à ta porte, si je demeurois plus longtems ici ».


Nicolas Antonio répond que par ces mots mon pays, on peut entendre toute l’Espagne ; que d’ailleurs, 1°. ce qui semble favoriser son opinion, c’est que Cervantes dit, dans la préface de ses comédies, qu’étant petit garçon il avoit vu à Séville Lupus de Rueda, un des plus célebres comiques espagnols. 2°. Que les surnoms que porte Cervantes, sont ceux de familles illustres de Séville, & non de Madrid.


Quoi qu’il en soit, il est constant que Cervantes étoit bien mal logé à Madrid ; c’est ce qui paroît par la maniere dont il finit sa relation du voyage du Parnasse. Plein de souci, dit-il, je cherchai mon ancienne obscure retraite. Il n’avoit pas à sa mort dans cette ville un meilleur domicile. On admiroit ses ouvrages, & personne ne lui donna du pain ; il mourut dans l’indigence, à la honte de sa nation ; mais son nom ne mourra jamais.


J’ai trop amusé les gens qui goûtent les écrits de cet aimable écrivain, pour leur faire des excuses sur la longueur de son article, & je plains ceux qui n’aiment pas à la folie l’auteur de don Quichotte. Mais je passe à deux ou trois autres hommes de lettres nés à Séville, & je serai très-court sur leur compte.


Fox de Morzillo (Sébastien), en latin Sebastianus Foxus Morzillus, est du nombre des enfans de-​venus célebres par leur génie & par leurs études. Il naquit en 1628. Philippe II. nomma pour précepteur de Dom Carlos, Morzillus, qui étoit alors à Louvain ; il s’embarqua dans les Pays-Bas pour être plutôt auprès du jeune prince. Il fit naufrage, & périt à la fleur de sa vie. Il a publié avant l’âge de 25 ans, 1°. un commentaire latin in Platonis Timœum. 2°. De conscribendâ historiâ, libellus. 3°. De regno, & regis institutione, libri tres, &c.


Monardés (Nicolas), médecin, florissoit au xvj siecle, & mourut en 1578. Il se fit une granderépution par la pratique de son art, & par les ouvrages qu’il mit au jour. 1°. De secandà venâ in pleuritide, Hispali, 1539, in-4°. 2°. De rosis, malis citris, aurantiis, & limoniis, Antuerpiæ, 1565, in-4°. 3°. De las drogas de las Indias, à Séville, 1574, in4°. Ce dernier livre a été traduit en anglois & en françois par Antoine Colin.


Pineda (Jean), théologien, entra dans la société des jésuites en 1572, & mourut en 1637 âgé de 80 ans. Ses commentaires latins sur Job & sur l’Ecclésiaste, forment quatre volumes in-fol. (Le chevalier de Jaucourt.)​","[['37 36\' N 11 21\' 30"" E']]",,"37 36' N 11 21' 30"" E","37 36' N 11 21' 30"" O"
v15-356-1,Séville,"Séville, (Géog. mod.)​ ville de l’Amérique septentrionale, vers le bout occidental de l’île de la Jamaïque, assez près de la mer, avec un port. Long. 299. 38. latit. 18. 42. (D. J.)​","[[""18 42' N 299 38' E""]]",,18 42' N 299 38' E,18 42' N 299 38' O
v15-393-0,SEYSSEL,"SEYSSEL, (Géog. mod.)​ petite ville de France, dans le Bugey, sur le Rhône, qui la divise en deux parties, & qui en ce lieu commence à être navigable ; on y décharge le sel qui vient du pays pour le transporter en Savoie. Longit. 23. 31. latit. 48. 44.


Seyssel (Claude de) savant du seizieme siecle, prit le nom de cette ville dans laquelle il étoit né ; il professa le Droit à Turin, devint maître des requêtes, conseiller de Louis XII. évêque de Marseille, & finalement archevêque de Turin, où il finit ses jours en 1520. Il a publié plusieurs traductions & ouvrages de différens genres. Son histoire de Louis XII. a été réimprimée plusieurs fois. Sa grande Monarchie de France, traduite en latin, par Sleidan, fit du bruit. Il y soutint une opinion fort extraordinaire pour un maître des requêtes, & pour un évêque ; c’est que le roi est dépendant du parlement. (D. J.)​","[[""48 44' N 23 31' E""]]",,48 44' N 23 31' E,48 44' N 23 31' E
v15-433-0,SIAGUL,"SIAGUL, (Géog. anc.)​ ville de l’Afrique propre. Ptolomée, l. IV. c. iij. la marque sur le bord de la mer, entre Néapolis Colonia & Aphrodisium. On croit que c’est aujourd’hui Suze en Barbarie, au royaume de Tunis. Long. suivant Ptolomée, 36. latit. 32. 20. (D. J.)​","[[""32 20' N 36 E""]]",,32 20' N 36 E,32 20' N 36 E
v15-479-0,SICLI,"SICLI ou, SICHILI, (Géog. mod.)​ ville de Sicile, dans le val de Noto, à 3 lieues au sud-ouest de la ville de Noto, sur le bord d’une petite riviere. Long. 32. 50. lat. 36. 52.","[[""36 52' N 32 50' E""]]",,36 52' N 32 50' E,36 52' N 32 50' E
v15-765-1,"Siradie, ou Siratz","Siradie, ou Siratz, (Géog. mod.)​ ville de la grande Pologne, capitale du palatinat du même nom, dans une belle plaine, sur les bords de la Warta, à 46 lieues au nord-ouest de Cracovie. Elle a pour sa défense un château, qui n’a pas empêché les Tartares de la piller en 1290 ; les Bohèmes la brûlerent en 1292 ; les chevaliers de l’ordre Teutonique en agirent de même en 1331 ; & en 1447, elle fut désolée par un nouvel incendie. Long. 36. 18. lat. 51. 32. (D. J.)​","[[""51 32' N 36 18' E""]]",,51 32' N 36 18' E,51 32' N 36 18' E
v15-808-0,SISTERON ou CISTERON,"SISTERON ou CISTERON, (Géog. mod.)​ ville de France, en Provence, avec évêché, bailliage, & sénéchaussée. L’itinéraire d’Antonin la nomme Senistro, qu’on a depuis changé en Segesterica, & par une nouvelle corruption en Sistarica.


Cette ville a appartenu long-tems aux comtes de Forcalquier, ensuite aux comtes de Provence, & enfin aux rois de France, qui représentent ces derniers comtes.


Sisteron est situé sur la Durance, qu’on y passe sur un pont, à 20 lieues d’Aix, à 15 d’Embrun, & à 146 de Paris. Elle est défendue par une citadelle, qu’on regarde comme le boulevard de la Province, du côté des Alpes. Elle a droit, comme chef d’un bailliage assez étendu, de députer aux états, & aux assemblées des communautés. Il y a un gouverneur, un lieutenant de roi, & un major.


Son évêché, établi dans le vj. siecle, est suffragant d’Aix ; il vaut quinze mille livres de rente. Son diocese contient 46 paroisses en Provence, 16 en Dauphiné & 2 dans le comtat Venaissin. Parmi ces paroisses, celle de Forcalquier se dit co-cathédrale, &​ a un chapitre. Long. de Sisteron, 23. 35. latit. 44. 12.


Albertet, poëte provençal, qui florissoit sur la fin du xiij. siecle, étoit né à Sisteron. Il aimoit les belles-lettres, étoit très-galant, & choisit pour l’objet de sa passion la marquise de Malespine, la dame la plus accomplie de Provence de ce tems-là. Il fit à sa louange plusieurs pieces de poésie, qui plurent tant à cette dame, qu’elle lui en marqua sa reconnoissance par des présens de chevaux, de bijoux & d’argent. Cependant, comme elle s’apperçut que les assiduités d’Albertet faisoient tort à sa réputation, elle le pria de se retirer. Ce poëte obéit avec douleur, & se rendit à Tarascon, mais il continua dans sa retraite à chanter sa belle marquise. Il lui envoya entr’autres vers un sonnet, en forme de dialogue entr’elle & lui, qui commence


:Deportas vous ami, d’aquest amour per aras.


Dans une autre stance, il dit :



Mais commo faray yeu (diz yeu) mas amours caras
My poder d sporlar d’aquest’affection ?
Car certes yeu endury en esta passion,
Per vous ingratament, moutas doulours amaras.


Le Monge des îles d’Or, nous apprend qu’Albertet mourut d’amour & de chagrin à Tarascon, & qu’en mourant, il remit son livre de poésies, intitulé lou Petrach de Venus, à Pierre de Valerme, son intime ami, pour en faire présent à sa cruelle & trop aimée Laure. Ce perfide ami, au lieu de remplir les intentions du mort, vendit l’ouvrage à le Fevre, poëte d’Usez, qui eut l’effronterie de le publier sous son nom ; mais la fourberie fut découverte, & le coupable subit la peine du fouet, établie anciennement par les lois des empereurs, contre les plagiaires de de son ordre. (D. J.)​","[[""44 12' N 23 35' E""]]",,44 12' N 23 35' E,44 12' N 23 35' E
v15-852-0,"SKAR, ou SCARA","SKAR, ou SCARA, (Géog. mod.)​ ville de Suede, dans la Westrogothie, sur la riviere de Lida, à deux lieues au midi du lac Waner. On croit que Scarin, roi des Goths, la fonda, & elle devint la résidence de ses successeurs. Long. 31. 36. latit. 58. 15.","[[""58 15' N 31 36' E""]]",,58 15' N 31 36' E,58 15' N 31 36' E
v15-884-0,SMALKALDEN,"SMALKALDEN, (Géog. mod.)​ les François écrivent Smalcalde, ville d’Allemagne, dans le cercle de la haute Saxe, au comté de Henneberg, & comprise dans le cercle de Franconie, à un mille de la Werra, à six au sud-ouest d’Erford. C’est la plus​ considérable de la principauté de Henneberg, & elle appartient aujourd’hui au prince de Hesse-Cassel. Cette ville est renommée dans l’histoire par les confédérations que les princes protestans y firent en 1530, 1537 & 1540, pour la défense de leur religion ; d’où la guerre qu’entreprirent contr’eux Charles-Quint & son frere Ferdinand, fut appellée la guerre smalcalique, dont l’on sait l’événement. Long. 28. 47. latit. 51. 9.


Cellarius (Christophle), l’un des plus savans hommes de son pays, naquit à Smalkalden en 1638, & mourut à Hall en Saxe en 1707 à 68 ans. Il a donné un grand nombre d’ouvrages, & a procuré la réimpression de plusieurs auteurs anciens ; mais entre ses ouvrages, aucun ne lui a fait plus d’honneur que sa géographie ancienne & moderne, dont on a fait plusieurs éditions. On trouvera le catalogue de ses œuvres, avec des remarques, dans le P. Nicéron, tom. V. p. 273. & suiv. (D. J.)​","[[""51 9' N 28 47' E""]]",,51 9' N 28 47' E,51 9' N 28 47' E
v15-938-0,SOCZOVA,"SOCZOVA. (Géog. mod.)​ ville de la Turquie européenne, dans la partie occidentale de la Moldavie, sur la Moldawa, entre Jassy & Newmack. Long. 44. 48. latit. 47. 12. (D. J.)​","[[""47 12' N 44 48' E""]]",,47 12' N 44 48' E,47 12' N 44 48' E
v15-97-0,SEPT ISLES les,"SEPT ISLES les, (Géog. mod.)​ petites îles de France, à deux lieues de la côte septentrionale de la Bretagne, & à cinq de la ville de Tréguier. Ces îles sont au nombre de sept ; ce sont celles que les anciens appelloient Siadæ & Byadetæ. Long. 14. 28. latit. 48. 43. (D. J.)​","[[""48 43' N 14 28' E""]]",,48 43' N 14 28' E,48 43' N 14 28' E
v15-991-0,SOLDIN,"SOLDIN, (Géog. mod.)​ petite ville d’Allemagne, dans la nouvelle Marche de Brandebourg. Il y a une collégiale, composée de douze chanoines. Long. 32. 55. latit. 53. (D. J.)​","[[""53 N 32 55' E""]]",,53 N 32 55' E,53 N 32 55' E
v16-1037-0,"TIRNAU, TYRNAU, ou TIRNAVIA","TIRNAU, TYRNAU, ou TIRNAVIA, (Géog. mod.)​ ville de la haute Hongrie, dans le comté de Neitra, sur la riviere de Tirna, à 8 lieues au nord-est de Presbourg. Les Jésuites y ont une belle église. Long. 35. 48. lat. 48. 32.


Sambuc (Jean) savant écrivain du seizieme siecle, naquit à Tirnau en 1531, & mourut à Vienne en Au-​triche en 1584 à 53 ans. Il fut extrèmement considéré à la cour des empereurs Maximilien II. & Rodolphe son fils, dont il devint conseiller & historiographe. On a de lui 1°. une grande histoire de Hongrie ; 2°. les vies des empereurs romains ; 3°. des traductions latines d’Hésiode, de Théophylacte, & d’une partie des œuvres de Platon, de Xénophon & de Thucydide ; 4°. des commentaires sur l’Art poétique d’Horace ; 5°. des notes sur plusieurs auteurs grecs & latins. (D. J.)​","[[""48 32' N 35 48' E""]]",,48 32' N 35 48' E,48 32' N 35 48' E
v16-109-0,TELLIGT,"TELLIGT, (Géog. mod.)​ petite ville d’Allemagne, dans le cercle de Westphalie, sur la riviere d’Embs, à une lieue de Munster, avec une riche abbaye. Long. 25. 15. latit. 52. 4. (D. J.)​","[[""52 4' N 25 15' E""]]",,52 4' N 25 15' E,52 4' N 25 15' E
v16-1137-0,TOBULBA,"TOBULBA, (Géog. anc.)​ ville d’Afrique, au royaume de Tunis, sur la côte, à quatre lieues de Mouester. Marmol, descript. d’Afrique, tome II. c. xxvij. en parle ainsi : Tobulba est une ville bâtie par les Romains. Elle étoit autrefois riche & fort peuplée, parce qu’elle avoit un grand territoire couvert d’oliviers. Elle a suivi la fortune de Suze, de Monester, & d’Africa, & elle a été à la fin si fort incommodée des guerres & des courses des Arabes, qu’elle s’est toute dépeuplée. Aujourd’hui ceux qui y demeurent reçoivent les étrangers qui y arrivent, & leur donnent dans un grand logis tout ce qui leur est nécessaire. Par-là ils se mettent à l’abri des insultes des Arabes, des Tunisiens & des Turcs, parce qu’ils les reçoivent bien, & les traitent tous également. Ptolomée marque cette ville sous le nom d’Aphrodisie à 36 degrés, 15 minutes de longitude, & à 32 degrés 40 minutes de latitude. (D. J.)​","[[""32 40' N 36 15' E""]]",,32 40' N 36 15' E,32 40' N 36 15' E
v16-1146-0,TOCKAY,"TOCKAY, (Géog. mod.)​ place forte de la haute Hongrie, dans le comté de Zemblin, au confluent du Bodrog & de la Teisse, à 16 lieues au midi de Cassovie. Le vin qui croît dans son terroir passe pour le plus délicieux de toute l’Europe. Long. 38. 42. latit. 48. 12. (D. J.)​","[[""48 12' N 38 42' E""]]",,48 12' N 38 42' E,48 12' N 38 42' E
v16-1309-0,TORCELLO,"TORCELLO, (Géog. mod.)​ petite ville d’Italie, dans l’état de Venise, à six lieues de la capitale, avec titre d’évêché ; mais ce n’est qu’un titre, car c’est un​évêché misérable, & tout dépeuplé. Long. 30d9′. lat. 45d34′. (D. J.)​","[[""45 34' N 30 9' E""]]",,45 34' N 30 9' E,45 34' N 30 9' E
v16-1330-0,TORIGNI,"TORIGNI, (Géogr. mod.)​ petite ville, ou, pour mieux dire, bourg de France, dans la basse Normandie, sur un ruisseau, à trois lieues au-dessus de S. Lô. Long. 16. 34. latit. 49. 10.


Callieres (François de) natif de Torigni d’une famille noble, fut reçu de l’académie françoise en 1689, & se distingua dans les négociations. Louis XIV. le nomma plénipotentiaire au congrès de Riswick. A son retour, il obtint une gratification de dix mille livres, avec la place de secrétaire du cabinet. Il se fit honneur par deux ouvrages, l’un de la maniere de négocier avec les souverains, & l’autre de la science du monde. Il mourut en 1717, à 72 ans. (D. J.)​","[[""49 10' N 16 34' E""]]",,49 10' N 16 34' E,49 10' N 16 34' E
v16-1340-0,TORNOVO,"TORNOVO, (Géog. mod.)​ ville de la Turquie européenne, dans le Coménolitari, sur le bord de la Sélampria, à dix milles au nord-ouest de Larisse, dont son évêché est suffragant. Les Turcs y ont trois mosquées, & les Grecs quelques églises. Long. 40. 25. latit. 39. 52. (D. J.)​","[[""39 52' N 40 25' E""]]",,39 52' N 40 25' E,39 52' N 40 25' E
v16-1387-0,TOSCANELLA,"TOSCANELLA, (Géog. mod.)​ petite ville d’Italie, au duché de Castro, dans l’état de l’Eglise, au patrimoine de S. Pierre, sur la Marta. Elle avoit autrefois un évêché qui a été uni à celui de Viterbe. Ses anciens habitans sont nommés Tuscanienses dans Pline, l. III. c. v. Long. 29. 42. latit. 42. 24. (D. J.)​","[[""42 24' N 29 42' E""]]",,42 24' N 29 42' E,42 24' N 29 42' E
v16-1416-0,TOUL,"TOUL, (Géog. mod.)​ en latin Tullum, ville de France, enclavée dans la Lorraine, capitale du Toulois, sur la Moselle, à 5 lieues au couchant de Nancy, à 12 au sud-ouest de Metz, & à 68 au sud-est de Paris, dans un vallon très-fertile : une chaîne de montagnes & de côteaux couverts de vignes, l’entoure à moitié.


Cette ville composée d’environ cinq mille habitans, a quatre paroisses, deux fauxbourgs, un bailliage, une sénéchaussée, & un gouverneur particulier. Son gouvernement civil est du ressort du parlement de Metz : l’évêché de Toul passe pour fort​ ancien ; il est suffragant de Treves, & a un diocèse des plus étendus du royaume ; car on y compte 1400 paroisses ; il se qualifie comte de Toul, & prince du saint Empire ; le revenu de son évêché est évalué à environ quarante milles livres de rente. Long. suivant Cassini, 23. 25. 30. latit. 48. 40. 27.


Il est constant que Toul est une ville ancienne : on a une médaille antique où elle est nommée Tullocivitas. Ptolomée l’appelle Tullum, & la donne aux peuples Leuci : elle a toujours conservé le même nom jusqu’à présent, sans prendre celui du peuple, comme ont fait la plûpart des autres villes. Les Leuci étoient Belges, & lorsqu’on partagea la Belgique en deux provinces, ils furent mis sous la premiere & sous la métropole de Treves ; leur territoire étoit de fort grande étendue.


La ville de Toul, comme sa métropole, Treves avec Metz & Verdun, vinrent au pouvoir des François au commencement de leur établissement dans les Gaules ; elle fut toujours sujette aux rois d’Austrasie sous les Mérovingiens & sous les Carlovingiens. Après la mort du roi Raoul, elle fut assujettie du tems de Louis d’Outremer à Othon I. & elle reconnut ses successeurs pour souverains.


Le comte Frédéric n’eut qu’une fille, qui épousa Matthias de Lorraine, dont il n’eut point d’enfans ; la race de ces comtes étant éteinte, les ducs de Lorraine furent investis de l’avouerie de la cité de Toul. Enfin, dans la suite des tems, la souveraineté de la ville & de l’évêché de Toul, a été cédée à la couronne de France par le traité de Westphalie. Louis XIV. maître de cette ville, l’a fortifiée, & en a fait une place réguliere plus grande qu’elle n’étoit auparavant.


Abraham (Nicolas) jésuite savant dans les humanités, naquit à Toul, l’an 1589. Il a publié entre autres ouvrages, 1°. des notes sur la paraphrase de l’évangile de S. Jean, composée en vers grecs par Nomius ; M. Simon cite plusieurs fois ce livre, qui n’est pas indigne d’être connu ; 2°. un commentaire sur quelques oraisons de Cicéron. C’est un ouvrage d’un grand travail ; mais les notes y sont tellement chargées de littérature, que cette profusion rebute les moins paresseux. Ce commentaire fut imprimé à Paris avec les oraisons l’an 1631, en deux tomes in-fol. 3°. un commentaire sur Virgile ; il est beaucoup plus court que celui de Cicéron, & par-là d’un plus grand service dans les écoles.


Picard (Benoît) capucin né à Toul en 1663, & mort en 1721, a beaucoup fait de recherches sur sa patrie. On a de lui, 1°. une histoire ecclésiastique & politique de la ville & du diocèse de Toul ; 2°. un pouillé ecclésiastique & civil du diocèse de Toul ; 3°. une dissertation pour prouver que la ville de Toul est le siége épiscopal des Luquois.


Raulin (Jean) naquit à Toul l’an 1443, devint grand maître du collége de Navarre, & mourut à Paris dans le collége de Cluny, l’an 1514, âgé de 71 ans. C’étoit un des célebres prédicateurs de son sieble ; ses sermons ne le cedent point à ceux de Maillard, de Barlette, & de Menot. J’en vais rapporter quelques traits pour les mieux faire connoître, parce qu’ils sont fort rares.


Dans le sermon IV. du troisieme dimanche de l’Avent : Dicit Deus accipe consilium à me, & salva animam tuam. Medici & Advocati carè vendunt consilia sua, sed non Deus : nam dicit, accipe : non constat nisi accipere : vulgò dicitur bonum forum trahit argentum de bursa ; & sic quilibet debet accipere, & facere illud bonum forum consilii : salva animam tuam, quia unicam habes, nec plus habere poteris, nec perdere nisi velis. Inde communiter soli doctores theologi, qui sunt consiliarii animæ, dicuntur magistri nostri, quia sunt communes omnibus, & nihil constat eorum consilium : ​sed eorum consilio habito sufficit dicere gratias. Non sic de doctoribus Medicinæ decretorum, quia non sunt nostri, sed oportet eorum consilia emere magno pretio, & implere manus eorum auro vel argento ; aliàs non oporteret reverti secundâ vice.


Dans le sermon quatorzieme de la pénitence : Leo vocavit lupum, vulpem, & asinum ad capitulum, ut confiterentur peccata sua, & eis juxtà delicta pœnitentiam injungeret. Venit lupus ad capitulum, & sic confessus est : ego malè feci quia comedi ovem, quæ ad me non pertinebat, sed hoc habeo ex legitimis juribus patrum meorum, qui ita ex omni ætate usi sunt, ut pater, avus, abavus, & atavus, ita ut nulla sit memoria hominum, quin lupi semper comederint oves. Ad quem leo : an verùm quod ita habet præscriptum ex omni antiquitate, sic comedere oves ? Cui dicenti, quod sic, pro tanto crimine imposuit semel dicere, pater noster.


Supervenit vulpes, & confessa est se malè egisse, quia capones & gallinas comederat non suas, licet ex omni œvo, in possessione fuerit sic comedendi illas. Quæ similiter propter unum pater noster absoluta est.


Supervenit asinus, tria confessus in capitula fecisse peccata. Primùm quia comederat fœnum quod in ripis & dunis ab aliorum quadrigis fortuitò derelictum erat. Cui leo : grande peccatum est, ô asine ! quia aliena comedisti, quæ tui magistri non erant. Secundo confessus est asinus, quia stercoraverat claustrum fratrum. Cui leo : grande peccatum est fœdare terram sanctam. Tertium peccatum vix ab eo potuit extorqueri, quod posteà cum ejulatu & gemitu dixit, quod recederat & cantaverat cum fratribus, & cum eis melodiam fecerat. Respondit leo gravissimum esse peccatum, eò quòd fratres in discordiam miserat. Et sic graviter flagellatus est asinus, propter peccata parva, & dimissa vulpes, & lupus in possessione majorum, cum absolutione.


Non-seulement on a imprimé plusieurs fois les sermons de Raulin séparément ; mais on en a donné une édition complette à Paris en 1642, en 2. vol. in-8°. Tous les ouvrages de ce prédicateur ont été publiés à Anvers l’an 1611 en 6. vol. in-4°. Ses lettres ont paru à Paris en 1620, in-4°. Elles sont mieux écrites que ses sermons, quoique pleines d’allégories & de figures ; cependant elles sont rares, recherchées, & passent pour son meilleur ouvrage.


Vincent de Lérins, religieux du monastere de ce nom, étoit natif de Toul, selon l’opinion la plus commune ; il mourut vers 450. Il s’est fait connoître par un petit ouvrage sur les hérésies, qu’il intitula, Mémorial du pélerin, ou Commonitorium. M. Baluze en a donné la meilleure édition avec des notes. (Le chevalier de Jaucourt.)​","[['48 40\' 27"" N 23 25\' 30"" E']]",,"48 40' 27"" N 23 25' 30"" E","48 40' 27"" N 23 25' 30"" E"
v16-1417-0,TOULA,"TOULA, (Géog. mod.)​ petite ville de la Russie moscovite, au duché de Rézau, à 40 milles de la ville de Rézau, & à 36 de Moscou, au confluent de la Toula & de l’Uppa. Long. 55. 45. latit. 54. (D. J.)​","[[""54 N 55 45' E""]]",,54 N 55 45' E,54 N 55 45' E
v16-1583-0,TRAJETTO,"TRAJETTO, (Géog. mod.)​ petite ville d’Italie, au royaume de Naples, dans la terre de Labour, vers l’embouchure du Garigliano, sur une côte près des ruines de l’ancienne Minturnæ. Longit. 31. 56. latit. 41. 5. (D. J.)​","[[""41 5' N 31 56' E""]]",,41 5' N 31 56' E,41 5' N 31 56' E
v16-1681-0,"TRAPANI, ou TRAPANO","TRAPANI, ou TRAPANO, (Géog. mod.)​ en latin Drepanium, ville de Sicile, sur la cote occidentale de cette île, dans la vallée de Mazara, sur une langue de terre qui avance dans la mer, à 20 lieues à l’ouest de Palerme ; son port est grand, & défendu par un château ; cette ville est connue par ses salines & par ses pêches de thon & de corail. Long. 30. 12. latit. 38. 18.


Fardella (Michel-Ange) religieux de l’ordre de S. François, né à Trapani en 1650, se distingua dans la Géométrie, & publia en ce genre d’assez bons ouvrages pour le tems. Il mourut à Naples en 1718, dans la soixante-huitieme année de son âge. Le P. Nicéron a fait son article dans ses Mémoires des hommes illustres, tome XII. (D. J.)​","[[""38 18' N 30 12' E""]]",,38 18' N 30 12' E,38 18' N 30 12' E
v16-1790-1,Tremecen ou Telemicen,"Tremecen ou Telemicen, (Géogr. mod.)​ ville d’Afrique, dans la Barbarie, capitale de la province de même nom, à 7 lieues de la Méditerranée, dans une plaine, qui confine avec le mont Atlas. Cette ville est habitée par des maures, de pauvres arabes, & des juifs. Longit. 16. 30. lat. 34. 25. (D. J.)​","[[""34 25' N 16 30' E""]]",,34 25' N 16 30' E,34 25' N 16 30' E
v16-1866-0,"TRÉVISO, Trevisi ou Trevisio","TRÉVISO, (Géog. mod.)​ Trevisi ou Trevisio, en latin Tarvisium ou Tervisium ; ville d’Italie dans les états de Venise, capitale du Trévisan, sur la riviere Silis ou Silé, à 18 milles au nord-ouest de Venise, à 20 au nord-est de Padoue, & à 25 à l’est de Bassano. Elle est décorée de plusieurs édifices publics. Son évêché suffragant d’Aquilée, est des premiers siecles. Long. 29. 48. lat. 45. 44.


Tréviso subsistoit du tems de l’empire romain, car on y a découvert une inscription où on lit ces mots, Mun-Tar, & une autre où l’on voit celui-ci, Decurion. C’en est assez pour regarder cette ville comme un ancien municipe. Elle fut sous la puissance des Goths, puisqu’après la réduction de Ravenne par Belisaire, & la détention de Vitigis, cette ville fut une de celles qu’ils remirent au vainqueur. Peut-être retomba-t-elle encore sous leur domination, lorsqu’Idibade eut vaincu Vitalius. Tréviso tomba dans la suite au pouvoir des Hongrois ; puis elle appartint aux Carares & aux Scaligers ; enfin elle se donna aux Vénitiens en 1388, & depuis ce tems-là, elle est demeurée toujours attachée à cette république. Jean Bonifacio & Barthélemi Burchelati, ont donné l’histoire de Trévise, on peut les consulter.


Non-seulement Tréviso fut sous la puissance des Goths, mais elle eut la gloire de donner la naissance à Totila roi de ce peuple. Il fut mis sur le trône après la mort d’Evaric, & rétablit par sa valeur & par sa conduite les désastres de la nation. Il reprit plusieurs provinces sur les Romains, toute la basse Italie, les îles de Corse, de Sardaigne & de Sicile. Il s’empara de Rome, en donna le pillage à ses troupes, & fit démolir une partie des murailles. Il continua de remporter quelques autres avantages contre​ les Romains ; mais il périt en 552, dans une bataille contre Narsès. (D. J.)​","[[""45 44' N 29 48' E""]]",,45 44' N 29 48' E,45 44' N 29 48' E
v16-2167-0,"TROPÈS, saint","TROPÈS, saint-, (Géog. mod.)​ ville de France, en Provence, au diocèse de Fréjus, sur la Méditerranée, où elle a un port, à 24 lieues au levant de Marseille, & à 6 au sud-ouest de Fréjus. Long. 24. 20. latit. 43. 17. (D. J.)​","[[""43 17' N 24 20' E""]]",,43 17' N 24 20' E,43 17' N 24 20' E
v16-2328-1,Tulle,"Tulle, (Géog. mod.)​ en latin du moyen âge Tutela, ville de France, capitale du bas Limousin, au confluent des rivieres de Correse & de Solan, à 15 lieues au sud-est de Limoges, & à 118 au midi de Paris, dans un pays rempli de montagnes & de précipices.


C’est aussi par cette raison, que d’anciens moines s’y établirent, pour y former dans le x. siecle un monastere qui procura la fondation de la ville de Tulle. Les princes qui ont posséde le Limousin, s’attribuerent le haut domaine de cette ville, & les rois de France leur ont succédé.


Tulle est aujourd’hui décorée d’un évêché, d’un présidial, & d’une élection : l’évêché fut érigé par le pape Jean XXII. en 1317 ; il n’a que huit lieues d’étendue, & le revenu est de douze à quatorze mille livres ; l’évêque est aussi seigneur de la ville, qui porte le titre de vicomté. Long. 19. 20. latit. 45. 15.


Cette ville a été fort illustrée par M. Baluze (Etienne) qui y naquit en 1630. C’est un des plus savans hommes du xvij. siecle, & un des auteurs qui a rendu le plus de services à l’Eglise & à la république des Lettres, par les soins qu’il prit de rechercher de tous côtés les anciens manuscrits, de les conférer avec les éditions, & de les donner ensuite au public avec des notes pleines d’érudition. On lui doit le recueil du capitulaire de nos rois, les œuvres de S. Cyprien, les conciles de la Gaule narbonnoise, la concorde du sacerdoce & de l’empire de M. de Marca, l’édition des épîtres d’Innocent III. en 2. vol. infol. qui parurent en 1682. Outre cela, il a mis au jour six volumes in-8°. de différentes pieces, intitulées Miscellanea. C’est encore lui qui a formé le recueil des manuscrits de la bibliotheque de Colbert. Il a travaillé jusqu’à l’âge de 88 ans, qu’il termina par sa mort à Paris, en 1718.


M. Baluze écrivoit bien en latin, & étoit très versé dans l’histoire ecclésiastique & prophane. Il donna en 1708, l’histoire généalogique de la maison d’Auvergne, & fut exilé pendant quelque tems, pour avoir soutenu dans cet ouvrage les prétentions du cardinal de Bouillon, qui se croyoit indépendant du roi, & qui fondoit son droit sur ce qu’il étoit né d’un prince souverain, dans le tems que Sedan appartenoit encore à ce prince.


Le jésuite Jarrige (Pierre) n’a pas fait beaucoup d’honneur à la ville de Tulle sa patrie. Il étoit un des fameux prédicateurs de son ordre, mais un mal-honnête homme, qui pour se venger de ne pas obtenir les emplois dont il se croyoit digne, vint en Hollande, abjura sa religion, & mit au jour un livre qu’il intitula, les jésuites mis sur l’échaffaud, livre dans lequel il les traita d’une maniere si outrageante, que jamais il n’étoit arrivé à leur société rien de si mortifiant, dit un auteur calviniste. Le pere Pontheller ramena cet esprit fougueux ; il rentra en 1650 dans la communion romaine, s’établit chez les jésuites d’Anvers, & publia sa rétractation.


M. Melon (N.) mort à Paris en 1738, étoit natif de Tulle ; la cour l’employa dans des affaires très importantes ; son principal ouvrage est un Essai politique sur le Commerce, dont la seconde édition est meilleure que la premiere. (D. J.)​","[[""45 15' N 19 20' E""]]",,45 15' N 19 20' E,45 15' N 19 20' E
v16-257-0,TERAMO,"TERAMO, (Géog. mod.)​ ville d’Italie, au royaume de Naples, dans l’Abruzze ultérieure, au confluent du Tardino & de la Viciola, entre Ascoli & Civita-di-Pena, à 8 lieues d’Aquila. Cette ville est l’Interamna du pays des Praegutiens ; Ptolomée, liv. III. c. j. écrit Interamnia. Elle a présentement un évêché fondé l’an 500, & qui ne releve que du pape. Long. 31. 28. lat. 42. 37.


Palladino (Jacques) auteur ecclésiastique du quatorzieme siecle, connu sous le nom d’Ancharano, & plus encore sous celui de Jacques de Téramo, parce qu’il naquit dans cette ville en 1349. Il devint évêque de Monopoli en 1391, archevêque de Tarente en 1400, archevêque de Florence en 1401, évêque & administrateur du duché de Spolete en 1410. Il fut envoyé en Pologne, en qualité de légat du saint siége en 1417, & il y mourut la même année. Le seul de ses ouvrages qui a eu cours, mais un cours incroyable, est une espece de roman de piété, qu’on a traduit dans presque toutes les langues de l’Europe.


M. Dupin a eu tort de dire, que ce roman n’existoit qu’en manuscrit dans les bibliotheques d’Angleterre ; il a été mis au jour plusieurs fois, & sous des titres différens. Voici ceux des premieres éditions : 1°. Jacobi de Ancharano, processus Luciferi contrà Ihesum, coràm judice Salomone ; c’est une très-vieille édition, in-folio, sans aucune indication, ni date. 2°. Reverendi patris domini Jacobi de Theramo, consolatio peccatorum nuncupatum, & apud nonnullos Belial vocitatum, id est, processus Luciferi principis doemoniorum, quorum procurator Belial, contra Ihesum redemptorem, ac salvatorem nostrum, cujus procurator Moyses, de spolio animarum quæ in lymbo erant, cùm descendit ad inferna…… coram judice Salomone ; c’est encore une très-ancienne édition, in-folio, en assez beaux caracteres, sans aucun nom de ville, & sans aucune date.​


On a d’autres éditions du même ouvrage. 1. Une d’Ausbourg, chez Jean Schusler en 1472, in-folio, 2. Une intitulée : Lis Christi & Belial, judicialiter coràin Salomone judice, Gondæ, per Gerardum Leen en 1481. in-folio, en caracteres gothiques. 3. Une sans nom de ville, ni d’imprimeur en 1482. in-folio. 4. Une en 1484. in-folio. 5. Une à Ausbourg, chez Jehan Schoënbarger en 1487. in-folio. 6. Une à Strasbourg en 1488. in-folio. 7. Une à Vicence en 1506. in-folio. 8. Une à Hanoviæ en 1611. in-8°. &c.


Palladino n’avoit que trente-trois ans, lorsqu’il composa cet ouvrage, dont voici un court précis ; car j’imagine que peu de personnes en France connoissent ce livre singulier.


L’auteur après avoir dit en deux mots, que la chûte de l’homme avoit obligé J. C. à mourir pour la rédemption du genre humain, suppose que son ame descendit aux enfers immédiatement après sa mort, y entra triomphante, en délivra les ames des bienheureux, enchaîna Lucifer, & mit en fuite les démons. Ces démons s’étant rassemblés, élurent Bélial pour leur procureur, & l’envoyerent demander justice à Dieu contre Jesus, comme contre un perturbateur & un usurpateur. Belial obtint de Dieu, Salomon pour juge. Jesus cité devant ce roi, & ne pouvant comparoître en personne, prit Moïse pour son procureur. Moïse comparut, & Belial l’admit, se contentant de lui faire essuyer le reproche du meurtre de l’égyptien.


Moïse ayant proposé ses moyens, voulut faire ouir ses témoins ; & Salomon leur fit prêter serment sur le livre des Evangiles, de ne rien dire que de véritable : ce qui n’est pas moins plaisant que l’imagination de ces peintres ignorans, qui, dépeignant l’annonciation du Verbe, y mettoient bonnement la Vierge Marie à genoux devant un crucifix.


Excepté le seul Jean-Baptiste, Belial recuse tous les autres témoins ; savoir Abraham, à cause de son concubinage public ; Isaac, à cause de son parjure ; Jacob, à cause de ses fraudes ; David, à cause de son meurtre & de son adultere ; Virgile, à cause qu’il s’étoit laissé suspendre d’une tour, & exposer à la risée du peuple par une femme ; Hippocrate, à cause du meurtre de son neveu ; & Aristote, à cause du vol des papiers de Platon.


Belial propose à son tour ses moyens ; mais après de longues contestations, selon la forme du barreau, & l’allégation de plusieurs passages tirés de la bible ; Belial est condamné par Salomon. Il en appelle à Dieu, qui lui donne pour souverain juge, Joseph le patriarche, devant qui la cause fut encore plaidée vivement. Belial fait proposer par David de mettre l’affaire en arbitrage, & les parties en conviennent. Ces arbitres, qui sont l’empereur Auguste & le prophete Jérémie, pour Belial ; Aristote & le prophete Isaïe, pour Moïse, prononcent enfin un arrêt, dont les deux parties s’attribuent l’avantage.


Jesus ayant reçu cet arrêt de la main de Moïse, s’en réjouit avec ses disciples, & leur donne ses instructions. Ensuite les ayant quittés pour monter au ciel, Dieu le pere & le S. Esprit, accompagnés de millions d’anges, viennent au-devant de lui, & l’introduisent dans le séjour de la gloire éternelle ; bientôt après il envoie le S. Esprit à ses disciples, qui se répandirent par tout l’univers, pour enseigner & endoctriner les différentes nations.


Il n’est pas nécessaire de dire que tout cela est aussi grossierement traité, qu’on voit qu’il est imaginé ; c’est le fruit d’un siecle barbare. Les passages de l’Ecriture y sont cités d’une maniere comique, & plus propre à faire rire, qu’à édifier. Belial y turlupine même quelquefois Moïse, comme quand il lui dit en se moquant de lui : loquere, domine, quia servus tuus audit, pag. 86 ; ou comme quand il se contente de​réfuter les merveilles de l’histoire du Messie par ce trait ironique : Amice Moïses, confusus non sum, quia quæ tu dicis verificabuntur, cùm Deus fiet homo, p. 131. Il lui fait aussi quelquefois des difficultés malignes, comme lorsqu’il lui dit, p. 114. Dic mihi, ô Moïses, quare imputatur judæis mors Christi, postquam fuerant excœcati ab ipso Jesu, atque indurati corde ; & p. 116. hoc non ascendit in cor meum, quod Deus tradiderit in mortem filium suum pro homine servo. Hæc abhorrent leges & natura, & omni audienti est incredibile. Et, quod pejus est, tu Deum esse passibilem asseris. Quelquefois l’auteur y fait dire des hétérodoxies à Moïse, comme lorsqu’il reconnoît trois Dieux dans ce dernier verset du ps. 66. benedicat nos Deus, Deus noster, benedicat nos Deus ; ecce David nominat tres Deos, dit-il, en propre termes, pag. 131. quelquefois, il lui fait dire, comme s’il avouoit sa défaite : O ! Belial, valdè me pungis, & subtiliter me arguis, pag. 184.


De plus, on voit dans cette piece Moïse ne se défendre qu’en se fâchant, & qu’en se répandant en injures ; au lieu que Belial se contente de dire paisiblement ses raisons, & recommande la douceur à Moïse. Et tunc, ait Moïses ad Belial ; ô Belial, dic mihi, nequissime. Ait Belial, Moïses, esto sapiens, & dic quod vis & coram judice non loquaris vituperose ; quia patienter audiam.


Ce défaut regne encore plus dans le procès de satan contre la Vierge, devant Jesus. La Vierge criaille, pleure, dit des invectives, & veut à peine laisser parler son adverse partie ; jusques-là, que son fils est obligé de lui imposer silence, & de lui dire avec quelque sorte de sévérité : O mater ! dimitte ipsum dicere, quia incivile est, nisi eum totâ lege perspectâ aliquid judicare, vel respondere permiseris, pag. 30. satan au contraire, sait se modérer, & se défend avec beaucoup de tranquillité.


Si cette piece avoit été composée dans un siecle éclairé, on auroit raison de la regarder comme un artifice criminel de celui qui en seroit l’auteur ; mais la barbarie & la grossiereté du tems dans lequel vivoit Palladino, semble le mettre à couvert de ce soupçon. Quelques personnes même pensent qu’il ne composa cet ouvrage, que pour remettre devant les yeux des peuples de ce tems-là, l’Ecriture-sainte & la religon, dont ils n’avoient plus aucune idée, & pour leur en donner au-moins quelque teinture. En ce cas-là, sa malhabileté étoit encore plus grande que le ridicule de ses contemporains,



Qui sottement zélés en leur simplicité,
Jouoient les Saints, la Vierge & Dieu par piété.


Mais je croirois plutôt que l’unique but de Palladino, étoit d’exercer ses talens pour le barreau, sur quelque sujet intéressant & peu commun, & de se singulariser par une semblable entreprise ; ensorte que rien ne lui parut plus propre à y réussir, qu’une imagination aussi extraordinaire, que celle d’un procès entre le diable & J. C., ou entre satan & la Vierge Marie.


L’ouvrage dont nous parlons a été traduit, comme je l’ai dit, dans presque toutes les langues de l’Europe. Il y en a une version allemande, imprimée à Strasbourg en 1477. in-folio, avec des figures en bois ; à Ausbourg en 1479, en 1481 & en 1493. in-folio ; & de nouveau à Strasbourg en 1508. in-4°. Le jurisconsulte Jacques Ayerer a revû cette ancienne traduction, en a changé le langage, & l’a publiée de nouveau à Francfort en 1600. in-folio. Cette édition a été renouvellée en 1656. in-4°. avec plusieurs commentaires.


La plus vieille traduction françoise est intitulée : Procès fait & démené entre Belial, procureur d’enfer, & Jhesus fils de la Vierge Marie, translaté de latin en commun langage, par vénérable & discrete personne frere​ Pierre Farget, de l’ordre des Augustins ; elle est imprimée sans indication de ville, ni d’imprimeur, mais probablement à Lyon en 1482. en caracteres gothiques, & avec figures, in-folio. La seconde version est intitulée, la consolation des poures pécheurs, ou le procès de Belial à l’encontre de Jhesus ; cette version a été mise au jour à Lyon, par Jean Fabri en 1485. in-4° ; & réimprimée au même endroit & de la même forme, en 1490 & en 1512. Toutes ces éditions sont remplies de figures en bois, mal faites & fort grotesques.


On a du même livre une version flamande, mise au jour à Harlem en 1484. in-folio, & donnée plusieurs fois depuis ; savoir, à Anvers en 1512, en 1516, en 1551, en 1558. in-folio, & ailleurs.


L’index d’Espagne des livres prohibés, condamne une version espagnole du même livre, & l’index romain en condamne une italienne.


La traduction danoise est de l’an 1589.


Comme l’impression de toutes ces traductions ne s’est faite qu’avec approbation & permission, & que rien n’étoit autrefois plus en usage que leur lecture, il ne faut point douter qu’elles ne fussent encore aujourd’hui fort en vogue, si les lumieres du christianisme n’en avoient fait sentir tout le ridicule. Je ne sai même, s’il n’entre pas beaucoup de politique dans l’interdiction de l’index romain ; les auteurs de cet index auroient honte de se trouver encore exposés aux justes reproches qu’ils ont essuyés si long tems, d’autoriser des livres pleins de ridicule ; mais un ouvrage beaucoup plus condamnable, & approuvé singulierement en Italie, c’est celui du jésuite françois qui a travesti l’Ecriture-sainte en roman, sous le titre séducteur, d’histoire du peuple de Dieu, tirée des seuls livres saints. (Le chevalier de Jaucourt.)​","[[""42 37' N 31 28' E""]]",,42 37' N 31 28' E,42 37' N 31 28' E
v16-2603-0,VALENÇA,"VALENÇA, (Géog. mod.)​ par les François Valence, petite ville d’Italie, dans le Milanez, capitale de la Laumeline, sur la rive droite du Pô, près de sa jonction avec le Tanaro. Long. 26. 17. lat. 44. 55. (D. J.)​","[[""44 55' N 26 17' E""]]",,44 55' N 26 17' E,44 55' N 26 17' E
v16-2647-0,VALPARAISO ou VALPARISSO,"VALPARAISO ou VALPARISSO, (Géog. mod.) bourgade de l'Amérique méridionale, au Chili, sur la côte de la mer du sud, dans un vallon, avec un port défendu par une citadelle. Cette bourgade est composée d'une centaine de pauvres maisons, dont la plus grande partie n'est habitée que des noirs, de mulâtres & de métifs, qui sont des matelots & gens de cet ordre ; cependant cette bourgade a pour sa défense deux forteresses ; l'une commande l'entrée du port avec des batteries rasantes ; l'autre a une batterie de vingt pieces de canon de bronze. Quoique Valparaiso soit le principal port du Chili, il n'y entre guere néanmoins que vingt-cinq bâtimens par an. C'est dans ce port que François Drake enleva en 1579 un gros navire espagnol chargé de marchandises précieuses, & entr'autres de douze mille cinq cens livres d'or de Baldivia, le plus pur des Indes occidentales. Long. suivant le p. Feuillé, 305. 19. 30. latit. 33. 2. (D. J.)","[['33 2\' S 305 19\' 30"" E']]",,"33 2' S 305 19' 30"" E","33 2' S 305 19' 30"" O"
v16-2745-0,VARSOVIE,"VARSOVIE, (Géog. mod.)​ en polonois Warsaw ; ville du royaume de Pologne, la capitale de la Mazovie, & en quelque maniere celle du royaume. Elle est située sur la Vistule, à 24 milles de Lublin & de Sendomir ; à 29 de Thorn ; à 33 de Gnesne ; à 40 de Cracovie ; à 50 de Dantzik & de Breslaw ; à 70 de Vilna & de Berlin ; à 80 de Kaminieck, & à 100 de Kiow, dans une vaste & agréable campagne. Long. suivant Cassini, 39. 6. 30. latit. 52. 14. La différence des méridiens entre Paris & Varsovie, est de 18. 48. 45. dont Paris est plus occidental que Varsovie.


Non-seulement les rois de Pologne ont long-tems résidé à Varsovie, mais la république en a fait le lieu de la convocation des dietes & de l’élection de ses rois. On l’a choisie parce qu’elle est sous une bonne température d’air, au centre du pays, & à portée de recevoir les denrées de toutes parts par le secours de la Vistule.


Le palais de la république, où elle loge les rois & où se tiennent les conférences avec les ambassadeurs, n’est qu’un château de brique, de médiocre architecture.


La situation de cette ville au bout de vastes plaines, qui régnent en terrasse le long de la Vistule, fait son plus beau coup-d’œil. Elle est entourée en croissant, de fauxbourgs où les seigneurs ont leur palais, & les moines leurs couvens. Les rues de ces fauxbourgs sont larges, alignées ; mais ce sont en hiver des abymes de boue faute de pavé. La ville n’est qu’un trou, habité par des marchands & des artisans. Quoique capitale, elle n’a pas même d’évêché ; mais elle a une starostie considérable, tant par son revenu, que par sa jurisdiction. On compte dans cette ville & ses fauxbourgs 50000 ames.


Le lieu nommé Kolo, est fameux par l’élection qu’on y fait des rois de Pologne. Il est à un mille de la ville, & présente un quarré long, partagé en deux ouvertures qui se communiquent. Il a un toît au milieu, comme le couvert d’une halle. Le mot kolo veut dire rond en polonois ; & ce lieu est ainsi nommé, parce que la noblesse est disposée en rond tout-autour : c’est le lieu de la diete de l’élection des rois. Cette élection qui se tient à cheval, se décide à la pluralité des voix ; souvent à coups de sabre ; & toujours par les suffrages des plus forts, soit que le candidat à la couronne ait la majorité des suffrages en sa faveur, ou que n’ayant qu’un petit nombre de voix, il se trouve à portée de se faire reconnoitre par la force. (D. J.)​","[['52 14\' N 39 6\' 30"" E']]",,"52 14' N 39 6' 30"" E","52 14' N 39 6' 30"" E"
v16-2771-0,VASTAN,"VASTAN, (Géog. mod.)​ ville de la basse-Arménie, au sud-est de Van, sur le bord du lac de ce nom. Long. 77. 50. latit. 37. 50. (D. J.)​","[[""37 50' N 77 50' E""]]",,37 50' N 77 50' E,37 50' N 77 50' E
v16-2865-0,"VEIT, Saint, ou FIUME","VEIT, Saint, ou FIUME, (Géog. mod.)​ petite ville d’Italie, dans l’Istrie, sur le golfe de Venise, à 12 lieues au sud-est de Capo d’Istria, avec un port. Elle dépend de la maison d’Autriche. Long. 32. 10. latit. 45. 24. (D. J.)​","[[""45 24' N 32 10' E""]]",,45 24' N 32 10' E,45 24' N 32 10' E
v16-2925-0,VENAFRE,"VENAFRE, (Géog. mod.)​ en latin Venafrum, ville d’Italie, au royaume de Naples, dans la Terre de Labour, près du Volturne, avec titre de principauté, & un ancien évêché suffragant de Capoue ; elle est à vingt milles au nord de cette ville, & à quelques milles du comté de Molise. Long. 31. 44. lat. 41. 30. (D. J.)​","[[""41 30' N 31 44' E""]]",,41 30' N 31 44' E,41 30' N 31 44' E
v16-314-0,TERNI,"TERNI, (Géog. mod.)​ en latin Interamna, Interamnia, Interamnium, ville d’Italie, dans l’état de l’église, au duché de Spolete. Elle est dans une île formée par la riviere de Nera, à vingt lieues de Rome. Elle a été autrefois considérable, & se gouvernoit en république. Elle n’a de nos jours qu’environ dix mille habitans divisés en six quartiers, qui contiennent plusieurs monasteres & confrairies de pénitens. La cathédrale est belle ; son évêché ne releve que du saint siege. Les environs de Terni sont admirables par leur fertilité en pâturages, en fruits, en légumes, en volaille, en gibier, en huile & en vins exquis. Au-dessus de la ville, à deux milles ou environ, est la belle & grande cascade nommée dans le pays cascata delle marmore ; c’est la chute de la riviere Velino, qui se précipite toute entiere dans la plaine de Terni, pour aller se joindre à la Nera. Long. 30. 18. latit. 42. 34.


Pighius a découvert par une inscription qui est dans la cathédrale de Terni, que cette ville fut bâtie 544 ans avant le consulat de C. Domitius Ænobarbus & de M. Camillus Scribonius, qui furent consuls de Rome l’an 624. Elle se vante d’être la patrie de Corneille Tacite, & ce n’est pas une petite gloire ; car c’est un des plus célebres historiens, & l’un des plus grands hommes de son tems. Il s’éleva par son mérite aux premieres charges de l’empire. De procurateur dans la Gaule belgique sous Titus, il devint préteur sous Domitien, & consul sous l’empire de Nerva. Mais toutes ces dignités ne lui donnent qu’une très-petite gloire, si on la compare à celle qu’il s’est procurée par les travaux de sa plume.


Ses annales & son histoire sont des morceaux admirables, & l’un des plus grands efforts de l’esprit humain, soit que l’on y considere la singularité du style, soit que l’on s’attache à la beauté des pensées, & à cet heureux pinceau avec lequel il a su peindre les déguisemens des politiques, & le foible des passions. Ce n’est pas qu’on ne puisse reprendre en lui trop de finesse dans la recherche des motifs secrets des actions des hommes, & trop d’art à les tourner sans cesse vers le criminel.


Tacite, dit très-bien l’auteur des Mélanges des poésies, d’éloquence & d’érudition, étoit un habile politique, & encore un plus judicieux écrivain ; il a tiré des conséquences fort justes sur les événemens des regnes dont il a fait l’histoire, & il en fait des maximes pour bien gouverner un état. Mais s’il a donné quelquefois aux actions & aux mouvemens de la république, leurs vrais principes, s’il en a bien démêlé les causes, il faut avouer qu’il a souvent suppléé par trop de délicatesse & de pénétration à celles qui n’en avoient pas. Il a choisi les actions les plus susceptibles des finesses de l’art : les regnes auxquels il s’est principalement attaché dans son histoire, semblent le prouver.


Dans celui de Tibere, qui est sans contestation son chef-d’œuvre, & où il a le mieux réussi, il y trouvoit une espece de gouvernement accommodé au caractere de son génie. Il aimoit à démêler les intrigues du cabinet, à en assigner les causes, à donner​des desseins au prétexte, & de la vérité à de trompeuses apparences. Génie trop subtil, il voit du mystere dans toutes les actions de ce prince. Une sincere déférence de ses desseins au jugement du sénat étoit tantôt un piege tendu à son intégrité, tantôt une maniere adroite d’en être le maître ; mais toujours l’art de le rendre complice de ses desseins, & d’en avoir l’exécution sans reproches. Lorsqu’il punissoit des séditieux, c’étoit un effet de sa défiance naturelle pour les citoyens, ou de légeres marques de colere répandues parmi le peuple pour disposer les esprits à de plus grandes cruautés. Ici la contrariété d’humeurs de deux chefs est un ordre secret de traverser la fortune d’un compétiteur, & le moyen de lui enlever l’affection du peuple. Les dignités déférées au mérite étoient d’honnêtes voies d’éloigner un concurrent ou de perdre un ennemi, & toujours de fatales récompenses. En un mot, tout est politique, le vice & la vertu y sont également dangereux, & les faveurs aussi funestes que les disgraces. Tibere n’y est jamais naturel ; il ne fait point sans dessein les actions les plus ordinaires aux autres hommes. Son repos n’est jamais sans conséquence, & ses mouvemens embrassent toujours plusieurs menées.


Cependant l’art de Tacite à renfermer de grands sens en peu de mots, sa vivacité à dépeindre les événemens, la lumiere avec laquelle il pénetre les ténebres corrompues des cœurs des hommes, une force & une éminence d’esprit qui paroît partout, le font regarder aujourd’hui généralement comme le premier des historiens latins.


Il fit son histoire avant ses annales ; car il nous renvoie à l’histoire dans l’onzieme livre des annales touchant des choses qui concernoient Domitien ; or il est sûr que son histoire s’étendoit depuis l’empire de Galba inclusivement, jusqu’à celui de Nerva exclusivement. Il destinoit pour sa vieillesse un ouvrage particulier aux regnes de Nerva & de Trajan, comme il nous l’apprend lui-même, hist. l. I. c. j. en ces mots dignes d’être aujourd’hui répétés : quòd si vita suppeditet, principatum divi Nervæ & imperium Trajani, uberiorem securioremque materiam senectuti seposui : rarâ temporum felicitate, ubi sentire quæ velis, & quæ sentias dicere licet.


Il ne nous reste que cinq livres de son histoire qui ne comprennent pas un an & demi, tandis que tout l’ouvrage devoit comprendre environ vingt-neuf ans. Ses annales commençoient à la mort d’Auguste, & s’étendoient jusqu’à celle de Néron ; il ne nous en reste qu’une partie, savoir les quatre premiers livres, quelques pages du cinquieme, tout le sixieme, l’onzieme, douzieme, treizieme, quatorzieme, & une partie du seizieme ; les deux dernieres années de Néron, qui formoient les derniers livres de l’ouvrage, nous manquent.


On dit que Léon X. épris d’amour pour Tacite, ayant publié un bref par lequel il promettoit de l’argent, de la gloire & des indulgences à ceux qui découvriroient quelques manuscrits de cet historien, il y eut un allemand qui fureta toutes les bibliotheques, & qui trouva finalement quelques livres des annales dans le monastere de Cormey. Il vint les présenter à sa sainteté qui les reçut avec un plaisir extrème, & remboursa magnifiquement l’allemand de toute la dépense qu’il avoit faite ; il fit plus, car afin de lui procurer de la gloire & du profit, il voulut lui laisser l’honneur de publier lui-même Tacite ; mais l’allemand s’en excusa, sur ce qu’il manquoit de l’érudition nécessaire à l’édition d’un tel ouvrage.


On a fait tant de versions de ce grand historien romain, & on l’a tant commenté, qu’une semblable collection pourroit composer une bibliotheque assez considérable. Nous avons dans notre langue les traductions de M. Amelot de la Houssaye, de M. de la​ Bletterie & de M. d’Alembert, qui sont les trois meilleures. Entre les commentaires de critique sur Tacite, on fait grand cas de celui de Juste-Lipse ; & entre les commentaires politiques, les Anglois estiment beaucoup celui de Gordon, qui est plein de fortes réflexions sur la liberté du gouvernement. (Le Chevalier de Jaucourt.)​","[[""42 34' N 30 18' E""]]",,42 34' N 30 18' E,42 34' N 30 18' E
v16-326-1,Terra-nuova,"Terra-nuova, (Géog. mod.)​ petite ville d’Italie, en Sicile, dans la vallée de Noto, sur la côte méridionale, à l’embouchure de la riviere de même nom, où elle a un petit port. C’est la Gela des anciens. Long. 31. 52. latit. 37. 12. (D. J.)​","[[""37 12' N 31 52' E""]]",,37 12' N 31 52' E,37 12' N 31 52' E
v16-34-0,TEDMOR,"TEDMOR, (Géog. mod.)​ Long. suivant Abulféda, 62. latit. 26. dans le second climat. Voyez Palmyre. (D. J.)​",[['26 N 62 E']],,26 N 62 E,26 N 62 E
v16-39-0,TEFEZARA,"TEFEZARA, (Géog. mod.)​ ville d’Afrique, au royaume de Tremecen, à cinq lieues est de la ville de Tremecen. Son territoire a non-seulement des mines de fer, mais il rapporte beaucoup de blé, & est couvert de bons pâturages. Longit. 17. 14. latit. 34. 45. (D. J.)​","[[""34 45' N 17 14' E""]]",,34 45' N 17 14' E,34 45' N 17 14' E
v16-450-0,"TETUS, ou TAOETOIE","TETUS, ou TAŒTOIE, (Géog. mod.)​ petite ville de la Tartarie moscovite, à la droite de la riviere de Zerdik, qui est un bras de la grande riviere de Kama. Cette ville est sur une haute montagne, & est à cent vingt werstes, ou vingt-quatre lieues d’Allemagne, de Casan. Long. 70. 24. lat. 55. 12. (D. J.)​","[[""55 12' N 70 24' E""]]",,55 12' N 70 24' E,55 12' N 70 24' E
v16-532-0,THARAZ,"THARAZ, (Géog. mod.)​ ville des confins du Turquestan. Tous les habitans sont musulmans. Long. suivant Abulfeda, 89. 50. latit. septentrionale, 44. 25. (D. J.)​","[[""44 25' N 89 50' E""]]",,44 25' N 89 50' E,44 25' N 89 50' E
v16-6-0,TEBESSA,"TEBESSA, (Géog. mod.)​ ville d’Afrique, au royaume de Tunis, sur les confins du royaume d’Alger, au-dedans du pays, à 55 lieues de la mer. On croit qu’elle a été bâtie par les Romains, parce qu’on y voit encore des restes d’antiquité, avec des inscriptions latines ; cependant la contrée des environs est stérile, & tout y manque, excepté des mûres & des noix. Long. 26. 48. latit. 35. 7. (D. J.)​","[[""35 7' N 26 48' E""]]",,35 7' N 26 48' E,35 7' N 26 48' E
v16-721-0,THONON,"THONON, (Géog. anc.)​ petite ville de Savoie, au duché de Chablais, dont elle est capitale, près de l’embouchure de la Drance dans le lac de Genève. Long. 24. 12. lat. 46. 22.


Amédée IX. duc de Savoie naquit dans cette petite ville l’an 1435 ; c’étoit un prince plein de douceur & de bonnes qualités ; mais la foible constitution de sa santé l’engagea de donner la régence de ses états à Yolande de France son épouse, dont il eut six fils & quatre filles. Il mourut à Verceil l’an 1472, à l’âge de 37 ans. (D. J.)​","[[""46 22' N 24 12' E""]]",,46 22' N 24 12' E,46 22' N 24 12' E
v16-739-0,THOUN,"THOUN, (Géog. anc.)​ ville de Suisse, dans le canton de Berne, à quatre lieues de Berne, au bord d’un petit lac qu’on nomme lac de Thoun. Elle est dans un pays fertile, bien cultivé, & en partie dans une île formée par l’Aare. Les Bernois acheterent Thoun en 1375 des comtes de ce nom, & conserverent aux bourgeois tous leurs privileges. Long. 25. 20. latit. 46. 44. (D. J.)​","[[""46 44' N 25 20' E""]]",,46 44' N 25 20' E,46 44' N 25 20' E
v16-872-0,"TIEL, TIELE, ou THIEL","TIEL, TIELE, ou THIEL, (Géog. mod.)​ ville des Pays-bas, dans la province de Gueldre, & la principale du bas Bétuwe. Cette ville fut fondée dans le neuvieme siecle ; & dans le suivant, l’an 950, Otton le grand la donna à Baldric, évêque d’Utrecht. Dans le onzieme siecle Tiel, le Bétau, le Veleau, furent inféodés à Godefroy le Bossu, duc de Brabant. Par un traité de paix de l’an 1335, Tiel fut cédé à Renaud, comte de Gueldre. Enfin durant les guerres des Paysbas, cette ville, après divers évenemens, passa l’an 1588, au pouvoir des Etats-généraux, malgré tous les efforts du duc de Parme. Long. 22. 40. lat. 51. 5.


C’est à Tiel que naquit Bibauc, en latin Bibaucius (Guillaume), mort général des chartreux, l’an 1535, après avoir passé dans son pays pour un prodige d’éloquence & de savoir. Le lecteur pourra juger de son talent dans l’art de la parole, par l’échantillon d’un de ses sermons prêché le jour de la Magdelaine, & rapporté dans le second tome des mélanges d’histoire & de littérature.


Dans ce sermon Bibauc dit que, « Marthe étoit une très-bonne femme, rara avis in terris, fort attachée à son ménage, très-pieuse, & qui se plaisoit beaucoup à aller entendre le sermon & l’office divin ; mais que Magdelaine sa sœur étoit une coquette qui n’aimoit qu’à jouer, à courir, & à perdre le tems ; que cependant Marthe n’épargnoit rien pour l’attirer à Dieu ; que pour ne la pas effaroucher, faciebat bonam sociam, elle faisoit le bon compagnon avec elle, & entroit en apparence dans ses inclinations mondaines ; desorte que sachant combien elle aimoit le bon air & le beau langage, elle lui dit des merveilles de la personne & des sermons de Notre Seigneur, pour l’obliger finement à le venir écouter ; que Magdelaine poussée de curiosité y vint enfin ; mais qu’arrivant trop tard, comme les dames de qua-​lité, pour se faire davantage remarquer, elle fit grand bruit, & passant par-dessus les chaises, elle se plaça in conspectu domini, vis-à-vis, du prédicateur, & le regarda entre deux yeux avec une hardiesse épouvantable, &c. » (D. J.)​","[[""51 5' N 22 40' E""]]",,51 5' N 22 40' E,51 5' N 22 40' E
v16-996-0,TIRANO,"TIRANO, (Géog. mod.)​ ville du pays des Grisons, capitale du gouvernement de même nom, sur la rive gauche de l’Ada, à 10 lieues au sud-ouest de Bormio. Elle est la résidence du gouverneur. Long. 27. 22. lat. 46. 15.","[[""46 15' N 27 22' E""]]",,46 15' N 27 22' E,46 15' N 27 22' E
v17-1027-0,USCOPIA,"USCOPIA, (Géog. mod.)​ ville de la Turquie européenne, dans la Servie, à 75 lieues au sud-est de Belgrade. C’est la résidence d’un sangiac & d’un archevêque latin. Long. 40. 8. latit. 42. 15. (D. J.)​","[[""42 15' N 40 8' E""]]",,42 15' N 40 8' E,42 15' N 40 8' E
v17-1030-0,USEDOM,"USEDOM, (Géog. mod.)​ petite ile d’Allemagne, sur la mer Baltique, dans la Poméranie, au cercle de la haute Saxe. Elle a environ six milles d’étendue, & contient une ville ou bourg de même nom. Long. 38. 30. latit. 53. 47. (D. J.)​","[[""53 47' N 38 30' E""]]",,53 47' N 38 30' E,53 47' N 38 30' E
v17-1046-0,USSON,"USSON, (Géog. mod.)​ en latin barbare Ucio, Uxo, Uxus, petite ville de France en Auvergne, élection d’Issoire, à quatre lieues de Brioude. Long. 20. 2. lat. 45. 24.


Rien n’a autant fait connoître la petite ville d’Usson, que le long séjour que fit dans son château Marguerite de France, premiere femme du roi Henri IV. princesse douée de beaucoup plus d’esprit & de beauté que de sagesse & de vertu. Elle demeura dans ce château près de vingt années, comme l’histoire nous l’apprend.​


« Marguerite (dit le p. Hilarion de Coste) sortit d’Agen en habit de simple bourgeoise, fut portée en trousse par Lignerac, à qui elle donna le nom de chevalier de la fleur, & gagna pays toute la nuit avec un travail qui éprouva son courage, au péril de sa santé. De Martas la vint trouver sur la frontiere avec cent gentilshommes, la logea dans sa maison de Carlat, retourna à Agen pour sauver ses pierreries & recueillir les débris de sa suite ; sa mort l’en fit sortir au bout de dix-huit mois....


» Le marquis de Canillac l’emmena & l’enferma à Usson ; mais bientôt après ce seigneur d’une illustre maison, se vit le captif de sa prisonniere : il pensoit avoir triomphé d’elle, & la seule vue de l’ivoire de son bras triompha de lui ; & dès-lors il ne vequit que de la faveur des yeux victorieux de sa belle captive.... Au même instant qu’elle pensoit mourir captive, elle se vit assurée de regner libre en cette forte place, d’où elle délogea ceux qui l’avoient logée.


» Pendant ces vingt années, ajoute le p. de Coste, ce château d’Auvergne fut un Thabor pour la dévotion de la reine, un Liban pour sa solitude, un Olympe pour ses exercices, un Parnasse pour ses muses, & un Caucase pour ses affections ». Si le p. Hilarion a toujours pratiqué les autres vertus du christianisme avec la même fidélité qu’il pratique la charité dans cette occasion, nous ne devons pas hésiter à le regarder comme un saint. Il y auroit moins de médisance à comparer le château d’Usson avec l’île de Caprée qui fut la retraite de Tibere, qu’il n’y a de flaterie à le comparer à un Thabor de dévotion, pendant que Marguerite l’habita. Durant cet intervalle elle y eut deux fils, l’un du sieur de Chanlon, & l’autre du sieur d’Aubiac.


De retour à la cour de France, elle donna volontiers les mains à la dissolution de son mariage avec Henri IV. & passa le reste de ses jours dans un mêlange bisarre de galanterie, de dévotion, d’étude, de musique, & de conversations avec des gens de lettres. Elle mourut en 1615, âgée de soixante-trois ans. Le sage & fameux Pibrac avoit été son chancelier & son amant.


Le fort chateau d’Usson a été rasé en 1634 ; & la ville s’est insensiblement dépeuplée, au point que sa justice royale est la seule chose qui empêche qu’elle ne soit absolument abandonnée. (Le chevalier de Jaucourt.)​","[[""45 24' N 20 2' E""]]",,45 24' N 20 2' E,45 24' N 20 2' E
v17-1081-0,VUCH’ANG,"VUCH’ANG, (Géog. mod.)​ grand ville de la Chine, sur le fleuve Kiang, dans la province de Huquand, où elle a le rang de premiere métropole, & renferme dix villes dans son territoire. Elle est de 3. 16. plus occidentale que Pékin, sous le 31 d. O. de latitude septentrionale. (D. J.​","[[""31 N 3 16' W""]]",['Pékin'],31 N 3 16' W,31 N
v17-1124-0,WACHTENDONCK,"WACHTENDONCK, (Géog. mod.)​ petite ville des Pays-bas, dans la province de Gueldres, à 2 lieues au midi de la ville de Gueldres ; elle est environnée de marais, qui font toute sa force. Quelques historiens rapportent que c’est devant cette place qu’on s’est servi de bombes pour la premiere fois en 1588. Un incendie brula la meilleure partie de cette ville en 1708, & consuma sa cathédrale. Long. 23. 60. latit. 51. 22. (D. J.)​","[[""51 22' N 23 60' E""]]",,51 22' N 23 60' E,51 22' N 23 60' E
v17-1145-0,WALDECK,"WALDECK, (Géog. mod.)​ comté d’Allemagne, dans la Westphalie, entre l’évêché de Paderborn, le duché de Westphalie, la seigneurie d’Itter, & le​ landgraviat de Hesse. Waldeck, bourg, est le chef-lieu sur la riviere de Steinbach, avec un château. Long. de ce bourg, 26. 24. lat. 51. 10.


Martinius (Matthias) célebre philologue & sage théologien allemand du xvij. siecle, naquit l’an 1572 à Freienhagen dans le comté de Waldeck, & mourut en 1630 âgé de cinquante-huit ans. Il a fait un grand nombre d’ouvrages, dont vous trouverez le catalogue dans les mémoires du pere Niceron, tom. 36. pag. 238-243. mais le seul qui soit à-présent recherché, est son Lexicon philologicum præcipuè etymologicum, &c. Bremæ 1623. in-fol. Francof. 1655. in-fol. Utrecht 1697. in-fol. 2 vol. Amsterdam 1701. in-fol. 2 vol. avec une préface de M. le Clerc, qui a été ajoutée à l’édition de 1697, pour faire croire que c’étoit une édition nouvelle.


Les autres ouvrages de Martinius sont purement théologiques, & l’auteur s’y montre universaliste. Il assista en 1618 au synode de Dordrecht, où il fut maltraité par Gomarus & Sibrand Lubbertus.


« Je crois à-présent, disoit-il (en parlant du synode), ce que dit Grégoire de Nazianze, qu’il n’avoit jamais vu aucun concile qui eût eu un heureux succès, & qui n’eût augmenté le mal au lieu de le diminuer : je déclare donc avec ce pere, continuoit-il, que je ne mettrai plus le pié dans aucun synode ; celui-ci en particulier n’étoit qu’une comédie dans laquelle les politiques jouoient le principal rôle, & les états se moquoient des députés de tons les pays étrangers ».


Il avoit une si grande aversion pour les opinions rigides, qu’il ne pouvoit s’empêcher de dire : « j’aimerois mieux être pélagien, que d’embrasser la doctrine de Beze ou de Piscator ». Enfin, on peut recueillir de toute sa conduite & de ses écrits, que c’étoit un homme sage & pacifique, qui sans s’arrêter aux questions inutiles de la théologie, se bornoit à l’essentiel du christianisme. Au reste, on a remarqué qu’à l’exemple de Caton, de Cujas & de Blondel, il travailloit couché par terre, ayant autour de lui les livres qui lui étoient nécessaires ; mais la meilleure méthode est de travailler debout, ayant devant & derriere soi, avec un espace convenable, un grand pupitre continué, pour y placer tous les livres dont on a besoin. (D. J.)​","[[""51 10' N 26 24' E""]]",,51 10' N 26 24' E,51 10' N 26 24' E
v17-1148-0,WALDKIRCK,"WALDKIRCK, (Géog. mod.)​ petite ville d’Allemagne, au Brisgaw, dans un île formée par la riviere d’Eltz, à deux lieues de Fribourg. Long. 25. 36. Letit. 48. 10. (D. J.)​","[[""48 10' N 25 36' E""]]",,48 10' N 25 36' E,48 10' N 25 36' E
v17-1153-0,WALLEBOURG ou WALLENBOURG,"WALLEBOURG ou WALLENBOURG, (Géog. mod.)​ petite ville de Suisse, dans le canton de Bâle, au pié du mont Jura, avec un château bâti sur un rocher. Cette place située à la gorge des montagnes, dans un vallon étroit, fait un passage important, parce que c’est la grande route de Geneve, de Berne & de Soleure à Bâle. Longit. 25. 23. latit. 47. 36.","[[""47 36' N 25 23' E""]]",,47 36' N 25 23' E,47 36' N 25 23' E
v17-1165-0,WALT-KAPPEL,"WALT-KAPPEL, (Géog. mod.)​ petite ville d’Allemagne, dans le Landgraviat de Hesse, environ à huit lieues au sud de Cassel, sur le bord d’une petite riviere qui se jette dans le Wéser. Long. 27. 15. lat. 51. 14. (D. J.)​","[[""51 14' N 27 15' E""]]",,51 14' N 27 15' E,51 14' N 27 15' E
v17-1169-1,Wangen,"Wangen, (Géog. mod.)​ ville impériale d’Allemagne, dans la Suabe, sur la riviere du haut Arg (Ober-Arg) à 12 milles au nord de Lindaw, & à 30 au nord-est de Constance ; il s’y fait quelque commerce de toiles : cette ville est l’ancienne Vemania, ou Viana de la Rhétie. Long. 27. 35. latit. 47. 36. (D. J.)​","[[""47 36' N 27 35' E""]]",,47 36' N 27 35' E,47 36' N 27 35' E
v17-1177-0,WARASDIN,"WARASDIN, (Géog. mod.)​ ville de l’Esclavonie hongroise, capitale d’un comté de même nom sur la droite de la Drave, à dix lieues au sud-ouest de Canisca, avec une forteresse. Longitude 34. 38. latitude 46. 16. (D. J.)​","[[""46 16' N 34 38' E""]]",,46 16' N 34 38' E,46 16' N 34 38' E
v17-1186-0,"WARKA, ou VARKA","WARKA, ou VARKA, (Géog. mod.)​ ville de Pologne, dans le duché de Mazovie, au territoire de Czersco, à deux lieues de la Vistule, sur la rive gauche de la Piltza. La ville est assez jolie, dans une situation agréable, & elle ne manque pas de bourgeois aisés par leurs brasseries de biere, qui est estimée dans toute la Pologne. Longitude 39. 27. latitude 51. 22. (D. J.)​","[[""51 22' N 39 27' E""]]",,51 22' N 39 27' E,51 22' N 39 27' E
v17-1232-0,WEIK,"WEIK, (Géog. mod.)​ petite ville d’Ecosse dans la province de Caithness, dont elle est capitale, sur la côte orientale de la province, où elle a un bon Havre pour faire le commerce. Long. 40. 50. latit. 58. 25.","[[""58 25' N 40 50' E""]]",,58 25' N 40 50' E,58 25' N 40 50' O
v17-1236-0,WEILHEIM,"WEILHEIM, (Géog. mod.)​ petite ville d’Allemagne dans la Baviere, sur la droite de l’Amber, au sud-ouest de Munich. C’est la demeure des anciens Benlauni. Long. 28. 47. latit. 47. 45.","[[""47 45' N 28 47' E""]]",,47 45' N 28 47' E,47 45' N 28 47' E
v17-1241-0,WEINHEIM,"WEINHEIM, (Géog. mod.)​ petite ville d’Allemagne dans le palatinat du Rhin, aux confins de l’électorat de Mayence, dans le Bergstraat, à 2 lieues à l’orient de Worms, & à trois au nord de Heidelberg. C’est cette ville que M. Corneille appelle Vainen. On ne peut guere commettre une plus grande faute dans un dictionnaire géographique, qu d’estropier les noms. Long. de Weinheim, 26. 2. latit. 49. 33. (D. J.)​","[[""49 33' N 26 2' E""]]",,49 33' N 26 2' E,49 33' N 26 2' E
v17-1243-0,WEISSEMBOURG ou WEISSEMBOURG en Wargaw,"WEISSEMBOURG ou WEISSEMBOURG en Wargaw, (Géog. mod.)​ en latin Sebusium, ville de France dans l’Alsace, au pays de Wasgaw, vers les frontieres du palatinat, sur la riviere de Lauter, à 6 heues au sud-ouest de Landau, à 10 au sud-ouest de Philisbourg, & à 108 de Paris. Elle est chef-lieu d’un baillage, & a été libre & impériale.


Elle s’appelle Weissembourg en Wasgaw, pour la distinguer d’une autre ville aussi nommée Weissembourg, qui est du cercle de Franconie, & qui est connue sous le nom de Weissembourg en Nordgaw. Beatus Rhenanus prétend que Weissembourg en Wasgaw a été la demeure des anciens Sebusiens, & qu’elle en a retenu le nom. Ce qui est constant, c’est que cette ville est ancienne ; elle étoit connue au septieme siecle, lorsque Dagobert, roi de France, y fonda un monastere où sa fille Irmine est enterrée, & auquel il donna de très-grands biens, entr’autres la seigneurie de Weissemberg & d’autres villes du voisinage, qui sont venus au pouvoir des comtes Palatins du Rhin, & de quelqu’autres princes.


Le même roi Dagobert fit présent à l’église de Weissembourg d’une couronne d’argent doré, dont la circonférence étoit de 24 piés. On en a fait depuis une semblable en cuivre, & elle est suspendue dans la grande église.


En 1626, la ville fut enfermée de murailles par l’abbé Frédéric. Son successeur Edelin la fit entourer d’un fossé, & la fortifia de quelques boulevards. Dans la suite, les habitans ayant obtenu divers privileges, se rendirent indépendans des abbés, & furent reçus au nombre des villes libres & franches de l’empire avant le quinzieme siecle.


Louis XIV. prit Weissemboarg en 1673, & la fit démanteler. Elle fut réunie à la France avec les autres villes de la préfecture en 1680, & le traité de Ryswick a confirmé cette réunion. Long. 25. 38. latit. 40. 3. (D. J.)​","[[""40 3' N 25 38' E""]]",,40 3' N 25 38' E,40 3' N 25 38' E
v17-1243-1,"Weissembourg, ou Weissembourg en Nordgaw","Weissembourg, (Géog. mod.)​ ou Weissembourg en Nordgaw, petite & chetive ville imperiale​d’Allemagne, dans le cercle de Franconie, sur le Rednitz, à six lieues au nord de Donnawert. Long. 28. 23. latit. 48. 37.


Merklinus (George-Abraham), médecin, naquit à Weissembourg en Franconie, l’an 1644, & mourut en 1702, âgé de 58 ans. Ses principaux ouvrages sont 1°. tractatus de ventositatis spine sævissimo morbo. 2°. Lindenius renovatus, Nuremburgæ 1686, in-4°. 3°. Tractatus physico-medicus de incantamentis. Il a encore parsemé de quantité d’observations médicinales fort mauvaises, les éphémérides des curieux de la nature. Le p. Nicéron l’a pris pour un homme illustre, & a donné son article dans ses mémoires, tom. XIII. p. 179 & suiv. (D. J.)​","[[""48 37' N 28 23' E""]]",,48 37' N 28 23' E,48 37' N 28 23' E
v17-1257-0,WENLOCK,"WENLOCK, (Géog. mod.)​ petite ville ou plutôt bourg à marché d’Angleterre, dans la province de Shrewsbury, entre Londres & Shrewsbury, à douze milles de cette derniere ville. Longit. 14. 43. latit. 42. 50.","[[""42 50' N 14 43' E""]]",,42 50' N 14 43' E,42 50' N 14 43' O
v17-1365-0,WILLEMSTAT,"WILLEMSTAT, (Géog. mod.)​ petite ville des Pays-bas, dans le Brabant hollandois, à 8 lieues au nord-est de Berg-op-zoom, fondée en 1583 par Guillaume I. prince d’Orange, & elle en a pris le nom. Elle est très-bien fortifiée. Les Etats généraux y entretiennent une garnison, avec un gouverneur & un major de la place. Toutes les rues sont tirées au cordeau, & les maisons bien bâties. La régence est composée d’un bailli, de deux bourgmestres, de six échevins, & d’un secrétaire. Le port peut contenir un grand nombre de bateaux. Long. 21. 55. Lat. 51. 40. (D. J.)​","[[""51 40' N 21 55' E""]]",,51 40' N 21 55' E,51 40' N 21 55' E
v17-1376-0,WILTON,"WILTON, (Géog. mod.)​ en latin Ellandunum, ville d’Angleterre, dans le Wiltshire, dont elle a été la capitale ; elle a eu même un évêché qui a été transféré à Salisbury, & ce changement a fait tomber Wilton en décadence ; cependant elle a toujours le droit de tenir marché public, & d’envoyer ses députés au parlement. Long. 15. 48. latit. 51. 5.


Elle est la partie du célebre Addisson (Joseph) homme de goût, grand poëte, judicieux critique, & l’un des meilleurs écrivains de son siecle. Son style est pur, noble, élégant. Ses sentimens sont délicats, vertueux ; & par-tout on trouve dans l’auteur un ami du genre-humain.


Il naquit le premier de Mai 1672, & comme il ne promettoit pas de vivre, il fut baptisé le même jour de sa naissance. Il eut l’honneur pendant le cours de ses études, de connoître à Oxford, mylord Halifax, le grand protecteur des gens de lettres, qui n’a pas laissé d’être dépeint d’une maniere très-satyrique (chose ordinaire) par un autre homme de qualité. Nous donnerons quelques traits de cette satyre, à cause de l’esprit qui y regne, de la finesse du tour, & de la beauté du style.


Elle est intitulée, la faction démasquée, & a été imprimée dans un des volumes de State-Poems, Lon.​ don 1703. in-8°. Mylord Halifax (Charles Montague, comte d’Halifax, chevalier de l’ordre de la Jarretiere, & régent du royaume après la mort de la reine Anne.) mylord Halifax, dis je, y est dépeint sous le nom de Bathille, conjointement avec les poëtes auxquels il donnoit pension. « Enfin, Bathille se leve paré des plumes d’autrui, & noblement illustre par les projets des autres. Plein de bonne opinion, & ridiculement fou, demi-politique, babillard, bruyant ; ardent sans courage, orgueilleux sans mérite, & propre à conduire des têtes sans cervelle. Avec des gestes fiers & un air assuré, il tient à ses compagnons de débauche le discours qui suit : ayez soin de ce qui regarde la politique, j’aurai soin moi que les muses nous secondent. Tous les poëtes sont à ma dévotion ; dès que je parle, ils écrivent ; je les inspire. C’est pour moi que Congreve a déploré en vers lugubres la mort de Pastora. Rowe qui a chanté l’immortel Tamerlan, quoi qu’il soit réduit à-présent à prendre un ton plus bas ; Rowe est à moi & au parti des Whigs. J’aide à Garth à polir ses pieces un peu grossieres ; & je lui apprends à chanter en beaux vers les louanges de notre parti. Walsh qui sans avoir jamais rien donné, passe pour un homme d’esprit, Walsh vote pour nous. Les comédies obscenes & sans intrigues de Vane, célebrent nos talens… Nous pouvons sûrement compter sur Addisson : à la faveur d’une pension l’on gagne toujours un ami. Il fera retentir les Alpes de mon nom, & fera connoître son protecteur dans le pays des Classiques. Tous ceux dont je viens de parler, m’appellent leur Mécene. Les princes ne sont point fermes sur leur trône, qu’ils n’y soient soutenus par les enfans d’Apollon Auguste eut Virgile, & Nassau plus heureux encore eut ses Montagues, pour chanter ses victoires ; mais Anne, cette malheureuse reine Tory, sentira les traits de la vengeance des poëtes. »


Addisson donna de bonne heure des preuves de ses talens par sa traduction du quatrieme livre des Géorgiques de Virgile. Il avoit dessein d’entrer dans les ordres ; mais le monde se réconcilia chez lui avec la sagesse & la vertu, lorsqu’il prit soin de les recommander avec autant d’esprit & de graces, qu’on les avoit tournés en ridicule depuis plus d’un demi-siecle. Il fit aussi des poésies latines qui ont été publiées dans les musæ anglicanæ.


On estime beaucoup son petit poëme sur l’Italie. Il y peint la satisfaction qu’il goûtoit dans ce beau pays, à la vue des rivieres, des forêts, des montagnes, &c. célébrées par tant de génies. De quelque côté, dit-il, que je tourne mes yeux, je découvre des objets qui me charment & des vues qui m’enchantent. Des campagnes poëtiques m’environnent de toutes parts. C’est ici que les muses firent si souvent entendre leurs voix, qu’il ne se trouve aucune montagne qu’elles n’aient chantée, aucun bosquet qu’elles n’aient loué, aucun ruisseau qui ne coule harmonieusement. Il fait ensuite la description des monumens des Romains, de leurs amphithéatres, de leurs arcs de triomphe, de leurs statues, des palais modernes & des temples.


Mais il prend de-là occasion de déplorer l’état malheureux où l’oppression réduit les habitans de ce pays, malgré tant d’avantages que l’art & la nature leur offrent à-l’envi ; il conclut en s’adressant à la liberté, qu’il représente comme la source principale du bonheur dont jouit l’Angleterre, d’ailleurs à tant d’autres égards si fort inférieure à l’Italie. « Nous n’envions point un ciel plus doux : nous ne murmurons point d’habiter des lieux peu favorisés de l’astre du jour, & de voir les froides pléïades dominer sur nos têtes. La liberté couronne​notre île ; elle seule embellit nos rochers & nos sombres montagnes ».


Il recueillit les matériaux de ses dialogues sur les médailles, dans le pays même des médailles. Cette piece a été publiée par M. Tickell, qui a traduit la plus grande partie des citations latines en anglois, pour l’usage de ceux qui n’entendent point les langues savantes. On y trouve quantité de choses curieuses sur les médailles, écrites avec tout l’agrément que permet la forme de dialogue ; & on a mis à la tête un poëme de M. Pope.


Il le commence par cette réflexion : que les plus beaux monumens, les arcs de triomphe, les temples, les tombeaux, ont été détruits ou par l’injure des tems, ou par les irruptions des barbares, ou par le zele des chrétiens ; & que les médailles seules conservent la mémoire des plus grands hommes de l’antiquité. Mais delà il prend occasion de railler finement les excès dans lesquels quelques curieux sont tombés sur ce sujet. « Le pâle antiquaire, dit-il, fixe ses regards attentifs, & regarde de près ; il examine la légende & vénere la rouille ; c’est un vernis bleu qui la rend sacrée. L’un travaille à acquérir un Pescennius ; l’autre dans ses rêveries croit tenir un Cécrops ; le pauvre Vadius depuis long-tems savammant hypochondre, ne peut goûter de plaisir, tant qu’un bouclier qu’il voudroit considérer n’est pas net ; & Curion inquiet à la vue d’un beau revers, soupire après un Othon, tandis qu’il oublie sa mariée. » Pope s’adresse ensuite à M. Addisson, de la maniere suivante : « la vanité est leur partage, & le savoir le tien. Retouchée de ta main, la gloire de Rome brille d’un nouvel éclat ; ses dieux & ses héros reparoissent avec honneur ; ses guirlandes flétries refleurissent. Etude attrayante, elle plaît à ceux que la poésie charme : les vers & la sculpture se donnent la main ; un art prête des images à l’autre ».


Addisson mit au jour en 1704 son poëme, intitulé la Campagne, sur les succès du duc de Marlborough, où se trouve la comparaison si fort applaudie de l’ange.



En ce jour, le plus grand de sa noble carriere,
L’ame de Marlborough se montre toute entiere,
Ferme, & sans s’émouvoir dans le choc furieux,
Qui porte la terreur & la mort en tous lieux ;
Il voit tout, pense à tout, & sa haute prudence
Ne laisse en nul endroit desirer sa présence.
Il soutient au besoin tous les corps ébranlés ;
Les fuyards au combat par lui sont rappellés ;
Et tranquille toujours dans le sein de l’orage
Qu’excitent sous ses loix, le dépit, & la rage,
Il en regle à son gré les divers mouvemens.
« Tel l’ange du seigneur, lorsque les élemens
Par lui sont déchainés contre un peuple coupable,
Et que des ouragans le tonnerre effroyable
Gronde ; comme n’aguére Albion l’entendit :
Pendant que dans les airs d’éclats tout retentit,
Le ministre du ciel, calme, & serein lui-même,
Sous les ordres vengeurs du monarque supréme,
Des bruyans tourbillons anime le courroux,
Et des vents qu’il conduit, dirige tous les coups. »


On ne peut opposer à la beauté de cette peinture, que le morceau encore plus beau du paradis perdu de Milton, l. b. où il représente le fils de Dieu chassant du ciel les anges rebelles, vers VI. 825-855.


On sait qu’Addisson a eu beaucoup de part au Tatler ou Babillard ; au Spectateur, & au Guardian ou Mentor moderne, qui parurent dans les années 1711, 1712, 1713, & 1714. Les feuilles de sa main dans le Spectateur, sont marquées à la fin par quelques unes des lettres du mot de Clio. Le cheva-​lier Steele dit spirituellement à la tête du Babillard. « Le plus grand secours que j’ai eu, est celui d’un bel-esprit, qui ne veut pas me permettre de le nommer. Il ne sauroit pourtant trouver mauvais que je le remercie des services qu’il m’a rendus ; mais peu s’en faut que sa générosité ne m’ait été nuisible. Il regne dans tout ce qu’il écrit, tant d’invention, d’enjoument & de savoir, qu’il m’en a pris comme aux princes, que le malheur de leurs affaires oblige à implorer la protection d’un puissant voisin : j’ai été presque détruit par mon allié ; & après l’avoir appellé à mon secours, il n’y a plus eû moyen de me soutenir sans lui. C’est de sa main que viennent ces portraits si finis d’hommes & de femmes, sous les différents titres des instrumens de Musique, de l’embarras des nouvellistes, de l’inventaire du théatre, de la description du thermometre, qui sont, les principales beautés de cet ouvrage ».


En 1713, M. Addison donna sa tragédie de Caton, dont j’ai déja parlé ailleurs, Pope en fit le prologue, & le docteur Garth l’épilogue. Elle a été traduite en italien par l’abbé Salvini, & c’est la meilleure de toutes les traductions qu’on en ait faites.


Le roi nomma Addisson secrétaire d’état en 1717, mais sa mauvaise santé l’obligea bien-tôt de résigner cet emploi. Il mourut en 1719 à 47 ans, & fut enterré dans l’abbaye de Westminster. Mylord Halifax l’avoit recommandé au roi, pour le secrétariat, & madame Manley n’a pas manqué de témoigner sa douleur, de ce que ce beau génie avoit quitté les lettres pour la politique. « Quand je considere, dit-elle, dans la galerie de Sergius, (mylord Halifax,) je ne puis lui refuser quelque chose qui approche d’une priére, comme une offrande que lui doivent tous ceux qui lisent ses écrits. Qu’il est triste que de misérables intérêts l’ayent détourné des routes de l’Hélieon, l’ayent arraché des bras des muses, pour le jetter dans ceux d’un vieux politique artificieux ! pourquoi faut-il qu’il air préféré le gain à la gloire, & le parti d’être un spectateur inutile, à celui de célébrer ces actions, qu’il sait si dignement caractériser, & embellir ! comment a-t-il pu détourner ses yeux de dessus les jardins du parnasse dont il étoit en possession, pour entrer dans le triste labyrinthe des affaires. Adieu donc, Maron (nom qu’elle donnoit à M. Addisson), tant que vous n’abandonnerez pas votre artificieux protecteur, il faut que la renommée vous abandonne ».


Un grand poëte de notre tems a été accusé d’amis au jour après la mort de M. Addisson, une critique amere & pleine d’esprit contre lui. Voici ce qui le regarde dans cette piece, où l’on attaque aussi d’autres écrivains.


Laissons de pareils gens en paix ! mais s’il se trouvoit un homme inspiré par Apollon lui-même, & par la gloire, enrichi de toutes sortes de talens, & de tout ce qu’il faut pour plaire ; né pour écrire avec agrément, & pour faire trouver des charmes dans son commerce ; porteroit-il l’ambition jusqu’à ne pouvoir souffrir, à l’exemple des Ottomans, un frere près du trône ? Le regarderoit-il avec mépris, ou même avec frayeur ? Le hairoit-il, parce qu’il appercevroit en lui les mêmes qualités qui ont servi à sa propre élévation ? Le blameroit-il, en feignant de le louer ? Lui applaudiroit-il en le regardant de mauvais-œil ? & apprendroit-il aux autres à rire, sans sourire lui-même ? Souhaiteroit-il de blesser, tandis qu’il craindroit de porter le coup ? Habile à démêler les fautes, seroit-il timide à les désapprouver ? Seroit-il également réservé à distribuer le blâme & la louange, ennemi craintif,​& ami soupçonneux ? Redouteroit-il les sots, & seroit-il assiégé de flatteurs ? Obligeroit-il de mauvaise grace ? Et lorsque deux rivaux se disputent le prix, leur donneroit-il raison à tous deux, en préférant toutefois le moins digne ? Tel que Caton, ne seroit-il occupé qu’à donner la loi dans son petit sénat, & à relever son propre mérite ; tandis que ceux qui l’environnent, admirent tout ce qu’il dit, & s’épuisent en louanges extravagantes ? Ciel, quel malheur s’il se trouvoit un tel homme ! & qu’il seroit affligeant que ce fut A. n.


On a accusé fortement, à l’occasion de ces vers, Pope d’ingratitude vis-à-vis de M. Addisson ; cependant l’auteur de la Dunciade, a défendu M. Pope de cette grave accusation, en attestant toutes les personnes de probité, qui, dit-il, plusieurs années avant la mort de M. Addisson, ont vû & approuvé les vers dont il s’agit ici, non à titre de satyre, mais de reproche d’ami, envoyés de la main même du poëte à M. Addisson, & d’ailleurs ce sont des vers que l’auteur n’a jamais publiés. (Le chevalier de Jaucourt.)​","[[""51 5' N 15 48' E""]]",,51 5' N 15 48' E,51 5' N 15 48' E
v17-1379-0,WIMPFEN ou WIMPFFEM,"WIMPFEN ou WIMPFFEM, (Géog. mod.)​ ville d’Allemagne, dans la Suabe, au Creighgow, sur la gauche du Necker, à l’embouchure du Jagst, à deux lieues au nord d’Hailbron. Elle est impériale, petite, mais peuplée. Elle fut prise en 1645, par le duc d’Enghien. Quelques-uns croyent sans aucune preuve, que c’est l’ancienne Cornelia. Long. 26. 45. latit. 49. 18. (D. J.)​","[[""49 18' N 26 45' E""]]",,49 18' N 26 45' E,49 18' N 26 45' E
v17-1384-0,"WINCHESTER, ou plutôt Wintchester","WINCHESTER, (Géog. mod.)​ ou plutôt Wintchester, ville d’Angleterre, capitale du Hampshire, sur le bord de l’Itching, à dix-huit milles au sud-est de Salisbury, & à soixante sud-ouest de Londres. Long. 16. 20. latit. 51. 3.


Cette ville, nommée en latin Vintonia, est aussi remarquable par son ancienneté, que par le siege épiscopal dont elle est honorée depuis long-tems. Les Romains l’ont connue sous le nom de Venta belgarum ; après eux les Bretons l’appellerent Cuer-gwent, & les Saxons Wintan-cester, d’où l’on a fait Wintchester.


C’est dans cette ville que l’an de Jésus-Christ 407, le tyran Constantin fut proclamé empereur par ses​ soldats, contre l’obéissance qu’ils devoient à Honorius ; & il tira son fils Constant d’un monastere de cette même ville, pour le faire revêtir de la pourpre ; mais ils périrent bientôt tous deux, après avoir eu quelques heureux succès.


Les Saxons à leur arrivée dans le pays, trouverent Winchester si considérable, que les rois de West-Sex la choisirent pour le lieu de leur résidence, y établirent un siege épiscopal, une monnoie, & y bâtirent un grand nombre d’églises.


Après la conquête des Normands, les archives de la province furent mises à Winchester. Le roi Edouard III. y établit une étape pour le commerce des laines & des draperies, ce qui la rendit encore plus florissante.


Elle n’a point perdu de son lustre, c’est une grande ville fermée de murailles, contenant huit paroisses, un palais épiscopal, un château, une église cathédrale superbe, & un hôtel de ville où l’on montre une grande table ronde, qu’on dit être la table ronde du fameux Arthur, tant chantée par les vieux romanciers.


Il se tint à Winchester un concile, l’an 957, en présence de trois rois des différentes provinces.


L’évêché de Winchester est un des plus riches bénéfices du royaume, car il vaut huit mille livres sterling de rente. L’évêque a sous sa jurisdiction spirituelle, les deux provinces de Hampshire & de Surrey, avec les îles de Jersey & de Guernesey. Un évêque de Winchester, nommé Guillaume Wickham, a fondé dans cette ville un beau & illustre college, où l’on entretient un principal, dix fellows ou associés, deux scholarques & soixante & dix écoliers, qu’on tire de-là quand ils sont avancés pour les envoyer à Oxford, au college neuf qui a été fondé par le même prélat.


Deux rois, pere & fils, Henri III. & Edouard I. sont nés à Winchester. Le premier étoit un prince d’un petit génie, d’un naturel inconstant, capricieux, & rempli des maximes du pouvoir arbitraire ; foible quand il auroit fallu être ferme, plein d’hauteur déplacée quand il auroit fallu plier ; avide d’argent jusqu’à l’excès, pour le prodiguer tout de suite en dépenses folles & ridicules.


Saint Louis le battit deux fois, & sur tout à la journée de Taillebourg en Poitou. Les barons gagnerent sur lui la fameuse bataille de Lewes en 1264. Il fut ensuite redevable de sa délivrance à son fils Edouard, qui lui succéda. Enfin il mourut paisiblement à Londres, en 1272, à 65 ans, après en avoir regné 56.


Edouard I. avoit de très-belles qualités, beaucoup de bravoure, de prudence, d’honneur, & de justice. L’Angleterre reprit sa force sous son regne ; il conserva la Guyenne, il s’empara du pays de Galles, il fit fleurir le commerce de ses sujets autant qu’on le pouvoit alors.


La maison d’Ecosse étant éteinte en 1291, il eut la gloire d’être choisi pour arbitre entre les prétendans ; il obligea d’abord le parlement d’Ecosse à reconnoître que la couronne de ce pays relevoit de celle d’Angleterre ; ensuite il nomma pour roi Bayol, qu’il fit son vassal ; enfin il prit pour lui même ce royaume d’Ecosse, & c’est une grande tache à sa gloire.


Sous ce prince, on vint déja à s’appercevoir que les Anglois ne seroient pas long-tems tributaires de Rome ; on se servoit de prétexte pour mal payer, & on éludoit une autorité qu’on n’osoit attaquer de front.


Le parlement d’Angleterre prit vers l’an 1300, une nouvelle forme, telle qu’elle est à-peu-près de nos jours. Le titre de barons & de pairs ne fut affecté qu’à ceux qui entroient dans la chambre haute ;​la chambre basse commença à regler les subsides ; Edouard I. donna du poids à la chambre des communes, pour pouvoir balancer le pouvoir des barons ; ce prince assez ferme & assez habile pour les ménager & ne les point craindre, forma cette espece de gouvernement qui rassemble tous les avantages de la royauté, de l’aristocratie, & de la démocratie, & qui sous un roi sage, ne peut que fleurir avec gloire.


Edouard I. mourut l’an 1307, à 68 ans, lorsqu’il se proposoit d’aller reconquerir l’Ecosse, trois fois subjuguée, & trois fois soulevée.


Bilson (Thomas) savant théologien & évêque, naquit à Winchester, vers l’an 1542, & mourut en 1616. Il se fit une grande réputation par ses ouvrages. Le premier qu’il mit au jour à Oxford en 1585, a pour titre : Traité de la différence entre l’obéissance chrétienne, & la rébellion anti-chrétienne. Cet ouvrage fut appuyé par l’autorité souveraine, & dédié par l’auteur à la reine Elisabeth.


Le docteur Bilson, pour établir la suprématie royale, s’attache à justifier que les empereurs convoquoient autrefois des conciles, dont ils fixoient le tems & le lieu, réglant même qui seroient ceux qui y assisteroient & qui y auroient voix : qu’ils déterminoient quelles matieres on y traiteroit ; qu’ils présidoient aux débats, & empêchoient qu’on ne portât atteinte à la foi établie par les conciles précédens ; qu’ils jugeoient de leurs procédures, même par rapport aux matieres de foi, par la regle commune à tous les chrétiens, savoir, la parole de Dieu ; qu’ils confirmoient les décrets des conciles, en marquant ceux qu’ils approuvoient, & auxquels ils donnoient force de loi ; qu’à l’égard des sentences, ils recevoient les appels qu’on interjettoit, suspendoient l’exécution, & moderoient la rigueur des décisions des conciles, quand ils les trouvoient trop séveres. Il prouve tous ces articles par l’exemple des princes juifs & des empereurs chrétiens.


Il observe ensuite que l’empereur Justinien, dans ses novell. constitut. a réglé ce qui regarde la doctrine & la discipline de l’Eglise, la conduite des évêques & des patriarches sur la célébration des sacremens, la convocation des synodes, l’ordination des ecclésiastiques, les mariages, les divorces. & autres choses de cette nature, qui étoient en ce tems-là du ressort de la puissance civile, & que le pape prétend aujourd’hui appartenir à la puissance ecclésiastique.


En 1593, il publia un traité du gouvernement de l’église de Christ, & de l’autorité qu’avoient les anciens patriarches. Ce livre fut traduit en latin en 1611.


Enfin, il mit au jour à Londres, en 1604, un savant ouvrage, sous le titre de Description des souffrances de Jésus-Christ, & de sa descente aux enfers. Il prouve dans cet ouvrage par l’Ecriture & par les peres, que notre Seigneur est allé de la terre dans le séjour du parfait bonheur, & qu’il n’y a rien dans l’Ecriture qui nous autorise à croire que son ame est allée en enfer après sa mort, & de-là au ciel ; qu’ainsi tout concourt à nous persuader que les fideles vont d’ici-bas dans le ciel ; & qu’enfin le hadès du symbole est le paradis. (Le chevalier de Jaucourt.)​","[[""51 3' N 16 20' E""]]",,51 3' N 16 20' E,
v17-1410-0,WISBY,"WISBY, (Géog. mod.)​ en latin du moyen âge Vislia, Visburgum ; ville de Suéde, dans l’ile de Gothland, sur sa côte occidentale. Cette ville autrefois grande & riche, n’est presque plus qu’une bourgade murée, bastionnée, & défendue par un château bâti près du port, où réside le gouverneur. On prétend que les habitans de Wisbi ont dressé dans le nord les premieres cartes marines, & qu’ils ont établi les premiers, d’aprés Oleron, des réglemens pour le commerce & pour la navigation. Long. 36. 52. latit. 57. 38. (D. J.)​","[[""57 38' N 36 52' E""]]",,57 38' N 36 52' E,57 38' N 36 52' E
v17-1417-0,WISMAR,"WISMAR, (Géog. mod.)​ ville d’Allemagne, dans le cercle de la basse-Saxe, au duché de Meckelbourg, dont elle est capitale. Wismar étoit déja un grand village dans le dixieme siecle ; ce village devint ville, & une ville considérable, qui dans le treizieme siecle fut mise au rang des villes anséatiques. Les flottes de ces villes s’assembloient dans le port de Wismar. Le duc Adolphe Fréderic s’empara de Wismar en 1632, avec le secours des Suédois qui y tinrent garnison, & on leur en fit la cession par le traité de Westphalie. Elle fut bombardée en 1711 par le roi de Danemarck ; en 1715 les alliés du nord l’assiégerent, la prirent, & en démolirent les fortifications. Enfin, elle a été rendue à la Suéde en 1721 par la paix du nord, mais toute ouverte, & à condition qu’on n’en releveroit pas les fortifications. Cette ville est située au fond d’un golfe que forme la mer Baltique, à 7 milles de Lubeck, 23 nord-est de Lunebourg, 28 ouest par sud de Stralsund, & 4 de Schwerin. Long. 29. 32. lat. 53. 56.


Morhof (Daniel George) savant littérateur, nâquit à Wismar l’an 1639, & mourut à Lubeck en 1691, à cinquante-trois ans. Vous trouverez son article dans les mémoires du pere Niceron, tom. II. Je dirai seulement que Morhof a mis au jour un ouvrage fort estimé, & avec raison. Il est intitulé : Polyhistor, sive de notitiâ auctorum, & rerum ; Lubeck 1708, in-4°. La meilleure édition de cet ouvrage, est celle de la même ville en 1732, en 2 vol. in-4°. (D. J.)​","[[""53 56' N 29 32' E""]]",,53 56' N 29 32' E,53 56' N 29 32' E
v17-1450-0,WOLMAR,"WOLMAR, (Géog. mod.)​ petite ville de l’empire Russien dans la Livonie, au pays de Lettie, sur le Tréiden. Elle a été bâtie toute en bois après avoir été ruinée par les Moscovites & les Polonois. Fructus belli ! Long. 42. 28. latit. 50. 30. (D. J.)​","[[""50 30' N 42 28' E""]]",,50 30' N 42 28' E,50 30' N 42 28' E
v17-1469-1,Workum ou Worcum,"Workum ou Worcum, (Géog. mod.)​ ville des Pays-Bas, dans la Frise, au comté de Westergo, sur le Zuyderzée, à 4 lieues de Harlingen, avec un petit port, dont les habitans se servent pour faire quelque commerce. Le territoire de cette ville est assez fertile, parce qu’il est arrosé du Vliet, & coupé de plusieurs canaux. Long. 23. 7. lat. 53.


Tiara (Petréius) philologue du seizeme siecle, naquit à Workum, en Frise, l’an 1516, & mourut en 1588. Il a traduit du grec en latin divers morceaux, comme Platonis Sophista, Euripidis Medea, Pythagoræ, Phocylidis, & Theognidis sententia, &c.


Bos (Lambert) littérateur célebre, est aussi né à Worcum, en Frise, en 1670, & mourut professeur à Francker en 1717, après avoir donné plusieurs ouvrages qui lui ont fait beaucoup d’honneur ; voici les principaux : I. exercitationes philologicæ, in quibus novi fæderis nonnulla loca è profanis maximè auctoribus gracis, illustrantur, Francker 1713, in 8°. c’est un excellent livre en son genre. Il Mysterii Ellipsios græcè specimen, Francker 1702, in 12. Il s’est fait plusieurs éditions de ce livre, qui est d’un grand usage pour l’étude de la langue grecque. III. Antiquitatum græcarum, præcipuè atticarum brevis descriptio, Francker 1713, in-12. IV. Animadversiones ad scriptores quosdoin græcos & latinos. Francker 1715, in 8°. Cet ouvrage concerne principalement la partie de la critique qui regarde la correction des auteurs anciens. M. Bos s’y est conduit avec beaucoup de retenue, & ne décide que sur des choses bien claires. Il explique, il corrige, & il défend divers passages de César & d’Horace, avec la modération convenable. V. Il donna en 1709 une nouvelle édition de la version des septantes, in-4°. & cette édition accompagnée de prolégomenes, est fort belle, tant pour le papier, que pour les caracteres ; mais il seroit à desirer que l’au-​teur eût consulté quelques exemplaires manuscrits, & qu’il eût donné le texte conforme à celui de l’édition faite à Rome, sur l’exemplaire du vatican. C’est en ces deux points, que l’édition des septante mise au jour par M. Breitenger, en 1730, 1731 & 1732, en IV. tom. in 4°. est préférable à celle de Bos, car elle lui est bien inférieure en beauté d’impression. (D. J.)​","[[""53 N 23 7' E""]]",,53 N 23 7' E,53 N 23 7' E
v17-1471-0,WORMS,"WORMS, (Géog. mod.)​ c’est l’ancien Borbetomagum ou Borbetomagus Vangionum ; ville libre & impériale d’Allemagne, dans le palatinat du Rhein, à 7 milles de Mayence, à 6 de Spire, à 4 d’Oppenheim, à 3 de Manheim, & à 2 de Franckendal, avec un évêché suffragant de Mayence.


Attila ayant ruiné cette ville, Clovis la fit rebâtir, & la reine Brunehaud prit soin de l’embellir. Elle est dans un excellent pays, & dans une situation agréable, mais sans fortifications, & sans garnison ; elle est pauvre, triste, & dépeuplée, les François l’ayant ruinée presque entierement en 1689.


Les luthériens y sont en grand nombre, proportionnellement aux Catholiques. Enfin, tout ce que Worms a de remarquable, consiste dans les diettes qui s’y sont tenues autrefois, & dans la quantité de vin qu’on recueille aujourd’hui dans son voisinage. On prétend que les vignes y produisent tous les ans environ mille foudres de vin ; le foudre est un tonneau qui tient 250 gallons d’Angleterre. Long. 26. 4. lat. 40. 31.


C’est dans une assemblée tenue à Worms, par l’empereur Henri Ill, que Brunon son cousin, ancien évêque de Toul, fut élû pape en 1048 sous le nom de Léon IX. En 1053, il excommunia les trois fils de Tancréde de Hauteville, nouveaux conquérans de la Pouille, du comté d’Aversa, & d’une partie du Beneventin ; ce pape se mit en tête de les aller combattre avec des troupes italiennes & allemandes que Henri III. lui fournit ; mais les Tancredes taillerent en pieces l’armée allemande, & firent disparoître l’italienne. Le pape s’ensuit dans la Capitanate ; les princes Normands le suivirent, le prirent, & l’emmenerent prisonnier dans la ville de Bénévent. Léon IX. mourut à Rome l’année suivante ; on a canonisé ce pape. « Apparemment qu’il fit pénitence d’avoir fait inutilement répandre bien du sang, & d’avoir mené tant d’ecclésiastiques à la guerre. Il est sûr qu’il s’en repentit, sur-tout quand il vit avec quel respect le traiterent ses vainqueurs, & avec quelle infléxibilité ils le garderent prisonnier une année entiere. Ils rendirent Bénévent aux princes Lombards, & ce ne fut qu’après l’extinction de cette maison, que les papes eurent enfin la capitale. »


Schmidt (Jean-André) professeur en théologie, à Helmstadt, naquit à Worms en 1652, & mourut en 1726 dans sa soixante-quatorzieme année. Le pere Niceron l’a mis dans ses Mémoires, tom. IX. au rang des hommes illustres, & a donné le catalogue de ses ouvrages, qui consistent pour la plûpart en thèses ou en dissertations fort médiocres. (Le chevalier de Jaucourt​.","[[""40 31' N 26 4' E""]]",,40 31' N 26 4' E,40 31' N 26 4' E
v17-1484-0,WURTZBOURG,"WURTZBOURG, (Géog. mod.)​ ville d’Allemagne, capitale de l’évêché de même nom, sur le Mein, qu’on passe sur un pont, à 18 lieues au sud-ouest de Bamberg, & à 120 au nord-ouest de Vienne. Elle a été autrefois impériale, mais elle est aujourd’hui sujette à son évêque qui y réside. Il y a dans cette ville une petite université, érigée en 1034. Long. 27. 38. latit. 49. 2. (D. J.)​","[[""49 2' N 27 38' E""]]",,49 2' N 27 38' E,49 2' N 27 38' E
v17-1491-0,WYSOGROD,"WYSOGROD, (Géog. mod.)​ petite ville de la grande Pologne, au duché de Masovie, sur la Vistule, entre Warsovie & Plocczko, à six lieues de cette derniere ville. Long. 46. 22. latit. 57. 40. (D. J.)​","[[""57 40' N 46 22' E""]]",,57 40' N 46 22' E,57 40' N 46 22' E
v17-1521-0,XATIVA,"XATIVA, (Géog. mod.)​ ville d’Espagne au royaume de Valence, sur le penchant d’une colline, au pié de laquelle coule le Xucar, à neuf lieues au midi de Valence, & à vingt au nord-ouest d’Alicante.


Philippe V. traita inhumainement cette ville dans le cours de la guerre du commencement de ce siecle, parce qu’elle s’étoit déclarée par la force en faveur de Charle, archiduc d’Autriche. Il la fit assiéger, en 1706, & raser de fond-en-comble après l’avoir prise. Ensuite considérant la beauté de sa situation, il éleva sur ses ruines une autre ville qu’on nomme à-présent San-Philipe. Long. 16. 50. latit. 58. 55.


Le pape Calixte III. étoit natif de Xativa. Il canonisa l’homme qui lui avoit prédit son élévation au pontificat, qu’il n’obtint cependant qu’à l’âge de 76 ans. Il excita toute l’Europe à prendre les armes contre le turc, & ce projet ne fut pas heureux pour les chrétiens. Il donna les meilleurs bénéfices à ses parens qui ne les méritoient guere. Il mourut en 1458, au bout de trois ans & quelques mois de regue.


André (Jean) mahométan, naquit à Xativa dans le xv siecle, & succéda à son pere dans la charge d’alfaqui de cette ville ; mais il abandonna sa religion, & se fit chrétien. Il est auteur d’un livre intitulé confusion de la secte de Mahumed. Ce livre a été publié premierement en espagnol, & traduit sur l’italien en françois par M. le Févre de la Boderie, Paris 1574, in-8°. Tous ceux qui écrivent contre le mahométisme, citent beaucoup cet ouvrage.


Malvenda (Thomas) religieux dominicain, né à Xatixa en 1566, mourut à Valence en Espagne en 1628 à 63 ans. Les ouvrages qui subsistent encore de lui, sont : 1°. un traité de Anti-Christo, dont la meilleure édition est celle de 1621. 2°. Une nouvelle version du texte hébreu de la bible, avec des notes, imprimée à Lyon en 1650, en 5 vol. in-fol.


Espagnolet (Joseph-Robert Ribera, dit l’) peintre dont je n’ai point parlé en traitant des écoles de peinture, naquit en 1589 à Xativa, & mourut à Naples en 1656. Il étudia la maniere de Michel-Ange Caravage, & se plut comme lui à représenter des sujets terribles & pleins d’horreurs. Né dans la pauvreté, un cardinal fut frappé de ses talens, & touché de son indigence, il l’emmena dans son palais & le combla de faveurs ; mais l’Espagnolet voyant que son changemeent de fortune le rendoit paresseux, quitta le cardinal pour reprendre le goût du travail. Il se rendit à Naples, s’y fixa, en devint le premier pein-​tre, & s’y enrichit. Ses principaux ouvrages sont dans cette ville, & à l’Escurial. Il y a beaucoup d’expression dans ses têtes, mais son goût n’est pas noble, & son pinceau n’a rien de gracieux. (D. J.)​","[[""58 55' N 16 50' E""]]",,58 55' N 16 50' E,58 55' N 16 50' E
v17-1537-0,"XERES, de badajos, ou Xérès de los cavalleros","XERES, de badajos, ou Xérès de los cavalleros, (Géog. mod.)​ ville d’Espagne dans l’Estramadure, au royaume de Léon, sur le torrent d’Ardilla, à 4 lieues au midi de Badajos. Charles V. lui accorda le titre de cité. Son terroir est rempli d’excellens pâturages, où l’on nourrit quantité de bêtes à cornes. Long. 10. 40. latit. 38. 8. (D. J.)​","[[""38 8' N 10 40' E""]]",,38 8' N 10 40' E,38 8' N 10 40' E
v17-1551-0,XIMENA,"XIMENA, (Géog. mod.)​ ville d’Espagne, dans l’Andalousie, à cinq lieues au nord de Gibraltar, sur une montagne pleine de rochers, au pié de laquelle est du côté de l’orient, un pays très-fertile, arrosé par une petite branche du Guadiaro. L’ancienne Ximena est sur le sommet de la montagne, & l’on juge par les arcades & par les voûtes, qu’elle a été bâtie par les Maures. M. Conduitt y a trouvé l’inscription suivante sur une pierre d’une des portes de cette ville ruinée : L. Herennio Herenniano, L. Cornelius Herennius Rusticus Nepos ex testamento posuit nonis Martiis. Sex. Quintilio Condiano. Sex. Quintilio Maximo Coss. Le pere Mariana, liv. III. ch. ij. dit que la caverne où Crassus vint se cacher, étoit proche de Ximena. M. Conduitt fit sans succès trois lieues à la ronde pour la découvrir ; cependant il est vrai qu’il y a plusieurs cavernes dans cette partie de l’Espagne. Long. 12. 30. latit. 36. 15. (D. J.)​","[[""36 15' N 12 30' E""]]",,36 15' N 12 30' E,36 15' N 12 30' E
v17-1617-0,YASSI,"YASSI, (Géog. mod.)​ Les françois écrivent mal Iassi, & peut-être ai-je moi-même commis cette faute. C’est une grande ville de la Moldavie, sur la​ petite riviere de Scisa, qui se rend peu-à-près dans le Pruth, au nord-est de Soczowa. Long. 44. 56. latit. 47.


Yassi riche par son commerce avec l’Asie, est toute ouverte, sans portes & sans murailles ; mais on y voit une douzaine de vastes châteaux flanqués de tours terrassées. Tous ont du canon & des magasins d’armes pour se défendre. Ce sont autant de monasteres où des moines grecs font leur salut sous la protection du turc. Le christianisme n’a point de moines aussi anciens. S. Basile fut leur patriarche au quatrieme siecle ; mais il y avoit longtems que les perses & les indiens au sein de l’idolâtrie, avoient des moines. L’occident s’est livré plus tard à l’inaction de la vie contemplative. C’est dans ces forteresses basiliennes que le peuple cherche un asyle, lorsque les Tartares viennent à passer. On ne voit peut-être nulle part autant de moines rassemblés ; car le même spectacle se montre sur un côteau en face de la ville.


Cette grande quantité d’hommes qui consomment & ne produisent rien, diminue les richesses de Yassi, & les revenus de l’hospodar. L’ignorance où ils vivent doit moins s’attribuer à leur paresse, ou aux bornes de leur esprit, qu’à l’esclavage, & on s’apperçoit en général, qu’on tireroit un grand parti des Moldaves du côté des armes, des arts & des sciences, si on les mettoit en liberté. Comme le prince qui les gouverne achete cette souveraineté, c’est ensuite au peuple à rembourser l’acquéreur.


Jean Sobieski s’approchant de cette place en 1586, n’eut pas la douleur de donner bataille pour s’en rendre maître ; l’évêque, le clergé, les premiers de la ville & le peuple, lui en apporterent les clés. Il y entra en ami, & ménagea Yassi comme son bien propre. Les boutiques resterent ouvertes, les marchés libres ; & tout fut payé par le vainqueur comme par le bourgeois. Les soldats dispersés dans les monasteres, n’en troublerent point l’ordre ; & les femmes moldaves aussi piquantes par l’ajustement que par les graces, furent respectées. L’abbé Coyer. (D. J.)​","[[""47 N 44 56' E""]]",,47 N 44 56' E,47 N 44 56' E
v17-162-0,VERNON ou VERNON-SUR-SEINE,"VERNON ou VERNON-SUR-SEINE, (Géog. mod.)​ ville de France, en Normandie, sur la gauche de la Seine, dans une plaine, à 6 lieues au levant d’Evreux, à 7 au sud-ouest de Gisors, & à 10 au-dessus de Rouen.


Cette ville a eu ses seigneurs particuliers jusqu’à ce que Philippe en ait fait l’acquisition, & depuis lors les rois de France ont plusieurs fois donné Vernon en apanage aux reines. Il a ensuite fait partie du bailliage de Gisors, qui fut cédé avec le duché de Chartres & plusieurs autres terres, par François I. à Renée de France, duchesse de Ferrare. Le tout passa à la fille de la duchesse Renée-Anne d’Est, qui épousa en secondes noces le duc de Nemours ; & c’est par-là que le comté de Gisors vint à cette maison de Savoie. Louis XIV. réunit le total au domaine, mais dans la suite il donna Gisors & ses dépendances en apanage, avec le titre de vicomte, à son petit-fils le duc de Berry, qui mourut sans enfans avant le roi son ayeul l’an 1714.


Il y a à Vernon une église collégiale, un hôpital, & plusieurs couvens. Elle est bien peuplée, a de bonnes murailles, des fossés profonds, un gouverneur, un maire, & un college où l’on enseigne les humanités. Son bailliage est dans le ressort du présidial d’Andely. Son commerce consiste principalement en blé, toiles & couvertures de laine.


C’est à Vern, jadis château royal entre Paris & Compiegne, & non pas à Vernon, que se tint en 755 un concile national sous le regne de Pepin, pour la discipline ecclésiastique, pour les droits de l’Eglise, & pour les immunités en faveur des pélerins. Long. 19. 8. latit. 49. 4. (D. J.)​","[[""49 4' N 19 8' E""]]",,49 4' N 19 8' E,49 4' N 19 8' E
v17-1660-0,YOUGHILL,"YOUGHILL, (Géog. mod.)​ & par quelques-uns Younghall ; ville d’Irlande, dans la province de Mounster, au comté de Cork, avec un bon port, & un quai fortifié, à l’embouchure de la riviere Blackwater, sur les confins de Waterford, à huit milles au levant de Cloyn ; elle est riche, peuplée, & envoie deux députés au parlement d’Irlande. Longitude 9. 50. latit. 51. 50. (D. J.)​","[[""51 50' N 9 50' E""]]",,51 50' N 9 50' E,51 50' N 9 50' E
v17-1686-0,"YVOY, ou IVOY","YVOY, ou IVOY, (Géog. mod.)​ petite ville de France, dans le Luxembourg françois, sur le bord du Chier, à six lieues au midi de Sédan, & à 12 au couchant de Luxembourg. La paix de Riswick en assura la possession à la France ; elle fut érigée en duché en 1662, sous le nom de Carignan, en faveur du prince Eugene. Long. 22. 53. latit. 49. 38. (D. J.)​","[[""49 38' N 22 53' E""]]",,49 38' N 22 53' E,49 38' N 22 53' E
v17-170-0,VÉRONE,"VÉRONE, (Géog. mod.)​ en latin Verona. Voyez ce mot.


On sait que Vérone est une ville d’Italie dans l’état de Venise, capitale du Véronèse, sur l’Adige, à 25 lieues à l’ouest de Venise, à 8 au nord-est de Mantoue, & à 16 au midi de Trente. Longit. 28. 30. latit. 45. 23.


Vérone est une des fortes places d’Italie ; ses murailles sont garnies de bastions, outre trois châteaux qui les défendent. Son évêché est suffragant d’Udine ; l’air de cette ville est très doux, & les vivres y sont à bon marché ; mais elle est dépeuplée, les maisons mal bâties, les rues étroites, & les habitans fort pauvres.


Cette ville cependant conserve encore quelques restes d’antiquité, théatre, amphithéatre, étuves, bains, aqueducs, colonnes, & arcs de triomphes, qui sont autant de monumens de son ancienne splendeur, & des ravages des Barbares.


L’amphithéatre de Vérone est le plus entier de tous ceux qu’on connoisse en Europe ; on prétend qu’il a été bâti sous Auguste. Il est de forme ovale, de moyenne grandeur, & fait de pierres quarrées ; on voit à la face du dehors plusieurs colonnes, quelques restes de statues, & autres pieces de marbre, dont les portiques étoient revêtus en ouvrage dorique, ionique, corinthien, le tout d’une hauteur excessive. On comptoit dans cet amphithéatre quatre rangées de portiques & de colonnes entremêlées de statues de nymphes. Dix-huit grandes portes y donnoient entrée, & il y avoit quarante-deux rangs de degrés, où vingt-quatre mille personnes pouvoient demeurer assises, pour y voir les spectacles.​Le mur extérieur est tout désolé ; il n’en reste que sept trémeaux ; Panvinus rapporte qu’il fut abattu par un tremblement de terre en 1583 ; mais on a un peu réparé les bancs, à mesure que le tems les a voulu détruire.


Il y en avoit du tems de Misson quarante-quatre, & il ajoute qu’il a compté cinq cens trente pas dans le tour du plus élevé, & deux cens cinquante au plus bas. Antoine Desgodetz architecte, a écrit que le diametre de l’arène sur la longueur, est de deux cens trente-trois piés, mesure de France ; que l’autre diametre sur la largeur est de cent trente-six piés huit pouces : que l’épaisseur du bâtiment, sans le corridor extérieur, est de cent piés quatre pouces ; & qu’avec chaque épaisseur du mur & du corridor aux deux bouts de l’amphithéatre, il est de cent-vingt piés dix ponces ; de sorte que la longueur du tout est de quatre cens soixante & quatorze piés, huit pouces. Chaque degré a près d’un pié & demi de haut, & à-peu-près vingt-six pouces de large ; l’élévation du tout, est de quatre-vingt-treize piés, sept pouces & demi.


On voit encore à Vérone les vestiges d’un arc de triomphe, érigé en l’honneur de Marius, après la victoire qu’il remporta dans le territoire de cette ville. C’est en cet endroit, selon la commune opinion, que passoit la voie Emilienne qui conduisoit d’Arimini à Vérone, & à Aquilée. Il y reste un arc de marbre qui fut autrefois consacré à Jupiter, & tout proche, sont les débris d’un temple ; mais les curieux de tout ce qui concerne cette ville, trouveront de quoi se satisfaire dans l’histoire de Vérone par Muratori, Venise, 1732, in-fol. & in-8°. en 4 vol. avec figures, ainsi que dans la chronica della cita di Verona, descritta da Pietro Zagusta, in Verona, 1745, in-4°. 2. vol.


Cette ville se glorifie d’avoir produit sous l’ancienne Rome, Pline le naturaliste, Vitruve, Catulle, & Cornelius Nepos, dont j’ai parlé sous le mot Verona ; elle n’a pas été stérile en savans depuis le retour des Belles-Lettres. J’en vais nommer quelques-uns dont elle est la patrie ; Bianchini, Bossus, Fracastor, Guarini, Panvini, Noris, Scaliger, & Paul Emile.


Bianchini (François) physicien & mathématicien, naquit dans cette ville en 1662, & mourut en 1729, à 67 ans. On a de lui une édition d’Anastase le bibliothécaire, & quelques dissertations de physique.


Bossus (Matthieu) mérite un rang parmi les hommes illustres en vertu & en savoir, du xv. siecle. Il naquit à Vérone l’an 1427, & mourut à Padoue en 1502, à 75 ans ; il composa plusieurs livres de morale & de piété, entre autres celui de immoderato mulietum cultu, imprimé à Strasbourg, en 1509, in-4°. mais on répondit à son ouvrage, & les dames trouverent un apologiste qui plaida leur cause avec autant d’esprit que de savoir. Les femmes aimeront toujours d’être parées ; S. Jérome appelle le beau sexe philocosmon, le sexe amateur de la parure ; & il ajoute qu’il savoit beaucoup de femmes de la plus grande vertu qui se paroient pour leur seule satisfaction, sans avoir dessein de plaire à aucun homme. « L’affection des femmes, dit-il à Démétrias, est fort imparfaite ; car lorsque vous étiez dans le siecle, vous aimiez les choses du siecle ; comme de blanchir votre visage, de relever votre teint avec du vermillon, de friser vos cheveux, & d’orner votre tête de cheveux étrangers. L’objet de la passion & de la folie des dames de qualité, continue-t-il, est de rechercher la richesse des diamans, la blancheur des perles pêchées au fond de la mer rouge, le beau verd des émeraudes, & l’éclat des rubis ». Nos saints Jéromes disent que c’est toujours​ la même chose, & nous avons vu dans quelque autre article, que ce goût naturel au sexe est fort excusable.


Fracastor (Jérome) poëte & médecin du xvj. siecle, mourut d’apoplexie en 1553, à 71 ans ; sa patrie lui fit élever une statue en 1559. Ses ouvrages ont été imprimés à Padoue en 1735, 2. vol. in-4°. mais son poëme intitulé Syphilis, méritoit seul cet honneur.


Fratta (Jean) poëte italien véronois, du xvj. siecle. On a de lui des églogues médiocres, & un poëme héroïque, intitulé la Maltéïde, auquel le Tasse donnoit son suffrage ; mais la postérité ne l’a point confirmé.


Guarini, natif de Vérone, a été l’un des premiers qui ont rétabli les Belles-Lettres dans l’Italie au xv. siecle. Il mourut à Ferrare en 1460 ; sa traduction d’une partie de Strabon, étoit bonne pour le tems ; mais son nom a été encore plus illustré par son petit-fils, auteur du Pastor-Fido, poëme pastoral, qu’Aubert le Mire a mis plaisamment au nombre des livres de piété, croyant que c’étoit un traité théologique des devoirs des pasteurs.


Panvini (Onuphre) religieux de l’ordre de saint Augustin, dans le xvj. siecle, étoit savant littérateur, comme il paroît par ses ouvrages sur les fastes consulaires, les fêtes & les triomphes des Romains ; mais il n’osoit avouer qu’il ignoroit quelque chose, par sa présomption d’avoir des lumieres dont les autres manquoient. Il inventoit des inscriptions & des monumens dont il servoit à autoriser ses sentimens, ou ses rêveries. Cette fraude découverte, a décrié ses ouvrages, qui auroient été estimables, s’il eût eu moins d’imagination, & sur-tout s’il eût eu de la bonne foi ; il est mort en 1578, âgé d’environ 40 ans.


Noris (Henri) l’un des savans hommes du xvj. siecle, s’éleva par son mérite au cardinalat. Il dut cette dignité à Innocent XII. qui l’employa en 1702 à la réformation du calendrier. Il mourut à Rome en 1704, à 73 ans ; toutes ses œuvres ont été recueillies, & imprimées à Vérone en 1729, en 5 vol. in-fol. On estime beaucoup son traité sur les époques des Syro-Macedoniens, ainsi que son histoire pélagienne, dont-il donna la quatrieme édition en 1702. Quand ce dernier ouvrage parut pour la premiere fois, il fut déféré au tribunal de l’inquisition, qui heureusement étoit tout dévoué à l’auteur ; en sorte que ce livre non seulement sortit de l’examen sans flétrissure, mais le pape Clément X. honora Noris du titre de qualificateur du saint office. Ses ennemis revinrent à la charge en 1692, & attaquerent encore son histoire pélagienne, mais sans succès ; tous les témoignages des examinateurs lui furent si favorables, que sa sainteté pour marquer à l’auteur son estime particuliere, le nomma consulteur de l’inquisition, membre de toutes les congrégations, & bibliothécaire du Vatican.


Scaliger (Jules-César) critique, poëte, médecin, philosophe, & l’un des plus habiles hommes du xvj. siecle, naquit en 1484, au château de Ripa, dans le territoire de Vérone. Il se disoit descendu des princes de l’Escale souverains de Vérone, & qui s’y rendirent formidables par leurs conquétes ; mais la gloire de la naissance de Scaliger lui fut contestée, & les lettres de naturalité qu’il obtint en France, sont entierement contraires à sa prétention, vu qu’il n’y est qualifié que médecin natif de Vérone : on trouvera ces lettres dans le dictionnaire de Bayle, au mot Vérone.


Scaliger est mort à Agen le 21 Octobre 1558, à 75 ans ; son traité de l’art poëtique, son livre des causes de la langue latine, & ses exercitations contre Cardan, sont ses trois ouvrages les plus estimés.​On remarque en général dans tous les écrits de cet auteur beaucoup de génie, de critique, & d’érudition, mais aussi beaucoup de vanité & d’esprit satyrique. Son fils Scaliger (Joseph-Juste) marcha sur ses traces, le surpassa même en érudition, mais non pas en génie.


Emilio (Paolo) en latin Æmilius Paulus, (nom que nous avons francisé en celui de Paul Emile), étoit un savant de Verone, dont la réputation se répandit au-delà des monts. Le cardinal de Bourbon l’attira dans ce royaume sous le regne de Louis XII. & lui fit donner un canonicat de la cathédrale de Paris, où il fut enterré l’an 1529. On l’engagea à faire en latin l’histoire des rois de France, & il s’appliqua à ce travail avec un grand soin : il y employa bien des années, sans avoir pu mettre la derniere main au dixieme livre qui devoit comprendre les commencemens du regne de Charles VIII. C’étoit un homme difficile sur son travail, & qui trouvoit toujours quelque chose à corriger.


Son histoire s’étend depuis Pharamond jusqu’à l’an 1488, qui est le cinquieme du regne de Charles VIII. Le dixieme livre fut trouvé parmi ses papiers en assez mauvais état ; un parent de l’auteur se donna le soin de l’arranger, & de le mettre en ordre.


Les éditions de cet ouvrage sont en assez grand nombre ; la premiere contenoit neuf livres, & parut avant l’année 1539 ; la seconde en 1539 ; elle fut suivie par celles de 1544, de 1550, de 1555, de 1566, de 1576, toutes chez le même Vascosan. On en fit aussi une édition à Bâle en 1601 in-fol. il y en a plusieurs versions françoises ; les unes sont completes, & les autres incompletes.


Juste Lipse porte de l’histoire de Paul Emile un jugement fort avantageux, quoique mêlé de quelques traits de censure. On ne peut nier que cette histoire ne soit géneralement parlant bien écrite ; & l’auteur n’avoit alors en France aucun rival dans la belle latinité ; mais ses harangues sont controuvées à plaisir, & déplacées dans plusieurs endroits, où il fait parler des barbares doctement & éloquemment, comme auroient parlé les anciens Romains. On peut encore lui reprocher d’être trop diffus sur les matieres étrangeres, & trop serré sur son principal sujet. (Le chevalier de Jaucourt.)​","[[""45 23' N 28 30' E""]]",,45 23' N 28 30' E,45 23' N 28 30' E
v17-1738-0,ZAGRAB ou ZAGRABIA,"ZAGRAB ou ZAGRABIA, (Géogr. mod.)​ & par les Allemands Agram, ville de la basse-Hongrie, dans l’Esclavonie, sur la rive gauche de la Save, capitale d’un comté du même nom, à 10 lieues au nord-est de Carlostad, & à 50 au sud-ouest de Bade. Elle a un évêché suffragant de Colocza. Long. 34. 10. latit. 45. 52. (D. J.)​","[[""45 52' N 34 10' E""]]",,45 52' N 34 10' E,45 52' N 34 10' E
v17-1774-1,Zamora,"Zamora, (Géog. mod.)​ ville de l’Amérique méridionale, dans le Pérou, audience de Quito, près des Andes, à 70 lieues de la mer du sud, & à 20 de Loxa. Les mines d’or des environs de cette ville sont très-riches, & travaillées par des negres. Un trésorier du roi d’Espagne réside à Zamora. Long. 24. 46. latit. meridionale 5. 8. (D. J.)​","[[""5 8' S 24 46' E""]]",,5 8' S 24 46' E,5 8' S 24 46' E
v17-1847-0,ZEITON,"ZEITON, (Géog. mod.)​ ville de la Turquie européenne, dans la Janna, au fond d’un golfe de même nom, proche la riviere d’Agriomela. Elle est bâtie sur des côteaux. Il y a un château qui n’est habité que par des mahométans ; mais dans la ville il y a des chrétiens & des turcs. Longitude 41. latitude 39. 12.


Le golfe de Zéiton, appellé anciennement Maliacus Sinus, est au midi du golfe de Volo, sur les confins de la Janna & de la Livadie. Il prend son nom de la ville, qui est placée dans le fond. (D. J.)​","[[""39 12' N 41 E""]]",,39 12' N 41 E,39 12' N 41 E
v17-188-0,VERSAILLES,"VERSAILLES, (Géog. mod.)​ ville de l’île de France, à quatre lieues au couchant de Paris. Ce n’étoit autrefois qu’un prieuré, dépendant de S. Magloire ; c’est à présent une ville assez considérable, où l’on arrive de Paris, de Sceaux & de Saint Cloud par trois longues avenues, & où la plûpart des seigneurs de la cour ont fait bâtir des hotels. Il y a dans cette ville deux paroisses, dont les peres de la mission sont curés. Long. 19. 50. 38. lat. 48. 48.16. Parlons du château.


En 1630, Louis XIII. acheta pour 20 mille écus la terre de Versailles, & y fit bâtir un petit château pour loger ses équipages de chasse. Ce n’étoit encore proprement qu’une maison de campagne, que Bassompierre appelle le chétif château de Versailles. Louis XIV. trouva la maison de campagne à son gré ; il fit de la terre une ville, & du petit château un celebre palais, un abîme de dépense, de magnificence, de grand & de mauvais goût ; préférant une situation des plus ingrates, basse, & couverte de brouillards, à celle qu’offre S. Cloud sur la Seine ou Charenton au confluent des deux rivieres.


Mais il eut encore été plus désirable, dit un historien moderne, que ce monarque eut préféré son Louvre & sa capitale à son nouveau palais, que le duc de Créqui nommoit plaisamment un favori sans mérite. Si la postérité admire avec reconnoissance ce qu’on a fait de grand pour le public, la critique se joint à l’étonnement quand on voit ce que Louis XIV. a fait de superbe, & de défectueux pour son habitation. La description de cette habitation remplit cinquante-six colonnes in-folio dans la Martiniere, & un volume in-12. dans Piganiol de la Force.


On ne peut que regretter les 8 millions de rente qui formerent en trois reprises, un emprunt de 160 millions perdus à la construction de Versailles, & qui pouvoient être si sagement employés à plusieurs ouvrages utiles & nécessaires au royaume. On connoît ce qu’un de nos poëtes lyriques a dit de cette entreprise de Louis XIV. lorsqu’on y travalloit encore :



Pour la troisieme fois du superbe Versailles
Il faisoit aggrandir le parc délicieux :
Un peuple malheureux de ses vastes murailles
Creusoit le contour spacieux.
Un seul contre un vieux chène appuyé sans mot dire,
Sembloit à ce travail ne prendre aucune part.
A quoi rêves-tu-là, dit le prince ? Hélas, sire,
Répond le champêtre vieillard :
Pardonnez, je songeois que de votre héritage
Vous avez beau vouloir élargir les confins :
Quand vous l’agrandiriez trente fois davantage,
Vous aurez toujours des voisins.


(Le chevalier de Jaucourt.)​","[['48 48\' 16"" N 19 50\' 38"" E']]",,"48 48' 16"" N 19 50' 38"" E","48 48.16' N 19 50' 38"" E"
v17-1999-1,Zolnock,"Zolnock, (Géog. mod.)​ ville de la haute Hongrie, capitale du comté de même nom, sur la droite de la Teisse, à son confluent avec la Zagiwa, à 20 lieues au levant de Bude, & à 24 au nord est de Colocza ; les Turcs s’en saisirent en 1554, mais les Impériaux la leur reprirent en 1685. Long. 37. 42. latit. 47. 12. (D. J.)​​","[[""47 12' N 37 42' E""]]",,47 12' N 37 42' E,47 12' N 37 42' E
v17-20-0,VENLO,"VENLO, (Géograph. mod.)​ ville des Pays-bas, dans le haut quartier de la province de Gueldre, sur la rive droite de la Meuse, à 4 lieues au-dessus de Ruremonde.


Venlo tire son nom des deux mots flamands ueen & loo, qui signifient terre marécageuse & basse. C’étoit un petit bourg que Rénaud, duc de Gueldre, entoura de murailles en 1343, & lui donna le titre de ville. Elle a été prise & reprise plusieurs fois dans toutes les guerres des Pays-bas. Enfin par le traité de Barriere, l’empereur l’a cédée aux Etats-généraux en toute propriété & souveraineté. On y compte trois à quatre mille habitans, qui sont presque tous catholiques, & qui jouissent de l’exercice public de leur religion ; ce sont pour la plûpart des petits marchands, bateliers, voituriers, & de semblables professions, partagés en petits corps de métiers.


Le commerce étoit autrefois très-florissant dans cette ville, mais il est extrémement déchu depuis le partage du haut-quartier de Gueldre, entre quatre différentes puissances. Ce partage a donné lieu à l’établissement de plusieurs péages sur la Meuse, dont le nombre, & les droits qu’on y fait payer, ont causé la ruine du trafic.


La monnoie regne à Venlo sur le pié de celle des pays voisins, comme Clèves, Juliers, & autres, & en Allemagne.


La police y a été réglée par la résolution de L. H. P. du 25 Mai 1726. L’état entretient à Venlo un receveur pour la perception du verponding. L’amirauté de Rotterdam y a aussi ses officiers ; & les Etats genéraux ont établi dans cette ville un conseil supérieur, pour juger les causes civiles qui seroient portées par revision, ou en premiere instance, tant de la ville que tout le district sous leur domination. Long. 23. 38. lat. 51. 22.


C’est à Venlo que Guillaume, duc de Clèves, demanda pardon à genoux à l’empereur Charles-Quint pour s’être révolté contre lui en 1543. C’est aussi dans cette même place qu’on fit le premier essai des bombes, expérience fatale, qui depuis a été si funeste à une infinité de belles villes. Il y a encore un autre événement digne de remarque par rapport à Venlo ; c’est que les Espagnols, dans le dessein de détruire le commerce que les Hollandois entretenoient avec l’Allemagne par le Rhein, entreprirent en 1627, de faire un canal pour détourner ce fleuve, & le joindre à la Meuse. Le canal commençoit au-dessous de Rheinberg, passoit à l’abbaye de Campen à Gueldre ; puis après avoir coupé la petite riviere du Niers, il devoit se rendre dans la Meuse à Venlo. Il auroit eu 18 lieues d’étendue ; & on l’avoit déjà appellé le nouveau Rhein, ou la Fosse eugénienne, du nom de l’infante Isabelle Eugénie, &c. On commença d’y travailler le 21 Septembre ; mais cet ouvrage fut abandonné la même année, ou parce que l’Espagne ne jugea pas à-propos de continuer la dépense, ou parce qu’elle prévit que ce canal n’auroit pas l’effet qu’elle attendoit.


Je connois deux savans célebres dont Venlo est la patrie, Goltzius & Puteanus.


Goltzius (Hubert), naquit dans cette ville en 1526, & mourut à Bruges, en 1583, à 57 ans. C’est un excellent antiquaire, qui voyagea dans toute l’Europe pour chercher les preuves de l’histoire par les médailles ; & par-tout son mérite lui ouvrit les cabinets des curieux. Il n’étoit pas seulement antiquaire, mais dessinateur, peintre & graveur. Comme il craignoit qu’on ne laissât glisser dans ses ouvrages des fautes qu’on eût pu lui imputer, il établit dans sa maison une imprimerie, dans laquelle il faisoit imprimer ses livres, les corrigeant lui-même avec beaucoup de soin. Il a publié sur les médailles deux livres précieux ; 1°. Siciliæ & magnæ Groeciæ Nunuismatæ. 2°.​ Thesaurus rei antiquariæ. On l’avoit soupçonné d’avoir imposé au public sur plusieurs médailles, mais M. Vaillant a pris sa défense, & lui a rendu la justice qu’il méritoit, après un examen des plus approfondis.


Outre les deux ouvrages dont nous venons de parler, on a encore de Goltzius d’autres bons livres sur l’histoire romaine, & en particulier, 1°. vita & res gestæ Augusti, Antuerpioe, 1644, avec des commentaires de Nonnius. 2°. Imperatorum imagines à C. Julio Cæsare ad Carolum Quintum, ex veteribus numismatibus.  3°. Fasti magistratuum & triumphorum Romanorum, ab urbe condita usque ad Augusti obitum.


Puteanus (Erycius), naquit à Venlo en 1574, passa en Italie l’an 1597, & fut nommé professeur en l’éloquence de Milan, l’an 1601. La ville de Rome l’agrégea en 1603, au nombre de ses citoyens & de ses patriciens. Il se rendit à Louvain l’an 1606, pour y succéder à la chaire que Juste-Lipse avoit occupée avec tant de gloire. Il s’acquit beaucoup de considération dans les Pays-bas, & y posséda le titre d’historiographe du roi d’Espagne, & celui de conseiller de l’archiduc Albert. Il mourut l’an 1646, âgé de 72 ans.


C’étoit un homme d’érudition, & qui entretenoit un prodigieux commerce de lettres. Elles ont été recueillies avec ses autres œuvres, & imprimées à Louvain en 1662, en V. tomes in-8°. Son statera belli & pacis, fit beaucoup de bruit & pensa le ruiner. L’auteur conseilloit la paix, & faisoit voir que la continuation de la guerre nuiroit infiniment aux Espagnols.


Il s’expliqua nettement sut les avantages que les ennemis avoient déjà remportés, & sur les victoires qu’ils pouvoient attendre. C’étoit un livre d’un tout autre tour que celui de ceux qui, pour animer leur nation à continuer la guerre, lui étalent mille descriptions artificieuses de ses forces, & de la foiblesse de l’ennemi.


L’événement justifia que Puteanus ne se trompoit pas ; car si l’Espagne avoit conclu la paix avec les Provinces unies l’an 1633, elle se seroit épargnée bien des dépenses, des malheurs & des pertes. Je conviendrois cependant que l’historiographe du prince, ne médita pas assez dans cette occasion sur les belles paroles de Salluste, qu’il mit au commencement de son livre, & qui lui montroit sagement les raisons pour lesquelles il est dangereux de donner conseil aux rois. Scio ego, dit l’historien romain, quàm difficile atque asperum factu sit, consilium dare regi, aut imperatori ; postremò cuiquam mortali, cujus opes in excelso sunt : quippe cùm & illis consultorum copiæ adsint ; neqùe de futuro quisquam satis callidus, satisque prudens sit. (Le chevalier de Jaucourt.)​","[[""51 22' N 23 38' E""]]",,51 22' N 23 38' E,51 22' N 23 38' E
v17-2034-0,ZUICKAU,"ZUICKAU, (Géog. mod.)​ ville d’Allemagne, dans le margraviat de Misnie, au cercle de Voigtland, sur la Mulde. Elle est bien bâtie, & a, dans les montagnes de son voisinage, des mines d’argent, autrefois abondantes, & maintenant épuisées. Long. 30. 28. latit. 50. 22.


Langius (Rodolphe), gentilhomme de Westphalie & prevôt de l’église cathédrale de Munster, naquit à Zuickau, & mourut en 1519, à 81 ans. Il se distingua par sa science & par son zele pour la renaissance des lettres en Allemagne, & il en fut en​ effet le principal restaurateur. Il porta son oncle doyen de Munster à y fonder une école, dont la direction fut donnée à des gens habiles, & Langius leur ouvrit sa belle bibliotheque.


Les lettres ayant commencé à fleurir à Zuickau, Haguenbot, né dans cette ville, traduisit du grec en latin les œuvres d’Hippocrate, Ætius, Æginete, & une bonne partie de Galien. Il employa plus de vingt ans à ce travail, & mourut en 1558, âgé de 58 ans. Le précepteur d’Haguenbot avant cru que ce nom qui signifie en allemand le fruit de l’églantier, designoit le fruit du cornouiller, en latin cornum, le nomma Cornarius, & c’est sous ce nom qu’il est connu par ses ouvrages.


Il y a quelques autres gens de lettres nés à Zuickau, & dont les bibliographes allemands font mention ; savoir, Daumius (Christian), Feller (Joachim), Haloander (Gregoire), Muncer (Thomas), Schmider (Sigismond), Stork (Nicolas), &c. mais aucun d’eux n’a porté son nom au-delà du cercle de Voigtland. (D. J.)​","[[""50 22' N 30 28' E""]]",,50 22' N 30 28' E,50 22' N 30 28' E
v17-2038-0,ZULPICH ou ZULCH,"ZULPICH ou ZULCH, (Géog. mod.)​ ville d’Allemagne, enclavée dans le duché de Juliers, & dépendante de l’électorat de Cologne, sur la riviere de Nassel, à 4 lieues au midi de Juliers, & à égale distance au couchant de Bonn. On croit que c’est l’ancien Tolbiacum, connu par la bataille que Clovis y gagna l’an 496. Long. 24. 21. latit. 50. 30. (D. J.)​","[[""50 30' N 24 21' E""]]",,50 30' N 24 21' E,50 30' N 24 21' E
v17-2057-0,"ZWOL, & par quelques-uns Swol","ZWOL, & par quelques-uns Swol, (Géog. mod.)​ ville des Pays-Bas, dans la province d’Over-Yssel, au pays de Zallant ; elle est bâtie sur une éminence, près de la riviere d’Aa, qui en arrose les fossés, à une lieue de Deventer & à deux de Campen. C’est une place assez grande & fortifiée très-régulierement dans une situation avantageuse, parce que c’est le passage ordinaire de la Hollande, vers les frontieres de Frise, de Groningue & d’Over-Yssel. Zwol étoit autrefois libre & impériale, & elle se joignit avec Deventer & Campen, à la ligue des autres villes anséatiques. Willebrand de Oldenbourg, évêque d’Utrecht, la fit fermer de murailles l’an 1233. Elle tomba sous la puissance des Etats Généraux l’an 1580 ; & cette même année l’exercice de la religion catholique romaine y fut supprimé. Sa magistrature consiste en huit échevins & autant de conseillers qu’on change tous les ans par élection de douze personnes, qu’on choisit dans le conseil de la ville qui est composé de quarante huit des principaux bourgeois. Long. 23. 42. latit. 52. 31.


Lorsque la réformation s’établit à Zwol, il y avoit plusieurs maisons de religieux & de religieuses, & entr’autres deux maisons de chanoines, dont l’une eut pour prieur le frere de Thomas à-Kempis.


Mais quelque tems après, Torrentinus (Hermannus), né dans cette ville, devint le restaurateur des Belles-Lettres dans les Pays-Bas, à l’imitation de Rodolphe Agricola son précepteur, qui avoit tant contribué à les rétablir en Allemagne. Torrentinus se distingua par divers ouvrages, & principalement par son Elucidarius carminum & historiarum, qui tout petit & tout succint qu’il est, se trouve néanmoins le véritable original de ces vastes & immenses compilations, dont la trop grande & trop peu judicieuse étendue nous fatigue plus aujourd’hui qu’elle ne nous soulage. Je parle de ces grands dictionnaires historiques, dont le plan plus judicieusement rempli nous seroit d’une extrême utilité.


Il y a eu quantité d’éditions du petit ouvrage de Torrentinus en différens tems, en différens lieux, en différentes formes, & toujours augmentées par les éditeurs. La premiere est à Haguenaw en 1510. Robert Etienne en donna une nouvelle beaucoup meilleure & beaucoup plus ample en 1541 in-8°. Charles Etienne publia le même ouvrage en 1553, in-4°. Morel le fit réimprimer sous le titre de Dictionarium historicum, geographicum, poeticum, autore Carolo Stephano, Paris, 1567.


Ce dictionnaire prit une faveur si singuliere, qu’il s’en fit consécutivement plus de trente éditions, auxquelles succéda celle de Nicolas Lloyd donnée à Londres en 1670 in-fol. Ensuite Hofmann mit au jour son Lexicon universale, Basileæ, 1677, en deux vol. & en 1683 en trois vol. in-fol. En France parut le Dictionnaire historique de Louis Morery, dont la premiere édition est de Lyon 1673, en un volume in-4°. La vingtieme édition, faite avec beaucoup de négligence, ainsi que toutes les autres, a été publiée en Hollande en 1740, en huit vol. in-fol. Le plus court seroit de refondre l’ouvrage en entier, le réduire à moitié, & en élaguer tous les articles de géographie & de généalogie. (D. J.)​​","[[""52 31' N 23 42' E""]]",,52 31' N 23 42' E,52 31' N 23 42' E
v17-238-0,VERVIERS,"VERVIERS, (Géog. mod.)​ petite ville d’Allemagne, dans l’évêché de Liege, aux confins du duché de Limbourg, sur la riviere de Wese, environ à six lieues de Liege, vers le levant. Long. 23. 50. latit. 47. 40. (D. J.)​","[[""47 40' N 23 50' E""]]",,47 40' N 23 50' E,47 40' N 23 50' E
v17-308-0,VEZELAY,"VEZELAY, (Géog. mod.)​ en latin du bas-âge Verziliacum, Vizeliacum, Viceliacum, &c. petite ville de France, dans le Morvan, sur la croupe d’une montagne, aux confins du Nivernois & de l’Auxerrois, & près de la riviere de Cure. Elle est à 4 lieues au couchant d’Avalon, à 5 au nord de Corbigny, & à 10 au sud-est d’Auxerre, dans le diocèse d’Autun.


Vezelay doit ses commencemens à une abbaye fondée au ix. siecle sous Charles le Chauve, & sécularisée en 1538 sous le regne de François I. L’abbé est seigneur de la ville, & la justice ordinaire s’y rend en son nom. Il y a dans cette place bailliage, élection, grenier à sel, maréchaussée, & les cordeliers y ont un couvent. Long. 21. 25. latit. 47. 29.


« C’est à Vezelay que fut dressé un échaffaut dans la place publique l’an 1146 pour y prêcher la seconde croisade. Saint Bernard, fondateur de Clervaux, fut l’organe de ce nouveau dépeuplement. Il parut dans cette place publique de Vezelay à côté de Louis le Jeune, roi de France. Il parla d’abord, & le roi parla ensuite. Tout ce qui étoit présent prit la croix. Louis la prit le premier des mains du fondateur de Clervaux, qui étoit alors l’oracle de la France & de l’Europe ».


C’est encore à Vezelay qu’est né en 1519, d’une très-bonne famille de pere & de mere, le célebre Théodore de Beze. Il étudia à Orléans sous Wolmar, qui lui inspira ses sentimens de religion. Il vint l’an 1539 à Paris, où l’attendoit une riche succession qui combattit pendant quelque tems le projet qu’il avoit formé de se retirer dans les pays étrangers. Les plaisirs de Paris & les honneurs qu’on lui présentoit n’étoufferent point cette résolution. Il se rendit à Lausanne où il professa le grec, & donna des leçons sur le nouveau Testament pendant neuf ou dix ans. Il s’établit à Geneve l’an 1559, & devint collegue de Calvin dans l’église & dans l’académie.


On sait qu’il assista au colloque de Poissy, & Catherine de Médicis voulut qu’après la clôture de ce colloque, Beze étant françois, restât dans sa patrie. Il prêcha souvent chez la reine de Navarre & chez le prince de Condé. Il se trouva même comme ministre à la bataille de Dreux. Il fit ensuite sa cour à l’amiral de Coligni, & ne retourna à Genève qu’après la paix de 1563. Il assista au synode de la Rochelle en 1571. Le prince de Condé le fit venir auprès de lui à Strasbourg l’an 1574, pour négocier avec le prince Casimir, ce qui montre que Beze savoit faire autre chose que des leçons & des livres.


Les incommodités de la vieillesse commencerent à l’attaquer l’an 1597 ; cependant cette même année il fit des vers pleins de feu contre les jésuites qui avoient répandu le bruit de sa mort dans la religion romaine ; mais ses derniers vers furent une votiva gratulatio à Henri IV. après l’accueil qu’il en reçut auprès de Genève au mois de Décembre 1600. Il ne mourut qu’en 1605, âgé de 86 ans.


C’étoit un homme d’un mérite extraordinaire, & qui rendit de très-grands services à son parti. Sixte V. tint deux conférences, pour délibérer des moyens d’ôter aux protestans l’appui & le soutien qu’ils avoient en la personne de Beze. Il est glorieux pour ce ministre de le représenter comme un homme qui troubloit le repos du pape.


Ses poésies intitulées juvenilia, quoiqu’imprimées à Paris l’an 1548, avec privilege du parlement, don-​nerent lieu à de grandes calomnies contre l’auteur. Elles consistent en silves, en élégies, en épitaphes, en tableaux (icones) & en épigrammes. On ne peut nier que ces poésies ne contiennent des vers trop libres, & peu conformes à la chasteté des muses chrétiennes ; mais c’est un écart de la jeunesse de Beze, dont il demanda pardon à Dieu & au public. Il travailla à les supprimer autant que ses ennemis travaillerent à les faire vivre ; & quand il consentit, à l’âge de 78 ans, que l’on en fît une nouvelle édition, ce fut pour empêcher qu’on n’y insérât les vers qui pouvoient causer le moindre scandale. S’il avoit eû la sagesse de retracter également son traité de hæreticis a magistratu puniendis, il eût servi utilement à la cause générale, en annoblissant son caractere de ministre de l’évangile. (Le chev. de Jaucourt.)​.","[[""47 29' N 21 25' E""]]",,47 29' N 21 25' E,47 29' N 21 25' E
v17-312-0,UGENTO,"UGENTO, (Géogr. mod.)​ ville d’Italie, qu’on peut mieux appeller village, au royaume de Naples, dans la terre d’Otrante, à 10 milles au sud-est de Gallipoli, & à 12 au sud-ouest de Castro, avec un évêché suffragant d’Otrante. Long. 35. 52. latit. 40. 10. (D. J.)​","[[""40 10' N 35 52' E""]]",,40 10' N 35 52' E,40 10' N 35 52' E
v17-328-0,VIANDEN,"VIANDEN, (Géog. mod.)​ en latin barbare Vianda, en allemand Wyenthal ; ville des Pays-bas, dans le duché de Luxembourg, capitale du comté du même nom, sur la riviere d’Our ou d’Uren qui la partage en deux, à 10 lieuës au nord du Luxembourg. Ses habitans font commerce de draps & de tannerie. Long. 23. 47. latit. 49. 56.","[[""49 56' N 23 47' E""]]",,49 56' N 23 47' E,49 56' N 23 47' E
v17-332-0,VIANEN,"VIANEN, (Géog. mod.)​ & par les François Viane ; ville des Pays-bas dans la Hollande, sur le Leck, aux confins de la seigneurie d’Utrecht, à 2 lieues d’Utrecht, presque au-milieu entre Nimegue & Rotterdam.


Cette ville a été détachée du comté de Culembourg sur la fin du treizieme siecle, & fut bâtie en 1290 par un seigneur de Culembourg ; ensuite elle appartint à Henri de Brederode, un des chefs de la révolution qui fit perdre la Hollande à Philippe II. Les comtes de la Lippe jouissoient dans le dernier siecle de la seigneurie de Vianen, qu’ils vendirent aux états de Hollande.


Il y a à Viane un grand-bailli qui en exerce la​ jurisdiction au nom du souverain. Cette ville sert d’azile aux marchands dont les affaires ont mal réussi, & c’est un azile assuré avec la sauve-garde du souverain. Le château de Vianen est un très-beau bâtiment, & dans la plus belle situation de château qu’il y ait en Hollande. Long. 22. 34. latit. 52. 3.","[[""52 3' N 22 34' E""]]",,52 3' N 22 34' E,52 3' N 22 34' E
v17-342-3,Vic-le-comte,"Vic-le-comte, (Géog. mod.)​ petite ville de France, dans la basse-Auvergne, au nord de Clermont, & près d’Issoire.


Le nom de Vic-le-comte, Vicus comitis, en latin barbare, a été donné à cette petite ville, parce que les derniers comtes d’Auvergne y eurent leur residence, après avoir été réduits dans des bornes fort étroites par la confiscation que Philippe Auguste fit des biens du comte Gui, dont le fils Guillaume n’obtint qu’une fort petite portion. Louis XIV. céda Vic-le-comte avec la baronnie de la Tour, aux ducs de Bouillon pour une partie de la récompense de la principauté de Sedan. Long. 20. 55. latit. 45. 32.


Vic-le-comte est connu des médecins françois par les fontaines minérales, qui sont à demi-lieue de cette ville, sur le bord de l’Allier. La plus fréquentée de ces fontaines s’appelle la fontaine du Cornée ; l’eau en est un peu tiede, limpide, presque sans odeur, d’un aigre pâteux, & un peu vineux ; elle fait avec la noix de galle une teinture de rouge sort brun, & un rouge un peu violet avec la teinture de tournesol. La fontaine dite de la roche est froide, plus forte que celle du Cornet, & casse les bouteilles dans le transport ; elle a encore le desavantage d’être souvent inondée par les eaux de la riviere. Les eaux de la fontaine de Sainte-Marguerite sont froides, & plus agréables à boire que celles du Cornet. La quatrieme fontaine est une source chaude qui sort sous un gravier par petits bouillons. Toutes ces quatre sources n’ont point encore été examinées ni analysées avec un peu de soin. (D. J.)​","[[""45 32' N 20 55' E""]]",,45 32' N 20 55' E,45 32' N 20 55' E
v17-347-0,VICENCE,"VICENCE, (Géog. mod.)​ en italien Vicenza, en latin Vicetia, Vicentia, Vicenta, Vicentia civitas ; ville d’Italie dans l’état de Venise, capitale du Vicentin, sur le Bacciglione. Elle est située dans un terroir des plus fertiles, à 18 milles au nord-ouest de Padoue, à 30 au nord-est de Vérone, à 40 à l’est de Bresse, & à égale distance de Feltri.


Cette ville a 4 milles de circuit. On y compte 57 églises, dont 14 sont paroissiales, 17 desservies par des religieux, & 12 qui appartiennent à des monasteres de filles. Elle est arrosée des rivieres Bacciglione & Rorone, outre quelques ruisseaux qui apportent de grandes commodités aux habitans, pour faire tourner des moulins à papier, apprêter la soie, exprimer l’huile d’olive, & pour conduire les bateaux en différens endroits de la ville qui a doubles murailles.


Les plus remarquables des sept places de Vicence, sont celles des environs du palais public & du dôme. La maison-de-ville est un bel édifice par la hardiesse de l’architecture. La tour de son horloge est surprenante par sa hauteur. Les lieux de plaisance des environs de cette ville sont agréables par leur situation entre de petits vallons, où tout croît en abondance, & sur-tout la vigne qui porte le vin le plus estimé de tout l’état. Le couvent du mont Béric a une église qui dans sa petitesse passe pour une des plus riches d’Italie. Long. de Vicence 29. 10. lat. 45. 30.


Cette ville est une des plus anciennes de l’Europe, car il y avoit plus de 200 ans qu’elle avoit été bâtie quand les gaulois sénonois l’aggrandirent. Les Romains lui donnerent le droit de bourgeoisie romaine, de cité & de république, & elle s’est vue sous la pro-​tection de Brutus & de Cicéron. Elle perdit beaucoup de son lustre dans la décadence de l’empire, & elle a souffert depuis un grand nombre de révolutions. Les Lombards s’en rendirent les maîtres, & ensuite elle eut pendant quelque tems ses ducs & ses comtes. L’empereur Barberousse la réduisit à l’esclavage ; mais elle eut le bonheur de secouer le joug, de se joindre à Milan, & de conclure la ligue fameuse des villes de Lombardie. Fréderic II. désola cette ville, qui se vit obligée de se jetter entre les bras des Vénitiens. Maximilien la leur enleva en 1509, & 7 ans après elle fut rendue à la république qui l’a toujours possédée depuis.


Cette ville a produit trois hommes célebres, chacun dans leur genre ; Pacius, Palladino & Trissino.


Pacius (Jules), chevalier de S. Marc, philosophe & jurisconsulte, naquit à Vicence en 1550, & goûta de bonne heure les opinions des Protestans, en lisant leurs ouvrages par curiosité. On lui fit un crime de cette lecture, & on le menaça de la prison ; il en prit l’épouvante, se rendit en Allemagne, & delà en Hongrie, où il enseigna le droit pour subsister. Pacius vint ensuite en France, & il y professa à Sédan, à Nismes, à Montpellier (où il eut pour disciple M. de Peiresc), à Aix, & à Valence. On lui offrit des chaires de droit à Leyde, à Pise & à Padoue. Il préféra cette derniere ville, mais par l’inconstance de son humeur il revint à Valence, où il mourut en 1635, à 85 ans. Le P. Nicéron a fait son article dans les Mém. des homm. illust. tom. XXXIX. pag. 272. Pacius a publié divers ouvrages de droit qui sont estimés. Ses traductions de quelques œuvres d’Aristote, ne le sont pas moins. On met au nombre de ses principaux ouvrages : 1°. Methodicorum ad Justinianeum codicem libri tres, & de contractibus libri sex. Lyon 1606 in-fol. 2°. Synopsis, seu œconomia juris utriusque.  Lyon 1616 in-fol. & Strasbourg 1620 in-fol. 3°. Corpus juris civilis. Genève 1580 in-fol. 4°. De dominio maris Adriatici. Lyon 1619 in-8°.


Palladio (André), natif de Vicence, célebre & savant architecte du xv. siecle, étudia les monumens antiques de Rome, & déterra par son génie, les véritables regles d’un art qui avoient été corrompues par la barbarie des Goths. Il nous a laissé un excellent traité d’architecture, divisé en 4 livres, qu’il mit au jour en 1570. Rolland Friart l’a traduit en françois. Palladio embellit Venise & Vicence de plusieurs beaux édifices, & mourut l’an 1580. Il avoit eu pour maître le Trissino dont nous allons parler, & qui réunissoit plus d’un talent.


Trissino (Jean-Georges), naquit à Vicence d’une famille noble & ancienne, l’an 1478. Il cultiva les belles-lettres, la poésie, les mathématiques, & l’architecture, dont il apprit les élemens à Palladio, qui devint dans la suite un si grand maître en ce genre.


Trissino dans son séjour à Rome, composa sa tragédie de Sophonisbe, que Leon X. fit représenter avec beaucoup de pompe, d’autant que c’étoit la premiere tragédie en langue italienne. Elle fut imprimée en 1524 in-4°. Son poëme épique, sous le titre de La Italia liberata da gotti, parut en 1547. J’ai parlé de cet ouvrage au mot Poëme épique.


Le Trissin avoit d’autres talens que celui de poëte ; il étoit propre à traiter de grandes affaires, & il se conduisit avec beaucoup d’adresse & de bonheur dans les négociations que lui confierent Leon X. Clément VII. Maximilien & Charles-Quint ; mais lorsqu’il revint à Vicence, il trouva sa famille remplie de troubles & de divisions. Un fils qu’il avoit eu de son premier mariage, s’étoit emparé du bien de sa mere, & de la maison de son pere, par une sentence des procurateurs de S. Marc. Trissino vivement affligé de l’ingratitude de ce fils, & de l’injustice de la république, se bannit de son pays, & fit à son départ les vers touchans que voici.​
Quæramus terras alio sub cardine mundi, 
Quando mihi eripitur fraude paterna domus ; 
Et fovet hanc fraudem l’enetûm sententia dura, 
Quæ nati in patrem comprobat insidias ; 
Quæ natum voluit confectum ætate parentem, 
Atque ægrum antiquis pellere limitibus. 
Chara domus valeas, dulcesque valete penates ; 
Nam miser ignotos cogor adire lares.


Il ne survécut pas long-tems à ses chagrins, étant mort à Rome l’année suivante 1550, âgé de 72 ans. L’édition de toutes les œuvres du Trissin, a été donnée par le marquis Maffei, à Vérone en 1729, en 2 vol. in-fol. (Le Chevalier de Jaucourt.)​","[[""45 30' N 29 10' E""]]",,45 30' N 29 10' E,45 30' N 29 10' E
v17-380-0,VIDIN,"VIDIN, (Géog. mod.)​ ville de la Turquie européenne, dans la Bulgarie, sur la droite du Danube, à 65 lieues au sud-est de Belgrade, avec un archevêché du rit grec. Les Turcs sont les maîtres de cette ville depuis 1689, qu’ils la reprirent sur les Impériaux. Long. 42. 4. latit. 44. 8. (D. J.)​","[[""44 8' N 42 4' E""]]",,44 8' N 42 4' E,44 8' N 42 4' E
v17-398-2,Vienne,"Vienne, (Géog. mod.)​ ville de France, dans le Dauphiné, sur le bord oriental du Rhône, à 5 lieues au midi & au dessous de Lyon, à 15 au nord-ouest de Grenoble, & à 108 au sud-est de Paris.


Cette ville est dans une vilaine situation, resserrée par des montagnes qui semblent la vouloir noyer dans le Rhône ; d’ailleurs il faut toujours monter ou descendre ; les rues sont étroites, mal percées, & les maisons mal bâties. La métropole est un ouvrage gothique. L’archevêché de Vienne est fort ancien ; car du tems d’Eusebe, Lyon & Vienne étoient les deux plus illustres métropoles des Gaules.


L’archevêque de cette ville prend conséquemment le titre de primat des Gaules, & a pour suffragans les évêques de Valence, de Die, de Grenoble, de Viviers, &c. Son revenu est d’environ vingt-quatre mille livres. Le chapitre est composé de vingt chanoines, au nombre desquels les dauphins se faisoient autrefois aggréger.


Outre le chapitre de l’église métropolitaine, il y en a trois autres à Vienne ; celui de S. Pierre est composé d’un abbé & de vingt-quatre chanoines, qui sont obligés de faire preuve de noblesse de trois quartiers. Vienne ne manque pas d’autres églises ni de couvens. Les peres de l’oratoire ont le séminaire.


Le quinzieme concile général s’est tenu dans cette ville l’an 1311, par ordre de Clément V. pour la suppression de l’ordre des Templiers. Philippe le bel qui poursuivoit cette suppression, se rendit à Vienne accompagné de son frere & de ses trois fils, dont l’ainé étoit roi de Navarre.


Le commerce de cette ville est peu de chose ; il consiste en vins & soies. Des ouvriers allemands y​avoient établi une fabrique de fer-blanc qui méritoit beaucoup d’attention & de protection ; mais on l’a négligée, & elle ne subsiste plus. Long. 22. 30. latit. 45. 33.


Vienne déja célebre du tems de Jules César, connue de Strabon, de Pomponius Méla, de Ptolomée, de Velleius Paterculus, de Pline & de presque tous les historiens, n’est plus rien aujourd’hui. On prétend que Tibere y envoya une colonie nombreuse, que l’empereur Claude y établit une espece de sénat, qui étoit apparemment le prétoire du vicaire des Gaules, d’où elle prit le nom de sénatorienne que lui donnent quelques auteurs. On sait aussi que sous Dioclétien elle devint la métropole de cette partie des Gaules, qui de son nom fut appellée Gaule viennoise. Enfin les Romains l’avoient extrèmement embellie. Mais soit par les guerres, soit par le zele destructeur des premiers chrétiens, il n’y a point de ville dont les hommes aient moins respecté les monumens, & dans laquelle le bouleversement paroisse plus complet. On ne fouille guere la terre sans découvrir des richesses affligeantes par le peu d’instructions qu’on en retire, & Chorier lui-même en convient.


Le monument que l’on voit dans la plaine en sortant de la ville de Vienne pour aller en Provence, est le seul qui se soit en partie conservé ; il mérite l’attention des curieux par sa forme & par sa bâtisse. C’est une pyramide située entre le Rhône & le grand chemin ; l’architecture n’en est point correcte, mais la construction en est singuliere. Cette pyramide est élevée sur un massif construit solidement en grandes pierres dures de la qualité de celles qu’on tire aujourd’hui des carrieres du Bugey, sur les bords du Rhône. Cette fondation supporte un corps d’architecture quarrée, dont chaque angle est orné d’une colonne engagée, & chaque face est percée d’une arcade. Les murs couronnés d’un entablement peu correct, supportent la pyramide, dont la hauteur est d’environ quarante-deux piés ; mais on ne sait point en l’honneur de qui ce monument a été érigé.


Rufinus (Trebonius) qui florissoit sous l’empire de Trajan, naquit à Vienne, où il exerça le duumvirat. Pline le jeune en parle comme d’un homme très-distingué. Il abolit dans sa patrie les jeux où les athlètes s’exerçoient tous nuds à la lutte. On lui en fit un crime, & l’affaire fut portée à Rome devant l’empereur ; mais Rufin plaida sa cause avec autant de succés que d’éloquence.


Je connois entre les modernes nés à Vienne, Nicolas Chorier, avocat, mort l’an 1692, à 83 ans. On estime l’histoire générale du Dauphiné qu’il a publiée en deux volumes in-fol. Mais il n’a respecté ni le public ni lui-même, en composant & en publiant le livre infame, de arcanis amoris & Veneris, dont le prétendu original espagnol passe sous le nom d’Aloisia Sigaea. La vie de Chorier n’a que trop répondu aux maximes qu’il a débitées dans cet ouvrage également obscène & odieux.


Gentillet (Innocent) né dans la même ville au xvj. siecle, fit du bruit par l’ouvrage qu’il intitula le bureau du concile de Trente, auquel est montré qu’en plusieurs points icelui concile est contraire aux anciens conciles & canons, & à l’autorité du roi. Cet ouvrage parut l’an 1586 in-8°, & a été reimprimé plusieurs fois depuis.


La Faye (Jean-Elie Leriget de) naquit à Vienne l’an 1671, entra au service, & mourut capitaine aux gardes l’an 1718, âgé de 47 ans. Il s’étoit attaché à l’étude de la méchanique, & fut reçu à l’académie royale des Sciences en 1716. L’année suivante il lui donna deux mémoires imprimés dans le volume de 1717, & qui roulent sur la formation des pierres de Florence, tableaux naturels de plantes, de buissons,​ quelquefois de clochers & de châteaux.


On peut regarder Hugues de Saint-Cher, dominiquain du xiij. siecle, comme né à Vienne ; car l’église collégiale qui lui est dédiée, est aux portes de cette ville, lieu de sa naissance. Il devint provincial de son ordre, fut nommé cardinal par Innocent IV. & mourut en 1263. Son principal ouvrage est une concordance de la bible, qui est la premiere que l’on ait ; & quoiqu’elle soit fort médiocre, on a cependant l’obligation à l’auteur d’avoir le premier imaginé le plan d’un ouvrage qu’on a perfectionné, & dont les théologiens ne peuvent se passer. (D. J.)​","[[""45 33' N 22 30' E""]]",,45 33' N 22 30' E,45 33' N 22 30' E
v17-447-0,"VILLALPANDA, ou VILLALPANDO","VILLALPANDA, (Géog. mod.)​ ou VILLALPANDO, ville d’Espagne au royaume de Léon, à 4 lieues au nord de Toro, entre Zamora & Benavente, dans une plaine agréable & fertile. Il y a dans cette ville un vieux palais des connétables de Castille. Long. 12. 9. lat. 41. 34. (D. J.)​","[[""41 34' N 12 9' E""]]",,41 34' N 12 9' E,41 34' N 12 9' E
v17-449-38,Ville-Franche,"Ville-Franche, (Géog. mod.)​ petite ville de France, dans le Roussillon, capitale du Conflant, au pié des Pyrénées, sur la Tet, à 9 lieues au sud-ouest de Perpignan, à 10 au nord-est de Puycerda, & à 180 de Paris. Elle fut fondée en 1092 par Guillaume Raymond, comte de Cerdaigne. Sa position est entre deux montagnes très-hautes, & si voisines l’une de l’autre, qu’il n’y a entre-deux qu’un chemin pour le passage d’une charrette. La Tet y coule comme un torrent. Cette place a été cédée à la France avec tout le Roussillon en 1659, par la paix des Pyrénées. Louis XIV. y a fait élever un château où l’on tient un commandant & un état major. Long. 20. latit. 42. 23. (D. J.)​","[[""42 23' N 20 E""]]",,42 23' N 20 E,42 23' N 20 E
v17-449-39,Ville-Franche,"Ville-Franche, (Géog. mod.)​ petite ville de France, dans le Rouergue, capitale de la basse-Marche, sur l’Avéiron, à 8 lieues au couchant de Rodès, à 12 au sud-est de Cahors. Elle a été bâtie au xij. siecle, à-peu près dans le même tems que Montauban ; c’est aujourd’hui la deuxieme ville du Rouergue, le chef-lieu d’une élection, & elle contient environ cinq mille habitans ; elle a un college dirigé par les pp. de la doctrine chrétienne, un chapitre, une chartreuse & quelques couvens. Son commerce consiste en toiles de chanvre qu’on débite à Toulouse & à Narbonne. Long. 19. 47. latit. 44. 22. (D. J.)​","[[""44 22' N 19 47' E""]]",,44 22' N 19 47' E,44 22' N 19 47' E
v17-55-1,Vera,"Vera, (Géog. mod.)​ ville d’Espagne, au royaume de Grenade, proche la riviere de Guadalmaçar, sur les confins du royaume de Murcie. Quelques-uns la prennent pour la Virgi des anciens. Long. 16. 20. latit. 36. 40. (D. J.)​","[[""36 40' N 16 20' E""]]",,36 40' N 16 20' E,36 40' N 16 20' E
v17-57-0,VERA-CRUZ ou VERA-CRUX,"VERA-CRUZ ou VERA-CRUX, (Géog. mod.)​ ville de l’Amérique septentrionale, dans la nouvelle Espagne, sur le golfe du Mexique. Elle est petite, pauvre & habitée par peu d’espagnols, qui pour la plûpart sont mariniers ou facteurs. Toutes les flottes qui arrivent d’Europe dans la nouvelle Espagne, mouillent dans ce port ; & dès que les flottes sont parties, tous les blancs se retirent dans les terres à cause du mauvais air qu’on respire dans cette ville.​Elle éprouva en 1742 un tremblement de terre qui abattit une partie des murs. Long. 278. 45. latit. 19. 10. (D. J.)​","[[""19 10' N 278 45' E""]]",,19 10' N 278 45' E,19 10' N 278 45' O
v17-632-0,VITTEAUX,"VITTEAUX, (Géog. mod.)​ petite ville de France, dans la Bourgogne, recette de Sémur, avec un grenier à sel & une mairie. Il y a dans cette ville un hôpital, un couvent de minimes & des ursulines. Elle députe aux états de Bourgogne ; sa situation est sur la Braine & sur un torrent entre des montagnes où l’on trouve du marbre, à 11 lieues ouest de Dijon, 5 sud-est de Sémur. Long. 22. 2. latit. 47. 22.


Languet (Hubert) naquit à Vitteaux en 1518, & se rendit illustre par son habileté dans les lettres, par sa capacité dans les affaires, & par sa grande probité. Ayant lu à Boulogne un livre de Mélanchton, (ce sont les lieux communs de ce théologien), il conçut une telle estime pour l’auteur, qu’il se rendit à Wittemberg en 1549 ; & après l’avoir connu, il embrassa la religion protestante. Il devint en 1565 l’un des premiers conseillers d’Auguste, électeur de Saxe. Ce prince le chargea de négociations importantes, & Languet s’en acquitta très-bien. Il est auteur de la harangue pleine de force, qui fut faite à Charles IX. le 23 de Décembre 1570, au nom de plusieurs princes d’Allemagne.


Il étoit auprès de Guillaume, prince d’Orange, & admis dans le secret de ses affaires, lorsqu’il mourut à Anvers l’an 1581, à 63 ans, sans avoir été marié. On a de lui un gros recueil de lettres en latin, écrites à Auguste électeur de Saxe, aux Camerarius pere & fils, & à son héros Philippe Sidney, vice-roi d’Irlande. On lui attribue encore le fameux livre qui a pour titre Vindiciæ contra tyrannos ; sur quoi le lecteur peut voir la dissertation de Bayle, qui est à la fin de son dictionnaire.


Philibert de la Mare a écrit en latin la vie de cet homme illustre. M. de Thou, qui l’avoit connu aux eaux de Bade, en fait un grand éloge dans son histoire, lib. LXXIV. ad an. 1581 ; & du Plessis Mornay dit de lui : Is fuit (Languetus) quales multi videri volunt ; is vixit qualiter optimi mori cupiunt. (D. J.)​","[[""47 22' N 22 2' E""]]",,47 22' N 22 2' E,47 22' N 22 2' E
v17-669-0,VLAERDINGEN,"VLAERDINGEN, (Géog. mod.)​ bourgade des Pays-bas, dans la Hollande méridionale, proche de la Meuse, à deux lieues au-dessous de Rotterdam, au voisinage de Schiedam. C’étoit autrefois une bonne ville, & même souvent la résidence des comtes de Hollande ; mais les débordemens de la Meuse & les guerres l’ont réduite en bourgade. Long. 21. 57. latit. 51. 54. (D. J.)​","[[""51 54' N 21 57' E""]]",,51 54' N 21 57' E,51 54' N 21 57' E
v17-797-0,VOERDEN,"VOERDEN, (Géog. mod.)​ ou Wœrden ; ville des Pays-bas, dans la Hollande, sur le Rhein qui la traverse, à 3 lieues d’Utrecht, & à 6 de Leyde. Les Etats-généraux qui en sont les maîtres depuis l’an 1521, l’ont extrèmement fortifiée. Long. 22. 23. lat. 52. 8.


Bakker (Jean), appellé en latin Joannes Pistorius ; naquit à Voerden en 1498, & passe pour être le premier des hollandois qui ait embrassé publiquement le Calvinisme. On l’emprisonna à Utrecht pour cette hérésie ; mais il fut relâché lors de la pacification de Gand. Quelque tems après, sous le gouvernement de Marguerite de Savoie, il fut arrêté de nouveau, & brûlé vif à la Haye pour sa religion, en 1525, n’ayant pas encore 27 ans. C’est un fait bien singulier, & même je crois l’unique en Hollande. (D. J.)​","[[""52 8' N 22 23' E""]]",,52 8' N 22 23' E,52 8' N 22 23' E
v17-875-0,VOLTURARA,"VOLTURARA, (Géog. mod.)​ ou VULTURARIA, petite ville d’Italie au royaume de Naples, dans la Capitanate, au pié de l’Apennin, vers les confins du comté de Molise, à 10 lieues au nord-ouest de Benévent, dont son évêque est suffragant. Long. 32. 43. latit. 41. 29. (D. J.)​","[[""41 29' N 32 43' E""]]",,41 29' N 32 43' E,41 29' N 32 43' E
v17-91-2,Verdun,"Verdun, (Géog. mod.)​ en latin moderne Viridunum castrum ou Viridunus ; petite ville de France dans la Bourgogne, au confluent du Doux & de la Saone, à 3 lieues de Châlons, avec titre de comté. Elle députe aux états de la province alternativement avec les villes de la Bresse châlonoise. Long. 21. 30. latit. 46. 50. (D. J.)​","[[""46 50' N 21 30' E""]]",,46 50' N 21 30' E,46 50' N 21 30' E
v2-1012-0,BERDOE ou BERDOA,"*​ BERDOE ou BERDOA, ville d’Asie dans la Perse, province de Grandja. Long. 65. 30. lat. 41.","[[""41 N 65 30' E""]]",,41 N 65 30' E,41 N 65 30' E
v2-1022-1,Bergame,"*​ Bergame, (Géog.)​ ville d’Italie, dans l’état de Venise, capitale du Bergamase. Long. 27. 8. lat. 45. 42.","[[""45 42' N 27 8' E""]]",,45 42' N 27 8' E,45 42' N 27 8' E
v2-1030-0,BERGERAC,"*​ BERGERAC, (Géog.)​ petite ville de France, dans le Périgord, sur la Dordogne. Long. 18. 7. lat. 45.","[[""45 N 18 7' E""]]",,45 N 18 7' E,45 N 18 7' E
v2-1039-0,BERG-ZABERN,"BERG-ZABERN, petite ville de France, en Alsace. Long. 25. 25. lat. 49. 4.","[[""49 4' N 25 25' E""]]",,49 4' N 25 25' E,49 4' N 25 25' E
v2-1063-0,BERNBOURG,"*​ BERNBOURG, (Géog.)​ petite ville d’Allemagne, du cercle de la haute Saxe, & dans la principauté d’Anhalt, sur la riviere de Sara. Long. 30. lat. 51. 55.","[[""51 55' N 30 E""]]",,51 55' N 30 E,51 55' N 30 E
v2-110-0,BAFFA,"*​ BAFFA, (Géog. anc. & mod.)​ ville de l’île de Chypre, bâtie sur les ruines de Paphos la nouvelle. Long. 50. lat. 34. 50.


Il y a dans la même île un cap & une petite île qui ne sont pas éloignées de Baffa, & qui portent le même nom. Le cap s’appelle aussi Capo bianco, & s’appelloit jadis Drepanum promontorium.","[[""34 50' N 50 E""]]",,34 50' N 50 E,34 50' N 50 E
v2-1109-0,BETANCOS,"*​ BETANCOS, (Géog.)​ petite ville d’Espagne dans la Galice, sur le Mandéo. Long. 9. 40. lat. 43. 21.","[[""43 21' N 9 40' E""]]",,43 21' N 9 40' E,43 21' N 9 40' O
v2-1128-0,BEVERUNGEN,"*​ BEVERUNGEN, (Géog.)​ ville d’Allemagne au diocese de Paderborn, & au confluent de la Beve & du Weser. Long. 27. lat. 51. 40.","[[""51 40' N 27 E""]]",,51 40' N 27 E,51 40' N 27 E
v2-1136-0,BEWDLEY,"*​ BEWDLEY, (Géog.)​ ville d’Angleterre, dans la province de Worcester, sur la Saverne. Long. 15. 10. lat. 52. 24.","[[""52 24' N 15 10' E""]]",,52 24' N 15 10' E,52 24' N 15 10' E
v2-1213-0,BIELA-OZERO,"*​ BIELA-OZERO, (Géog.)​ c’est un duché de la Moscovie, entre ceux de Novogrod-Weliki & de Wologda, avec la capitale de même nom, près d’un lac qui a 22 lieues de long & 12 de large. Long. 56. 40. lat. 58. 55.","[[""58 55' N 56 40' E""]]",,58 55' N 56 40' E,58 55' N 56 40' E
v2-124-0,BAGNARA,"*​ BAGNARA, (Géog.)​ ville maritime d’Italie, au royaume de Naples, dans la Calabre ultérieure. Long. 33. 48. lat. 38. 15.","[[""38 15' N 33 48' E""]]",,38 15' N 33 48' E,38 15' N 33 48' E
v2-127-0,BAGNERES,"*​ BAGNERES, (Géog.)​ ville de France, au comté de Bigorre, en Gascogne, sur l’Adour. Long. 17. 42. lat. 43. 30.","[[""43 30' N 17 42' E""]]",,43 30' N 17 42' E,43 30' N 17 42' E
v2-1366-0,BISCHOFFS-HEIM,"BISCHOFFS-HEIM, (Géog.)​ ville d’Allemagne dans le cercle du bas Rhin, dans l’électorat de Mayence. Long. 27. 7. lat. 49. 40. Il y a deux autres villes de ce nom, l’une en Franconie, l’autre en Souabe.","[[""49 40' N 27 7' E""]]",,49 40' N 27 7' E,49 40' N 27 7' E
v2-1370-0,BISCHOFFS-ZELL,"BISCHOFFS-ZELL, (Géog.)​ ville de Suisse dans le Turgaw. Long. 26. 53. lat. 47. 33.","[[""47 33' N 26 53' E""]]",,47 33' N 26 53' E,47 33' N 26 53' E
v2-1412-0,BITETTO,"*​ BITETTO, (Géog.)​ petite ville du royaume de Naples, dans le territoire de Bari. Lon. 34. 26. lat. 41. 8.","[[""41 8' N 34 26' E""]]",,41 8' N 34 26' E,41 8' N 34 26' E
v2-1418-0,BITONTO,"BITONTO, (Géog.)​ petite île assez peuplée du territoire de Bari, dans le royaume de Naples. Lon. 34. 22. lat. 41. 13.","[[""41 13' N 34 22' E""]]",,41 13' N 34 22' E,41 13' N 34 22' E
v2-1637-0,BOLSENA,"BOLSENA, (Géog.)​ ville d’Italie sur le lac de même nom, dans le patrimoine de S. Pierre. Long. 29. 33. lat. 42. 37.","[[""42 37' N 29 33' E""]]",,42 37' N 29 33' E,42 37' N 29 33' E
v2-1643-0,BOMBAIM ou BOMBAI,"BOMBAIM ou BOMBAI, (Géog.)​ ville d’Asie dans les Indes, proche la côte de Malabar, au royaume de Visapour. Long. 90. 30. lat. 19.","[[""19 N 90 30' E""]]",,19 N 90 30' E,19 N 90 30' E
v2-165-0,BAILLEUL ou BELLE,"*​ BAILLEUL ou BELLE, ville de France, au comté de France. Long. 20 25. lat. 50 45.","[[""50 45' N 20 25' E""]]",,50 45' N 20 25' E,50 45' N 20 25' E
v2-1687-0,BONIFACIO,"BONIFACIO, (Géog.)​ petite ville & port dans la partie méridionale de l’île de Corse. Long. 27. lat. 41. 20. Le détroit qui sépare la Corse de la Sardaigne se nomme Bocca di Bonifacio.","[[""41 20' N 27 E""]]",,41 20' N 27 E,41 20' N 27 E
v2-177-1,"Baione, dite Baïona de Galizia","Baione, dite Baïona de Galizia (Géog. anc. & mod.)​ ville maritime d’Espagne, dans la Galice, à l’embouchure du Minho. Quelques Géographes la prennent pour les Aquæ Celinæ de Ptolomée ; d’autres veulent que ce soit Orense, sur la même riviere que Baïone : sa long. est 9. & sa lat. 41. 54.","[[""41 54' N 9 E""]]",,41 54' N 9 E,41 54' N 9 O
v2-1822-1,Boston,"Boston ; c’est le nom qu’on a donné à la ville capitale de la nouvelle Angleterre, dans l’Amérique septentrionale ; elle est grande & a un très-bon port. Lat. 42 degrés, 20 minutes ; long. 306 degrés, 50 & quelques minutes.","[[""42 20' N 306 50' E""]]",,42 20' N 306 50' E,42 20' N 306 50' O
v2-1851-0,BOVA,"BOVA, (Géog.)​ petite ville d’Italie au royaume de Naples, dans la Calabre, près l’Apennin, à 8 lieues de Reggio. Long. 34. 3. lat. 37. 55.","[[""37 55' N 34 3' E""]]",,37 55' N 34 3' E,37 55' N 34 3' E
v2-1961-2,Bourg-sur-mer,"Bourg-sur-mer, ville de France en Guienne, avec un assez bon port, au confluent de la Dordogne & de la Garonne, à 6 lieues de Bourdeaux. Long. 17. lat. 45.",[['45 N 17 E']],,45 N 17 E,45 N 17 E
v2-1965-0,BOURGES,"BOURGES, (Géog.)​ ancienne & grande ville de France, capitale du Berry. Elle est sur les rivieres d’Auron & d’Yevre, presqu’au centre de toute la France. Lon. 20. 3. 26. lat. 47. 4. 58.","[['47 4\' 58"" N 20 3\' 26"" E']]",,"47 4' 58"" N 20 3' 26"" E","47 4' 58"" N 20 3' 26"" E"
v2-204-0,"BALAMBUAN, ou PALAMBUAN","*​ BALAMBUAN, ou PALAMBUAN, (Géog. mod.)​ ville d’Asie dans les Indes sur la côte orientale de l’île de Java, dans le pays de mêmes noms, dont elle est capitale. Longit. 133. latit. méridion. 7. 50.","[[""7 50' S 133 E""]]",,7 50' S 133 E,7 50' S 133 E
v2-2057-0,BRACCIANO,"BRACCIANO, (Géog.)​ petite ville d’Italie, dans le patrimoine de Saint-Pierre, avec titre de duché, à 6 lieues & demie de Rome. Il y a des bains célébres. Long. 29. 45. lat. 42. 4.","[[""42 4' N 29 45' E""]]",,42 4' N 29 45' E,42 4' N 29 45' E
v2-2078-1,Brague,"Brague, (Géog. anc. & mod.)​ grande ville de Portugal, avec archevêché dont l’archevêque est primat du royaume, sur la riviere de Cavédo. Lon. 9. 30. lat. 41. 30. Ptolomée la nomme Braccara augusta, & l’itinéraire d’Antonin, Bragara.","[[""41 30' N 9 30' E""]]",,41 30' N 9 30' E,41 30' N 9 30' E
v2-2086-2,Braine-le-comte,"Braine-le-comte, petite ville du Hainaut à cinq lieues de Mons. Lon. 21. 46. lat. 50. 35.","[[""50 35' N 21 46' E""]]",,50 35' N 21 46' E,50 35' N 21 46' E
v2-2176-0,BREGENTZ,"BREGENTZ, (Géog.)​ ville capitale d’un comté de même nom, sur le lac de Constance en Souabe, appartenante à la maison d’Autriche. Il y passe une petite riviere de même nom. Long. 27. 20. lat. 47. 27.","[[""47 27' N 27 20' E""]]",,47 27' N 27 20' E,47 27' N 27 20' E
v2-2198-0,BREMGARTEN,"BREMGARTEN, (Géog.)​ petite ville de la Suisse, à trois lieues de Zurich, sur la riviere de Russ ; elle appartient en partie au canton de Berne, & en partie à celui de Zurich. Long. 25. 55. lat. 47. 20.","[[""47 20' N 25 55' E""]]",,47 20' N 25 55' E,47 20' N 25 55' E
v2-225-0,BALBEC,"*​ BALBEC, (Géog. anc. & mod.)​ ville d’Asie dans la Syrie ; il y a de beaux restes d’antiquités. Lon. 55. lat. 33. 25.","[[""33 25' N 55 E""]]",,33 25' N 55 E,33 25' N 55 E
v2-2279-0,BRIEG,"BRIEG, (Géog.)​ ville forte d’Allemagne, capitale d’une principauté de même nom, dans la basse-Silésie, à 6 milles de Breslau. Long. 35. 10. lat. 50. 49.","[[""50 49' N 35 10' E""]]",,50 49' N 35 10' E,50 49' N 35 10' E
v2-228-0,BALDIVIA,"*​ BALDIVIA, (Géog.)​ port & place considérable du Chili, entre les rivieres de Callacalla & del Potrero, à leur embouchure dans la mer du Sud. Long. 306. 52. lat. mérid. 39. 58.","[[""39 58' S 306 52' E""]]",,39 58' S 306 52' E,39 58' S 306 52' O
v2-250-0,BALLON,"*​ BALLON (Géog.)​ ville de France, au diocese du Mans, sur la rive droite de l’Orne. Long. 17. 50. lat. 48. 10.","[[""48 10' N 17 50' E""]]",,48 10' N 17 50' E,48 10' N 17 50' E
v2-2524-0,BUCHEREST ou BUCHOREST,"BUCHEREST ou BUCHOREST, (Géog.)​ grande ville de la Valachie, résidence du Hospodar, qui est sous la protection des Turcs, sur la riviere de Dembrowitz. Long. 44. 10. lat. 44. 30.","[[""44 30' N 44 10' E""]]",,44 30' N 44 10' E,44 30' N 44 10' E
v2-2635-0,BURGAU (le),"BURGAU, (le) Géog.​ Margraviat d’Allemagne, en Souabe, sur le Danube, entre le Lech & l’Iler, appartenant à la maison d’Autriche. La capitale porte le même nom ; elle est située sur le Minden, à quatre milles d’Illon. Long. 28. 6. lat. 48. 28.","[[""48 28' N 28 6' E""]]",,48 28' N 28 6' E,48 28' N 28 6' E
v2-2647-0,BURGOS,"BURGOS, (Géog.)​ ville d’Espagne, capitale de la Castille vieille, sur une montagne. Lon. 14. 20. lat.  42. 20.","[[""42 20' N 14 20' E""]]",,42 20' N 14 20' E,42 20' N 14 20' E
v2-2707-0,BYCHOW,"BYCHOW, (Géog.)​ petite ville de Lithuanie, au palatinat de Misiczlaw, sur le Nieper. Long. 49. 10.  lat. 53. 37.","[[""53 37' N 49 10' E""]]",,53 37' N 49 10' E,53 37' N 49 10' E
v2-2735-0,CABALIG,"CABALIG, (Géog.)​ ville d’Asie dans le Turquestan. Long. 103. lat. 44.",[['44 N 103 E']],,44 N 103 E,44 N 103 E
v2-2775-0,CABO-CORSO,"CABO-CORSO, (Géog.)​ cap d’Afrique sur la côte d’Or de Guinée, auprès duquel les Anglois ont une importante forteresse. Long. 18. 20. lat. 4. 40.","[[""4 40' N 18 20' E""]]",,4 40' N 18 20' E,4 40' N 18 20' O
v2-2808-1,Caçeres de Camerinha,"Caçeres de Camerinha, (Géog.)​ petite ville d’Asie dans l’île de Luçon. Lon. 142. 25. lat. 14. 15.","[[""14 15' N 142 25' E""]]",,14 15' N 142 25' E,14 15' N 142 25' E
v2-2814-1,Cachemire,"Cachemire, c’est la capitale de la province de ce nom. Long. 93. lat. 34. 30.","[[""34 30' N 93 E""]]",,34 30' N 93 E,34 30' N 93 E
v2-2869-0,CADIX,"CADIX, (Géog. anc. & mod.)​ ville d’Espagne, en Andalousie, avec bon port. Cette ville bâtie par les Phéniciens, est grande, forte, riche, & très-commerçante : elle est dans une petite île, à 8 lieues de Medina Sidonia, & à 18 de Gibraltar. Long. 12. lat.  36. 25. Les anciens l’ont nommée Gades & Gadira.","[[""36 25' N 12 E""]]",,36 25' N 12 E,36 25' N 12 E
v2-2899-0,CAFSA,"CAFSA, (Géog.)​ ville d’Afrique dans le Biledulgerid, tributaire du royaume de Tunis. Long. 40. lat. 27. 10.","[[""27 10' N 40 E""]]",,27 10' N 40 E,27 10' N 40 E
v2-2906-0,CAGLI,"CAGLI, (Géog.)​ ville d’Italie au duché d’Urbin, au pié de l’Appennin. Long. 30. 18. lat. 43. 30.","[[""43 30' N 30 18' E""]]",,43 30' N 30 18' E,43 30' N 30 18' E
v2-303-9,"Bander-Abassi, Gomron","*​ Bander-Abassi, ou Gomron, (Géog.)​ ville maritime d’Asie dans la province de Kerman en Perse, sur le golfe d’Ormus. Long. 75. lat. 27.",[['27 N 75 E']],,27 N 75 E,27 N 75 E
v2-311-0,BANGOR,"*​ BANGOR, (Géog.)​ ville d’Angleterre dans la principauté de Galles au comté de Carnarvan, sur le détroit de Menay, vis-à-vis l’île d’Anglesey. Long. 13. 4. lat. 53. 14.","[[""53 14' N 13 4' E""]]",,53 14' N 13 4' E,53 14' N 13 4' E
v2-3202-0,CAMPAGNA,"CAMPAGNA, (Géog.)​ ville d’Italie au royaume de Naples, dans la principauté ultérieure. Lon. 32.  47. lat. 41. 42.","[[""41 42' N 32 47' E""]]",,41 42' N 32 47' E,41 42' N 32 47' E
v2-3208-0,"CAMPECHE, ou S. FRANCISCO","CAMPECHE, ou S. FRANCISCO, (Géog.)​ ville de l’Amérique septentrionale, dans la nouvelle Espagne, sur la côte orientale de la baie de Campeche.  Long. 287. lat. 19. 20.","[[""19 20' N 287 E""]]",,19 20' N 287 E,19 20' N 287 O
v2-3251-0,CANCALE,"CANCALE, (Géog.)​ ville de France, dans la haute Bretagne, sur le bord de la mer. Long. 15d. 48′. 25″. lat. 48d. 40′. 40″.","[['48 40\' 40"" N 15 48\' 25"" E']]",,"48 40' 40"" N 15 48' 25"" E","48 40' 40"" N 15 48' 25"" O"
v2-3261-0,CANCHEU ou CANTCHEOU,"CANCHEU ou CANTCHEOU, (Géog.)​ grande ville de la Chine, dans la province de Kiangsi, capitale d’un pays qui porte le même nom. Long. 133. 32. lat. 25. 53.","[[""25 53' N 133 32' E""]]",,25 53' N 133 32' E,25 53' N 133 32' E
v2-3283-0,CANDY,"CANDY, (Géog.)​ royaume d’Asie dans l’île de​Ceylan, habité par des idolatres. La capitale de ce royaume s’appelle aussi Candy. Long. 98. 30. lat. 7. 35.","[[""7 35' N 98 30' E""]]",,7 35' N 98 30' E,7 35' N 98 30' E
v2-3294-0,CANETO,"CANETO, (Géog.)​ petite ville d’Italie, au duché de Mantoue, sur l’Oglio. Long. 27. 55. lat. 45. 10.","[[""45 10' N 27 55' E""]]",,45 10' N 27 55' E,45 10' N 27 55' E
v2-336-0,BANTAM,"*​ BANTAM, (Géog.)​ ville d’Asie aux Indes, dans l’île de Java, capitale du royaume de même nom, divisée en deux parties par une riviere. Long. 123. 3. lat. mérid. 6. 20.","[[""6 20' S 123 3' E""]]",,6 20' S 123 3' E,6 20' S 123 3' E
v2-3393-0,"CAPACCIO, ou CAPACE","CAPACCIO, ou CAPACE, (Géog.)​ petite ville d’Italie, au royaume de Naples, dans la principauté citérieure. Long. 32. 38. lat. 40. 27.","[[""40 27' N 32 38' E""]]",,40 27' N 32 38' E,40 27' N 32 38' E
v2-342-0,BAPAUME,"*​ BAPAUME, (Géog.)​ ville de France dans l’Artois. Long. 20. 30. 52. lat. 50. 6. 12.","[['50 6\' 12"" N 20 30\' 52"" E']]",,"50 6' 12"" N 20 30' 52"" E","50 6' 12"" N 20 30' 52"" E"
v2-3467-0,CAPOUE,"CAPOUE, (Géog.)​ ville d’Italie, au royaume de Naples, dans la terre de Labour. Long. 31. 55. lat. 41. 7.","[[""41 7' N 31 55' E""]]",,41 7' N 31 55' E,41 7' N 31 55' E
v2-348-3,Bar-le-duc,"*​ Bar-le-duc, (Géog.)​ capitale du duché de Bar ; il y a haute & basse ville : celle-ci est sur la petite riviere d’Orney. Long. 23. lat. 48. 35.","[[""48 35' N 23 E""]]",,48 35' N 23 E,48 35' N 23 E
v2-3548-0,CARAMANTA,"CARAMANTA, (Géog.)​ province de l’Amérique méridionale, bornée au nord par le pays de Carthagene & la nouvelle Grenade, au midi par le Popayan, à l’occident par l’audience de Panama : la capitale porte le même nom. Long. 305. lat. 5. 18.​","[[""5 18' N 305 E""]]",,5 18' N 305 E,5 18' S 305 O
v2-3654-0,CARINOLA,"CARINOLA, (Géog.)​ petite ville d’Italie, au royaume de Naples, dans la terre de Labour. Long. 31. 35. lat. 41. 15.","[[""41 15' N 31 35' E""]]",,41 15' N 31 35' E,41 15' N 31 35' E
v2-3728-0,CARPENTRAS,"CARPENTRAS, (Géog.)​ ville de France en Provence, capitale du comté Venaissin. Long. 22d. 42′. 53″. lat. 44d. 3′. 33″.","[['44 3\' 33"" N 22 42\' 53"" E']]",,"44 3' 33"" N 22 42' 53"" E","44 3' 33"" N 22 42' 53"" E"
v2-3730-0,CARPI,"CARPI, (Géog.)​ ville d’Italie en Lombardie dans le Modénois. Long. 28. 25. lat. 44. 45.​","[[""44 45' N 28 25' E""]]",,44 45' N 28 25' E,44 45' N 28 25' E
v2-376-0,BARBADE,"*​ BARBADE, (Géog.)​ ile de l’Amérique, & l’une des Antilles. Long. 318. 40. lat. 13. 20.","[[""13 20' N 318 40' E""]]",,13 20' N 318 40' E,13 20' N 318 40' O
v2-3816-0,CASERTA,"CASERTA, (Géog.)​ petite ville d’Italie avec titre de duché, dans la terre de Labour, au pié du mont Caserta. Long. 31. 58. lat. 41. 5.","[[""41 5' N 31 58' E""]]",,41 5' N 31 58' E,41 5' N 31 58' E
v2-3844-0,CASSEL,"CASSEL, ville de France dans la Flandre, à quatre lieues de S. Omer. Long. 20. 9. 9. lat. 50. 47. 54.","[['50 47\' 54"" N 20 9\' 9"" E']]",,"50 47' 54"" N 20 9' 9"" E","50 47' 54"" N 20 9' 9"" E"
v2-3860-0,CASSINOGOROD,"CASSINOGOROD, (Géog.)​ ville de l’empire Russien dans la principauté de Cassinow. Long. 62. 5. lat. 55. 20.","[[""55 20' N 62 5' E""]]",,55 20' N 62 5' E,55 20' N 62 5' E
v2-3879-0,CASTELAMARE,"CASTELAMARE, ville du royaume de Naples, dans la principauté citérieure, avec un bon port Long. 32. lat. 41. 40. Il y a encore une ville de ce nom dans la vallée de Mazare en Sicile.","[[""41 40' N 32 E""]]",,41 40' N 32 E,41 40' N 32 E
v2-3882-0,Castel-Baldo,"Castel-Baldo, (Géog.)​ petite place d’Italie dans le Veronese, sur l’Adige. Long. 29. lat. 45. 7.","[[""45 7' N 29 E""]]",,45 7' N 29 E,45 7' N 29 E
v2-3882-12,Castel-Novo,"Castel-Novo, ville forte de Dalmatie, sur le golfe de Cataro, avec un château. Long. 36. 20. lat. 42. 25.","[[""42 25' N 36 20' E""]]",,42 25' N 36 20' E,42 25' N 36 20' E
v2-3924-0,CAT ou CATH,"CAT ou CATH, (Géog.)​ ville d’Asie, dans la province de Khuarezm, sur le fleuve Oxus ou Gihon. Long. 95. lat. 41. 36.","[[""41 36' N 95 E""]]",,41 36' N 95 E,41 36' N 95 E
v2-4145-0,CEFALU ou CEFALEDI,"CEFALU ou CEFALEDI, (Géog.)​ ville de Sicile, dans la vailée de Demone. Long. 31. 35. lat. 38. 5.","[[""38 5' N 31 35' E""]]",,38 5' N 31 35' E,38 5' N 31 35' E
v2-4158-0,CELANO,"CELANO, (Géog.)​ petite ville d’Italie au royau-​me de Naples, dans l’Abruzze ultérieure. Long. 31 30. lat. 42.","[[""42 N 31 30' E""]]",,42 N 31 30' E,42 N 31 30' E
v2-4178-0,CELLES ou SELLES en Berry,"CELLES ou SELLES en Berry, (Géog.)​ ville & abbaye de France, aux confins du Blaisois, sur le Cher. Long. 19. 15. lat. 47. 15.","[[""47 15' N 19 15' E""]]",,47 15' N 19 15' E,47 15' N 19 15' E
v2-4339-0,CESENE,"CESENE, (Géog.)​ ville d’Italie de l’état de l’Eglise, dans la Romagne, sur le Savio. Long. 29. 46. lat. 44. 8.","[[""44 8' N 29 46' E""]]",,44 8' N 29 46' E,44 8' N 29 46' E
v2-455-0,BARGENY,"*​ BARGENY (Géog.)​ ville de l’Ecosse méridionale, capitale de la province de Carrick. Long. 12. 38. lat. 55. 40.","[[""55 40' N 12 38' E""]]",,55 40' N 12 38' E,55 40' N 12 38' E
v2-462-0,BARJOLS,"*​ BARJOLS (Géog.)​ ville de France, en Provence. Long. 23. 50. lat. 43. 35.","[[""43 35' N 23 50' E""]]",,43 35' N 23 50' E,43 35' N 23 50' E
v2-466-0,BARKLEY,"*​ BARKLEY (Géog.)​ ville d’Angleterre, dans la province de Glocester, sur la Saverne. Long. 15. 12. lat. 51. 43.","[[""51 43' N 15 12' E""]]",,51 43' N 15 12' E,51 43' N 15 12' E
v2-478-0,BARNSTABLE,"*​ BARNSTABLE, (Géog.)​ ville d’Angleterre dans le Devonshire, sur la riviere de Taw, avec port. Long. 13. 42. lat. 51. 10.","[[""51 10' N 13 42' E""]]",,51 10' N 13 42' E,51 10' N 13 42' E
v2-640-1,"Batha, Bath, Bachia","*​ Batha, Bath, Bachia, (Géog.)​ ville de Hongrie, capitale du comté du même nom, sur la rive occidentale du Danube, à cinq lieues du confluent de la Drave. Long. 37. lat. 46. 40.","[[""46 40' N 37 E""]]",,46 40' N 37 E,46 40' N 37 E
v2-648-0,BATICALO ou MATICALO,"*​ BATICALO ou MATICALO, (Géog.)​ ville d’Asie dans la partie orientale de l’ile de Ceylan, capitale du royaume de même nom, sur la riviere de Batecalo. Long. 99. 53. lat. 7. 55.","[[""7 55' N 99 53' E""]]",,7 55' N 99 53' E,7 55' N 99 53' E
v2-721-0,BAYA ou BAJA,"*​ BAYA ou BAJA (Géog.)​, ville de la basse Hongrie, dans le comté de Bath, près du Danube. Long. 37. lat. 46. 25.","[[""46 25' N 37 E""]]",,46 25' N 37 E,46 25' N 37 E
v2-726-0,BAYEUX,"*​ BAYEUX, (Géog.)​ ville de France dans la Normandie, capitale du Bessin, sur la riviere d’Aure. Long. 16. 57. 9. lat. 49. 16. 30.","[['49 16\' 30"" N 16 57\' 9"" E']]",,"49 16' 30"" N 16 57' 9"" E","49 16' 30"" N 16 57' 9"" E"
v2-736-0,BAZAS,"*​ BAZAS, (Géog.)​ ville de France, capitale du Bazadois en Gascogne, sur un rocher. Lon. 17. 20. lat. 44. 20.","[[""44 20' N 17 20' E""]]",,44 20' N 17 20' E,44 20' N 17 20' E
v2-757-1,Beaufort,"*​ Beaufort, (Géog.)​ ville de Savoie, sur la riviere d’Oron. Long. 24. 18. lat. 45. 40.","[[""45 40' N 24 18' E""]]",,45 40' N 24 18' E,45 40' N 24 18' E
v2-773-0,BEAUVAIS,"*​ BEAUVAIS, (Géog.)​ ville de France, capitale du Beauvoisis, dans le gouvernement de l’île de France, sur le Therain. Lon. 19. 44. 42. lat. 46. 26. 2.","[['46 26\' 2"" N 19 44\' 42"" E']]",,"46 26' 2"" N 19 44' 42"" E","46 26' 2"" N 19 44' 42"" E"
v2-897-1,Bellegarde,"Bellegarde, (Géog.)​ ville de France dans le Roussillon, au-dessus du col de Pertuis sur la frontiere de Catalogne, entre Ceret & Jonquieres. Long. 20. 30. lat. 42. 20.","[[""42 20' N 20 30' E""]]",,42 20' N 20 30' E,42 20' N 20 30' E
v2-902-0,BELLEY ou BELLAY,"*​ BELLEY ou BELLAY, (Géog.)​ ville de France, capitale du Bugey, proche le Rhone. Long. 23. 20. lat. 45. 43.","[[""45 43' N 23 20' E""]]",,45 43' N 23 20' E,45 43' N 23 20' E
v2-94-0,BADE ou BADEN,"*​ BADE ou BADEN (Géographie.)​ ville d’Allemagne, dans l’archiduché d’Autriche, sur le Suechat. Long. 34. 20. lat. 48.","[[""48 N 34 20' E""]]",,48 N 34 20' E,48 N 34 20' E
v2-947-0,BENDARMARSSEN ou BENJARMASEN,"* BENDARMARSSEN ou BENJARMASEN, (Géog.) ville d'Asie, capitale du royaume de même nom, dans l'île de Borneo, sur la riviere de Benjarmasse. Long. 131. 20. lat. mérid. 2. 40.","[[""2 40' S 131 20' E""]]",,2 40' S 131 20' E,2 40' S 131 20' E
v2-98-0,BADENWEILER,"*​ BADENWEILER (Géographie.)​ ville d’Allemagne, dans le Brisgaw, proche du Rhin. Long. 25. 20. lat. 47. 55.","[[""47 55' N 25 20' E""]]",,47 55' N 25 20' E,47 55' N 25 20' E
v2-981-0,BENTHEIM,"*​ BENTHEIM, (Géog.)​ petite ville d’Allemagne avec château, au comte de même nom, dans le cercle de Westphalie, sur le Vecht. Lon. 24. 43. lat. 52. 23.","[[""52 23' N 24 43' E""]]",,52 23' N 24 43' E,52 23' N 24 43' E
v3-1014-0,CITADELLA,"CITADELLA, (Géog.)​ petite ville forte avec un port, capitale de l’île de Minorque, qui est aux Anglois. Lon. 21. 48. lat. 39. 58.","[[""39 58' N 21 48' E""]]",,39 58' N 21 48' E,39 58' N 21 48' E
v3-1034-0,CUIDAL REAL,"CUIDAL REAL, (Géog.)​ ville d’Espagne dans la nouvelle Castille, capitale de la Manche, à une lieue de la Guadiana. Long. 14. 10. lat. 39. 2. Il y a encore une ville de ce nom dans l’Amérique méridionale au Paraguai, au confluent des rivieres d’Itatu & de Parana.","[[""39 2' N 14 10' E""]]",,39 2' N 14 10' E,39 2' N 14 10' E
v3-1039-0,CIVENCHEU,"CIVENCHEU, (Géog.)​ ville considérable de la Chine, dans la province de Fokien. Long. 134.40. lat. 25.","[[""25 N 134 40' E""]]",,25 N 134 40' E,25 N 134.40 E
v3-1062-0,CLACKMANNAN,"CLACKMANNAN, (Géog. mod.)​ ville d’Ecosse, capitale de la province de même nom. Longit. 54. lat. 57.",[['57 N 54 E']],,57 N 54 E,57 N 54 E
v3-1064-0,CLAGENFURT,"CLAGENFURT, (Géog. mod.)​ ville forte d’Allemagne, capitale de la Carinthie. Long. 31. 45. lat. 46. 50.","[[""46 50' N 31 45' E""]]",,46 50' N 31 45' E,46 50' N 31 45' E
v3-1086-0,CLAMECY,"CLAMECY, (Géog. mod.)​ petite ville de France dans le Nivernois, au confluent du Beuvron & de l’Yonne. Long. 21d. 11′. 11″. lat. 47d. 27′. 37″.","[['47 27\' 37"" N 21 11\' 11"" E']]",,"47 27' 37"" N 21 11' 11"" E","47 27' 37"" N 21 11' 11"" E"
v3-1166-0,CLERMONT,"CLERMONT, (Géog. mod.)​ ville considérable de France, capitale de la province d’Auvergne. Lon. 20d. 45′. 7″. lat. 45d. 46′. 45″.","[['45 46\' 45"" N 20 45\' 7"" E']]",,"45 46' 45"" N 20 45' 7"" E","45 46' 45"" N 20 45' 7"" E"
v3-1166-1,Clermont en Argonne,"Clermont en Argonne, (Géog. mod.)​ petite ville de France, avec titre de comté, en Verdunois. Long. 22d. 44′. 20″. lat. 49. 64.","[['49 64\' N 22 44\' 20"" E']]",,"49 64' N 22 44' 20"" E","49 64' N 22 44' 20"" E"
v3-1216-0,CLONMELL,"CLONMELL, (Géog. mod.)​ ville forte d’Irlande, capitale du comté de Tipperary. Long. 9. 58. lat. 52. 28.","[[""52 28' N 9 58' E""]]",,52 28' N 9 58' E,52 28' N 9 58' O
v3-1299-0,COCHEIM,"COCHEIM, (Géog. mod.)​ petite ville d’Allemagne dans l’électorat de Treves, sur la Moselle. Lon. 24. 45. lat. 50. 12.","[[""50 12' N 24 45' E""]]",,50 12' N 24 45' E,50 12' N 24 45' E
v3-1314-0,COCKERMOUTH,"COCKERMOUTH, (Géog. mod.)​ ville d’Angleterre dans la province de Cumberland. Long. 13. 48. lat. 54. 44.","[[""54 44' N 13 48' E""]]",,54 44' N 13 48' E,54 44' N 13 48' E
v3-132-0,CHAMOND (Saint),"CHAMOND, (saint) Géog. mod.​ petite ville de France dans le Lyonnois, au bord du Giez. Long. 22. 8. lat. 45. 28.","[[""45 28' N 22 8' E""]]",,45 28' N 22 8' E,45 28' N 22 8' E
v3-1413-0,COKENHAUSEN,"COKENHAUSEN, (Géog. mod.)​ ville forte de Suede en Livonie, sur la Dwina. Long. 43. 26. lat. 56. 40.","[[""56 40' N 43 26' E""]]",,56 40' N 43 26' E,56 40' N 43 26' E
v3-1497-0,COLMARS,"COLMARS, (Géog. mod.)​ petite ville de France en Provence, proche des alpes. Long. 24. 30. lat. 44. 10.","[[""44 10' N 24 30' E""]]",,44 10' N 24 30' E,44 10' N 24 30' E
v3-1506-0,COLOGNE,"COLOGNE, (Géog. mod.)​ grande ville d’Allemagne fort commerçante, capitale de l’électorat de même nom ; elle est libre & impériale, située sur le Rhin. Long. 24. 45. lat. 50. 50.","[[""50 50' N 24 45' E""]]",,50 50' N 24 45' E,50 50' N 24 45' E
v3-1538-0,COLOURI,"COLOURI, (Géog. mod.)​ île de la Grece dans le golfe d’Angia. Long. 41. 40. lat. 38.","[[""38 N 41 40' E""]]",,38 N 41 40' E,38 N 41 40' E
v3-1547-0,COLUMNA,"COLUMNA, (Géog. mod.)​ ville de l’empire Russien sur la riviere d’Occa. Long. 58. 2. lat. 54. 50.","[[""54 50' N 58 2' E""]]",,54 50' N 58 2' E,54 50' N 58 2' E
v3-171-0,CHANCHEU,"CHANCHEU, (Géog.)​ grande ville d’Asie à la Chine, dans la province de Fokien, sur la riviere de Chanes. Long. 131. 39. lat. 24. 42.","[[""24 42' N 131 39' E""]]",,24 42' N 131 39' E,24 42' N 131 39' E
v3-1905-0,CONI,"CONI, (Géog. mod.)​ ville très-forte d’Italie dans le Piémont, capitale du pays du même nom, au confluent de la Gesse & de la Sture. Long. 25. 20. latit. 44. 23.","[[""44 23' N 25 20' E""]]",,44 23' N 25 20' E,44 23' N 25 20' E
v3-204-0,CHANTEL-LE-CHASTEL,"CHANTEL-LE-CHASTEL, (Géog.)​ petite ville de France dans le Bourbonnois, sur la riviere de Boule. Long. 20. 35. lat. 46. 10.","[[""46 10' N 20 35' E""]]",,46 10' N 20 35' E,46 10' N 20 35' E
v3-310-0,CHARLIEU,"CHARLIEU, (Géog.)​ petite ville de France dans le Mâconnois, sur les confins du Beaujolois & de la Bourgogne, près de la Loire. Long. 21. 40. lat. 46. 15.","[[""46 15' N 21 40' E""]]",,46 15' N 21 40' E,46 15' N 21 40' E
v3-312-0,CHARMES,"CHARMES, (Géog.)​ petite ville de France en Lorraine, sur la Moselle. Long. 24. lat. 48. 18.","[[""48 18' N 24 E""]]",,48 18' N 24 E,48 18' N 24 E
v3-327-0,CHAROLLES,"CHAROLLES, (Géog.)​ petite ville de France en Bourgogne, capitale du Charolois, sur la Réconce. Long. 21. 42. lat. 46. 25.","[[""46 25' N 21 42' E""]]",,46 25' N 21 42' E,46 25' N 21 42' E
v3-388-19,Chateau-Roux,"Chateau-Roux, (Géog.)​ ville de France en Berri, avec titre de duché-pairie, sur l’Indre. Long. 19d22′10″. lat. 46d48′45″.","[['46 48\' 45"" N 19 22\' 10"" E']]",,"46 48' 45"" N 19 22' 10"" E","46 48' 45"" N 19 22' 10"" E"
v3-388-7,Chateau-Chinon,"Chateau-Chinon, (Géog.)​ petite ville de France dans le Nivernois, capitale du Morvant. Long. 21. 23. lat. 47. 2.","[[""47 2' N 21 23' E""]]",,47 2' N 21 23' E,47 2' N 21 23' E
v3-396-0,CHATELLERAUT,"CHATELLERAUT, (Géog.)​ ville de France en Poitou, avec titre de duché-pairie, sur la Vienne. Long. 19d13′4″. lat. 46d33′36″.","[['46 33\' 36"" N 19 13\' 4"" E']]",,"46 33' 36"" N 19 13' 4"" E","46 33' 36"" N 19 13' 4"" E"
v3-494-0,CHELM ou CHELMYCK,"CHELM ou CHELMYCK, (Géog.)​ ville de Pologne dans la Russie rouge, capitale du palatinat de Chelm. Long. 41. 42. lat. 51. 10.","[[""51 10' N 41 42' E""]]",,51 10' N 41 42' E,51 10' N 41 42' E
v3-54-0,CHAISE-DIEU (la),"CHAISE-DIEU, (la) Géog. mod.​ petite ville de France en Auvergne, avec une abbaye. Long. 21. 22. lat. 45. 15.","[[""45 15' N 21 22' E""]]",,45 15' N 21 22' E,45 15' N 21 22' E
v3-571-0,CHERZO,"CHERZO, (Géog. mod.)​ île du golfe de Venise, avec une ville de même nom, près des côtes de Croatie, aux Vénitiens. Long. 32. 15. lat. 45. 8.


Il y a encore une île de ce nom dans l’Archipel ; elle appartient aux Turcs, & est habitée par des Grecs.","[[""45 8' N 32 15' E""]]",,45 8' N 32 15' E,45 8' N 32 15' E
v3-579-0,CHESTER,"CHESTER, (Géog. mod.)​ ville considérable d’Angleterre, dans la province de Cheshire, sur la Dée. Il s’y fait un grand commerce. Long. 14. 29. lat. 53. 15.","[[""53 15' N 14 29' E""]]",,53 15' N 14 29' E,53 15' N 14 29' O
v3-639-3,Chiapa-el-Real,"Chiapa-el-Real, (Géog.)​ ville de l’Amérique septentrionale au Mexique, dans la province de Chiapa. Long. 284. 30. lat. 16. 20.","[[""16 20' N 284 30' E""]]",,16 20' N 284 30' E,16 20' N 284 30' O
v3-654-0,CHICHESTER,"CHICHESTER, (Géog.)​ ville d’Angleterre dans la province de Sussex, dont elle est capitale. Long. 16. 55. lat. 50. 50.","[[""50 50' N 16 55' E""]]",,50 50' N 16 55' E,50 50' N 16 55' E
v3-667-0,CHIETI,"CHIETI, (Géog.)​ ville d’Italie au royaume de Naples, capitale de l’Abruzze citérieure, près de la riviere de Pescara. Long. 31. 48. lat. 42. 22.","[[""42 22' N 31 48' E""]]",,42 22' N 31 48' E,42 22' N 31 48' E
v3-755-0,CHITOR,"CHITOR, (Géog.)​ grande ville d’Asie dans les états du grand Mogol, dans une province de même nom. Long. 94. lat. 23.",[['23 N 94 E']],,23 N 94 E,23 N 94 E
v3-761-0,CHIUTAY,"CHIUTAY, (Géog.)​ ville considérable de la Turquie en Asie, capitale de la Natolie, sur la riviere d’Ayala. Long. 47. 22. lat. 39. 42.","[[""39 42' N 47 22' E""]]",,39 42' N 47 22' E,39 42' N 47 22' E
v3-809-0,CHORGES,"CHORGES, (Géog.)​ petite ville de France en Dauphiné. Long. 24. lat. 44. 35.","[[""44 35' N 24 E""]]",,44 35' N 24 E,44 35' N 24 E
v3-841-0,CHRISTIANSTADT,"CHRISTIANSTADT, (Géog.)​ petite ville de Suede dans la Blekingie, sur la Schouwen. Long. 32. 5. lat. 56. 3.","[[""56 3' N 32 5' E""]]",,56 3' N 32 5' E,56 3' N 32 5' E
v3-900-0,CIBOLA,"CIBOLA, (Géog.)​ province de l’Amérique septentrionale au nouveau Mexique, habitée par des sauvages. Long. 266. lat. 35.",[['35 N 266 E']],,35 N 266 E,35 N 266 O
v4-1030-0,CREIL,"CREIL, (Géograph. mod.)​ petite ville de France dans l’île de France, sur l’Oise. Longit. 20. 8. 11. lat. 49. 13. 10.","[['49 13\' 10"" N 20 8\' 11"" E']]",,"49 13' 10"" N 20 8' 11"" E","49 13' 10"" N 20 8' 11"" E"
v4-1184-0,CRONENBOURG,"CRONENBOURG, (Géog. mod.)​ ville & forteresse du royaume de Danemark, dans l’île de Séeland. Long. 30. 25. lat. 56.","[[""56 N 30 25' E""]]",,56 N 30 25' E,56 N 30 25' E
v4-1392-0,CUSCO,"CUSCO, (Géog. mod.)​ grande ville de l’Amérique méridionale, autrefois capitale du Pérou, & le séjour des incas, près de la riviere d’Yucay. Long. 304. lat. mérid. 13.",[['13 S 304 E']],,13 S 304 E,13 S 304 O
v4-1468-0,CZASLAU,"CZASLAU, (Géog. mod.)​ petite ville de Boheme, capitale du cercle de même nom, sur la Crudemka. Long. 33. 18. lat. 49. 50.","[[""49 50' N 33 18' E""]]",,49 50' N 33 18' E,49 50' N 33 18' E
v4-1477-0,CZERNIKOW,"CZERNIKOW, (Géog. mod.)​ ville considérable de la Moscovie, capitale du duché de même nom, sur la Desna. Long. 50. 58. lat. 51. 20.","[[""51 20' N 50 58' E""]]",,51 20' N 50 58' E,51 20' N 50 58' E
v4-1525-2,Dam ou Damme,"Dam ou Damme, (Géog. mod.)​ petite ville des Provinces-unies dans la seigneurie de Groningue, située sur le Damster. Long. 24. 23. lat. 53. 36.","[[""53 36' N 24 23' E""]]",,53 36' N 24 23' E,53 36' N 24 23' E
v4-1582-0,DARBY ou DERBY,"DARBY ou DERBY, (Géog. mod.)​ ville d’Angleterre, capitale de Derbyshire. Elle est située sur le Dervant. Long. 16. 10. lat. 52. 54.","[[""52 54' N 16 10' E""]]",,52 54' N 16 10' E,52 54' N 16 10' E
v4-1633-0,DAX ou ACQS,"DAX ou ACQS, (Géog. mod.)​ ville de France en Gascogne. C’est la capitale des Landes. Elle est située sur l’Adour. Long. 16. 36. 5. lat. 43. 42. 23.","[['43 42\' 23"" N 16 36\' 5"" E']]",,"43 42' 23"" N 16 36' 5"" E","43 42' 23"" N 16 36' 5"" E"
v4-1770-0,DECIZE,"DECIZE, (Géog. mod.)​ ville de France, au Nivernois, proche la Loire. Long. 21. 6′. 18″. lat. 46. 50′. 24″.","[['46 50\' 24"" N 21 6\' 18"" E']]",,"46 50' 24"" N 21 6' 18"" E","46 50' 24"" N 21 6' 18"" E"
v4-1944-0,DÉINSE,"DÉINSE, (Géog. mod.)​ petite ville de la Flandre autrichienne, située sur la Lys. Long. 21. 11. latit. 51. 59.","[[""51 59' N 21 11' E""]]",,51 59' N 21 11' E,51 59' N 21 11' E
v4-2159-0,DERBENT,"DERBENT, (Géog. mod.)​ ville de Perse en Asie ; elle est située au pié du Caucase, proche la mer Caspienne. Lat. 42. 8. long. 67. 35.","[[""42 8' N 67 35' E""]]",,42 8' N 67 35' E,42 8' N 67 35' E
v4-2440-0,"DIARBEK, DIARBEKIR, (le)","DIARBEK, DIARBEKIR, (le) Géog. mod. & anc.​ c’est la Mésopotamie des anciens ; elle est située entre le Tigre & l’Euphrate, dans la Turquie asiatique : elle a pour capitale une ville nommée Diarbek, Diarbekir, & Amed, sur le Tigre, Long. 57. 35. lat. 36. 58.","[[""36 58' N 57 35' E""]]",,36 58' N 57 35' E,36 58' N 57 35' E
v4-2501-0,DIEUSE,"DIEUSE, (Géog. mod.)​ ville de Lorraine, située sur la Seille : Long. 24. 20. lat. 48. 50.","[[""48 50' N 24 20' E""]]",,48 50' N 24 20' E,48 50' N 24 20' E
v4-2597-0,DIRCHAW,"DIRCHAW, (Géog. mod.)​ ville du palatinat de Culm, en Prusse : elle est située sur la Wistule. Long. 37. lat. 54. 3.","[[""54 3' N 37 E""]]",,54 3' N 37 E,54 3' N 37 E
v4-341-0,COPENHAGUE,"COPENHAGUE, (Géog. mod.)​ grande ville très bien fortifiée, avec un port très-commode, capitale du royaume de Danemark, sur la côte orientale de l’île de Seiland, la résidence ordinaire des rois. Lon. 30. 25. lat. 35. 41.","[[""35 41' N 30 25' E""]]",,35 41' N 30 25' E,35 41' N 30 25' E
v4-347-0,COPIAPO,"COPIAPO, (Géog. mod.)​ grande riviere de l’Amérique méridionale, avec une ville de même nom au Chily. Long. 309. lat. mérid. 27.",[['27 S 309 E']],,27 S 309 E,27 S 309 O
v4-411-0,CORBIE,"CORBIE, (Géog. mod.)​ ville de France en Picardie sur la Somme, avec une Abbaye célebre. Long. 20d. 10′. 28″. lat. 49d. 54′. 32″.","[['49 54\' 32"" N 20 10\' 28"" E']]",,"49 54' 32"" N 20 10' 28"" E","49 54' 32"" N 20 10' 28"" E"
v4-481-0,CORMERY,"CORMERY, (Géog. mod.)​ petite ville de France en Touraine sur l’Indre. Long. 18. 30. lat. 49. 15.","[[""49 15' N 18 30' E""]]",,49 15' N 18 30' E,49 15' N 18 30' E
v4-522-0,COROGNE (la),"COROGNE (la), Géogr. mod.​ ville maritime d’Espagne, en Galice, avec un port très-commode. Long. 9. 20. lat. 43. 20.","[[""43 20' N 9 20' E""]]",,43 20' N 9 20' E,43 20' N 9 20' E
v4-53-0,CONSTANTINOPLE,"*​ CONSTANTINOPLE, (Géog.​ & Comm.​) l’une des plus grandes & plus riches villes de l’Europe, à l’extrémité de la Romanie, capitale de l’empire Ottoman, & la résidence des sultans. Elle étoit autrefois capitale de l’empire des Grecs en Orient. Elle est sur le détroit qui sépare l’Europe de l’Asie. Long. 46. 33. lat. 41. 4. Il s’y fait un commerce immense. C’est l’ancienne Bysance. Elle a été bâtie par Constantin : ce fut cet empereur qui y transporta le siége de l’empire. On l’appella la nouvelle Rome, & ce fut à juste titre ; car il y eut un sénat, un cirque, des théatres, un capitole, & en un mot tout ce qui se remarquoit dans l’ancienne Rome. Les Turcs s’en emparerent en 1453. Les nations Chrétiennes y ont presque toutes un ministre protecteur de leurs commerçans. Les Anglois, les Hollandois, & les Vénitiens, y portent des draps. Il faut que ces marchandises soient bien teintes, bien travaillées, bien aulnées. Il leur en vient aussi d’Espagne. On y commerce aussi beaucoup d’étoffes précieuses, en soie, or, & argent. Les François y débitent beaucoup de papier. Le reste des marchandises convenables pour ce lieu consiste en quincaillerie, aiguilles, rocailles, pierre de mine, fer-blanc, or & argent filés ; de la bonneterie ; quelques préparations pharmaceutiques, comme huile d’aspic, verdet, tartre, &c. certaines épiceries, comme sucre, camfre, vif-argent, cochenille, céruse, plomb, &c. On reçoit en échange des lettres, quelque laines, quelques peaux, de la potasse, de la cire, &c. On y vend beaucoup d’esclaves de l’un & de l’autre sexe ; ils viennent principalement de Géorgie, de Mingrelie, de Circassie, & de divers lieux voisins de la mer Noire. La vente s’en fait au jassir-barat ou marché des esclaves. C’est un endroit fermé de murailles, & planté de grands arbres. On commence par prier pour le sultan. Les jeunes filles sont nues, sous une couverture qui les enveloppe : un crieur en publie le prix : le marchand​ visite la marchandise ; si elle lui convient, il la paye & l’emmene.","[[""41 4' N 46 33' E""]]",,41 4' N 46 33' E,41 4' N 46 33' E
v4-655-0,COTATI,"COTATI, (Géog. mod.)​ ville d’Asie dans la presqu’ile de l’Inde, en-deçà du Gange, au royaume de Travanor. Long. 95. 8. lat. 8.","[[""8 N 95 8' E""]]",,8 N 95 8' E,8 N 95 8' E
v4-658-0,COTBUS,"COTBUS, (Géog. mod.)​ ville forte d’Allemagne dans la basse Lusace, sur la Sprée. Long. 33. 4. lat. 51. 40.","[[""51 40' N 33 4' E""]]",,51 40' N 33 4' E,51 40' N 33 4' E
v4-731-0,COVENTRY,"COVENTRY, (Géog. mod.)​ grande ville d’Angleterre au comté de Warwick, sur le Sherburn. Long. 16. 3. lat. 52. 25.","[[""52 25' N 16 3' E""]]",,52 25' N 16 3' E,52 25' N 16 3' E
v4-881-0,COURTENAI,"COURTENAI, (Géog. mod.)​ petite ville de France, dans l’île de France au Gâtinois. Long. 20. 45. lat. 48. 1.","[[""48 1' N 20 45' E""]]",,48 1' N 20 45' E,48 1' N 20 45' E
v4-892-0,COÛTANCES,"COÛTANCES, (Géog. mod.)​ ville considérable de France en basse Normandie, capitale du Cotentin près de la mer. Long. 16d. 12′. 25″. latit. 49d. 2′. 50″.","[['49 2\' 50"" N 16 12\' 25"" E']]",,"49 2' 50"" N 16 12' 25"" E","49 2' 50"" N 16 12' 25"" E"
v4-97-0,CONTESSA,"CONTESSA, (Géog.)​ ville considérable de la Turquie européenne, avec un port, dans la Macédoine. Long. 41. 35. lat. 40. 58.","[[""40 58' N 41 35' E""]]",,40 58' N 41 35' E,40 58' N 41 35' E
v5-105-0,DORCHELLET,"DORCHELLET, (Géog. mod.)​ capitale de la province de Dorset, en Angleterre. Elle est située sur la Frosne. Long. 15. 10. lat. 50. 41.","[[""50 41' N 15 10' E""]]",,50 41' N 15 10' E,50 41' N 15 10' E
v5-127-0,DORSTEN,"DORSTEN, (Géog. mod.)​ ville d’Allemagne au cercle de Westphalie : elle est située sur la Lippe. Long. 24. 38. lat. 51. 38.","[[""51 38' N 24 38' E""]]",,51 38' N 24 38' E,51 38' N 24 38' E
v5-1934-0,ESMOUTIER,"ESMOUTIER, (Géog. mod.)​ ville du Limosin, en France. Long. 19. 22 lat. 45. 45.","[[""45 45' N 19 22' E""]]",,45 45' N 19 22' E,45 45' N 19 22' E
v5-1953-0,ESPERNON,"ESPERNON, (Géog. mod.)​ ville de Beauce en France ; elle est située sur la Guesle. Long. 18. 20. lat. 48. 35.","[[""48 35' N 18 20' E""]]",,48 35' N 18 20' E,48 35' N 18 20' E
v5-1955-0,ESPINAL,"ESPINAL, (Géog. mod.)​ ville de Lorraine ; elle est située proche les montagnes de Vosge, sur la Moselle. Long. 24. 14. lat. 48. 22.","[[""48 22' N 24 14' E""]]",,48 22' N 24 14' E,48 22' N 24 14' E
v5-2041-0,ESTELLA ou L'ETOILE,"ESTELLA ou L’ETOILE, (Géog. mod.)​ petite ville du royaume de Navarre, en Espagne ; elle est située sur l’Ega. Long. 15. 50. lat. 42. 35.","[[""42 35' N 15 50' E""]]",,42 35' N 15 50' E,42 35' N 15 50' E
v5-2083-0,ESTREMOS ou EXTREMOS,"ESTREMOS ou EXTREMOS, (Géog. mod.)​ ville de l’Alentéjo ; en Portugal : elle est située sur la Tera. Long. 10. 46. lat. 38. 44.","[[""38 44' N 10 46' E""]]",,38 44' N 10 46' E,38 44' N 10 46' E
v5-21-0,DOESBOURG,"DOESBOURG, (Géog. mod.)​ ville du comté de Zutphen, aux Provinces-Unies ; elle est située sur la rive droite de l’Issel, au confluent du vieil Issel. Long. 23. 42. lat. 52. 3.","[[""52 3' N 23 42' E""]]",,52 3' N 23 42' E,52 3' N 23 42' E
v5-235-0,DREUX,"DREUX, (Géog. mod.)​ ville de l’île de France avec titre de comté. Elle est sur la Blaise, au pié d’une montagne. Long. 19. 1′. 24″. lat. 48. 44. 17.","[['48 44\' 17"" N 19 1\' 24"" E']]",,"48 44' 17"" N 19 1' 24"" E","48 44' 17"" N 19 1' 24"" E"
v5-240-0,DRIESEN,"DRIESEN, (Géog. mod.)​ ville d’Allemagne dans la nouvelle marche de Brandebourg ; elle est sur la Warte. Long. 33. 36. lat. 52. 46.","[[""52 46' N 33 36' E""]]",,52 46' N 33 36' E,52 46' N 33 36' E
v5-304-0,DUISBOURG,"DUISBOURG, (Géog. mod.)​ ville d’Allemagne, au cercle de Westphalie, & au duché de Cleves ; elle est sur la Roër proche le Rhin, & elle appartient au roi de Prusse. Long. 24. 25. lat. 51. 24.","[[""51 24' N 24 25' E""]]",,51 24' N 24 25' E,51 24' N 24 25' E
v5-313-0,DUMBLANC,"DUMBLANC, (Géog. mod.)​ ville d’Ecosse, dans le Monteith ; elle est sur la Thecth. Long. 14. 16. latit. 56. 34.","[[""56 34' N 14 16' E""]]",,56 34' N 14 16' E,56 34' N 14 16' O
v5-350-0,DURAS,"DURAS, (Géog. mod.)​ ville de France en Guienne, dans l’Agénois : elle est sur une riviere qui se jette dans le Dort ; elle a titre de duché. Long. 17. 45. lat. 45. 42.","[[""45 42' N 17 45' E""]]",,45 42' N 17 45' E,45 42' N 17 45' E
v5-356-0,"DURE, DUREN, DUEREN","DURE, DUREN, DUEREN, (Géog. mod.)​ ville du cercle de Westphalie, au duché de Juliers en Allemagne ; elle est sur la Roer. Long. 24. 15. lat. 50. 46.","[[""50 46' N 24 15' E""]]",,50 46' N 24 15' E,50 46' N 24 15' E
v5-368-0,"DUSLINGE, DUSLINGEN","DUSLINGE, DUSLINGEN, (Géog. mod.)​ ville de la Soüabe en Allemagne ; elle est sur le Danube. Long. 26. 27. lat. 48. 8.","[[""48 8' N 26 27' E""]]",,48 8' N 26 27' E,48 8' N 26 27' E
v5-38-0,DOLE,"DOLE, (Géog. mod.)​ ville de la Franche-Comté en France ; elle est située sur le Doure. Long. 23d10′6″. lat. 47d5′42″.","[['47 5\' 42"" N 23 10\' 6"" E']]",,"47 5' 42"" N 23 10' 6"" E","47 5' 42"" N 23 10' 6"" E"
v5-583-5,Ecluse ou Sluis,"Ecluse ou Sluis, (Géogr. mod.)​ ville du comté de Flandres, aux Pays-bas hollandois. Long. 20. 54. lat. 51. 18.


Il y a une autre ville du même nom dans la Flandre walonne.","[[""51 18' N 20 54' E""]]",,51 18' N 20 54' E,51 18' N 20 54' E
v5-66-1,Domingue (Saint),"Domingue, (saint) capitale de l’île. Elle est située sur la rive méridionale de l’Ozama. Lon. 308. 20. lat. 18. 20.","[[""18 20' N 308 20' E""]]",,18 20' N 308 20' E,18 20' N 308 20' O
v5-683-0,EDINBOURG,"EDINBOURG, (Géog.)​ capitale de l’Ecosse, le siége de ses rois avant la mort d’Elisabeth reine d’Angleterre, & celui de son Parlement avant l’union des deux royaumes. La marée monte environ jusqu’à vingt milles de ses murs. Sa situation est à une lieue & demie de la mer dans un terrain agréable & fertile. Elle est commandée par un château très-fort appellé Mayden-castle, c’est-à-dire le château des vierges, parce que les rois des Pictes y gardoient leurs filles. Son université est un batiment spacieux, où les professeurs & les étudians sont bien logés. Les siences & la médecine en particulier y fleurissent avec honneur. Sa bibliotheque possede 105 sceaux des princes de Boheme, de Moravie & autres, avec l’original de la protestation des Bohémiens contre le concile de Constance, qui malgré le sauf-conduit, brûla Jean Hus & Jérôme de Prague en 1417. Le nombre de ses habitans va aujourd’hui (1755), à plus de 33000 ames. Long. 14d34′55″ lat. 55. 55. Art. de M. le Chevalier de Jaucourt​.","[['55 55\' N 14 34\' 55"" E']]",,"55 55' N 14 34' 55"" E","55 55' N 14 34' 55"" O"
v5-705-0,EFFERDING,"EFFERDING, (Géog. mod.)​ ville de la Haute-Autriche en Allemagne. Long. 31. 48. lat. 48. 18.​","[[""48 18' N 31 48' E""]]",,48 18' N 31 48' E,48 18' N 31 48' E
v5-772-0,EGRA,"EGRA, (Géog.)​ ville de Boheme sur la riviere d’Eger, à l’extrémité du royaume & des frontieres du haut Palatinat. Elle étoit autrefois impériale, & elle est présentement sujette à la maison d’Autriche ; sa distance est à quatre milles d’Allemagne, d’Elnbogen, à neuf d’Amberg, à vingt de Prague, à quatre-vingt-deux N. O. de Vienne. Long. 31. lat. 50. 2.


Cette ville a été brûlée en 1270, a souffert de​ grands malheurs pendant les guerres civiles de religion, & a été prise & reprise dans les dernieres campagnes de Boheme de 1742. En 1350 on y extermina cruellement tous les Juifs ; malheureuse nation dont on s’est joüé sans pitié dans tous les pays de l’Europe ! En 1634 l’empereur Ferdinand II. y fit assassiner le célebre Albert Walstein, sous prétexte d’une conjuration que le tems n’a jamais développée. Gaspard Bruschius poëte & historien, né à Egra en 1518, y fut pareillement assassiné par quelques gentilshommes en 1559. Article de M. le Chevalier de Jaucourt​.","[[""50 2' N 31 E""]]",,50 2' N 31 E,50 2' N 31 E
v5-805-0,EISENACH,"EISENACH, (Géog. mod.)​ ville capitale d’une contrée de même nom, dans la Thuringe en Allemagne. Elle est sur la Hesse. Long. 28. 6. lat. 50. 59.","[[""50 59' N 28 6' E""]]",,50 59' N 28 6' E,50 59' N 28 6' E
v5-809-0,EKELENFORD,"EKELENFORD, (Géog. mod.)​ ville du duché de Sleswig sur la mer Baltique, dans le Danemark. Long. 27. 55. lat. 54. 40.","[[""54 40' N 27 55' E""]]",,54 40' N 27 55' E,54 40' N 27 55' E
v5-830-0,ELCATIF,"ELCATIF, (Géog. mod.)​ ville de l’Arabie heureuse, sur la côte occidentale du golfe Persique, en Asie. Long. 70. 40. lat. 26.","[[""26 N 70 40' E""]]",,26 N 70 40' E,26 N 70 40' E
v5-900-0,ELNE,"ELNE, (Géog. mod.)​ ville du Roussillon en France ; elle est sur le Tech proche la Méditerranée. Long. 20. 40. lat. 42. 30.","[[""42 30' N 20 40' E""]]",,42 30' N 20 40' E,42 30' N 20 40' E
v5-907-0,ELPHIN,"ELPHIN, (Géog. mod.)​ ville du comté de Roscommon, en Irlande. Long. 19.20. lat. 53.56.","[[""53 56' N 19 20' E""]]",,53 56' N 19 20' E,53 56' N 19 20' O
v6-185-0,EVERHAM,"EVERHAM, (Géog. mod.)​ ville du Worcestershire, en Angleterre. Elle est située sur l’Avon. Long. 15. 44. lat. 52. 10.","[[""52 10' N 15 44' E""]]",,52 10' N 15 44' E,52 10' N 15 44' E
v6-214-0,EVORA,"EVORA, (Géog. mod.)​ capitale de l’Alentéjo, en Portugal. Long. 10. 25. lat. 38. 28.","[[""38 28' N 10 25' E""]]",,38 28' N 10 25' E,38 28' N 10 25' O
v6-334-0,EXJIA ou ECIJA,"EXJIA ou ECIJA, (Géog. mod.)​ ville de l’Andalousie, en Espagne ; elle est située sur le Xenil. Long. 13. 23. lat. 37. 22.","[[""37 22' N 13 23' E""]]",,37 22' N 13 23' E,37 22' N 13 23' O
v6-470-0,FAENZA,"FAENZA, (Géog.)​ Velleius Paterculus, liv. II. chap. xxviij. Silius Italicus, lib. VIII. v. 596. & Pline, lib. XIX. cap. j. en parlent : ancienne ville d’Italie dans l’état de l’Église & dans la Romagne, sur la riviere de l’Amona, à 11 milles de Forli, & à presqu’autant d’Imola, sur la voie flaminienne. Elle est célebre par la vaisselle de terre que l’on y a inventée, qui porte son nom, & qui depuis a été imitée, & perfectionnée en France, en Angleterre, en Hollande, & ailleurs (voyez l’art. Fayence) ; mais ce qui a le plus contribué à donner de la réputation à la vaisselle de terre de Faënza, qu’on nomme en Italie la Majolica, c’est que des peintres du premier ordre, comme Raphaël, Jules Romain, le Titien, & autres, ont employé leur pinceau à peindre quelques-uns des vases de fayence de cette ville, qui sont par cette raison d’un très-grand prix. Faenza a encore la gloire d’être la patrie du fameux Torricelli. Longit. 29. 28. lat. 44. 18. (D. J.)​","[[""44 18' N 29 28' E""]]",,44 18' N 29 28' E,44 18' N 29 28' E
v6-504-1,Falaise,"Falaise, (Géog.)​ Falesia, ville de France dans la basse Normandie, située sur le ruisseau d’Ante, entre Caën & Seez, & bâtie par les Normans, suivant l’abbé de Longuerue. Elle est renommée dans le pays par son commerce de serges, de toiles, & par la foire de Guibray l’un de ses fauxbourgs. Elle étoit déjà connue sous Guillaume le Conquérant, & elle est remarquable par la naissance de ce prince, par celle de Roch le Baillif surnommé la Riviere, medecin du roi, qui a publié les antiquités de la Bretagne armorique, & encore par la naissance de Gui le Fevre sieur de la Boderie, précepteur du duc d’Alençon frere d’Henri III, très-savant dans les langues orientales. Long. selon Cassini, 17d19′23″. latit. 48d53′28″. (D. J.)​","[['48 53\' 28"" N 17 19\' 23"" E']]",,"48 53' 28"" N 17 19' 23"" E","48 53' 28"" N 17 19' 23"" E"
v6-510-0,FALCKENBERG,"FALCKENBERG, (Géog.)​ petite ville maritime de Suede, dans le Halland sur la mer Baltique. Long. 29. 55. lat. 56. 54.","[[""56 54' N 29 55' E""]]",,56 54' N 29 55' E,56 54' N 29 55' E
v6-599-0,FAVAGNANA ou FAVIGLIANA,"FAVAGNANA ou FAVIGLIANA, (Géog.)​ Ægusa des anciens. Petite île d’Italie d’environ six lieues de tour dans la mer de Sardaigne, sur la côte occidentale de la Sicile, avec un fort appellé fort de Sainte-Catherine. Long. 30. 20. lat. 38. selon de Lisle. (D. J.)​","[[""38 N 30 20' E""]]",,38 N 30 20' E,38 N 30 20' E
v6-638-0,FAYAL,"FAYAL, (Géog.)​ île de l’Océan Atlantique, l’une des Açores, d’environ 18 milles de longueur, appartenante aux Portugais, mais elle a d’abord été découverte & habitée par les Flamands. Voy. Mandeslo, voyage des Indes, liv. III. & Linschot. Elle est abondante en bétail, en poisson, & en pastel, qui seul y attire les Anglois : le principal lieu où l’on aborde, est la rade de Villa d’Orta. L’extrémité orientale de cette île, est par le 350 degré de longitude, & le milieu sous le 39 degré 30′ de latitude, selon l’isolaire du P. Coronelli. (D. J.)​","[[""39 30' N 350 E""]]",,39 30' N 350 E,39 30' N 350 E
v6-708-0,FERDINANDINE,"FERDINANDINE, (Géog.)​ petite ville de la côte occidentale de l’île de Luçon, près de l’embouchure de la riviere de Bigan : Gemelli Careri fixe l’époque de sa fondation en 1574. Elle est par les 138d de longit. & par les 17d30′ de latitude septentrionale.","[[""17 30' N 138 E""]]",,17 30' N 138 E,17 30' N 138 E
v6-711-0,FERENTINO ou FIORENTINO,"FERENTINO, (Géog.)​ ou FIORENTINO, comme disent les Italiens, Ferentium, petite ville d’Italie & de l’état de l’Eglise, dans la campagne de Rome, avec un évêché qui ne releve que du pape : elle est sur une montagne à 3 li. N. E. d’Anagny, 15 S. E. de Rome. Long. 30. 52. lat. 41. 43.","[[""41 43' N 30 52' E""]]",,41 43' N 30 52' E,41 43' N 30 52' E
v6-728-0,FERMO ou FIRMO,"FERMO ou FIRMO, Firmium, (Géog.)​ ville de l’état de l’Église, dans la Marche d’Ancone, avec un archevêché érigé en 1589 par Sixte V. remarquable par la naissance de Lactance, & du P. Annibal Adami, jésuite italien, né en 1626, connu par des ouvrages de poésie & d’éloquence. Elle est aussi la patrie du cardinal Phil. Ant. Gualtério, qui y naquit en 1660, & qui cultiva sans cesse les Arts & les Sciences avec une espece de passion. Deux fois il perdit ses livres & ses manuscrits, entr’autres une histoire universelle qu’il avoit composée, dont les matériaux formoient quinze grandes caisses ; ses médailles, ses recueils de toutes sortes de raretés : & réparant toûjours ses pertes, il laissa après sa mort, arrivée en 1727, une nouvelle bibliotheque de 32 mille volumes imprimés ou manuscrits, outre une dixaine de cabinets remplis de curiosités de l’art & de la nature.


Je reviens à Fermo : elle est située proche du golfe de Venise, à 7 lieues S. E. de Macérata, 9 N. E. d’Ascoli, 13 S. E. d’Ancone, 40 N. E. de Rome. Long. 31. 28. lat. 43. 8. (C. D. J.)​","[[""43 8' N 31 28' E""]]",,43 8' N 31 28' E,43 8' N 31 28' E
v6-731-0,FERNANDO,"FERNANDO, (Géog.)​ île de la mer du Sud, d’environ douze lieues de tour, à quelque distance du Chily, découverte par Jean Fernando, mais qui est encore deserte. Longit. 302. 40. lat. mérid. 36. 30. (D. J.)​","[[""36 30' S 302 40' E""]]",,36 30' S 302 40' E,36 30' S 302 40' O
v6-740-0,FERRANDINE,"FERRANDINE, (Géog.)​ petite ville d’Italie au royaume de Naples dans la Balizicate, sur le Basiento, avec titre de duché. Long. 43. 10. lat. 41. 40. (D. J.)​","[[""41 40' N 43 10' E""]]",,41 40' N 43 10' E,41 40' N 43 10' E
v6-746-0,FERRETE,"FERRETE, (Géog.)​ par les Allemands Pfirth, en latin Fierritum ; petite ville d’Alsace sur la riviere d’Ill, chef-lieu d’un comté de même nom, dans le Sundgaw-propre, sujette à la France depuis 1648. Ferrette ressortit du conseil de Colmar, & est dans un terroir très-fertile, à 4 lieues S. O. de Bâle, 9 E. de Montbelliard. Long. 25d. 10′. lat. 47d. 40′. (D. J.)​","[[""47 40' N 25 10' E""]]",,47 40' N 25 10' E,47 40' N 25 10' E
v6-762-0,FESSEN ou FISEN,"FESSEN ou FISEN, (Géog.) contrée de Numidie qui confine avec les deserts de la Libye, & dans laquelle sont les ruines d'Eléocat, à 60 journées du Caire. Cette contrée comprend plusieurs villages & villes, dont la capitale est à 44d de long. & à 26 de latit. Voyez Marmol, & de la Croix sur l'Afrique. (D.J.)",[['26 N 44 E']],,26 N 44 E,26 N 44 E
v6-783-0,FEVERSHAM,"FEVERSHAM, (Géogr.)​ petite ville à marché d’Angleterre, avec titre de comté, dans la province de Kent, entre Cantorberi & Rochester, sur un petit golfe. Elle est remarquable dans l’histoire ecclésiastique d’Angleterre, par un monastere de l’abbaye de l’ordre de Clugny, que le roi Etienne y fonda, & où la reine sa femme, le prince Eustache son fils, & lui, furent inhumés. Voyez Rappin Thoyras, tome II. p. 140. Feversham est à 5 lieues E. de Rochester, 12 lieues de Londres. Longit. 18. 25. latit. 51. 19. (D. J.)​","[[""51 19' N 18 25' E""]]",,51 19' N 18 25' E,51 19' N 18 25' E
v6-858-0,FIESOLI,"FIESOLI, (Géog.)​ ancienne petite ville d’Italie, connue des Romains sous le nom de Fesula, dans le Florentin, sur une côte, avec un évêché suffragant de Florence, & à deux lieues de cette ville. Elle ne vaut guere mieux aujourd’hui qu’un village. C’est la patrie de Jean Angelic, surnommé de Fiesole, religieux Dominiquain, mort en 1455, & qui se seroit distin-​gué parmi les peintres, s’il n’avoit eu l’imbécillité de laisser dans ses plus beaux ouvrages des fautes grossieres, afin de modérer les loüanges qu’une trop grande perfection pouvoit lui attirer. Mais Varchi (Benoist) natif de cette ville, s’est acquis de la considération par ses poésies italiennes & par d’autres écrits. Il mourut à Florence en 1566, âgé de 63 ans. Long. 28d. 59′. Lat. 43d. 44′. (D. J.)​","[[""43 44' N 28 59' E""]]",,43 44' N 28 59' E,43 44' N 28 59' E
v6-933-0,FIRENZUOLA,"FIRENZUOLA, (Géog.)​ petite ville de Lombardie au duché de Parme, dans une belle plaine, à 8 lieues N. O. de Parme. Long. 27d25′. Lat. 44d56′. (D. J.)​","[[""44 56' N 27 25' E""]]",,44 56' N 27 25' E,44 56' N 27 25' E
v6-994-0,FLENSBOURG,"FLENSBOURG, (Géogr.)​ petite ville de Danemarck dans le duché de Sleswick, partie du Jutland, avec une bonne citadelle, & sur le golfe de même nom, Flensburgenwich. Elle est située à six lieues N. de Sleswick, à quatre lieues O. de l’île d’Alsen, & à neuf de l’Odenzée, S. Long. 27. 12. lat. 54. 50. (D. J.)​","[[""54 50' N 27 12' E""]]",,54 50' N 27 12' E,54 50' N 27 12' E
v7-1019-0,GHÉRON,"GHÉRON, (Géog.) ville de Perse dans le Farsistan. Long. 893. latit. 28. 30. (D. J.)","[[""28 30' N 89 E""]]",,28 30' N 89 E,28 30' N 893 E
v7-1088-0,GIRONE,"GIRONE, Gerunda, (Géog.)​ ancienne, forte, & considérable ville d’Espagne, capitale d’une grande viguerie dans la Catalogne, avec un évêché suffragant de Tarragone, érigé en l’an 500, suivant l’abbé de Commanville ; elle est sur le Ter, à sept lieues de la mer, seize de Perpignan, cinq nord-oüest de Palamos, dix-neuf nord-est de Barcelonne. Longit. 20d. 32′. latit. 41d. 56′.


C’est la patrie de Nicolas Eymeric, qui y mourut inquisiteur général le 4 Janvier 1399 : le principal ouvrage de ce fameux dominicain est intitulé, le directoire des inquisiteurs ; ouvrage digne des pays où le tribunal qu’ils nomment la sainte inquisition exerce son cruel empire. (D. J.)​","[[""41 56' N 20 32' E""]]",,41 56' N 20 32' E,41 56' N 20 32' E
v7-1121-0,GLANDEVE,"GLANDEVE, Glanatica ou Glanaliva ; (Géogr.)​ c’étoit autrefois une ville de France en Provence, érigée dans le moyen âge ; mais maintenant ruinée. Elle étoit sur le Var, au pié des Alpes, aux confins du comté de Nice, & à 8 lieues N. O. de Ni-​ce. Il ne reste plus rien de l’ancienne ville de Glandeve que la maison de l’évêque, qui est suffragant d’Embrun. On ne compte qu’environ cinquante paroisses dans son diocèse ; mais il y en a une dont le nom est devenu immortel, parce que M. de Peyresc, l’un des plus doctes & des plus vertueux hommes de son tems, l’a porté. Il mourut à Aix en 1637, âgé de cinquante-sept ans. Gassendi a écrit sa vie, & c’est un chef-d’œuvre en ce genre. Long. de Glandeve détruite par les débordemens du Var. 24d. 38′. latit. 43d. 59. (D. J.)​","[[""43 59' N 24 38' E""]]",,43 59' N 24 38' E,43 59' N 24 38' E
v7-1180-0,GNESNE,"GNESNE, Gnesna, (Géog.)​ anciennement Limiosaleum, capitale de la grande Pologne, au palatinat de Calish, avec un archevêché dont l’archevêque est primat de Pologne, légat né du pape, premier prince & viceroi durant l’interregne. C’est la premiere ville bâtie en Pologne, & fondée par Lechus qui y fit sa résidence, aussi-bien qu’un grand nombre de ses successeurs. Elle étoit autrefois bien plus considérable qu’elle n’est aujourd’hui. Les chevaliers de l’ordre de Prusse la prirent & la ravagerent en 1331, & le feu la consuma en 1613. Elle est à quatre lieues nord-oüest de Breslaw, 48 sud-est de Dantzick, 50 nord-oüest de Cracovie. Long. 35. 55. latit. 52. 28. (D. J.)​","[[""52 28' N 35 55' E""]]",,52 28' N 35 55' E,52 28' N 35 55' E
v7-1189-0,"GOAR (Saint-), ou S. GOWER","GOAR (Saint-), ou S. GOWER, sancti Goaris villa, (Géog.)​ est une petite ville dans le cercle du haut Rhin, capitale du comté de Catzenellbogen, avec un château pour défense ; elle est sur le Ruin, à six lieues sud-est de Coblents, sept nord-oüest de Mayence, dix-neuf nord-est de Treves. Long. 25. 19. latit. 50. 2. (D. J.)​","[[""50 2' N 25 19' E""]]",,50 2' N 25 19' E,50 2' N 25 19' E
v7-1218-0,GOLDINGEN,"GOLDINGEN, (Géogr.)​ petite ville de Curlande, avec un château sur la riviere de Weta, & sur la route de Konigsberg à Riga. Elle est au roi de Pologne. Long. 40. 6. lat. 56. 48. (D. J.)​","[[""56 48' N 40 6' E""]]",,56 48' N 40 6' E,56 48' N 40 6' E
v7-1246-0,GONGA,"GONGA, (Géog.)​ ville de la Turquie européenne, dans la Romanie, près de Marmora, à 15 lieues N. E. de Gallipoli. Long. 45. 6. lat. 40. 53. (D. J.)​","[[""40 53' N 45 6' E""]]",,40 53' N 45 6' E,40 53' N 45 6' E
v7-1288-0,GOTHENBOURG,"GOTHENBOURG, Gothoburgum, (Géog.)​ forte ville de Suede dans la Westrogothie, avec un bon port à l’embouchure méridionale de la Gothelba, à une lieue suedoise d’Elfsborg, deux sued. de Bahus, 30 nord-oüest de Copenhague, 60 sud-oüest de Stockholm. Cette ville n’est pas ancienne ; elle fut fondée en 1607 sous le regne de Charles IX, & depuis ce tems les rois de Suede lui ont accordé de grands privileges ; c’est ici que la mort arrêta les vastes projets que formoit Charles Gustave X. contre le Danemark. Il y mourut le 23 Février 1660 à l’âge de 37 ans. Long. 29. 25. latit. septent. 57. 40. 54. (D. J.)​","[['57 40\' 54"" N 29 25\' E']]",,"57 40' 54"" N 29 25' E","57 40' 54"" N 29 25' E"
v7-1311-1,"Goulette, (la)","Goulette, (la) Géog.​ fort considérable d’Afrique sur la côte de Barbarie ; ce fort est composé de deux châteaux. Le corsaire Barberousse le prit en 1535 ; Charles V. l’emporta d’assaut en 1536 ; mais Selim II. s’en empara en 1574. Il est à huit lieues N. de Tunis, sur la lagune de Tunis à l’endroit le plus étroit. Long. 28. 25. latit. 37. 10. (D. J.)​","[[""37 10' N 28 25' E""]]",,37 10' N 28 25' E,37 10' N 28 25' E
v7-1328-0,GOURNAY,"GOURNAY, Gornœum, (Géogr.)​ ville de France en Normandie, au pays de Bray. Elle est sur l’Epte, à 6 lieues de Beauvais, 10 de Rouen, 21 N. O. de Paris. Long. 18. 8. lat. 49. 25.


Guédier de Saint-Aubin, (Henri Michel) docteur de Sorbonne, naquit dans cette ville, & mourut en Sorbonne en 1742 à 47 ans. On a de lui un ouvrage pieux intitulé, histoire sainte des deux alliances, imprimé à Paris en 1741, en 7 vol. in-12. (D. J.)​","[[""49 25' N 18 8' E""]]",,49 25' N 18 8' E,49 25' N 18 8' E
v7-1354-0,GRACCHURIS,"GRACCHURIS, (Géog. anc.) ancienne ville de l'Espagne tarragonoise dont parlent Tite-Live, Antonin & Ptolomée. Titus Gracchus Sempronius proconsul, ayant vaincu les Celtibériens, les reçut à composition ; & pour laisser en Espagne un monument de ses travaux, il bâtit la ville de Gracchuris: Festus Pompeius prétend néanmoins qu'elle existoit long-tems avant Sempronius, & qu'on l'appelloit alors Illurcis ; mais que ce fameux général romain l'ayant reparée & augmentée considerablement, il lui donna son nom. Quoi qu'il en soit, Gracchuris est présentement la ville d'Agréda, où naquit la religieuse espagnole, qui après en avoir pris le surnom fit tant de bruit dans le siecle passé par une vie de la sainte Vierge, qu'elle intitula mystique cité de Dieu. Agréda est dans la vieille Castille, à trois lieues sud-ouest de Tarragone. Long. 15. 54. l. 41. 53. (D. J.)","[[""41 53' N 15 54' E""]]",,41 53' N 15 54' E,41 53' N 15 54' E
v7-1389-0,GRAN,"GRAN, Strigonium, (Géog.)​ ville de la basse Hongrie, avec un archevêché, dont l’archevêque est chancelier d’Hongrie. Le sultan Soliman prit Gran en 1543 ; le prince Charles de Mansfeld la reprit en 1595 ; les Turcs y rentrerent en 1604 ; enfin les Impériaux les en chasserent en 1683. Elle est sur le Danube, à 8 lieues S. E. de Comorre, 10 N. O. de Bude, 13 E. de Raab, 14 N. E. d’Albe-royale, 35 S. E. de Vienne. Long. 36. 35. latit. 48. 4. (D. J.)​","[[""48 4' N 36 35' E""]]",,48 4' N 36 35' E,48 4' N 36 35' E
v7-1442-0,GRAY,"GRAY, Gradicum, (Géog.)​ ville de France dans la Franche-Comté, capitale du Bailliage d’Amont. Elle étoit déjà connue vers l’an 1050 ; elle est sur la Sône, à 5 lieues N. de Dole, 10 N. O. de Besançon, 8 N. E. de Dijon. 23d15′. latit. 47d29′52″. (D. J.)​","[['47 29\' 52"" N 23 15\' E']]",,"47 29' 52"" N 23 15' E","47 29' 52"" N 23 15' E"
v7-1462-4,Grenade,"Grenade, (Géog.)​ grande ville d’Espagne, capitale du royaume de ce nom, avec un archevêché & une université, érigée depuis que Ferdinand V. conquit cette ville sur les Maures en 1492 Ils l’avoient fondé dans le dixieme siecle, & c’étoit le dernier domaine qui leur restoit dans cette partie de l’Europe. Ferdinand V. surnommé le Catholique, ne se fit point de scrupule d’attaquer son ancien allié Boabdilla, qui en étoit alors le maître. Le siége dura huit mois, au bout desquels Boabdilla fut obligé de la rendre. Les contemporains ont écrit qu’il versa des larmes en se retournant vers les murs de cette ville si peuplée, si riche, ornée du vaste palais des rois Maures ses ayeux, dans lequel se trouvoient les plus beaux bains du monde, & dont plusieurs sales voûtées étoient soûtenues sur cent colonnes d’albâtre. Quoique cette ville ait beaucoup perdu de sa splendeur, cependant les édifices publics y sont encore magnifiques, & il s’y fait un grand commerce de soie qui passe pour la meilleure de l’Europe.


Grenade est d’une situation très-riante & très-avantageuse, sur la riviere du Darro & du Xénil qui en baigne les murailles, à 50 lieues S. O. de Murcie, 25 N. E. de Malaga, 45 S. E. de Séville, 90 S. E. de Madrid. Long. 18. 19. lat. 37. 30.


Cette ville est la patrie de Louis de Grenade, de Suarez, & de Marmol. Le premier étoit dominicain, & publia deux volumes in-folio sur la vie spirituelle. Il mourut en 1588, âgé de 84 ans. Le jésuite Suarez composa vingt-trois volumes de philosophie, de morale & de théologie scholastique. Marmol écrivit en espagnol une description générale d’Afrique, livre utile & que M. d’Ablancourt n’a point dédaigné de traduire en françois. (D. J.)​","[[""37 30' N 18 19' E""]]",,37 30' N 18 19' E,37 30' N 18 19' E
v7-1489-0,GRIFFENHAGEN,"GRIFFENHAGEN, viritium, (Géog.)​ ville d’Allemagne, dans la Poméranie prussienne, au duché de Stétin, sur l’Oder, à 4 lieues de la ville de Stétin. Long. 38. 45. latit. 53. 17.


Elle ne fut érigée en ville que l’an 1262, après avoir été prise & reprise durant les guerres civiles de l’Empire. Elle a été finalement cédée à l’électeur de Brandebourg par le traité de Saint-Germain-en-Laye en 1679.


Griffenhagen est la patrie d’André Muller, dont les ouvrages montrent la grande érudition qu’il avoit acquise dans les langues orientales & la littérature chinoise ; il mourut en 1694. (D. J.)​","[[""53 17' N 38 45' E""]]",,53 17' N 38 45' E,53 17' N 38 45' E
v7-1557-0,GROTKAW,"GROTKAW, (Géog.)​ petite ville d’Allemagne, capitale de la principauté de même nom, qu’on appelle aussi la principauté de Neiss, en Silésie. Elle est située dans une plaine fertile, à quatre lieues S. O. de Brieg, dix S. O. de Breslau, douze N. E. de Glatz. Long. 35. 10. lat. 50. 42. (D. J.)​","[[""50 42' N 35 10' E""]]",,50 42' N 35 10' E,50 42' N 35 10' E
v7-1588-0,GUADARAMA,"GUADARAMA, (Géog.)​ petite ville d’Espagne dans la vieille Castille ; elle est sur le Guadaran, à 10 lieues N. O. de Madrid, 6 S. de Ségovie. Long. 13. 53. lat. 40. 43. (D. J.)​","[[""40 43' N 13 53' E""]]",,40 43' N 13 53' E,40 43' N 13 53' O
v7-1617-0,GUARDIA-ALFÉREZ,"GUARDIA-ALFÉREZ, (Géograph.)​ petite ville d’Italie presque deserte au royaume de Naples, dans le comté de Molise, avec un évêché suffragant de Bénevent. Elle est sur le Tiferno, à deux lieues N. O. de Larino. Long. 32. 28. lat. 41. 50. (D. J.)​","[[""41 50' N 32 28' E""]]",,41 50' N 32 28' E,41 50' N 32 28' E
v7-1623-1,Guatimala,"Guatimala, (Géogr.)​ grande & riche ville de l’Amérique septentrionale dans la nouvelle Espagne, capitale de la province du même nom, avec un évêché, & une école que les Espagnols nomment université. Cette ville est située dans une vallée environnée de hautes montagnes qui semblent pendre dessus, du côté de l’orient. Il y en a une entierement stérile, sans verdure, couverte de cendres, de pierres, & de cailloux calcines ; c’est le gibel de l’Amérique, terrible volcan qui vomit sans cesse des flammes, des torrens de feu bitumineux, & quelquefois jette des pierres & des roches qui pourront un jour détruire Guatimala de fond-en-comble ; elle fait néanmoins un commerce considérable avec le Mexique par le secours des mulets, & par la mer avec le Pérou. Long. 286. 5. lat. 14. 6. (D. J.)​","[[""14 6' N 286 5' E""]]",,14 6' N 286 5' E,14 6' N 286 5' O
v7-1646-0,GUERET,"GUERET, Varactus, (Géog.)​ petite ville de France dans la Haute-Marche, dont elle est la capitale : elle est sur la Gartampe, à dix lieues N. E. de Limoges. Long. 19. 32. lat. 46. 10.


Varillas, (Antoine) historien françois plus fécond qu’exact, plus agréable que fidele, naquit à Gueret en 1624, & mourut à Paris le 9 Juin 1696. (D. J.)​","[[""46 10' N 19 32' E""]]",,46 10' N 19 32' E,46 10' N 19 32' E
v7-1753-0,GUTZKOW,"GUTZKOW, (Géog.)​ petite ville d’Allemagne, capitale d’un comté de même nom, appartenante à la Suede ; les Danois & les Russiens la saccagerent en 1357. Elle est sur la Péene, à 4 lieues S. O. de Wolgtz, 15 N. E. de Gustrow. Long. 31. 32. latit. 54. 4. (D. J.)​","[[""54 4' N 31 32' E""]]",,54 4' N 31 32' E,54 4' N 31 32' E
v7-1757-0,GYFHORN,"GYFHORN, (Geog.)​ petite ville d’Allemagne, dans la basse-Saxe, au duché de Lunebourg, sur l’Aller & l’Ise qui s’y joignent ensemble, à 10 lieues N. E. de Brunswick, 9 S. E. de Zell. Long. 28. 24. lat. 52. 36. (D. J.)​","[[""52 36' N 28 24' E""]]",,52 36' N 28 24' E,52 36' N 28 24' E
v7-217-6,Four (le-),"Four (le-), Géog.​ écueil ou grande roche toûjours découverte, sur la côte de Bretagne, vis-à-vis du bourg d’Argenton : c’est à cause de cette roche, que l’on nomme le passage du Four la route que prennent les navires entre la côte de Bretagne & les îles d’Ouessant, pour éviter le grand nombre de rochers dont cette côte est bordée. Les tables des Hollandois donnent à cet écueil 11d54′. de longit. & 48d35′. de latit. (D. J.)​","[[""48 35' N 11 54' E""]]",,48 35' N 11 54' E,48 35' N 11 54' O
v7-285-0,FRANCFORT sur le Mein,"FRANCFORT sur le Mein, s. m. (Géog.) ville d'Allemagne en Wétéravie, aux confins de la Franconie, entre la ville d'Hanaw & celle de Mayence. Francfort est partagé en deux par le Mein, que l'on y passe sur un pont de pierre. La partie qui est sur le bord septentrional du fleuve, porte proprement le nom de Francfort ; on appelle l'autre Saxen-Hansen, c'est-à-dire les maisons des Saxons. Ces deux parties sont fortifiées avec des bastions à l'antique, un fossé plein d'eau, & un chemin-couvert. Cette ville est la patrie de Charles le Chauve, roi de France : elle est riche, impériale, anséatique, peuplée, & marchande ; on y tient deux foires chaque année, l'une au printems, & l'autre en automne, où entr'autres marchandises, il se fait un grand commerce de livres. C'est-là que les électeurs se rendent pour élire un empereur ou un roi des Romains, conformément eu non conformément à la bulle d'or de l'empereur Charles IV. dont l'original se garde à la maison-de ville ; c'est un parchemin in-4°. de quarante-trois feuilles, selon Wagenseil. Francfort est fameux par son concile de l'an 794, un des plus célebres qui se soient tenus dans l'occident : Charlemagne, en qualité d'empereur, y exerça la même autorité qu'avoient autrefois les empereurs d'orient dans les conciles, depuis qu'ils eurent embrassé le Christianisme. On rejetta dans ce concile le second concile de Nicée, dans lequel on avoit rétabli le culte des images. Voyez Iconoclastes. Francfort embrassa la confession d'Augsbourg l'an 1530; le magistrat, & presque tout le peuple, sont de cette confession ; les Réformés, les Catholiques Romains, & même les Juifs, y sont également bien reçûs, & y habitent avec liberté, quoiqu'ils n'y ayent point d'exercice public de leurs religions, mais on les tolere avec autant de sagesse que de profit. On est assez sage dans cette ville, pour ne s'y occuper que du soin de faire fleurir le commerce, & de maintenir les droits des citoyens. Le gouvernement y est entre les mains de quelques familles, qu'on appelle patriciennes: cependant le choix des personnes particulieres qui y doivent remplir les charges, est fait par le corps des métiers ; ce qui rend ce gouvernement aristo-démocratique. Le territoire de Francfort est un petit pays entre l'archevêché de Mayence, le comte d'Hanaw, & le landgraviat de Hesse-Darmstadt : il a seulement quatre milles de long & autant de large ; & il est partagé par le Mein en deux parties, dont la septentrionale est fort peuplée, tandis que l'autre n'est presque qu'une forêt. La ville de Francfort, le seul lieu considérable de son territoire, est à environ quatre milles d'Allemagne à l'Est de Mayence, à deux milles d'Hanaw, & à cinq d'Asschaffenbourg. Long. 26. 6. 36. latit. 49. 55. o. suivant les observations de Cassini. (D. J.)","[['49 55\' 0"" N 26 6\' 36"" E']]",,"49 55' 0"" N 26 6' 36"" E","49 55' N 26 6' 36"" E"
v7-293-0,FRANCKENDAL,"FRANCKENDAL, (Géog.)​ petite, nouvelle, & ci-devant forte ville d’Alsace, dans les états de l’électeur palatin. Les François la prirent en 1688, & la démolirent en 1689 ; elle fut rendue dans cet état, par le traité de Westphalie à l’électeur palatin, qui ne l’a guere rétablie ; elle est proche le Rhin, à trois lieues d’Heidelberg & de Spire, N. O. Long. 27. 4. latit. 49. 28.


Heidanus (Abraham), grand partisan de Descartes, naquit dans cette ville l’an 1597, & mourut professeur à Leyden en 1678. Sa théologie chrétienne a été imprimée l’an 1686, en 2 vol. in-4°. (D. J.)​","[[""49 28' N 27 4' E""]]",,49 28' N 27 4' E,49 28' N 27 4' E
v7-319-0,FRAUSTADT,"FRAUSTADT, (Géog.)​ petite ville de Pologne aux frontieres de la Silésie, remarquable par la bataille que les Suédois y gagnerent sur les Saxons le 14 Février 1706. Elle est à 28 lieues N. E. de Breslaw, & à 8 N. O. de Glogaw : c’est la patrie de Christian Griphius, grand poëte allemand du dernier siecle, & de Balthasar Timée, medecin, dont les oeuvres ont paru à Leipsick en 1715, in-4°. Long. 33. 25. latit. 51. 45. (D. J.)​","[[""51 45' N 33 25' E""]]",,51 45' N 33 25' E,51 45' N 33 25' E
v7-336-0,FREISINGHEN,"FREISINGHEN, (Géog.)​ en latin Fruxinum, ville d’Allemagne, capitale de l’évêché de même nom, dans le cercle de Baviere. L’évêque suffragant de Saltzbourg en est le prince souverain. Elle est située sur une montagne dont le pié est arrosé par l’Iser, à six lieues N. E. de Munich, huit S. O. de Landshut, quinze S. E. d’Ausbourg. Voyez, sur l’évêché de Freisinghen, Imhoff, not. imper. liv. III. c. iij. & Heiss, hist. de l’Emp. liv. VI. ch. vj. Long. 29d25′. latit. 48d20′. (D. J.)​","[[""48 20' N 29 25' E""]]",,48 20' N 29 25' E,48 20' N 29 25' E
v7-362-0,FREUDENSTADT,"FREUDENSTADT, (Géog.)​ petite & forte ville d’Allemagne dans la Forêt-Noire, bâtie en 1600 par le duc Frédéric de Wirtemberg, pour défendre l’entrée & la sortie de cette forêt. Elle est sur le chemin de Tubingen à Strasbourg, à 10 lieues S. E. de Strasbourg, & à 6 S. O. de Tubingen. Long. 26. 2. lat. 48. 25. (D. J.)​","[[""48 25' N 26 2' E""]]",,48 25' N 26 2' E,48 25' N 26 2' E
v7-368-0,FRIBOURG,"FRIBOURG, (Géog.)​ il faudroit écrire Freybourg, comme font les Allemands ; c’est capitale du Brisgaw en Soüabe, fondée en 1120 ; son université a été érigée l’an 1450 ; elle a souffert bien des siéges, & a été prise plusieurs fois par les François, en 1667, en 1713, & en 1744.


Elle est située au pié d’une montagne, sur le Trisein, à 4 lieues S. E. de Brisach, 9 N. E. de Bâle, 12 S. E. de Strasbourg. Longit. 25. 32. latit. 48. 4.


Cette ville est la patrie du moine Schwartz, qui passe en Allemagne pour l’inventeur de la poudre à canon, & de Freigius (Jean Thomas), qui s’acquit beaucoup de réputation dans le seizieme siecle, par ses travaux littéraires ; il mourut à Bâle de la peste, l’an 1583, la même année que furent publiées ses oraisons de Cicéron, perpetuis notis logicis, ethicis, politicis, historicis, antiquitatis illustratæ, en trois volumes in-8°. (D. J.)​","[[""48 4' N 25 32' E""]]",,48 4' N 25 32' E,48 4' N 25 32' E
v7-371-0,FRICENTI,"FRICENTI, en latin moderne Fricentium, (Géog.)​ petite ville épiscopale du royaume de Naples en Italie, sur le Tripolta ; c’est l’ancienne Esclanum, ville des Hirpiens ; ou plûtôt elle est bâtie sur les ruines de cette ancienne ville. Long. 33. 10. lat. 41. 4. (D. J.)​","[[""41 4' N 33 10' E""]]",,41 4' N 33 10' E,41 4' N 33 10' E
v7-419-0,FRONTIGNAN,"FRONTIGNAN, (Géog.)​ petite ville de France. au Bas-Languedoc, connue par ses excellens vins muscats, & ses raisins de caisse qu’on appelle passerilles. Quelques savans croyent, sans en donner de preuves, que cette ville est le forum Domitii des Romains. Elle est située sur l’étang de Maguelone, à six lieues N. E. d’Agde, & cinq S. O. de Montpellier. Long. 15d24′. lat. 43d28′. (D. J.)​","[[""43 28' N 15 24' E""]]",,43 28' N 15 24' E,43 28' N 15 24' E
v7-443-1,Fuego ou Fogo (Isle de-),"Fuego ou Fogo (Isle de-), Géog.​ cette seconde ile de Feu est une île d’Asie entre le Japon, Formosa, & le Tchekian, province de la Chine. Les tables hollandoises lui donnent 148d. 35′. de longit. & 28d. 5′. de latit. N. (D. J.)​","[[""28 5' N 148 35' E""]]",,28 5' N 148 35' E,28 5' N 148 35' E
v7-506-0,FURSTENFELD,"FURSTENFELD, en latin Aquæ, suivant Lazius, (Géog.)​ ancienne petite ville d’Allemagne dans la basse Stirie, sur la riviere de Lauffnitz ; elle est à douze lieues N. E. de Gratz, vingt S. de Vienne. Long. 39d10′. latit. 47d35′. (D. J.)​","[[""47 35' N 39 10' E""]]",,47 35' N 39 10' E,47 35' N 39 10' E
v7-553-0,GABON,"GABON, (Géog.)​ riviere d’Afrique au royaume de Bénin ; elle a sa source à 35d. de long. & à 2d. 30′. de latit. septentr. ensuite serpentant vers le couchant, elle va se perdre sous l’équateur dans le golfe de Guinée, vis-à-vis l’île de S. Thomas : cette riviere est nommée Gala par Linschot. (D. J.)​","[[""2 30' N 35 E""]]",,2 30' N 35 E,2 30' N 35 E
v7-579-0,GAGO,"GAGO, (Géog.)​ royaume d’Afrique dans la Nigritie. Il est situé au couchant de celui de Guiber, dont il est séparé par un desert de cent lieues : M. de Lisle appelle ce desert plaines sablonneuses : l’on en apporte l’or à Maroc. La capitale Gago, située sur une petite riviere qui va grossir le Senegal, est, suivant le même géographe, par le 19d de longit. & par le 19d de latitude. (D. J.)​",[['19 N 19 E']],,19 N 19 E,19 N 19 O
v7-695-0,GANESBOROUGH,"GANESBOROUGH, (Géog.)​ ville à marche d’Angleterre en Lincoln-Shire sur le Frent, à quatre lieues N. O. de Lincoln, 38 N. E. de Londres. Long. 16. 45. latit. 53. 20.


Patrick (Simon) naquit dans cette ville en 1626, & mourut évêque d’Ely en 1707. On a de lui un grand nombre d’ouvrages écrits en anglois, tous pleins d’érudition ; tels sont en particulier ses commentaires sur le Pentateuque, & sur d’autres livres de l’Ecriture sainte. (D. J.)​","[[""53 20' N 16 45' E""]]",,53 20' N 16 45' E,53 20' N 16 45' E
v7-714-0,GANXUNG,"GANXUNG, (Géog.)​ cité de la Chine dans la province de Quiecheu ; elle est de 12d6′. plus occidentale que Pékin, & compte 25d35′. de lat. (D. J.)​","[[""25 35' N 12 6' W""]]",['Pékin'],25 35' N 12 6' W,25 35' N 12 6' O
v7-849-0,GÉELMUYDEN,"GÉELMUYDEN, (Géog.)​ petite ville des Pays-Bas dans l’Overyssel, à l’embouchure du Wecht dans le Zuydersée, à une lieue de Kampen. Longit. 23d. 28′. latit. 52d. 37′. (D. J.)​","[[""52 37' N 23 28' E""]]",,52 37' N 23 28' E,52 37' N 23 28' E
v7-859-0,GELNHAZEN,"GELNHAZEN, Gelnusa, (Géogr.)​ petite ville impériale d’Allemagne, dans la Wétéravie, sous la protection de l’électeur Palatin, avec un château bâti par l’empereur Frédéric I. Elle est sur le Kintzig, à 10 lieues N. de Hanau, & 10 N. d’Achaffenbourg. Long. 26. 48. lat. 50. 20. (D. J.)​","[[""50 20' N 26 48' E""]]",,50 20' N 26 48' E,50 20' N 26 48' E
v7-875-0,GEMUND,"GEMUND, (Géog.)​ ville d’Allemagne dans la haute Autriche, considérable par ses salines. Cluvier pense que cette ville est le Laciacum d’Antonin. Elle est sur le Draun au nord d’un lac de même nom, que l’on croit être le lacus Fælix des anciens dans la Norique ripeuse, & qui prit le nom de Fælix, de la troisieme légion qui y avoit ses quartiers d’hyver. Long. 31. 40. lar. 47. 45.


Remarquons ici que les Allemands ont souvent donné le nom de Gémund, de Gmund, Gmuind ou​ Mund, aux lieux qui étoient à l’entrée ou à la sortie d’une eau coulante. Le mot mund signifie bouche ou embouchure. Tel est notre Gémund, Uzermund, dans la Marche ; Travemund dans le Holstein, &c. (D. J.)​","[[""47 45' N 31 40' E""]]",,47 45' N 31 40' E,47 45' N 31 40' E
v7-994-0,GERTRUIDENBERG,"GERTRUIDENBERG, Gertrudenberga, (Géog.)​ ancienne & forte ville des pays-bas, au Brabant hollandois, un des principaux boulevards de la Hollande. Les confédérés la prirent en 1573 sur les Espagnols ; le Prince de Parme la reprit en 1589 ; mais le prince Maurice s’en rendit maître en 1593, & depuis ce tems, elle appartient aux Hollandois. Son nom signifie le mont Saint-Gertrude ; on pêche aux environs de la côte une quantité étonnante de saumons, d’esturgeons & d’aloses, & Gertruidenberg jouit du droit d’étape pour tous ces poissons. Elle est sur la riviere de Dungen, qui tombe dans le Bies-Bosch, à 4 lieues N. E. de Breda, 5 S. E. de Dordrecht, 3 S. O. de Gorcum. Long. 22d. 24′. lat. 51. 44. (D. J.)​","[[""51 44' N 22 24' E""]]",,51 44' N 22 24' E,51 44' N 22 24' E
v8-101-1,Haie (la),"Haie (la) Haga, Géog​. petite ville de France en Touraine sur la Creuse, aux frontieres du Poitou, à deux lieues de Guierche, quatre de Châtelleraut, dix de Tours, 54 S. O. de Paris ; long. 18. 20. latit. 47. 2.


Cette petite ville peut se glorifier d’avoir donné le jour à Descartes, un des plus beaux génies du siecle passé, & le plus grand mathématicien de son tems ; il résolvoit des problèmes au milieu des siéges ; car il embrassa dans sa jeunesse le parti des armes, & servit avec beaucoup d’honneur en Allemagne & en Hongrie ; mais l’envie de philosopher tranquillement en liberté, lui fit chercher le repos dont il avoit besoin dans la solitude de la Hollande, & qu’il auroit dû y trouver sans mélange. Ce fut au village d’Egmont sur mer, Egmont-opzec, qu’il ouvrit la carriere d’étudier la nature, & qu’il s’y égara ; cependant ses Méditations & son discours sur la méthode, sont toûjours estimés, tandis que sa physique n’a plus de sectateurs, parce qu’elle n’est pas fondée sur l’expérience. Il passa presque toute sa vie hors du royaume ; & ce ne fut qu’après bien des sollicitations, qu’il vint à Paris en 1647. Le cardinal Mazarin lui obtint du roi une pension de trois mille livres, dont il paya le brevet sans en rien toucher ; ce qui lui fit dire en riant, que jamais parchemin ne lui avoit tant coûté. La reine Christine le prioit avec instance depuis plusieurs années de se rendre auprès d’elle, il obéit ; mais il mourut à Stockolm peu de tems après, en 1650, âgé seulement de 54 ans. Lisez dans le discours préliminaire de l’Encyclopédie, pages 25 & 26 le jugement qu’on y porte du mérite de cet homme rare. Baillet a écrit sa vie, & M. Perrault ne pouvoit pas oublier son éloge dans les hommes illustres du xvij. siecle. (D. J.)​","[[""47 2' N 18 20' E""]]",,47 2' N 18 20' E,47 2' N 18 20' E
v8-1031-0,HOMBOURG,"HOMBOURG, (Géog.)​ en latin moderne, Homburgum, ville d’Allemagne au comté de Sarbrug, dans la Lorraine allemande, sur une petite riviere qui se jette dans la Blise, à deux lieues de Deux-Ponts. Long. 26. 6. lat. 49. 20. (D. J.)​","[[""49 20' N 26 6' E""]]",,49 20' N 26 6' E,49 20' N 26 6' E
v8-1072-0,HONFLEUR,"HONFLEUR, (Géog.)​ ville de France en haute Normandie dans le Lieuvin, avec un bon port, haute justice & amirauté ; cette ville s’appelle dans les anciens titres, Honnefleu & Hunneflotum ; ce nom, suivant M. de Valois, notit. Gall. p. 241. vient de ham, hameau, village, & fleot ou fleat, qu’on écrit wliet dans le Pays-Bas, & qui signifie un petit golfe de mer, un lieu situé sur un golfe. De Hamfleot, on a fait Honfleu, & à cause de la conformité avec le mot fleur qui est connu, on a ajoûté une r à Honfleu. Elle étoit déja connue dès l’an 1200 ; elle est sur la rive gauche de la Seine, à 3 lieues du Havre, à 5 lieues S. O. de Quilbœuf, 3 N. de Pont-l’Evêque, 6. N. O. de Lizieux, 16. S. O. de Rouen, 42. N. O. de Paris. Long. 17d. 43′. 17″. lat. 49d. 25′. 21″. (D. J.)​","[['49 25\' 21"" N 17 43\' 17"" E']]",,"49 25' 21"" N 17 43' 17"" E","49 25' 21"" N 17 43' 17"" E"
v8-1094-0,"HOORN, ou HORN","HOORN, ou HORN, (Géog.)​ ville des Provinces-Unies, dans la Westsrise, avec un assez bon port. Quoiqu’Amsterdam lui ait enlevé une partie de son commerce, elle ne laisse pas de faire encore un grand trafic : c’est dans ses pâturages que l’on engraisse les bœufs qui viennent du Dannemarck & du Holstein. Hoorn commença à être bâtie vers l’an 1300 ; elle est sur le bord occidental du Zuiderzée, à 2 lieues N. d’Edam, 5 N. E. d’Amsterdam. Long. 22. 30. lat. 52. 38. 45.


Junius (Hadrien) né à Hoorn le premier Juillet 1511, a été un des plus savans hommes de son tems ; il perdit sa bibliotheque & tous ses manuscrits dans le pillage de Harlem par les Espagnols en 1573 ; le regret qu’il en eut hâta sa mort, qui arriva le 16 Juillet 1575. Ses principaux ouvrages sont, un Nomenclator en huit langues ; une traduction d’Eunapius, de Vitis Sophistarum ; une Description de la Hollande, sous le titre de Batavia, & des Miscellanes intitulés, Animadversorum, lib. VI. Gruter les a insérés dans son trésor critique. (D. J.)​","[['52 38\' 45"" N 22 30\' E']]",,"52 38' 45"" N 22 30' E","52 38' 45"" N 22 30' E"
v8-1142-0,HORSHAM,"HORSHAM, (Géog.)​ ville à marché d’Angleterre, dans le Sussex, aux confins de Surrey, à 9 lieues de Londres : elle envoie deux députés au Parlement. Long. 17. 35. lat. 51. 12. (D. J.)​","[[""51 12' N 17 35' E""]]",,51 12' N 17 35' E,51 12' N 17 35' O
v8-1179-0,HOUDAN,"HOUDAN, (Géog.)​ petite ville de l’isle de France dans la Beauce, au diocèse de Chartres, sur la Vègre, à 4 lieues de Dreux, & 13 S. O. de Paris, long. 19d15′38″, lat. 38d47′21″.


Guy Patin, homme de beaucoup d’esprit, & d’un esprit fort orné, naquit à Houdan en 1602, non pas dans notre petite ville d’Houdan au diocese de Chartres, comme tant de gens l’ont écrit, mais dans un village nommé Houdan, à 3 lieues de Beauvais : toutefois, puisque je viens de nommer ici cet aimable homme, il faut que j’ajoute qu’il fut l’artisan de sa fortune ; car de correcteur d’Imprimerie, il devint habile & sage Médecin clinique. Il n’eut pas tort de se déclarer ennemi de l’antimoine, que de son tems on ne savoit pas préparer en France, qu’on y prépare bien aujourd’hui, & dont on abuse encore mieux. Les lettres de Guy Patin ont été lues avec avidité, parce qu’elles sont naturelles, parce que d’ailleurs, selon la remarque de M. de Voltaire, elles contiennent des anecdotes qu’on aime, & des satyres qu’on aime encore davantage. Il mourut en 1672, & laissa un fils, Charles Patin, qui se distingua par son savoir dans la Medecine, dans la Littérature, & sur-tout dans les médailles. Il publia en ce dernier genre quantité d’excellens ouvrages, & finit ses jours à Padoue en 1684, laissant deux filles, célebres par leurs écrits, & une femme qui a été aussi auteur. Bayle a donné dans son dictionnaire un article curieux & sort étendu de Guy Patin & de son fils. (D. J.)​","[['38 47\' 21"" N 19 15\' 38"" E']]",,"38 47' 21"" N 19 15' 38"" E","38 47' 21"" N 19 15' 38"" E"
v8-121-0,HALDE,"HALDE, (Géog.)​ ville de Norwége, au gouvernement d’Aggerhus, sur la côte de l’Océan & du golfe d’Iddesfiord, aux frontieres de la Suede, au couchant & à cinq milles de Frédericstadt. Long. 28. 15. latit. 59. 45. (D. J.)​","[[""59 45' N 28 15' E""]]",,59 45' N 28 15' E,59 45' N 28 15' E
v8-1236-0,HUCHEU,"HUCHEU, (Géog.)​ ville de la Chine, troisieme métropole de la province de Chékiang. Elle est remarquable par cinq temples consacrés aux hommes illustres. Long. 137. 50. lat. 30. 2. (D. J.)​","[[""30 2' N 137 50' E""]]",,30 2' N 137 50' E,30 2' N 137 50' E
v8-1240-0,HUÉ,"HUÉ, Sinoa, (Géog.)​ ville d’Asie, capitale, & la seule de la Cochinchine, avec un palais fortifié où le roi fait sa résidence ; elle est dans une plaine, partagée de l’est à l’ouest par un grand fleuve. Long. 132. 40. latit. 17. 40. (D. J.)​","[[""17 40' N 132 40' E""]]",,17 40' N 132 40' E,17 40' N 132 40' E
v8-1244-0,HUESCA,"HUESCA, (Géog.)​ ancienne ville d’Espagne au royaume d’Arragon, avec un riche évêché, suffragant de Saragose, & une université. Autrefois Sertorius, au rapport de Plutarque, y avoit établi une académie ; on la nommoit alors Osca. Elle est dans un terrain fertile & excellent en vin, sur l’Isnela, à 9 lieues N. O. de Balbastro, 14 N. E. de Saragosse. Long. 17. 22. latit. 42. 2. (D. J.)​","[[""42 2' N 17 22' E""]]",,42 2' N 17 22' E,42 2' N 17 22' E
v8-131-0,HALEN,"HALEN, (Géog.)​ petite ville des Pays-Bas, dans le Brabant autrichien, sur la Géete, à cinq lieues de Louvain. Long. 22. 42. lat. 50. 58. (D. J.)​","[[""50 58' N 22 42' E""]]",,50 58' N 22 42' E,50 58' N 22 42' E
v8-150-0,HALLEIN,"HALLEIN, (Géog.)​ Haliola, petite ville d’Allemagne au cercle de Baviere, dans l’évêché de Saltzbourg. Elle est sur la Saltza, entre des montagnes, dans lesquelles il y a des mines de sel fort curieuses, qui font la richesse de la ville & du pays ; Zeyler dans sa Topographie de la Baviere, les a décrites avec soin. Cette ville est à quatre de nos lieues S. de Saltzbourg. Long. 30. 50. lat. 47. 33. (D. J.)​","[[""47 33' N 30 50' E""]]",,47 33' N 30 50' E,47 33' N 30 50' E
v8-157-0,HALLIFAX,"HALLIFAX, Olicana, (Géog.)​ ville considérable d’Angleterre en Yorckshire, remarquable par ses manufactures de laine ; elle est à 50 lieues N. O. de Londres. Long. 15. 50. lat. 53. 38.


Savile (le chevalier Henri), naquit à Hallifax en 1549 ; il se fit un nom par son habileté dans les Mathématiques, & la langue greque qu’il eut l’honneur d’enseigner à la reine Elisabeth. Il a publié un traité sur Euclide en 1620, une belle édition de S. Chrysostome en grec, Etonæ, 1613, en 8 vol. in-fol. un commentaire en anglois sur la milice des Romains, & quelques autres ouvrages estimés : mais l’université d’Oxford n’oubliera jamais les deux chaires, l’une de Géométrie, & l’autre d’Astronomie, qu’il y a fondées de son propre bien en 1619. Il mourut comblé d’estime & de regrets en 1622, âgé de 73 ans. (D. J.)​","[[""53 38' N 15 50' E""]]",,53 38' N 15 50' E,53 38' N 15 50' E
v8-1618-0,"IAGO de los CAVALLÉROS, Sant","IAGO de los CAVALLÉROS, Sant, (Géog.)​ ville de l’Amérique, une des principales de l’île espagnole, & dont les habitans sont de la derniere pauvreté ; elle est sur le bord oriental de la riviere d’Yague, dans une terre fertile & un air pur, à 10 lieues de la Conception de la Véga. Long. 307. 30. lat. 19. 40. (D. J.)​","[[""19 40' N 307 30' E""]]",,19 40' N 307 30' E,19 40' N 307 30' O
v8-1618-4,"Iago de la Véga, Sant","Iago de la Véga, Sant, (Géog.)​ belle ville de l’Amérique, capitale de la Jamaïque, bâtie par les Espagnols, à qui les Anglois l’ont enlevée ; c’est la résidence du gouverneur de la Jamaïque : elle est à présent fort peuplée, sise à 2 lieues de la mer, dans une plaine, sur une riviere, à 5 lieues de Port-Royal. Long. 300. 50. lat. 18. (D. J.)​","[[""18 N 300 50' E""]]",,18 N 300 50' E,18 N 300 50' O
v8-1620-0,JAGODNA,"JAGODNA, (Géog.)​ ville de la Turquie européenne, dans la Servie, près de la Moravie, à 25 lieues N. O. de Nissa, 38 S. E. de Belgrade. Long. 39d50′. lat. 44. (D. J.)​","[[""44 N 39 50' E""]]",,44 N 39 50' E,44 N 39 50' E
v8-1633-0,JAICZA,"JAICZA, (Géog.)​ ville forte de la Turquie européenne, dans la Bosnie, dont elle est la capitale, sur la Pliva, à 20 lieues N. O. de Bagnaluck, 52 S. O. de Bude, 54 N. O. de Belgrade. Long. 35. 10. lat. 45. 5. (D. J.)​","[[""45 5' N 35 10' E""]]",,45 5' N 35 10' E,45 5' N 35 10' E
v8-1685-3,James sainte,"James sainte, (Géog.)​ petite ville de France en Normandie, au diocèse d’Avranches, à 3 lieues de Pontorson, 67 S. O. de Paris. Long. 16d. 28′. 1″. lat. 48d. 29′. 22″. (D. J.)​","[['48 29\' 22"" N 16 28\' 1"" E']]",,"48 29' 22"" N 16 28' 1"" E","48 29' 22"" N 16 28' 1"" E"
v8-1722-0,JANVILLE,"JANVILLE, (Géog.)​ petite ville de France dans la haute Beauce, élection d’Orléans, à une lieue de Toury ; quelques-uns écrivent Genville, d’autres Yenville. Long. 19. 40. lat. 48. 16. (D. J.)​","[[""48 16' N 19 40' E""]]",,48 16' N 19 40' E,48 16' N 19 40' E
v8-174-0,HALTEREN,"HALTEREN, (Géog.)​ petite ville d’Allemagne en Westphalie, dans l’évêché de Munster, sur la Lippe. Long. 24. 52. latit. 51. 42. (D. J.)​","[[""51 42' N 24 52' E""]]",,51 42' N 24 52' E,51 42' N 24 52' E
v8-1755-0,JARNAC,"JARNAC, (Géog.)​ bourg de France dans l’Angoumois sur la Charente, à 2 lieues de Cognac, 6 N. O. d’Angoulême, 100 S. O. de Paris. Long. 17d. 22′. lat. 45. 40.


C’est à la bataille donnée sous les murs de ce lieu en 1569, que Louis de Bourbon fut tué à la fleur de son âge, & traitreusement, par Montesquiou capitaine des gardes du duc d’Anjou, qui sous le nom d’Henri III. monta depuis sur le trône ; ainsi périt (non sans soupçon des ordres secrets de ce prince) le frere du roi de Navarre pere d’Henri IV. Il réunissoit à sa grande naissance toutes les qualités du héros & les vertus du sage, sa vie n’offre qu’un mêlange d’événemens singuliers ; la faction des Lorrains l’ayant fait condamner injustement à perdre la tête, il ne dut son salut qu’au décès de François II. qui arriva dans cette conjoncture : il fut ensuite fait prisonnier à la bataille de Dreux en changeant de cheval, & conduit au duc de Guise son ennemi mortel, mais qui le reçut avec les manieres & les procédés les plus propres à adoucir son infortune ; ils mangerent le soir à la même table, & comme il ne se trouva qu’un lit, les bagages ayant été perdus ou dispersés, il coucherent ensemble, ce qui est, je pense, un fait unique dans l’histoire. Henri de Bourbon mort empoisonné à S. Jean d’Angely, ne dégénéra point du mérite de son illustre pere ; les malheurs qu’ils éprouverent l’un & l’autre dans l’espace d’une courte vie, & qui finirent par une mort prématurée, arrachent les larmes de ceux qui en lisent le récit dans M. de Thou, parce qu’on s’intéresse aux gens vertueux, & qu’on voudroit les voir​triompher de l’injustice du sort, & des entreprises odieuses de leurs ennemis. (D. J.)​","[[""45 40' N 17 22' E""]]",,45 40' N 17 22' E,45 40' N 17 22' O
v8-1757-0,JAROSLAW,"JAROSLAW, (Géog.)​ ville de Pologne au Palatinat de Russie, avec une bonne citadelle ; elle est remarquable par sa foire & par la bataille que les Suédois gagnerent sous ses murs en 1656 ; elle est sur la Sane, à 28 lieues N. O. de Lemberg, 50 S. E. de Cracovie. Long. 40. 58′. lat. 49. 58′. (D. J.)​","[[""49 58' N 40 58' E""]]",,49 58' N 40 58' E,49 58' N 40 58' E
v8-187-0,HAMAMET,"HAMAMET, (Géogr.)​ ville d’Afrique en Barbarie, sur le golfe de même nom, à dix-sept lieues de Tunis par terre. C’est une ville nouvelle, bâtie il y a environ 350 ans par un peuple Mahométan, & les habitans en sont fort pauvres. Longit. 28. 50. Latit. 36. 35. (D. J.)​","[[""36 35' N 28 50' E""]]",,36 35' N 28 50' E,36 35' N 28 50' E
v8-193-0,HAMBOURG,"HAMBOURG, (Géog.)​ Hamburgum, grande & très-riche ville d’Allemagne, au cercle de basse-Saxe, dans le duché de Holstein, dont elle est indépendante. Elle fut fondée par Charlemagne : vous trouverez toute son histoire dans quantité d’écrivains, Lambecius, Zeyler, Hubner, & autres.


Il y a aujourd’hui dans cette ville un sénat composé de quatre bourguemestres & de vingt conseillers, dont dix sont gens lettrés, & dix négotians, de trois syndics, & un secrétaire. La ville & le chapitre sont de la confession d’Augsbourg ; la magistrature de Hambourg a le libre gouvernement dans les affaires temporelles & spirituelles ; les rois de Danemarck ont fait tous leurs efforts pour s’emparer de cette ville, mais la protection des puissances voisines la garantit de l’esclavage.


Elle a autrefois tenu la premiere place entre les villes hanséatiques ; elle tient aujourd’hui le premier rang pour le commerce du nord, & sa banque y a le plus haut crédit. Sa situation sur l’Elbe, qui y fait remonter de grands vaisseaux, lui est très-avantageuse pour le trafic. Elle est à 14 lieues N. O. de Lunebourg, 15 S. O. de Lubeck, 24 S. de Sleswig, 22 N. E. de Brême, 170 N. O. de Vienne. Longit. suivant Cassini, 27. 35. 30. lat. 52. 42.


Voici plusieurs savans qu’Hambourg a produits, & qu’il faut connoître.


Gronovius (Jean Fréderic) habile critique, naquit dans cette ville en 1611, & devint professeur en Belles Lettres à Leyde, où il mourut en 1672. Il a donné quelques éditions d’anciens auteurs, des observations en trois livres, & un excellent traité des Sesterces ; mais son fils Jacques Gronovius a effacé, ou, si l’on aime mieux, a encore augmenté sa gloire.


Holstenius (Luc), garde de la bibliotheque du Vatican, étoit éclairé dans l’antiquité ecclésiastique & prophane ; il en a donné des preuves par des dissertations exactes & judicieuses ; il a publié la vie de Pythagore par Porphyre, & celle de Porphyre. Il est mort à Rome en 1661, âgé de 65 ans.


Krantzius (Albert), historien célebre pour son siecle ; car il mourut en 1517, à l’âge d’environ 70 ans, après avoir composé de bons ouvrages latins sur l’histoire, imprimés plusieurs fois depuis sa mort ; savoir 1°. une chronique de Danemarck, de Suede, & de Norvege ; 2°. une histoire de Saxe en treize livres ; 3°. une histoire des Vandales ; 4°. un ouvrage intitulé Metropolis, qui contient en 14 livres​ l’histoire ecclésiastique de Saxe, de Westphalie, & de Jutland. Il est vrai que la réputation de Krantz a été fort mal-traitée par quelques censeurs, & qu’on ne peut pas trop le justifier de grands plagiats.


Lambecius (Pierre) passe sans aucune accusation de ce genre, pour un des savans historiographes d’Allemagne, comme le prouvent ses ouvrages ; j’entends les suivans : 1°. les origines Hamburgenses, en 2 vol. imprimés à Hambourg in-4°. en 1652 & 1661 ; 2°. ses lucubrationes Gellianæ, Paris 1647, in-4°. 3°. animadversiones ad codini origines Constantinopolitanas, Paris, 1665, in-fol. elles sont pleines d’érudition ; 4°. le catalogue latin de la bibliotheque impériale en 8 vol. in-fol. Ce catalogue est par-tout accompagné d’un commentaire historique curieux, mais trop diffus ; Lambecius mourut à Vienne en 1680, à 52 ans.


Placcius (Vincent) mourut d’apoplexie en 1699 à 57 ans, a publié quantité d’écrits, dont vous trouverez la liste dans Morery & dans le P. Niceron, tome I. Le principal de ses ouvrages latins est son recueil des anonymes & des pseudonymes, Hamb. 1674. in-4°. premiere édition, & qui a ensuite été réimprimé plus complet par Mathias Dreyer en 1708, in-fol.


Rolfinck (Guerner), en latin Rolfincius, élevé par Schelhamer son oncle, fut un médecin de réputation ; mais entre beaucoup d’ouvrages qu’il a faits, & dont Lippenius ou Manget ont donné la liste, les seuls qu’on achete encore, sont ses dissertationes anatomicæ, Noribergoe, 1656 in-4°. Il mourut à Jéne en 1673, agé de 74 ans, & laissa plusieurs écrits sur la Médecine qui ont vû le jour.


Wower (Jean) est auteur d’un ouvrage plein d’érudition, intitulé de polymathia tractatio, à Basle, 1603, in-4°. Il a aussi publié avec des notes, Pétrone, Apulée, Sidonius Apollinaris, & Minutius Felix. Il mourut gouverneur de Gottorp en 1612, âgé de 38 ans ; il faut le distinguer de Jean Wower, son parent, ami de Lipse, qui mourut à Anvers en 1635 à 69 ans. (D. J.)​","[['52 42\' N 27 35\' 30"" E']]",,"52 42' N 27 35' 30"" E","52 42' N 27 35' 30"" E"
v8-1931-0,JEROSLAW,"JEROSLAW, (Géogr.)​ M. de l’Isle écrit Yéroslawle, ville de l’empire Russien, capitale du duché de même nom, sur le Wolga. Long. 58. 30. Lat. 57. 24. (D. J.)​","[[""57 24' N 58 30' E""]]",,57 24' N 58 30' E,57 24' N 58 30' E
v8-1932-0,JERSEY,"JERSEY, (Géog.)​ île de la mer Britannique, sujette aux Anglois, quoique sur les côtes de France, à 10 lieues des côtes de Bretagne, & à cinq de celles de Normandie. Elle jouit d’un air sain & d’un terroir fertile ; elle est très peuplée, défendue par deux châteaux, & dépend du comté de Hant. On croit qu’elle a fait autrefois partie du Cotentin, & qu’elle en a été séparée par la mer qui a inondé le terrein, qui la joignoit à la terre ferme. Voyez Hadrien de Valois, Notit. Gal. p. 219. Son circuit est de 21 milles ; S. Elle en est le chef-lieu. Long. 15d. 15′. 25″. Lat. 49d. 14′20″.


Saint Magloire natif du pays de Galles, établit pendant sa vie un couvent dans cette île, où il mourut fort âgé en 575. Ses reliques furent transférés au faubourg S. Jacques, dans un monastere de bénédictins, qui a été cédé aux PP. de l’Oratoire ; & c’est, aujourd’hui le séminaire de Saint Magloire.


Waice (Robert) Poëte, reçut le jour à Jersey, vers le milieu du xij siecle. Il est l’auteur du roman de Rou & des Normands, écrit en vers françois ; ce livre fort rare, est important pour ceux qui recherchent la signification de beaucoup d’anciens termes de notre langue. (D. J.)​","[['49 14\' 20"" N 15 15\' 25"" E']]",,"49 14' 20"" N 15 15' 25"" E","49 14' 20"" N 15 15' 25"" E"
v8-1937-0,JESSELMERE,"JESSELMERE, (Géog.)​ ville de l’Indoustan, capitale d’une province de même nom, dans les états du grand Mogol, à 75 lieues N. d’Amadabad. Long. 90 15. lat. 26. 40. (D. J.)​","[[""26 40' N 90 15' E""]]",,26 40' N 90 15' E,26 40' N 90 15' E
v8-1989-0,IHOR,"IHOR, (Géog.)​ ville d’un petit royaume de même nom en Asie, dans le continent de Malaca. Les habitans sont mahométans, & trafiquent le long des côtes dans leurs petites barques, qu’ils appellent procs, & que les Européens nomment demi-lunes, à cause de leur figure. Le roi de Siam se fait payer tous les ans par ce petit état un tribut de trois cens livres de notre monnoie actuelle. Long. 121. 30. lat. 1. 58. (D. J.)​","[[""1 58' N 121 30' E""]]",,1 58' N 121 30' E,1 58' N 121 30' E
v8-200-0,HAMELBOURG,"HAMELBOURG, Hamelburgum, (Géog.)​ ville d’Allemagne en Franconie, dans l’état de l’abbé de Fulde, sur la Saale, à dix lieues S. E. de Fulde, & à trois milles de Schweinfurt ; on y suit la Religion catholique. Long. 27. 36. lat. 50. 10.


Hamelbourg est la patrie de Jean Froben, qui s’établit à Basle, où il se fit une grande réputation par la beauté & l’exactitude de ses éditions. Nous en parlerons au mot Imprimeur. (D. J.)​","[[""50 10' N 27 36' E""]]",,50 10' N 27 36' E,50 10' N 27 36' E
v8-203-0,HAMILTON,"HAMILTON, (Géog.)​ ville de l’Ecosse méridionale, l’une des plus considérables de la province de Chydsdal, avec titre de duché, palais & parc. Elle est à trois lieues S. O. de Glascow, douze O. d’Edinbourg, cent-vingt N. O. de Londres. Longit. 13. 45. latit. 55. 12. (D. J.)​","[[""55 12' N 13 45' E""]]",,55 12' N 13 45' E,55 12' N 13 45' O
v8-226-0,HANNUYE,"HANNUYE, (Géogr.)​ petite ville des Pays-bas Autrichiens, dans le Brabant, sur la Chête, à quatre lieues de Tillemont, huit S. E. de Louvain. Longit. 22. 45. Latit. 50. 40. (D. J.)​","[[""50 40' N 22 45' E""]]",,50 40' N 22 45' E,50 40' N 22 45' E
v8-228-1,"Hanover, ou Hanovre","Hanover, ou Hanovre, Hanovera, (Géogr.)​ ville d’Allemagne au cercle de basse Saxe, capitale de l’électorat de Brunswig, appellé aussi l’électorat d’Hanover ; elle est dans une plaine sablonneuse, sur la Leyne, à six lieues S. E. de Neustat, dix S. O. de​Zell, six N. O. de Brunswig. Ce fut en 1178 qu’elle obtint le privilége des villes, car jusqu’alors elle n’avoit été qu’un village. Long. 27. 40. Lat. 52. 25. (D. J.)​","[[""52 25' N 27 40' E""]]",,52 25' N 27 40' E,52 25' N 27 40' E
v8-238-0,HAPSAL,"HAPSAL, Hapsalia, (Géogr.)​ petite ville maritime de Livonie, dans l’Estonie, au quartier de Wickeland, autrefois épiscopale. Elle appartient à l’empire russien, & est sur la mer Baltique, à 16 lieues S. O. de Revel. Long. 41. 10. Latit. 59. 10. (D. J.)​","[[""59 10' N 41 10' E""]]",,59 10' N 41 10' E,59 10' N 41 10' E
v8-2463-0,INISHCORTHY,"INISHCORTHY, (Géog.)​ petite ville d’Irlande, dans la province de Leinster, au comté de Wexfort, à 16 lieues N. E. de Ross. Long. 11. 2. lat. 52. 30. (D. J.)​","[[""52 30' N 11 2' E""]]",,52 30' N 11 2' E,52 30' N 11 2' O
v8-2719-0,JOIGNY,"JOIGNY, (Géograp.)​ ancienne petite ville de France en Champagne, au diocese de Sens ; elle est avantageusement située sur l’Ionne, à 7 lieues de Sens, 6 d’Auxerre. Longitude 21. latitude 47. 56. (D. J.)​","[[""47 56' N 21 E""]]",,47 56' N 21 E,47 56' N 21 E
v8-2750-0,JONQUERE,"JONQUERE, (Géog.)​ ancienne ville d’Espagne en Catalogne, dans le Lampourdan, au pié des Pyrénées, à 8 lieues N. de Gironne, 8 S. de Perpignan ; long. 20. 32. lat. 42. 15. (D. J.)​","[[""42 15' N 20 32' E""]]",,42 15' N 20 32' E,42 15' N 20 32' E
v8-2842-2,Isabelle,"Isabelle, (Géogr.)​ petite ville de l’Amérique dans l’île espagnole, sur la Jahja, bâtie par Christophe Colomb en 1493, dans un terroir fertile & très-sain. Long. 307. 5. lat. 19. 55. (D. J.)​","[[""19 55' N 307 5' E""]]",,19 55' N 307 5' E,19 55' N 307 5' O
v8-2869-0,ISERNLOHN,"ISERNLOHN, (Géog.)​ petite ville d’Allemagne en Westphalie, au comté de la Marck, sur la riviere de Baren. Long. 25. 30. lat. 51. 48. (D. J.)​","[[""51 48' N 25 30' E""]]",,51 48' N 25 30' E,51 48' N 25 30' E
v8-321-0,HASSELT,"HASSELT, (Géog.)​ petite ville d’Allemagne, au pays de Liége, dans le comté de Loss, sur le Démer, à cinq lieues de Mastricht. Long. 22. 54. lat. 50. 55. (D. J.)​","[[""50 55' N 22 54' E""]]",,50 55' N 22 54' E,50 55' N 22 54' E
v8-322-0,HASSELTE,"HASSELTE, Hasseletum, (Géog.)​ ville des Provinces-Unies dans l’Overissel, sur le Wecht, à deux lieues de Zwol, & à quatre de Steenwyk. Long. 23. 40. lat. 52. 36. (D. J.)​","[[""52 36' N 23 40' E""]]",,52 36' N 23 40' E,52 36' N 23 40' E
v8-342-0,HATTINGEN,"HATTINGEN, Hattinga. (Géog.)​ petite ville d’Allemagne au cercle de Westphalie, dans le comté de la Marck, sur le Roër, aux confins du pays de Berg. Long. 24. 42. latit. 51. 17. (D. J.)​","[[""51 17' N 24 42' E""]]",,51 17' N 24 42' E,51 17' N 24 42' E
v8-477-0,HEIDELBERG,"HEIDELBERG, (Géog.)​ ville d’Allemagne, capitale du Bas Palatinat, avec une université fondée au quatorzieme siecle ; on ne sçait ni quand, ni par qui cette ville a été bâtie : on sçait seulement que ce n’étoit qu’un bourg en 1225. Le comte palatin Robert l’aggrandit en 1392. L’électeur Robert Maximilien de Baviere la prit, & en enleva la riche bibliotheque qu’il s’avisa de donner au pape. Le château des électeurs est auprès de la ville. Les François la saccagerent en 1688, malgré sa vaste tonne qui contient deux cents quatre foudres, & toutes les espérances qu’on avoit fondées sur sa prospérité. Il semble que cette ville ait été bâtie sous une malheureuse constellation, car elle fut ruinée dans un même siecle pour avoir été fidele à l’empereur, & pour lui avoir été contraire, toujours à plaindre de quelque maniere que les affaires ayent tourné.


Heidelberg est au pied d’une montagne, sur le Necker, à 5 lieues N. E. de Spire, 7 S. E. de Worms, 6 N. E. de Philisbourg, 16 S. de Francfort, 15 S. E. de Mayence, 140 N. O. de Vienne. Long. selon Harris, 27. 36. 15. lat. 49. 36.


Je connois trois savans natifs de Heidelberg, dont les noms sont illustres dans la république des Lettres, Alting, Béger & Junius.


Alting (Jacques) dont vous trouverez l’article dans Bayle, naquit en 1618, & devint professeur en Théologie à Groningue. Il mourut en 1679. Toutes ses œuvres ont été imprimées à Amsterdam en 1687, en 5 volumes in-fol. On y voit un théologien plein d’érudition rabbinique, & toujours attaché dans ses commentaires & dans ses sentimens, au simple texte de l’Ecriture. Il eut un ennemi fort dangereux & fort injuste dans Samuel Desmarets son collegue.


Béger (Laurent) naquit en 1653. Il étoit fils d’un tanneur ; mais il devint un des plus savans hommes du dix-septieme siecle dans la connoissance des médailles & des antiquités. Ses ouvrages en ce genre, tous curieux, forment 15 ou 16 volumes, soit in-fol. soit in-4°. Le P. Nicéron vous en donnera la liste ; le plus considérable est sa description du cabinet de l’électeur de Brandebourg, intitulée Thes. reg. elect. Brandeburgicus selectus, Colon. March. 1696. 3 vol. in-fol. Il avoit publié dans sa jeunesse une apologie de la polygamie, pour plaire à l’électeur palatin (Charles-Louis) dont il étoit bibliothécaire.


Junius (François) s’est fait un nom très-célebre par ses ouvrages pleins d’érudition. Il passa sa vie​ en Angleterre, étudiant douze heures par jour, & demeura pendant trente ans avec le comte d’Arondel. Il mourut à Windsord, chez Isaac Vossius son neveu, en 1678, à 89 ans. Il avoit une telle passion pour les objets de son goût, qu’ayant appris qu’il y avoit en Frise quelques villages où l’ancienne langue des Saxons s’étoit conservée, il s’y rendit, & y resta deux ans. Il travailloit alors à un grand glossaire en cinq langues, pour découvrir l’origine des langues septentrionales dont il étoit amoureux : cet ouvrage unique en son genre, a été finalement publié à Oxford en 1745, par les soins du savant Anglois Edouard Lyc. On doit encore à Junius la paraphrase gothique des quatre évangélistes, corrigée sur les manuscrits, & enrichie des notes de Thomas Marshall. Son traité de pictura veterum, n’a pas besoin de mes éloges ; je dirai seulement que la bonne édition est de Roterdam, 1694, in-fol. Il a légué beaucoup de manuscrits à l’université d’Oxford. Grævius n’a point dédaigné d’être son biographe. (D. J.)​","[['49 36\' N 27 36\' 15"" E']]",,"49 36' N 27 36' 15"" E","49 36' N 27 36' 15"" E"
v8-55-0,HADERSLEBEN,"HADERSLEBEN, Haderslebia, (Géog.)​ ville du Dannemark au duché de Sleswig, capitale d’une préfecture considérable de même nom, avec une bonne citadelle ; elle est proche la mer Baltique, à cinq milles d’Allemagne S. E. de Ripen, 11. N. de Sleswig. Les géographes du pays lui donnent 55d15′30″. de latit. sur 42d53′30″. de long. M. de Lisle la fait plus septentrionale d’un degré au-moins ; mais la longitude est excessive de plus de 12 degrés, à la prendre de l’île de Fer ; & quand même on la prendroit aux îles Açores, le méridien du quarantieme degré passeroit à l’orient de toute la presqu’île de Sleswig & de Jutland, sans y toucher. (D. J.)​","[['55 15\' 30"" N 42 53\' 30"" E']]",,"55 15' 30"" N 42 53' 30"" E","55 15' 30"" N 42 53' 30"" E"
v8-552-0,HELSINGFORD,"HELSINGFORD, (Géog.)​ petite ville de Finlande, dans le Nyland, avec un port assez commode, sur le golfe de Finlande, à 8 lieues S. O. de Borgo. Long. 43. 20. lat. 60. 22. (D. J.)​","[[""60 22' N 43 20' E""]]",,60 22' N 43 20' E,60 22' N 43 20' E
v8-57-0,HADHRAMOUT,"HADHRAMOUT, (Géog.)​ ville & contrée d’Asie dans l’Arabie heureuse : M. d’Herbelot, qui parle fort au long de cette contrée dans sa bibliotheque orientale, dit que les anciens l’ont connue sous le nom d’Hadramithena. Il y a dans ce pays une montagne nommée Schibum, d’où l’on tire les plus belles​onyces & agathes de tout l’orient. La ville d’Hadhramont est à quarante-six lieues O. de Carésen. Long. 67. 8. lat. 14. 40. (D. J.)​","[[""14 40' N 67 8' E""]]",,14 40' N 67 8' E,14 40' N 67 8' E
v8-611-0,HENNEBON,"HENNEBON, (Géog.)​ petite ville de France en Bretagne, au diocèse de Vannes, à six lieues d’Auray, sur la riviere de Blavet, à cent lieues S. O. de Paris, long. 14d. 22′. 23″. lat. 47d. 48′.


Je ne dois pas oublier d’ajouter que cette petite ville de Bretagne a donné la naissance à un fameux religieux de l’ordre de Citeaux, Paul Pezron, homme plein de savoir, & même de vues fort étendues sur les anciens monumens de l’histoire profane ; il a plus vieilli la durée du monde, qu’aucun autre chronologiste n’a fait avant lui. On trouvera l’exposition de son système dans le livre qu’il a intitulé, Antiquité des tems rétablie, ouvrage imprimé à Paris en 1687, in-4°. & qu’il a défendu contre les objections des PP. Martianay & le Quien. Il avoit entrepris un grand traité sur l’Origine des Nations, origine qu’on ne découvrira jamais, & en a publié la partie qui regarde l’antiquité de la nation & de la langue des Celtes, autrement appellés Gaulois ; cet ouvrage systématique a été imprimé à Paris en 1703, in-4°. L’Auteur est mort en 1706 à 67 ans. (D. J.)​","[['47 48\' N 14 22\' 23"" E']]",,"47 48' N 14 22' 23"" E","47 48' N 14 22' 23"" E"
v8-650-0,HÉRAT ou plutôt HÉRAH,"HÉRAT, (Géog.)​ ou plutôt HÉRAH, qui est connue par les anciens sous le nom d’Aria, ville considérable de Perse dans le Khorassan, où plusieurs sultans de la race de Tamerlan, qui s’en rendit maître, ont fait leur séjour ordinaire ; Kondémir natif de cette ville, en a donné la description à la fin de son histoire. Long. 94. 20. lat. 34. 30. selon Nassir-Eddin & Ullugbeig, Géographes persans. Mais selon Tavernier, la long. est à 85. 30. & la latit. à 36. 56. (D. J.)​","[[""34 30' N 94 20' E""]]",,34 30' N 94 20' E,34 30' N 94 20' E | 36 56' N 85 30' E
v8-666-0,HERBORN,"HERBORN, (Géog.)​ ville d’Allemagne en Wétéravie, dans la principauté de Nassau-Dillenbourg, avec une université fondée en 1584 par le comte Jean le Vieux. Cette ville est à 3 lieues S. O. de Dillenbourg, 4 N. O. de Solms. Long. 26. 10. lat. 50. 36.


Les deux Pasor pere & fils, naquirent à Herborn ; le pere (Georges) est connu par son Lexicon græcum novi Testamenti, qui est toûjours d’un usage merveilleux, & par son analyse des mots difficiles d’Hésiode, Collegium Hesiodeum ; il mourut en 1637. Le fils (Mathias) fut d’abord professeur à Heidelberg ; mais Tilly ayant saccagé cette ville en 1622, il passa à Paris, pour s’y perfectionner sous Gabriel Sionite, professeur au college royal en chaldéen & en arabe, homme unique en son genre, qui avoit cessé d’enseigner, parce qu’il n’avoit pas deux écoliers dans tout le royaume ; Passor ayant profité de ses leçons particulieres, vint à Oxford, obtint dans cette ville en 1626 une chaire en langues orientales, & trouva des auditeurs. Cependant au bout de quelques années, il accepta l’emploi de professeur en Théologie à Groningue, & mourut en 1658, âgé de 64 ans, sans avoir rien fait imprimer. (D. J.)​","[[""50 36' N 26 10' E""]]",,50 36' N 26 10' E,50 36' N 26 10' E
v8-680-0,HEREFORD,"HEREFORD, (Géog.)​ considérable ville d’Angleterre, capitale de l’Herefordshire, avec un évêché suffragant de Cantorbery ; elle envoie deux députés au parlement, & est située sur la Wye, à sept lieues N. O. de Glocester, six S. O. de Worcester, treize N. O. de Bristol, 120 milles N. O. de Londres. On prétend qu’elle a été bâtie des ruines d’Ariconium, qui étoit à ce que l’on croit, au lieu où est aujourd’hui Wenchester. Long. 14. 55. lat. 52. 6. (D. J.)​","[[""52 6' N 14 55' E""]]",,52 6' N 14 55' E,52 6' N 14 55' O
v8-860-0,HIGHAM-FERRERS,"HIGHAM-FERRERS, (Géog.)​ ville à marché d’Angleterre, en Northamptonshire ; elle envoie deux députés au Parlement, & est à 17 lieues N. de Londres. Long. 16. 55. lat. 52. 18. (D. J.)​","[[""52 18' N 16 55' E""]]",,52 18' N 16 55' E,52 18' N 16 55' O
v8-872-0,HILPERHAUSEN,"HILPERHAUSEN, (Géog.)​ ville d’Allemagne en Franconie, sur la Werra, au comté de Henneberg, entre Cobourg & Smalcalde ; elle appartient à une branche de la maison de Saxe-Gotha. Long. 28. 15. lat. 50. 35. (D. J.)​","[[""50 35' N 28 15' E""]]",,50 35' N 28 15' E,50 35' N 28 15' E
v8-921-0,HIRSCHFELD,"HIRSCHFELD, (Géog.)​ principauté d’Allemagne, située entre la Hesse, la Thuringe, & la principauté de Fulde ; la capitale porte le même nom. Cette principauté étoit autrefois dépendante d’une abbaye qui a été sécularisée par le traité de Westphalie, en faveur de la maison de Hesse-Cassel qui la possede actuellement. Long. 27. 28. lat. 51. 48.","[[""51 48' N 27 28' E""]]",,51 48' N 27 28' E,51 48' N 27 28' E
v8-953-0,HOCHBERG,"HOCHBERG, (Géog.)​ petit pays d’Allemagne​au cercle de Suabe dans le Brisgaw ; Emertingen en est le lieu le plus considérable, il appartient au prince de Bade Dourlach. Long. 25. 32. lat. 48. 10. (D. J.)​","[[""48 10' N 25 32' E""]]",,48 10' N 25 32' E,48 10' N 25 32' E
v8-973-0,"HOEFT, ou plûtôt Het-Hooft","HOEFT, ou plûtôt Het-Hooft, (Géog.)​ forteresse de la Prusse polonoise sur la Vistule. Long. 37. 70. lat. 54. 28. (D. J.)​","[[""54 28' N 37 70' E""]]",,54 28' N 37 70' E,54 28' N 37 70' E
v8-974-0,HOEICHEU,"HOEICHEU, (Géog.)​ ville commerçante de la Chine, 14e métropole de la province de Kianguan ; c’est dans cette ville que se fait la meilleure encre de la Chine, & où l’on trouve le meilleur thé. Long. 137. lat. 34. 10.


Il y a une autre ville de ce nom dans la province de Quantung, ou, suivant notre maniere d’écrire, Canton, dont elle est la 4e métropole, à 2d. 46′. plus orientale que Pékin, à 23d. 9′. de latitude. (D. J.)​","[[""34 10' N 137 E""]]",,34 10' N 137 E,34 10' N 137 E
v8-977-0,HOFF,"HOFF, (Géog.)​ ville d’Allemagne dans le Voigtland, avec un collége sur la Lecta. Long. 29. 45. lat. 50. 23. (D. J.)​","[[""50 23' N 29 45' E""]]",,50 23' N 29 45' E,50 23' N 29 45' E
v9-1030-0,LAVAUR,"LAVAUR, (Géog.)​ Ce mot est composé du nom même, & de l’article, de sorte qu’il devroit s’écrire La-Vaur ; car le nom latin est Vaurum, Vaurium, ou Castrum vauri, ville de France dans le haut-Languedoc, avec un évêché érigé par Jean XXII en 1316, suffragant de Toulouse. Il s’y tint, vers l’an 1212, un concile contre les Albigeois, dont elle embrassoit la doctrine. Cette ville est sur l’Agoût, à 8 lieues S. O. d’Alby, 8 N. E. de Toulouie, 160 S. O. de Paris. Long. 19. 32. lat. 43. 42.","[[""43 42' N 19 32' E""]]",,43 42' N 19 32' E,43 42' N 19 32' E
v9-1033-0,LAUDA,"LAUDA, (Géog.) place d'Allemagne en Franconie, sur le Tauber, dans l'évêché de Wurtzbourg, à 5 milles de cette ville, & à 2 de Mariendal. Long. 27. 20. lat. 49. 36. (D. J.)","[[""49 36' N 27 20' E""]]",,49 36' N 27 20' E,49 36' N 27 20' E
v9-1058-0,LAUN ou LAUNU,"LAUN ou LAUNU, (Géog.)​ ville de Bohême près de l’Egra, sur la route de Leipsic à Prague, dans un terroir qui produit du bon froment, des pâturages, & des pommes renommées dans tonte la Boheme. Long. 31. 35. lat. 50. 25. (D. J.)​","[[""50 25' N 31 35' E""]]",,50 25' N 31 35' E,50 25' N 31 35' E
v9-1078-0,"LAUSANNE, Lausanna ou Lausanum","LAUSANNE, Lausanna ou Lausanum, (Géog.)​ ville de Suisse, capitale du pays de Vaud, au canton de Berne.


C’est un lieu très-ancien, puisqu’il est désigné dans l’itinéraire d’Antonin entre la colonie équestre qui est Nyon, & Urba qui est Orbe. On y voit marqué lacus lausonius, ce qui prouve que le lac Léman a porté le nom de lac de Lausanne, avant que de prendre celui de Genève. Selon quelques auteurs Valerius Aurelianus bâtit Lausanne des ruines d’Arpentine ; mais on ne sait rien de certain sur son origine.


Cette ville a eu les mêmes révolutions & les mêmes seigneurs que le pays de Vaud, jusqu’à la mort de Bertold V duc de Zéringen : elle étoit déja franche & libre ; ensuite l’évêque de Lausanne devint prince de la ville, mais avec la conservation de tous les privileges des habitans.


Les Bernois ayant conquis sur Charles II. duc de Savoie le pays de Vaud, se rendirent maîtres de Lausanne, d’où ils bannirent l’exercice de la religion romaine, donnerent à leur bailli les revenus de la manse épiscopale, & ceux de la manse du chapitre au college qu’ils établirent, & que l’on nomme académie : elle fleurit dès le commencement de son établissement, & n’a point dégénéré.


L’évêque Sébastien de Montfaucon qui tenoit alors le siege épiscoal de Lausanne, fut contraint de se retirer à Fribourg, avec le vain titre d’évêque de Lausanne & de prince de l’empire, n’ayant pour vivre que ce qu’il recevoit de Savoie. Ses successeurs qui prennent toujours les mêmes titres, sont nommés par les rois de Sardaigne qui pourvoient à leur subsistance.


On croit que le siege épiscopal de cette ville avoit été établi au commencement du vij. siecle par l’évêque Marius, appellé vulgairement saint Maire, après la destruction d’Avanches (Aventicum) où ce siége étoit auparavant.


L’église cathédrale fut dédiée par le pape Grégoire XX, l’an 1275 en présence de l’empereur Rodolphe de Habsbourg.


Les peres du concile de Bâle ayant quitté Bâle en​1449, allerent siéger à Lausanne, où ils tinrent quelques séances. La bibliotheque de l’académie de Lausanne conserve un volume manuscrit des actes de ce concile. C’est ici que Felix V céda la thiarre pontificale à Nicolas, pour se retirer au couvent de Ripailles, qu’il avoit fait bâtir auparavant dans le Chablais au bord du lac, & il y mourut hermite l’an 1452.


Le territoire de Lausanne est un pays admirablement cultivé, plein de vignes, de champs & de fruits ; tout y respire l’aisance, la joie & la liberté. La vûe à un quart de lieue de la ville, se promene sur la ville même, sur le lac Léman, sur la Savoie, & sur le pays entier jusqu’à Geneve : rien n’en borne l’étendue que les Alpes mêmes & le mont Jura.


Enfin Lausanne est bâtie à demi-lieue au-dessus du lac, sur trois collines qu’elle occupe entierement, avec les vallons qui sont entre deux ; sa situation est bien plus belle que n’étoit celle de Jérusalem. Elle est à 20 lieues S. O. de Berne, 12 N. E. de Geneve. Long. 24. 20. lat. 46. 30.


Lausanne n’est pas une des villes de Suisse où les Sciences soient le moins heureusement cultivées dans le sein du repos & de la liberté ; mais entre les savans dont elle est la patrie, je ne dois pas oublier M. Crouzas (Jean Pierre) associé étranger de l’académie des Sciences de Paris. Il s’est fait un nom célebre dans la république des Lettres ; comme philosophe, logicien, métaphysicien, physicien & geometre. Tout le monde connoît ses ouvrages, son examen du pyrrhonisme ancien & moderne in-fol. sa logique dont il s’est fait plusieurs éditions, & dont lui même a donné un excellent abrégé ; son traité du beau, celui de l’éducation des enfans, qui est plein d’esprit & d’une ironie délicate ; enfin plusieurs morceaux sur des sujets de physique & de mathématiques. Il est mort comblé d’estime & d’années en 1748, à l’âge de 85 ans (D. J.)​","[[""46 30' N 24 20' E""]]",,46 30' N 24 20' E,46 30' N 24 20' E
v9-1083-0,"LAWENBOURG, Leoburgum","LAWENBOURG, Leoburgum, (Géog.)​ ville d’Allemagne, dans le cercle de basse Saxe, capitale d’un duché de même nom, qui appartient à l’électeur d’Hanover ; elle tire son nom de son fondateur Heinrickder Lauwz, & ce nom veut dire la ville du lion ; le prince surnommé de même, enleva ce canton aux Vendes. Lawenbourg est sur la rive droite de l’Elbe, à 4 lieues nord-est de Lunebourg, 10 sud-est de Hambourg, 6 sud de Lubeck. Long. 28. 26. lat. 53. 56. (D. J.)​","[[""53 56' N 28 26' E""]]",,53 56' N 28 26' E,53 56' N 28 26' E
v9-1123-0,"LEBRIXA, Nebrissa","LEBRIXA, Nebtissa, (Géogr.)​ ancienne ville d’Espagne, dans l’Andalousie. Elle est dans un pays admirable, abondant en grains, en vins excellens, & en oliviers, dont on fait la meilleure huile d’Es-​pagne, à quatre lieues N. E. de S. Luçar de Baraméda, à deux du Guadalquivir. Elle étoit connue des anciens sous le nom de Nebrissa, qu’elle porte encore, avec un fort leger changement. Long. 12. 3. lat. 36. 56.","[[""36 56' N 12 3' E""]]",,36 56' N 12 3' E,36 56' N 12 3' E
v9-1145-0,"LECTOURE, ou LEICTOURE, ou LEITOUR, ou LAICTOURE, en latin Lactora, gen. Lactorum, Lectora, Lectura, Lectorium & Lecturum","LECTOURE, ou LEICTOURE, ou LEITOUR, ou LAICTOURE, en latin Lactora, gen. Lactorum, Lectora, Lectura, Lectorium & Lecturum, (Géogr.)​ ancienne & forte ville de France en Gascogne, capitale de l’Armagnac, avec un vieux château, & un évêché suffragant d’Ausch. E le est sur une montagne, au pié de laquelle passe la riviere de Gers, à 5 lieues E. de Condom, 8 S. O. d’Agen, 8 N. E. d’Auch, 145 8. O. de Paris.


Cette ville étoit le chef-lieu du peuple Lactorates, dont le nom est marqué dans une inscription romaine ; mais il ne se trouve indiqué nulle part avant l’itinéraire d’Antonin, où l’on voit la ville Lectoure, sur le chemin qui, passant par Ausch, alloit à Comminges. Depuis le cinquieme siécle, le nom Lactora, & celui des évêques de cette ville, se lisent dans les signatures des conciles. Philippe le Bel acquit Lectoure en 1300 d’Elie Talleiran, comte de Perigord.


On lit dans Gruter des copies d’inscriptions antiques trouvées à Leictoure, dans l’une desquelles il y a R. P. Lactorat. & dans une autre Civit. Lactorat. Ces titres de cité & de république marquent une ville libre.


On a aussi découvert un très-grand nombre d’inscriptions tauroboliques à Lectoure ; presque toutes ont été faites sous Gordien III. qu’on nomme autrement Gordien Pie, pour le retour de la santé de cet empereur, quoique cette ville y prît le plus petit intérêt du monde Voyez sur Laictoure modene, Had. de Vallois, not. Gall. p. 259. & M. de Marca dans son hist. de Béarn, liv. I. ch. 10 Long. 18. 16. 53. latit. 43. 56. 2.","[['43 56\' 2"" N 18 16\' 53"" E']]",,"43 56' 2"" N 18 16' 53"" E","43 56' 2"" N 18 16' 53"" E"
v9-1191-0,"LEIPSIC, on écrit aussi LEIPSICK, & LEIPSIG, Lipsia","LEIPSIC, on écrit aussi LEIPSICK, & LEIPSIG, Lipsia, (Géog.)​ riche & célebre ville d’Allemagne dans la Misnie, avec un château appellé Pleissembourg, & une fameuse université erigée sous l’électeur Frédéric, en 1409 : plusieurs souverains en ont été les recteurs. Il se fait à Léipsic un grand commerce ; elle se gouverne par ses propres lois depuis 1263, & dépend de l’électeur de Saxe. Elle est remarquable par ses foires & par les batailles qui s’y donnerent en 1630 & 1642. Elle a souvent servi de théâtre à de grands événemens dans les guerres d’Allemagne. Elle est située dans une plaine & dans un terroir fertile, entre la Saale & la Mulde, au confluent de la Pleysse, de l’Elster & de la Barde à 15 lieues S. O. de Wirtemberg ; 15 N. O. de Dresde ; 26 S. E. de Magdebourg 100 N. O. de Vienne. Long. suivant Rivinus, Cassini, Lieutaud & Desplaces, 29d51′30″. lat. 51d19′14″.


Il n’est peut être point de villes en Allemagne qui ait donné la naissance à tant de gens de lettres que Leipsic : j’en trouve même plusieurs de célebres. Tels sont, indépendamment de M. Leibnitz, savant universel ; tels sont, dis-je, les Carpzove, les Etmuller, les Fabricius, les Jungerman, les Mencken, les Thomasius ; car l’abondance m’oblige de m’arrêter à cette liste, sans que mon silence pour d’autres puisse porter atteinte aux éloges qu’ils méritent.


Les Carpzoves, se sont distingués par leurs ouvrages de Théologie, de Littérature ou de Jurisprudence. L’on convient généralement que Benoît Carp-​zovius mort en 1666, âgé de 72 ans, est le meilleur écrivain sur la pratique, les constitutions, les jugemens, les décisions criminelles & civiles de l’Allemagne.


Les Etmuller pere & fils, ont brillé dans la Médecine. Les ouvrages du pere souvent réimprimés, forment sept volumes in-fol. de l’édition de Naples de 1728.


Entre les Fabricius, personne ne doute que Jean Albert ne soit un des plus laborieux, des plus érudits, & des plus utiles littérateurs du xviij. siecle. Sa bibliotheque greque en 14 vol. in-4° ; sa bibliotheque latine en 6 volumes ; ses mémoires d’Hambourg en 8 volumes in-8° ; son code apocryphe du vieux & du nouveau Testament en 6 volumes in-8°. en sont de grandes & de bonnes preuves. Cet homme infatigable est mort en 1736, âgé de 68 ans.


Les Jungerman freres se sont attachés avec honneur, l’un à la Botanique, l’autre à la Littérature. Louis a donné entr’autres ouvrages, l’Hortus eistetensis. Le littérateur Godefroy a publié le premier les commentaires de Jules-César en grec. Cette édition faite à Francfort en 1606 in-4°. est extrémement recherchée des curieux : le même savant a mis au jour une traduction latine des pastorales de Longin, avec des notes.


Nous devons à MM. Mencken pere fils, & petit-fils, le Journal de Leipsic, si connu sous le nom d’acta eruditorum ; ils n’ont point été discontinués ces actes des savans depuis 1683, & ils forment actuellement près de cent volumes in-4°.


Entre les Thomasius, Christiern s’est illustré dans la Jurisprudence par son histoire du droit naturel ; par celle des disputes du sacerdoce & de l’empire, & par d’autres ouvrages écrits en latin ou en allemand.


Enfin Leibnitz seul auroit suffi pour donner du relief à Leipsic sa patrie. Ce fameux Leibnitz, dit M. de Voltaire « mourut en sage à Hanovre, le 14 Novembre 1716, à l’âge de 70 ans, adorant un dieu comme Newton, sans consulter les hommes. C’étoit peut-être le savant le plus universel de l’Europe ; historien infatigable dans ses recherches, jurisconsulte profond, éclairant l’étude du droit par la philosophie, toute étrangere qu’elle paroît à cette étude ; métaphysicien assez délié, pour vouloir réconcilier la Théologie avec la Métaphysique ; poëte latin même, & de plus mathématicien assez bon pour disputer au grand Newton l’invention du calcul de l’infini, & pour faire douter quelque tems entre Newton & lui ». Voyez aussi sur ce beau génie l’éloge qu’en a fait M. de Fontenelle, Hist. de l’académie royale des Sciences, ann. 1716, & l’art. Leibnitzianisme. (D. J.)​","[['51 19\' 14"" N 29 51\' 30"" E']]",,"51 19' 14"" N 29 51' 30"" E","51 19' 14"" N 29 51' 30"" E"
v9-1194-0,"LÉIRIA, Leiria","LÉIRIA, Leiria, (Géog.)​ ville de Portugal dans l’Estramadure, avec un château & un évêché suffragant de Lisbonne, érigé en 1544. Elle est à 11 lieues S. de Coimbre, 17 N. E. de Lisbonne, entre les torrens de Lis & de Linarez, à trois lieues de la mer. Long. 9. 45. lat. 39. 40.


Leiria est la patrie d’un des grands poëtes de Portugal, de Lobo Rodrigues Francesco. Il fleurissoit au commencement du dernier siecle, & se noya dans un esquif en revenant d’une maison de campagne. Sa piece intitulée Euphrosine, est la comédie favorite des Portugais. Toutes ses œuvres ont été recueillies & imprimées à Lisbonne en 1721 in-fol.","[[""39 40' N 9 45' E""]]",,39 40' N 9 45' E,39 40' N 9 45' O
v9-1196-0,"LEITH, ou LYTH","LEITH, ou LYTH, (Géog.)​ Durolitum selon quelques auteurs ; ville d’Ecosse, avec un port dans la province de Lothiane, sur le golfe de Forth près d’Edimbourg, dont elle est comme le port. Long. 14. 34. lat. 54. 50. (D. J.)​","[[""54 50' N 14 34' E""]]",,54 50' N 14 34' E,54 50' N 14 34' E
v9-1217-0,"LEMPSTER, ou LIMSTER","LEMPSTER, ou LIMSTER, (Géog.)​ petite ville à marché d’Angleterre en Herdsfordshire, avec titre de baronie : elle députe au parlement, & se distingue par son froment & par ses laines. Sa situation est près de la riviere de Lug, à 71 milles N. O. de Londres. Long. 14. 45. lat. 52. 16. (D. J.)​","[[""52 16' N 14 45' E""]]",,52 16' N 14 45' E,52 16' N 14 45' E
v9-1240-1,"Léo, saint","Léo saint, (Géog.)​ Leonis fanum, petite mais forte ville d’Italie, dans l’état de l’église au duché d’Urbin, dans le pays de Montefeltro, avec un évêché dont l’évêque fait sa résidence à Penna de Billi. Elle est sur une montagne, à 3 lieues S. O. de San-Marino, 6 N. O. d’Urbin. Long. 30. latit. 43. 57.","[[""43 57' N 30 E""]]",,43 57' N 30 E,43 57' N 30 E
v9-1265-0,LÉPANTE,"LÉPANTE, (Géogr. anc. & mod.)​ ville de Grece dans la Livadie propre, avec un port sur la côte septentrionale du golfe, qui prend d’elle le nom du golfe de Lépante. Voyez Lépante, golfe de.


Cette ville est appellée des Latins Naupactus, d’un mot grec qui signifie batir un vaisseau, soit que les Héraclides, ou les peuples de la Locride, comme le veulent d’autres autours, ayent construit leur premier navire dans cet endroit-là. Les Grecs modernes nomment Lépante Epactos, & les Turcs Einbachti.


Elle est située dans le pays de Livadia, sur le rivage, peu loin de l’ouverture du golfe de son nom, autour d’une montagne de figure conique, sur le sommet de laquelle est bâtie la forteresse, fermée de quatre rangs de grosses murailles separées par de petits vallons entre deux, où les habitans ont leurs maisons.


Les anciens Grecs avoient à Naupacte quatre temples célebres, l’un consacré à Neptune, l’autre à Vénus, le troisieme à Esculape, & le quatrieme à Diane. Aujourd’hui que Naupacte a pris le nom de Einbachti, qu’elle est sous la domination du sultan, & gouvernée par un vaïvode, il y a sept mosquées, deux églises pour les Grecs méprisés par les Turcs, & trois synagogues de Juifs qui font le commerce du pays, consistant en apprêts de maroquins.


L’attaque de cette place étoit très-difficile avant​ l’usage du canon. En 1408, elle étoit soumise à l’empereur de Constantinople ; mais l’empereur Emanuel, craignant de ne pouvoir pas la conserver, prit le parti de la céder à la république de Venise qui la munit de maniere à résister à une puissante armée. En effet les Turcs s’y morfondirent en 1475, & furent obligés, au bout de quatre mois d’attaque, d’en lever honteusement le siége. Enfin, Bajazet fut plus heureux, la prit sur les Vénitiens en 1687, & le château de Romélie fut rasé en 1699, en exécution de la paix de Carlwitz.


Lépante est à 45 lieues N O. d’Athenes, 140 S. O. de Constantinople. Long. 39. 48. lat. 38. 34.","[[""38 34' N 39 48' E""]]",,38 34' N 39 48' E,38 34' N 39 48' E
v9-1308-0,LESSINES,"LESSINES, (Geog.)​ petite ville des Pays-Bas dans le Hainault, sur la Deure, à 2 lieues N. d’Ath, 6 N. O. de Mons, 5 S. O. de Bruxelles. Long. 21. 28. lat. 51. 41. (D. J.)​","[[""51 41' N 21 28' E""]]",,51 41' N 21 28' E,51 41' N 21 28' E
v9-1322-0,"LETTERE, Letterum ou Letteranum","LETTERE, Letterum ou Letteranum, (Géog.)​ petite ville d’Italie, au royaume de Naples, dans la principauté citérieure, avec un évêché suffragant d’Amafi. Elle est assise sur le dos du mont Lactarius, à 5 lieues nord-ouest de Salerne, 8 sud-est de Naples. Long. 32. 5. lat. 40. 52. (D. J.)​","[[""40 52' N 32 5' E""]]",,40 52' N 32 5' E,40 52' N 32 5' E
v9-1386-0,"LEUTMÉRITZ, Litomerium","LEUTMÉRITZ, Litomerium, (Géog.)​ ville de Bohème, capitale du cercle de même nom, avec un évêché suffragant de Prague, érigé en 1655. Elle est sur l’Elbe, à 8 milles N. O. de Prague, & à 10 S. E. de Dresde. Long. 31. 50. lat. 50. 34. (D. J.)​","[[""50 34' N 31 50' E""]]",,50 34' N 31 50' E,50 34' N 31 50' E
v9-1390-0,LEWENTZ,"LEWENTZ, (Géog.)​ Leuca en latin moderne, ville de la haute Hongrie, au comté & sur la riviere de Gran, dans le gouvernement de Neuhausel, à 5 milles de cette ville, 9 N. E. de Gran. Long. 36. 58. lat. 48. 15.","[[""48 15' N 36 58' E""]]",,48 15' N 36 58' E,48 15' N 36 58' E
v9-1451-0,"LIBOURNE, liburnum","LIBOURNE, liburnum, (Géog.)​ &, selon M. de Valois, Ellæ-borna, c’est-à-dire la borne de l’Ile, ville de France en Guyenne, dans le Bourdelois, plusieurs fois prise & reprise durant les guerres avec les Anglois, & durant les troubles de France. On ne voit pas que ce lieu ait été marqué dans l’antitiquité, quoique le nom latin Liburnum qu’on lui donne ait un certain air d’ancienneté. Cette petite ville marchande & assez peuplée, est au confluent de l’Ile avec la Dordogne, qui est fort large en cet endroit, à 5 lieues N. E. de Bourdeaux, & 122 S. O. de Paris. Long. 17. 24. 32. latit. 44. 55. 2. (D. J.)​","[['44 55\' 2"" N 17 24\' 32"" E']]",,"44 55' 2"" N 17 24' 32"" E","44 55' 2"" N 17 24' 32"" E"
v9-1488-0,LICHTSTALL,"LICHTSTALL, (Géog.)​ Quelques françois portés à estropier tous les noms, ont rendu celui-ci méconnoissable, en écrivant Liefstall ; c’est une jolie petite ville de Suisse au canton de Bâle, sur l’Ergetz, à 2 lieues de Bâle : long. 25. 32. lat. 47. 50. (D. J.)​","[[""47 50' N 25 32' E""]]",,47 50' N 25 32' E,47 50' N 25 32' E
v9-1510-5,Liege,"Liege, (Géog.)​ ville d’Allemagne dans le cercle de Westphalie, capitale de l’évêché du même nom, dont l’évêque est souverain, & suffragant de Cologne.


On nomme aujourd’hui cette ville en latin Leodium, Leodicum & Leodica ; selon Boxhornius on la nommoit anciennement Legia, à cause d’une légion romaine que les habitans du pays défirent, de même que cinq cohortes commandées par Cotta & par Sabinus, comme le remarque César, liv. V. On l’appelle en allemand Luttich, & en Hollandois Luyk.


La plûpart des meilleurs écrivains prétendent que S. Hubert, originaire d’Aquitaine, qui florissoit en 700, fut le premier évêque de cette ville, qu’il la fonda, lui donna le nom de Legia, & qu’avant son tems ce n’étoit qu’un village.


Quoique cette ville soit soumise à son évêque pour le temporel & le spirituel, elle jouit de si grands privileges qu’on peut la regarder comme une république libre, gouvernée par ses bourgmestres, par ses sénateurs & par ses autres magistrats municipaux ; car elle a trente-deux colléges d’artisans, qui partagent une partie de l’autorité dans le gouvernement, & portent l’aisance dans la ville ; mais le nombre de ses églises, de ses abbayes, & de ses monasteres, lui font un tort considérable. Pétrarque en sortant de cette ville, écrivit à son amante : Vidi Leodium insignem clero locum ; il diroit encore la même chose.


Son évêché renfermoit autrefois tout le comté de Namur, une grande partie du duché de Gueldres & de celui de Brabant. Il n’a plus cette étendue, cependant il comprend encore sous sept archidiaconés vingt & un doyennés ruraux, & en tout environ 1500 paroisses.


Le pays de Liege est divisé en dix drossarderies ou grands bailliages qui sont à la collation du prince, quelques villes, Liege, Tongres, Huy, Maseick, Dinant, Hassel, &c. plusieurs gros bourgs, baronnies & seigneuries, sur lesquelles l’évêque a la jurisdiction de prince ou d’évêque. Le terroir y est fertile en grains, fruits & venaison. Il se trouve dans le pays des mines de fer & quelques-unes de plomb, avec des carrieres d’une espece de charbon de terre, qu’on appelle de la houille.


La ville de Liege est située dans une vallée agréable, abondante, environnée de montagnes que des vallons séparent, avec des prairies bien arrosées, sur la Meuse, à 5 lieues N. E. de Huy, 4 S. de Mastricht, 14 N. E. de Namur, 25 S. O. de Cologne, 26 N. de Luxembourg, 30 N. O. de Mons, 77 N. E. de Paris. Long. selon Cassini, 26d. 6′. 30″. latit. 50. 40.


« C’est ici qu’est décédé à l’âge de 55 ans, le 7 Août 1106, Henri IV, empereur d’Allemagne, pauvre, errant, & sans secours, plus misérablement encore que Grégoire VII, & plus obscurément, après avoir si long-tems tenu les yeux de l’Europe ouverts sur ses victoires, sur ses grandeurs, sur ses infortunes, sur ses vices & sur ses vertus. Il s’écrioit en mourant, au sujet de son fils Henri V : Dieu des vengeances, vous vengerez ce parricide ! De tous tems les hommes ont imaginé que Dieu exauçoit les malédictions des mourans, & sur-tout des peres ; erreur utile & respectable, si elle arrêtoit le crime ». Voltaire, Hist. universelle, tom. I. pag. 280. (D. J.)​","[['50 40\' N 26 6\' 30"" E']]",,"50 40' N 26 6' 30"" E","50 40' N 26 6' 30"" E"
v9-1514-0,LIENTZ ou LUENTZ,"LIENTZ ou LUENTZ, (Géog.)​ en latin Loncium, petite ville du Tirol sur la Drave, à 4 milles germaniques d’lunichen. Longit. 29. 10. latit. 47. 15. (D. J.)​","[[""47 15' N 29 10' E""]]",,47 15' N 29 10' E,47 15' N 29 10' E
v9-1541-0,LIGOR,"LIGOR, (Géog.)​ ville d’Asie, capitale d’un petit pays de même nom, sur la côte orientale de la presqu’île de Malaca, avec un port difficile d’entrée & un magasin de la compagnie hollandoise. Elle appartient, ainsi que le pays, au roi de Siam. Long. 118. 30. lat. 7. 40. (D. J.)​","[[""7 40' N 118 30' E""]]",,7 40' N 118 30' E,7 40' N 118 30' E
v9-1552-0,LILINTGOW,"LILINTGOW, (Géog.)​ en latin Lindum, ancienne ville d’Ecosse, dans la province de Lothiane, sur un lac très-poissonneux, à 4 lieues N. E. d’Edimbourg, 130 N. O. de Londres. Long. 14. 20. lat. 56. 18. (D. J.)​","[[""56 18' N 14 20' E""]]",,56 18' N 14 20' E,56 18' N 14 20' E
v9-157-0,KAFFUNGEN,"KAFFUNGEN, (Géog.)​ autrement Cappung, Confugia, petite ville & monastere d’Allemagne, dans la Hesse, près de Cassel. Long. 27. 5. lat. 51. 15. (D. J.)​","[[""51 15' N 27 5' E""]]",,51 15' N 27 5' E,51 15' N 27 5' E
v9-1639-0,LINOSE,"LINOSE, (Géog.)​ île de la mer Méditerranée, sur la côte d’Afrique, à 5 lieues N. E. de Lampedouse, presque vis-à-vis de Mahomette en Barbarie. Sanut pense que c’est l’Ethusa de Ptolomée. Elle a environ 5 lieues de tour, & pas un seul endroit commode, où les vaisseaux puissent aborder. Long. 31. 6. lat. 34. (D. J.)​","[[""34 N 31 6' E""]]",,34 N 31 6' E,34 N 31 6' E
v9-166-0,KAIROAN,"KAIROAN, (Geogr.)​ Cyrene, ville d’Afrique, capitale d’un gouvernement de même nom, au royaume de Tunis. Elle est soumise aux Turcs, & est peu de chose aujourd’hui. Long. 28. 30. lat. 35. 40. (D. J.)​","[[""35 40' N 28 30' E""]]",,35 40' N 28 30' E,35 40' N 28 30' E
v9-1691-0,LISIEUX,"LISIEUX, (Géog.)​ ancienne & jolie ville de France dans la haute Normandie, au Lieuwin, avec titre de comté, & un évêché suffragant de Rouen.


Lisieux se nomme en latin civitas Lexoviorum, Lixoviorum, Lexovium, Lixovium, Liciacensis civitas. Elle a tiré son nom, suivant l’abbé de Longuerue, des peuples Lexovii ou Lexobii. Sous les rois de France, elle fut la capitale d’un pays, qui est nommé dans les capitulaires, Lisvinus, Livinus, comitatus Lisvinus, le comté de Lisieux. Ce comté a été donné à l’évêque, qui, par-là, est devenu seigneur temporel de la ville. Il reconnoît, pour son premier évêque, Litarde, qui assista au concile d’Orléans l’an 511. Son évêché, l’un des plus considérables de la province, vaut 50 mille livres de rentes, & son palais épiscopal est une belle maison. Il y a à Lisieux une grande fabrique de toiles, de frocs & de pinchinas.


Cette ville est entre Seez & Verdun, en partie sur une côte, en partie dans une belle vallée, au confluent de l’Arbec & du Gasse qui, après s’être joints, prennent le nom de Touques. La position de Lisieux est à 3 lieues de Pont-l’évêque, à 18 S. O. de Rouen, 10 E. de Caen, 5 de la mer, 40 N. O. de Paris. Long. selon Lieutaud, 15d. 40′. 30″. lat. 49. 11.


Vattier (Pierre) est, que je sache, le seul homme de lettres dont Lisieux soit la patrie ; après être devenu médecin, & conseiller de Gaston, duc d’Orléans, il abandonna la Médecine pour cultiver la langue arabe. Nous lui devons la traduction françoise de Timur, & celle des califes mahométans d’Elmacinus, qui parut à Paris en 1657. (D. J.)​","[['49 11\' N 15 40\' 30"" E']]",,"49 11' N 15 40' 30"" E","49 11' N 15 40' 30"" E"
v9-1695-1,Lissa,"Lissa, (Géog.)​ petite ville de la grande Pologne au palatinat de Polnanie, sur les frontieres de Silésie, proche de Glogau. Long. 33. 47. lat. 51. 39. (D. J.)​","[[""51 39' N 33 47' E""]]",,51 39' N 33 47' E,51 39' N 33 47' E
v9-174-0,KALAAR,"KALAAR, (Géogr.)​ ville de Perse dans le Chilan ; on y fait une grande quantité de soie. Selon Tavernier, la long. 76. 25. lat. 37. 23. (D. J.)​","[[""37 23' N 76 25' E""]]",,37 23' N 76 25' E,37 23' N 76 25' E
v9-1789-1,"Loanda, S. Paul de","Loanda, S. Paul de, (Géog.)​ ville d’Afrique, capitale du royaume d’Angola, dans la basse Guinée, avec un bon port, une forteresse, & un évêché suffragant de Lisbonne. On y compte un millier de maisons d’Européens, un plus grand nombre encore de maisons de Negres, qui sont les naturels du pays, & quantité d’esclaves. On y trafique par échange, & l’on y mange du pain de manioc. Les zimbis servent de petite monnoie, & les Negres tiennent lieu de la grosse monnoie dans le trafic. Long. 31. lat. méridionale, 8. 45. (D. J.)​","[[""8 45' S 31 E""]]",,8 45' S 31 E,8 45' S 31 E
v9-1790-1,Loango,"Loango, (Géog.)​ capitale du royaume de ce nom ; le roi y réside avec sa cour & son serrail ; l’enclos de sa demeure ou de son palais, est d’une palissade de branches de palmiers, & forme un quarré d’une très-grande étendue ; on y trouve les maisons de ses femmes & de ses concubines ; on reconnoît les unes & les autres à des brasselets d’ivoire, & elles sont étroitement gardées. Les bâtimens des autres habitans sont sur le modele de celui du roi ; ils ne se touchent pas, & sont bordés & entourés de bananas, de palmiers, & de bankoves. Loango est environ à deux lieues de la côte de l’Océan éthiopique. Long. 29. 15. lat. mérid. 4. 30. (D. J.)​","[[""4 30' S 29 15' E""]]",,4 30' S 29 15' E,4 30' S 29 15' O
v9-180-0,KALIMBOURG,"KALIMBOURG, (Géog.)​ ou plûtôt KALLUNDBORG. Calumburgum, ville de Danemark dans l’isle de Zélande, chef-lieu d’un bailliage considérable. Long. 28. 56. lat. 55. 54.


Ce fut dans le château de cette ville que finit ses jours Christiern Il, roi de Danemark, digne d’une fin plus tragique. On sait, dit M. de Voltaire, quel monstre étoit ce Christiern : un de ses crimes fut la source de son châtiment, qui lui fit perdre trois royaumes. Il emmena par trahison le jeune Gustave Vasa & six ôtages, qu’il mit aux fers. En 1520 il donna dans Stockolm la fête exécrable, dans laquelle il fit égorger le sénat entier & tant de braves citoyens. L’année suivante il fit jetter dans la mer la mere & la sœur de Gustave Vasa, enfermées l’une & l’autre dans un sac. Non moins cruel envers ses Danois qu’envers ses ennemis, il fut bientôt aussi abhorré du peuple de Coppenhague, que des Suédois même. Les Danois alors en possession d’élire leurs rois, avoient le droit de chasser un tyran du trône. Tous joints ensemble, ils lui signifierent l’acte de sa déposition par Mons, premier magistrat du Jutland, qui se chargea de lui en porter l’arrêt. Christiern obéit sans oser repliquer, & s’enfuit en Flandres. On n’a jamais vû d’exemple d’une révolution si juste, si prompte & si tranquille. Enfin abandonné de tout le monde, il se laissa mener en Danemark en 1532, fut arrêté à Kalimbourg en 1534, & confiné dans une espece de prison, où il demeura jusqu’à sa mort, arrivée en 1559, à 78 ans. (D. J.)​","[[""55 54' N 28 56' E""]]",,55 54' N 28 56' E,55 54' N 28 56' E
v9-1819-0,LODEVE,"LODEVE, (Géogr.)​ ancienne ville de France au bas Languedoc, avec un évêché suffragant de Narbonne, érigé par le pape Jean XXII. en 1316. Le nom latin Lodeva est Luteva & Forum Neronis ; je le​prouve, parce que Pline, l. III. c. iv. en nomme les habitans Lutevani, qui est Foroneronienses ; le même auteur ajoute que c’étoit une ville latine, sans doute à cause de la colonie, à l’occasion de laquelle on l’avoit surnommée Forum Neronis. Elle a eu ses vicomtes, ainsi que les autres villes du Languedoc ; voyez Catel, Hist. du Languedoc, l. II. c. vij. p. 296. & Had. Valesius, Notit. Gall. p. 274. Quoique située dans un pays sec & stérile, ses seules manufactures de draps & de chapeaux la font fleruir. Elle est sur la Lergue, au pié des Cévennes, à 9 lieues de Beziers, 15 de Nismes, 17 de Narbonne, 11 N. E. de Montpellier, 150 S. E. de Paris. Long. 21. lat. 43. 47.


Lodeve a l’honneur d’avoir donné naissance à deux cardinaux, Guillaume de Mandagot, & André-Hercule de Fleury.


Le premier, mort à Avignon en 1321, fut successivement archidiacre de Nismes, prévôt de Toulouse, archevêque d’Embrun, d’Aix, & enfin cardinal & evêque de Palestrine. Il avoit fait un traité d’élection des prélats, qu’on a imprimé à Cologne en 1573.


M. le cardinal de Fleury, mort à Issy près de Paris en 1743, presque nonagénaire, a été connu de tout le monde. Ce fut, dit M. de Voltaire, un homme des plus aimables, & de la société la plus délicieuse, jusqu’à l’âge de 73 ans ; & quand à cet âge il eut pris en main le gouvernement de l’état, il fut regardé comme un des plus sages. Il conserva jusqu’à près de 90 ans une tête saine, libre & capable d’affaires. Depuis 1726 jusqu’à 1742, tout lui réussit. Il prouva que les esprits doux & concilians sont faits pour gouverner les autres. Il fut simple & économe en tout, sans jamais se démentir. La distinction de la modestie fut son partage ; & s’il y a eu quelque ministre heureux sur la terre, c’étoit sans doute le cardinal de Fleury. (D. J.)​","[[""43 47' N 21 E""]]",,43 47' N 21 E,43 47' N 21 E
v9-1842-0,"LOGROGNO, ou LOGRONO","LOGROGNO, ou LOGRONO, (Géog.)​ ancienne ville d’Espagne, dans la vieille Castille, sur les frontieres de la Navarre, dans un terrein abondant en fruits exquis, en olives, en blé, en chanvre, en vins, & en tout ce qui est nécessaire à la vie. Elle est sur l’Ebre, à 22 lieues N. E. de Burgos, 57 N. E. de Madrid. Quelques-uns la prennent pour la Juliobrica des anciens ; d’autres estiment que la Juliobrica de Pline est présentement Fuente d’Ivero. Sa long. 15. 32. lat. 42. 26.


Logrogno est la patrie de Rodriguez d’Arriega, fameux jésuite espagnol, mort à Prague en 1667, âgé de 75 ans. Il a répandu beaucoup de subtilités scholastiques dans sa vaste théologie, qui contient huit volume in-fol. & plus encore dans son cours latin de philosophie, imprimé à Anvers en 1632, & à Lyon en 1669 in-fol. Semblable à ces guerriers qui dévastent le pays ennemi, sans pouvoir mettre leurs frontieres en état de résistance, il se montre bien plus habile à ruiner ce qu’il nie, qu’à prouver ce qu’il prétend établir. C’est dommage que cet homme subtil & pénétrant n’ait eu aucune connoissance des bons principes de la Théologie & de la Philosophie ; mais on est encore bien éloigné de s’en douter en Espagne ; hé, comment le jésuite d’Ariéga les auroit-il connus il y a cent ans ? (D. J.)​","[[""42 26' N 15 32' E""]]",,42 26' N 15 32' E,42 26' N 15 32' E
v9-1877-1,Londres,"Londres, (Géog.)​ ville de l’Amérique méridionale dans le Tucuman, bâtie en 1555, par Tarita, gouverneur du Tucuman : le fondateur la nomma Londres, pour faire sa cour à la reine Marie d’Angleterre, fille d’Henri VIII. qui venoit d’épouser Philippe II. roi d’Espagne. Long. 313. 25. lat. mérid. 29. (D. J.)​","[[""29 S 313 25' E""]]",,29 S 313 25' E,29 S 313 25' O
v9-1916-0,LORGUES,"LORGUES, (Géog.)​ en latin dans les anciennes chartres, Leonica, petite ville de France en Provence, chef-lieu d’une viguerie de même nom. Elle est située sur la riviere d’Argent, à deux lieues de Draguignant, cinq de Fréjus, 14 d’Aix, 172 S. O. de Paris. Long. 24d2′1″. lat. 43d29′31″. (D. J.)​","[['43 29\' 31"" N 24 2\' 1"" E']]",,"43 29' 31"" N 24 2' 1"" E","43 29' 31"" N 24 2' 1"" E"
v9-1969-0,LOUVAIN,"LOUVAIN, (Géog.)​ en flamand Loeven, ville des Pays bas, dans le Brabant, avec une université qui jouit de grands privileges.


Louvain a l’honneur d’être la premiere à l’assemblée des états de Brabant. Son ancien nom latin est Luvonum ou Lovonium, changé depuis en Lovanium. Il n’est fait aucune mention de son existence avant le regne des petits-fils de Louis le débonnaire.


Ce n’étoit qu’un bourg au commencement du xij. siecle. Le duc Godefroy le fit entourer de murailles en 1165. Cette nouvelle ville s’agrandit promtement, se peupla prodigieusement, & devint dans l’espace de deux cens ans, la plus grande, la plus riche, & la plus marchande de tout le pays. Son principal trafic consistoit en drap, en liane, en toile ; & ce trafic étoit si florissant au milieu du xiv siecle, qu’on y comptoit plus de quatre mille maisons de drapiers ou de tisserans, & plus de 150 mille ouvriers ; mais ce commerce vint à cesser tout d’un coup, par les révolutions que causa la révolte de 1382, contre Venceslas duc de Brabant. Tous les ouvriers qui étoient entrés dans la révolte furent pendus ou bannis. Alors les exilés se retirerent pour la plupart en Angleterre, où ils furent reçus à bras ouverts ; ainsi Louvain demeura dépeuplée faute de commerce & d’habitans, & elle ne s’est jamais relevée depuis. En vain Jean IV. duc de Brabant, crut la rétablir, en y fondant l’an 1426, une université ; mais des professeurs, des colleges & des étudians, ne rendent point la valeur du commerce & de l’industrie ; aussi cette valeur est aujourd’hui resserrée dans Louvain, au triste débit d’une bierre très-médiocre.


Louvain appartient au diocèse de Malines pour le spirituel. Elle est située sur la Dyle, à 4 lieues de Bruxelles & de Malines, 3 de Tillemont, 12 N. O. de Namur, 16 N. E. de Mons, 65 N. de Paris. Long. selon Street. 22 deg. 26 min. 15 sec. lat. 50. 50.​


Espen (Zeger Bernard van) célebre jurisconsulte, & savant canoniste, naquit dans cette ville en 1646, & mourut à Amersfoot en 1728, à 83 ans. On doit des éloges à quelques-uns de ses ouvrages, mais surtout à son jus ecclesiasticum universum, dans lequel il fait paroître une grande connoissance de la discipline ecclésiastique ancienne & moderne. (D. J.)​","[['50 50\' N 22 26\' 15"" E']]",,"50 50' N 22 26' 15"" E","50 50' N 22 26' 15"" E"
v9-1983-0,"LOWICKZ ou LOWIECKZ, ou LOWITZ","LOWICKZ ou LOWIECKZ, ou LOWITZ, (Géog.)​ en latin Lovicium, ville de Pologne au palatinat de Rava, avec une forteresse ; c’est la résidence des archevêques de Gnesne ; elle est sur le ruisseau de Bzura, à 7 lieues S. de Ploczko, 12 N. de Rava. Long. 37. 49. lat. 52. 18.","[[""52 18' N 37 49' E""]]",,52 18' N 37 49' E,52 18' N 37 49' E
v9-2-0,"JUAN de PUERTO-RICCO, san","JUAN de. PUERTO-RICCO, san, (Géogr.)​ ou simplement Porto-Ricco, île de l’Amérique méridionale, entre les Antilles, de 40 lieues de long sur 20 de large. Elle fut découverte par Christophe Colomb en Octobre 1493 ; elle est remplie de montagnes fort hautes, de rivieres & de vallées ; abondantes en sucre, en casse & en bœufs. On y trouve plusieurs arbres singuliers. Ses mines d’or sont ou épuisées ou négligées, faute d’ouvriers.


La principale ville, commencée en 1514, est Puerto-Ricco, que les François nomment Portoric. Son port est spacieux, à l’abri des vents, & commandé par une forteresse ; mais Drak prit Puerto-Ricco en 1595, & fit dans cette ville un riche butin ; Baudonin, général de la flote hollandoise, eut le même succès en 1615. Portoric est située sur la pointe septentrionale de l’île, à 80 lieues de S. Domingue. Long. 312. latit. 18. 30. (D. J.)​","[[""18 30' N 312 E""]]",,18 30' N 312 E,18 30' N 312 E
v9-2002-2,"Lucar de Barrameda, San","Lucar de Barrameda, San, (Géogr.)​ ville & port de la mer d’Espagne dans l’Andalousie, sur la côte de l’Océan, à l’embouchure du Guadalquivir, sur le penchant d’une colline.


Les anciens ont nommé cette ville Lux dubia, phosphorus sacer, ou Luciferi fanum. Son port est également bon & important, parce qu’il est la clé de Seville, qui en est à 14 lieues ; & celui qui se rendroit maître de Saint Lucar pourroit arrêter tous les navires & les empêcher de monter. Il y a d’ailleurs une rade capable de contenir une nombreuse flotte. Long. 11. 30. lat. 36. 50.","[[""36 50' N 11 30' E""]]",,36 50' N 11 30' E,36 50' N 11 30' E
v9-2026-0,LUCQUES,"LUCQUES, (Géog.)​ en latin Luca & Lucca, ancienne ville d’Italie, capitale de la république de Lucques, avec un archevêché.


Cette ville est fort ancienne ; elle fut déclarée colonie, lorsque Rome l’an 576 de sa fondation, y envoya deux mille citoyens. Les Triumvirs qui la formerent, furent P. Elius. L. Egilius, & Cn. Sicinius ; lors de la décadence de l’empire romain, elle tomba sous le pouvoir des Goths, puis des Lombards qui la garderent jusqu’au regne de Charlemagne ; ensuite, elle a passé sous différentes dominations d’états & de particuliers, jusqu’à l’année 1450 qu’elle recouvra sa liberté, & elle a eu le bonheur de la conserver jusqu’à ce jour.


Lucques est située sur le Serchio, au milieu d’une plaine environnée de côteaux agréables, à 4 lieues N. E. de Pise, 15 N. O. de Florence, 8 N. E. de Livourne, 62 N. O. de Rome ; long. selon Cassini, 31. 4. lat. 43. 50.


Cette petite ville est la patrie, 1°. d’André Ammonius, poëte latin, qui devint secrétaire d’Henri VIII. & qui mourut de la suette en Angleterre, en 1517 : 2°. de Jean Guidiccioni, qui fleurissoit aussi dans le seizieme siecle, & qui fut élevé aux premieres dignités de la cour de Rome ; ses œuvres ont vû le jour à Naples en 1718 : 3°. de Martino Poli, chimiste associe de l’ac. des Sciences de Paris, mort en 1714 ; il combattit dans son Traité intitulé, il triompho degli acidi, un violent préjugé de médecine qui régnoit alors, & qui subsistoit encore un peu dans ce pays : 4°. de Sanctes Pagninus, religieux dominicain, très-versé dans la langue hébraïque & chaldaïque ; il est connu de ce côté-là, par son Thesaurus linguæ sanctæ, qu’on a réimprimé plusieurs fois ; il mourut à Lyon en 1536.


Les Lexicographes vous indiqueront quelques au-​tres gens de lettres, dont Lucques est la patrie. (D. J.)​","[[""43 50' N 31 4' E""]]",,43 50' N 31 4' E,43 50' N 31 4' E
v9-2075-0,LUNEBOURG,"LUNEBOURG, (Géog.)​ Luneburgum, ville d’Allemagne, au cercle de la basse Saxe, capitale du duché de même nom. Elle étoit autrefois impériale, mais à présent elle appartient à l’électeur de Hannover ; elle a une bonne douane & des salines d’un revenu considérable, sur le produit desquelles sont assignées les pensions de toutes les personnes en charge & des gens d’église ; de sorte que ce qui passe ailleurs pour un honoraire, est à Lunebourg un vrai salaire, si l’origine de ce mot donnée par Turnebe, à sale, n’est pas fausse. Lunebourg se trouve située avantageusement, près d’une montagne qui lui fournit beaucoup de chaux pour bâtir, & sur l’Elmenow, à 14 lieues S. E. de Hambourg, 31 N. de Brunswick. Long. 28. 15. lat. 53. 28.


Sagittarius (Gaspard) littérateur, & célebre historiographe d’Allemagne, naquit à Lunebourg en 1643. Ses principaux ouvrages, comme historiographe, tous écrits en latin, sont l’histoire de la Lusace, du duché de Thuringe, des villes d’Harderwick, d’Halberstad, & de Nuremberg ; l’histoire de la succession des princes d’Orange, jusqu’à Guillaume III, &c. Il a publié en latin comme littérateur, un traité des oracles, un livre sur les chaussures des anciens, intitulé de nudipedalibus veterum, la vie de Tullia fille de Cicéron, & quelques autres, dont le P. Nicéron vous donnera la liste dans ses mémoires des hommes illustres, tome IV. page 229. Sagittarius est mort en 1694. (D. J.)​","[[""53 28' N 28 15' E""]]",,53 28' N 28 15' E,53 28' N 28 15' E
v9-2080-0,LUNEVILLE,"LUNEVILLE, (Géogr.)​ en latin Lunæ-villa ou Lunaris villa, jolie ville de Lorraine, avec un beau château où les ducs de Lorraine, & présentement le roi Stanislas tient sa cour. Ce prince y a établi un bon hôpital & une école de cadets pour l’éducation de jeunes gentilshommes dans l’art militaire. Il a encore embelli cette ville à plusieurs autres égards. Elle est dans une plaine agréable, sur la Vezouze & sur la Meurte, à 5 lieues S. E. de Nancy, 25 O. de Strasbourg, 78 S. E. de Paris. Long. 24d10′6″. lat. 48d35′23″. (D. J.)​","[['48 35\' 23"" N 24 10\' 6"" E']]",,"48 35' 23"" N 24 10' 6"" E","48 35' 23"" N 24 10' 6"" E"
v9-211-0,"KANIOW, Kaniovia","KANIOW, Kaniovia, (Géog.)​ ville de Pologne en Ukraine, au palatinat de Kiowie, sur le bord occidental du Borysthene. Elle appartient aux Cosacks, & est près du Nieper, à 25 lieues sud-est de Kiowie, 50 nord-est de Braclaw. Long. 50. 5. lat. 49. 25. (D. J.)​","[[""49 25' N 50 5' E""]]",,49 25' N 50 5' E,49 25' N 50 5' E
v9-23-0,JUDOIGNE,"JUDOIGNE, (Géog.)​ Judonia, en flamand Geldenaken, petite ville des Pays-bas dans le Brabant, au quartier de Louvain, sur la Gete à 2 lieues de Tillemont, 4 de Gemblours, 5 de Louvain. Long. 22. 30. lat. 50. 43. (D. J.)​","[[""50 43' N 22 30' E""]]",,50 43' N 22 30' E,50 43' N 22 30' E
v9-2338-1,Madrigal,"Madrigal, (Géogr.)​ Madrigala, petite ville d’Espagne dans la vieille Castille, abondante en blé & en excellent vin, à quatre lieues de Medina-del-Campo. Long. 13. 36. lat. 41. 25.


Madrigal est célebre en Espagne par la naissance d’Alphonse Tostat, évêque d’Avila, qui fleurissoit dans le quinzieme siecle ; il mourut en 1454 à l’âge de quarante ans, & cependant il avoit déja composé des commentaires sur l’Ecriture-sainte, qui ont vû le jour en vingt sept tomes in-folio. Il est vrai aussi qu’on ne les lit plus, & qu’on songe encore moins à les réimprimer. (D. J.)​","[[""41 25' N 13 36' E""]]",,41 25' N 13 36' E,41 25' N 13 36' E
v9-2340-0,"MADROGAN, ou BANAMALAPA","MADROGAN, ou BANAMALAPA, (Géogr.)​ grande ville d’Afrique, capitale du Monomotapa, à vingt milles de Sofala. L’empereur y réside dans un grand palais bâti de bois ou de torchis, & se fait servir à genoux, dit Daper ; en ce cas, il n’a pas choisi la meilleure posture pour être servi commodément. Long. 47. 15. lat. mérid. 18.","[[""18 S 47 15' E""]]",,18 S 47 15' E,18 S 47 15' E
v9-2365-1,Magadoxo,"Magadoxo, (Géog.)​ ville d’Afrique, capitale du royaume de même nom à l’embouchure de la riviere de Magadoxo ; elle est habitée par des Mahométans : long. 62. 50. lat. 3. 28. (D. J.)​","[[""3 28' N 62 50' E""]]",,3 28' N 62 50' E,3 28' N 62 50' E
v9-241-0,"KARGAPOL, Cargapolis","KARGAPOL, Cargapolis, (Géog.)​ ville de l’empire Russien, capitale de la province de même nom, sur le bord de Loméga, à 50 lieues S. O. d’Archangel, 125 N. O. de Moscou. Long. 55. 44. lat. 52. 4. (D. J.)​","[[""52 4' N 55 44' E""]]",,52 4' N 55 44' E,52 4' N 55 44' E
v9-2598-0,"MALMOÉ, ou Malmuyen, en latin, Malmogita","MALMOÉ, ou Malmuyen, en latin, Malmogita, (Géogr.)​ petite ville de Suede, dans la Scanie. Elle fut cédée aux Suédois par les Danois en 1658. Les Flamands l’appellent Ellemogen, c’est-à-dire coude, parce qu’elle fait une maniere de recoin. Elle est sur le Sund, à 4 lieues S. O. de Lunden, capitale, 6 S. E. de Copenhague. Long. 30. 54. lat. 53. 5. (D. J.)​","[[""53 5' N 30 54' E""]]",,53 5' N 30 54' E,53 5' N 30 54' E
v9-2601-0,"MALO, Saint, en latin moderne Macloviopolis","MALO, Saint, en latin moderne Macloviopolis, (Géogr.)​ ville de France en Bretagne, avec un évéché suffragant de Tours, qui vaut aujourd’hui 36 mille livres de rente. Elle a pris le nom qu’elle porte de Saint-Malo son premier évêque, en 1149. Son port est célebre, & très-fréquenté ; cependant il est d’un difficile accès, à cause des rochers qui l’environnent. Les gros bâtimens vont décharger à Saint-Sorvand, qui est plus avant dans la baie au midi.


Saint-Malo est défendu par un château, qui est à l’entrée de la chaussée, & par plusieurs forts. C’est une des villes du royaume où se fait le plus grand & le plus avantageux commerce, sur-tout avec l’Espagne pour l’Amérique, & en terre ferme, pour la pêche de la morue.


Elle a formé d’illustres pilotes, entr’autres Jacques Cartier, célebre navigateur, & qui découvrit le Canada en 1534. On sait qu’elle est la patrie de M. du Guay du Trouin, un des grands hommes de mer de notre siecle. On a de lui des mémoires curieux, imprimés à Paris en 1740, in-4. où l’on peut voir le détail de ses expéditions.


Saint-Malo est situé dans une île, jointe à la terre ferme par une chaussée ou jettée très-solide, à 7. lieues N. O. de Dol, 17. N. O. de Rennes, 38 N. O. de Nantes, 82. S. O. de Paris. Long. selon Cassini, 15d21′30″. lat. 49d16′12″. Mém. de l’ac. 1732. (D. J.)​","[['49 16\' 12"" N 15 21\' 30"" E']]",,"49 16' 12"" N 15 21' 30"" E","49 16' 12"" N 15 21' 30"" O"
v9-286-0,KEITH,"KEITH, (Geog.)​ île de l’Ecosse méridionale, dans la riviere de Forth : elle est fertile en bons pâturages. pour les chevaux. Long. 14. 46. lat. 56. 20. (D. J.)​","[[""56 20' N 14 46' E""]]",,56 20' N 14 46' E,56 20' N 14 46' E
v9-327-0,KERMEN,"KERMEN, (Géog.)​ ville de la Turquie européenne, dans la Romanie, près d’Andrinople. Long. 44. 16. lat. 41. 46. (D. J.)​","[[""41 46' N 44 16' E""]]",,41 46' N 44 16' E,41 46' N 44 16' E
v9-368-0,KIBOURG ou KYBONRG,"KIBOURG, (Géogr.)​ ou KYBONRG ; en latin moderne Kiburgium, ville de Suisse au canton de Zurich, sur la riviere de Thoesi, avec un château ; c’est un des plus beaux bailliages du canton. Elle est à cinq lieues N. E. de Zurich, sept S. E. de Schaffouse. Long. 26. 25. lat. 47. 20.


Cette petite ville a donné le jour à Louis Lavater & à Rodolphe Hospinien.


Le premier, mort en 1586, âgé de 59 ans, est connu par son histoire sacramentaire & son traité des spectres, traduit du latin en plusieurs langues.


Hospinien est un des plus laborieux auteurs que la Suisse ait produit. Il mourut en 1626 dans sa 79 année. Le recueil de ses œuvres, dont la plus grande partie roule sur les dogmes & les pratiques de l’Eglise romaine, forme sept volumes in-folio, qui parurent à Genève en 1681. Son dernier ouvrage, qu’il publia contre les Jésuites en particulier, porte un titre par lequel il se déclare nettement leur plus grand ennemi : Historia Jesuitica ; hoc est, de origine, regulis, propagatione ordinis Jesuitarum, item de eorum dolis, fraudibus, imposturis, nefariis facinoribus, cruentis consiliis, falsâ quoque, seditiosâ & sanguinolentâ doctrinâ. (D. J.)​","[[""47 20' N 26 25' E""]]",,47 20' N 26 25' E,47 20' N 26 25' E
v9-372-0,KIECHANG,"KIECHANG, (Géogr.)​ ville de la Chine, sixieme métropole de la province de Kiansi, avec un beau palais, & deux temples consacrés à la mémoire des hommes illustres. On y fait avec le riz un excellent breuvage, appellé macu. On y fabrique aussi de belles étoffes. Long. 132. 30. lat. 28. 12. (D. J.)​","[[""28 12' N 132 30' E""]]",,28 12' N 132 30' E,28 12' N 132 30' E
v9-388-0,KILKENNY,"KILKENNY, (Géog.)​ ville à marché d’Irlande, dans la province de Leinster, capitale d’un canton de même nom. C’est une des plus peuplées & des plus commerçantes villes d’Irlande qui sont reculées dans les terres. Elle est sur la Muer, à huit milles de Gowran, & 56 S. O. de Dublin. Long. 10. 20. lat. 52. 36.


Le comté de Kilkenny a 40 milles de long, sur 22 de large ; il est très-agréable & très-fertile. (D. J.)​","[[""52 36' N 10 20' E""]]",,52 36' N 10 20' E,52 36' N 10 20' O
v9-392-0,KILLIN,"KILLIN, (Géog.)​ assez grande ville de la Turquie européenne, dans la Bessérabie, à 28 lieues de Bender. Long. 47. 10. lat. 49. 6. (D. J.)​","[[""49 6' N 47 10' E""]]",,49 6' N 47 10' E,49 6' N 47 10' E
v9-393-0,KILMALOCK,"KILMALOCK, (Géog.)​ ville d’Irlande, dans la province de Muonster, au comté de Limerick, dont elle est à 16 milles au S. Long. 8. 46. lat. 52. 58. (D. J.)​","[[""52 58' N 8 46' E""]]",,52 58' N 8 46' E,52 58' N 8 46' O
v9-461-0,KOCHERSBERG,"KOCHERSBERG, (Géog.)​ bourgade de France dans la basse Alsace, avec un château, entre Strasbourg & Saverne. Long. 26. 17. lat. 48. 41. (D. J.)​","[[""48 41' N 26 17' E""]]",,48 41' N 26 17' E,48 41' N 26 17' E
v9-472-1,Kola,"Kola, (Géog.)​ petite ville de Russie, capitale de la Laponie moscovite, avec un port proche la mer Glaciale, à l’embouchure de la riviere du même nom. Long. 33. 2. lat. 68. 55. (D. J.)​","[[""68 55' N 33 2' E""]]",,68 55' N 33 2' E,68 55' N 33 2' E
v9-489-0,KONIGS-ECK,"KONIGS-ECK, (Géog.)​ château, bourg & comté d’Allemagne en Suabe, entre Uberlingen & Buchan. Long. 27. 5. lat. 47. 53. (D. J.)​","[[""47 53' N 27 5' E""]]",,47 53' N 27 5' E,47 53' N 27 5' E
v9-492-0,KONIGSHOFEN,"KONIGSHOFEN, (Géog.)​ c’est-à-dire, la cour du roi ; petite ville d’Allemagne en Franconie, dans l’evêché de Wurtzbourg. Elle est à 6 lieues S. O. de Wurtzbourg. Long. 27. 18. lat. 49. 38.


Cette ville est la patrie de Gaspard Schot, né en 1608 ; il entra dans la société des Jésuites ; s’attacha aux études de mathématiques, publia plusieurs ouvrages en ce genre, & s’y dévoua jusqu’à sa mort arrivée en 1666. (D. J.)​","[[""49 38' N 27 18' E""]]",,49 38' N 27 18' E,49 38' N 27 18' E
v9-493-0,KONIGSLUTTER,"KONIGSLUTTER, Lutera regia, (Géog.)​ petite ville d’Allemagne, avec une célebre abbaye, dans le pays de Brunswick-Wolfenbutel ; c’est l’abbaye qui donne son nom à la ville, & elle tient elle-même le sien, du ruisseau nommé Lutter, qui a sa source au-dessus, dans une roche, au pié de la montagne. Long. 28. 6. lat. 52. 2. (D. J.)​","[[""52 2' N 28 6' E""]]",,52 2' N 28 6' E,52 2' N 28 6' E
v9-494-0,KONIGSTEIN,"KONIGSTEIN, (Géog.)​ petite ville dans l’électorat de Saxe, avec un fort regardé comme imprenable. Elle est sur l’Elbe, à 4 lieues S. O. de Pirn en Misnie. Long. 31. 36. lat. 50. 56. (D. J.)​","[[""50 56' N 31 36' E""]]",,50 56' N 31 36' E,50 56' N 31 36' E
v9-535-0,KRANOWITZ,"KRANOWITZ, (Géogr.)​ petite ville de la haute Silésie, dans la principauté de Troppan, entre Ratibor & Troppau. Long. 35. 48. lat. 50. 10. (D. J.)​","[[""50 10' N 35 48' E""]]",,50 10' N 35 48' E,50 10' N 35 48' E
v9-553-0,KUDACH,"KUDACH, (Géogr.)​ forteresse de Pologne dans l’Ukraine, au palatinat de Kiovie, sur le Niéper, vers les frontieres de la petite Tartarie. Cette forteresse appartient aux Cosaques. Long. 53. 20. latit. 47. 58. (D. J.)​","[[""47 58' N 53 20' E""]]",,47 58' N 53 20' E,47 58' N 53 20' E
v9-554-0,KUFSVEIN,"KUFSVEIN, (Géogr.)​ Zeyler dit KOPFSTEIN, petite ville avec un château pris par le duc de Baviere en 1703. Elle revint à la maison d’Autriche après la bataille d’Hochstet. Kuftein est sur l’Inn, à 20 lieues S. E. de Munich, 14 N. E. d’Inspruck. Long. 29. 46. lat. 47. 20. (D. J.)​","[[""47 20' N 29 46' E""]]",,47 20' N 29 46' E,47 20' N 29 46' E
v9-575-0,KUTTENBERG,"KUTTENBERG, (Géog.)​ Kuthnæ mons, ou Guteberga, petite ville de Bohème, remarquable par les mines d’argent qui sont dans la montagne du voisinage, dont elle prend le nom. Elle est à sept milles sud-est de Prague. Long. 33. 12. lat. 49. 56. (D. J.)​","[[""49 56' N 33 12' E""]]",,49 56' N 33 12' E,49 56' N 33 12' E
v9-581-0,LABADIA,"LABADIA, (Géog.)​ ville d’Italie dans le Polesin de Rovigo, sujette aux Vénitiens, sur l’Adige, à 6 lieues O. de Rovigo, 8 N. O. de Ferrare. Long. 26. 3. lat. 45. 5. (D. J.)​","[[""45 5' N 26 3' E""]]",,45 5' N 26 3' E,45 5' N 26 3' E
v9-685-0,LAGNI,"LAGNI, (Géog.)​ Latiniacum, ville de l’île de France, dans le territoire de Paris, sur laquelle on peut consulter Longuerue, description de la France. Lagni est à 6 lieues au-dessus de Paris, & à 4 de​Meaux, sur la Marne. La fondation de son abbaye de Bénédictins par S. Fourcy, est du vije. siecle. Long. 20. 20. lat. 48. 50. (D. J.)​","[[""48 50' N 20 20' E""]]",,48 50' N 20 20' E,48 50' N 20 20' E
v9-690-0,LAGOS,"LAGOS, (Géog.)​ Lacobrica, ancienne ville de Portugal, au royaume d’Algarve, dans la province de Beyra, & dans l’évêché de Coimbre, à 10 lieues de la ville de Guarda, sur une hauteur, entre deux rivieres & quelques lacs, d’où lui vient son nom de Lagos. Long. 8. 40. lat. 37. (D. J.)​","[[""37 N 8 40' E""]]",,37 N 8 40' E,37 N 8 40' O
v9-747-0,LAMBALE,"LAMBALE, (Géog.)​ petite ville de France dans la haute-Bretagne, chef lieu du duché de Penthievre, au diocese de Saint Brieux, a cinq lieues de cette ville, & à quinze de Rennes. long. 15. 4. lat. 48. 28.


C’est au siege de Lambale en 1591, que fut tué le fameux Francois de la Noue, surnommé Bras-de-fer ; il eut le bras fracassé d’un coup de canon en 1570, à l’action de Fontenay ; on le lui coupa, & on lui en mit un postiche de ce métal. La Noue étoit tout ensemble le premier capitaine de son tems, le plus humain & le plus vertueux. Ayant été fait prisonnier en Flandres en 1580, après un combat desespéré, les Provinces-unies offrirent pour son échange le comte d’Egmont, le Comte de Champigni, & le Baron de Selles ; mais plus ils témoignoient par cette offre singuliere l’idée qu’ils avoient du mérite de la Noue, moins Philippe II. crut devoir acquiescer à son élargissement ; il ne l’accorda que cinq ans après, sous condition qu’il ne serviroit jamais contre lui ; que son fils Teligny, alors prisonnier du duc de Parme, resteroit en ôtage, & qu’en cas de contravention, la Noue payeroit cent mille écus d’or. Général des troupes, il n’avoit pas cent mille sols de bien. Henri IV. par un sentiment héroïque, répondit pour lui, & engagea pour cette somme les terres qu’il possédoit en Flandres. Les ducs de Lorraine & de Guise voulurent aussi par des motifs de politique, devenir cautions de ce grand homme ; il a laissé des mémoires rares & précieux. Amyraut a donné sa vie ; tous les Historiens l’ont comblé d’éloges ; mais personne n’en a parlé plus souvent, plus dignement, & avec plus d’admiration que M. de Thou. Voyez-​le, si vous êtes encore sensible au noble récit des belles choses. (D. J.)​","[[""48 28' N 15 4' E""]]",,48 28' N 15 4' E,48 28' N 15 4' E
v9-806-0,LANCASTRE;,"LANCASTRE ; (Géog.)​ le Mediolanum des anciens, selon Cambden, ville à marché d’Angleterre, capitale du Lancashire ; elle a donné le titre de duc à plusieurs princes du sang d’Angleterre, fameux dans l’histoire par leurs querelles avec la maison d’Yorck. Elle est sur le Lon, à 5 milles de la mer d’Irlande, & à 187 N. O. de Londres. Long. 14. 35. lat. 54. (D. J.)​","[[""54 N 14 35' E""]]",,54 N 14 35' E,54 N 14 35' O
v9-809-0,LANCEROTE ou LANCELOTE,"LANCEROTE ou LANCELOTE, (Géog.)​ île de l’Afrique ; l’une des Canaries, d’environ 12 lieues de longueur sur 7 de largeur, selon Delisle. On la met à 40 lieues françoises de la côte du continent la plus proche, au nord-est de Forteventura, dont elle est séparée par un détroit de 5 lieues de large, & comme couronnée au nord par quatre petites îles ; savoir, Sainte-Claire, Alagranca, Rocca & Graciosa. Elle fut découverte en 1417 par Jean de Bethencourt, qui la céda au roi de Castille, d’où elle est passée à l’Espagne. Long. 5. 25. lat. 28. 40. (D. J.)​","[[""28 40' N 5 25' E""]]",,28 40' N 5 25' E,28 40' N 5 25' O
v9-813-0,LANCIANO ou LANCIANA ANXANUM,"LANCIANO ou LANCIANA ANXANUM, (Géog.)​ ville d’Italie au royaume de Naples, dans l’Abruze citérieure, dont elle est la capitale, avec un archevêché érigé en 1562. Elle est située sur le torrent de Feltrino, à 6 lieues S. E. de Chieti, 30 N. E. de Naples. Long. 32. 40. lat. 42. 12. (D. J.)​","[[""42 12' N 32 40' E""]]",,42 12' N 32 40' E,42 12' N 32 40' E
v9-826-0,"LANDAU, Landavia","LANDAU, Landavia, (Géogr.)​ ville de France très-forte, dans la basse Alsace, au pays de Wasgou, autrefois impériale, mais sujette à la France par la​ paix de Munster. L’empereur Joseph la prit, n’étant que roi des Romains, en 1702. Les François la reprirent en 1703, & les Impériaux en 1704. Enfin, par le traité de Bade, elle a été cédée à la France, qui l’avoit reprise en 1713. Voyez ce qu’en disent Heiss, Longuerue & Piganiol de la Force : mais voyez principalement l’article de Landau dans le dictionnaire de Bayle, parce qu’il est rempli de réflexions utiles, applicables en tout tems & en tous lieux, aux récits de siéges & de batailles que les nouvelistes de puissances belligérantes repandent dans le public, pour inspirer la confiance ou tromper la crédulité des peuples.


Landau est sur le Queich, vers les frontieres du palatinat, à une égale distance de Spire & du Rhin, dans un pays agréable & fertile, à 3 lieues & demie S. de Neustat, 5 O. de Philisbourg, 6 S. O. de Spire, 15 N. E. de Strasbourg, 108 N. E. de Paris. Longit. 25. 47. 30. latit. 49. 11. 38.


Landaw est encore le nom de deux petites villes d’Allemagne, l’une dans la basse Baviere sur l’Iser, à 4 milles de Straubing ; l’autre sise sur une montagne, au comté de Valdeck. (D. J.)​","[['49 11\' 38"" N 25 47\' 30"" E']]",,"49 11' 38"" N 25 47' 30"" E","49 11' 38"" N 25 47' 30"" E"
v9-840-0,LANDSHUT,"LANDSHUT, (Géogr.)​ en latin moderne Landsavia Bavarorum, ville forte d’Allemagne dans la basse Baviere, avec un château sur une côte voisine. Elle est sur l’Iser, à 14 lieues S. de Ratisbonne, 14 N. E. de Munich. Long. 29. 50. lat. 48. 53.


Landshut est encore le nom d’un petite ville de Bohême en Silésie, au duché de Schwednitz, sur le ruisseau de Zieder.


C’est à Landshut en Baviere que nâquit Ziegler (Jacques) théologien, cosmographe & mathématicien qui fleurissoit dans le xvj. siecle. Sa description latine de la Palestine, Argent. 1536, in-folio, est très-estimée. Paul Jove parle avec grands éloges de l’élégance du tableau qu’il a fait des cruautés de Christiern II. roi de Danemark. Son ouvrage de la Scandinavie est aussi fort instructif. Enfin, ce qu’il a donné sur l’Astronomie, de constructione solidæ sphæræ, Basil. 1536, in-4°. n’est point mauvais, non plus que son Commentaire latin sur le second livre de Pline, qui parut à Basle en 1531. La lecture de quelques-uns de ses ouvrages a été interdite par l’inquisition, sans qu’on en puisse trouver d’autres causes​que l’ignorance des juges de ce tribunal. Ziegler mourut en 1549, âgé de 56 ans.","[[""48 53' N 29 50' E""]]",,48 53' N 29 50' E,48 53' N 29 50' E
v9-855-0,LANGIONE,"LANGIONE, (Géogr.)​ ville d’Asie, capitale du royaume de Lar, avec un grand palais où le roi fait sa résidence. Les Talapoins seuls ont le droit de bâtir leurs couvens & leurs maisons de pierres & de briques ; cette ville est sur une petite riviere à 54 lieues N. E. d’Ava. Long. 116. 20. lat. 18. 38.","[[""18 38' N 116 20' E""]]",,18 38' N 116 20' E,18 38' N 116 20' E
v9-880-0,"LANNOY, Alnetum","LANNOY, Alnetum, (Géograph.)​ petite ville de France, avec titre de comté, dans la Flandre Wallonne, à deux lieues de Lille & trois de Tournay. Elle fut cédée à la France en 1667. Long. 20. 55. lat. 50. 40.


Rapheling (François) naquit dans la petite ville de Lannoy, & lui fit honneur, non par sa fortune, ou la noblesse de son extraction, présens du hasard, mais par sa conduite & son savoir. De correcteur de l’imprimerie des Plantins, il devint professeur en langues orientales, dans l’université de Leyde. Le dictionnaire chaldaïque, le dictionnaire arabe, le dictionnaire persique, & autres ouvrages de ce genre qu’il avoit faits auparavant, lui valurent cette charge honorable ; mais le chagrin de la perte de sa femme abrégea ses jours, qui finirent en 1597, à l’âge de cinquante-huit ans. (D. J.)​","[[""50 40' N 20 55' E""]]",,50 40' N 20 55' E,50 40' N 20 55' E
v9-896-0,"LANZO, Axima","LANZO, Axima, (Géogr.)​ ville d’Italie au Piémont, sur la Sture, à 8 lieues de Suze, 5 N. O. de Turin. Long. 25. 8. lat. 45. 2.","[[""45 2' N 25 8' E""]]",,45 2' N 25 8' E,45 2' N 25 8' E
v9-899-0,LAODICÉE,"LAODICÉE, (Géog. anc.)​ λαοδίκεια, Laodicea ; les Géographes nomment sept villes de ce nom, qu’il importe de distinguer ici.


1°. Laodicée sur le Lycus, Laodicea ad Lycum, & les habitans Laodiceni dans Tacite, est une ville célebre d’Asie, dans la Carie, située près du fleuve Lycus, qui se perd dans le Méandre, à dix lieues de la ville de Colosse au N. E. & à deux lieues d’Hiéra-​polis au S. Pline assure que ses murs étoient baignés par l’Asopus & le Caprus. Il ajoute qu’elle fut d’abord appellée Diospolis, & ensuite Rhoas.


L’origine du nom Laodicée, vient de ce qu’elle avoit été établie par Antiochus fils de Stratonice, dont la femme s’appelloit Laodicée. S. Paul en parle dans son épître aux Colossiens, & l’auteur de l’Apocalypse la nomme entre les sept églises, auxquelles l’Esprit-Saint adresse ses reproches. Ciceron, liv. II. ép. 17. liv. III. ép. 5. & 20. la représente comme une ville fameuse & de grand commerce, où l’on changeoit son argent, & Tacite dit quelque part : « la même année, Laodicée, l’une des villes illustres de l’Asie, étant presque abîmée par un tremblement de terre, se releva sans nous, & par ses propres forces ».


Il y a une médaille de l’empereur Commode, où Laodicée & les deux rivieres, le Lycus & le Caprus, sont spécifiées λαοδίκεια, λύκος, κάπρος.


On voit encore aujourd’hui par ses décombres, que c’étoit une fort grande ville ; il y avoit trois théatres de marbre, dont il subsiste même de beaux restes. Près d’un de ces théatres, on lit une inscription greque à l’honneur de Tite-Vespasien. Les Turcs appellent les ruines de cette ville eskihissar, c’est-à-dire vieux château : elle étoit archiépiscopale. On y a tenu divers conciles, dont le plus considérable fut en 314, selon Baronius, & selon d’autres auteurs, en 352. Suivant Ptolomée, sa longitude est 59. 15. latitude 38. 40.","[[""38 40' N 59 15' E""]]",,38 40' N 59 15' E,38 40' N 59 15' E
v9-930-0,LAR,"LAR, (Géogr.)​ ville de Perse, capitale d’un royaume particulier qu’on nommoit Laristan ; elle faisoit le lieu de la résidence du roi, lorsque les Guebres, adorateurs du feu, étoient maîtres de ce pays-là. Le grand Schach Abas leur ôta cette ville, & maintenant il y a un kham qui y réside, & commande à toute la province que l’on nomme Ghermés, & qui s’étend jusqu’aux portes de Gommeron. Lar en est situé à quatre journées, à mi-chemin de Schiras à Mina, sur un rocher, dans un terroir couvert de palmiers, d’orangers, de citroniers, & de tamarisques ; elle est sans murailles, & n’a rien qui mérite d’être vû, que la maison du khan, la place, les bazars, & le chàteau ; cependant Thevenot, Gemelli Careri, Lebrun, Tavernier, & Chardin, ont tous décrit cette petite ville. Les uns ortographient Laar, d’autres Laer, d’autres Lar, & d’autres Lara. Corneille en fait trois articles, aux mots Laar, Lar, & Lara. La Martiniere en parle deux fois sous le mot Laar & Lar ; mais le second article contient des détails qui ne sont pas dans le premier. Long. de cette ville 72. 20. lat. 27. 17. (D. J.)​","[[""27 17' N 72 20' E""]]",,27 17' N 72 20' E,27 17' N 72 20' E
v9-941-0,LAREDO,"LAREDO, (Géog.)​ petite ville maritime d’Espagne, dans la Biscaie, avec un port, à 25 lieues N. O. de Burgos, 10 O. de Bilbao. Long. 13. 55. lat. 33. 22. (D. J.)​","[[""33 22' N 13 55' E""]]",,33 22' N 13 55' E,33 22' N 13 55' E
v1-59-0,ABASCIE,"*​ ABASCIE, contrée de la Géorgie dans l’Asie. Long. 56. 60. lat. 43. 45.","[['43 N 56 E', '45 N 60 E']]",,43 N 56 E 45 N 60 E,43 45' N 56 60' E
v1-131-0,ABISSINIE,"*​ ABISSINIE, s. f. grand Pays & Royaume d’Afrique. Long. 48-65. lat. 6-20.","[['6 N 48 E', '20 N 65 E']]",,6 N 48 E 20 N 65 E,6 20' N 48 65' E
v1-1382-1,Altin,"*​ Altin, ville & Royaume de même nom, en Afrique, dans la grande Tartarie, proche l’Obi. Long. 108. 3.","[[""108 3' E""]]",,108 3' E,108 3' E
v1-1574-0,"AMERIQUE, ou le Nouveau-monde, ou les Indes occidentales","*​ AMERIQUE, ou le Nouveau-monde, ou les Indes occidentales, est une des 4 parties du monde, baignée de l’océan, découverte par Christophe Colomb, Génois, en 1491, & appellée Amérique d’Améric-Vespuce Florentin, qui aborda en 1497, à la partie du continent située au sud de la ligne ; elle est principalement sous la domination des Espagnols, des François, des Anglois, des Portugais & des Hollandois. Elle est divisée en septentrionale & en méridionale par le golfe de Mexique & par le détroit de Panama. L’Amérique septentrionale connue s’étend depuis le 11e degré de latitude jusqu’au 75e. Ses contrées principales sont le Mexique, la Californie, la Loüisiane, la Virginie, le Canada, Terre-neuve, les îles de Cuba, Saint-Domingue, & les Antilles. L’Amérique méridionale s’étend depuis le 12e degré septentrional, jusqu’au 60e degré méridional ; ses contrées sont Terre-ferme, le Pérou, le Paraguai, le Chili, la Terre Magellanique, le Brésil, & le pays des Amazones.


L’Amérique méridionale donne de l’or & de l’argent, de l’or en lingots, en paille, en pepins, & en poudre : de l’argent en barres & en piastres ; l’Amérique septentrionale, des peaux de castors, de loutres, d’origneaux, de loups-cerviers, &c. Les perles viennent ou de la Marguerite dans la Mer du nord, ou des îles de Las-perlas dans celle du sud. Les éméraudes, des environs de Sainte-foi, de Bogette. Les marchandises plus communes sont le sucre, le tabac, l’indigo, le gingembre, la casse, le mastic, l’aloès, les cotons, l’écaille, les laines, les cuirs, le quinquina, le cacao, la vanille, les bois de campeche, de santal, de sassafras, de brésil, de gayac, de canelle, d’inde, &c. Les baumes de Tolu, de Copahu, du Pérou, le besoard, la cochenille, l’ipécacuhana, le sang de dragon, l’ambre, la gomme copale, la muscade, le vif-argent, les ananas, le jalap, le mécoachan, des vins, des liqueurs, l’eau des barbades, des toiles, &c.


Toute contrée de l’Amérique ne porte pas toutes ces marchandises : nous renvoyons aux articles du commerce de chaque province ou royaume, le détail des marchandises qu’il produit.","[['11 N', '75 N'], ['12 N', '60 S']]",,11 N 75 N | 12 N 60 S,11 N | 75 N | 12 N | 60 S
v2-158-0,BAIKAL,"*​ BAIKAL, lac de Sibérie d’où sort la riviere d’Angara. Il a en long. 125-130.","[['125 E', '130 E']]",,125 E 130 E,125-130 E
v2-479-0,BAROCHE,"*​ BAROCHE, (Géog.)​ ville d’Afrique dans les états du Mogol, au royaume de Gusarate, sur la riviere de Nerdaba. Lat. 21. 55.","[[""21 55' N""]]",,21 55' N,21 55' N
v2-996-0,"BERBICE, (la)","*​ BERBICE, (la) Géog.​ riviere de l’Amérique en Terre-Ferme, qui se jette dans la mer du Nord, au 6. 30. de latitude. Les Hollandois y ont des établissemens fort considérables : ils y ont fait, ainsi qu’à Surinam, de grandes plantations de caffé. Ils ont apporté du caffé de Moka ; ils ont cultivé ce caffé dans leurs serres d’Amsterdam ; & quand les plantes ont été assez fortes pour supporter le voyage, ils les ont transportées à Surinam & à Berbice.","[[""6 30' N""]]",,6 30' N,6 30' N
v2-3831-0,"CASPIENNE, (la mer)","CASPIENNE, (la mer) Géog.​ grande mer d’Asie, entre la Tartarie, le royaume de Perse, la Géorgie, & la Moscovie. Elle n’a point de communication visible avec les autres mers ; on lui en croit une cependant avec le golfe Persique. La navigation y est dangereuse ; sa longueur est du nord au sud suivant les observations faites par ordre du Czar Pierre le grand. Elle est entre les 37 & 47 degrés de latitude, & entre les 67 & 73 degrés de longitude. Ses eaux sont plus salées vers le milieu que vers les côtes.","[['37 N 67 E', '47 N 73 E']]",,37 N 67 E 47 N 73 E,37 N 67 E | 37 N 73 E | 47 N 67 E | 47 N 73 E
v3-224-0,CHAOHOA,"CHAOHOA, (Géog.)​ ville de la Chine, dans la province de Soutchouen. Lat. 32d 10′.","[[""32 10' N""]]",,32 10' N,32 10' N
v3-712-0,CHINTING,"CHINTING, (Géog.)​ ville considérable de la Chine, de la province de Pekin. Lat. 38. 40.","[[""38 40' N""]]",,38 40' N,38 40' N
v4-1629-0,DAUPHINÉ,"DAUPHINÉ, (Géog. mod.)​ province de France bornée à l’occident par le Rnône, au septentrion par le Rhône & la Savoie, au midi par la Provence, & à l’orient par les Alpes. Elle est arrosée par le Rhône, la Durance, l’Isere, & le Drame. Elle est fertile en blé, vm, olives, pastel, couperose, soie, crystal, fer, cuivre, sapins, &c. Elle se divise en haut & bas. Le haut comprend le Gresivaudan, le Briançonnois, l’Embrunois, le Gapançois, le Royannez, & les Baronies. Le bas contient le Valentinois, le Diois, & le Tricassinois. Ç’a été autrefois un pays d’états. Grenoble en est la capitale. Long. 20-29. lat. 43-46.","[['43 N 20 E', '46 N 29 E']]",,43 N 20 E 46 N 29 E,43 46' N 20 29' E
v6-70-0,ETHIOPIE,"ETHIOPIE, (Géog.)​ vaste contrée qui fait même la plus grande partie de l’Afrique, & celle qui s’avance davantage, tant vers l’orient que vers le midi principalement.


Les anciens reconnoissoient deux sortes d’Ethiopiens, ceux d’Asie & ceux d’Afrique. Hérodote les distingue en termes formels ; & voilà pourquoi dans les écrits de l’antiquité, le nom d’Ethiopie est commun à divers pays d’Asie & d’Afrique ; voilà pourquoi ils ont donné si souvent le nom d’Indiens aux Ethiopiens, & le nom d’Ethiopiens aux véritables Indiens. Dans Procope, par exemple, l’Ethiopie est appellée Inde. Voyez-en les raisons dans les observations de M. Freret.


Le Chusistan montre peut-être les premieres habitations des Ethiopiens, pendant que l’Inde & l’Afrique nous apprennent leurs divisions : aussi M. Huet soûtient fortement contre Bochart, que dans l’Ecriture l’Ethiopie est désignée par la terre de Chus. Voyez-en les preuves dans son histoire du paradis terrestre.


Les Grecs s’embarrassant peu de la science géographique, nommerent Ethiopiens tous les peuples qui avoient la peau noire ou basanée : c’est pour cela qu’ils appellerent les Colches Ethiopiens, & la Colchide Ethiopie. Mais Ptolomée est bien éloigné d’être tombé dans de pareils écarts : on lui doit au contraire la division la plus exacte & la plus méthodique qu’il y ait de l’ancienne Ethiopie. Voyez sa géographie, liv. IV. ch. vij. viij. & jx.


L’Ethiopie est illustre dans l’antiquité à plusieurs égards ; & comme il ne se trouve guere sous le ciel aucun peuple (ainsi qu’il n’y a presque aucune grande maison) qui ne se fasse gloire à-présent, ou qui ne se soit autrefois vanté d’être plus ancien que ses voisins, les Ethiopiens disputerent aux Egyptiens la primauté de l’ancienneté, & ils étoient fondés à la prétendre suivant M. l’abbé Fourmont. Voyez sa dissertation à ce sujet dans les Mémoires de l’académie des Belles-Lettres, tome VII.


Nos géographes ne s’accordent point sur les pays que l’on doit nommer l’Ethiopie ; il me paroît seulement que l’opinion la plus reçûe, fondée ou non, donne pour bornes à l’Ethiopie moderne la mer rouge, la côte d’Ajan & le Zanguébar à l’orient, le Monoëmugi & la Caffrerie au midi, le Congo à l’occident, la Nubie & l’Egypte au septentrion. Voyez la Méthode géographique de l’abbé Lenglet Dufresnoy.


Malgré la prodigieuse chaleur qui regne dans cette immense contrée, & malgré sa position sous la zone torride, elle est néanmoins par-tout habitée, contre​l’opinion des anciens ; & les plus grandes rivieres de l’Afrique, le Nil & le Niger, y ont leurs sources. Voyez les descriptions de l’Afrique de nos Voyageurs.


On divise tout ce vaste pays en deux parties générales, savoir la haute & la basse Ethiopie. La haute Ethiopie est la partie la plus septentrionale, & en même tems la plus orientale ; elle renferme la Nubie, l’Abyssinie, les Giaques ou Galles, & les côtes d’Abex, d’Ajan, & de Zanguébar. La basse Ethiopie s’étend le plus vers le midi & vers le couchant ; elle renferme le Monoëmugi, le Monomotapa, & les grandes régions de Biafara, de Congo, & des Caffres. Les Portugais ont découvert depuis environ deux siecles & demi cette basse Ethiopie, qui étoit presque entierement inconnue aux anciens. Voyez l’Histoire de la découverte des Portugais en Afrique.


L’Ethiopie entiere est entre le 23 degré de latitude septentrionale, & le 35 de latitude méridionale. Sa longitude est entre les degrés 33 & 85. Article de M. le Chevalier de Jaucourt​.","[['23 N 33 E', '35 S 85 E']]",,23 N 33 E 35 S 85 E,23 N 33 E | 35 S 85 E
v7-155-12,Fort-Dauphin,"Fort-Dauphin, (Géog.)​ fort de l’île de Madagascar, sur la pointe méridionale de la province d’Anossi. Il a été bâti par les François, présentement abandonné, & est à 1d37′20″. au-delà du tropique du Capricorne. (D. J.)​","[['1 37\' 20"" S']]",['Capricorne'],"1 37' 20"" S","1 37' 20"" S"
v7-159-0,FORTEVENTURA,"FORTEVENTURA, (Géog.)​ île d’Afrique dans l’Océan Atlantique, l’une des Canaries, de couverte en 1417. Elle appartient aux Espagnols, & est à 36 lieues de Tenériffe. Long. 4. lat. 28. 35-29. 15. (D. J.)​","[[""28 35' N 4 E"", ""29 15' N 4 E""]]",,28 35' N 4 E 29 15' N 4 E,28 35' N 4 O | 29 15' N 4 O
v7-304-0,"FRANSHERE, ou FANSHERE, IMOURS, RANERATE","FRANSHERE, ou FANSHERE, IMOURS, RANERATE, (Géog.)​ riviere à 25d18′ de latitude, au sud à trois lieues du fort Dauphin, dans la province de Carcanossi, sur les côtes orientales d’Afrique. (D. J.)​","[[""25 18' S""]]",,25 18' S,25 18' S
v7-462-0,FUM-CHIM,"FUM-CHIM, (Géog.)​ petite ville de la province de Kiansi. Sa long. suivant le P. Noël, 152d13′30″. & suivant d’autres observations plus récentes, 141d5′. sa latit. 28d5′. (D. J.)​","[['alt'], ['28 5\' N 152 13\' 30"" E'], [""28 5' N 141 5' E""]]",,"alt | 28 5' N 152 13' 30"" E | 28 5' N 141 5' E","28 5' N 152 13' 30"" E | 28 5' N 141 5' E"
v7-682-0,GAMBIE,"GAMBIE, (Géog.)​ petit royaume d’Afrique dans la Nigritie, fertile en bétail, gibier, grains, & éléphans.


La riviere de Gambie se jette dans la mer entre le cap Sainte-Marie au sud, & l’ile aux Oiseaux au nord ; & quand on est plus avancé, entre la pointe de Barre au nord, & la pointe de Bagnon au sud. Le milieu de son embouchure est par les 13d20′ de lat. septentrionale.


Il faut toûjours avoir la sonde à la main dès qu’on est entré dans cette riviere, & observer de se tenir toûjours plus près des bancs du nord que de ceux du sud ; cependant les Portugais, les François & les Anglois trafiquent beaucoup sur ce fleuve. Mais ce n’est, à proprement parler, que depuis les bouches ce Gambie jusqu’au royaume d’Angola inclusivement, que les Anglois commercent en Afrique : leurs comptoirs, assez bien fortifiés, envoyent à Jamesfort du riz, du miel qui est le sorgo des Africains, de l’ivoire, de la cire, & des esclaves très-estimés, qui leur viennent en partie des terres dépendantes du Senégal. (D. J.)​","[[""13 20' N""]]",,13 20' N,13 20' N
v7-1023-0,GHILAN,"GHILAN, (Géog.)​ province d’Asie dans la Perse, au bord de la mer Caspienne, à laquelle elle donne son nom.


M. d’Herbelot l’étend depuis le 75d de longitude jusqu’au 76e inclusivement ; & pour sa largeur, qu’il prend du nord au sud, il dit qu’elle occupe le 35 ou 36d de latitude Elle fait une partie considérable de l’Hircanie des anciens. C’est la plus belle & la plus fertile province de toute la Perse. Les habitans du pays sont mahométans de la secte d’Omar. La ville de Reschts, située à 37d de latitude, est maintenant la capitale de cette province. Abdalcader, surnommé le scheik, c’est-à-dire le grand docteur, étoit de Ghilan. Voici sa priere : « O Dieu tout-puissant, comme je te rends un culte perpétuel dans mon cœur, daigne l’avoir pour agréable » ! (D. J.)​","[['35 N 75 E', '36 N 76 E']]",,35 N 75 E 36 N 76 E,35 N | 36 N | 37 N | 75 E | 76 E
v7-1207-0,"GOES, ou TER-GOES","GOES, ou TER-GOES, Goeja, (Géogr.)​ ville forte des Provinces-unies en Zélande, dans la partie septentrionale du Zuyd-Beveland ; ce fut la seule qui échappa à l’inondation de l’année 1532. Elle est à quatre lieues de Middelbourg, à cinq de Bergop-zoom, douze nord-oüest de Gand. Long. suivant Desplaces 21d. 31′. 30″. & suivant Harris, 21d. 31′. 15″. latit. suivant le même Desplaces, 51d. 30′. 30″. & suivant Harris, 51d. 30′. seulement. (D. J.)​","[['alt'], ['51 30\' 30""  N 21 31\' 30"" E'], ['51 30\' N 21 31\' 15"" E']]",,"alt | 51 30' 30""  N 21 31' 30"" E | 51 30' N 21 31' 15"" E","51 30' 30"" N 21 31' 30"" E | 51 30' N 21 31' 15"" E"
v7-1216-0,GOLCONDE,"GOLCONDE, (Géogr.)​ royaume d’Asie dans la presqu’ile de l’Inde, en-deçà du Gange ; il est borné au nord par la province de Bérar, au nord-est par la riviere de Narsepille qui le sépare du royaume d’Orixa, au sud-est par le golfe de Bengale, & au sud par la riviere de Coulour. La plus grande partie des terres y est si fertile, qu’on y fait deux récoltes de riz par an, & quelquefois trois. Il est arrosé de plusieurs rivieres, & a deux ports très-avantageux, savoir Narsapour & Mazulipatan ; son commerce consiste en toiles de coton peintes, en botilles fines, en riz & en indigo ; mais ses fameuses mines de diamant sont sa plus grande richesse, & celle-là même qui porta Aureng-zeb à conquérir le pays qui possédoit dans son sein des trésors si précieux. Depuis ce tems-là le royaume de Golconde fait partie des états du grand-mogol ; la ville de Golconde autrefois nommée Bagnagar, en est la capitale. La longit. de cette ville est par les 124d 40′. lat. 19d. 40′. & selon le pere Noël, seulement 17d. (D. J.)​","[['alt'], [""19 40' N 124 40' E""], [""17 N 124 40' E""]]",,alt | 19 40' N 124 40' E | 17 N 124 40' E,19 40' N 124 40' E | 17 N 124 40' E
v7-1223-2,Golphe de Bengale,"Golphe de Bengale, (Géog.)​ grand golphe d’Asie dans la mer des Indes, dont il fait une partie considérable entre la presqu’île de-là le Gange, & la presqu’ile de de-çà. Il est borné au couchant par les côtes de Coromandel, de Gergelin, & d’Orixa ; au Nord par le royaume de Bengale ; au Levant par les royaumes d’Aracan, d’Ava, de Pégu, & de Siam. Sa profondeur est depuis environ les 7d. jusqu’au 21d45′. de lat. septentrionale. Sa largeur est d’environ 16d. en longit. & va toûjours en retrécissant vers le Nord, jusqu’aux bouches du Gange. Les principales îles de ce golphe sont, Ceylan, les îles du Gange, quantité de petites îles le long des côtes d’Avas, du Pégu, & de Siam, entr’autres les îles des Andamans, de Ténasserim, de Junsalam, & de Nicobar. (D. J.)​","[['7 N', ""21 45' N""]]",,7 N 21 45' N,7 N 16 E | 21 45' N 16 E
v7-1257-1,"Gordiens, (monts)","Gordiens, (monts) Gordiæus mons, (Géog.)​ chaîne de montagnes de la grande Arménie, au milieu de laquelle chaîne Ptolomée donne la même latitude qu’aux sources du Tigre, savoir 39d. 40′. Cette montagne a donné le nom de Gorden ou Gorduene au pays dont Pompée fit la conquête ; car ce pays étoit aussi de la grande Arménie, & dépendant du roi Tigrane. La commune opinion veut que ce soit présentement le mont Ararath. (D. J.)​","[[""39 40' N""]]",,39 40' N,39 40' N
v7-1606-0,GUANAPI,"GUANAPI, (Géog.)​ volcan des Indes orientales, près de l’île de Néra. Il fume sans cesse, vomit souvent des flammes & du feu de son sommet ; mais s’étant entr’ouvert dans le dernier siecle, il jetta tant de pierres hors de son sein, que le canal creusé entre cette montagne & celui de Néra en fut comblé, & n’a pas été navigable depuis ce tems-là. Cette montagne ardente est par le 4e. degré de latitude méridionale. Voyez Volcan. (D. J.)​",[['8 S']],,8 S,4 S
v7-1712-3,"Guinée, (la Nouvelle)","Guinée, (la Nouvelle) Géog.​ grande contrée de l’Océan oriental des Moluques ; on ignore si c’est une île, ou si cette contrée est attachée au continent des terres Australes : quoi qu’il en soit, elle est entre le deuxieme & le neuvieme degré de latitude méridionale, & entre les 146 & les 165 degrés de longitude. Elle va en se retrécissant vers le nord-ouest, & en s’élargissant vers le sud-est : par les 150 degrés, on y apperçoit une montagne nommée par les Hollandois Sneberg, parce qu’elle est chargée de neige. On dit que ce pays fut découvert en 1527 par Alvar de Paavédra, mais il n’y fit que passer : le terroir fertile par lui-même, est habité par des sauvages d’un teint brun olivâtre. Il est bien étonnant qu’on ne connoisse rien de l’intérieur d’un pays voisin des Moluques, & que tout ce qu’on en sait se réduise au gisement d’une partie de ses côtes. (D. J.)​","[['2 S 146 E', '9 S 165 E']]",,2 S 146 E 9 S 165 E,2 S 146 E | 2 S 165 E | 9 S 146 E | 9 S 165 E
v8-107-0,"HAIN, ou HAYN","HAIN, ou HAYN, (Géog.)​ Hayna, petite ville d’Allemagne dans la haute-Saxe, au cercle de Misnie. Les Hussites la saccagerent en 1429 ; elle est sur le Rhéder, à trois milles N. O. de Dresde, deux N. E. de Messen. Long. 31. 18. latit. 51. 20.


C’est la patrie de Jean de Hagen, surnommé Abindagine, savant Chartreux pour son siecle, & qui mourut en 1475.


Il y a une autre petite ville de ce nom dans la Silésie, au duché de Lignitz. Long. 33. 45. latit. 51. 10. (D. J.)​","[[""51 20' N 31 18' E""], [""51 10' N 33 45' E""]]",,51 20' N 31 18' E | 51 10' N 33 45' E,51 20' N 31 18' E | 51 10' N 33 45' E
v8-108-0,HAINAN,"HAINAN, (Géog.)​ île considérable d’Asie, au N. du golfe de la Cochinchine, au S. de la province de Quanton, dont elle est séparée par un bras de mer d’environ huit lieues ; elle abonde en tout ce qui est nécessaire à la vie ; on pêche des baleines & des perles sur ses côtes que les Chinois possedent ; mais l’intérieur du pays est habité par une nation indépendante. On trouve dans cette île des plantes maritimes & des madrépores de toute espece, quelques arbres qui donnent le sang-de-dragon, & d’autres qui distillent une espece de larme résineuse, laquelle étant jettée dans une cassolette, répand une odeur non moins agréable que celle de l’encens. On y voit aussi de fort jolis oiseaux, des merles d’un bleu foncé, des corbeaux à cravate blanche, de petites fauvettes d’un rouge admirable, & d’autres dont le plumage est d’un jaune doré plein d’éclat. Kiuncheu est la capitale de l’île. Longit. 125. 30. 128. latit. 18. 20. (D. J.)​","[[""18 N 125 30' E"", '20 N 128 E']]",,18 N 125 30' E 20 N 128 E,18 N 125 30' E | 20 N 128 E
v8-1068-0,HONAN,"HONAN, (Géog.)​ contrée d’Asie dans l’empire de la Chine, dont elle est la cinquieme province, au S. du fleuve jaune ; elle est très-belle & très-fertile ; les Chinois l’appellent le jardin de la Chine. On y compte huit métropoles, dont Caifung est la premiere, & Honan la seconde. Long. de Caifung à compter de Pekin, 2. 54. lat. 35. 50. Long. de Honan, 7. 5. lat. 35. 38. (D. J.)​","[[""35 50' N 2 54' E""], [""35 38' N 7 5' E""]]",['Pékin'],35 50' N 2 54' E | 35 38' N 7 5' E,35 50' N 2 54' E | 35 38' N 7 5' E
v8-1076-0,HONGRIE,"HONGRIE, (Géog. hist.)​ vaste pays en Asie & en Europe.


La Hongrie asiatique, ou la grande Hongrie, étoit l’ancienne partie des Huns ou Hongrois, qui passerent en Europe vers la décadence de l’empire ; M. de Lisle la met à l’orient de la Bulgarie en Asie ; & comme la Bulgarie est entre le Wolga & la montagne de Caf, qui est une branche de l’Imaüs des anciens, la grande Hongrie est entre cette montagne & l’Irtisch, c’est-à-dire entre les 85. & les 100. deg. de longitude, & entre le 50. & le 55. deg. de latitude. La Valaquie étoit au S. de la Hongrie ; ainsi ces trois nations, les Bulgares, les Hongrois & les Walaques étoient voisins en Asie, comme ils le sont en Europe.


La Hongrie en Europe est un grand pays d’Europe sur le Danube:soit que les Hongrois soient descendans des Huns, soit qu’ils n’ayent rien de commun avec eux que de leur avoir succédé, non contens des terres qu’ils possédoient à l’orient du Danube, ils le passerent & s’établirent dans les deux Pannonies.


La monarchie hongroise comprenoit au commencement du xjv. siecle la Hongrie propre, la Transylvanie, la Moldavie, la Valaquie, la Croatie, la Bosnie, la Dalmatie & la Servie; mais les progrès qu’elle fit en accroissement dans ces tems-là, ressembloient à ceux de la mer qui quelquefois s’enfle, & sort de son lit pour y rentrer bientôt après. Les succès des armes ottomanes ont prodigieusement diminué cette monarchie, & des provinces entieres​s’en sont détachées, quoique, par le traité de paix de Passarowitz, l’empereur ait recouvré quelque partie de la Valaquie, de la Bulgarie, de la Servie, de la Bosnie & de la Croatie.


Le royaume d’Hongrie en Europe est de nos jours d’environ 200 lieues de long sur 100 de large ; il est borné au N. par la Pologne, O. par l’Allemagne, E. & S. par la Turquie européenne ; il renferme la Hongrie propre, la Transylvanie & l’Esclavonie.


La Hongrie se divise en haute & basse ; la haute haute contient 24 comtés, la basse 14, & l’Esclavonie 7. Les principales rivieres sont le Danube, la Save, la Drave, la Teisse, le Maros, le Raab, le Vaag, le Graan & la Zarwise ; elles sont fort poissonneuses, mais leurs eaux, à l’exception de celles du Danube, ne passent pas pour être saines ; les plus hautes montagnes sont les monts Krapack, vers la Pologne & la Transylvanie.


Le pays abonde en tout ce qui est nécessaire ou agréable à la vie, les pâturages y sont excellens pour la nourriture des chevaux & des bêtes à corne ; le vin y est admirable, & le gibier très-commun ; il y a des fontaines minérales, des mines d’or, d’argent, de cuivre, de fer, de plomb & de mercure : la religion catholique y est la religion dominante ; mais les protestans en grand nombre y sont tolérés.


Il y a dans la Hongrie deux archevêchés ; Grate ou Strigonie, dont l’archevêque est primat du royaume, & Colocza. On y compte seize évêchés, dont six sont suffragans de Strigonie.


La langue hongroise est un dialecte de l’esclavonne, & par conséquent elle a quelque rapport avec les langues de Boheme, de Pologne & de Russie. La langue latine est aussi familiere aux Hongrois. Enfin la domination impériale a rendu la langue allemande nécessaire à ce peuple ; c’est même une chose remarquable, que presque toutes les villes de Hongrie ont deux noms, l’un Hongrois, l’autre Allemand ; ce que ne doivent pas ignorer les étrangers qui se mêlent de faire des cartes géographiques de ce pays-là. Long. 35-47. latit. 45-49.


Plusieurs écrivains ont publié l’histoire intéressante du gouvernement, des rois & des révolutions de la Hongrie ; nous y renvoyons les lecteurs ; nous nous bornerons ici à quelques faits généraux, que nous crayonnerons d’après un grand maître.


La Hongrie se gouvernoit autrefois comme la Pologne se gouverne encore ; elle élisoit ses rois dans ses dietes ; le palatin de Hongrie avoit la même autorité que le primat polonois, & de plus il étoit juge entre le roi & la nation. Telle avoit été la puissance ou le droit du palatin de l’empire, du maire du palais de France, du justicier d’Arragon ; dans toutes les monarchies l’autorité des rois commença toûjours par être balancée.


Les nobles avoient les mêmes priviléges qu’en Pologne, j’entends d’être impunis, & de disposer de leurs serfs. La populace étoit esclave, & l’est encore ; la force de l’état étoit dans la cavalerie composée de nobles & de leurs suivans ; l’infanterie étoit un amas de paysans sans ordre, qui combattoient dans le tems qui suit les semailles jusqu’à celui de la moisson.


On sait que ce fut vers l’an 1000, que la Hongrie reçut le christianisme ; le chef des Hongrois, Etienne qui vouloit être roi, se servit de la force & de la religion. Le pape Silvestre II. ou son successeur, il m’importe guère, le gratifia du titre de roi, & même de roi apostolique. C’est pour avoir donné ce titre dans une bulle, que les papes prétendirent exiger des tributs de la Hongrie, & c’est en vertu de ce mot apostolique que les rois de Hongrie prétendirent donner tous les bénéfices du royaume. On voit qu’il y a des préjugés par lesquels les rois & les na-​tions se gouvernent. Le chef d’une nation guerriere n’avoit osé prendre le titre de roi sans la permission du pape.


Dans le même tems, les empereurs regardoient la Hongrie comme un fief de l’empire, parce que Conrad le Salique avoit reçu un hommage & un tribut du roi Pierre, qui monta sur le trône en 1038. Les papes de leur côté soûtenoient qu’ils devoient donner cette couronne, parce qu’ils avoient les premiers appellé du nom de roi, le chef de la nation hongroise. En 1290, l’empereur Rodolphe de Hapsbourg donna l’investiture de la Hongrie à son fils Albert d’Autriche, comme s’il eût donné un de ses fiefs ordinaires ; mais, en 1308, le pape Boniface VIII. donna ce royaume au prince Carobert, fils de Charles Martel, soûtenu de son parti & de son épée. La Hongrie sous lui devint plus puissante que les empereurs, qui la regardoient comme un fief ; Carobert réunit à ses états la Dalmatie, la Croatie, la Servie, la Transylvanie, la Moldavie, provinces qui furent démembrées du royaume dans la suite des tems.


Le fils de Carobert, nommé Louis, accrut encore la puissance de son royaume ; il s’acquit une vraie gloire, car il fut juste & fit de sages lois. Ce prince cultivoit la Géométrie & l’Astronomie ; il protégeoit les autres arts : c’est à cet esprit philosophique si rare alors, qu’il faut attribuer l’abolition que lui dut la Hongrie, des épreuves superstitieuses du fer ardent & de l’eau bouillante ; superstitions d’autant plus accréditées que les peuples étoient plus grossiers. Un roi qui connoissoit la saine raison, étoit un prodige dans ces climats : la valeur de Louis fut égale à ses autres qualités ; ses sujets le chérirent, les étrangers l’admirerent ; les Polonois, sur la fin de sa vie, l’élurent pour leur roi en 1370. Il régna heureusement 40 ans en Hongrie, & 12 ans en Pologne ; les peuples lui donnerent le nom de Grand, dont il étoit digne ; cependant il est presque Ignoré en Europe, il n’avoit pas regné sur des hommes qui sussent transmettre sa gloire aux nations.


Il étoit si aimé, qu’après sa mort les Hongrois élurent en 1382 sa fille Marie, qui n’étoit pas encore nubile, & l’appellerent Marie-Roi, titre qu’ils ont renouvellé de nos jours pour la fille du dernier empereur de la maison d’Autriche. Sigismond épousa Marie, fut à-la-fois empereur, roi de Boheme & d’Hongrie ; mais en Hongrie, il fut battu par les Turcs, & mis une fois en prison par ses sujets révoltés ; en Boheme, il fut presque toujours en guerre contre les Hussites ; & dans l’empire, son autorité fut sans cesse contre-balancée par les priviléges des princes & des villes.


En 1438, Albert d’Autriche, gendre de Sigismond, devint le premier prince de la maison d’Autriche, qui regna sur la Hongrie ; mais, quoique son regne ait été fort court, il fut la source des divisions intestines, qui, jointes aux irruptions des Turcs, dépeuplerent la Hongrie & en firent une des malheureuses contrées de la terre. La guerre civile entre les peuples & les nobles qui suivit les regnes des Ladislas & des Corvins, affoiblit encore prodigieusement ce royaume, il ne se trouva plus en état de résister aux Turcs ; l’armée hongroise fut entierement détruite par celle de Soliman, à la célebre journée de Mokats en 1526. Leur roi Louis II. dit le jeune, beau-frere de Charles V. y fut tué, & Soliman vainqueur, parcourut tout ce royaume desolé, dont il emmena plus de deux cens mille captifs.


« En vain, dit M. de Voltaire, la nature a placé dans ce pays des mines d’or & d’argent, & les vrais trésors des blés & des vins ; en vain elle y forma des hommes robustes, bien faits, spirituels !​on ne voyoit presque plus qu’un vaste désert, des villes ruinées, des campagnes dont on labouroit une partie les armes à la main, des villages creusés sous terre, où les habitans s’ensevellissoient avec leurs grains & leurs bestiaux, une centaine de châteaux fortifiés, dont les possesseurs disputoient la souveraineté aux Turcs & aux Allemands ».


Les empereurs de la maison d’Autriche devinrent finalement rois de Hongrie ; mais le pays dépeuplé, pauvre, partagé entre la faction catholique & la protestante, & entre plusieurs partis, fut à-la-fois occupé par les armées turques & allemandes. C’est ce qu’on vit sous tous les empereurs de cette maison : on vit en particulier sous Léopold, élu en 1655, la haute Hongrie & la Transylvanie être le théâtre sanglant des révolutions, des guerres & des dévastations. Les Hongrois voulurent défendre leurs libertés contre cet empereur, qui ne connut que les droits de sa couronne : il s’en fallut peu que le sang des seigneurs hongrois répandu à Vienne par la main des bourreaux, ne coutât Vienne & l’Autriche à Léopold, & à sa maison le jeune Emerick Tekeli, qui ayant à venger le sang de ses parens & de ses amis, souleva une partie de la Hongrie, & se donna à Mahomet IV. Le siége étoit déja devant Vienne en 1683, lorsque Jean Sobieski roi de Pologne, Charles V. duc de Lorraine, & les princes de l’empire eurent le bonheur de le faire lever, de repousser les Turcs & de délivrer l’empereur.


L’archiduc Joseph son fils fut couronné roi de Hongrie en 1687, héréditairement pour lui & la maison d’Autriche, qui a fini en 1740 dans la personne de Charles VI.


Ce qui restoit de ses dépouilles après sa mort, fut prêt d’être enlevé à son illustre fille, & partagé entre plusieurs puissances ; mais ce qui devoit l’accabler, servit à son élévation. La maison d’Autriche renaquit de ses cendres : la Hongrie, qui n’avoit été pour ses peres qu’un éternel objet de guerres civiles, de résistances & de punitions, devint pour elle un royaume uni, affectionné, peuplé de ses défenseurs. Reine de tous les cœurs, par une affabilité que ses ancêtres avoient rarement exercée, elle bannit cette étiquette qui peut rendre le trône odieux, sans le rendre plus respectable ; elle goûta le plaisir & la gloire de faire nommer empereur son époux, & de recommencer une nouvelle maison impériale. (D. J.)​","[['alt'], ['50 N 85 E', '55 N 100 E'], ['45 N 35 E', '49 N 47 E']]",,alt | 50 N 85 E 55 N 100 E | 45 N 35 E 49 N 47 E,50 N 85 E | 55 N 100 E | 45 N 35 E | 49 N 47 E
v8-1896-0,JÉÇO,"JÉÇO, (Géog.)​ grande île d’Asie, au nord de la partie septentrionale de Niphon, gouvernée par un prince tributaire, & dépendant de l’empereur du Japon. Elle est remplie de bois ; les habitans ne vivent presque que de chasse & de poisson. Quelques cartes mettent ce pays d’Asie entre les 200 & 230 deg. de long. mais c’est une erreur de plus de 50 degrés. Kœmpfer assure que cette île est à 42 degrés de lat. sept. N. N. E. vis-à-vis la grande province d’Osin. (D. J.)​","[['42 N 200 E', '42 N 230 E']]",,42 N 200 E 42 N 230 E,42 N 200 E | 42 N 230 E
v8-1905-0,JEMMA ou GEMENÉ,"JEMMA ou GEMENÉ, (Géog.)​ riviere de l’Indoustan, qui passe par les villes d’Agra & de Dehli, & qui se jette dans la Gange à environ 23 dégrés de latitude septentrionale.",[['23 N']],,23 N,23 N
v8-2840-0,IRTICH ou IRTIS,"IRTICH ou IRTIS, (Géog.)​ grande riviere d’Asie dans la Sibérie. Après avoir arrosé une vaste étendue de pays depuis ses deux sources, qui sont vers le quarante-septieme deg. de latitude selon quelques-uns, ou selon le P. Gaubile, à 46. 4. & à 112d 12′48″ de longit. elle se jette dans le fleuve Oby à 60d40′ de latitude ; ses eaux blanches & légeres abondent en poissons, sur tout en esturgeons & en saumons délicieux.


Pierre le Grand empereur de Russie, considérant que l’Irtich lui pouvoit être d’une grande utilité pour fonder un commerce avantageux entre ses états & les autres pays de l’Orient, fit faire en 1715 de distance en distance le long de cette riviere, des établissemens, qui seroient d’une toute autre valeur entre les mains d’une nation libre & commerçante.


Il y a une ville de ce nom au Mogolistan, à qui le traducteur de Timur-Beg donne 130 deg. de longitude, & 56 deg. 40 min. de latitude. (D. J.)​","[['alt'], ['47 N'], ['46 4\' N 112 12\' 48"" E']]",,"alt | 47 N | 46 4' N 112 12' 48"" E","47 N | 46 4' N 112 12' 48"" E | 60 40' N | 56 40' N 130 E"
v8-2881-12,Isle Gorgone,"Isle Gorgone, (Géog.)​ île de la mer du Sud au Popayan, à 3 deg. de latit. septentrionale ; elle est passablement élevée, & fort remarquable à cause de deux collines qui sont au sommet. Cette île n’est habitée que par de petits singes noirs, & cependant elle est pourvûe de toutes sortes d’arbres, qui ne​quittent point leurs fleurs & leur verdure. Il y pleut beaucoup tout le long de l’année, & souvent comme si l’on jettoit l’eau par un crible. On y trouve quantité d’huitres, & quelquefois des perles dans quelques-unes. Ces huitres croissent sur des rochers à 4, 5 ou 6 brasses d’eau, attachées par de petites racines comme les moules ; le dedans de la coquille est plus brillant que la perle même : Dampier dit que c’est le seul endroit de la mer du Sud où il en ait vu. (D. J.)​",[['3 N']],,3 N,3 N
v9-252-0,KASEMIECH,"KASEMIECH, (Géog.)​ on écrit aussi KAZEINIECK, CASEMIECH, CASEMICH, KASEMITH, &c. riviere de Syrie, qui a sa source dans les montagnes de l’Anti-liban, & se jette dans la mer de Phénicie, entre Tyr & Sidon. La pêche de la morue qui est yabondante en certains tems de l’année, lui donne une grande considération dans le pays : M. de la Roque dit l’avoir passé en allant de Seyde à Tyr.


Les voyageurs François, les Missionnaires & plusieurs Géographes modernes, prétendent que le Kasemiech est l’Eleuthéros des anciens. L’auteur du voyage nouveau de la Terre-sainte n’en doute point : il dit ; liv. V. ch. iv, que ce fleuve est très-remarquable par sa profondeur, par la rapidité de son cours, par les détours des montagnes au fond desquelles il serpente (d’où vient qu’on le nomme Kasemiech, terme arabe, qui signifie séparation, partage), enfin par sa célébrité dans le premier livre des Machabées, puisque ce fut jusques-là que l’illustre Jonathas poursuivit les généraux des troupes de Démétrius.


Malgré tant d’autorités, l’Eleuthéros des anciens ne peut être ni le Kasemiech, ni même aucune des rivieres qui sont entre Tyr & Sydon, puisqu’il étoit au nord de cette derniere ville. Ptolomée lui donne 1 degré 20′ de latitude plus qu’à Sydon ; & Josephe, Ant. jud. liv. XIV. ch. vij & viij, parlant des présens que Marc-Antoine fit à Cléopatre, observe que cet amant prodigue lui donna toutes les villes situées entre l’Egypte & l’Eleuthéros, à la réserve de Tyr & de Sydon ; ces deux villes étoient donc situées entre l’Eleuthere de l’Egypte, c’est à-dire au midi de cette riviere. En un mot, on ne sait quel est le nom moderne de l’Eleuthéros, mais on voit que ce n’est point le Kasemiech de nos jours ; ce n’est pas non plus le fleuve saint du P. Hardouin, qui est le Kadisca, dont l’embouchure est à l’orient de Tripoli qu’il traverse. (D. J.)​","[[""1 20' N""]]",['Sydon'],1 20' N,
v9-385-0,KILDUYN,"KILDUYN, (Géog.)​ petite île de la mer Septentrionale, peu distante de celle de Wardhus, à environ 69. 40′ de latitude ; elle est couverte de mousse pour toute verdure, & n’est habitée durant l’été que par quelques lapons finlandois ou russes, qui ensuite se retirent ailleurs. (D. J.)​","[[""69 40' N""]]",,69 40' N,69 40' N
v9-879-0,LANKAN,"LANKAN, (Géogr.)​ grande riviere d’Asie, qui a sa source dans la Tartarie, au royaume de Lassa ou de Boutan, & qui après un long cours, se perd dans le golfe de la Cochinchine, vis-à-vis l’île de Hainau. Le P. Gaubil détermine le lac que fait cette riviere, à 29d50′ de latitude. (D. J.)​","[[""29 50' N""]]",,29 50' N,29 50' N
v9-1979-0,"LOUVO, ou LOUVEAU","LOUVO, ou LOUVEAU, (Géog.)​ Kœmpfer écrit LIVO, & les Siamois l’appellent Noccheboury ; ville d’Asie, au royaume de Siam, avec un palais que les rois de Siam habitent une partie de l’année ; c’est leur Versailles. Elle est fort peuplée, & située dans une belle plaine à 9 lieues de la capitale, où l’on peut aller par un canal. Long. selon les PP. Jésuites, 118. 33. selon M. de Lille, 121. 11. 30. lat. 14.43. 25.","[['14 43\' 25"" N  118 33\' E'], ['14 43\' 25"" N 121 11\' 30"" E']]",,"14 43' 25"" N  118 33' E | 14 43' 25"" N 121 11' 30"" E","14 43' 25"" N 118 33' E | 14 43' 25"" N 121 11' 30"" E"
v9-2135-0,LYCAONIE,"LYCAONIE, Lycaonia, (Géog. anc.)​ province​ de l’Asie mineure, entre la Pamphilie, la Cappadoce, la Pisidie, & la Phrygie, selon Cellarius. La Lycaonie voisine du Taurus, quoiqu’en partie située sur cette montagne, fut réputée par les Romains appartenir à l’Asie au-dedans du Taurus ; Asiæ intra Taurum. Strabon prétend que l’Isaurique faisoit une partie de la Lycaonie : la notice de l’empereur Léon le Sage, & celle d’Hiéroclès, ne s’accordent pas ensemble sur le nombre des villes épiscopales de cette province, qui eut cependant l’avantage d’avoir S. Paul & S. Barnabé pour apôtres, comme on le lit dans les actes, ch. xiv. v. 16.


Nous ignorons quel a été dans les premiers tems l’état & le gouvernement de la Lycaonie ; nous savons seulement que le grand roi, c’est-à-dire le roi de Perse, en étoit le souverain, lorsqu’Alexandre porta ses armes en Asie, & en fit la conquête. Sous les successeurs d’Alexandre, ce pays souffrit diverses révolutions, jusqu’à ce que les Romains s’en rendirent maîtres. Dans la division de l’empire, la Lycaonie fit partie de l’empire d’orient, & se trouva sous la domination des empereurs grecs.


Depuis ce tems-là, ce pays fut possédé par divers souverains grands & petits, & usurpé par plusieurs princes ou tyrans, qui le ravagerent tour-à-tour. Sa situation l’exposa aux incursions des Arabes, Sarrasins, Persans, Tartares, qui l’ont désolé, jusqu’à ce qu’il soit tombé entre les mains des Turcs, qui le possedent depuis plus de trois cens ans.


La Lycaonie, qu’on nomme à présent grande Caramanie, ou pays de Cogny, est située à-peu-près entre le 38 & le 40 degré de latitude septentrionale, & entre le 50 & le 52 degré de longitude. Les villes principales de la Lycaonie, sont Iconium, aujourd’hui Cogni, Thébase, située dans le mont Taurus, Hyde située sur les confins de la Galatie & de Cappadoce, &c.


Quant à la langue lycaonienne, dont il est parlé dans les actes des Apôtres, XIV. 10. en ces mots : ils eleverent la voix parlant lycaonien, nous n’en avons aucune connoissance. Le sentiment le plus raisonnable, & le mieux appuyé sur cette langue, est celui de Grotius, qui croit que la langue des Lycaoniens étoit la même que celle des Cappadociens, ou du moins en étoit une sorte de dialecte.","[['38 N 50 E', '40 N 52 E']]",,38 N 50 E 40 N 52 E,38 N 50 E | 40 N 52 E
v9-2321-1,Madere la,"Madere la, (Géog.)​ ou rio da Madeira, c’est-à-dire riviere du Bois, ainsi nommée par les Portugais : peut-être à cause de la quantité d’arbres déracinés qu’elle charrie dans le tems de ses débordemens ; c’est une vaste riviere de l’Amérique méridionale, & l’une des plus grandes du monde. On lui donne un cours de six à sept cens lieues, & sa grande embouchure dans le fleuve des Amazones. Il seroit long & inutile d’indiquer les principales nations qu’elle arrose, c’est assez pour présenter une idée de l’étendue de son cours, de dire que les Portugais qui la fréquentent beaucoup, l’ont remontée en 1741, jusqu’aux environs de Santa-Crux de la Sierra, ville épiscopale du haut Pérou, située par 17. de latitude australe. Cette riviere porte le nom de Marmora dans sa partie supérieure, où sont les missions des Moxes ; mais parmi les différentes sources qui la forment, la plus éloignée est voisine du Potosi. (D. J.)​",[['17 S']],,17 S,17 S
v9-2518-1,Malacca,"Malacca, (Géog.)​ capitale du royaume de Malacca, dans la partie méridionale de la péninsule, sur le détroit auquel elle donne son nom.


Cette ville est habitée par des Hollandois, des Maures & des Chinois. On y compte quatre à cinq mille ames. Comme sa situation est à 2 degrés 12 m. de latitude, elle jouit toujours d’un parfait équinoxe ; son climat tempéré produit presque tous les fruits qu’on voit à Goa ; mais les coccos y sont beaucoup plus grands. Le port de Malacca est fort bon, & il s’y fait un grand commerce. On y trouve dans les bazards les marchandises du Japon, de la Chine, de Bengale, de Perse & de la côte de Coromandel. On compte environ 300 lieues espagnoles de Ceylan à Malacca, & 350 de Malacca à la Chine. Elle est défendue par une forteresse, dont le gouverneur de la ville est le commandant. Les Hollandois en sont les maîtres depuis plus d’un siecle ; car ils s’en emparerent sur les Portugais en 1640. Long. selon Cas-​sini, 119. 36′30″ selon les pp. de Beze & Camille, 117. 20′30″. (D. J.)​","[['alt'], ['2 12\' N 119 36\' 30"" E'], ['2 12\' N  117 20\' 30"" E']]",,"alt | 2 12' N 119 36' 30"" E | 2 12' N  117 20' 30"" E","2 12' N 119 36' 30"" E | 2 12' N 117 20' 30"" E"
v10-143-0,MANOTCOUSIBI,"MANOTCOUSIBI, (Géogr.)​ riviere de l’Amérique septentrionale, au 59 degré de latitude nord, dans la baie de Hudson. Les Danois la découvrirent en 1668 ; on l’appelle encore la riviere danoise, & les Anglois la nomment Churchill. (D. J.)​",[['59 N']],,59 N,59 N
v10-338-1,Mariland,"Mariland est situé, entre le 37e degré 50 minutes & le 40 de lat. septentrionale. Les chaleurs y sont modérées, tant par les vents, que par les pluies, & l’hiver y est peu durable. (D. J.)​","[[""37 50' N"", '40 N']]",,37 50' N 40 N,37 50' N | 40 N
v11-316-0,NÉGOAS,"NÉGOAS, (Géog.)​ ou l’ile des Negres ; île d’Asie, l’une des Philippines entre celles de Luçon au nord, & celle de Mindanoa au midi. Long. 139. 35-141. lat. 8. 50-10.35. (D. J.)​","[[""8 50' N 139 35' E"", ""10 35' N 141 E""]]",,8 50' N 139 35' E 10 35' N 141 E,8 50' N 139 35' E | 10 35' N 141 E
v11-346-0,"NELSON, le port","NELSON, le port (Géog.)​ port de l’Amérique septentrionale, avec un fort sur la côte méridionale de la baie d’Hudson. Les Anglois donnerent le nom de Nelson au port & au fort que les François appelloient le fort Bourbon. Le port est une petite baie dans laquelle se déchargent la riviere de sainte Therese, & celle de Bourbon. Le fort a été pris & repris plusieurs fois, mais il est resté aux Anglois par la paix d’Utrecht. Il est situé au 57d. 30′. de lat. nord. C’est la derniere place de l’Amérique de ce côté-là ; & l’endroit où l’on fait la traite des meilleures pelleteries du nouveau-monde, & de la maniere la plus avantageuse. Le pays y est prodigieusement froid ; cependant les rivieres y sont fort poissonneuses, & la chasse abondante. Tous les bords de la riviere de sainte-Thérese sont couverts au printems & en au-​tomne d’outardes & d’oies sauvages. Les perdrix y sont toutes blanches, & en quantité prodigieuse. Le caribou, dont la chair est très-délicate, s’y trouve presque toute l’année. Les pelleteries fines qu’on y apporte, sont des martes & des renards fort noirs, des loutres, des ours, des loups, dont le poil est fort fin, & principalement du castor, qui est le plus beau du Canada. (D. J.)​","[[""57 30' N""]]",,57 30' N,57 30' N
v11-1078-0,OBY,"OBY, (Géog.)​ grande riviere d’Asie. Elle prend sa source dans la grande Tartarie du lac Osero Teleskoi vers les 52. deg. de lat. L’Irtis se jette dans l’Oby, à 60 d. 40 m. de lat. ensuite elle tourne au nord, & va se décharger vers les 65 d. de lat. dans la Guba-Tassaukoya, par laquelle ses eaux sont portées dans la mer glaciale vers les 70 deg. de lat. après une course d’environ 400 lieues. Cette vaste riviere est extrèmement abondante en toutes sortes d’excellens poissons ; ses eaux sont blanches & légeres, & ses bords fort élevés sont par-tout couverts de forêts. On trouve sur ses rives des pierres fines, transparentes, rouges & blanches, dont les Russes font beaucoup de cas. Il n’y a point de villes sur les bords de cette riviere, mais seulement des bourgs, que les Russes y ont bâtis, depuis qu’ils possedent la Siberie. La source de l’Oby est à 160d. 12′. 45″. de long. & à 49d. 50′. de lat. (D. J.)​","[['49 50\' N 160 12\' 45"" E'], ['52 N'], [""60 40' N""], ['65 N'], ['70 N']]",,"49 50' N 160 12' 45"" E | 52 N | 60 40' N | 65 N | 70 N","52 N | 60 40' N | 65 N | 70 N | 49 50' N 160 12' 45"" E"
v11-1337-1,Olinde,"Olinde, (Géog.)​ ville de l’Amérique méridionale au Bresil, dans la capitanie de Fernambouc.​ Elle étoit située sur un côteau d’un agréable aspect ; & la riviere qui tombe dans le port, s’appelle Bibiribe. Les Hollandois s’en emparerent en 1630, & les Portugais n’ont pas réparé ses ruines. Longit. selon Cassini, 342. 21. 30. lat. 8. 18. Long. suivant Harris, 342. 31. 15. lat. 7. 48. (D. J.)​","[['alt'], ['8 18\' S 342 21\' 30"" E'], ['7 48\' S 342 31\' 15"" E']]",,"alt | 8 18' S 342 21' 30"" E | 7 48' S 342 31' 15"" E","8 18' N 342 21' 30"" E | 7 48' N 342 31' 15"" E"
v11-1455-0,ONÉGA lac d’,"ONÉGA lac d’. (Géogr.)​ grand lac de l’empire russien, entre la Carélie moscovite au nord, le pays de Cargapol à l’orient, & la Carélie suédoise au couchant septentrional. Il s’étend du nord au sud depuis les 60d. 46′. de latitude, jusqu’au 63d. Sa côte occidentale est en quelques endroits par les 53d. de long. & l’orientale avance jusqu’à 64d. de long. Ce lac a en outre des îles assez grandes dans sa partie septentrionale.","[[""60 46' N 53 E"", '63 N 64 E']]",,60 46' N 53 E 63 N 64 E,60 46' N 53 E | 63 N 64 E
v11-1850-0,OSCA,"OSCA, (Géeog. anc.)​ ancienne ville de l’Espagne Tarragonnoise, au pays des Ilergetes, dans les terres, selon Ptolomée, liv. III. c. vj. Plutarque en fournit ici un beau passage dans sa vie de Sertorius ; il dit : « Parmi les nations qui lui étoient soumises, il fit choisir les enfans des plus nobles maisons, les mit tous ensemble dans Osca, belle & grande ville, & leur donna des maîtres pour leur enseigner les Lettres greques & romaines. C’est sans doute cette institution de Sertorius, qui jetta en Espagne les semences de cet amour des Belles-Lettres, qui y produisit ensuite tant d’hommes illustres, entr’autres Columelle, Pomponius Mela, les Séneques, Lucain, Martial, Florus, Quintilien, & tant d’autres espagnols célebres, qui se sont fait un grand nom entre les écrivains de l’ancienne Rome ». Cette ville d’Osca est aujourd’hui Huesca, & elle auroit bien besoin d’un nouveau Sertorius.


Ptolomée, liv. II. c. iv. parle d’un autre Osca, qui étoit une ville d’Espagne dans la Bétique, chez les Turditains. Il les distingue ainsi pour leur position. Osca Ilergetum. Long. 161. lat. 42. 20. Osca Turditanorum. Long. 5. 37. lat. 42. 15.","[[""42 20' N 161 E""], [""42 15' N 5 37' E""]]",,42 20' N 161 E | 42 15' N 5 37' E,42 20' N 161 E | 42 15' N 5 37' E
v11-2688-0,PARAIBA,"PARAIBA, (Géog. mod.)​ ville de l’Amérique méridionale, au Brésil, dans la capitainerie, & à l’embouchure de la riviere de même nom. Les Hollandois la prirent en 1635 ; mais les Portugais la reprirent sur eux peu de tems après. Le pays de cette province est fertile en arbres qui donne le bois de Brésil ; on y trouve aussi des couleuvres d’une grosseur monstrueuse. M. Couplet dit en avoir tué une qui avoit plus de quinze piés de long, & seize à dix-huit pouces de circonférence ; elle étoit couverte d’écailles noires, blanches, grises, & jaunâtres, qui toutes ensemble faisoient un fort bel effet. Lat. mérid. selon le même M. Couplet, 6d. 38′. 18″. (D. J.)​","[['6 38\' 18"" S']]",,"6 38' 18"" S","6 38' 18"" S"
v12-639-0,PENSILVANIE,"PENSILVANIE, (Géog. mod.)​ province de l’Amérique septentrionale, bornée au nord par le pays des Iroquois ; à l’orient par le nouveau Jersey ; au midi par le Mariland, & à l’occident par le pays des​Oniasontkes, ou si vous voulez, par le Canada. Elle s’étend depuis le quarantieme jusqu’au quarante-deuxieme degré de latitude ; & la largeur est à-peu-près égale, se trouvant comprise entre le 294°. 50′. & le 302°. de long.


Charles II. roi d’Angleterre, gratifia de cette province en 1681, Guillaume Pen de la secte des Quackers, homme d’un rare mérite, & qui a donné son nom à cette province. L’air y est doux & pur. Le terroir y est généralement bon. Il produit des fruits de toute espece, du froment, de l’orge, de l’avoine, du segle, des pois, des féves, toutes sortes de racines, du gibier, &c. Les oiseaux domestiques sont les coqs d’Inde, les faisans, les pigeons, les perdrix, &c. On y trouve aussi beaucoup d’oiseaux sauvages, comme cygnes, oies grises & blanches, canards, & autres. La terre est arrosée de diverses sources & de rivieres, qui abondent en poisson, comme esturgeons, aloses, anguilles, &c.


Les Anglois occupent dans cette province six contrées qu’ils nomment Chester, Buckingham, Newcastle, Kentsussex, & Philadelphie, qui est la capitale. L’intérieur du pays est habité par quelques nations d’Indiens, qu’on dit être au nombre d’environ six mille ames ; ce sont ces gens-là que l’illustre Pen a gagnés par ses bienfaits. Ces Indiens sont grands, bien proportionnés, hospitaliers, & d’une probité qui leur est aussi naturelle que la bravoure chez les Spartiates, & M. Pen est un second Lycurgue : « Quoiqu’il ait eu la paix pour objet, comme Lycurgue a eu la guerre, ils se ressemblent dans la voie singuliere où ils ont mis leur peuple, dans l’ascendant qu’ils ont eu sur des hommes libres, dans les préjugés qu’ils ont vaincus, dans, les passions qu’ils ont soumises ». (D. J.)​","[[""40 N 294 50' E"", '42 N 302 E']]",,40 N 294 50' E 42 N 302 E,40 N 294 50' O | 42 N 302 O
v12-1021-0,PÉTERSBOURG,"PÉTERSBOURG, (Géog. mod.)​ la plus nouvelle & la plus belle ville de l’empire de Russie, bâtie par le czar Pierre, en 1703, à l’orient du golfe de Finlande, & à la jonction de la Néva & du lac de Ladoga.


Pétersbourg, capitale de l’Ingrie, s’éleve sur le golfe de Constadt, au milieu de neuf bras de rivieres qui divisent ses quartiers ; un château occupe le centre de la ville dans une île formée par le grand cours de la Neva ; sept canaux tirés des rivieres, baignent les murs du palais, ceux de l’amirauté, du chantier, des galeres, & de quelques manufactures. On compte aujourd’hui dans cette ville trois cens mille ames, trente-cinq églises ; & parmi ces églises il y en a cinq pour les étrangers, soit catholiques-romains, soit reformés, soit luthériens : ce sont cinq temples eleves à la Tolérance, & autant d’exemples donné, aux autres nations.


Les deux principaux palais sont l’ancien palais d’été, situé sur la riviere de Néva, & le nouveau palais d’été près de la porte triomphale ; les bâtimens élevés pour l’amirauté, pour le corps des cadets, pour les colléges impériaux, pour l’académie des sciences, la bourse, le magasin des marchandises, celui des galeres, sont autant de monumens utiles. La maison de la police, celle de la pharmacie publique, où tous les vases sont de porcelaine ; le magasin pour la cour, la fonderie, l’arsenal, les ponts, les plans, les casernes, pour la garde à cheval, & pour les gardes à pié, contribuent à l’embellissement de la ville, autant qu’à sa sureté.


Mais une chose étonnante, c’est qu’elle ait été élevée dans l’espace de six mois, & dans le fort de la guerre. La difficulté du terrein qu’il fallut raffermir, l’éloignement des secours, les obstacles imprévus qui renaissoient à chaque pas en tout genre de travail, enfin les maladies épidémiques qui enlevoient un​ nombre prodigieux de manœuvres, rien ne découragea le fondateur. Ce n’étoit à la vérité qu’un assemblable de cabanes avec deux maisons de briques, entourées de remparts ; la constance & le tems ont fait le reste.


Il n’est pas moins surprenant que ce soit dans un terrein désert & marécageux, qui communique à la terre ferme par un seul chemin, que le czar Pierre ait élevé Pétersbourg ; assurément il ne pouvoit choisir une plus mauvaise position.


Quoique cette ville paroisse d’abord une des belles villes de l’Europe, on est bien désabusé quand on la voit de prés. Outre le terrein bas & marécageux, une forêt immense l’environne de toutes parts ; & dans cette forêt, tout y est mort & inanimé. Les matériaux des édifices sont très-peu solides, & l’architecture en est bâtarde. Les palais des boyards ou grands seigneurs, sont de mauvais goût, mal construits & mal entretenus. Quelqu’un a dit que partout ailleurs, les ruines se font d’elles-mêmes, mais qu’on les fait à Pétersbourg. Les habitans voyent relever leurs maisons plus d’une fois en leur vie, parce que les fondemens ne sont point durables faute de pilotis.


Ajoutez que cette ville & le port de Cronstadt, sont en géneral des places peu convenables pour la flotte, qui eût été beaucoup mieux à Revel. L’eau douce de la Neva fait pourrir les vaisseaux en peu d’années. La glace qui ne leur permet de sortir que fort tard dans la saison, les oblige de rentrer bientôt, & les expose à beaucoup de dangers. Lors même que la glace est fondue, les vaisseaux ne peuvent sortir que par un vent d’est ; & dans ces mers, il ne regne presque que des vents d’ouest pendant tout l’été.


Enfin, les bâtimens ne peuvent être conduits des chantiers de Pétersbourg à Cronstadt qu’après bien des périls, & avec des frais très-couteux ; mais le Czar se plaisoit à vaincre les difficultés, & à forcer la nature. Il vouloit avoir des gros vaisseaux, quoique les mers pour lesquelles ils étoient destinés n’y fussent pas propres : il vouloit avoir ces vaisseaux près de la capitale qu’il élevoit. On pouvoit appliquer à sa flotte & à sa ville, ce qui a été dit de Versailles : votre flotte & votre ville ne seront jamais que des favoris sans mérite.


Le bois de construction qu’on emploie pour les vaisseaux de Pétersbourg, vient du royaume de Casan par les rivieres, les lacs & les canaux, qui forment la communication de la Baltique avec la mer Caspienne : ce bois demeure deux étés en chemin, & ne se bonifie pas dans le trajet.


Tout mal situé qu’est Pétersbourg, il a bien fallu que cette ville devînt le siege du commerce de la Russie, dès qu’une fois le souverain en a fait la capitale de son empire. Les marchandises de cet empire consistent en pelleteries, chanvres, cendres, poix, lin, bois, savon, fer & rhubarbe. On y voit arriver annuellement 80 à 90 vaisseaux anglois, & la balance du commerce des deux nations est en faveur de la Russie, d’environ cinquante mille livres sterling. Les vaisseaux hollandois ne passent pas pour l’ordinaire par les ports de Narva ou de Riga. La balance est à-peu-près égale entre les deux peuples. Le commerce avec la Suede est presque entierement à l’avantage des Russes, aussi-bien que celui qu’ils font avec les Polonois.


Mais Pétersbourg fait des emplettes très-considerables des marchandises françoises, qui servent à nourrir le luxe de cette cour, & l’on peut compter que les Russes, pauvres en argent, y dépensent plus que le profit qu’ils font sur l’Angleterre. Il faudroit en Russie des loix somptuaires, bien observées, qui missent des bornes à ce genre de frénesie, d’autant plus​ridicule, que dans un pays si froid, il n’y a que le luxe en pelleteries de l’empire qui y convienne.


Pour comprendre l’âpreté des hivers qui regnent dans cette ville, il suffit de dire que le froid du 27 Janvier 1733, observé par M. de Lisle à Pétersbourg, fit descendre le mercure de son thermometre, au degré qui répond au 27, au-dessous de la congélation dans celui de M. de Réaumur. En 1748 le froid fut encore plus grand ; le mercure descendit au degré qui répond au 30 de celui de M. de Réaumur. Si l’on considere que le froid de 1709 n’a fait descendre le thermometre de M. de Réaumur qu’à 15 degrés & demi, on jugera sans peine de la rigueur des froids de Pétersbourg.


Cette ville a deux autres grands inconvéniens, les inondations qui y causent de tems-en-tems de grands ravages, & les incendies fréquens, qui ne sont pas moins redoutables, parce que la plus grande partie des maisons sont bâties en bois. L’incendie de 1737 consuma un tiers de Pétersbourg.


Pétersbourg est à environ 220 lieues nord-ouest de Moscow, 310 nord-est de Vienne, 210 nord-est de Coppenhague, 130 nord-est de Stockolm. Longit. suivant Cassini, 47. 51. 30. lat. 60. Longit. suivant de Lisle, 48. 1. lat. 59. 57.


Le czar Pierre I. y est mort en 1725, âgé de 53 ans. Quelques écrivains célebres ont fait à l’envi son éloge, en nous le peignant comme un des plus grands princes qui ait paru dans le monde. Je me contenterai d’observer, que s’il avoit de grandes qualités du côté de l’esprit, il avoit aussi de grands défauts du côté du cœur. Quoiqu’il ait fait des choses surprenantes dans ses états, & qu’il ait parcouru le monde pour apprendre mieux à regner, il n’a jamais pu dépouiller une certaine férocité qui constituoit son caractere, reprimer à-propos les emportemens de sa colere, adoucir sa sévérité, ni modérer son despotisme.


Il obligea les seigneurs de s’absenter de leurs terres, ce qui contribua à leur ruine, & à l’augmentation des taxes. Il dégrada le sénat pour se rendre plus absolu, & éloigna de sa confiance les personnes de distinction, pour l’accorder toute entiere à un prince Menzikoff, qui n’étoit d’ailleurs qu’un petit génie. Il corrompit les mœurs de ses sujets, en encourageant la célébration burlesque de ce qu’ils appelloient la slavlenie. En reculant ses frontieres, il détourna les yeux de l’intérieur de l’empire, sans considerer qu’ii ne faisoit que le ruiner davantage. Il força les enfans des meilleures familles, de faire, sans qu’ils y fussent propres, le service de soldats & de matelots, tandis qu’il introduisoit à sa cour tous les excès de luxe étranger, qui n’ont fait qu’appauvrir son pays. Il transporta le commerce de l’empire, d’Archangel à Pétersbourg, & la residence de la cour du centre de ses états à une des extrémités. Sa maniere irréguliere de vivre, & les débauches auxquelles il étoit accoutumé dès sa jeunesse, abrégerent ses jours.


C’est en vain qu’il a tâché de faire l’univers juge de sa conduite ; en publiant la malheureuse histoire du prince Alexis, son fils, il n’a persuadé personne qu’il n’avoit rien à se reprocher à cet égard. Il ne parloit jamais à ce fils avec amitié ; & comme il avoit entierement négligé son éducation, on doit lui attribuer en partie les écarts de ce malheureux prince. (Le Chevalier de Jaucourt.)​","[['alt'], ['60 N 47 51\' 30"" E'], [""59 57' N 48 1' E""]]",,"alt | 60 N 47 51' 30"" E | 59 57' N 48 1' E","60 N 47 51' 30"" E | 59 57' N 48 1' E"
v12-1231-1,"Philippines, les nouvelles, ou les îles de Palaos","Philippines, les nouvelles, ou les îles de Palaos, (Géog. mod.)​ îles de la mer des Indes, situées entre les Moluques, les anciennes Philippines & les Mariannes. Le hasard les fit découvrir au commencement de ce siecle par la violence des vents, qui porterent à la pointe de l’île du Samal, une des plus orientales des Philippines, quelques-uns des insulaires qui s’étoient embarqués pour se rendre dans une de leurs propres îles. On en peut voir le récit dans les lettres édifiantes.


Elles nous apprennent qu’on compte plus de quatre-vingt nouvelles îles philippines, qui forment un des beaux archipel de l’Orient & qui sont fort peuplées. Les habitans vont à moitié nuds à cause de la grande chaleur. Ils ne paroissent avoir aucune idée de la divinité, & n’adorent aucune idole. Ils ne connoissent aucun métal, se nourrissent de poissons & de fruits. Ils laissent croître leurs cheveux qui leur flottent sur les épaules. La couleur de leur visage est à-peu-près la même que celle des Indiens des anciennes Philippines ; mais leur langage est entierement différent de tous ceux qu’on parle dans les îles espagnoles, & même dans les îles Mariannes. C’est dommage que nous n’ayons aucune connoissance de ces nouvelles îles & des peuples qui les habitent ; car les Espagnols ont fait jusqu’ici des tentatives inutiles pour y aborder ; les ouragans & les brises qui regnent dans ces mers, ont fait périr tous les vaisseaux qu’ils avoient équipés pour s’y rendre. Long. 145. 160. latit. 2. jusqu’au 11. (D. J.)​","[['2 N 145 E', '11 N 160 E']]",,2 N 145 E 11 N 160 E,2 N 145 E | 11 N 160 E
v13-189-15,Port-aux-prunes,"Port-aux-prunes, (Géog. mod.)​ port d’Afrique sur la côte orientale de Madagascar : c’est un pays fertile en riz & en paturages. Les habitans cultivent la terre avec soin : il, sont circoncis, doux, hospitaliers ; ils traitent leurs esclaves avec bonté, & les regardent comme leurs enfans. Ils se gouvernent par villages, & élisent un ancien de la lignée pour être leur arbitre. Enfin ils font desirer de vivre au milieu d’eux ; leur pays est d’une assez grande étendue, & leur port est situé sous les 18d. 30′. de latit. méridionale.","[[""18 30' S""]]",,18 30' S,18 30' S
v13-189-22,Port-Fornelle,"Port-Fornelle, (Géog. mod.)​ port de la Méditerranée dans l’île de Minorque, au nord de l’île ; il est bon pour toute sorte de bâtimens. On trouve à son entrée 10 à 11 brasses d’eau. Il y a quelques roches près de l’île. Lat. 40. 41.","[[""40 41' N""]]",,40 41' N,40 41' N
v13-555-0,PRASSIUM,"PRASSIUM, (Géog. anc.)​ ou Prasum promontorium, cap de la mer des Indes sur la côte orientale d’Afrique. On croit que c’est aujourd’hui l’île Mozambique. Ptolomée, liv. I. ch. x. & xiv. donne au cap Prassum la position précise de Mozambique, qui est le quinzieme degré. Il place l’île Zanzibar au 12 degré 30 minutes de latitude sud à l’orient d’été du cap Prassum ; & c’est justement la situation que nos cartes donnent aujourd’hui à la pointe la plus septentrionale de Madagascar.",[['15 S']],,15 S,15 S | 12 30' S
v13-1276-0,PUGNIARAN ou PUGNIATAN,"PUGNIARAN ou PUGNIATAN, (Géog. mod.)​ île de la mer des Indes, au-devant du détroit de la Sonde, & à 16 lieues en-deçà de Sumatra. Les naturels de cette île sont de grande taille, & d’un teint jaune comme celui des Brésiliens ; ils portent de longs cheveux lisses, & vont absolument nuds. Latit. mérid. 5. 30.","[[""5 30' S""]]",,5 30' S,5 30' S
v13-1947-0,RAGEMEHALE,"RAGEMEHALE, (Géog. mod.)​ ville des Indes, dans les états du Mogol, au royaume de Bengale, sur la droite du Gange, qui en est à demi-lieue ; mais autrefois il arrosoit ses murs. Cette ville étoit alors très-commerçante, & la résidence du gouverneur de la province. Latit. 23. 18. (D. J.)​","[[""23 18' N""]]",,23 18' N,23 18' N
v14-1120-0,ROCHESTER,"ROCHESTER, (Géog. mod.)​ ville d’Angleterre, dans la province de Kent, sur le Medway, qu’on y passe sur un des beaux ponts d’Angleterre, à 27 milles au sud-est de Londres. Elle est fort ancienne, a titre de comté, & un évêché d’un revenu fort modique. Long. suivant Cassini, 16. 19. lat. 51. 20. & suivant Strect. Long. 17. 56. latit. 51. 26. (D. J.)​","[['alt'], [""51 20' N 16 19' E""], [""51 26' N 17 56' E""]]",,alt | 51 20' N 16 19' E | 51 26' N 17 56' E,51 20' N 16 19' E | 51 26' N 17 56' E
v14-1207-1,Rome moderne,"Rome moderne, (Géog. mod.)​ C’est toujours la plus fameuse ville de l’univers, quoique l’empire romain soit détruit. On sait quelle est située sur le Tibre, environ à 155 lieues de Turin, à 300 de​Madrid, à 330 au sud-est de Paris, à 340 d’Amsterdam, à 310 nord-ouest de Constantinople, & à 190 sud-ouest de Vienne. Long. suivant Cassini & Bianchini, 30. 10′. 30″. Latit. 41. 54. selon Gréave, 41. 46. La différence de méridiens entre Paris & Rome, est de 10. 19. 30. dont Rome est plus orientale que Paris.


Rome est non-seulement aujourd’hui la capitale de l’Italie dans l’état de l’Eglise, mais elle est encore à plus d’un égard, la capitale de tous les royaumes catholiques, puisque chacun d’eux a le droit d’y nommer un ministre, & que leurs causes ecclésiastiques, même leurs causes temporelles ; y sont jugées par le tribunal de la Rote, composé de juges de chaque nation. Dans cette ville,



Près de ce capitole, où regnoient tant d’allarmes,
Sur les pompeux débris de Bellone & de Mars,
Un Pontife est assis au trône des Césars.
Des prêtres fortunés foulent d’un pié tranquille
Les tombeaux des Catons, & la cendre d’Emile ;
Le trône est sur l’autel, & l’absolu pouvoir
Met dans les mêmes mains le sceptre & l’encensoir.
Voltaire.


La différence est néanmoins bien grande entre Rome ancienne, & Rome moderne ; je ne dirai pas avec Vopiscus, qui vivoit sous l’empire de Dioclétien, que les murailles de l’ancienne Rome avoient un circuit de cinquante milles, parce que je crois que c’est une faute des copistes ; je ne suis pas moins éloigné d’adopter les extravagantes exagérations de Vossius, qui donne à l’ancienne Rome plusieurs millions d’habitans ; mais en supposant qu’elle fût à-peu-près aussi peuplée que peut l’être Paris, il est certain que Rome moderne n’a pas cent quarante mille ames.


On ne comptoit à la fin du dix-septieme siecle, par un dénombrement qui fut imprimé, que cent trente-cinq mille habitans dans cette ville, en y comprenant les Juifs, & ce calcul se trouvoit encore vérifié par les registres des naissances. Il y naissoit, année commune, trois mille six cens enfans ; ce nombre de naissances multiplié par 34, donne toujours à peu près le total des habitans, savoir environ cent vingt-cinq mille, outre les dix mille Juifs.


Il résulte de cette observation que Rome est six fois moins peuplée que Paris, & sept fois moins que Londres ; elle n’a pas la moitié d’habitans que contient Amsterdam, & en est encore plus éloignée proportionnellement du côté de l’opulence, & la connoissance des arts qui la produisent ; elle n’a ni vaisseaux, ni manufactures, ni trafic. Il est vrai que depuis le pontificat de Jules II. & de Léon X. Rome a été le centre des beaux arts, jusqu’au milieu du dernier siecle ; mais bientôt, dans quelques-uns, elle fut égalée, & dans d’autres surpassée par notre capitale. Londres a aussi sur elle autant de supériorité par les sciences que par les richesses & la liberté ; les palais si vantés de Rome sont inégalement beaux, & généralement mal entretenus ; la plûpart des maisons des particuliers sont misérables ; son pavé est trés-mauvais, les pierres petites & sans assiete ; ses rues vilaines, sales & étroites, ne sont balayées que par la pluie qui y tombe rarement.


Cette ville, qui fourmille d’églises & de couvens, est presque déserte à l’orient & au midi. Qu’on lui donne tant qu’on voudra douze milles de tour, c’est un circuit rempli de terres incultes, de champs & de jardins, qu’on appelle vignes. Ceux du Vatican & du derriere de S. Pierre, occupent plus d’un tiers de la partie nommée le bourg, & tout ce qui est à l’occident de la Longara jusqu’au Tibre, ne présente encore que des jardins, & des lieux vuides d’habitans. Ainsi, l’on a eu raison de dire, que les sept collines qui fai-​soient autrefois sa décoration, ne lui servent plus que de tombeaux.



Hæc, dum viva, sibi septem circumdedit arces
Mortua nunc septem contegitur tumulis.


Cependant cette Rome dépeuplée, foible par elle-même, sans fortifications, sans troupes & sans généraux, est toujours la ville du monde la plus digne de curiosité, par une infinité de précieux restes d’antiquités, & des chef-d’œuvres des modernes, en architecture, en peinture & en sculpture.


Entre les restes de l’ancienne Rome, la grandeur de la république éclate principalement dans les ouvrages nécessaires, comme les grands chemins, les aqueducs & les ponts de la ville. Au contraire la magnificence de Rome sous les empereurs, se manifeste dans les ouvrages qui concernoient plutôt l’ostentation ou le luxe, que l’utilité publique ; tels sont les bains, les amphithéâtres, les cirques, les obélisques, les colomnes, les mausolées, les arcs de triomphe, &c. car ce qu’ils joignoient aux aqueducs, étoit plutôt pour fournir leurs bains & leur naumachie, & pour embellir la ville par des fontaines, que pour quelque besoin effectif. Ces divers restes ont été si amplement décrits par quantité de voyageurs & d’autres écrivains, dont les meilleurs ouvrages ont été recueillis dans la vaste collection de Gronovius, qu’il est difficile de rien dire de neuf sur un sujet si rebattu. Cependant, il y a tant de choses remarquables dans un champ si spacieux, qu’il est difficile de les considérer sans faire différentes réflexions, ou selon son génie, ou selon les études que l’on a cultivées.


En général parmi les antiquités de Rome, les anciennes statues sont l’objet qui a le plus de partisans, à cause de l’excellence de l’ouvrage. On est enchanté de voir les visages de gens illustres qu’on connoit tant dans l’histoire. On aime à considerer la ressemblance qui se trouve entre les figures des divinités du paganisme, & les descriptions que les poëtes nous en ont données, soit que les poëtes aient été les copistes de la sculpture grecque, soit que la sculpture ait pris ses sujets dans les poëtes. Rome, maîtresse de l’univers, rassembla dans son sein les plus beaux morceaux de la Grece.


Quoique les statues qui ont été trouvées parmi les débris de l’ancienne Rome, surprennent par leur nombre prodigieux, il ne faut point douter qu’il n’y ait encore sous terre de grands trésors en ce genre. Il y a plusieurs endroits qui n’ont jamais été visités. On n’a point touché à une grande partie du mont Palatin ; & comme c’étoit autrefois le siége du palais de l’empereur, on peut présumer qu’il n’est pas stérile en richesses de ce genre.


Il y a des entrepreneurs à Rome qui achetent volontiers le droit de fouiller des champs, des jardins ou des vignobles. Ils payent l’étendue de la surface qu’ils ont à creuser ; & après l’essai, comme on fait en Angleterre pour les mines de charbon, ils remuent les endroits qui promettent davantage, & souvent avec succès. S’ils sont trompés dans leur attente, ils gagnent ordinairement assez de briques & de décombres pour se rembourser des frais de leurs recherches, parce que les Architectes estiment plus ces matériaux anciens, que les nouveaux. Mais on croit, surtout à Rome, que le lit du Tibre est le grand magasin de toutes ces sortes de trésors ; cette opinion est si générale, que les Juifs ont autrefois offert au pape de nettoyer cette riviere, pourvu qu’ils eussent seulement ce qu’ils y trouveroient. Ils proposerent de faire un nouveau canal dans la vallée près de Ponte-Molle, pour recevoir les eaux du Tibre, jusqu’à ce qu’ils eussent vuidé & nettoyé l’ancien. Il falloit accepter une proposition si favorable, le pape la refusa par une vaine terreur ; il est certain que la ville de Ro-​me'' recevroit un grand avantage d’une telle entreprise, qui releveroit les bords du Tibre, & remédieroit à ses fréquens débordemens.


Rome offre un autre spectacle curieux, c’est la grande variété des colomnes de marbre dont elle est remplie, & qui ont été tirées d’Egypte ou de la Grece. On conçoit la difficulté qu’on a dû éprouver pour les tailler & leur donner la forme, la proportion & & le poli. Je sai que quelques modernes condamnent la proportion & la forme de ces colomnes ; mais les anciens sachant que le but de l’architecture est principalement de plaire à l’œil, s’attachoient à remplir ce but ; c’étoit un effet de l’art, & de ce que les Italiens appellent el gusto grande ; ils considéroient toujours l’assiette d’un bâtiment, s’il étoit haut ou bas, dans une place ouverte ou dans une rue étroite, & ils s’écartoient plus ou moins des regles de l’art, pour s’accommoder aux diverses distances & élevations, d’où leurs ouvrages devoient être regardés.


Je mets au rang des colomnes de Rome, tous les obélisques qui sont dans cette capitale, & qui y ont été apportés d’Egypte. Tel est l’obélisque qui est au milieu de la place qui fait face à S. Pierre de Rome, & celui qui est vis-à-vis de S. Jean de Latran. Sixte-quint a la gloire de les avoir tous deux fait relever. Voyez Obélisque.


Le ponte Sant’Angelo, par où quelques voyageurs ont commencé à décrire la ville de Rome, est celui qu’on appelloit anciennement Pons-Ælius, du nom de l’empereur Ælius Adrianus, qui le fit bâtir ; & il a pris celui de ponte Sant’Angelo, qu’il porte aujourd’hu, à cause que S. Grégoire le Grand, étant sur ce pont, vit, à ce qu’on dit, un ange sur le moles Adriani, qui remettoit son épée dans le fourreau, après une grande peste qui avoit désolé toute la ville. En jettant les yeux sur la riviere, on découvre à gauche les ruines du pont triomphal, par-dessus lequel tous les triomphes passoient pour aller au capitole ; ce qui fit que ce passage en demeura plus libre, & que par un decret du sénat, il fut défendu aux paysans & aux laboureurs.


Le château S. Ange est au bout du ponte Sant-Angelo, c’est ce qu’on appelloit moles Adriani, parce que l’empereur Adrien y avoit été enterré ; c’est dans ce château qu’on met les prisonniers d’état ; & que Sixte V. déposa cinq millions, avec une bulle qui défend de s’en servir sans une pressante nécessité ; apparemment que quelques-uns de ses successeurs se sont trouvés dans ce cas ; car les cinq millions de Sixte V. n’existent plus. On arrive bientôt après à la place de S. Pierre, & à l’église de même nom, qui passe pour le plus vaste & le plus superbe temple du monde. Voyez S. Pierre de Rome.


Le palais du Vatican est tout joignant l’église de S. Pierre, & c’est grand dommage ; car si l’église étoit isolée, & qu’on la pût voir de tous côtés en champ libre, l’effet en seroit bien plus beau. Le Vatican est un édifice aussi vaste qu’irregulier. Voyez Vatican.


Ce palais a une bibliotheque magnifique, grossie par celle de Heidelberg, & par la bibliotheque du duc d’Urbin. Il y a dans cette bibliotheque un volume de lettres de Henri VIII. à Anne de Boulen ; il seroit à souhaiter que celles de Anne de Boulen à Henri VIII. y fussent aussi ; car on en connoit quelques-unes qui sont admirables. Parmi les manuscrits des derniers siecles, on y trouve quelques lettres que des cardinaux s’écrivoient, & dans lesquelles ils se traitoient de Messer-Pietro, Messer-Julio, sans autre cérémonie. Leur style a bien changé depuis ; mais comme l’article de la bibliothèque du Vatican se trouve de a fait dans ce Dictionnaire, je suis dispensé de plus grands détails à cet égard. Voyez le mot Bibliotheque.​


Près de l’église de S. Pierre est l’hôpital du S. Esprit, l’un des plus beaux de l’Europe par sa grandeur & par son revenu. Il y a, dit-on, jusqu’à mille lits pour les malades, & un prélat qui gouverne toute la maison. C’est une espece de mont de piété, où l’on porte son argent en dépôt ; & comme il y a toujours quelques millions de superflu, l’hôpital en fait profiter le relai à ses risques, & ce profit est beaucoup plus que suffisant pour les dépenses dont l’hôpital est chargé.


De l’hôpital du S. Esprit, on passe à l’église de S. Onuphre, où l’on voit le tombeau du Tasse. Un peu plus loin est la villa Pamphilla, maison de plaisance ornée de statues & de tableaux, entre lesquels on distingue S. Pierre attaché en croix, & la conversion de S. Paul, par Michel-Ange.


En rentrant dans la ville par la porte de S. Pancrace, on voit sur la route l’église des cordeliers appellée San Pietro-Montorio, dont le grand autel est embelli d’un tableau de la transfiguration de Notre Seigneur, par Raphaël. Du haut de la montagne où est San Pietro Montorio, & qui fut anciennement le janicule, on a la vue de toute la ville ; c’est ici qu’étoit le tombeau de Numa Pompilius.


L’église de Santa-Maria-Transtevere n’est pas loin, & c’est la premiere qui ait été bâtie à Rome, au rapport de Baronius. Elle occupe la place des Tabernæ Meritoriæ, où les anciens Romains donnoient tous les jours la pitance aux soldats estropiés.


On va ensuite vers l’île de S. Barthélemy, nommée anciennement insula Tiberina. Elle se forma dans ce lieu-là, lorsque Tarquin le superbe eut été chasse de Rome. Comme on arracha les blés qu’il avoit fait semer autour de Rome, on les jetta dans le Tibre avec les racines, ensorte que la terre qui y étoit attachée, ayant arrêté l’eau dans l’endroit où elle étoit bâtie, la bourbe s’y amassa insensiblement, & il s’en fit peu-à-peu une île.


On sort de cette île par le pont de quatre tentes, nommé anciennement pons Fabricius, qui la joint avec la ville, & à main droite est le pont appellé pons Sublicius, à l’entrée duquel Horatius Coclès soutint lui seul les efforts de l’ennemi, tandis qu’on rompoit ce pont derriere lui ; après quoi il se jetta dans la riviere, & se sauva à la nage. Ce pont étoit alors de bois, & Æmilius le fit faire de pierre. C’est de ce pont que l’empereur Héliogabale fut précipité dans la riviere avec une pierre au col.


Au sortir du pont, on voit la porte de derriere du quartier des Juifs, qui demeurent dans un coin de la ville, où toutes les nuits on les enferme à la clé. Ils n’éprouvent point cette ignominie en Allemagne, en Angleterre, ni en Hollande. A quelque distance de leurs synagogues, on voit à main gauche le palais du prince Savelli, bâti sur les ruines du théâtre de Marcellus, qu’Auguste fit éléver en l’honneur de son neveu. Plus loin est le grand égoût de Rome, qui se décharge dans le Tibre, & qu’on appelloit Cloaca magna. Tarquinius Priscus le fit bâtir de pierre de taille. Une charrette y peut aisément entrer, & il y a plusieurs canaux voutés par où s’écoulent les immondices. Cet ouvrage est un de ceux qui marquent le plus quelle a été la grandeur de la vieille Rome.


Du mont Aventin on va à la porte de S. Paul, & on voit en chemin la petite montagne ou colline qu’on appelle communément il Doliolo, ou le monte Testaccio, la montagne des pors casiés, nom qui vient peut être de la quantité prodigieuse de vases de terre qu’on faisoit à Rome pour les gens de médiocre condition pendant tout le tems que dura l’usage de brûler les morts, & l’on jettoit dans cet endroit-là tous les débris de ces vases.


En approchant de la porte de S. Paul, on apperçoit le mausolée de Caïus Cestius, monument fort​singulier, soit pour son ancienneté, soit pour les peintures en stuc blanc dont il étoit décoré. Voyez Pyramide de Cestius.


Après que l’on a passé la porte de S. Paul, anciennement porta Tergemina, ou Ostiensis, on va à l’église de même nom, & qui a été bâtie par Constantin. Cette église est en forme de croix, & a 477 piés de long sur 258 de large ; quatre rangs de piliers ronds qui forment le nombre de cent, la soutiennent ; ils sont d’un marbre blanc, & on prétend qu’ils ont été tirés des bains d’Antonius.


A environ deux milles de-là sont les ruines du prætorium. C’étoit le lieu où la garde prétorienne de l’empereur logeoit : il étoit hors de la ville, afin que les soldats n’y commissent aucun desordre, & qu’ils pussent souvent faire l’exercice dans le cirque de Caracalla, qui étoit au voisinage. Ce cirque bâti par cet empereur, est le plus entier de ceux qui restent aujourd’hui à Rome. On y voit le lieu que les Romains nommoient carceres, d’où partoient les chariots qui couroient dans le cirque, & celui où étoit l’aiguille appellée meta ; au bout de ce cirque délabré est un vieux temple rond, & un autre petit qui lui sert comme d’entrée. Ce dernier étoit le temple de la Vertu, & l’autre celui de l’Honneur. Ils étoient joints ensemble, parce qu’on ne peut acquérir de l’honneur que par la vertu.


En rentrant dans la ville par la porte de S. Sébastien, autrefois porta Capena, on voit le couvent de S. Dominique, bâti dans le lieu qui s’appelloit autrefois Piscina publica, parce que tout le peuple de Rome venoit s’y baigner.


De-là on va à la porte Latine, d’où l’on se rend à l’église S. Jean de Latran, regardée comme la premiere église patriarchale de Rome. C’est dans cette église que le pape nouvellement élu, prend possession de son patriarchat. Les pontifes de Rome demeuroient autrefois dans le palais voisin ; ce n’est que depuis leur retour d’Avignon qu’ils ont choisi leur demeure au Vatican, & dans les chaleurs de l’été, à Monte-Cavallo. Sixte V. après avoir réparé le palais de Latran, fit un bulle pour obliger ses successeurs à y demeurer d’après son exemple, trois mois de l’année ; mais ses successeurs en ont appellé à eux-mêmes, & ont fixé leur demeure au Vatican ou à Monte-Cavallo.


L’église de Latran est sous la protection de l’empereur & du roi de France, qui lui a donné l’abbaye de Clérac, dont elle jouit encore aujourd’hui. Cette église est vaste, & a des niches que l’on dit avoir été construites sur les desseins de Michel Ange ; ces niches renferment des statues, dont les quatre plus belles ont été faites par des sculpteurs françois.


En passant le long de la muraille de l’ancien aqueduc de Clodius, on arrive à la villa du duc Mathéi, maison de plaisance toute remplie d’antiquités curieuses, parmi lesquelles on remarque les statues de Brutus & de sa femme Porcia, d’une seule piece ; celle de Cléopâtre, celle d’Hercule, celle de trois petits garçons qui s’embrassent l’un l’autre en dormant ; & la tête de Cicéron. Dans un autre corps de logis, sont la belle statue d’Andromede exposée aux monstres marins, une autre statue d’Apollon fuyant Marsias, & la statue d’un satyre qui tire une épine de son pié.


De ce lieu-là on descend vers l’ancien amphitéâtre nommé Colisée, à cause d’un colosse qui étoit auprès. C’est une des plus rares pieces de l’antiquité, mais dont il ne reste que des ruines ; Vespasien le commença, & Domitien l’acheva. Il est surprenant que l’on ait pu élever des pierres d’une aussi prodigieuse grosseur, que celles dont ce bâtiment étoit composé. Martial en parle ee ces termes :



Hic ubi conspicui venerabilis amphiteatri
Erigitur moles, stagna Neronis erant.

​

Ce prodigieux amphitéâtre étoit de figure ronde en-dehors, quoique l’arène fût ovale. Il contenoit quatre-vingt-cinq mille spectateurs, & étoit quatre fois plus grand que l’amphithéâtre de Vérone ; les colonnes du troisieme ordre, & les pilastres du quatrieme, avoient le chapiteau corinthien.


On voit encore près de cet amphithéâtre, les masures de briques qui composoient autrefois la belle fontaine qu’on appelloit meta sudans ; elle fournissoit de l’eau à ceux qui se trouvoient à ces spectacles. La façade étoit revêtue de marbre ; & sur le haut il y avoit une statue de cuivre qui représentoit Jupiter. L’arc triomphal de Constantin est aux environs du colisée. Il est assez bien conservé, mais il y a quelques statues dont on a enlevé les têtes ; & on en accuse Laurent de Médicis, qui, à ce qu’on dit, les fit porter à Florence. Les connoisseurs remarquent que les bas-reliefs de ce monument ne sont pas d’égale beauté ; ce qui fait soupçonner que les meilleurs morceaux furent empruntés quand on l’érigea.


De-là on se rend aux thermes d’Antonin, qui par leur magnificence, ressemblent plutôt à une ville qu’à des bains. Olympiodore dit qu’ils avoient seize cens siéges de marbre, pour avoir autant de personnes qui auroient voulu s’y baigner. Dans quelques-uns de ces bains, les bancs étoient couverts de lames d’argent, & d’autres avoient des canaux de même métal, par où l’eau couloit. Ils étoient d’ailleurs ornés de statues, de tableaux & de pierres précieuses ; aujourd’hui ce n’est plus qu’un endroit de récréation pour un triste séminaire.


Entre le mont Aventin & le mont Palatin, on peut observer le lieu où étoit le grand cirque. Tarquinius Priscus le commença, & Jules César, aussi-bien qu’Auguste, l’augmenterent beaucoup. Il avoit trois stades de longueur, & quatre arpens de largeur. Trajan & Héliogabale l’embellirent de statues & de colonnes ; cent cinquante mille hommes pouvoient tenir aisément dans les trois galeries qui étoient couvertes ; l’une étoit pour les sénateurs, l’autre pour les chevaliers, & la troisieme pour le peuple. Les obélisques qui sont aujourd’hui à la porte del Popolo & à S. Jean de Latran, étoient dans le cirque. Il y a plusieurs voûtes sous ce batiment ; c’étoit là que les courtisanes établissoient leur honteux commerce.


Du grand cirque en allant à l’église de S. George, on voit les ruines du palais des empereurs, appellé palazzo maggiore. Il occupoit presque tout le mont Palatin. L’église de S. Anastase qui est sur ce mont, étoit autrefois le temple de Neptune. Près de-là étoit le temple de Janus-quadrifrons, parce qu’il y avoit quatre portes, & trois niches dans chaque face de quarré ; ce qu’on peut prendre pour les quatre saisons, & pour les douze mois de l’année. L’eau du Tibre couloit jadis près de l’église de saint Géorge, & on appelloit ce bras de riviere velatum, à cause que l’on y passoit en bateau avec une petite voile dans un vent favorable ; on va de-là à l’église ronde de saint Théodore, qui à ce qu’on croit, étoit anciennement le temple de Rémus & de Romulus. Il faut peu monter pour aller à l’hôpital de Notre-Dame de Consolation, qu’on prétend avoir été dans l’antiquité le temple de Vesta.


L’église de Sancta-Maria-Liberatrice est au pié du mont palatin, près de l’endroit nommé locus curtii. Ce fut là que s’ouvrit un gouffre d’où sortoit une puanteur insupportable, & qui ne se referma qu’après que Curtius, chevalier romain, s’y fut précipité à cheval pour le bien de sa patrie.


En tournant à droite, on trouve le jardin Farnèse. Il est rempli de jets d’eau & de grottes, & au-dessus sont des lieux de promenade, d’où l’on découvre le grand cirque. En continuant de marcher à droite on​arrive à l’arc triomphal de Titus ; il fut érigé pour le triomphe de ce prince, après la prise de Jérusalem. Cet arc est sur-tout remarquable par ses bas-reliefs, qui représentent le candélabre, la table, les trompettes du grand jubilé, & quelques vaisseaux qui furent apportés du temple ; cet arc est dans la rue sacrée, au pié du mont Palatin.


Le temple de la Pace, c’est-à-dire de la Paix, n’est pas loin du campo Vaccino, mais on n’en voit plus que des ruines, quoique ce fût un des plus superbes édifices de Rome. Vespasien l’avoit élevé, & y avoit mis les dépouilles du temple de Jérusalem. Voyez


Plus avant est l’église de saint Laurent in Miranda, c’étoit anciennement un temple que l’empereur Antonin dédia à l’impératrice Faustine son épouse, dont il ne put jamais faire une honnête femme pendant sa vie ; le vestibule de cette église est magnifique.


Le capitole moderne est bâti sur les ruines de l’ancien capitole, tout y est plein de pieces antiques, dont la description feroit un volume. Il suffira de dire ici qu’on y remarque la louve de bronze qui alaite Rémus & Romulus ; les quatre grands reliefs représentant plusieurs traits de l’histoire de Marc-Aurele, la couronne rostrale du consul Duillius, qui eut le premier dans Rome l’honneur du triomphe naval ; le courier qui s’arracha une épine du pié, après avoir apporté de bonnes nouvelles au sénat, ayant mieux aimé souffrir de grandes douleurs dans son voyage, que de retarder la joie publique ; les bustes de Cicéron & de Virgile ; les quatre anciennes mesures romaines, une pour l’huile, une autre pour le grain, & deux autres pour le vin ; la nourrice de Néron qui le tient par la main ; la déesse du silence ; le dieu Pan ; les trois Furies ; une statue de César avec sa cuirasse : une statue d’Auguste ; celle de Castor & de Pollux ; les débris des colonnes d’Apollon, de Domitien, & de Commode ; le lion qui dévore un cheval ; les trophées que quelques-uns disent être de Trajan, & les autres de Marius. Les deux chevaux de marbre qui se voient dans la place du capitole, ont été enlevés du théâtre de Pompée ; & la statue équestre de bronze que l’on voit dans le même lieu, y fut mise par Paul III. On croit que c’est la statue de Marc-Aurele.


Pour ce qui est du milliarium, ou colonne milliaire du capitole. Voyez Milliaire.


On monte ensuite au palais de saint Marc, qui appartient à la république de Venise, & où logent les ambassadeurs qu’elle tient à la cour de Rome. Du palais de saint Marc on va au mont Quirinal, appellé présentement Monte-cavallo, & en passant par le quartier de la ville, nommé autréfois forum Trajani, on s’arrête à considérer la célebre colonne de Trajan, érigée par le sénat en l’honneur de cet empereur. Voyez Trajane, colonne.


La place de Monte-cavallo est remarquable par les statues de deux chevaux en marbre que deux hommes tiennent en main par les rênes, & dont Tiridate, roi d’Arménie, fit présent à Néron. Sur le piédestal de l’une on lit, opus Phidiæ ; & sur celui de l’autre, opus Praxitelis. Ce sont ces chevaux qui donnent présentement le nom à la montagne sur laquelle étoit les bains de Constantin. Le palais que le pape occupe en été est vis-à-vis. L’église de saint Pierre aux-liens n’est pas éloignée de Monte-cavallo ; c’est dans cette église qu’est la statues de marbre de Moïse par Michel Ange.


L’église de sainte Marie majeure est la plus grande église de celles de Rome qui sont dédiées à Notre-Dame, & c’est de-là qu’est venu son nom ; elle est sur le mont Esquilin, au bout de la rue des quatre fontaines ; on vante beaucoup ses deux chapelles, qui ont été bâties par Sixte V. & par Paul V.


La porte del popolo, du peuple ou des peupliers,​ s’appelloit anciennement la porte Flaminienne, parce qu’elle étoit sur la voie Flaminienne. Les uns prétendent qu’on la doit nommer la porte des peupliers, à cause de la quantité d’arbres de cette espece qu’il y avoit dans cet endroit ; les autres tirent son nom d’une église de Notre-Dame, qui est à gauche en entrant dans la ville, & qui sut bâtie par le peuple romain, à la fin du onzieme siecle, dans l’endroit où étoit le tombeau de Néron, & qu’on appella à cause de cela Notre-Dame du peuple. La porte que l’on voit aujourd’hui a été bâtie sous le pontificat de Pie IV. par Vignole, sur les desseins de Michel-Ange Buonarota. Elle est de pierre travestine, ornée de quatre colonnes d’ordre dorique, dont les piédestaux sont d’une hauteur qu’on ne peut s’empêcher de critiquer, malgré le respect que l’on a pour ceux qui ont conduit l’ouvrage.


L’entrée de Rome par cet endroit, est la seule qui plaise à la vue ; on y trouve une place triangulaire, ouverte par trois rues, longues, droites, & larges ; celle du milieu est la rue du cours, il corso, ainsi nommée, parce qu’on s’y promene en carrosse pour prendre le frais, & qu’elle sert aux courses des chevaux, & aux divertissemens du carnaval ; une de ces rues passe par la place d’Espagne, qui est le lieu le plus fréquenté des étrangers qui viennent à Rome.


Après avoir passé devant l’église des Grecs, on vient au palais du grand-duc, où l’on remarque entre autres antiquités, les statues de deux lutteurs, & celle d’un paysan, qui en aiguisant sa faulx, entendit les complices de Catilina s’entretenir de leur conspiration, qu’il découvrit au sénat ; c’est une très belle piece, mais les statues de Vénus & de Cupidon sont incomparables.


C’est encore ici le palais des Barberins, l’un des plus beaux de Rome, tant pour sa situation du côté de la montagne, que pour ses riches appartemens. Il y a deux escaliers qui sont des chefs-d’œuvre ; & Pierre de Cortonne s’est épuisé pour embellir le plafond de la grande salle ; la galerie est ornée de tableaux & de rares statues.


La colonne Antonine qui fut anciennement élevée par Marc-Aurele Antonin & par le sénat, en l’honneur d’Antonin Pie, est dans la même rue del Corso. Voyez Colonne Antonine.


On arrive ensuite à l’église & au couvent des dominicains, appellé la Minerva, parce qu’ils sont élevés sur les ruines du temple de Minerve, lequel renfermoit un bien plus grand espace que celui qu’occupent aujourd’hui l’église & le couvent. On admire dans cette église le Christ de Michel-Ange. La figure est de marbre blanc, de grandeur naturelle, entierement nue, sans la moindre draperie. C’est un ouvrage fini, d’un goût exquis, & selon les Romains, inimitable. Les dominicains couvrent avec une riche écharpe la nudité de la figure.


Ant. de Saint-Galle fut le premier entrepreneur du palais Farnèse. Il le commença seulement, & Michel-Ange en est regardé comme le principal architecte. La façade de ce bâtiment est large de cent quatre-vingt piés & haute de quatre-vingt-dix. Les portes, les croisées, les encoignures, la corniche & toutes les pierres principales sont des dépouilles du colisée. On a ainsi détruit une grande partie de ce merveilleux monument. On en a bâti presque tout le grand palais de la chancellerie, aussi-bien que l’église de saint-Laurent in Damaso. Au lieu de conserver ces précieux restes de l’antiquité, comme a fait Sixte V, à qui Rome moderne est redevable de la plus grande partie de sa beauté, il s’est trouvé plusieurs papes qui ont contribué eux-mêmes à faire le dégât. Innocent VIII ruina l’arc gordien pour bâtir une église : Alexandre VI démolit la belle pyramide de Scipion, pour paver les rues des pierres qu’il en ôta. Les de-​grés de marbre par où l’on monte à l’église d’Ara cæli, ont été pris d’un temple de Romulus ; saint Blaise est bâti des debris d’un temple de Neptune ; saint Nicolas-de-l’Ame a été élevé des débris du Cirque-Agonal, & ainsi de quantité d’autres.


Le palais Farnèse est un des plus beaux de Rome. On voit dans sa cour la statue de Flore, celle de deux gladiateurs, & celle d’Hercule qui fut trouvée dans les bains d’Antonius Caracalla. Il y a dans une des galeries, l’admirable figure d’un dauphin portant sur son dos un petit garçon, & à l’entrée de la grande salle, les statues de deux rois parthes qui sont enchaînés. On fait aussi grand cas des statues de la Charité & de l’Abondance, en posture de deux personnes qui s’embrassent. Tout-au-tour de l’appartement sont les figures de plusieurs gladiateurs, l’épée à la main, dans les différentes attitudes de combat. On aime encore mieux les belles statues des anciens philosophes & poëtes ; celle d’Euripide, de Platon, de Possidonius, de Zénon, de Diogène, de Seneque, &c. On entre aussi dans un appartement rempli de tableaux des grands maîtres.


De-là on passe dans la galerie dont les platfonds sont de la main d’Annibal Carrache : ils contiennent les histoires des amours des dieux & des déesses. La statue d’Apollon taillée dans un caillou se voit dans cette galerie. Dans une cour de derriere est le taureau de marbre qui fait l’admiration des connoisseurs, & qu’on nomme le taureau Farnèse. Voyez Taureau Farnèse.


A quelque distance du palais Farnèse, on trouve la piazza de Pasquino, où est la fameuse statue de Pasquin proche de la place Navone. Voyez Pasquin.


La place Navone s’appelloit autrefois platea agonalis, c’est-à-dire, la place des combats, parce que c’étoit un cirque bâti par Alexandre Severe. Elle est cinq ou six fois plus longue que large. & une de ses extrémités est un arc de cercle. On y voit le palais du prince Pamphile, ainsi que la belle église qu’il a fait bâtir en l’honneur de sainte Agnès.


Le milieu de la place Navone est moins élevé que les bords ; de maniere qu’on en peut faire une espece de lac, en fermant les conduits par lesquels s’écoule l’eau des trois grandes fontaines qui sont sur cette place. On a mis au pié du rocher, quatre figures colossales qui représentent les quatre grands fleuves des quatre parties du monde ; le Gange pour l’Asie, le Nil pour l’Égypte, le Danube pour l’Europe, & le Rio de la Plata pour l’Amérique. On peut donner trois piés d’eau au milieu de la place Navone, & c’est ce qu’on fait fréquemment dans les grandes chaleurs, une heure avant le coucher du Soleil.


Le college de la Sapienza n’est pas éloigné de la place Navone. Eugène IV. fit commencer le bâtiment de ce college. Ensuite Urbain VIII. & Alexandre VII. l’embellirent d’une église & d’une bibliotheque publique. C’est le plus ancien college de Rome & le seul qui ait droit de faire des docteurs ; le pape en nomme les professeurs, qui sont presque tous des religieux d’une érudition peu brillante, quoiqu’ils ayent beaucoup de privileges & d’honneurs.


Le jardin de botanique est placé au janicule dans une exposition favorable & dans un heureux climat pour la culture des plantes, mais on n’en profite pas davantage.


L’église de saint Louis n’est pas éloignée de la place Navone, & le palais Justiniani est aux environs. On voit dans ce palais de belles statues des dieux du paganisme, outre quantité de piés & de jambes de marbre. On y voit aussi divers tableaux de grands maîtres, entr’autres, le tableau de saint Jean-l’évangeliste qui est de la main de Raphaël.


La Rotonde, autrefois le Panthéon, est la plus har-​die piece d’architecture qui soit à Rome ; & c’est là que Raphaël est enterré. Nous avons déjà parlé du Panthéon, & nous ferons un article séparé de la Rotonde.


On traverse le campo Martio, pour aller à l’église de san-Lorenzo-in-lucina qui est la plus grande paroisse de Rome. Elle avoisine le palais Borghese, palais qui renferme bien des choses rares, sur-tout en tableaux, dont le plus estimé est du Titien : c’est une Vénus qui bande les yeux de l’Amour, pendant que les Graces lui apportent ses armes. Le portrait de Paul V de la maison Borghèse est un ouvrage très délicat en mosaïque.


Auguste avoit son mausolée dans le même quartier, à peu de distance de l’église de saint Roch. Cet édifice étoit rond, & l’une des plus belles choses qu’on pût voir dans l’ancienne Rome. Il avoit trois rangs de colonnes les unes sur les autres, dont les étages alloient toujours en retrécissant ; & sur chaque étage étoit une espece de terrasse où l’on avoit planté des arbres pour répandre de la verdure. La statue d’Auguste étoit sur le haut de tout l’ouvrage, élevée de terre de deux cens cinquante coudées : le tems a détruit ce superbe tombeau.


L’église des Augustins située dans le voisinage, a une bibliotheque ouverte le matin ; & tout près de cette église est le palais du duc d’Altemps. La grande salle de ce palais est remarquable par le triomphe de Bacchus en bas-relief sur du marbre, par la représentation d’une ville taillée sur du bois, & par un portrait de la Vierge tenant l’Enfant Jesus entre ses bras ; c’est un tableau de la main de Raphaël, & qui est fort estimé.


En parcourant Rome moderne, je n’ai point parlé de ses antiquités chrétiennes, parce qu’elles sont trop embarrassées de légendes & de fables. J’ai aussi passé sous silence la description des églises qui n’ont rien de remarquable, outre que leur nombre est si grand, qu’on en compte près de trois cens, dont plus de quatre-vingt servent de paroisses, quoique la dixieme partie fût plus que suffisante.


On sait que Rome fut d’abord gouvernée par des rois, ensuite par des consuls, puis par des empereurs jusqu’à Augustule, l’an 475 de J. C. & enfin par des papes.


Cette ville a été saccagée six fois, premierement, par les Gaulois, l’an 364 de sa fondation : secondement par Alaric, l’an de J. C. 410 : troisiemement par Genseric roi des Vandales, l’an 455 : quatriemement par Odoard roi des Hérules : cinquiemement par Totila, l’an 546 : sixiemement par Charles-Quint, l’an 1527.


« Dans le septieme & le huitieme siecles, la situation de Rome, dit un historien philosophe, étoit celle d’une ville malheureuse, mal défendue par les exarques, continuellement menacée par les Lombards, & reconnoissant toujours les empereurs pour ses maîtres. Les papes ne pouvoient être consacrés qu’avec la permission expresse de l’exarque. Le clergé romain écrivoit au métropolitain de Ravenne, & demandoit la protection de sa béatitude auprès du gouverneur, ensuite le pape envoyoit à ce métropolitain sa profession de foi. Enfin Charlemagne, maître de l’Italie comme de l’Allemagne & de la France, juge du pape, arbitre de l’Europe, se rendit à Rome à la fin de l’année 799.


 » Si pour lors il eût fait de cette ville sa capitale, si ses successeurs y eussent fixé leur principal séjour, & sur-tout si l’usage de partager ses états à ses enfans n’eût point prévalu chez les Barbares, il est vraissemblable qu’on eût vu renaître l’empire romain. Tout contribua depuis à dévaster ce vaste corps, que la valeur & la fortune de Charlemagne​avoient formé ; & tout concourut à relever la puissance abbatue du saint siege jusqu’au tems de la révolution qui lui a fait perdre les plus beaux fleurons de sa couronne. » (Le chevalier de Jaucourt.)​","[['alt'], ['41 54\' N 30 10\' 30"" E'], [""41 46' N""]]",,"alt | 41 54' N 30 10' 30"" E | 41 46' N","41 54' N 30 10' 30"" E | 41 46' N 30 10' 30"" E"
v14-1497-8,Rue,"Rue, (Géog. mod.)​ il y a deux petites villes de ce nom, l’une en France, l’autre en Suisse.


La premiere est en Picardie, dans le Ponthieu, à une lieue de Crotoy, sur la riviere de Mage. Quoique ses fortifications aient été rasées, c’est cependant encore un gouvernement de place. Elle a deux paroisses, & un petit commerce en bestiaux & en chevaux. Long. 19. 15. latit. 50. 17.


La seconde petite ville nommée Rue est au canton de Fribourg dans le bailliage de Corbiere. Long. 24. 37. latit. 46. 57. (D. J.)​","[[""50 17' N 19 15' E""], [""46 57' N 24 37' E""]]",,50 17' N 19 15' E | 46 57' N 24 37' E,50 17' N 19 15' E | 46 57' N 24 37' E
v14-1632-0,SABÉ,"SABÉ, (Géog. anc.)​ nom de deux villes d’Arabie, selon Ptolomée, l. VI. c. vij. il appelle l’une, Sabé regia, dont la longitude est selon lui, 76. lat. 13. Long. de l’autre Sabé, 73. 40. latit. 16. 56. (D. J.)​","[['13 N 76 E'], [""16 56' N 73 40' E""]]",,13 N 76 E | 16 56' N 73 40' E,13 N 76 E | 16 56' N 73 40' E
v14-1857-0,"SAL, ILHA DO ou ILHA DO SALE","SAL, ILHA DO ou ILHA DO SALE, (Géogr. mod.)​ en françois île de sel, île d’Afrique, sur la côte de Nigritie, & la plus orientale des îles du Cap-verd, entre lesquelles on la compte. Cette île s’étend huit ou neuf lieues du nord au sud, & elle n’en a au plus que deux de largeur. Elle est toute pleine de marais salans, & on lui a donné le nom de Salée, de la quantité de sel qui s’y congele naturellement. La stérilité de son terroir est si grande qu’on n’y voit que quelques arbustes du côté de la mer, quelques chevres, & des flamingos, qui sont des oiseaux sauvages assez semblables aux hérons. Latit. 16. (D. J.)​",[['16 N']],,16 N,16 N
v14-1951-0,SALMA,"SALMA, (Géogr. mod.)​ nom de deux villes de l’Arabie-heureuse. Long. de l’une, selon Ptolomée, 70. 30. lat. 26. long. de l’autre, 63. 20. lat. 24. 20. (D. J.)​","[[""26 N 70 30' E""], [""24 20' N 63 20' E""]]",,26 N 70 30' E | 24 20' N 63 20' E,26 N 70 30' E | 24 20' N 63 20' E
v14-2359-0,SASERON,"SASERON, (Géog. mod.)​ ville des Indes, au royaume de Bengale, entre Agra & Patua, sur le pié d’une montagne, & près d’un grand étang, au milieu duquel est une petite île remarquable par une belle mosquée, où est la sépulture du Nahab Selim-Kan. Latit. 26. 10. (D. J.)​","[[""26 10' N""]]",,26 10' N,26 10' N
v14-2577-0,SCAMACHIE,"SCAMACHIE, (Géog. mod.)​ on écrit aussi Samachi, Samakki, Schamakhiah, Schoumakhi, Schumachie, &c. ce sont des orthographes différentes du même lieu, ville de Perse, capitale du Schirvan, dans un vallon, entre deux montagnes. Ses rues sont vilaines, ses maisons basses & mal bâties ; mais il y a des caravanserais & des bains publics. Les habitans font commerce de safran, d’étoffes de soie & de coton. Cette ville a été ravagée par Thamas-kouli kan ; elle l’est souvent par des tremblemens de terre. Long. 75. lat. 40. 50. & suivant Nassir-Edden. Longit. 85. 30. lat. 39. 30. (D. J.)​","[['alt'], [""40 50' N 75 E""], [""39 30' N 85 30' E""]]",,alt | 40 50' N 75 E | 39 30' N 85 30' E,40 50' N 75 E | 39 30' N 85 30' E
v14-2714-0,SCHERBRO,"SCHERBRO, (Géog. mod.)​ île de l’Afrique, dans la haute Guinée, sur la côte de Malaguette, à l’embouchure du Scherbro, entre le cap S. Anne, & celui de Monte ; elle a dix lieues de long est-sud-est. On y recueille du ris, du maïs, des bananes, des patates, des figues, des citrons, des oranges, & des melons d’eau. Les habitans ont l’usage de la circoncision. Latit. 6. 40. (D. J.)​","[[""6 40' N""]]",,6 40' N,6 40' N
v14-2965-1,Scyros,"Scyros, (Géogr. mod.)​ île de l’Archipel, à l’orient de Metelin, & au nord-est de Negrepont. Elle est à sept lieues de cette derniere île, à seize de Metelin, & à sept de Scopelo. Elle s’étend en longueur du septentrion au midi, & a environ 60 milles de circuit. On lui donne à-peu-près la figure d’un triangle, & quoiqu’escarpée, elle est agréable, & assez cultivée pour le peu de monde qu’elle renferme, car on n’y compte pas plus de 300 familles de chrétiens Grecs, lesquelles s’appliquent à la culture des vignes qui leur produisent de fort bons vin. Long. 42d. 40-54. lat. 39. 4-20.


Le port de Scyros, est un des meilleurs de toutes les îles de Grece, capable de contenir une grande armée, & où l’on peut mouiller presque par-tout. Il regarde le sud-ouest, & quand l’on est à sa vue, on découvre dans les terres une profonde vallée, qui fait paroître l’île comme s’il y en avoit deux. La premiere montagne qui borne ce vallon, & qui s’offre aux yeux du côté du levant, est toujours fameuse par la mort de Thésée.


Il n’y a qu’un seul village dans l’île de Scyros ; encore est-il bâti sur un rocher en forme de pain de sucre, à dix milles du port dont nous venons de parler. Le cadi est aussi le seul Turc qui soit dans l’île, mais les habitans répondent de lui ; comme ils sont obligés de payer sa rançon, en cas qu’il fût enlevé par les corsaires, ils se mettroient en devoir​ de le sauver, si quelqu’un vouloit le faire prisonnier.


L’évêque de Scyros ne subsiste presque que de charités, & loge dans une maison bâtie comme un cachot. Les insulaires parlent encore d’Achille ; son nom même est commun dans l’île, & beaucoup de Grecs le portent, quoiqu’un peu déguisé. Ils ont une église dédié à S. Achillée, & une dévotion particuliere pour ce saint. Voilà ce qu’est actuellement l’état monarchique du roi Lycomede : quoiqu’il ne fût pas brillant autrefois, il est pourtant vrai que c’est surtout de nos jours, qu’on peut lui appliquer le proverbe des anciens, qui désignoient par la principauté de Scyros, un chétif & misérable royaume.


Le nom même de Scyros étoit déja dans l’oubli, quand un poëte Italien le comte (Gui Ubaldo) Bonarelli le fit revivre sur la fin du seizieme siecle par sa Phylis de Scyros, Filli de Scyro. Il remplit cette pastorale de fleurs poëtiques, de graces, & de traits délicats. L’Italie en fut enchantée, mais on trouva par l’examen que l’auteur pensoit toujours moins à peindre les choses naturellement, qu’à les dire avec esprit. On le blâma surtout d’avoir introduit dans sa piece, une nymphe nommée Célie, qui aime également deux bergers à la fois, & qui les aime avec tant de fureur, qu’elle ne trouve que la mort qui puisse terminer son état. Bonarelli fit pour la défense de ce double amour, une dissertation pleine d’esprit & de savoir, mais qui ne convainquit personne qu’il avoit raison. (Le Chevalier de Jaucourt.)​","[[""39 4' N 42 40' E"", ""39 20' N 42 54' E""]]",,39 4' N 42 40' E 39 20' N 42 54' E,39 4-20' N 42 40-54' E
v15-439-0,"SIAM, royaume de","SIAM, royaume de, (Géog. mod.)​ royaume d’Asie, dans les Indes orientales. Ce royaume est appellé, par ceux du pays, Muan-Thai, c’est-à-dire, la terre de Thai. Les Malays & les Péguans l’appellent Tziam, d’où vient le nom européen Siam. Il s’étend depuis environ le septieme degré de latitude septentrionale, jusqu’au dix-neuvieme. Vers le milieu où la ville capitale est située, il est à 14 degrés 18 minutes de latitude septentrionale, & à 120 degrés de longitude.


Il est borné à l’orient par les royaumes de Tunquin, Cochinchine & Camboia ; au midi par la mer, & par le pays de Malacca, dont le roi de Siam possede Ligor, Tanasseri, & quelques autres petites provinces ; à l’ouest par le royaume de Pégu, & au nord par celui de Laos.


Sa longueur, qui se prend du septentrion au midi, est à-peu-près de cent lieues, dans les endroits où elle n’est point occupée par les états voisins. Sa largeur est d’environ cent lieues dans sa plus grande étendue, & d’environ vingt lieues dans sa plus petite. A considerer sa grandeur, il n’est guere peuplé, excepté le long de la riviere. La quantité de peaux de dains & de buffes que les marchands en tirent tous les ans, fait assez voir qu’il contient de grandes forêts & de vastes deserts ; il faut encore remarquer qu’on ne tue ces animaux que dans le voisinage, parce que les tigres & les marais ne permettent pas aux chasseurs de pénétrer un peu avant dans les bois.


Ce royaume renferme douze grandes provinces, dont chacune est gouvernée par un oja, ou prince, en qualité de lieutenant de roi, qui a sous lui plusieurs opera ou officiers inférieurs. Il y a aussi à la cour un oja pour chaque province, qui en ménage les affaires & veille sur la conduite du lieutenant-général de la province.


Les Siamois parlent deux sortes de langues, la vulgaire qui est toute simple, en monossyllabes, & sans conjugaison ni déclinaison ; & une autre qu’on appelle langue bali, enrichie d’inflexion de mots comme les langues européennes. Les termes de religion & de justice, les noms de charge, & tous les ornemens de la langue vulgaire, sont empruntés de la bali ; & il semble de-là, que quelque colonie étrangere se soit habituée autrefois au pays de Siam. Mais c’est un raisonnement que l’on pourroit faire de la plûpart des contrées des Indes, qui ont ordinairement deux langues.


On prétend que les lois des Siamois leur viennent du pays de Laos ; & c’est sans doute parce qu’il y a​de la conformité entre les lois de Laos & celles de Siam, comme il y en a entre leurs religions. Cela ne prouve pas que l’un de ces royaumes ait donné sa religion & ses lois à l’autre, puisque tous les deux peuvent les avoir puisées dans une source commune. Quoi qu’il en soit, on veut à Siam que ce soit Laos qui leur ait donné ses lois, & même des rois : on veut à Laos, que leurs rois, & la plûpart de leurs lois viennent de Siam.


La figure des Siamois est indienne : leur teint est mêlé de rouge & de brun, leur nez court & arrondi par le bout, les os du haut de leur joue gros & élevés, leurs yeux fendus un peu en-haut ; leurs oreilles plus grandes que les nôtres ; en un mot, ils ont tous les traits de la physionomie indienne & chinoise, leur contenance naturellement accroupie, comme celle des singes, dont ils ont beaucoup de manieres, entr’autres une passion extraordinaire pour les enfans.


Leur religion est la même que celle des brahmans, qui, pendant plusieurs siecles, a été la religion des peuples qui habitent depuis le fleuve Indus jusqu’aux extrémités de l’orient, si on excepte la cour du grand-mogol, & les grandes villes de son empire, aussi bien que Sumatra, Java, Celebres, & les autres îles voisines, où le mahométisme a fait de si grands progrès, qu’il semble l’emporter sur elle. Ce paganisme universel (qu’il faut distinguer de la reliligion- des anciens persans, qui adoroient le soleil, laquelle est aujourd’hui presque éteinte) : ce paganisme, dis-je, quoique divisé en plusieurs sectes & opinions, selon les différentes coutumes, langues, & interprétations de ceux qui les professent, n’a pourtant qu’une seule & même origine.


Les Siamois représentent dans leurs temples le premier instituteur de leur religion sous la figure d’un négre d’une grandeur prodigieuse, qui est assis, & qui a les cheveux frisés, & la peau noire, mais dorée, comme par respect. On voit à ses côtés deux de ses principaux disciples ; & devant & autour de lui le reste de ses apôtres, tous de la même couleur, & la plûpart dans la même posture. Ils croyent, selon la doctrine des Brahmans, que la divinité habitoit en lui, & que cela paroît par sa doctrine, par sa maniere de vivre, & par ses prophéties.


Ils disent aussi que Wistnou, par où ils entendent la Divinité, après avoir pris différentes formes, pendant plusieurs milliers d’années, & visité le monde huit fois, parut la neuvieme sous la personne d’un négre, qu’ils appellent Sammana-Kutama (c’est dans nos écrivains françois Sammana Codom). Ce dieu, selon eux, a revétu dans le Gange seul cinq cens cinquante fois la forme humaine. Cette idée leur est commune avec tout le peuple de l’Inde sur la métamorphose de leurs dieux. Cette idée leur est encore commune avec les anciens Egyptiens, les Grecs & les Romains. « Une erreur si ridicule & si étendue, comme le dit M. de Voltaire, vient pourtant d’un sentiment raisonnable, qui est au fond de tous les cœurs. On sent naturellement sa dépendance d’un être suprême, & l’erreur se joignant à la vérité, a fait regarder les dieux dans presque toute la terre, comme des seigneurs qui venoient quelquefois visiter & réformer leurs domaines. »


Les principes de la morale des Siamois sont tous négatifs, & à-peu-près les mêmes que dans la plûpart des contrées des Indes. Ne rien tuer. Ne rien dérober. Ne point boire de liqueur qui enivre. Ne point exténuer ses forces par la fatigue. Ils suivent exactement ce dernier précepte, persuadés que la félicité suprême consiste à n’être point obligés d’animer une machine, & de faire agir un corps. Dans ces pays où la chaleur excessive énerve & accable, le repos est si délicieux, & le mouvement si pénible,​ que ce système de métaphysique paroît naturel. A Siam, la possession d’un éléphant fait la gloire & l’honneur de son maître.


Leurs ecclésiastiques menent une vie retirée & austere : car ils aspirent dans ce monde à un état de perfection agréable au ciel, & suivi de grandes récompenses, en domptant leurs passions, & mortifiant leurs desirs. Ils ne se marient point tant qu’ils sont dans l’état ecclésiastique, mais vivent ensemble dans des monasteres près des temples. Ils vont presque nuds, n’ayant qu’un morceau de drap d’un jaune-brun autour de leur ceinture, & un autre morceau qui pend de dessus l’épaule gauche en plusieurs petits plis, & qu’ils déploient lors qu’il pleut pour s’en couvrir les épaules & la partie supérieure du corps. Ils ne couvrent jamais la tête, qui est rasée de près, & portent à la main un éventail de feuilles de palmier, ou de coupeaux de bois.


Il y a plusieurs rangs & plusieurs degrés différens d’ecclésiastiques siamois. Les plus jeunes prennent un nom qui revient à celui de frere ; & à l’âge de 20 ans, ils en prennent un autre qui répond à celui de pere. Les Péguans les appellent talapoi ; & comme ce nom a été premierement connu des étrangers, ils le donnent à l’heure qu’il est indifféremment à tous les prêtres & ecclésiastiques de la religion qui regne à Pégu, Siam, Gamboia, Aracan, Parma, Laos, Tonquin, & la Cochinchine.


Les peres siamois vivent en société dans une ou plusieurs maisons faites comme des monasteres, près de certains temples. Chacun de ces couvens est gouverné par un chef qu’ils nomment sompan. Tous les couvens de chaque province, sont soumis à un sompan en chef ; & ceux-ci de même que tout le clergé du royaume, sont sous la jurisdiction du prah-sankara, comme qui diroit le grand pontife. Ce primat souverain demeure à Judia (Siam), & son autorité est si grande, que le roi lui-même est obligé de s’incliner devant lui.


Chacun peut se faire moine, s’il a assez de crédit pour cela. Il y a même des hommes mariés qui quittent leur femme, & se mettent dans un monastere. Les voilà moines, & jouissant du privilege de ne pouvoir pas être punis par le bras séculier. Le roi lui-même, lorsqu’ils sont coupables de quelque crime capital, se contente de les bannir dans une île déserte, où il exile aussi ses mandarins & ses ministres d’état, quand il les disgracie.


Ces mêmes ecclésiastiques ont établi plusieurs fêtes annuelles qu’on célebre toujours ; une, par exemple, au commencement de l’année ; une, lorsque le roi va faire des offrandes dans un temple de Napathat, en carosse tire par des hommes : une autre quand ce prince va par eau faire ses dévotions dans un temple situé au-dessous de Siam ; & suivant l’opinion du petit peuple, pour couper les eaux, qui dans ce tems-là, sont dans leur plus grande hauteur, & leur commander de se retirer. On compte parmi les fêtes annuelles des Siamois, celles du lavement des éléphans qui se fait deux fois l’année, & ces deux jours-là, on lave la tête de ces animaux avec beaucoup de cérémonie. Les Siamois célebrent aussi le premier & le quinzieme jour de chaque mois, qui sont les jours de la nouvelle & de la pleine lune.


Ils commencent leur année le premier jour de la lune de Novembre ou de Décembre, suivant de certaines regles. Leur époque commence à la mort de leur grand dieu Sammona-Khodum ; ensorte qu’en 1670, ils comptoient 2304 ans. Ils ont, comme les Chinois, un cycle de 60 ans, quoiqu’il n’y ait que douze de ces années-là qui aient des noms particuliers, & qui étant répétés cinq fois font le cycle entier.


Donnons pour les curieux le nom des 12 années sia-​religion moises en françois ; 1. l’année de la souris ; 2. l’année de la vache ; 3. l’année du tigre ; 4. l’année du lievre ; 5. l’année du grand serpent ; 6. l’année du petit serpent ; 7. l’année du cheval ; 8. l’année du bélier ; 9. l’année du singe ; 10. l’année du poulet ; 11. l’année du chien ; 12. l’année du pourceau.


L’année est divisée chez ce peuple en douze mois, qui sont lunaires, de 29 & de 30 jours alternativement. Chaque troisieme année ils ont treize mois, un des douze étant répété deux fois. Le premier mois a 29 jours ; le second 30 ; le troisieme encore 29 ; & ils se suivent ainsi alternativement : de sorte que l’année entiere est composée de 354 jours, & chaque troisieme année de 384. A l’égard des jours du mois, ils en comptent quinze depuis la nouvelle lune jusqu’à la pleine lune, après quoi ils commencent à compter par un, & continuent jusqu’à la lune suivante. De-là vient que quelques-uns de leurs mois ont 30 jours, & d’autres 29. Leurs semaines sont composées de 7 jours. Le dimanche est comme nous dirions en françois le jour du soleil ; le lundi, le jour de la lune ; le mardi, le jour du travail ; le mercredi, le jour de l’assemblée ; le jeudi, le jour de la main ; le vendredi, le jour du repos ; le samedi, le jour attractif ; parce qu’il attire une nouvelle semaine.


Les deux premiers de leurs mois, qui répondent à-peu-près à nos mois de Décembre & de Janvier, font tout leur hiver ; le troisieme, quatrieme & cinquieme, leur petit été, & les sept ou huit autres leur grand été. Leur hiver est sec, & leur été pluvieux : sans cette merveille, la zone torride seroit sans doute inhabitable ; ainsi pendant l’hiver, le soleil étant au midi de la ligne, ou vers le pole antartique, les vents de nord regnent toujours, & temperent l’air jusqu’à le rafraichir sensiblement. Pendant l’été, lorsque le soleil est au nord de la ligne, & à plomb sur la tête des Siamois, les vents de midi qui soufflent toujours, y causent des pluies continuelles, ou du moins font que le tems y est toujours tourné à la pluie. C’est cette regle éternelle des vens qui fait que les vaisseaux ne peuvent presque arriver à la barre de Siam pendant les six mois des vents de nord, & qu’ils ne peuvent presque en sortir pendant les six mois de vents de midi.


Voici maintenant ce qui regarde la monnoie de ce royaume. Le tsiam, que les étrangers appellent catti, s’entend de l’argent, & pese deux livres & demie ou vingt thails, ou cinquante richedalers, c’est-à-dire, qu’il a deux fois la valeur d’un catti, comme il a cours à Batavia, & dans le Japon. On ne frappe point de thails dans ce royaume, mais il y vaut quatre maas, ou trente sols de Hollande. Chaque maas vaut deux fuangs ; chaque fuang vaut deux siampais ; un siampai vaut deux puininis ; un puinini contient un nombre incertain de cauris. Les cauris different beaucoup en valeur, car pour un fuand, on en peut acheter depuis 500 jusqu’à 800. On en apporte une grande quantité des îles Maldives. Toute la monnoie d’argent de Siam est faite des écus de Hollande, que l’on bat en Hollande expres, & que la compagnie hollandoise des Indes orientales, y transporte sur le pié d’environ quatre florins l’écu.


Il me reste à parler des productions du royaume de Siam, de la vie des Siamois, de leurs mariages, de leurs tribunaux, de leurs rois, des grands & petits officiers de la couronne, &c. mais le détail que j’en ferai sera fort court.


Ce royaume est riche en mines, & la grande quantité d’idoles de fonte qu’on y voit, justifie qu’on a mieux su les exploiter anciennement qu’aujourd’hui. L’or dont la superstition a orné leurs idoles presque sans nombre, les lambris & les combles de leurs temples, prouvent aussi la richesse de ces mi-​nes. On en trouve aussi quelques-unes de fer, qu’on fait fondre & non forger. Aussi les Siamois n’ont que des ancres de bois pour leurs galeres, auxquelles ils attachent des pierres, pour les faire couler à fond. Ils n’ont ni épingles, ni aiguilles, ni clous, ni ciseaux, ni serrures, & n’emploient par conséquent pas un clou à bâtir leurs maisons, quoiqu’elles soient toutes de bois : leurs fermetures sont des cadenas qui leur viennent du Japon, dont les uns sont de fer, & fort bons, & les autres de cuivre très-mauvais.


Les Siamois ont des bois propres à construire des vaisseaux, parce que leurs arbres viennent si droits, si gros, & si hauts, qu’un seul suffit à faire un bateau, ou balon, comme disent les Portugais, de 10 à 15 toises de longueur ; ils creusent l’arbre, & en élargissent la capacité ; ils relevent les côtés par un bordage d’une planche de même longueur ; ensuite ils attachent aux deux bouts une proue & une poupe fort haute, un peu recourbée en-dehors, qu’ils ornent de sculpture & de dorure ; mais comme ils n’ont point de chanvre, leurs cordages sont d’une écorce verte qui est sur le cocotier, & leurs voiles sont de nates de gros joncs.


Ils ont aussi du bois propre à bâtir des maisons, à la menuiserie & à la sculpture. Il y en a de légers, de fort pesans, d’aisés à fendre, & d’autre qui ne se fend point. On appelle ce dernier bois-marie en Europe, & c’est le meilleur de tous pour les coudes de navire ; celui qui est dur & pesant, se nomme bois de fer, & est assez connu dans les îles de l’Amérique.


On ne trouve presque aucun de nos arbres de l’Europe, ni de nos plantes dans le pays de Siam ; il n’y a point d’oignons, d’ails, de grosses raves, de persil, d’oseille, &c. Les roses n’y ont point d’odeur ; mais à la place de nos arbres, de nos plantes, & de nos fleurs, qui sont inconnues aux Siamois, ils en ont d’autres particulieres que nous ne connoissons point. Tel est, par exemple, leur arbre topoo. C’est une espece de figuier de la grandeur d’un hêtre, touffu, qui a l’écorce unie & grise, & les feuilles rondes, à longue pointe ; il porte un fruit rond, insipide, & qui n’est bon que pour les chauves-souris. Tous les Siamois regardent cet arbre comme sacré, & agréable aux dieux, parce que leur grand saint Sammana-Khodum prenoit plaisir à s’asseoir dessous ; & c’est pour cela qu’ils aiment à le planter auprès des temples, lorsque le terroir & le climat le permettent.


Ils attribuent la même sainteté à un autre figuier, dont les branches se courbant vers la terre, y prennent racine, & forment de nouveaux troncs ; de sorte qu’il acquiert un fort grand contour. Ses feuilles ressemblent à celles du laurier-cerise, excepté qu’elles sont plus grandes, & il porte un fruit comme l’espece de figuier dont nous venons de parler.


Un autre arbre fort extraordinaire, qu’on trouve dans le royaume de Siam, est l’arbre aux nids d’oiseaux. Il est de la grandeur d’un pommier ; son tronc & ses grosses branches touffues, sont pleines d’excroissances raboteuses, de différentes grosseurs & figures, & sont chargées de feuilles étroites. A l’extrémité des petites branches pendent plusieurs nids d’oiseaux, faits d’herbes séches, & de quelqu’autre matiere, travaillés avec beaucoup d’art, & de la forme d’une bourse longue, qui va en s’étrécissant par le haut. L’ouverture des nids est tournée au nord-ouest, de sorte qu’ils sont à couvert du vent du midi & de la pluie. Kæmpfer a compté plus de cinquante de ces nids sur un seul arbre, & n’en a jamais vu sur aucun autre. Les oiseaux sont d’un brun jaunâtre, & ressemblent aux serins de Canarie, mais ils n’ont qu’un cri approchant de celui des moineaux.


Les terres du pays de Siam, sont purement argil-​leuses, à peine y trouve-t-on un caillou. Les lieux élevés sont arides & brûlés du soleil ; l’inondation annuelle de la campagne, produit seule l’abondance de la récolte du riz. Les pâturages sont grossiers ; aussi n’y a-t-il dans le pays ni chevaux, ni mulets, & tout se réduit aux bœufs & aux éléphans. La chasse des derniers est permise, mais on n’y va que pour les prendre, & jamais pour les tuer. On voit toujours un éléphant de garde au palais du roi tout enharnaché & prêt à monter. A l’endroit où il est mis de garde, il y a un échaffaud qui est à plein pié de l’appartement du roi, afin que sans sortir le prince puisse monter tout-de-suite sur son éléphant.


L’eau pure est la boisson ordinaire des Siamois ; mais comme c’est de l’eau de riviere chargée de bourbe, on la met dans de grands vases pour la laisser reposer & filtrer pendant un certain espace de tems. Ils boivent aussi de-deux liqueurs qu’ils appellent tari & neri. Le tari se tire par incision d’une espece de cocotier sauvage ; le neri se tire de même de l’arequier, sorte d’arbre dont le fruit se nomme areque. Ils boivent encore des eaux-de-vie de riz, qu’ils éclaircissent avec de la chaux.


Leur dépense en habits, en logement & en ameublemens n’est pas couteuse. D’abord ils ne s’habillent point : ils vont nuds piés & nue tête, & s’entourent seulement les reins d’une piece de toile peinte qu’on appelle pagne. Leurs maisons les plus belles sont de bois, & à un seul étage. La plûpart de leurs lits ne consistent qu’en une natte de jonc. Les tables sont sans piés, sans napes, ni serviettes, ni cueilleres, ni fourchettes, ni couteaux. Point d’autres sieges que des nattes de jonc. Leur vaisselle est de porcelaine grossiere, ou d’argille. Le bois simple ou vernissé leur fournit tout le reste. Leur nourriture ordinaire est le riz & le poisson. La mer leur donne aussi de petites tortues & des écrevisses. Les sauterelles, les lézards, & la plûpart des insectes, ne déplaisent point à leur goût. Leurs fausses sont faites avec un peu d’eau, de sel, de petites herbes, & un peu d’épices, que leur fournissent les Hollandois.


Les formalités de leurs mariages sont assez simples ; mais à cause de la chaleur du climat, on a coutume de marier les filles & les garçons fort jeunes, de sorte que les filles ont souvent des enfans à l’âge de douze ans. Les hommes peuvent avoir plusieurs femmes, dans le nombre desquelles il y a en a toujours une qui est la principale de toutes. Le divorce y est commun ; en ce cas le mari rend à sa femme principale sa dot ; & ils partagent leurs enfans également, si leur nombre est pair ; s’il est impair, la femme en a un de plus que le mari. Pour les autres femmes & leurs enfans, le mari a la puissance de les vendre. Après le divorce, le pere & la mere peuvent aussi vendre les enfans qui leur sont échus en partage.


Il y a des tribunaux de judicature pour juger tous les différens des particuliers ; mais il n’y a dans chaque tribunal qu’un seul officier qui ait voix délibérative ; tous les autres n’ont que voix consultative, selon l’usage de la Chine, & autres états voisins. Les gouverneurs des villes sont les chefs des tribunaux. Dans les procès délicats, on admet la preuve du feu, de l’eau, & des vomitifs. La peine du vol est la condamnation au double ou au triple ; mais on étend la peine du vol sur toute la possession injuste en matiere réelle : de sorte que lorsqu’on est évincé d’un héritage par procès, on rend non-seulement l’héritage à la partie, mais on en paye encore le prix, moitié aux juges, moitié à la partie. Quand il peut y avoir peine de mort, la décision en est reservée au roi seul, qui quelquefois seulement accorde à des juges extraordinaires qu’il envoie dans les provinces, le pouvoir d’infliger une peine capitale.


Le roi est entierement despote ; tout le peuple​ sans distinction lui appartient. La seule différence qu’il y a des esclaves du roi à ses sujets de condition libre, c’est que ceux-là sont toujours occupés à des travaux personnels, & sont nourris ; au lieu que ceux-ci ne lui doivent de travail que six mois de l’année, & se nourrissent eux-mêmes. Généralement tout le peuple est une milice enrôlée ; mais comme ce prince n’emploie jamais tous ses sujets dans son armée, & que rarement il met une armée en campagne, il occupe à tel travail qu’il lui plaît pendant six mois de l’année, ceux de ses sujets qu’il n’emploie pas à la guerrc.


Les Siamois sont peut-être le peuple le moins porté & le plus inhabile à l’art militaire. Si les Péguans, leurs voisins, entrent d’un côté sur leurs terres, ils entrent dans celles du Pégu, & les deux parties emmenent des villages entiers en captivité. De siéges, ils n’en ont jamais fait ; & quand ils prennent quelques places, c’est toujours par la faim ou par la trahison. Ils sont encore plus foibles sur mer que sur terre : à peine le roi a-t-il cinq ou six petits vaisseaux, qui ne peuvent servir que pour porter des marchandises. Ses galeres ne sont que de médiocres bâteaux à un pont, avec des rames fort courtes qui atteignent à peine à l’eau, & des ancres de bois.


Les finances du roi consistent en droits de douane sur les marchandises qui arrivent dans ses états, & en un droit annuel sur toutes les terres labourables, & sur tous les fruits qui se recueillent ; il a outre cela des terres qu’il fait cultiver par ses sujets ; il a les amendes & confiscations ; enfin il gagne beaucoup dans le commerce qu’il fait seul & exclusivement sur la plûpart des choses rares qu’on vend ensuite à son profit.


Les anciennes lois de Siam ordonnent qu’après la mort du roi, son frere succédera à la couronne ; & après la mort du frere, ou s’il n’y a point de frere, son fils aîné. Mais ces lois ont été si souvent violées, & la succession a été si fort dérangée, qu’à-présent lorsque le roi vient à mourir, celui de la famille royale qui est le plus puissant, s’empare de la couronne ; de sorte qu’il arrive rarement que le plus proche & véritable héritier monte sur le trône, ou soit en état de s’y maintenir.


Le roi de Siam a plusieurs grands officiers ; savoir 1. un officier qui a la direction des cours criminelles & des confiscations ; c’est une place de grande confiance. 2. Un grand chancelier, qui a la direction des affaires étrangeres. 3. Un grand chambellan, qui a la surintendance des palais du roi. 4. Le premier juge. 5. Le receveur général des revenus de la couronne. 6. Un grand écuyer qui a l’inspection des éléphans & de leurs équipages. 7. Un grand maître de la maison, qui a sous son intendance tous les domestiques du roi, & les ballons de sa majesté.


Il y a plusieurs autres officiers de la cour d’un rang inférieur, comme le chef des malagans, celui des mores, le receveur des douanes, &c.


Les Siamois n’ont point de nom de famille héréditaire, ils reçoivent les noms qu’ils portent de leurs maîtres & de leurs supérieurs. Les premiers de l’état portent le nom de leurs charges ; mais nul officier n’a de gages ; il a seulement le logement, & quelquefois de petits présens du prince, comme quelques terres labourables, qui reviennent encore au roi avec l’office après la mort de l’officier. Ainsi le seul gain des offices consiste dans les concussions & les présens des particuliers, ce qui est si commun que les moindres officiers en font aux plus grands à titre de respect, mais en réalité pour en être protégés. Le ministere est orageux dans ce pays-là, tant par l’inconstance naturelle du prince, que parce que les voies sont ouvertes à tout le monde pour lui porter ses plaintes.


Un ambassadeur n’est dans ce royaume, comme dans tout l’Orient, qu’un messager des rois ; il ne re-​présente point son maître ; il est arrêté à l’entrée du royaume, jusqu’à ce que le roi soit informé de son arrivée. On le conduit d’abord à l’audience, & il ne peut rester dans la capitale après l’audience de congé.


La fameuse ambassade de Siam en France dans le dernier siecle, nous a valu les relations de ce royaume, composées par le P. Tachard, par l’abbé de Choisy, par MM. de Lisle, Gervaise, de Chaumont, & de la Loubere ; mais outre que toutes ces relations se contredisent, elles n’ont pas le mérite de celle de Koempfer, qui d’ailleurs est postérieure à tous les voyageurs que je viens de nommer. (Le Chevalier de Jaucourt.)​","[['7 N', '19 N'], [""14 18' N 120 E""]]",,7 N 19 N | 14 18' N 120 E,7 N | 19 N | 14 18' N 120 E
v15-492-0,SIDAYE,"SIDAYE, (Géog. mod.)​ M. Réland écrit Sydaye ; ville des Indes ; dans l’île de Java, sur la côte septentrionale de cette île, assez près de Touban, avec un port qui a dix brasses de profondeur, fond de terre vaseux. Lat. mérid. 6. 44. (D. J.)​","[[""6 44' S""]]",,6 44' S,6 44' S
v15-536-0,SI-FAN,"SI-FAN, (Géog. mod.)​ vaste pays de la Tartarie asiatique. Dans la carte que les jésuites ont donnée du Tibet, le pays de Si-Fan est distinctement marqué comme borné à l’est par la province de Se chuen au nord par le pays de Coconor, & à l’ouest par la riviere de Tsacho-Tsitsirhana.


Suivant cette position, le pays de Si-fan est entre 29 degrés 54 minutes & 33 degrés 40 minutes de latitude, & entre 12 degrés 30 minutes & 18 degrés 20 minutes de longitude, ouest de Pekin. Sa figure forme un triangle, dont la base qui est au nord, offre environ 300 milles de longueur ; & les deux autres côtés qui font un angle au sud, sont chacun environ de 245 milles. C’est encore aujourd’hui ce qui reste aux Si-fans d’un domaine qui comprenoit tout le Tibet, & même quelques territoires de la Chine. On peut inférer de-là & de la conformité qui subsiste entre les langues du Si-fan & du Tibet, que les Chinois étendent le nom de Si-fan à toute cette région, & quelquefois à toutes les nations qui sont à l’ouest de l’empire de la Chine.


Suivant les apparences, c’est ce grand empire de​ Si-fan, comprenant tout l’espace qui est entre la Chine & l’Indoustan, avec toutes les vastes plaines & les deserts au nord & à l’ouest habités par les Tartares eluths, qui portoit autrefois le nom de Tangut, Tanguth, ou Tankut. On a d’autant moins sujet d’en douter, que la langue & les caracteres du Tibet, qui sont encore en usage dans le pays de Si-fan, conservent le nom de langue & de caracteres de Tangut.


Suivant les historiens chinois, l’année 1227 est l’époque de l’entiere ruine des Si-fans, après de longues guerres qu’ils ont eues avec les empereurs de la Chine. Leur état présent ne ressemble guere à celui où ils étoient anciennement ; car ils n’ont pas une seule ville, au-lieu qu’autrefois ils formoient une nation nombreuse & puissante.


Les lamas qui les gouvernent, ne les inquiettent pas beaucoup, pourvu qu’ils leur rendent certains honneurs, & qu’ils payent exactement les droits de fo, ce qui va à très peu de chose Ces droits semblent être des especes de dixmes religieuses. Les Si-fans ont toujours suivi la religion de Fo, & ont toujours choisi leurs ministres d’état & quelquefois leurs généraux parmi les lamas. Les livres & les caracteres de leurs chefs, sont ceux du Tibet. Quoique voisins des Chinois, leurs coutumes & leurs cérémonies ressemblent peu à celles de la Chine ; par exemple, dans les visites que les Si-fans rendent à ceux qu’ils respectent, ils leur présentent un grand mouchoir blanc, de coton, ou de soie. Ils ont aussi quelques usages établis parmi les Tartares-kalks, & d’autres de ceux du Coconor.


Les Si-fans ne reconnoissent qu’à-demi l’autorité des mandarins chinois, & ne se hâtent guere de répondre à leurs citations : ces officiers n’osent même les traiter avec rigueur, ni entreprendre de les forcer à obéir ; parce qu’il seroit impossible de les poursuivre dans l’intérieur de leurs affreuses montagnes dont le sommet est couvert de neige, même au mois de Juillet : d’ailleurs, la rhubarbe croissant en abondance dans leur pays, les Chinois les ménagent pour en tirer cette marchandise précieuse. (D. J.)​","[[""29 54' N 12 30' E"", ""33 40' N 18 20' E""]]",['Pékin'],29 54' N 12 30' E 33 40' N 18 20' E,29 54' N 12 30' E | 33 40' N 18 20' E
v15-617-0,SILLEBAR,"SILLEBAR, (Géog. mod.)​ ville des Indes sur la côte occidentale de l’île de Sumatra, le long d’un golfe. Il croît dans ses environs beaucoup de poivre. Lat. méridionale 4. 30.","[[""4 30' S""]]",,4 30' S,4 30' S
v15-1112-0,SONGSON,"SONGSON, (Géog. mod.)​ île de l’Océan oriental, la douzieme des îles Mariannes, à vingt lieues d’Agrigan, & à cinq de Mang ou Tunas. On lui donne six lieues de tour. Il y a dans cette île un volcan. Latit. septentrionale 20. 15. (D. J.)​","[[""20 15' N""]]",,20 15' N,20 15' N
v15-1829-0,STOCKHOLM,"STOCKHOLM, (Géogr. mod.)​ ville de Suede, dans l’Upland, la capitale du royaume, & la résidence des rois, à 75 lieues de Copenhague, à 260 de Vienne, & à environ 310 de Paris.


Cette ville est bâtie à l’embouchure du lac Méler dans la mer Baltique ; tout y est sur pilotis, dans plusieurs îles voisines les unes des autres ; il n’y a que deux fauxbourgs qui soient en terre ferme.​


Stockholm est grande, fort peuplée, & fait un commerce considérable. La plûpart de ses maisons sont actuellement bâties en brique, au-lieu que précédemment elles étoient presque toutes de bois. On y remarque entr’autres beaux édifices le palais du chancelier, celui de la noblesse, & le château, qui est un bâtiment spacieux, où non-seulement la cour loge, mais où s’assemble aussi la plûpart des cours supérieures du royaume. Ce château est situé de façon que d’un côté il a vue sur le port, & de l’autre sur la ville, où il fait face à une grande place décorée des plus belles maisons. Le palais de la noblesse est le lieu où elle tient ses séances.


Stockholm n’oublira jamais la fête funeste de ce même palais, dans laquelle Christiern rétabli roi, & son primat Troll, firent égorger en 1520 le sénat entier, & tant d’honnêtes citoyens. Le tyran devenu partout exécrable, fut enfin déposé, & finit ses jours en prison ; Troll mourut les armes à la main ; dignes l’un & l’autre d’une fin plus tragique !


On divise ordinairement Stockholm en quatre parties ; savoir, Sud-Malm, & Nor-Malm, qui sont les deux fauxbourgs, au milieu desquels la ville est située, & dans une île. La quatrieme partie est Garceland, & le tout compose une des grandes villes de l’Europe.


L’île dans laquelle la plus grande partie de Stockholm se trouve enfermée, est environnée de deux bras de riviere, qui sortent impétueusement du lac Meler, & sur chacun de ces bras, il y a un pont de bois ; ensuite il se forme encore quelques autres îles qui n’en sont séparées que par un peu d’eau. D’un côté on a la vûe sur le lac, & de l’autre sur la mer, laquelle forme un golfe qui s’étend à-travers plusieurs rochers, ensorte qu’on le prendroit pour un autre lac. L’eau en est si peu salée, qu’on en pourroit boire devant Stockholm, à cause de la quantité d’eau douce qui y tombe du lac Meler.


On rapporte la fondation de la ville à Birger, qui fut gouverneur de Suede après la mort du roi Erric, surnommé le Begue, & on prétend qu’elle reçut le nom de Stockholm d’une grande quantité de poutres qu’on y apporta des lieux circonvoisins ; stok signifie en suédois une poutre, & holm une île, & même un lieu desert. Quoi qu’il en soit, outre la force de sa situation, elle est encore défendue par une citadelle toute bordée de canons.


Presque tout le commerce de Suede se fait à Stockholm ; il consiste en fer, fil-de-fer, cuivre, poix, résine, mâts, & sapins, d’où on les transporte ailleurs. La plûpart des marchandises & denrées qu’on reçoit des pays étrangers viennent dans ce port, dont le havre est capable de contenir un millier de navires : il y a encore un quai qui a un quart de lieue de long, où peuvent aborder les plus grands vaisseaux ; mais son incommodité consiste en ce qu’il est à dix milles de la mer, & que son entrée est dangereuse à cause des bancs de sable.


On compte dans cette ville neuf églises bâties de brique, & couvertes de cuivre, indépendamment de celles des fauxbourgs. La noblesse & les grands du royaume résident à Stockholm, où l’on a établi, en 1735, une académie des Sciences & de Belles-Lettres.


Le gouvernement de la ville est entre les mains du stadtholder, qui est aussi conseiller du conseil privé. Après lui sont les bourg-mestres, au nombre de quatre, l’un pour la justice, l’autre pour le commerce, le troisieme pour la police, & le quatrieme pour l’inspection sur tous les bâtimens publics & particuliers. Les tributs qui s’imposent sur les habitans pour le maintien du gouvernement de la ville, les bâtimens publics, la paie d’une garde de trois cens hommes, &c. les tributs, dis-je, que les bourgeois doivent​ payer pour cette dépense, seroient regardés comme un pesant fardeau, même dans les pays le plus opulens ; aussi tâche-t-on de dédommager les citoyens sur lesquels tombent ces charges, par les privileges qu’on leur accorde, soit pour les douanes, soit pour le commerce du pays qui passe nécessairement par leurs mains. Long. de Stockholm, suivant Harris, 35. 1. 15. latit. 58. 50. Long. suivant Cassini, 36. 56. 30. latit. 59. 20.


La célebre reine Christine naquit à Stockholm, en 1626, de Gustave Adolphe, roi de de Suede, & de Marie-Eléonore de Brandebourg. Elle avoit beaucoup de sagacité dans l’esprit, l’air mâle, les traits grands, la taille un peu irréguliere. Elle étoit affable, généreuse, & s’illustra par son amour pour les sciences, & son affection pour les gens de lettre. Elle succéda aux états de son pere en 1653, & abdiqua la couronne en 1654, en faveur de Charles Gustave, duc des Deux-Ponts, de la branche de Baviere palatine, son cousin germain, fils de la sœur du grand Gustave.


Peu de tems après cette abdication, Christine vint en France, & les sages admirerent en elle une jeune reine qui, à 27 ans, avoit renoncé à la souveraineté dont elle étoit digne, pour vivre libre & tranquille. Si l’on veut connoître le génie unique de cette reine, on n’a qu’à lire ses lettres, comme M. de Voltaire l’a remarqué.


Elle dit dans celle qu’elle écrivit à Chanut, autrefois ambassadeur de France auprès d’elle : « j’ai possédé sans faste, je quitte avec facilité. Après cela ne craignez pas pour moi, mon bien n’est pas au pouvoir de la fortune ». Elle écrivit au prince de Condé. « Je me tiens autant honorée par votre estime que par la couronne que j’ai portée. Si, après l’avoir quittée, vous m’en jugez moins digne, j’avouerai que le repos que j’ai tant souhaité, me coute cher ; mais je ne me repentirai point pourtant de l’avoir acheté au prix d’une couronne, & je ne noircirai jamais par un lâche repentir une action, qui m’a semblé si belle ; s’il arrive que vous condamniez cette action, je vous dirai pour toute excuse, que je n’aurois pas quitté les biens que la fortune m’a donnés, si je les eusse cru nécessaires à ma félicité, & que j’aurois prétendu à l’empire du monde, si j’eusse été aussi assuré d’y réussir que le seroit le grand Condé ».


Telle étoit l’ame de cette personne si singuliere ; tel étoit son style dans notre lange qu’elle avoit parlé rarement. Elle savoit huit langues ; elle avoit été disciple & amie de Descartes qui mourut à Stockholm dans son palais, après n’avoir pu obtenir seulement une pension en France, où ses ouvrages furent même proscrits pour les seules bonnes choses qui y fussent. Elle avoit attiré en Suede tous ceux qui pouvoient l’éclairer. Le chagrin de n’en trouver aucun parmi ses sujets, l’avoit dégoûtée de regner sur un peuple qui n’étoit que soldat. Elle crut qu’il valoit mieux vivre avec des hommes qui pensent, que de commander à des hommes sans lettres ou sans génie. Elle avoit cultivé tous les arts dans un climat où ils étoient alors inconnus. Son dessein étoit d’aller se retirer au milieu d’eux en Italie. Elle ne vint en France que pour y passer, parce que ces arts ne commençoient qu’à y naître.


Son goût la fixoit à Rome. Dans cette vûe elle avoit quitté la religion luthérienne pour la catholique ; indifférente pour l’une & pour l’autre, elle ne fit point scrupule de se conformer en apparence aux sentimens du peuple chez lequel elle vouloit passer sa vie. Elle avoit quitté son royaume, en 1654, & fait publiquement à Inspruck la cérémonie de son abjuration. Elle plut assez peu à la Cour de France, parce qu’il ne s’y trouva pas une femme dont le génie pût​atteindre au sien. Le roi la vit, & lui fit de grands honneurs, mais il lui parla à peine.


La plûpart des femmes & des courtisans n’observerent autre chose dans cette reine philosophe, sinon qu’elle n’étoit pas coëffée à la françoise, & qu’elle dansoit mal. Les sages ne condamnerent en elle que le meurtre de Monasdelchi son écuyer, qu’elle fit assassiner à Fontainebleau dans un second voyage. De quelque faute qu’il fût coupable envers elle, ayant renoncé à la royauté, elle devoit demander justice, & non se la faire. Ce n’étoit pas une reine qui punissoit un sujet, c’étoit une femme qui terminoit une galanterie par un meurtre ; c’étoit un italien qui en faisoit assassiner un autre par l’ordre d’une suédoise, dans un palais d’un roi de France. Nul ne doit être mis à mort que par les lois. Christine en Suede n’auroit eû le droit de faire assassiner personne ; & certes ce qui eût été un crime à Stockholm, n’étoit pas permis à Fontainebleau.


Cette honte & cette cruauté ternissent prodigieusement la philosophie de Christine qui lui avoit fait quitter un trone. Elle eût été punie en Angleterre ; mais la France ferma les yeux à cet attentat contre l’autorité du roi, contre le droit des nations, & contre l’humanité.


Christine se rendit à Rome, où elle mourut en 1689, à l’âge de 63 ans. Essai sur l’hist. universelle. (Le Chevalier de Jaucourt.)​","[['alt'], ['58 50\' N 35 1\' 15"" E'], ['59 20\' N 36 56\' 30"" E']]",,"alt | 58 50' N 35 1' 15"" E | 59 20' N 36 56' 30"" E","58 50' N 35 1' 15"" E | 59 20' N 36 56' 30"" E"
v15-2173-1,"Suisse, la","Suisse, la, (Géog. mod.)​ pays d’Europe, séparé de ses voisins par de hautes montagnes. Ses bornes ne sont pas aujourd’hui les mêmes que dans le tems que ce pays étoit connu sous le nom d’Helvétie ; la Suisse moderne est beaucoup plus grande.


L’étendue du pays occupé présentement par les Suisses, par les Grisons & par leurs autres alliés, est proprement entre les terres de l’Empire, de la France & de l’Italie. Il confine vers l’orient avec le Tirol ; vers l’occident, avec la Franche-comté ; vers le nord, avec le Sungtgaw, avec la Forêt-noire & avec une partie de la Suabe ; & vers le midi, avec le duché de Savoie, la vallée d’Aoste, le duché de Milan, & les provinces de Bergame & de Bresce. Ce pays, en le prenant dans sa plus grande largeur, s’étend environ l’espace de deux degrés de latitude, savoir depuis le 45d. 45. jusqu’au-delà du 47. & demi, & il comprend environ quatre degrés de longitude, c’est-à-dire depuis le 24. jusqu’au 28. Sa longueur est conséquemment d’environ 90 lieues de France, & sa largeur de plus de 33.


De cette façon, aujourd’hui comme autrefois, la Suisse est bornée au midi par le lac de Geneve, par le Rhône & par les Alpes, qui la séparent des Vallaisans & du pays des Grisons ; mais à l’occident, elle ne se trouve bornée qu’en partie par le mont Jura, qui s’étend du sud-ouest au nord-est, depuis Geneve jusqu’au Botzberg, en latin Vocetius, comprenant au-delà du Jura le canton de Bâle, avec deux petits pays, qui autrefois étoient hors de la Suisse, & dont les habitans portoient le nom de Rauræci. A l’orient & au nord, elle est encore bornée aujourd’hui par le Rhin, à la réserve de la ville & du canton de Schaffouse, qui sont au-delà de ce fleuve & dans la Suabe.


La Suisse n’est pas seulement séparée de ses voisins, mais quelques cantons le sont l’un de l’autre par des suites de montagnes, qui leur servent également de limites & de fortifications naturelles. Elle est séparée particulierement de l’Italie par une si longue chaîne des Alpes, que l’on ne peut pas aller d’un pays à l’autre sans en traverser quelqu’une. Il n’y a que quatre de ces montagnes par lesquelles on puisse passer de la Suisse en Italie, ou du-moins n’y en a-t-il pas davantage où il y ait des chemins pratiqués communément par les voyageurs. L’une est le mont Cenis, par lequel on passe par la Savoie dans le Piémont ; la seconde est le S. Bernard, entre le pays nommé le bas-Valais & la vallée d’Aoste ; la troisieme​ est le Sampion, située entre le haut-Valais & la vallée d’Ossola, dans le Milanez ; & la quatrieme est le S. Godard, qui conduit du canton d’Ury à Bellinzona, & aux autres bailliages suisses en Italie, qui faisoient autrefois partie de l’état de Milan. C’est dans cette étendue de pays montagneux, dit le comte d’Hamilton,



Que le plus riant des vallons,
Au-lieu de fournir des melons,
Est un honnête précipice,
Fertile en ronces & chardons ;
L’on y respire entre des monts,
Au sommet desquels la genisse,
Le bœuf, la chevre, & les moutons,
Ne grimpent que par exercice,
Si fatigués, qu’ils ne sont bons
Ni pour l’usage des maisons,
Ni pour offrir en sacrifice.


Il ne faut pourtant pas s’imaginer que ces montagnes soient des rocs nuds, comme celles de Gènes. Elles portent la plûpart de bons pâturages tout l’été, pour des vastes troupeaux de bétail ; & l’on trouve dans certains intervalles des plaines fertiles, & d’une assez grande étendue.


La subtilité de l’air qu’on respire dans la Suisse & les diverses rivieres qui y prennent leur source prouvent que ce pays est extrèmement élevé. L’Adde, le Tésin, la Lintz, l’Aar, la Russ, l’Inn, le Rhône & le Rhin en tirent leur origine. On y peut ajouter le Danube, car quoiqu’à la rigueur il prenne naissance hors des limites de la Suisse, néanmoins c’est dans le voisinage de Schaffouse. La source de l’Ille est près de Bâle, & celle de l’Adige, quoique dans le comté de Tirol, est pourtant sur les confins des Grisons.


Entre le nombre de lacs de la Suisse, ceux de Constance, de Geneve, de Neufchâtel, de Zurich & de Lucerne sont très-considérables ; les deux premiers ont près de 18 lieues de longueur, & quelquefois 2, 3 ou 4 de largeur ; ils sont également beaux & poissonneux.


Jules César est le premier qui ait fait mention du peuple helvétique comme d’une nation. Il rapporte au commencement de ses commentaires la guerre qu’il eut avec les Helvétiens. Pendant son gouvernement des Gaules, ils firent une irruption en Bourgogne, avec le dessein de se transplanter dans un pays plus agréable & plus capable que le leur, de contenir le nombre infini de monde dont ils fourmilloient. Pour exécuter d’autant mieux ce projet, ils brûlerent douze villes qui leur appartenoient, & quatre cens villages, afin de s’ôter toute espérance de retour. Après cela, ils se mirent en marche avec leurs femmes & leurs enfans, faisant en tout plus de trois cens soixante mille ames, dont près de cent mille étoient en état de porter les armes. Ils voulurent se jetter dans le gouvernement de César par la Savoie ; mais ne pouvant passer le Rhône à la vue de son armée qui étoit campée de l’autre côté de ce fleuve, ils changerent de route, & pénétrerent par la Franche-comté. César les poursuivit, & leur livra plusieurs combats avec différens succès, jusqu’à ce qu’à la fin il les vainquit dans une bataille rangée, les obligea de revenir chez eux, & réduisit leur pays à l’obéissance des Romains, le joignant à la partie de son gouvernement, appellé la Gaule celtique.


Ils vécurent sous la domination romaine jusqu’à ce que cet empire même fut déchiré par les inondations des nations septentrionales, & qu’il s’éleva de nouveaux royaumes de ses ruines. L’un de ces royaumes fut celui de Bourgogne, dont la Suisse fit partie jusque vers la fin du xij. siecle. Il arriva pour-lors que ce royaume fut divisé en plusieurs petites souverainetés, sous les comtes de Bourgogne, de Mau-​rienne, de Savoie, de Provence, ainsi que sous les dauphins du Viennois & sous les ducs de Zéringen.


Par ce démembrement, la Suisse ne se trouva plus réunie sous un même chef. Quelques-unes de ses villes furent faites villes impériales. L’empereur Frédéric Barberousse en donna d’autres avec leur territoire (pour les posséder en fief de l’empire), aux comtes de Habspourg, desquels la maison d’Autriche est descendue. D’autres villes suisses, du moins leur gouvernement héréditaire, fut accordé au duc de Zéringen. La race de ces ducs s’éteignit dans le xiij. siecle : ce qui fournit l’occasion aux comtes de Habspourg d’aggrandir leur pouvoir dans tout le pays. Mais ce qui mit la liberté de la Suisse le plus en danger, ce fut le schisme qui partagea si fort l’empire dans le même siecle, lorsqu’Othon IV. & Frédéric II. étoient empereurs à la fois, & alternativement excommuniés par deux papes qui se succéderent. Dans ce désordre tout le gouvernement fut bouleversé, & les villes de la Suisse en particulier sentirent les tristes effets de cette anarchie ; car comme ce pays étoit rempli de nobles & d’ecclésiastiques puissans, chacun y exerça son empire, & tâcha de s’emparer tantôt d’une ville, tantôt d’une autre, sous quelque prétexte que ce fût.


Cette oppression engagea plusieurs villes de la Suisse & de l’Allemagne d’entrer ensemble en confédération pour leur défense mutuelle ; c’est par ce motif que Zurich, Ury & Schwitz conclurent une alliance étroite en 1251. Cependant cette union de villes ne se trouvant pas une barriere suffisante contre la violence de plusieurs seigneurs, la plûpart des villes libres de la Suisse, & entr’autres les trois cantons que je viens de nommer, se mirent sous la protection de Rodolphe de Habspourg, en se réservant leurs droits & leurs franchises.


Rodolphe étant devenu empereur, la noblesse accusa juridiquement les cantons de Schwitz, d’Ury & d’Underwald de s’être soustraits à leur domination féodale, & d’avoir démoli leurs châteaux. Rodolphe qui avoit autrefois combattu avec danger ces petits tyrans, jugea en faveur des citoyens.


Albert d’Autriche, au lieu de suivre les traces de son pere, se conduisit, dès qu’il fut sur le trône, d’une maniere entierement opposée. Il tâcha d’étendre sa puissance sur des pays qui ne lui appartenoient pas, & perdit par sa conduite violente, ce que son prédécesseur avoit acquis par la modération. Ce prince ayant une famille nombreuse, forma le projet de soumettre toute la Suisse à la maison d’Autriche, afin de l’ériger en principauté pour un de ses fils. Dans ce dessein, il nomma un certain Grisler bailli ou gouverneur d’Ury, & un nommé Landerberg, gouverneur de Schwitz & d’Underwald ; c’étoient deux hommes dévoués à ses volontés. Il leur prescrivit de lui soumettre ces trois cantons, ou par la corruption, ou par la force.


Ces deux gouverneurs n’ayant rien pu gagner par leurs artifices, employerent toutes sortes de violences, & exercerent tant d’horreurs & de traitemens barbares, que le peuple irrité n’obtenant aucune justice de l’empereur, & ne trouvant plus de salut que dans son courage, concerta les mesures propres à se délivrer de l’affreux esclavage sous lequel il gémissoit.


Il y avoit trois hommes de ces trois cantons dont chacun étoit le plus accrédité dans le sien, & qui pour cette raison furent les objets principaux de la persécution des gouverneurs ; ils s’appelloient Arnold Melchtal, du canton d’Underwald ; Werner Stauffacher, du canton de Schwitz ; & Walter Furst, de celui d’Ury. C’étoient de bons & d’honnêtes paysans ; mais la difficulté de prononcer des noms si respectables, a nui peut-être à leur célébrité.​


Ces trois hommes naturellement courageux, également maltraités des gouverneurs, & unis tous trois par une longue amitié que leurs malheurs communs avoient affermie, tinrent des assemblées secretes, pour délibérer sur les moyens d’affranchir leur patrie, & pour attirer chacun dans leur parti, tous ceux de son canton, auxquels il pourroit se fier, & qu’il sauroit avoir assez de cœur pour contribuer à exécuter les résolutions qu’ils prendroient. Conformément à cette convention, ils engagerent chacun trois amis sûrs dans leur complot, & ces douze chefs devinrent les conducteurs de l’entreprise. Ils confirmerent leur alliance par serment, & résolurent de faire, le jour qu’ils fixerent, un soulevement général dans les trois cantons, de démolir les châteaux fortifiés, & de chasser du pays les deux gouverneurs avec leurs créatures.


Tous les historiens nous apprennent que cette conspiration acquit une force irrésistible par un évenement imprévu. Grisler, gouverneur d’Ury, s’avisa d’exercer un genre de barbarie également horrible & ridicule. Il fit planter sur le marché d’Altorff, capitale du canton d’Ury, une perche avec son chapeau, ordonnant sous peine de la vie, de saluer ce chapeau en se découvrant, & de plier le genou avec le même respect que si lui gouverneur eût été là en personne.


Un des conjurés, nommé Guillaume Tell, homme intrépide & incapable de bassesse, ne salua point le chapeau. Grisler le condamna à être pendu, & par un rafinement de tyrannie, il ne lui donna sa grace, qu’à condition que ce pere, qui passoit pour archer très-adroit, abattroit d’un coup de fleche, une pomme placée sur la tête de son fils. Le pere tira, & fut assez heureux ou assez adroit pour abattre la pomme, sans toucher la tête de son fils. Tout le peuple éclata de joie, & battit des mains d’une acclamation générale. Grisler appercevant une seconde fleche sous l’habit de Tell, lui en demanda la raison, & lui promit de lui pardonner, quelque dessein qu’il eût pu avoir. « Elle t’étoit destinée, lui répondit Tell, si j’avois blessé mon fils. » Cependant effrayé du danger qu’il avoit couru de tuer ce cher fils, il attendit le gouverneur dans un endroit où il devoit passer quelques jours après, & l’ayant apperçu, il le visa, lui perça le cœur de cette même fleche, & le laissa mort sur la place. Il informa sur le champ ses amis de son exploit, & se tint caché jusqu’au jour de l’exécution de leur projet.


Ce jour fixé au premier Janvier 1308, les mesures des confédérés se trouverent si bien prises, que dans le même tems les garnisons des trois châteaux furent arrêtées & chassées sans effusion de sang, les forteresses rasées, & par une modération incroyable dans un peuple irrité, les gouverneurs furent conduits simplement sur les frontieres & relâchés, après en avoir pris le serment qu’ils ne retourneroient jamais dans le pays. Ainsi quatre hommes privés des biens de la fortune & des avantages que donne la naissance, mais épris de l’amour de leur patrie, & animés d’une juste haine contre leurs tyrans, furent les immortels fondateurs de la liberté helvétique ! Les noms de ces grands hommes devroient être gravés sur une même médaille, avec ceux de Mons, des Doria & des Nassau.


L’empereur Albert informé de son désastre, résolut d’en tirer vengeance ; mais ses projets s’évanouirent par sa mort prématurée ; il fut tué à Konigsfeld par son neveu Jean, auquel il détenoit, contre toute justice, le duché de Souabe.


Sept ans après cette avanture qui donna le tems aux habitans de Schwitz, d’Ury & d’Underwald de pourvoir à leur sûreté, l’archiduc Léopold, héritier des états & des sentimens de son pere Albert, assembla une armée de vingt mille hommes, dans le des-​sein de saccager ces trois cantons rebelles, & de les mettre à feu & à sang. Leurs citoyens se conduisirent comme les Lacédémoniens aux Thermopyles. Ils attendirent, au nombre de cinq cens hommes, la plus grande partie de l’armée autrichienne au pas de Morgarten. Plus heureux que les Lacédémoniens, ils porterent le désordre dans la cavalerie de l’archiduc, en faisant tomber sur elle une grêle affreuse de pierres, & profitant de la confusion, ils se jetterent avec tant de bravoure sur leurs ennemis épouvantés, que leur défaite fut entiere.


Cette victoire signalée ayant été gagnée dans le canton de Schwitz, les deux autres cantons donnerent ce nom à leur alliance, laquelle devenant plus générale, fait encore souvenir par ce seul nom, des succès brillans qui leur acquirent la liberté.


En vain la maison d’Autriche tenta pendant trois siecles de subjuguer ces trois cantons ; tous ses efforts eurent si peu de réussite, qu’au lieu de ramener les trois cantons à son obéissance, ceux-ci détacherent au contraire d’autres pays & d’autres villes du joug de la maison d’Autriche. Lucerne entra la premiere dans la confédération en 1332. Zurich, Glaris & Zug suivirent l’exemple de Lucerne vingt ans après ; Berne qui est en Suisse ce qu’Amsterdam est en Hollande, renforça l’alliance. En 1481 Fribourg & Soleure ; en 1501 Basle & Schaffhouse accrurent le nombre des cantons. En voilà douze. Le petit pays d’Appenzell, qui y fut aggrégé en 1513, fit le treizieme. Enfin les princes de la maison d’Autriche se virent forcés par le traité de Munster de déclarer les Suisses un peuple indépendant. C’est une indépendance qu’ils ont acquise par plus de soixante combats, & que selon toute apparence, ils conserveront long-tems.


Les personnes un peu instruites conviennent que le corps helvétique doit plutôt être appellé la confédération que la république des Suisses, parce que les treize cantons forment autant de républiques indépendantes. Ils se gouvernent par des principes tout differens. Chacun d’eux conserve tous les attributs de la souveraineté, & traite à son gré avec les étrangers ; leur diete générale n’est point en droit de faire des réglemens, ni d’imposer des lois.


Il est vrai qu’il y a tant de liaison entre les treize cantons, que si l’un étoit attaqué, les douze autres seroient obligés de marcher à son secours ; mais ce seroit par la relation que deux cantons peuvent avoir avec un troisieme, & non par une alliance directe, que chacun des treize cantons a avec tous les autres.


Les Suisses ne voulant pas sacrifier leur liberté à l’envie de s’agrandir, ne se mêlent jamais des contestations qui s’élevent entre les puissances étrangeres. Ils observent une exacte neutralité, ne se rendent jamais garans d’aucun engagement, & ne tirent d’autre avantage des guerres qui desolent si souvent l’Europe, que de fournir indifféremment des hommes à leurs alliés, & aux princes qui recourent à eux. Ils croyent être assez puissans, s’ils conservent leurs lois. Ils habitent un pays qui ne peut exciter l’ambition de leurs voisins ; & si j’ose le dire, ils sont assez forts pour se défendre contre la ligue de tous ces mêmes voisins. Invincibles quand ils seront unis, & qu’il ne s’agira que de leur fermer l’entrée de leur patrie, la nature de leur gouvernement républicain ne leur permet pas de faire des progrès au-dehors. C’est un gouvernement pacifique, tandis que tout le peuple est guerrier. L’égalité, le partage naturel des hommes y subsiste autant qu’il est possible. Les lois y sont douces ; un tel pays doit rester libre !


Il ne faut pas croire cependant que la forme du gouvernement républicain soit la même dans tous les cantons. Il y en a sept dont la république est aristocratique, avec quelque mélange de démocratie ; & six sont purement démocratiques. Les sept aristocra-​tiques sont Zurich, Berne, Lucerne, Basle, Fribourg, Soleure, Schafthouse ; les six démocratiques sont Ury, Schwitz, Underwald, Zug, Glaris & Appenzell. Cette différence dans leur gouvernement semble être l’effet de l’état dans lequel chacune de ces républiques se trouva, avant qu’elles fussent érigées en cantons. Car comme les sept premieres ne consisterent chacune que dans une ville, avec peu ou point de territoire, tout le gouvernement résida naturellement dans le bourgeois, & ayant été une fois restraint à leur corps, il y continue toujours, nonobstant les grandes acquisitions de territoires qu’elles ont faites depuis. Au contraire, les six cantons démocratiques n’ayant point de villes ni de villages qui pussent prétendre à quelque prééminence par dessus les autres, le pays fut divisé en communautés, & chaque communauté ayant un droit égal à la souveraineté, on ne put pas éviter de les y admettre également, & d’établir la pure démocratie.


On sait que la Suisse prise pour tout le corps helvétique, comprend la Suisse propre, les alliés des Suisses, & les sujets des Suisses. La Suisse propre est partagée en seize souverainetés, savoir treize cantons, deux petits états souverains, qui sont le comté de Neuf-Châtel & l’abbaye de S. Gall, une république qui est la ville de S. Gall. Les alliés des Suisses sont les Grisons, les Vallaisans & Genève. Les sujets des Suisses sont ceux qui sont hors de la Suisse, ou ceux qui obéissent à plusieurs cantons qui les possedent par indivis.


Il y a des cantons qui sont catholiques, & d’autres protestans. Dans ceux de Glaris & d’Appenzell, les deux religions y regnent également sans causer le moindre trouble.


Je me suis étendu sur la Suisse, & je n’ai dit que deux mots des plus grands royaumes d’Asie, d’Afrique & d’Amérique ; c’est que tous ces royaumes ne mettent au monde que des esclaves, & que la Suisse produit des hommes libres. Je sais que la nature si libérale ailleurs, n’a rien fait pour cette contrée, mais les habitans y vivent heureux ; les solides richesses qui consistent dans la culture de la terre, y sont recueillies par des mains sages & laborieuses. Les douceurs de la société, & la saine philosophie, sans laquelle la société n’a point de charmes durables, ont pénétré dans les parties de la Suisse où le climat est le plus tempéré, & où regne l’abondance. Les sectes de la religion y sont tolérantes. Les arts & les sciences y ont fait des progrès admirables. Enfin dans ces pays autrefois agrestes, on est parvenu en plusieurs endroits à joindre la politesse d’Athènes à la simplicité de Lacédémone. Que ces pays se gardent bien aujourd’hui d’adopter le luxe étranger, & de laisser dormir les lois somptuaires qui le prohibent !


Les curieux de l’histoire des révolutions de la Suisse consulteront les mémoires de M. Bochat, qui forment trois volumes in-4°. Gesner, Scheuchzer & Wagner ont donné l’histoire naturelle de l’Helvétie. (Le Chevalier de Jaucourt.)​","[[""45 45' N 24 E"", ""47 30' N 28 E""]]",,45 45' N 24 E 47 30' N 28 E,45 45' N 24 E | 47 & demi N 28 E
v15-2292-0,SURATE ou SURATTA,"SURATE ou SURATTA, (Géog. mod.)​ ville des Indes dans les états du Mogol au royaume de Guzurate, sur la riviere de Tapy, vers l’entrée du golfe de Cambaye, avec un château où le grand-Mogol tient toujours un gouverneur. Les dehors de la ville sont les plus beaux du monde ; car outre les jardins où l’on cultive toutes sortes d’arbres fruitiers, la campagne entiere semble vouloir contribuer à tout ce qui peut réjouir la vûe.


Les maisons des gens aisés sont hâties en brique, les autres sont construites en bambous, & couvertes de feuilles de palmier. C’est la ville de toute l’Asie la plus commerçante, & l’abord des marchands de toutes les nations. Les Anglois & les Hollandois y ont des loges, des magasins & des commis. Les Anglois particulierement y ont établi le fort de tout leur commerce des Indes.


La ville est aussi peuplée d’Arabes, de Persans, d’Arméniens, de Turcs & de Juifs qui y demeurent, ou qui s’y rendent perpétuellement pour le commerce. Il consiste en étoffes d’or, de soie, de coton, en épiceries que les Hollandois y portent, en perles, en diamans, rubis, saphyrs, & toutes autres pierres précieuses.


Toutes les monnoies étrangeres y sont converties en roupies d’or & d’argent, sur lesquelles on met la marque affectée à l’empereur regnant. La roupie d’or en vaut quatorze d’argent, & la roupie d’argent vaut environ vingt-sept sols d’Angleterre.


Le havre de Surate est à deux lieues de la ville, au village de Suali ; c’est-là où les navires déchargent leurs marchandises, que l’on acheve de porter par terre à Surate. Cette rade a sept brasses d’eau dans la haute marée, & cinq dans la basse.


Les habitans de Surate sont ou Bénians, ou Bramans, ou Monguls. Ces derniers professent le mahométanisme, & sont les plus considérés, tant à cause de leur religion qu’ils ont commune avec le mogol, & avec les principaux seigneurs du pays, qu’à cause qu’ils portent volontiers les armes. Les Bénians au contraire s’appliquent au travail, au commerce, & ont une dévotion extraordinaire pour les choses religieuses.


Long. de Surate suivant Cassini, 89. 51′. 30″. latit. 21. 10′. Long. suivant les P. P. Jésuites, 90. 21′. 30″. latit. 21. 50′. Latit. sur les cartes angloises, 20. 56, & sur les cartes de M. d’Après de Manvillette, 21. 10 ; ce qui est conforme aux observations de Cassini. (D. J.)​","[['alt'], ['21 10\' N 89 51\' 30"" E'], ['21 50\' N 90 21\' 30"" E']]",,"alt | 21 10' N 89 51' 30"" E | 21 50' N 90 21' 30"" E","21 10' N 89 51' 30"" E | 21 50' N 90 21' 30"" E"
v15-2924-0,TANGER,"TANGER, (Géog. mod.)​ par les anciens Romains Tingis, & par les Africains Tanja, ville d’Afrique au royaume de Fez. C’étoit la capitale de la colonie romaine dans la Mauritanie tangitane, & c’est de-là que partirent depuis les Maures qui soumirent l’Espagne. Tant qu’elle leur appartint elle brilla par sa splendeur, par ses édifices, & par ses environs, décorés​ de jardins & de maisons de plaisance, à cause des eaux qui s’y trouvent. Elle est bâtie dans une belle situation, à 50 lieues de Fez, du côté du nord, sur la côte de l’Océan, près du détroit de Gibraltar, qu’on y traverse en quelques heures. La mer s’élargit en avançant vers l’est. Son terrein n’est pas fertile, mais ses vallons sont arrosés par des sources, où l’on recueille en abondance des fruits de toute espece.


Les rois de Portugal firent des efforts dans le quinzieme siecle pour s’emparer de Tanger. Edouard roi de Portugal, y envoya son fils don Ferdinand pour assieger cette place en 1437, & ce fut sans succès. Le roi Alphonse fut encore obligé d’en lever le siege en 1463 ; mais ayant pris Arzile en 1471, les habitans de Tanger effrayés de cet événement, abandonnerent eux-mêmes leur ville, dont le duc de Bragance se mit en possession, l’on chanta des te Deum de cette conquête, non-seulement en Portugal, mais dans toute l’Andalousie, la Castille, & le royaume de Grenade.


En 1662, cette place fut donnée à Charles II. roi d’Angleterre, pour la dot de sa femme, l’infante de Portugal. Elle étoit alors défendue par deux citadelles ; mais comme les frais qu’il en coutoit pour entretenir les ouvrages & la garnison, consommoient & au-delà, les avantages qu’on pouvoit en retirer, les Anglois céderent la place démantelée en 1684, aux rois de Maroc, qui en jouissent aujourd’hui. Long. suivant Ibn-Saïd, 8. 31. lat. 35. 30. Long. suivant Harrès, 15. 54. 15. lat. 35. 55. (D. J.)​","[['alt'], [""35 30' N 8 31' E""], ['35 55\' N 15 54\' 15"" E']]",,"alt | 35 30' N 8 31' E | 35 55' N 15 54' 15"" E","35 30' N 8 31' O | 35 55' N 15 54' 15"" O"
v15-2948-0,"TANOR, royaume de","TANOR, royaume de, (Géog. mod.)​ petit royaume des Indes méridionales, sur la côte de Malabar ; son étendue n’est que d’environ dix lieues en quarré, mais d’un terroir fertile, & dans un air très-pur. Il est borné au nord par le royaume de Calicut, au midi & au levant par les états du Samorin, & au couchant par la mer. Son chef-lieu emprunte son nom, il est à quinze milles au midi de Calicut. Lat. suivant le pere Thomas, jésuite, 11. 4. (D. J.)​","[[""11 4' N""]]",,11 4' N,11 4' N
v16-168-1,"Ténacerim, ou Ténasserim","Ténacerim, ou Ténasserim, ville des Indes, au royaume de Siam, dans la province de Ténacerim, & près du golfe de Bengale, sur la riviere de même nom. Cette ville autrefois très-marchande, ne l’est plus aujourd’hui. Latit. 12. 45. (D. J.)​","[[""12 45' N""]]",,12 45' N,12 45' N
v16-207-1,"Ténériffe, Pic de","Ténériffe, Pic de, (Géog. mod.)​ le Pic de Ténériffe, que les habitans appellent Pico de Terraira, est regardé comme la plus haute montagne du monde, & on en voit en mer le sommet à soixante milles de distance. On ne peut monter sur cette montagne que dans les mois de Juillet & d’Août, car dans les autres mois le Pic est couvert de neige ; son sommet paroît distinctement au-dessus des nues ; souvent même on les voit au milieu de sa hauteur ; mais puisque la neige tombe & s’y conserve, il en résulte qu’il n’est pas au-dessus de la moyenne région de l’air.


Il faut deux jours pour arriver au haut de cette montagne, dont l’extrémité n’est pas faite en pointe, comme on pourroit l’imaginer de son nom, mais elle est unie & plate. C’est de ce sommet qu’on peut appercevoir distinctement, par un tems serein, le reste des îles Canaries, quoique quelques-unes en soient éloignées de plus de seize lieues.


On tire de cette montagne une grande quantité de pierres sulphureuses, & de soufre minéral, que l’on transporte en Espagne. Il est difficile de douter que cette montagne n’ait été autrefois brulante, puisqu’il y a plusieurs endroits sur les bords du Pic qui fument encore ; dans d’autres, si on retourne les pierres,​on y trouve attaché de très-beau soufre pur : on trouve aussi çà & là, des pierres luisantes, & semblables au mâchefer ; tout le fonds de l’île paroît chargé de soufre : on y rencontre dans sa partie méridionale des quartiers de rochers brulés, entassés les uns sur les autres, par des tremblemens de terre. Cette île en éprouva un terrible en 1704 ; il dura depuis le 24 Décembre, jusqu’au 5 Janvier de l’année suivante ; la terre s’étant entr’ouverte, il s’y forma deux bouches de feu, qui jetterent des cendres, de la fumée, des pierres embrasées, des torrens de soufre, & d’autres matieres bitumineuses. Tout cela est confirmé par la relation de M. Evens, qui fit un voyage dans cette île en 1715. Voyez les Transact. philos. n°. 345.


Nous devons au pere Feuillée des observations importantes qu’il a faites au Pic de Ténériffe, & par lesquelles il a trouvé que la hauteur du sommet du Pic, au-dessus du niveau de la mer, étoit de deux mille deux cens treize toises. Ce pere partit dans le mois d’Août, avec M. Verguin, M. Daniel médecin irlandois, & d’autres curieux, pour monter sur le Pic.


Au bout d’une marche de cinq heures, fort difficile à cause des rochers & des précipices, ils arriverent à une forêt de pins, située sur une croupe de montagne, appellée monte Verde ; on y fit l’expérience du barometre, le mercure se tint à 23 pouces o ligne ; après avoir monté jusqu’auprès du pic isolé qui fait le sommet de la montagne, on fut obligé d’y passer la nuit ; le lendemain le p. Feuillée se blessa en montant sur une roche, & fut obligé de rester au bas de ce pic isolé ; il y fit l’expérience du mercure, qui se tint à 18 pouces 7 lignes $\scriptstyle \frac {1}{2}$. M. Verguin & les autres monterent avec beaucoup de peine au sommet du pic.


Ce sommet est terminé par une espece de cône tronqué, creux en-dedans, qui est l’ouverture d’un volcan, & qu’on appelle à cause de cela, la caldera, c’est-à-dire la chaudiere. Ce creux est ovale, & ses bords terminés inégalement ; on en peut cependant prendre une idée assez juste, en imaginant le bout d’un cône tronqué obliquement à l’axe : le grand axe de cette ovale, est d’environ 40 toises, le petit de 30 ; le mercure ayant été mis en expérience sur son bord le plus élevé, se tint à 17 pouces 5 lignes : le fond de ce creux est fort chaud ; il en sort une fumée sulphureuse, à-travers une infinité de petits trous recouverts par de gros rochers ; on y trouve du soufre qui se liquéfie, & s’évapore facilement par une chaleur égale à celle du corps humain.


Ceux qui étoient au sommet du pic, parlerent à ceux qui étoient restés au sommet de la pointe, d’où on les entendoit fort distinctement, même lorsqu’ils parloient entr’eux ; mais ils ne purent jamais entendre les réponses qu’on leur fit ; ils roulerent le long de la croupe du pic, de grosses pierres qui descendoient avec une rapidité étonnante, & qui en bondissant, faisoient un bruit plus grand que les coups de gros canons : ce qui fit juger que cette montagne est creuse en-dedans.


En descendant de la montagne, ils passerent à une citerne naturelle, dont l’ouverture est à l’orient de la montagne, & dont l’eau est extrèmement froide ; ils ne virent aucune vraissemblance de ce que quelques voyageurs ont rapporté, que cette citerne communique avec la mer.


Nous avons aussi des relations de négocians anglois, qui ont eû la curiosité de monter au sommet de cette montagne. Telle est la relation publiée par Sprat, dans son histoire de la société royale. Les curieux dont il parle, eurent à peine fait une lieue pour grimper sur le pic, que le chemin se trouvant trop rude pour y faire passer leurs montures, ils le laisserent avec quelques-uns de leurs valets : comme ils s’avançoient toujours vers le haut, l’un d’entre eux se sen-​tit tout-à-coup saisi de frissons de fievre, avec flux de ventre, & vomissement. Le poil des chevaux qui étoient chargés de leur bagage, étoit hérissé comme la soie des pourceaux ; le vin qui pendoit dans des bouteilles, au dos d’un cheval, étoit devenu si froid qu’ils furent contraints d’allumer du feu pour le chauffer avant que d’en boire, quoique la constitution de l’air fût assez tempérée.


Après que le soleil fut couché, il commença à faire si froid, par un vent impétueux qui se leva, qu’ils s’arrêterent entre de grosses pierres sous un rocher, où ils firent un grand feu toute la nuit ; sur les quatre heures du matin, ils recommencerent à monter, & étant arrivés une lieue plus haut, un des leurs, à qui les forces manquerent, fut contraint de demeurer à l’endroit où les rochers noirs commencent ; les autres poursuivirent leur voyage jusqu’au pain de sucre, où ils rencontrerent de nouveau du sable blanc, & étant parvenus aux rochers noirs qui sont tout unis comme un pavé, il leur fallut encore marcher une bonne heure, pour grimper au plus haut du pic, où enfin ils arriverent.


Ils découvrirent de-là, l’île de Palme à seize lieues, & celle de Gomer à sept. Le soleil ne fut pas fort élevé, que les nuées qui remplirent l’air, déroberent à leur vue & la mer, & toute l’île, à la reserve des sommets des montagnes situées plus bas que le pic, auquel elles paroissoient attachées ; après s’être arrêtés au sommet pendant quelque tems, ils descendirent par un chemin sablonneux, & ne trouverent dans toute la route que des pins, & une certaine plante garnie d’épines comme la ronce, qui croît parmi ce sable blanc.



From Atlas far, beyond a waste of plains,
Proud Teneriffe, his giant-brother reigns ;
With breathing fire his pitchy nostrils glow,
As from his sides, he shakes the fleecy snow ;
Around their hoary prince, from wat’ry beds,
His subject islands rise their verdant heads ;
The waves so gently wash each rising hill,
The land seems floating, and the ocean still.


C’est Garth, excellent poëte & médecin de grand mérite, qui a fait ces beaux vers sur le pic des Canaries. Longitude de ce pic, suivant Cassini, 1. 51. 30. latit. 28. 30. Long. suivant le pere Feuillée, 1. 9. 30. latit. 28. 13. 20.


Les observations réiterées, faites à l’Orotava, ville située dans l’île de Ténériffe, par le même pere Feuillée, donnent très-exactement la différence en longitude, entre Paris & le pic de Ténériffe, de 18. 53. 00. ou 1. 15. 32. ce qui est d’autant plus utile que les cartes hollandoises font passer par ce pic leur premier méridien, & qu’on en découvre le sommet en mer, à la distance d’environ trente lieues.


Il étoit important de déterminer la longitude du pic de Ténériffe, puisqu’elle doit être d’un grand secours sur mer, pour corriger les routes estimées. (Le chevalier de Jaucourt.)​","[['alt'], ['28 30\' N 1 51\' 30"" E'], ['28 13\' 20"" N 1 9\' 30"" E']]",,"alt | 28 30' N 1 51' 30"" E | 28 13' 20"" N 1 9' 30"" E","28 30' N 1 51' 30"" O | 28 13' 20"" N 1 9' 30"" O"
v16-207-2,Ténériffe,"Ténériffe, (Géog. mod.)​ ville de l’Amérique méridionale, dans la Terre-ferme, au gouvernement de Sainte-Marthe, sur la rive droite de la riviere appellée Rio-grande de la Madalena, à 40 lieues de la ville de Sainte-Marthe. Latit. 9. 46. (D. J.)​","[[""9 46' N""]]",,9 46' N,9 46' S
v16-342-58,"Terre-Neuve, île de","Terre-Neuve, île de, (Géog. mod.)​ grande île de l’Océan sur la côte orientale de l’Amérique septentrionale, à l’entrée du golfe de S. Laurent, entre le 36 & le 53 degré de latitude. Cette île fut reconnue en 1497 par Jean & Sébastien Cabot pere & fils, envoyés pour des découvertes par Henri VII. roi d’Angleterre ; c’est pourquoi les Anglois la nommerent Newfound-land. On lui donne près de 300 lieues de tour. La dispute des Anglois & des François sur la premiere découverte de cette île n’a plus lieu depuis que par le traité d’Utrecht, la France a cédé la possession entiere de Terre-Neuve à la grande-Bretagne.


C’est à soixante lieues de Terre Neuve qu’est le grand banc pour la pêche de la morue, étendue de pays que l’on estime avoir 200 lieues de longueur ; les morues y sont si abondantes, qu’un bon pêcheur en prend plus d’une centaine dans un jour. Cette pêche y est très ancienne, car un anglois rapporte y avoir trouvé l’an 1521, cinquante bâtimens de différentes nations. On en voit aujourd’hui chaque année cinq ou six cens, anglois, françois ou hollandois ; c’est aussi tout l’avantage qu’on retire de Terre-Neuve, qui est un pays rempli de montagnes & de bois. Les brouillards y sont fréquens & de longue durée. Le grand froid en hiver est en partie causé par les glaces, qui venant à flotter sur les côtes, refroidissent l’air sensiblement. Les sauvages de Terre-Neuve sont de petite taille, n’ont que peu ou point de barbe, le visage large & plat, les yeux gros, & le nez court. (D. J.)​","[['36 N', '53 N']]",,36 N 53 N,36 N | 53 N
v16-1380-8,"Tortue, île de la","Tortue, île de la, (Géog. mod.)​ île de l’Amérique septentrionale, une des Antilles, à deux lieues au nord de S. Domingue. Elle a six lieues de long de l’est à l’ouest, & deux de large du nord au sud. Sa partie septentrionale est inaccessible à cause des rochers qui l’environnent. Les autres parties peuvent produire du tabac, du coton, du sucre & de l’indigo. Cette île chétive, aujourd’hui déserte, a couté aux Espagnols & aux François cent fois plus qu’elle ne peut produire en cent ans. Latit. 20. (D. J.)​",[['20 N']],,20 N,20 N
v16-2269-0,TSONG-MING,"TSONG-MING, (Géog. mod.)​ île de la Chine, dans la province de Kiangnang, dont elle n’est séparée à l’ouest que par un bras de mer, qui n’a que 5 à 6 lieues.


Cette île n’étoit anciennement qu’un pays sauvage & desert, tout couvert de roseaux. On y releguoit les bandits & les scélérats, dont on vouloit purger l’empire. Les premiers qu’on y débarqua se trouverent dans la nécessité, ou de périr par la faim, ou de tirer leurs alimens du sein de la terre. L’envie de vivre les rendit actifs. Ils défricherent cette terre inculte : ils en arracherent les plantes inutiles ; ils semerent le peu de grains qu’ils avoient apporté ; & ils ne furent pas long-tems sans recueillir le fruit de leurs travaux. Au bout de quelques années une partie du terroir qu’ils avoient cultivé, devint si fertile, qu’elle leur fournit abondamment de quoi vivre.


Dans la suite des tems, plusieurs familles chinoises, qui avoient de la peine à subsister dans le continent, se transporterent dans l’île, & sortirent de l’indigence.


L’air du pays est assez tempéré, parce que sa chaleur excessive est modérée par des pluies qui tombent en abondance, surtout au milieu de l’été. Toute la campagne est aujourd’hui semée de villages & de maisons. La volaille y abonde, ainsi que le riz, malgré la difficulté de sa culture. On donne à cette île 20 lieues de long, & 5 à 6 de large. Elle est située sous le 33 degré de latitude nord. (D. J.)​",[['33 N']],,33 N,33 N
v16-2511-0,"TZETLAN, île de","TZETLAN, île de, (Géog. mod.)​ petite île de​ la mer Caspienne, à huit lieues de Terki. C’est une île stérile pour la plus grande partie, marécageuse, & seulement couverte de coquilles sur le rivage. Latit. 43. 5. (D. J.)​","[[""43 5' N""]]",,43 5' N,43 5' N
v17-1025-0,USBECKS,"USBECKS, (Géog. mod.)​ ou Tartares Usbecks, peuples tartares qui habitent sur la côte orientale de la mer Caspienne. Ils tiennent une grande étendue de pays, depuis le 72 degré de longitude jusque vers le 80, & depuis le 34 de latitude jusqu’au 40. Ils occupoient au seizieme siecle, & occupent encore le pays de Samarcande. On les distingue en tartares Usbecks de la grande Bucharie, & en tartares Usbecks de Charassin ; mais ils vivent tous dans la pauvreté, & savent seulement qu’il est sorti de chez eux des es-​sains qui ont conquis les plus riches pays de la terre. Voyez Tartares. (D. J.)​","[['34 N 72 E', '40 N 80 E']]",,34 N 72 E 40 N 80 E,34 N 72 E | 40 N 80 E
v17-1331-0,WIAPOCO,"WIAPOCO, (Géog. mod.)​ riviere de l’Amérique, dans la Terre-Ferme, à 4. 40. au nord de la ligne ; cette riviere se jette dans une baie, large environ de 3 lieues ; & son embouchure qui est d’une lieue de large, a environ 14 piés de profondeur. Le cap qui barre la baie vers l’orient, est appellé par les Anglois, Cabo-Cecil, & par les Hollandois, cap d’Orange. (D. J.)​","[[""4 40' N""]]",,4 40' N,4 40' N
v17-1646-0,"YNAGUA, l’île de","YNAGUA, l’île de, (Géog. mod.)​ petite île de l’A-​mérique, au nord de la partie occidentale de l’île Saint-Domingue. Elle est inhabitée. Long. entre les 304. 36. & les 305. 15. latit. méridionale 21. (D. J.)​","[[""21 N 304 36' E"", ""21 N 305 15' E""]]",,21 N 304 36' E 21 N 305 15' E,21 S 304 36' O | 21 S 305 15' O
v17-1714-0,ZACATULA,"ZACATULA, (Géog. mod.)​ ville de l’Amérique septentrionale dans la nouvelle Espagne, dans l’audience du Mexico, proche la côte de la mer du sud, à l’embouchure de la riviere de même nom, à 90 lieues de Mexico, & à 18 d’Acapulco, avec un port. Latit. 18. 10.","[[""18 10' N""]]",,18 10' N,18 10' N
v17-1821-0,ZARPANE île,"ZARPANE île, (Géog. mod.)​ nom d’une des îles Mariannes, située sous le 14d. de latitude septentrionale. On lui donne quinze lieues de tour. Elle a deux ports. (D. J.)​",[['14 N']],,14 N,14 N
v17-1845-0,ZEIBAN,"ZEIBAN, (Géog. mod.)​ ile de la mer Rouge, & l’une des dépendances de l’Arabie heureuse. Davity la met à 16 lieues de la côte d’Alep, sous le 17d. de lat. septentrionale, & lui donne 30 lieues de long & 12 de large. (D. J.)​",[['17 N']],,17 N,17 N
v17-1988-0,"ZOFFA ou ALFAQUES, baie de","ZOFFA ou ALFAQUES, baie de, (Géog. mod.)​ baie de la mer Méditerranée sur la côte d’Espagne, dans la Catalogne. Cette baie peut avoir 10 ou 12 milles de longueur, & 4 à 5 de largeur ; elle est formée par plusieurs îles basses & marécageuses, qui sont bordées de grandes plages de sable. On reconnoît l’entrée de cette baie par la montagne de la Ravitta, qui s’apperçoit de fort loin. La latitude de cette baie est à-peu-près de 40. 22. & la variation de 5 à 6 degrès vers le nord-ouest. (D. J.)​","[[""40 22' N""]]",,40 22' N,40 22' N
