id-enccre,headword,text,coordinates,meridian,coordinates_txt,gpt_preds
v1-1013-1,Aix,"*​ Aix, (Géog.)​ ville de Savoye sur le lac de Bourget. Long. 23. 34. lat. 45. 40.","[[""45 40' N 23 34' E""]]",,45 40' N 23 34' E,45 40' N 23 34' E
v1-1013-3,Aix-la-Chapelle,"*​ Aix-la-Chapelle, (Géog.)​ ville d’Allemagne dans le cercle de Westphalie au Duché de Juliers. Long. 23. 55. lat. 51. 55.","[[""51 55' N 23 55' E""]]",,51 55' N 23 55' E,51 55' N 23 55' E
v1-1060-1,Albe,"*​ Albe, (Géog.)​ ville d’Italie dans le Montferrat, sur la rive droite du Tanaro. L. 25. 40. l. 44. 36.","[[""44 36' N 25 40' E""]]",,44 36' N 25 40' E,44 36' N 25 40' E
v1-1063-0,ALBE-ROYALE ou STUL-WEISSEMBOURG,"*​ ALBE-ROYALE ou STUL-WEISSEMBOURG, (Géog.)​ ville de la basse Hongrie sur le Rausiza. Long. 36. lat. 47.",[['47 N 36 E']],,47 N 36 E,47 N 36 E
v1-1071-0,ALBI,"*​ ALBI, (Géog.)​ ville de France, capitale de​ l’Albigeois, dans le haut Languedoc : elle est sur le Tarn. Long. 19. 49. lat. 43. 55. 44.","[['43 55\' 44"" N 19 49\' E']]",,"43 55' 44"" N 19 49' E","43 55' 44"" N 19 49' E"
v1-1096-0,ALCACAR DO SAL,"*​ ALCAÇAR DO SAL, (Géog.)​ ville de Portugal, dans l’Estramadure, sur la riviere de Cadaon. Long. 9. 41. lat. 38. 18.","[[""38 18' N 9 41' E""]]",,38 18' N 9 41' E,38 18' N 9 41' O
v1-1097-0,ALCAÇAR CEGUER,"ALCAÇAR CEGUER, (Géog.)​ ville d’Afrique, au Royaume de Fez, Province d’Habat. Long. 12. lat. 35.",[['35 N 12 E']],,35 N 12 E,35 N 12 O
v1-1103-0,ALCALA DE GUADAIRA,"*​ ALCALA DE GUADAIRA, (Géog.)​ ville d’Espagne, dans l’Andalousie, sur la riviere de Guadaira. Long. 12. 40. lat. 35. 15.","[[""35 15' N 12 40' E""]]",,35 15' N 12 40' E,35 15' N 12 40' E
v1-1110-0,ALCARAZ,"*​ ALCARAZ, (Géog.)​ ville d’Espagne, dans la Manche, sur la Guardamena. Long. 15. 42. lat. 38. 28.","[[""38 28' N 15 42' E""]]",,38 28' N 15 42' E,38 28' N 15 42' E
v1-112-0,ABERDEEN,"*​ ABERDEEN, ville maritime de l’Ecosse septentrionale. Il y a le vieux & le nouvel Aberdéen. Celui-ci est la capitale de la Province de son nom. Long. 16. lat. 57. 23.","[[""57 23' N 16 E""]]",,57 23' N 16 E,57 23' N 16 O
v1-1160-0,ALESSIS,"*​ ALESSIS (Géog.)​ ville d’Albanie dans la Turquie Européenne, proche l’embouchure du Drin. Long. 37. 15. lat. 41. 48.","[[""41 48' N 37 15' E""]]",,41 48' N 37 15' E,41 48' N 37 15' E
v1-1165-0,ALEXANDRETTE,"*​ ALEXANDRETTE (Géog.)​ ville de Syrie en Asie, à l’extrémité de la mer méditerranée, à l’embouchure d’un petit ruisseau appellé Belum ou Soldrat, sur le golfe d’Ajazze. Lat. 36d. 35′. 10″. long. 54, Voyez Alep.","[['36 35\' 10"" N 54 E']]",,"36 35' 10"" N 54 E","36 35' 10"" N 54 E"
v1-1166-0,ALEXANDRIE ou SCANDERIA,"*​ ALEXANDRIE ou SCANDERIA, ville d’Egypte, à l’une des embouchures occidentales du Nil, près de la mer Méditerranée. Long. 47d. 56′. 30″. lat. 31d. 11′. 30″.


Il y a en Pologne une petite ville de ce nom. Voyez Alexandrow.","[['31 11\' 30"" N 47 56\' 30"" E']]",,"31 11' 30"" N 47 56' 30"" E","31 11' 30"" N 47 56' 30"" E"
v1-1167-0,ALEXANDRIE DE LA PAILLE,"*​ ALEXANDRIE DE LA PAILLE, ville d’Italie dans l’Alexandrin, au Duché de Milan, sur le Tanaro. Long. 26. 15. lat. 44. 53.","[[""44 53' N 26 15' E""]]",,44 53' N 26 15' E,44 53' N 26 15' E
v1-1189-0,ALGER,"*​ ALGER, Royaume d’Afrique dans la Barbarie, borné à l’est, par le Royaume de Tunis, au nord, par la Mediterranée, à l’occident, par les Royaumes de Maroc & de Tafilet, & terminé en pointe vers le midi. Long. 16. 26. lat. 34. 37.","[[""34 37' N 16 26' E""]]",,34 37' N 16 26' E,34 37' N 16 26' E
v1-1207-0,ALICANTE,"*​ ALICANTE, ville d’Espagne, au Royaume de Valence, & sur le territoire de Cégura. Elle est sur là Méditerranée & dans la baie de ce nom. Long. 17. 40. lat. 38. 14.","[[""38 14' N 17 40' E""]]",,38 14' N 17 40' E,38 14' N 17 40' E
v1-128-0,"ABINGDON, ou ABINGTON, ou ABINDON","*​ ABINGDON, ou ABINGTON, ou ABINDON,​ville d’Angleterre en Barkshire, & sur la Tamise. Long. 16. 20. lat. 51. 40.","[[""51 40' N 16 20' E""]]",,51 40' N 16 20' E,51 40' N 16 20' E
v1-1304-0,ALMEDA,"*​ ALMEDA, ville de Portugal dans l’Estramadoure, sur le Tage, à l’opposite de Lisbonne. Long. 9. lat. 38. 42.","[[""38 42' N 9 E""]]",,38 42' N 9 E,38 42' N 9 O
v1-1306-0,ALMEIDE,"*​ ALMEIDE, ville frontiere de Portugal, dans la province de Tra-los-montes, sur les confins du royaume de Léon. Long. 11. 20. lat. 40. 51.","[[""40 51' N 11 20' E""]]",,40 51' N 11 20' E,40 51' N 11 20' E
v1-1364-0,"ALTDORF, ou ALTORF","*​ ALTDORF, ou ALTORF, bourg de Suisse, chef-lieu du canton d’Uri, au-dessous du lac des quatre Cantons, où la Russ se jette dans ce lac. Long. 26. 10. lat. 46. 55.","[[""46 55' N 26 10' E""]]",,46 55' N 26 10' E,46 55' N 26 10' E
v1-1367-0,"ALTENA, ou ALTENAW","*​ ALTENA, ou ALTENAW, ville d’Allemagne, dans la basse Saxe, sur la rive septentrionale de l’Elbe. Long. 27. 25. lat. 54.","[[""54 N 27 25' E""]]",,54 N 27 25' E,54 N 27 25' E
v1-1412-0,AMADABAD,"*​ AMADABAD, grande ville d’Asie, capitale du Royaume de Guzurate, aux Indes orientales, dans l’Empire du Mogol. Long. 90. 15. lat. 23.


Son commerce est d’étoffes de soie, de coton, pures ou mêlées de l’une & de l’autre, comme tulbandes, allégias, attelasses, baffetas & chilses, brocards de draps d’or & d’argent, damas, satins, taffetas, velours, alcatifs d’or, d’argent, de soie, & de laine ; toiles de coton, blanches ou peintes, qui se font dans cette ville même, & qu’on transporte à Surate, à Cambaye, & à Boritschia. Le pays a de l’indigo, du sucre, des confitures, du cumin, du miel, de la laque, de l’opium, du borax, du gingembre, des mirobolans, du salpetre, du sel ammoniac, de l’ambre-gris, du musc, des diamans ; ces trois dernieres marchandises sont d’importation. C’est d’Amadabad ou Amadabath, que viennent toutes les toiles bleues qui passent en Perse, en Arabie, en Abyssinie, à la mer Rouge, à la côte de Mélinde, à Mosambique, à Madagascar, à Java, à Sumatra, à Macassar, aux Moluques.


Boritschia ou Brotchia, ville du Royaume de Gu-​sarate, à 12 lieues de Surate, a aussi des manufactures de toiles de coton. On en fait aussi à Bisantagar, à Pettan, à Brodera, à Goga, à Chin, Pour, Nariaath, Vasset, &c.","[[""23 N 90 15' E""]]",,23 N 90 15' E,23 N 90 15' E
v1-1475-0,AMATRICE,"*​ AMATRICE, ville d’Italie au Royaume de Naples dans l’Abruzze ultérieure. Long. 31. 5. lat. 42. 53.","[[""42 53' N 31 5' E""]]",,42 53' N 31 5' E,42 53' N 31 5' E
v1-1497-0,AMBERT,"*​ AMBERT, ville de France dans la basse-Auvergne, chef-lieu du Livradois. Long. 21. 28. latit. 45. 28.","[[""45 28' N 21 28' E""]]",,45 28' N 21 28' E,45 28' N 21 28' E
v1-1593-0,AMID,"*​ AMID, ville de Turquie dans la Natolie. Lon. 54. 20. lat. 40. 30.","[[""40 30' N 54 20' E""]]",,40 30' N 54 20' E,40 30' N 54 20' E
v1-1705-0,AMRAS,"*​ AMRAS, château fort en Allemagne, dans le Tirol. Lon. 29. 10. lat. 47.","[[""47 N 29 10' E""]]",,47 N 29 10' E,47 N 29 10' E
v1-179-0,"ABRAMBOÉ, ABRAMBAN","*​ ABRAMBOÉ, ABRAMBAN, Ville & Pays sur la côte d’Or d’Afrique & la riviere de Volte. Long. 18. lat. 7.",[['7 N 18 E']],,7 N 18 E,7 N 18 O
v1-1865-3,"Ancre, ou Encre","*​ Ancre, ou Encre, (Géog. mod.)​ petite ville de France en Picardie, sur une petite riviere de même nom. Long. 20. 15. lat. 49. 59.","[[""49 59' N 20 15' E""]]",,49 59' N 20 15' E,49 59' N 20 15' E
v1-1888-0,ANDEOL (Saint),"*​ ANDEOL (Saint), Géog. mod.​ petite ville de France dans le Vivarès. Long. 22-20. lat. 44-24.","[[""44 24' N 22 20' E""]]",,44 24' N 22 20' E,44 24' N 22 20' E
v1-1906-2,André (Saint),"*​ André (Saint), Géog. mod.​ ville d’Ecosse, capitale de la province de Fise sur la côte orientale de la mer Britannique. Long. 15. 15. lat. 36. 30.","[[""36 30' N 15 15' E""]]",,36 30' N 15 15' E,36 30' N 15 15' E
v1-2008-0,ANI,"*​ ANI, (Géog mod.)​ ville d’Arménie, dans le cinquieme climat. Long. 79. lat. sept. 41",[['41 N 79 E']],,41 N 79 E,41 N 79 E
v1-2088-0,ANSPACH ou OHNSPACH,"*​ ANSPACH ou OHNSPACH, (Géog. mod.)​ ville & château d’Allemagne dans la Franconie, capitale de la souveraineté d’Anspach, sur la riviere de même nom. Long. 28. lat. 49. 14.","[[""49 14' N 28 E""]]",,49 14' N 28 E,49 14' N 28 E
v1-2238-0,ANTIVARI,"*​ ANTIVARI, (Géog. mod.)​ ville de la Dalmatie, dans la Turquie Européenne, sur le golfe de Venise, à l’opposite de Bari, dans la Pouille. Long. 36. 45. lat 42.","[[""42 N 36 45' E""]]",,42 N 36 45' E,42 N 36 45' E
v1-2258-0,ANVERS,"*​ ANVERS (Géog. mod.)​ ville des Pays-bas, au duché de Brabant, sur l’Escaut. Long. 21. 50. lat. 51. 12.","[[""51 12' N 21 50' E""]]",,51 12' N 21 50' E,51 12' N 21 50' E
v1-2264-0,ANZERMA ou SAINTE-ANNE D'ANZERMA,"ANZERMA ou SAINTE-ANNE D’ANZERMA, petite ville de l’Amérique méridionale, au royaume de Popayan, sur le fleuve Cauca, près du cap Corrente, dans la province d’Anzerma. Long. 30. 5. lat. 4.","[[""4 N 30 5' E""]]",,4 N 30 5' E,4 S 30 5' O
v1-2276-0,"AOUSTE, ou AOSTE","*​ AOUSTE, ou AOSTE, (Géog.)​ ville ancienne d’Italie au Piémont, capitale du val-d’Aouste, au pié des Alpes. Lon. 25. 3. lat. 45. 38.","[[""45 38' N 25 3' E""]]",,45 38' N 25 3' E,45 38' N 25 3' E
v1-246-0,ACANES,"*​ ACANES, s. m. pl. Il y a le grand & le petit Acane. Ces deux villes sont situées sur la côte d’or de Guinée. Long. 17. 40. lat. 8. 30.","[[""8 30' N 17 40' E""]]",,8 30' N 17 40' E,8 30' N 17 40' O
v1-2531-0,AQUA-NEGRA,"AQUA-NEGRA, petite place d’Italie, dans le Mantoüan, sur la Chiese, un peu au-delà de la jonction de cette riviere avec l’Oglio. L. 27. 55. lat. 45. 10.","[[""45 10' N 27 55' E""]]",,45 10' N 27 55' E,45 10' N 27 55' E
v1-254-0,ACARA ou ACARAI,"*​ ACARA ou ACARAI, s. Place de l’Amérique méridionale dans le Paraguai, bâtie par les Jésuites en 1624. Long. 26. 55. lat. mérid. 26.


Les Anglois, les Hollandois, & les Danois, sont établis à Acara, ce qui les rend maîtres de la traite des Negres & de l’or. Celle de l’or y étoit jadis considérable ; celle des Negres y étoit encore bonne ; les Marchands Maures du petit Acara sont entendus : ils achetent en gros, & détaillent ensuite. La traite de Lampy & de Juda est considérable pour l’achat des Negres. En 1706 & 1707, les vaisseaux de l’Assiente en eurent plus de deux cens cinquante pour six fusils, cinq pieces de perpétuanes, un baril de poudre de cent livres, six pieces d’Indienne, & cinq de tapsels ; ce qui, valeur d’Europe, ne faisoit pas quarante-cinq à cinquante livres pour chaque Negre. Les Negres à Juda étoient plus chers. On voit par une comparaison des marchandises avec une certaine quantité de Negres obtenue en échange, qu’on portoit là des fusils, des pieces de perpetuanes, de tapsels, des bassins de cuivre, des bougis, des chapeaux, du crystal de roche, de l’eau-de-vie, du fer, de la poudre, des couteaux, des pierres-à-fusil, du tabac, & que le Negre revenoit à quatre-vingts-huit ou quatre-vingts-dix livres, valeur réelle de cette marchandise.","[[""26 S 26 55' E""]]",,26 S 26 55' E,26 S 26 55' O
v1-2590-0,ARAMONT,"*​ ARAMONT, (Géog.)​ petite ville de France dans le Languedoc, diocese d’Uzès sur le Rhone. Long. 22. 22. lat. 43. 54.","[[""43 54' N 22 22' E""]]",,43 54' N 22 22' E,43 54' N 22 22' E
v1-2593-0,ARANDA DE DUERO,"*​ ARANDA DE DUERO, s. f. (Geog.)​ ville d’Espagne dans la vieille Castille sur le Duero. Long. 14. 33. lat. 41. 40. Il y a aussi une Aranda au royaume d’Aragon.","[[""41 40' N 14 33' E""]]",,41 40' N 14 33' E,41 40' N 14 33' E
v1-260-0,ACARO,"*​ ACARO, s. contrée & village du Royaume d’Acambou, sur la côte de Guinée en Afrique. Long. 18. lat. 5. 40.","[[""5 40' N 18 E""]]",,5 40' N 18 E,5 40' N 18 E
v1-2614-0,ARAVA,"*​ ARAVA, (Géog.)​ forteresse de la haute Hongrie, dans le comté & sur la riviere de même nom. Long. 37. 30. lat. 49. 20.","[[""49 20' N 37 30' E""]]",,49 20' N 37 30' E,49 20' N 37 30' E
v1-2616-0,ARAW,"*​ ARAW, (Géog.)​ ville de Suisse dans l’Argow, sur l’Aar. Long. 25. 30. lat. 47. 25.","[[""47 25' N 25 30' E""]]",,47 25' N 25 30' E,47 25' N 25 30' E
v1-2732-0,ARCIS-SUR-AUBE,"*​ ARCIS-SUR-AUBE, (Géog.)​ ville de France en Champagne sur l’Aube. Long. 21. 45. lat. 48. 30.","[[""48 30' N 21 45' E""]]",,48 30' N 21 45' E,48 30' N 21 45' E
v1-2738-0,ARCO,"*​ ARCO, (Géog.)​ ville d’Italie dans le Trentin, proche la riviere Sarca, un peu au nord de l’extrémité septentrionale du lac de Garde. Long. 28. 25. latit. 45. 52.","[[""45 52' N 28 25' E""]]",,45 52' N 28 25' E,45 52' N 28 25' E
v1-2755-0,ARDEBIL,"*​ ARDEBIL, (Géog.)​ ville d’Asie, dans la Perse, dans l’Adirbeizan. Long. 65. lat. 37. 55.","[[""37 55' N 65 E""]]",,37 55' N 65 E,37 55' N 65 E
v1-2758-0,ARDENBOURG,"*​ ARDENBOURG, ville des Pays-Bas, dans la Flandre Hollandoise. Long. 21. lat. 51. 16.","[[""51 16' N 21 E""]]",,51 16' N 21 E,51 16' N 21 E
v1-2829-0,ARGENTON,"*​ ARGENTON, (Géog.)​ ville & contrée de France, dans le duché de Berri, divisée en deux par​ la Creuse ; l’une de ces parties est appellée la hauteville, & l’autre la ville-basse. Lon. 19. 10. lat. 40. 30.","[[""40 30' N 19 10' E""]]",,40 30' N 19 10' E,40 30' N 19 10' E
v1-2866-0,ARICA,"ARICA, port & ville de l’Amérique méridionale. Long. 317. 15. lat. mérid. 18. 26.


Le commerce d’Arica est considérable ; les magasins sont pendant quinze jours le dépôt de toutes les richesses du Potosi. Les marchandises qui passent de Lima & des autres ports du Pérou à Arica, sont des draps & des serges ; Quito y envoye ses lainages ; les étoffes riches y viennent d’Espagne par les galions ; il y passe aussi de Quito du froment, de la farine, du mays, de l’acicoca, des huiles, des olives, du sel, du beurre, du fromage, du sucre, du mercure, des sirops, des confitures, &c. des quincailleries, des outils, des ustenciles de ménage, &c. Ces dernieres marchandises viennent d’Europe à Quito.","[[""18 26' S 317 15' E""]]",,18 26' S 317 15' E,18 26' S 317 15' O
v1-2919-0,ARMENTIERES,"*​ ARMENTIERES, (Géog.)​ ville des Pays-bas dans le comté de Flandre, au territoire d’Ypres, capitale du quartier de la Wepe sur la Lys. Lon. 20. 27. lat. 50. 40.","[[""50 40' N 20 27' E""]]",,50 40' N 20 27' E,50 40' N 20 27' E
v1-2931-0,ARMIRO,"*​ ARMIRO, (Géog.)​ ville de la Turquie Européenne, dans la Macédoine, sur le golfe de Vole, & les côtés de l’Archipel, vis-à-vis l’ile de Négrepont. Long. 41. 10. lat. 38. 34.


Il y a encore en Candie, une riviere de ce nom ; elle coule près le Castel-Malvesi, & se décharge dans la Méditerranée, près de Paleo-Castro. On dit que c’est l’Oaxès des Anciens.


On croit que l’Armiro, montagne de Portugal, aux confins de l’Alentéjo, près Portalegre, est l’Herminius, ou Eminius mons des anciens.","[[""38 34' N 41 10' E""]]",,38 34' N 41 10' E,38 34' N 41 10' E
v1-3165-0,ASCHAFFENBOURG,"*​ ASCHAFFENBOURG, ville d’Allemagne dans la Franconie, aux frontieres du bas Rhin, sur la rive droite du Mein, & le penchant d’une colonie. Long. 26. 35. lat. 50.","[[""50 N 26 35' E""]]",,50 N 26 35' E,50 N 26 35' E
v1-3211-0,ASOLA,"*​ ASOLA, ville d’Italie, dans la Lombardie, au Bressen, dans l’état de la république de Venise. Long. 27. 48. lat. 45. 15.","[[""45 15' N 27 48' E""]]",,45 15' N 27 48' E,45 15' N 27 48' E
v1-3298-0,ASSISE,"ASSISE, ville d’Italie, dans l’état de l’Eglise, au duché de Spolette : on y remarque l’église de saint François, qui est à trois étages. Long. 30, 12. lat. 43, 4.","[[""43 4' N 30 12' E""]]",,43 4' N 30 12' E,43 4' N 30 12' E
v1-3440-0,"ATOCK, ou ATTOCK","*​ ATOCK, ou ATTOCK, capitale de la province de même nom, au Mogol en Asie, au confluent du Nilao & de l’Inde. Lon. 90. 40. lat. 32. 20.","[[""32 20' N 90 40' E""]]",,32 20' N 90 40' E,32 20' N 90 40' E
v1-3537-0,AUBAGNE,"*​ AUBAGNE, (Géog.)​ ville de France, en Provence, sur la Veaune. Long. 23, 22. lat. 43. 17.","[[""43 17' N 23 22' E""]]",,43 17' N 23 22' E,43 17' N 23 22' E
v1-3544-0,AUBENTON,"*​ AUBENTON, (Géog.)​ ville de France en Picardie, dans la Thiérache, sur l’Aube. Lon. 21. 55. lat. 43. 51.","[[""43 51' N 21 55' E""]]",,43 51' N 21 55' E,43 51' N 21 55' E
v1-3553-0,AUBIGNY,"*​ AUBIGNY (Géog.)​ ville de France dans le Berry, sur la Nerre. Long. 20. 6. 7. lat. 47. 29. 15.","[['47 29\' 15"" N 20 6\' 7"" E']]",,"47 29' 15"" N 20 6' 7"" E","47 29' 15"" N 20 6' 7"" E"
v1-3563-0,AUÇAGUREL,"AUÇAGUREL (Géog.)​ ville d’Afrique, capitale du royaume d’Adel, sur une montagne. Long. 61. 55. lat. 9. 10.","[[""9 10' N 61 55' E""]]",,9 10' N 61 55' E,9 10' N 61 55' E
v1-3616-0,AUGIAN,"*​ AUGIAN, (Géog.)​ ville de la province d’Adherbigian. Long. 82. 10. lat. septentrionale 37. 8.","[[""37 8' N 82 10' E""]]",,37 8' N 82 10' E,37 8' N 82 10' E
v1-3630-2,Augustin (Saint),"*​Augustin, (Saint) Géog.​ fort de l’Amérique septentrionale, sur la côte orientale de la Floride, à l’extrémité d’une langue de terre. Long. 298. 30. lat. 30.","[[""30 N 298 30' E""]]",,30 N 298 30' E,30 N 298 30' O
v1-3666-0,AUMALE ou ALBEMARLE,"*​ AUMALE ou ALBEMARLE, (Géog.)​ ville de France dans la haute Normandie, au pays de Caux. Long. 19. 20. lat. 49. 50.","[[""49 50' N 19 20' E""]]",,49 50' N 19 20' E,49 50' N 19 20' E
v1-369-0,ACERNO ou ACIERNO,"*​ ACERNO ou ACIERNO, s. ville d’Italie dans le Royaume de Naples. Long. 31. 58. lat. 40. 55.","[[""40 55' N 31 58' E""]]",,40 55' N 31 58' E,40 55' N 31 58' E
v1-3709-0,AURICK,"*​ AURICK, (Géog.)​ ville d’Allemagne dans l’Oostfrise, ou Frise orientale, au cercle de Westphalie. Long. 25. lat. 53. 28.","[[""53 28' N 25 E""]]",,53 28' N 25 E,53 28' N 25 E
v1-3770-0,AUXERRE,"*​ AUXERRE (Géographie.)​ ville de France, au duché de Bourgogne, capitale d’un pays appellé de son nom l’Auxerrois, sur l’Yonne. Long. 21. 14. 20. lat. 47. 54.","[['47 54\' N 21 14\' 20"" E']]",,"47 54' N 21 14' 20"" E","47 54' N 21 14' 20"" E"
v1-3800-0,AY,"*​ AY, (Géog.)​ petite ville de France, en Champagne, près de la Marne. Long. 21. 45. lat. 49. 4.","[[""49 4' N 21 45' E""]]",,49 4' N 21 45' E,49 4' N 21 45' E
v1-3801-0,AYAMONTE,"*​ AYAMONTE, (Géog.)​ petite ville maritime d’Espagne, dans l’Andalousie, sur le côté oriental de l’embouchuré de la Guadiana. Long. 10. 35. lat. 37. 9.","[[""37 9' N 10 35' E""]]",,37 9' N 10 35' E,37 9' N 10 35' O
v1-3820-0,AZAMOR,"*​ AZAMOR, (Géog.)​ petite ville maritime d’Afrique, au royaume de Maroc, dans la province de Duquela. Long. 10. 30. lat. 32. 50.","[[""32 50' N 10 30' E""]]",,32 50' N 10 30' E,32 50' N 10 30' E
v1-3845-0,AZO ou AZOO,"*​ AZO ou AZOO (Géograph.)​ ville d’Asie, aux Indes, sur les frontieres du royaume d’Azem, & la riviere Laquia. Long. 107. lat. 25.",[['25 N 107 E']],,25 N 107 E,25 N 107 E
v1-3847-0,AZOF,"*​ AZOF (Géographie.)​ ville de la Turquie Asiatique, dans la petite Tartarie, à l’embouchure du Don. Long, 58. lat. 47. 18.","[[""47 18' N 58 E""]]",,47 18' N 58 E,47 18' N 58 E
v1-51-0,ABARANER,"*​ ABARANER, s. petite Ville dans la grande Arménie. Long. 64. lat. 39. 50.","[[""39 50' N 64 E""]]",,39 50' N 64 E,39 50' N 64 E
v1-524-0,"ADAM'S PIC en Anglois, ou Pic d'Adam en François","*​ ADAM’S PIC en Anglois, ou Pic d’Adam en François, la plus haute montagne de Ceylan dans l'Isleà vingt lieues de Colombo. Elle a deux lieues de hauteur, & à son sommet une plaine de deux cens pas de diametre. Long. 98. 25. lat. 5. 55.","[[""5 55' N 98 25' E""]]",,5 55' N 98 25' E,5 55' N 98 25' E
v1-547-0,ADEN,"*​ ADEN, (Géogr.)​ ville de l’Arabie heureuse, capitale du Royaume de ce nom. C’est un port de mer, dans une presqu’isle de la côte méridionale, vis-à-vis du cap de Guardafui. Lon. 63. 20. lat. 13. C’est aussi une montagne dans le Royaume de Fez.","[[""13 N 63 20' E""]]",,13 N 63 20' E,13 N 63 20' E
v1-700-0,AERSCHOT,"*​ AERSCHOT, (Géog. mod.)​ ville des Pays-Bas dans le Duché de Brabant sur la riviere de Demere. Long. 26. 10. lat. 51. 4.","[[""51 4' N 26 10' E""]]",,51 4' N 26 10' E,51 4' N 26 10' E
v1-787-0,AGEN,"*​ AGEN, (Géog.)​ ancienne ville de France, capitale de l’Agénois, dans la Guienne, sur la rive droite de la Garonne. Long. 18. 15. 49. lat. 44. 12. 7.","[['44 12\' 7"" N 18 15\' 49"" E']]",,"44 12' 7"" N 18 15' 49"" E","44 12' 7"" N 18 15' 49"" E"
v1-823-0,AGMAT ou AGMET,"*​ AGMAT ou AGMET, (Géog.)​ ville d’Afri-​que, au Royaume de Maroc, dans la province & sur la riviere de même nom. Long. 11. 20. lat. 30. 35.","[[""30 35' N 11 20' E""]]",,30 35' N 11 20' E,30 35' N 11 20' E
v1-826-0,AGNANIE ou ANAGNI,"*​ AGNANIE ou ANAGNI, (Géog.)​ ville d’Italie dans la campagne de Rome. Long. 30-41. lat. 41-45.","[[""41 45' N 30 41' E""]]",,41 45' N 30 41' E,41 45' N 30 41' E
v1-889-0,AGUATULCO ou AQUATULCO ou GUATULCO,"*​ AGUATULCO ou AQUATULCO ou GUATULCO, ville & port de la nouvelle Espagne, en Amérique, sur la mer du Sud. Longit. 279. latit. 25. 10.","[[""25 10' N 279 E""]]",,25 10' N 279 E,25 10' N 279 O
v1-914-0,AICHSTAT,"AICHSTAT, (Géog.)​ ville d’Allemagne dans la Franconie, sur la riviere Altmul. Long. 28. 45. lat. 49.","[[""49 N 28 45' E""]]",,49 N 28 45' E,49 N 28 45' E
v1-981-9,Air ou Ayr,"*​ Air ou Ayr, (Géog.)​ ville d’Ecosse à l’embou-​chure de la riviere de son nom. Long. 14. 40. lat. 56. 22.","[[""56 22' N 14 40' E""]]",,56 22' N 14 40' E,56 22' N 14 40' O
v10-1015-0,MEPPEN,"MEPPEN, (Géog.)​ petite ville d’Allemagne, au cercle de Westphalie, dépendant de l’évêché de Munster. Elle est sur l’Ems, à 6 lieues N. de Lingen, 20 N. O. de Munster. Long. 25. 3. lat. 52. 45. (D. J.)​","[[""52 45' N 25 3' E""]]",,52 45' N 25 3' E,52 45' N 25 3' E
v10-1043-0,MERIDA,"MERIDA, (Géog.)​ par les Latins, Emerita Augusta, ancienne, petite & forte ville d’Espagne, dans la nouvelle Castille. Auguste la bâtit & y éta-​blit une colonie romaine, l’an de Rome 726. Il orna sa nouvelle ville d’un pont de pierre sur la Guadiana, qui fut emporté en 1610, de deux aqueducs, & il acheva un chemin qu’on avoit commencé de cette place à Cadix. On a des médailles qui prouvent tous ces faits. Vespasien y fit aussi de belles réparations.


Sous les Goths, Mérida tenoit le premier rang dans l’état & dans l’Église ; car elle étoit la capitale de la Lusitanie, & la métropole des évêchés d’alentour. Les Maures en ont été les maîtres pendant 520 ans ; elle leur fut enlevée en 1230.


Elle est située dans une vaste campagne, fertile en vins, en pâturages, en fruits admirables, & surtout en grains, à 14 lieues espagnoles E. d’Elvas, 10 S. E. d’Alcantara, 40. S. O. de Madrid. Long. 12. 15. lat. 38. 45. (D. J.)​","[[""38 45' N 12 15' E""]]",,38 45' N 12 15' E,38 45' N 12 15' O
v10-1061-0,MERLOU autrefois Mello,"MERLOU, (Géog.)​ autrefois Mello, petite baronnie de France en Picardie, au diocese de Beauvais ; elle a donné le nom à l’illustre maison de Mello, & appartient présentement à celle de Luxembourg. Long. 20. latit. 49. 10. (D. J.)​","[[""49 10' N 20 E""]]",,49 10' N 20 E,49 10' N 20 E
v10-1077-0,MERTOLA autrefois Myrtilis,"MERTOLA, (Géog.)​ autrefois Myrtilis ; ancienne petite ville de Portugal dans l’Alentéjo. Elle est forte par sa situation, & devoit être opulente du tems des Romains, si l’on en juge par des monumens d’antiquités, comme colonnes & statues qu’on y a déterrées. Cette ville fut prise sur les Maures par dom Sanche en 1239. Elle est auprès de la Guadiana, dans l’endroit où cette riviere commence à porter bateau, à 24 lieues S. d’Evora, 40 de Lisbonne. Long. 10. 20. lat. 37. 30. (D. J.)​","[[""37 30' N 10 20' E""]]",,37 30' N 10 20' E,37 30' N 10 20' O
v10-1115-0,MESSA,"MESSA, (Géog.)​ on l’appelloit autrefois Temese, ancienne ville d’Afrique au royaume de Maroc, dans la province de Sus, au pié de l’atlas proche de l’océan, dans un terrein abondant en palmiers, à 16 lieues O. de Sus. Long. 8. 40. latit. 29. 20. (D. J.)​","[[""29 20' N 8 40' E""]]",,29 20' N 8 40' E,29 20' N 8 40' O
v10-1260-0,MEWIS ou NEWIS,"MEWIS ou NEWIS, (Géog.)​ petite île de l’Amérique septentrionale, & l’une des Antilles, peu loin de S. Christophle. Elle n’a que 16 milles de circuit, & produit abondamment tout ce qui est avantageux à l’entretien des habitans, sucre, coton, gingembre, tabac, &c. Les Anglois en sont les possesseurs depuis 1628, & y ont bâti un fort pour la mettre en sureté. Long. 315, lat, nord 17, 19. (D. J.)​","[[""17 19' N 315 E""]]",,17 19' N 315 E,17 19' N 315 O
v10-1275-0,MÉZIERES,"MÉZIERES, en latin moderne Maceriæ, (Géog.)​ ville de France en Champagne, avec une citadelle. Mézieres appartenoit dans le x. siecle à l’église de Reims ; voyez l’abbé de Longuerue, & Baugier, Mém. hist. de Champagne. Une puissante armée de l’empereur Charles-Quint fut obligée d’en lever le siege en 1521, par la belle résistance du chevalier Bayard. Elle est bâtie en partie sur une colline, en partie dans un vallon, sur la Meuse, à 8 lieues de Rhétel, 5 N. E. de Sedan, 1 S. E. de Charleville, 51 N. E. de Paris. Long. 22d23′15″. lat. 59d44′47″.","[['59 44\' 47"" N 22 23\' 15"" E']]",,"59 44' 47"" N 22 23' 15"" E","59 44' 47"" N 22 23' 15"" E"
v10-1293-0,MICHAELSTOWN,"MICHAELSTOWN, (Geog.)​ ville de l’Amérique dans l’île de la Barbade, avec une bonne citadelle & un bon port, appartenant aux Anglois, qui la nomment communément Bridg-town. Longit. 319. 50. lat. 13. (D. J.)​","[[""13 N 319 50' E""]]",,13 N 319 50' E,13 N 319 50' O
v10-1296-0,"MICHELSTATT, ou MICHLENSTATT","MICHELSTATT, ou MICHLENSTATT, (Géog.)​ petite ville d’Allemagne, au cercle de Franconie, sur la riviere de Mulbing, dans le comté d’Erpach, entre la ville d’Erpach & Furstenau. Long. 27. 48. lat. 48. 22.","[[""48 22' N 27 48' E""]]",,48 22' N 27 48' E,48 22' N 27 48' E
v10-1312-0,MIDDELBOURG,"MIDDELBOURG, (Géog.)​ en latin moderne Middelburgum ; belle, riche & forte ville des Pays-bas, capitale de l’île de Walchren, & de toute la Zélande ; avec un port nouvellement creusé, large, profond, propre à recevoir des vaisseaux de 400 tonneaux, qui abordent chargés au milieu de la ville, où le canal qui communique à la mer, se divise dès son entrée.


Le gouvernement politique & civil de Middelbourg, est entre les mains de deux bourguemestres, d’onze échevins & de douze conseillers. Le Calvinisme y est introduit depuis 1574.


Cette ville a pris son nom de ce qu’elle est presque au milieu de l’ile de Walchren : elle est aussi située comme au milieu, entre celle de Were au N. E. & celle de Flessingue au S. O. à 8 lieues N. E. de Bruges, 12 N. O. de Gand, 14 N. O. d’Anvers, 29 S. O. d’Amsterdam. Long. 21. 18. lat. 51. 30.


Entre les gens de lettres qu’a produit Middelbourg, je ne dois pas oublier Adrien Beverland & Melchior Leydecker. Le premier abusa de son esprit & de ses talens dans ses écrits licentieux. Il écrivit dans le goût d’Ovide, de Catulle & de Pétrone ; il mourut vers 1712. Le second au contraire, se distingua par son érudition dans les antiquités ecclésiastiques ; & sur-tout par son grand ouvrage latin de la république des Hébreux, en 2 vol. in-fol. Il mourut professeur à Utrecht en 1721, à 78 ans. (D. J.)​","[[""51 30' N 21 18' E""]]",,51 30' N 21 18' E,51 30' N 21 18' E
v10-1324-0,MIENCHO,"MIENCHO, (Géog.)​ ville de la Chine dans la province de Suchuen, & la premiere métropole de cette province, sous le 31 degré de latitude, & plus occidentale que Péking de 12. 55. (D. J.)​","[[""31 N 12 55' W""]]",['Pékin'],31 N 12 55' W,31 N
v10-1326-0,MIESZAVA,"MIESZAVA, (Géog.)​ petite ville de Pologne dans la Cujavie, sur la rive gauche de la Vistule, à 4 lieues de Thorn. Long. 37. 5. lat. 52. 50. (D. J.)​","[[""52 50' N 37 5' E""]]",,52 50' N 37 5' E,52 50' N 37 5' E
v10-1338-2,"Miguel, l'île de Saint -","Miguel, l’île de Saint- (Géogr.)​ l’une des Açores, & l’une des plus orientales. Elle a environ 20 lieues de long, & est exposée aux tremblemens de terre. Puntadel-Gado en est la capitale. Longit. 354. 50. lat. 38. 10.","[[""38 10' N 354 50' E""]]",,38 10' N 354 50' E,38 10' N 354 50' E
v10-145-0,MANRESE,"MANRESE, (Géog.)​ en latin Minorissa, ancienne petite ville d’Espagne dans la Catalogne, au confluent du Cordonéro & du Lobrégat, à 9 lieues N. O. de Barcelone, 6 S. E. de Cardonne. Long. 19. 30. lat. 41. 36.","[[""41 36' N 19 30' E""]]",,41 36' N 19 30' E,41 36' N 19 30' E
v10-1453-0,MINSKI,"MINSKI, (Géog.)​ ville forte de Pologne, dans la Lithuanie ; capitale d’un palatinat de même nom. Le tribunal supérieur de la Lithuanie s’y tient de 3 en 3 ans. Elle est située vers la source de la riviere de Swislocks. Long. 45. 32, lat. 35. 57. (D. J.)​","[[""35 57' N 45 32' E""]]",,35 57' N 45 32' E,35 57' N 45 32' E
v10-1456-0,MINURI,"MINURI, (Géog.)​ petite ville d’Italie au royaume de Naples, dans la principauté citérieure, avec un évêché suffragant d’Amalfi, dont elle est à deux lieues N. E. Long. 32. 9. lat. 40. 37.","[[""40 37' N 32 9' E""]]",,40 37' N 32 9' E,40 37' N 32 9' E
v10-1467-0,"MIQUENETS, ou MÉQUINEZ","MIQUENETS, ou MÉQUINEZ, (Géog.)​ ancienne & grande ville d’Afrique au royaume de Fez, sur laquelle voyez Olon, relat. de l’empire de Maroc.


Cette ville est fort peuplée, quoiqu’elle n’ait ni bonne eau ni manufacture, mais la cour y fait sa résidence : à la réserve du palais & des mosquées, il n’y a point d’autres édifices publics. On y garde les esclaves chrétiens, pour lesquels le roi d’Espa-​gne y entretient un hôpital qui peut contenir cinquante malades. Les Juifs y ont un quartier assez considérable, où demeure le chef de leur nation. Dans tout le royaume, c’est lui qui impose & paye les garammes auxquels la nation juive du pays est taxée. C’est par lui que l’empereur entretient un commerce pécunieux & politique avec toutes les nations amies & ennemies.


Miquénès est à 17 lieues de Salé, à 20 de Mamore, & à 5 des montagnes du grand Atlas. Ptolomée la place à 7. 50. de long. & à 34. 15. de lat. sous le nom de Silda, qui a depuis été changé en celui de Miquenés. (D. J.)​","[[""34 15' N 7 50' E""]]",,34 15' N 7 50' E,34 15' N 7 50' O
v10-1482-0,MIREPOIX,"MIREPOIX, (Géog.)​ petite ville de France dans le haut Languedoc, avec un évêché suffragant de Toulouse, valant dix-huit mille livres de renté, & n’ayant que 154 paroisses. Cette ville est nommée dans la basse-latinité Mirapicum, Mirapicium, Mirapicis castrum. C’étoit un lieu fort, & une place d’armes du comté de Foix, au commencement du treizieme siecle. Les Croisés la prirent, & la donne-​rent à Gui de Levis, un de leurs principaux chefs, donation que confirmerent les rois de France, de sorte que Mirepoix a resté depuis lors dans cette même maison. Elle est sur le Gers, à 6 lieues N. E. de Foix, 16 S. E. de Toulouse, 172 S. O. de Paris. Long. 19. 32. lat. 43. 7. (D. J.)​","[[""43 7' N 19 32' E""]]",,43 7' N 19 32' E,43 7' N 19 32' E
v10-1512-0,MISLINITZ,"MISLINITZ, (Géog.)​ petite ville de Pologne dans le palatinat de Cracovie, située entre deux montagnes, à 4 lieues de Cracovie. Long. 38. 2. latit. 50. 4.","[[""50 4' N 38 2' E""]]",,50 4' N 38 2' E,50 4' N 38 2' E
v10-156-0,MANSOURE ou MASSOURE,"MANSOURE ou MASSOURE, (Géogr.)​ forte ville d’Egypte qui renferme plusieurs belles mosquées ; c’est la résidence du cascief de Dékalie. Elle est sur le bord oriental du Nil, près de Damiete. C’est dans son voisinage qu’en 1249 se livra le combat entre l’armée des Sarrasins & celle de S. Louis, qui fut suivie de la prise de ce prince & de la perte de Damiete. Long. 49. 35. lat. 27. (D. J.)​","[[""27 N 49 35' E""]]",,27 N 49 35' E,27 N 49 35' E
v10-1593-0,MODICA,"MODICA, (Géog.)​ petite ville de Sicile, dans le val de Noto, à l’orient de Noto, au nord de Sichili, & au midi oriental de Raguse, sur la riviere de Modica. C’est l’ancienne Mutyca. Long. 33. 34. lat. 36. 58.","[[""36 58' N 33 34' E""]]",,36 58' N 33 34' E,36 58' N 33 34' E
v10-1602-0,MODONEDO,"MODONEDO, Glandomirum, (Géogr.)​ ville d’Espagne dans la Galice, avec un évêché suffragant de Compostelle. Elle est dans une campagne fertile, & dans un air sain, à la source du Migno, à 20 lieues N. E. de Compostelle, & environ autant N. E. d’Oviédo. Long. 10. 27. lat. 43. 30.","[[""43 30' N 10 27' E""]]",,43 30' N 10 27' E,43 30' N 10 27' E
v10-1609-0,MODZYR,"MODZYR, (Géog.)​ en latin Modziria ; ville de Pologne, dans la Lithuanie, sur le Pripecz, chef lieu d’un territoire de même nom, qui est fertile & bien cultivé. Modzyr est située dans un marais, entre Turow à l’occident, & Babica à l’orient. Long. 46. 45. lat. 52. 5. (D. J.)​","[[""52 5' N 46 45' E""]]",,52 5' N 46 45' E,52 5' N 46 45' E
v10-1623-0,MOGADOR,"MOGADOR, (Géogr.)​ petite isle & château d’Afrique, au royaume de Maroc, à 5 milles de l’Océan. On croit que c’est l’île Erythrée des anciens. Il y a des mines d’or & d’argent dans une montagne voisine. Long. 8. lat. 31. 35. (D. J.)​","[[""31 35' N 8 E""]]",,31 35' N 8 E,31 35' N 8 E
v10-1629-0,"MOHATZ, Anamarcia","MOHATZ, (Géog.)​ Anamarcia, bourgade de la basse-Hongrie, dans le comté de Baraniwar ; elle est fameuse par les deux grandes batailles de 1526 & de 1687 ; la premiere, gagnée par Soliman II. contre Louis, dernier roi de Hongrie, qui y perdit la vie. Et la seconde gagnée par les Chretiens, contre les Turcs. Mohatz est au confluent de la Corasse & du Danube. Long. 36. 8. lat. 45. 50. (D. J.)​","[[""45 50' N 36 8' E""]]",,45 50' N 36 8' E,45 50' N 36 8' E
v10-1735-0,MONCAON,"MONCAON, (Géog.)​ ville forte de Portugal, dans la province d’entre Duéro & Minho, avec un château & titre de comté. Elle est sur le Minho, à 3 lieues S. E. de Tuy, 10 N. de Brague. Long. 9. 33. lat. 41. 52. (D. J.)​","[[""41 52' N 9 33' E""]]",,41 52' N 9 33' E,41 52' N 9 33' E
v10-1749-0,MONDONNEDO,"MONDONNEDO, (Géog.)​ en latin par quelques géographes Glandomirum, ville d’Espagne en Galice, avec un évêché suffragant de Compostelle. Elle est située à la source de la petite riviere du Minho au pié des montagnes, à l’extrémité d’une campagne fertile, & favorisée d’un air très-sain, ce qui ne se trouve pas toujours en Galice, à 22 lieues N. E. de Compostel, & à pareille distance N. E. d’Oviedo. Long. 10. 27. lat. 43. 30.","[[""43 30' N 10 27' E""]]",,43 30' N 10 27' E,43 30' N 10 27' O
v10-1759-0,MONICKENDAM ou MONIKEDAM,"MONICKENDAM ou MONIKEDAM, (Géog.)​ en latin moderne, Monachodamum, petite ville de la Nort-Hollande, sur le Zuiderzée, proche d’Edam, à 3 lieues d’Amsterdam, dans le Waterland. Elle députe aux états de Hollande. Monickendam signifie la digue de Monick, qui est le nom d’une petite riviere qui la traverse, & se jette dans la mer. Long. 22. 25. lat. 52. 29. (D. J.)​","[[""52 29' N 22 25' E""]]",,52 29' N 22 25' E,52 29' N 22 25' E
v10-1765-0,MONMOUTH,"MONMOUTH, (Géog.)​ ville d’Angleterre, capitale du Montmoutshire. Elle est dans une situation agréable, entre la Wye & le Monnow, à 100 milles de Londres, & à six S. d’Héréford. Long. 14. 55. Lat. 51. 55.​


C’est la patrie d’Henri V. roi d’Angleterre, qui conquit la France, & força les François dans la triste désunion qui les déchiroit, de le reconnoître pour régent, & pour héritier de leur royaume. Les historiens anglois le dépeignent comme un héros accompli, & les historiens françois mettent dans son portrait toutes les ombres qui peuvent en ternir l’éclat. Il est nécessaire pour se faire une juste idée de ce prince, de considérer ses actions dans toutes leurs circonstances, indépendamment de l’admiration des uns, & de l’envie des autres. Mais on peut louer en lui, sans crainte d’être trompé, le génie, la tempérance, dès le moment qu’il fut monté sur le trône, un courage, & une valeur personnelle peu commune. Il eut encore la sagesse de ne point toucher aux libertés & aux priviléges de son peuple. Il mourut à Vincennes en 1422, à 36 ans.","[[""51 55' N 14 55' E""]]",,51 55' N 14 55' E,51 55' N 14 55' O
v10-1859-0,MONTE-FALCO,"MONTE-FALCO, (Géogr.)​ petite ville d’Italie dans l’état de l’Eglise, au duché de Spolete, sur une montagne, près du Clitunno. Long. 30. 25. lat. 42. 58.


Elle se vante d’avoir donné la naissance à sainte Claire en 1193. Cette pieuse amie de saint François d’Assise établit un convent dont elle fut abbêsse, fonda l’ordre des religieuses qui portent son nom, mourut en 1253, & fut canonisée peu de tems après par le pape Alexandre IV.","[[""42 58' N 30 25' E""]]",,42 58' N 30 25' E,42 58' N 30 25' E
v10-1873-0,MONTEREAU-FAUT-YONNE,"MONTEREAU-FAUT-YONNE, (Géogr.)​ petite ville de France en Champagne, entre Sens & Melun, au confluent de l’Yonne avec la Seine : son nom latin est Monasteriolum senonum : cette ville a eu long-tems ses seigneurs propriétaires. Philippe-le-Bel l’acquit du Seigneur d’Auquoi. C’est sur le pont de cette ville que fut tué d’un coup de hache, par Tanneguy-du-Chatel, le 10 Septembre 1419, Jean duc de Bourgogne, conformément aux ordres du Dauphin de France, depuis roi sous le nom de Charles VII. Un jour qu’on montroit encore à Dijon le crâne de ce duc de Bourgogne à François I, & qu’il témoigna sa surprise du grand trou qui y étoit marqué, un chartreux lui dit : Sire, cessez de vous étonner, c’est le trou par où les Anglois ont passé en France. Voyez Baugier, Mém. de Champagne, pag. 374. Montereau-Faut-Yonne est à 14 S. E. de Paris. Long. 20. 32. lat. 48. 20. (D. J.)​","[[""48 20' N 20 32' E""]]",,48 20' N 20 32' E,48 20' N 20 32' E
v10-1875-0,MONTEREY,"MONTEREY, (Géogr.)​ petite ville d’Espagne, dans la Galice, aux frontieres du Portugal, avec titre de comté sur la riviere de Tamaga, Long. 10. 11. lat. 41. 58.","[[""41 58' N 10 11' E""]]",,41 58' N 10 11' E,41 58' N 10 11' E
v10-1877-0,MONTÉSA,"MONTÉSA, (Géogr.)​ forte ville d’Espagne, au royaume de Valence, à deux lieues de Xativa. C’est le siege d’un ordre de chevalerie qui en porte le nom, & qui fut établi en 1317, par Jacques II, roi d’Aragon. Long. 27. 11. lat. 39. 1.","[[""39 1' N 27 11' E""]]",,39 1' N 27 11' E,39 1' N 27 11' E
v10-1882-0,MONTGOMÉRY,"MONTGOMÉRY, (Géog.)​ ville d’Angleterre, capitale du comté de même nom, qui est une des provinces méridionales du pays de Galles ; province fertile, contenant environ 56 mille arpens, 47 paroisses, & 6 bourgs à marché. C’est dans Montgoméryshire que la Saverne prend sa source. La capitale envoie deux députés au parlement, & est à​100 milles N. O. de Londres. Long. 14. 22. lat. 52. 36. (D. J.)​","[[""52 36' N 14 22' E""]]",,52 36' N 14 22' E,52 36' N 14 22' O
v10-1884-0,MONTIEL,"MONTIEL, (Géog.)​ petite ville d’Espagne, dans la nouvelle Castille, à 6 lieues O. d’Alcala. C’est le Laminium des anciens, & le chef lieu de la partie orientale de la Manche, qu’on nommoit autrefois Lamimitanus ager. Long. 14. 36. lat. 40. 28. (D. J.)​","[[""40 28' N 14 36' E""]]",,40 28' N 14 36' E,40 28' N 14 36' O
v10-1894-0,MONT-MEDI,"MONT-MEDI, (Géog.)​ en latin moderne, Mons Medius ; petite, mais forte ville de France, dans le Luxembourg François, sur le Cher. Elle appartient à la France depuis 1657. Elle est à 9 lieues S. E. de Sédan, 10 S. O. de Luxembourg, 52 N. E. de Paris. Long. 23. 5. lat. 49. 36. (D. J.)​","[[""49 36' N 23 5' E""]]",,49 36' N 23 5' E,49 36' N 23 5' E
v10-1897-0,MONTMORENCI,"MONTMORENCI, (Géogr.)​ petite ville sans murailles, de l’île de France, dont la maison de Montmorenci a tiré son nom.


La terre de Montmorenci étoit une des anciennes baronies du royaume. Elle fut érigée en duché pairie, l’an 1551, par Henri II. en faveur d’Anne de Montmorenci, connétable de France, avec l’union de plusieurs autres lieux. Ce duché étant éteint par la mort du maréchal de Montmorenci, en 1633, Louis XIII. érigea de nouveau cette terre en du-​ché-pairie en faveur d’Henri II. duc de Bourbon, prince de Condé, sous le nom d’Enghien, par lettres patentes de 1689, registrées au parlement le 2 Janvier 1690. Mais les habitans n’ont point encore changé l’ancien nom du lieu. Il est situé sur une colline au-dessus d’une grande vallée, dans un beau point de vûe, à une grande lieue de S. Denis, & 3 de Paris. Longit. 19d. 58′. 56″. lat. 48d. 58′. 4″.


Jean le Laboureur, né à Montmorenci, en 1623, fut d’abord gentilhomme servant de Louis XIV. ensuite il entra dans l’état ecclésiastique, devint aumônier du roi, & commandeur de l’ordre de S. Michel. Sa relation du voyage de Pologne, où il accompagna la maréchale de Guébriant, la seule femme qui ait fait les fonctions d’ambassadrice plénipotentiaire, est une rélation amusante & romanesque. Mais les commentaires historiques, dont il a enrichi les mémoires de Castelnau, ont répandu beaucoup de jour sur l’histoire de France. Son traité de l’origine des armoiries n’est pas assez travaillé. Le mauvais poëme de Charlemagne, qu’on lui a donné, n’est pas de lui, mais de Louis le Laboureur son frere. Jean le Laboureur mourut en 1675, à 52 ans. (D. J.)​","[['48 58\' 4"" N 19 58\' 56"" E']]",,"48 58' 4"" N 19 58' 56"" E","48 58' 4"" N 19 58' 56"" E"
v10-1909-0,MONTROSS,"MONTROSS, (Géog.)​ ville d’Ecosse, dans la province d’Angus, qui donne le titre de duc au chef de la maison de Graham ; c’est un bon port de mer qui reçoit de gros vaisseaux. Il est situé du côté de Merues, à l’embouchure de la riviere d’Esk, à 15 lieues N. E. d’Edimbourg, huit de saint André. Long. 15. 24. lat. 56. 48.","[[""56 48' N 15 24' E""]]",,56 48' N 15 24' E,56 48' N 15 24' E
v10-1978-0,MORGES,"MORGES, (Géog.)​ ville de Suisse dans le pays de Romand, au canton de Berne, capitale d’un bailliage, avec un château où réside le bailli. Elle a une vue admirable, & est sur le lac de Genève, à deux lieues de Lausanne.


Les Bernois ont pratiqué à Morges un pont assez spacieux, fermé de murs, avec un quai & des halles, & ce seul ouvrage fait prosperer cette ville. Le bailliage de Morges comprend la côte ou du moins la plus grande partie de cette contrée qui passe pour le meilleur vignoble des treize cantons de la Suisse. La côte est un quartier de pays, de trois lieues de long sur le lac Léman, & qui s’éleve insensiblement jusqu’à une lieue de marche. La perspective toute parsemée de villes, de villages & de châteaux en amphithéatre, en est si belle, que Tavernier & le docteur Burnet disoient n’avoir rien vu ailleurs qui fût comparable à cet aspect. Long. 24. 15. lat. 46. 30. (D. J.)​","[[""46 30' N 24 15' E""]]",,46 30' N 24 15' E,46 30' N 24 15' E
v10-1997-0,MORLAIX,"MORLAIX, (Géogr.)​ ville de France en Bretagne, avec une rade qui peut passer pour un bon mouillage, un port qui reçoit des navires de cent tonneaux, & un château qu’on nomme le Taureau pour couvrir la ville.


Le mot de Morlaix est corrompu de Monrelaix ;  car le nom latin du moyen âge est Mons Relaxus ;  ce n’étoit qu’un château sur la fin du xij. siecle. Aujourd’hui Morlaix est plus considérable que la capitale du diocese. Il s’y fait un grand commerce de fil & de toile pour l’étranger. Même par un privilege exclusif, contraire au bien du pays, les marchands de Morlaix ont seuls le droit d’acheter les toiles de la main de l’ouvrier ou du marchand de la campagne qui les vend.


Cette ville est située sur une petite riviere qui porte son nom à 2 lieues de la mer & de Saint-Paul de Léon, 12 N. E. de Brest, 18 O. de Saint-Brieux, 110 de Paris. Long. 13. 45. latit. 48. 35. (D. J.)​","[[""48 35' N 13 45' E""]]",,48 35' N 13 45' E,48 35' N 13 45' E
v10-2020-0,MORTAGNE,"MORTAGNE, (Géog.)​ en latin Moritania Pertici ; ville de France dans le Perche, dont elle est regardée comme la capitale, quoique Belesme & Nogent-le-Rotrou le lui disputent. Elle est à 7 lieues S. E. de Seez. 9 lieues N. E. d’Alençon, 34 S. O. de Paris. Long, selon Cassini 18. 3. 41. lat. 48. 31. 17. (D. J.)​","[['48 31\' 17"" N 18 3\' 41"" E']]",,"48 31' 17"" N 18 3' 41"" E","48 31' 17"" N 18 3' 41"" E"
v10-2028-0,MORTEMAR,"MORTEMAR, (Géog.)​ bourg de France au Poitou, avec titre de duché, érigé par lettres patentes de Louis XIV. en 1650, registrées le 15 Décembre 1663, en conséquence des lettres de surannation du 11 du même mois, & présentement éteint. Long. 16. 30. lat. 47.2. (D. J.)​","[[""47 2' N 16 30' E""]]",,47 2' N 16 30' E,47.2 N 16 30' E
v10-2088-0,MOUAB ou MOAB,"MOUAB ou MOAB, (Géog.)​ selon M. de l’Isle, nouvelle petite ville de l’Arabie heureuse, fondée par le roi d’Yemen en 1710, dans un terroir fertile, entre Damar & Sanaa, sur la pente d’une petite montagne. Le roi d’Yemen fait son séjour dans une maison de plaisance qu’il a bâtie au haut de la même montagne. Long. 64. 40. lat. 14. 5.","[[""14 5' N 64 40' E""]]",,14 5' N 64 40' E,14 5' N 64 40' E
v10-2132-0,MOULTAN,"MOULTAN, (Géog.)​ ville des Indes sur le fleuve Rave. Long. selon Petit de la Croix, 116. lat. 29. (D. J.)​",[['29 N 116 E']],,29 N 116 E,29 N 116 E
v10-219-0,MARANT,"MARANT, (Géog.)​ on écrit aussi Marand & Marante, petite ville de Perse dans l’Adirbetzan, dans un terrein agréable & fertile. Les Arméniens, dit Tavernier, croient par tradition que Noé a été enterré à Marant, & ils pensent que la montagne que l’on voit de cet endroit dans un tems serain, est celle où l’arche s’arrêta après le déluge. Longitude 81. 15. latit. 37. 30. suivant les observations des Persans. (D. J.)​","[[""37 30' N 81 15' E""]]",,37 30' N 81 15' E,37 30' N 81 15' E
v10-2210-0,"MUGGIA, ou MUGLIA","MUGGIA, ou MUGLIA, (Géogr.)​ petite ville d’Italie dans l’Istrie, sur le golfe occidental du même nom. Elle appartient aux Vénitiens depuis 1420, & est à 5 milles S. E. de Trieste, 4 N. O. de Capo d’Istria. Long. 31. 32. lat. 45. 50. (D. J.)​","[[""45 50' N 31 32' E""]]",,45 50' N 31 32' E,45 50' N 31 32' E
v10-2238-0,MULHAUSEN,"MULHAUSEN, (Géog.)​ ville impériale d’Allemagne, dans la Thuringe, sous la protection de l’électeur de Saxe, ce qui fait qu’elle est rangée parmi les villes de basse-Saxe ; elle a essuyé bien des calamités en divers tems. Henri le Lion la prit d’assaut en 1181, & la brûla. En 1366 un tremblement de terre en renversa la plus grande partie ; en 1442 un incendie ne lui fut guère moins funeste ; en 1525 elle fut assiegée par l’électeur de Saxe & le landgrave de Hesse, à cause des paysans révoltés qui s’en étoient emparés ; enfin après la paix de Westphalie, les divers partis l’ont ravagée tour-à-tour. Elle est située dans un pays fertile, sur la riviere d’Unstruth, à 5 milles de Nordhausen, 6 N. E. d’Eysenach, 10 N. O. d’Erford, 14 S. O. de Cassel. Long. 28. 14. lat. 51. 13. (D. J.)​","[[""51 13' N 28 14' E""]]",,51 13' N 28 14' E,51 13' N 28 14' E
v10-2240-0,MULHOUSE ou MULHAUSEN,"MULHOUSE ou MULHAUSEN, (Géog.)​ ville libre d’Allemagne, au cercle du haut Rhin, capitale d’une petite république alliée des Suisses.


Quelques auteurs croyent que c’est l’Arialbinum d’Antonin ; mais l’abbé de Longuerue prétend qu’elle a été bâtie par les premiers empereurs d’Allemagne, sur les fonds de leur domaine ; son nom de Mulhouse lui vient peut-être de la quantité de moulins qui s’y trouvent. Elle a beaucoup souffert durant les brouilleries des empereurs avec les papes, & fut toujours fidele aux empereurs. Ensuite elle se vit exposée à la tyrannie des landgraves, des avoués, & des préfets d’Alsace ; enfin craignant pour sa liberté, elle s’allia avec Berne & Soleure en 1466, & avec Basle en 1506. En vertu de cette incorporation étroite dans le corps helvétique, elle a toujours joui de l’avantage de la neutralité & de la paix, au milieu des guerres perpétuelles d’Allemagne.​


Elle est bien bâtie & bien peuplée, dans une belle & fertile campagae, à 4 lieues N O. de Basle, 5 S. de Colmar, & 6 N. E. de Béfort. Long. 25. 2. lat. 47. 50.","[[""47 50' N 25 2' E""]]",,47 50' N 25 2' E,47 50' N 25 2' E
v10-2242-0,MULL,"MULL, (Géog.)​ île de la mer d’Ecosse, l’une des Westernes ; elle a 24 milles de longueur, & à-peu-près autant de largeur. Elle abonde en orge, en avoine, en bétail, en bêtes fauves, en volaille, & en gibier : les lacs, les rivieres voisines, & la mer, lui fournissent beaucoup de poisson ; le duc d’Argyle en est seigneur. Long. 10. 57. lat. 56. 48. (D. J.)​","[[""56 48' N 10 57' E""]]",,56 48' N 10 57' E,56 48' N 10 57' E
v10-2265-0,MUNDA,"MUNDA, (Géog.)​ en latin, Munda ; ancienne ville d’Espagne, au royaume de Grenade, à cinq lieues de Malaga, à la source du Guadalquivirejo. C’est près de cette ville que Jules-César vainquit les fils du grand Pompée ; & c’est à ce sujet que Lucain a dit dans sa pharsale, l. I. ℣. 40.



Ultima funesta concurrant pralia Munda.


Elle a retenu son nom sans aucun changement, mais elle n’a conservé ni son ancienne grandeur, ni sa dignité. Autrefois elle étoit la capitale de la Turde, aujourd’hui ce n’est plus qu’une petite ville, située sur le penchant d’une colline au pié de laquelle passe la riviere. Long. 13. 22. lat. 36. 32. (D. J.)​","[[""36 32' N 13 22' E""]]",,36 32' N 13 22' E,36 32' N 13 22' O
v10-2266-0,MUNDEN ou MYNDEN,"MUNDEN ou MYNDEN, (Géog.)​ petite ville d’Allemagne, au pays de Brunswig-Lunebourg, dans une fort jolie situation, au confluent de la Fulde, de la Werte, & du Wéser. Long. 28. 14. lat. 52. 12. (D. J.)​","[[""52 12' N 28 14' E""]]",,52 12' N 28 14' E,52 12' N 28 14' E
v10-2267-0,MUNDERKINGEN ou MUNDRINCHINGEN,"MUNDERKINGEN ou MUNDRINCHINGEN, (Géog.)​ petite ville d’Allemagne, dans la Suabe, sur le Danube, à 1 mille d’Ebing, & à 5 S. O. d’Ulm. Long. 27. 18. lat. 48. 15. (D. J.)​","[[""48 15' N 27 18' E""]]",,48 15' N 27 18' E,48 15' N 27 18' E
v10-2373-0,MUXACRA,"MUXACRA, (Géog.)​ petite ville & port d’Espagne au royaume de Grenade ; elle est sur la Méditerranée, à 8 lieues N. E. d’Almérie, 18 S. O. de Carthagène, à l’embouchure du Trabay. Long. 16. 18. lat. 36. 34.","[[""36 34' N 16 18' E""]]",,36 34' N 16 18' E,36 34' N 16 18' E
v10-251-13,Marche,"Marche, (Géog.)​ petite ville, ou bourg de France, au duché de Bar, sur les confins de la Champagne, entre les sources de la Meuse & de la Saone, à 13 lieues de Toul. Long. 23. 26. lat. 48. 2. (D. J.)​","[[""48 2' N 23 26' E""]]",,48 2' N 23 26' E,48 2' N 23 26' E
v10-253-0,MARCHENA,"MARCHENA, (Géog.)​ ancienne ville d’Espagne dans l’Andalousie, avec titre de duché ; elle est située au milieu d’une plaine, dans un terroir fertile, à 9 lieues S. de Séville. Quelques auteurs la prennent pour l’ancienne Artégua ; mais les ruines d’Artégua en sont bien éloignées ; d’autres écrivains conjecturent avec vraissemblance, que Lucius Marcius, qui succéda à Cn. Scipion dans le commandement de l’armée romaine, en est le fondateur, & que c’est la colonia marcia des Romains, parce qu’on y a déterré des inscriptions sous ce nom. Long. 11. 45. lat. 37. 25. (D. J.)​","[[""37 25' N 11 45' E""]]",,37 25' N 11 45' E,37 25' N 11 45' O
v10-305-0,MARGOZZA,"MARGOZZA, (Géog.)​ petite ville d’Italie dans le Milanez, au comté d’Anghiera, sur un petit lac de même nom. Long. 23. 38. lat. 44. 53. (D. J.)​","[[""44 53' N 23 38' E""]]",,44 53' N 23 38' E,44 53' N 23 38' E
v10-344-0,MARINELLA Santa,"MARINELLA Santa, (Géog.)​ petite ville d’Italie dans l’état de l’Eglise, patrimoine de S. Pierre, à six milles de Civita. Vecchia, avec un port ruiné. Long. 29. 30. lat. 42. 10.​","[[""42 10' N 29 30' E""]]",,42 10' N 29 30' E,42 10' N 29 30' E
v10-348-1,"Marino, San","Marino, San (Géog.)​ bourg d’Italie sur le grand chemin de Rome à Naples, avec titre de duché. Marino est, à ce qu’on croit, l’ancien Ferentinum. On l’appella depuis Villa Mariana, à cause que Marius y avoit une maison de plaisance. Dans le voisinage étoient, à main droite, les maisons de campagne de Muréna, de Lucullus, & de Cicéron ; & un peu plus bas celles de Pontius, & de plusieurs autres romains, qui avoient choisi cette agréable situation pour leurs lieux de plaisance. Les choses ont bien changé de face ; cependant le bourg de San Marino, capitale de la république de son nom, crée ses magistrats & ses officiers sous la protection du pape. Elle est en même tems la résidence de l’évêque de Montefeltro. Longit 30. 4. lat. 43. 58. (D. J.)​","[[""43 58' N 30 4' E""]]",,43 58' N 30 4' E,43 58' N 30 4' E
v10-366-0,MARLY,"MARLY, (Géogr.)​ maison royale, située entre Versailles & saint-Germain, dans un vallon à l’extrémité d’une forêt de même nom. Les jardins sont de le Nôtre, & les bâtimens ont été élevés sur les desseins & par les soins de Mansard. Nous ne verrons plus renaître de si beaux morceaux d’architecture & de goût, le tems en est passé. Marly est à 4 lieues de Paris. Long. 17. 45′. 41″. lat. 48. 51′. 38″. (D. J.)​","[['48 51\' 38"" N 17 45\' 41"" E']]",,"48 51' 38"" N 17 45' 41"" E","48 51' 38"" N 17 45' 41"" E"
v10-377-0,MARMOUTIER ou MAURMUNTIER,"MARMOUTIER ou MAURMUNTIER, (Géogr.)​ en latin Mauri civitas, petite ville de France, dans la basse Alsace, à une lieue de Saverne, avec une abbaye de bénédictins, qui a pris son nom d’un de ses abbés, nommé Maurus. Elle fut cependant fondée par saint Firmin, vers l’an 725. Cette abbaye occupe le tiers de la ville, & par conséquent cette ville est misérable. Long. 25. 2. lat. 48. 44.


Il y a une autre abbaye de Marmoutier en France, qui est aussi sous la regle de saint Benoît, & qui a été fondée dans la Touraine, près de la Loire, à une lieue de Tours. Cette abbaye est bien autrement célebre que celle de la basse Alsace. Ce fut S. Martin qui établit ce monastere en 371. On le fait passer pour le premier & le plus ancien de ceux qui sont en occident. Aussi l’a t-on nommé par excellence, majus monasterium, d’où l’on a fait en notre langue Marmoutier. Le revenu de l’abbaye est de 16 mille livres de rente, & celui des moines de 18 mille. Les bâtimens ont été superbement rétablis dans ces derniers tems ; enfin en 1737 cette abbaye a en partie été réunie à l’archevêché de Tours. (D. J.)​","[[""48 44' N 25 2' E""]]",,48 44' N 25 2' E,48 44' N 25 2' E
v10-478-0,MARVEJOLS ou MARVEJOULS ou MARVÉ,"MARVEJOLS ou MARVEJOULS ou MARVÉGE, (Géog.)​ ville de France en Languedoc, & la seconde du Cévaudan. Le duc de Joyeuse la prit sur les calvinistes en 1586 ; & la ruina si bien, qu’elle ne s’est guere rétablie. Elle est cependant située dans un beau vallon, arrosé par la riviere de Colange, à 4. lieues N. O. de Mende, 112. S. E. de Paris. Long. 20. 58. lat. 44. 35. (D. J.)​","[[""44 35' N 20 58' E""]]",,44 35' N 20 58' E,44 35' N 20 58' E
v10-565-1,Mataram,"Mataram, (Géog.)​ ville d’Asie, autrefois ca-​pitale de l’empire de ce nom, dans l’île de Java. Elle seroit forte par sa situation & les montagnes qui l’environnent, mais elle est tombée en ruine, depuis que le siége du royaume a été transferé sur la fin du dernier siecle à Cartasoura. Long. 129. lat. mérid. 7. 55. (D. J.)​","[[""7 55' S 129 E""]]",,7 55' S 129 E,7 55' S 129 E
v10-659-0,MAXIMIN St. Sancti Maximini Fanum,"MAXIMIN St. Sancti Maximini Fanum, (Géogr.)​ petite ville de France en Provence, au diocese d’Aix. Il y a dans cette ville une église de Dominicains qu’on visitoit beaucoup autrefois, parce que ces religieux prétendent y posséder les reliques de sainte Marie-Magdelaine, & l’on juge bien qu’ils défendent cette idée avec beaucoup de chaleur ; mais la croyance des reliques s’évanouit à mesure que la religion s’éclaire. La ville de S. Maximin ne devient pas florissante. Elle est sur la riviere d’Argens, à 6 lieues S. E. d’Aix, 8 N. de Toulon, 170 S. E. de Paris. Long. 23. 42. lat. 43. 30. (D. J.)​","[[""43 30' N 23 42' E""]]",,43 30' N 23 42' E,43 30' N 23 42' E
v10-663-0,MAYAGUANA,"MAYAGUANA, (Géog.)​ petite île de l’Amérique septentrionale, & l’une des Lucayes, à douze lieues vers le nord-est des Caïcos. On lui donne 20 milles de cours, entre le sud-est & le nord-ouest. Long 305. lat. septent. 22. 25. (D. J.)​","[[""22 25' N 305 E""]]",,22 25' N 305 E,22 25' N 305 O
v10-665-1,Mayenne,"Mayenne, (Géog.)​ Meduana juchelli, ville de France dans le Maine, avec titre de duché-pairie, érigé en 1573 en faveur de Charles de Lorraine. Elle est sur le Maine, à 15 lieues N. O. du Mans, 17 N. E. de Rennes, 22 N. d’Angers, 52 S. O. de Paris. Long. 17. lat. 48. 18. (D. J.)​","[[""48 18' N 17 E""]]",,48 18' N 17 E,48 18' N 17 E
v10-672-0,MAZAGAN,"MAZAGAN, (Géog.)​ Mazacanum, place forte d’Afrique, sur la frontiere de la province de Duquéla, au royaume de Maroc. Elle a été fortifiée par les Portugais à qui elle appartient. L’Océan la ferme d’un côté, & elle a de l’autre un fossé large & profond, dont l’eau monte avec celle de la mer. Long. 9. 50. lat. 33. 5. (D. J.)​","[[""33 5' N 9 50' E""]]",,33 5' N 9 50' E,33 5' N 9 50' O
v10-674-0,MAZANGRAN,"MAZANGRAN, (Géog.)​ ville d’Afrique, dans la province de Trémecen, à une demi-lieue de la mer, & à 13 lieues d’Oran, vers le levant. Long. selon Ptolomée, 30. 30. lat. 33. 45. (D. J.)​","[[""33 45' N 30 30' E""]]",,33 45' N 30 30' E,33 45' N 30 30' E
v10-678-0,MAZARINO,"MAZARINO, (Géog.)​ petite ville de Sicile, dans le val de Noto, près de la riviere de le terranova. Quelques-uns ont imaginé que c’est l’ancienne Mactorium, dont parle Hérodote, liv. VII. ch. chij. mais ce qui est plus sur & moins important, c’est qu’elle a donné son nom à la famille dont étoit le cardinal Mazarin. Long. 32. 46. lat. 36. 51. (D. J.)​","[[""36 51' N 32 46' E""]]",,36 51' N 32 46' E,36 51' N 32 46' E
v10-713-0,"MECQUE, la","MECQUE, la, (Géog.)​ ancienne ville d’Asie dans l’Arabie heureule, & dans la province d’Hygiaz. Les Mahométans l’appellent Omm-alcora, la mere des villes. Selon M. Thevenot, elle est à-peu-près grande comme Marseille, mais pas le quart aussi peuplée ; cependant elle est non-seulement fameuse pour avoir donné la naissance à Mahomet, & à cause que les sectateurs de ce faux prophete y vont en grand pelerinage, comme nous le verrons dans la suite, mais encore parce qu’elle avoit un temple qui dans l’ancien paganisme n’étoit pas moins revéré des Arabes que celui de Delphes l’étoit des Grecs.


Ceux qui avoient la présidence de ce temple étoient d’autant plus considérés, qu’ils possédoient, comme aujourd’hui, le gouvernement de la ville. Aussi Mahomet eut la politique, dans une trève qu’il avoit conclue avec les Mecquois ses ennemis, d’ordonner à ses adhérens le pélerinage de la Mecque. En conservant cette coutume religieuse, qui faisoit subsister le peuple de cette ville, dont le terroir est des plus ingrats, il parvint à leur imposer sans peine le joug de sa domination.


La Mecque est la métropole du Mahométisme, à cause de son temple ou kiabé, maison sacrée, qu’ils disent avoir été bâtie dans cette ville par Abraham ; & ils en sont si persuadés, qu’ils feroient empaler quiconque oseroit nier qu’il n’y avoit point de ville de la Mecque du tems d’Abraham. Ce kiabé, que tant de voyageurs ont décrit, est au milieu de la mosquée appellée haram par les Turcs ; le puits de zemzem, si respecté des Arabes, est aussi dans l’enceinte du haram.


La ville, le temple, la mosquée & le puits, sont sous la domination d’un sériph, ou, comme nous écrivons, shérif, prince souverain comme celui de Médine, & tous deux descendans de la famille de Mahomet ; le grand-seigneur, tout puissant qu’il est, ne peut les déposer qu’en mettant à leur place un prince de leur sang.


La Mecque est située dans une vallée ingrate, entre des montagnes stériles, à 90 lieues S. O. de Médine, & 40 milles de la mer Rouge, où est Gidda ou Jodda, qu’on appelle le port de la Mecque. Long. selon de Lisle, 60. 10. lat. 21. 40.","[[""21 40' N 60 10' E""]]",,21 40' N 60 10' E,21 40' N 60 10' E
v10-726-0,MÉDELLIN,"MÉDELLIN, (Géog.)​ en latin metellinum, ancienne ville d’Espagne, dans l’Estramadure, avec titre de comté ; elle est dans une campagne fertile, sur la Guadiana. Long. 12. 42. lat. 38. 46.


Quintus Caecilius Metellus, consul romain, en est regardé comme le fondateur, & l’on prétend que c’est du nom de ce consul qu’elle a été appellée Metellinum. Quoi qu’il en soit, c’est la patrie de Fernand Cortez, qui conquit le Mexique. Mais, dit M. de Voltaire, dans le tom. III. de son essai sur l’hist. quel fut le prix des services inouis de Cortez ? celui qu’eut Colomb ; il fut persécuté ; & le même évêque Fonseca, qui avoit contribué à faire renvoyer le découvreur de l’Amérique chargé de fers, voulut faire traiter de même le vainqueur du Mexique : enfin, malgré les titres dont Cortez fut décoré dans sa patrie, il y fut peu considéré, à peine put-il obtenir audience de Charles quint. Un jour il fendit la presse qui entouroit le coche de l’empereur, & monta sur l’étrier de la portiere. Charles demanda quel étoit cet homme ? C’est, répondit Cortez, celui qui vous a donné plus d’états, que vos peres ne vous ont laissé de villes. (D. J.)​","[[""38 46' N 12 42' E""]]",,38 46' N 12 42' E,38 46' N 12 42' E
v10-728-0,MÉDEMBLICK,"MÉDEMBLICK, (Géog.)​ ville des Provinces-unies dans la Westfrise, sur le Zuydersée. Les historiens du pays ont appellé cette ville Medemleck, à cause d’un lac de ce nom, que traversoit la riviere Hifla. Alting dit que medem signifie des prairies chez les Frisons, & c’est-de-là peut-être que le mot anglois meadow, une prairie, tire son origine.​


Le lac dont on vient de parler, est présentement confondu avec le Zuyderzée, qui auroit bientôt absorbé la ville-même, sans les belles & fortes digues qui en font la sûreté. La riviere Hisla est apparemment le Lesc, ruisseau souvent confondu avec les canaux pratiqués, mais qui reparoît encore avec son nom au sud de Wogum, en tirant vers Hoorm.


Médemblick a essuyé ses malheurs, comme d’autres villes ; elle fut prise en 1517 par les Gueldrois, qui la brûlerent, & incendiée en 1556. Elle a réparé ses pertes, & a creusé de beaux canaux pour mettre les navires à couvert. Elle a la seconde chambre de la compagnie des Indes orientales, possede un peu plus du cinquieme du total du fonds de la compagnie entiere, & envoie ses députés aux états de la province, où elle a la dix septieme voix. Elle est sur la mer avec un bon havre, à 3 lieues d’Enkhuysen, 3 lieues & demie de Hoorn, autant d’Almaar, & 9 N. O. d’Amsterdam. Longit. 22. 28. latitud. 52. 47. (D. J.)​","[[""52 47' N 22 28' E""]]",,52 47' N 22 28' E,52 47' N 22 28' E
v10-755-0,MÉDINA DEL-CAMPO,"MÉDINA DEL-CAMPO, (Géog.)​ en latin Metymna-Campestris, ancienne ville d’Espagne, au royaume de Léon. Cette ville jouit d’un terroir admirarable, & de grands privileges ; elle est sur le torrent de Zapardiel, à 12 lieues S. E. de Zamora, 10 S. O. de Valladolid, 25 N. O. de Madrid. Long. 13. 15. lat. 41. 12.


C’est la patrie de Balthazard Alamos, & de Gomez Pereyra, médecin du seizieme siecle.


Alamos partagea la confiance & la disgrace d’Antoine Pérez, secrétaire d’état, sous Philippe II. On le retint onze ans en prison, & ce fut pendant sa captivité qu’il composa sa traduction estimée de Tacite, en espagnol ; elle parut à Madrid en 1614.


Mais Pereyra se fit une toute autre réputation par son amour des paradoxes ; né dans un pays où la liberté de philosopher est presque aussi rare qu’en Turquie, il osa franchir cette contrainte, & mit au jour un ouvrage dans lequel, non-seulement il attaqua Galien sur la fievre, & Aristote sur la matiere premiere ; mais il établit, que les bêtes sont des machines & qu’elles n’ont point l’ame sensitive qu’on leur attribue. Je vous renvoie sur ce point à ce que Bayle en dit dans son Dictionnaire. (D. J.)​","[[""41 12' N 13 15' E""]]",,41 12' N 13 15' E,41 12' N 13 15' O
v10-756-0,MÉDINE,"MÉDINE, (Géog.)​ Metymna, ville de la presqu’ile d’Arabie dans l’Arabie heureuse : le mot Médinah signifie en Arabe une ville en général, & ici la ville par excellence, parce que Mahomet y établit le siége de l’empire des Musulmans, & qu’il y mourut ; on l’appelloit auparavant Latreb.


Au milieu de Médine, est la fameuse mosquée où les Mahométans vont en pélerinage, & dans les coins de cette mosquée, sont les tombeaux de Mahomet, d’Abubecker & d’Omar : le tombeau de Mahomet est de marbre blanc à plate terre, relevé & couvert comme celui des sultans à Constantinople. Ce tombeau est placé dans une tourelle ou bâtiment rond, revêtu d’un dôme que les Turcs appellent Turbé : il regne autour du dôme une galerie, dont on prétend que le dedans est tout orné de pierres précieuses d’un prix inestimable, mais on ne peut voir ces richesses que de loin & par des grilles.


Abulfeda nous a donné les distances de Médine, aux principaux lieux de l’Arabie : c’est assez de dire, qu’elle est à 10 stations de la Mecque, & à 25 du Caire. Ces stations ou journées sont de 30 milles arabiques. Médine est gouvernée par un chérif qui se dit de la race de Mahomet, & qui est souverain indépendant. L’enceinte de cette ville ne consiste qu’en un méchant mur de briques ; son terroir est humide, & ses environs abondent en palmiers. Long. 57. 30. lat. 25. (D. J.)​","[[""25 N 57 30' E""]]",,25 N 57 30' E,25 N 57 30' E
v10-813-0,MÉHUN-SUR LOIRE,"MÉHUN-SUR LOIRE, (Géogr.)​ petite ville de France dans l’Orléanois, élection de Beaugency ; on l’appelle en latin Magdunum, Maidunum, Medinum & Maudunum ;  il y avoit anciennement un château qui donnoit son nom à la ville Castrum Magdunense, mais il fut détruit par les Vandales vers l’an 409. Cette ville a toujours éprouvé dans les guerres le sort d’Orléans, dont elle est à 4 lieues. Long. 19. 17. latit. 47. 50.


Mais sa principale illustration lui vient d’avoir donné la naissance à Guillaume de Lorris, qui vivoit sous saint Louis, & à Jean Clopinel ou Jean de Méhun, qui florissoit sous Philippe le bel vers l’an 1300. Le premier commença le fameux roman de la Rose, ouvrage imité de l’art d’aimer d’Ovide, & 40 ans après le second le continua. (D. J.)​","[[""47 50' N 19 17' E""]]",,47 50' N 19 17' E,47 50' N 19 17' E
v10-845-0,MELDORP,"MELDORP, (Géog.)​ ancienne ville d’Allemagne, au duché de Holstein, dans la Dithmarse, proche la Milde & la mer, à 5 milles S. de Tonningen, 3 S. O. de Lunden, 12 N. O. de Hambourg. Long. 54. 10. lat. 42. 32. selon les géographes du pays. (D. J.)​","[[""42 32' N 54 10' E""]]",,42 32' N 54 10' E,42 32' N 54 10' E
v10-863-0,MELILLE,"MELILLE, Melilla, (Géogr.)​ ancienne ville d’Afrique au royaume de Fez, dans la province de Gatet. Elle tire son nom de la quantité de miel qu’on trouve dans son terroir. Les Espagnols la prirent en 1496, & y bâtirent une citadelle ; mais cette ville est retournée aux Maures. Elle est près de la mer, à 30 lieues de Trémécen. Long. 15. 35. lat. 34. 58. (D. J.)​","[[""34 58' N 15 35' E""]]",,34 58' N 15 35' E,34 58' N 15 35' E
v10-901-0,"MELOUÉ, ou MELAVE","MELOUÉ, ou MELAVE, (Géog.)​ petite ville de la haute Egypte, sur la riviere occidentale du Nil, presque vis-à-vis d’Ansola, à 4 lieues d’Insine qui est l’Antinopolis des anciens. Long. 49. 30. lat. 27. 30. (D. J.)​","[[""27 30' N 49 30' E""]]",,27 30' N 49 30' E,27 30' N 49 30' E
v10-95-0,MANHEIM,"MANHEIM, (Géog.)​ en latin moderne Manhemium, ville d’Allemagne dans le bas Palatinat, avec une citadelle & un palais où l’électeur Palatin fait souvent sa résidence. Les François la prirent en 1688 & en démolirent les fortifications, mais on les a relevées. Manheim est au confluent du Necker & du Rhin, à 4 lieues N. E. de Spire, 3 O. d’Heidelberg. Long. 26. 8. lat. 49. 25. (D. J.)​","[[""49 25' N 26 8' E""]]",,49 25' N 26 8' E,49 25' N 26 8' E
v10-963-0,MENFLOTH,"MENFLOTH, (Géog. anc.)​ ville d’Afrique sur le Nil ; les Romains la ruinerent, & les Arabes la rétablirent en partie. Ptolomée met cette ville dans la province d’Afrodite, à 61d. 20 de long. & à 27d. 20 de latit. (D. J.)​","[[""27 20' N 61 20' E""]]",,27 20' N 61 20' E,27 20' N 61 20' E
v10-969-1,Menin,"Menin, (Géog.)​ en flamand Menéen, ville des Pays-bas dans la Flandre. Le seigneur de Montigni la fit fermer de murailles, en 1578 ; elle a été prise & reprise plusieurs fois. Les Hollandois étoient les maîtres de cette place par le traité de Baviere de 1715, & y mettoient le gouverneur & la garnison. Menin a fleuri jusqu’en 1744, que Louis XV. s’en empara, & en fit raser les fortifications. C’est à présent un endroit misérable. Elle est sur le Lis, entre Armentieres & Courtrai, à trois lieues de cette derniere ville, autant de Lille & d’Ipres. Long. 20, 44. lat. 50, 49. (D. J.)​","[[""50 49' N 20 44' E""]]",,50 49' N 20 44' E,50 49' N 20 44' E
v11-105-0,NANTUA,"NANTUA, (Géog.)​ petite ville de France, la seconde du Bugey ; on la trouve nommée en latin, Nantuadis, Namtoacum, Nantuacum. Elle est située entre deux hautes montagnes, à l’extrémité d’un petit lac de même nom, à 9 lieues S. E. de Bourg-en-Bresse. Long. 33. 19. lat. 46. 8.


C’est à Nantua, dans le prieuré de l’ordre de S. Benoît, que fut enterré Charles le Chauve, mort en 877 à 54 ans, dans un village du mont Cenis. Il fut empoisonné par un juif son médecin, qui avoit toute sa confiance. Ce prince ne sut ni défendre les droits de sa couronne contre les papes, ni ses sujets contre les invasions des Normands. Il regna 38 ans, & avoit été deux ans empereur. (D. J.)​","[[""46 8' N 33 19' E""]]",,46 8' N 33 19' E,46 8' N 33 19' E
v11-107-0,NAOPOURA,"NAOPOURA, (Géogr.)​ ville d’Asie dans l’Indoustan, au royaume de Décan, sur la riviere de Tapti. Le terroir y produit du bon riz, du coton & des cannes de sucre. Long. 91. 30. lat. 21. 20.","[[""21 20' N 91 30' E""]]",,21 20' N 91 30' E,21 20' N 91 30' E
v11-1095-0,OCCLIS,"OCCLIS, (Géog. anc.)​ ancienne ville de l’Arabie heureuse, autrefois marchande, & port de mer fameux par le commerce des Indes ; mais ce n’est aujourd’hui qu’une aigade. Ptolomée la met à 75d. de long. & à 12d. 30′. de lat. (D. J.)​","[[""12 30' N 75 E""]]",,12 30' N 75 E,12 30' N 75 E
v11-1113-0,OCHSENFURT,"OCHSENFURT, (Géogr.)​ ville d’Allemagne en Franconie, dans l’évêché de Wurtzbourg. Elle est sur le Mein, à 5 lieues S. E. de Wurtzbourg. Long. 27. 50. lat. 49. 40.","[[""49 40' N 27 50' E""]]",,49 40' N 27 50' E,49 40' N 27 50' E
v11-1159-0,OCZAKOW,"OCZAKOW, (Géog.)​ ville forte de Turquie, dans la Bessarabie, capitale d’un pays de même nom, & fameuse par la bataille de 1644 : c’est où sont les galeres turques qui gardent l’embouchure du Niéper contre les courses des Cosaques. Elle est défendue par plusieurs châteaux, & est à 126 lieues S. O. de Bialogrod, 164 N. E. de Constantinople. Long. 47. 35 lat. 46. 30.


La ville d’Oczakow, nommée par les Turcs Dsian-Crimenda, est située à l’embouchure du Borysthène qui s’y jette dans la mer Noire ; on nommoit autrefois cette ville Obia ou Miletopole, & elle étoit alors le centre du commerce des Milesiens avec les peuples septentrionaux de ces quartiers.


Le pays d’Oczakov est séparé de la Tartarie crimée par le Borysthene ; il a l’Ukraine au N. O. la la mer Noire au S. E. le Budziac au S. O. & la Moldavie au couchant. (D. J.)​","[[""46 30' N 47 35' E""]]",,46 30' N 47 35' E,46 30' N 47 35' E
v11-119-0,NARA,"NARA, (Géog.)​ ville du Japon dans l’île de Niphon, à 10 lieues nord de Méaco. Long. 150. 50. lat. 36. 10. (D. J.)​","[[""36 10' N 150 50' E""]]",,36 10' N 150 50' E,36 10' N 150 50' E
v11-1315-0,OLDENBOURG,"OLDENBOURG, (Géog.)​ ville forte d’Allemagne en Westphalie, capitale du comté de même nom, avec un château qui sert de citadelle. Cette ville & le comté appartiennent au roi de Danemarck, qui descend de la maison d’Oldembourg. Elle est sur le Hunte dans un pays abondant en chevaux, à 9 lieues N. E. de Brême, 18 S. E. d’Ebmden, 29 N. E. de Munster. Longit. 25. 42. latit. 53. 12.


Je ne dois pas oublier de nommer deux savans, Lubin & Mencke dont Oldembourg est la patrie.


Lubin (Eilhard) étoit un homme de beaucoup d’érudition. On a de lui des notes sur Anacréon, Juvenal, Perse & d’autres ouvrages qui prouvent son savoir ; mais celui qui fit le plus de bruit est un traité sur la nature & l’origine du mal, intitulé phosphorus de causâ primâ & naturâ mali. Il y soutient qu’il faut admettre deux principes co-éternels ; savoir, Dieu & le néant : opinion monstrueuse qui fut refutée solidement quand l’ouvrage dont nous parlons fut mis au jour. Son auteur mourut en 1621, âgé de 56 ans.


Mencke (Louis-Othon) est le premier auteur du journal de Leipsic, dont il avoit déja publié trente volumes, lorsqu’il finit sa carriere en 1707, âgé de 63 ans. (D. J.)​","[[""53 12' N 25 42' E""]]",,53 12' N 25 42' E,53 12' N 25 42' E
v11-133-0,NARDO,"NARDO, (Géog.)​ en latin Neritum ; ville du royaume de Naples, dans la terre d’Otrante, dans une plaine, à 4 milles de la côte du golfe de Tarente, à 9 au N. de Gallipoli, & à 15 S. O. de Leccé, avec titre de duché & un évêché suffragant de Brindes. Elle fut presqu’entierement détruite par un tremblement de terre en 1743. Long. 35. 44. lat. 40. 18.","[[""40 18' N 35 44' E""]]",,40 18' N 35 44' E,40 18' N 35 44' E
v11-1338-0,OLIOULES,"OLIOULES, (Géog.)​ petite ville de France en Provence, dans la viguerie d’Aix, au diocèse de Toulon. Les PP. de l’Oratoire y ont un college. Long. 23. 30. lat. 43. 10.","[[""43 10' N 23 30' E""]]",,43 10' N 23 30' E,43 10' N 23 30' E
v11-1346-0,OLIVENÇA,"OLIVENÇA, (Géog.)​ forte & importante ville de Portugal dans l’Alentéjo. Les Espagnols la prirent en 1658, & la rendirent aux Portugais par le traité de Lisbonne, en 1668 : elle est dans une plaine, proche la Guadiana, à six lieues S. d’Elvas, 16 E. d’Evora. Long. 11. 12. lat. 38. 28.","[[""38 28' N 11 12' E""]]",,38 28' N 11 12' E,38 28' N 11 12' O
v11-1357-0,OLONE,"OLONE, (Géog.)​ île, bourg, château, ville, & port de France dans le bas Poitou, à 9 heues de Luçon. La ville se nomme les sables d’Olone, & est à 103 lieues S. O. de Paris. Le bourg est plus avant dans les terres, & à trois-quarts de lieue du port. Le château est au levant d’été du bourg. Le port est dans un petit golfe, & peut recevoir les plus gros vaisseaux de l’Océan. L’île consiste en quelques marais où la mer se répand dans les hautes marées. Long. 15d42′2″. lat. 46d29′50″.","[['46 29\' 50"" N 15 42\' 2"" E']]",,"46 29' 50"" N 15 42' 2"" E","46 29' 50"" N 15 42' 2"" O"
v11-1358-0,OLONITZ,"OLONITZ, (Géog.)​ ville de l’empire russien, renommée par ses mines de fer & par ses eaux minérales, que Pierre-le-Grand a mises en réputation. Elle est entre le lac Ladoga à l’ouest, & celui d’Onega à l’est. Long. 51. 55. lat. 61. 26.","[[""61 26' N 51 55' E""]]",,61 26' N 51 55' E,61 26' N 51 55' E
v11-1362-0,OLSS,"OLSS, (Géog.)​ sorte ville de la basse Silésie, avec titre de principauté, dont les princes sont de la maison de Wirtemberg. Elle est à quatre milles N. E. de Breslaw. Long. 34. 55. lat. 51. 20.","[[""51 20' N 34 55' E""]]",,51 20' N 34 55' E,51 20' N 34 55' E
v11-149-1,Narva ou Nerva,"Narva, (Géog.)​ ou Nerva, ville forte de l’empire russien, dans la Livonie, sur la riviere de Narva, à 66 lieues N. de Riga, & à 36 S. O. de Vibourg. On croit que cette ville fut bâtie par Valdemar Il, Roi de Dannemarck, en 1213. Jean Basilowitz, grand duc de Moscovie, la prit en 1558, & Pontus de la Gardie l’enleva aux Russes en 1581. Les Suédois en demeurerent les maîtres jusqu’en 1704, qu’elle fut reprise par le czar Pierre le Grand. Long. 46. 34. lat. 59. 7.","[[""59 7' N 46 34' E""]]",,59 7' N 46 34' E,59 7' N 46 34' E
v11-1499-0,OOSTBOURG,"OOSTBOURG, (Géog.)​ petite ville des Pays-bas, dans la Flandre hollandoise, capitale d’un bailliage de même nom, à une lieue de l’Ecluse. Le prince Maurice s’en rendit maître en 1604, & en fit raser les fortifications. Long. 20. 59. lat. 51. 20.","[[""51 20' N 20 59' E""]]",,51 20' N 20 59' E,51 20' N 20 59' E
v11-1507-0,OPATOW,"OPATOW, (Géog.)​ petite ville de Pologne au Palatinat de Sendomir, & à quatre milles de la ville de ce nom. Long. 49. 50. lat. 50. 25. (D. J.)​","[[""50 25' N 49 50' E""]]",,50 25' N 49 50' E,50 25' N 49 50' E
v11-1596-0,ORACH,"ORACH, (Géog.)​ petite ville de la Turquie européenne dans la Bosnie, sur les confins de l’Hertzégovine. Long. 35. 30. lat. 42. 10. (D. J.)​","[[""42 10' N 35 30' E""]]",,42 10' N 35 30' E,42 10' N 35 30' E
v11-1637-0,ORCHIES,"ORCHIES, (Géog.)​ ville de France dans la Flandre françoise, chef-lieu d’une châtellenie de même nom entre Tournai & Douai, à 4 lieues de Lille. Ses revenus sont si peu de chose, qu’elle a bien de la peine à payer 18 mille livres qu’elle doit pour son contingent du don gratuit que la province fait au roi. Long. 20. 55. lat. 50. 28.","[[""50 28' N 20 55' E""]]",,50 28' N 20 55' E,50 28' N 20 55' E
v11-166-0,NASSARI ou NAUSARI,"NASSARI ou NAUSARI, (Géog.)​ petite ville des Indes dans les états du grand-mogol, au royaume de Guzarate, à 6 lieues de la ville de Surate & à 2 de la mer. Long. 89. 55. lat. 21. 5.","[[""21 5' N 89 55' E""]]",,21 5' N 89 55' E,21 5' N 89 55' E
v11-1677-0,ORENOQUE,"ORENOQUE, (Géog.)​ plusieurs géographes écrivent Orinoque, grand fleuve de l’Amérique méridionale dans la terre ferme. Christophe Colomb découvrit le premier cette riviere à son troisieme voyage en 1498, & Diego de Orgas y entra le premier en 1531.


L’Orenoque a sa source dans le Popayan, province de l’Amérique méridionale au nouveau royaume de Grenade entre l’audience de Passama, celle de Quito, & la mer du Sud. Il coule du couchant au levant dans le vaste pays de la nouvelle Andalousie, où il se sépare en deux branches ; l’une descend vers le midi & perd son nom ; l’autre qui le conserve, tourne vers le septentrion, & va se jetter dans la mer du nord. Il forme à son embouchure un tel labyrinthe d’îles, que personne n’est d’accord sur le nombre exact des bouches de ce fleuve. Ce qu’il y a de certain, c’est que la plus grande bouche de l’Orenoque qu’on appelle bouche des vaisseaux, est située à 8 degrés 5′ de latitude, & à 318 de longitude.


Il y a soixante-cinq brasses de fond dans certains endroits, & quatre-vingt lorsque les eaux viennent à croître ; son étendue, sa largeur & sa profondeur sont si considérables, qu’il paroît qu’on peut le join-​dre aux trois fleuves que les géographes nous donnent, comme les trois plus grands du monde connu ; savoir, le fleuve de Saint-Laurent dans le Canada, celui de la Plata dans le Paraguay, & le Maragnon dans les confins du Brésil.


Nous avons aujourd’hui des connoissances certaines de la communication de Rio negro ou la riviere Noire, avec l’Orenoque, & par conséquent de l’Orenoque avec le fleuve des Amazones. La communication de l’Orenoque & de la riviere des Amazones avérée en 1743, peut d’autant plus passer pour une découverte en Géographie, que quoique la jonction de ces deux fleuves soit marquée sans aucune équivoque sur les anciennes cartes, tous les géographes modernes l’avoient supprimé dans les nouvelles, comme de concert, & qu’elle étoit traitée de chimérique par ceux qui sembloient devoir être le mieux informés des réalités. Ce n’est pas la premiere fois, dit M. de la Condamine, que les vraissemblances & les conjectures purement plausibles l’ont emporté sur des faits attestés par des relations de témoins oculaires, & que l’esprit de critique poussé trop loin, a fait nier décisivement ce dont il étoit tout au plus permis de douter.


Mais comment se fait cette communication de l’Orenoque avec la riviere des Amazones ? Une carte détaillée de la riviere Noire ou rio Negro, que nous aurons quand il plaira à la cour de Portugal, pourroit seule nous en instruire exactement. En attendant, M. de la Condamine pense que l’Orenoque, la riviere Noire & l’Yutura, ont le Caquétat pour source commune. Voyez les Mém. de l’académie des Sciences, année 1745. P. 450. (D. J.)​","[[""8 5' N 318 E""]]",,8 5' N 318 E,8 5' N 318 O
v11-1754-0,ORLÉANS,"ORLÉANS, (Géog.)​ ancienne ville de France, capitale de l’Orléanois, avec titre de duché, possédé par le premier prince du sang, & un évêché suffragant de Paris. Il s’y fait un grand commerce en vins, blés & eaux-de-vie, commerce qui est occasionné par la situation avantageuse de cette ville sur la Loire, à 13 lieues de Blois, 30 N. E. de Tours, 27 S. O. de Paris. Long. 19d. 25′. 45″. lat. 47d. 54′. suivant Cassini.


On croit qu’Orléans fut erigée en cité par Aurélien, & en reçut le nom de Aureliana civitas, ou Aurelianum, en sous-entendant oppidum ; elle devint alors indépendante des peuples chartrains, & fut l’une des plus considérables des Gaules. Elle tomba au pouvoir des François après que Clovis eut vaincu Siagrius, & eut détruit le reste de l’empire romain dans les Gaules. Il s’est tenu à Orléans plusieurs conciles & synodes. On compte onze conciles & quatre synodes d’Orléans. Son école de droit civil & canonique est fort ancienne ; & le pape Clément V. lui accorda, en 1305, divers privileges, que Philippe le Bel confirma en 1312.


Son évêché est un des plus illustres de France. Ses évêques furent attribués sous l’empereur Honorius à la quatrieme lyonnoise & à la métropole de Sens, dont Orléans n’a été détaché que l’an 1623, lorsque Paris fut érigé en archevêché, auquel on donna pour suffragant les évêques d’Orléans, de Chartres, & de Meaux. Celui d’Orléans prétend avoir le droit, le jour de son entrée dans l’église d’Orléans, d’absoudre un certain nombre de criminels qui sont dans les​prisons ; mais le parlement de Paris ne reconnoît point les absolutions & abolitions de cette espece.


Le diocese de cet évêché renferme 272 paroisses, 10 chapitres, 5 abbayes d’hommes, & 3 de filles.


Le chapitre de la cathédrale est dédié à Jesus-Christ crucifié. Il est remarquable que notre Sauveur est regardé comme premier chanoine de ce chapitre ; car il est mis à la tête de toutes les distributions, pour une double portion, qui est donnée par forme d’aumône à l’hôtel-dieu, dont le chapitre a la jurisdiction spirituelle & temporelle.


Je supprime tous les détails qui concernent la généralité, l’élection, & le bailliage d’Orléans ; j’aime mieux rappeller aux lecteurs françois, que c’est dans cette ville que naquit le roi Robert en 971. Il y fut couronné en 996, & mourut à Melun en 1031. Il étoit humain, debonnaire, & savant pour son tems. Il fit plusieurs hymnes, que l’on chante encore à l’église. Enfin, il eut la sagesse de refuser l’empire & le royaume d’Italie, que les Italiens lui offroient, & qu’il n’eût jamais gardé.


On sait encore que François II. mourut à Orléans le 5 Décembre 1560 dans sa 18e année. Son regne, qui ne fut que de 17 mois, vit éclore tous les maux, qui depuis désolerent la France, & dont la cause principale fut le nombre d’hommes puissans & ambitieux qui vivoient alors. Les Guises abuserent de l’autorité dont ils jouissoient. Le roi de Navarre & le prince de Condé eurent assez de ressources pour soutenir un parti contr’eux, & les grands du royaume assez d’ambition pour chercher à profiter des troubles de l’état. Dans ces conjonctures, les querelles de religion devinrent un prétexte trop spécieux pour n’être pas employé par les deux partis. Orléans éprouva bientôt les tristes effets de leur rage ; François, duc de Guise, en fit le siége en 1563, & y fut assassiné. Mais il faut détourner nos yeux de ces horreurs, pour nommer quelques savans illustres dont Orléans a été la patrie, car je crains que le tems de sa splendeur en ce genre ne soit passé.


Amelot de la Houssaye (Nicolas) y naquit en 1634. Ses traductions & ses histoires sont encore recherchées. Il est le premier qui ait fait connoître le gouvernement de Venise aux François. S’il se montra grand politique, ce fut par son esprit, & non par son caractere, car il n’en suivit jamais les artifices, & mourut fort pauvre en 1706.


Bongars (Jacques) Bourgasius, protestant, a été un des savans hommes du seizieme siecle. Il s’attacha à l’étude de la critique, qui étoit le goût dominant de son tems ; s’il n’alla pas aussi loin que les Lipse & les Casaubon, il ne laissa pas d’y acquérir beaucoup de gloire, & peut-être il les eût atteints dans ce genre d’érudition, sans les affaires d’état qui l’occuperent, & l’empêcherent d’y donner, comme eux, toutes ses veilles. Il fut employé près de 30 années dans les plus importantes négociations d’Henri IV. & acquit cependant de grandes connoissances en livres, soit manuscrits, soit imprimés, dont il se fit une très-belle bibliothèque. Il procura une bonne édition de Justin, imprimée à Paris en 1581, in-8°. avec des notes pleine d’érudition ; mais on estime sur-tout les lettres qu’il écrivit pendant les emplois dont il fut revétu ; elles ont été traduites de latin en françois par M. l’abbé de Brianville, qui en a donné la mellieure édition à la Haye en 1695. Bongars mourut à Paris en 1612 à 58 ans.


Dolet (Etienne) né vers l’an 1509, étoit imprimeur, poëte & grammairien. Il fut brûlé à Paris à la place Maubert le 3 Août 1546 à 37 ans, pour ses opinions sur la religion calviniste. Les ouvrages qu’il mit au jour sont 1°. commentarii linguæ latinæ, 2 vol.​ in-fol. rares. 2°. De re navali. 3°. Carminum, lib. IV. 4°. Des lettres qui sont rares, & d’un goût singulier.


Dubois (Gerard) compatriote de Dolet, prêtre de l’oratoire, a donné l’histoire de l’Eglise de Paris ; il mourut en 1696 âgé de 67 ans.


Gédoyn (Nicolas) naquit à Orléans en 1667. Il a été jésuite, ensuite chanoine de la Sainte-Chapelle à Paris, & enfin abbé commendataire de N. D. à Beaujency ; mais, ce qui vaut beaucoup mieux, il est auteur d’une excellente traduction de Quintilien & de Pausanias, outre plusieurs mémoires insérés dans le recueil de l’acad. des belles-lettres. Il est mort en 1744.


Muis (Siméon de) savant interprete de l’Ecriture sainte, mort en 1644. Son commentaire sur les pseaumes est un des meilleurs qu’on ait sur ce livre de l’Ecriture.


Petau (Denis) Petavius, jésuite, un des meilleurs critiques & des plus savans de son siecle. Outre qu’il a reformé la chronologie, on a de lui un grand nombre d’ouvrages sur d’autres sujets, & de belles éditions des œuvres de Synésius, de Themistius, de Nicéphore, de S. Epiphane, de l’empereur Julien, &c. sur lesquels on trouvera tous les détails qui y ont rapport dans le 37 tome des mémoires du P. Niceron. Le P. Pétau est mort en 1652 âgé de 69 ans.


Thoynard (Nicolas) savant dans les langues, dans l’histoire, dans les antiquités, & dans la chronologie, mourut en 1706 âgé de 77 ans. On prétend qu’il a eu grande part au traité du cardinal Norris sur les époques syriennes. Sa concordance des quatre évangelistes en grec, passe pour un ouvrage vraiment curieux.


Vassor (Michel le) de l’oratoire, se réfugia en Angleterre où il obtint une pension du roi Guillaume, à la sollicitation de Burnet, évêque de Salisbury, & y mourut en 1718, âgé de plus de 70 ans. Son histoire de Louis XIII. est trop diffuse, car elle forme 20 v. in-12, elle est cependant très-recherchée, c’est qu’il ne se trompe que sur un petit nombre de faits.


Orléans est encore la patrie d’une dame, Marie Touchet, qui a fait grand bruit dans ce royaume. Elle donna des enfans à Charles IX. & épousa ensuite un homme de qualité. Son esprit, dit le Laboureur, étoit aussi incomparable que sa beauté, & l’anagramme de son nom je charme tout, fut trouvée fort juste. Les historiens racontent qu’après avoir bien examiné le portrait d’Elizabeth d’Autriche, dans le tems qu’on traitoit du mariage du roi avec cette princesse, elle le rendit en disant, je n’ai pas peur de cette allemande. Elle eut deux filles légitimes, dont l’une (Henriette de Balzac, marquise de Verneuil) fut maîtresse d’Henri IV. & l’autre du maréchal de Bassompierre. (D. J.)​","[['47 54\' N 19 25\' 45"" E']]",,"47 54' N 19 25' 45"" E","47 54' N 19 25' 45"" E"
v11-1760-0,ORNANS,"ORNANS, (Géog.)​ petite ville de France dans la Franche-Comté, sur la Louve, à trois lieues de Besançon, au pied des montagnes. Long. 23. 42. lat. 47. 17.","[[""47 17' N 23 42' E""]]",,47 17' N 23 42' E,47 17' N 23 42' E
v11-18-0,NACCHIVAN,"NACCHIVAN, (Géog.)​ ville d’Arménie, capitale de la province de même nom. Elle étoit autrefois très-considérable, mais Amurath la ruina. On peut en juger de son ancienne grandeur par le grand amas de ses débris. Il n’y a que le centre de la ville qui soit rebâti : il contient un millier de maisons, avec des bazars remplis de boutiques de diverses marchandises. Nacchivan sert de titre à l’archevêque des Arméniens catholiques. Les Dominicains sont leurs seuls ecclésiastiques, & c’est parmi eux qu’ils choisissent l’archevêque : le pape confirme son élection. Longit. marquée sur les astrolabes persans, est de 81. 34. lat. 38. 40. (D. J.)​","[[""38 40' N 81 34' E""]]",,38 40' N 81 34' E,38 40' N 81 34' E
v11-1838-0,ORVIETE,"ORVIETE, (Géog. mod.)​ ancienne ville d’Italie, capitale d’un petit pays de même nom, au patrimoine de S. Pierre, avec un évêché suffragant du pape. Cette ville est sur un rocher escarpé, près du confluent de la Paglia & de la Chiana, à 60 milles de Rome, 6 de Bolsena, & 20 de Viterbe. Long. 29. 45. lat. 42. 42.


Orviete est l’Urbiventum des anciens. Ludovico Monaldelco, qui fleurissoit dans le xiij. & le xiv. siecle, étoit natif d’Orviete. Il est célebre pour avoir écrit des mémoires de son tems à l’âge de cent quinze ans.","[[""42 42' N 29 45' E""]]",,42 42' N 29 45' E,42 42' N 29 45' E
v11-1878-0,"OSNABRUCK ou OSNABRUG ou, OSENBRUCK","OSNABRUCK ou OSNABRUG, ou, comme d’autres écrivent, OSENBRUCK, (Géog.)​ ville d’Allemagne au cercle de Westphalie, avec un évêché fondé par Charlemagne vers l’an 780, dont l’évêque est souverain. Elle est remarquable par le traité qui s’y conclut en 1648 entre les Suédois & l’empereur. La religion catholique & la protestante y sont également souffertes. Elle est sur la riviere de Hase, à 8 milles N. E. de Munster, 5 d’Hervorden, 9 S. O. de Brême. Long. 25. 48. lat. 52. 28.


Il est vraissemblable que le nom d’Osnabruck vient de la situation de cette ville, & que la riviere de Hase s’appelloit anciennement Osen, ce qui joint au mot bruck, qui signifie un pont, marque un pont sur l’Osen.


Charlemagne ne se contenta pas d’y établir un évêché, il y fonda en outre une école pour y enseigner la langue greque & la latine. Cet acte répond à l’an 804, & est fort curieux ; on le trouve dans le Dictionnaire de la Martiniere. (D. J.)​","[[""52 28' N 25 48' E""]]",,52 28' N 25 48' E,52 28' N 25 48' E
v11-1958-1,Otrante,"Otrante, (Géog.)​ ancienne ville d’Italie au royaume de Naples, capitale de la terre d’Otrante, avec un archevêché & un port. Les Turcs la prirent sous Mahomet II. Ferdinand, roi de Naples, la reprit. Elle est à l’embouchure du golfe de Venise, à 24 milles S. de Tarente, 16 S. E. de Brindisi. Long. 36. 10. lat. 41. 21.


Les Latins ont connu cette ville sous le nom d’Hydrus, au genit. Hydruntis, ville de la Pouille la plus proche de la côte d’Epire. Son port qui est​à 40 milles du cap de Leuca, étoit beaucoup meilleur avant que les Vénitiens l’eussent gâté, & l’on doit être surpris qu’il n’ait point été réparé, puisqu’étant bien entretenu, il rendroit un roi de Naples maître de l’entrée du golfe, en cas de mésintelligence entre lui & les Vénitiens. (D. J.)​","[[""41 21' N 36 10' E""]]",,41 21' N 36 10' E,41 21' N 36 10' E
v11-1959-0,OTRARE,"OTRARE, (Géog.)​ ville d’Asie dans le Turkestan. Elle est arrosée par la riviere de Schaseh, & n’est pas loin de celle de Balassagoon. Alfaras & Albirani, suivis par Abulfeda, lui donnent 88. 30 de longitude, & 44 de latitude.","[[""44 N 88 30' E""]]",,44 N 88 30' E,44 N 88 30' E
v11-2077-0,OWERRE,"OWERRE, (Géog.)​ bourgade & royaume d’Afrique sur la côte méridionale de la Guinée. L’air y est mal sain, & le terrein sec & maigre. Long. de la Bourgade, 25. 35. lat. 6. (D. J.)​","[[""6 N 25 35' E""]]",,6 N 25 35' E,6 N 25 35' E
v11-2162-0,PACY,"PACY, (Géog. mod.)​ ville de France en Normandie, sur l’Eure, à 3 lieues de Vernon. Long. 19. 3. lat. 19. 1.","[[""19 1' N 19 3' E""]]",,19 1' N 19 3' E,19 1' N 19 3' E
v11-2166-0,PADERBORN,"PADERBORN, (Géog. mod.)​ ancienne ville d’Allemagne en Westphalie, capitale d’un petit état souverain possédé par son évêque suffragant de Mayence, prince de l’empire qui réside ordinairement à Neuhaus. Paderborn est sur un ruisseau nommé Pader, à 16 lieues N. O. de Cassel, 17 E. de Munster, 15 S. O. de Minden, 154 N. O. de Vienne. Long. 26. 28′. lat. 51. 46′.


L’évêché de Paderborn a été fondé par Charlemagne, & l’empereur Henri II. en a augmenté le temporel. Il est assez fertile quoique ce soit un pays de montagnes. On y trouve des mines de fer, & l’on compte plusieurs villes dans son district.


Ferdinand de Furstemberg, évêque de Munster & de Paderborn, a donné les antiquités de cette ville en 1672, sous le titre de Monumenta paderbornensia. Les allemands curieux peuvent consulter cet ouvrage, qui intéresse peu les étrangers.


Thierri de Niem, natif de Paderborn, dans le xiv. siecle, devint sous-secrétaire du pape Urbin VI. & mourut vers l’an 1417. On a de lui 1°. une histoire du schisme, qui est assez médiocre ; 2°. un journal du concile de Constance, qui est assez partial ; 3°. un traité des droits des empereurs aux investitures des évêques. Le style de cet auteur est dur & desagréable ; mais on trouve plus de fidélité dans sa narration, qu’on ne l’attendroit d’un écrivain qui s’étoit attaché à la cour de Rome. (D. J.)​","[[""51 46' N 26 28' E""]]",,51 46' N 26 28' E,51 46' N 26 28' E
v11-2280-2,Palais,"Palais, (Géograph. mod.)​ petite place forte de​France en Bretagne, capitale de l’île de Belle-Isle. Long. 14. 20. lat. 47. 20.


Il ne faut pas confondre ce Palais, capitale de Belle-Isle, avec Palais, village à 4 lieues de Nantes en Bretagne. Ce village, quoique pauvre village, est bien célebre dans l’histoire, pour avoir donné le jour à Pierre Abélard, que sur de fausses apparences d’infidélité les parens d’Héloïse firent cruellement mutiler ; lui qui n’aimoit au monde que cette savante fille, & qui l’aima jusqu’au tombeau ; lui qui étoit un des plus fameux & des plus habiles docteurs du xij. siecle, le plus grand dialecticien, & le plus subtil esprit de son tems.


Ce n’est pas tout, il eut encore à essuyer coup sur coup malheurs sur malheurs, par la jalousie de ses rivaux, & quelquefois par son imprudence. C’est ainsi qu’il lui échappa de dire étant au couvent de S. Denis, qu’il ne pensoit pas que leur S. Denis fût Denis l’Aréopagite, dont il est parlé dans l’Ecriture. L’abbé étant instruit de ces discours hors de saison, déclara qu’il livreroit à la justice du roi celui qui avoit l’audace de renverser la gloire & la couronne du royaume. Abélard se sauva de nuit en Champagne, & se crut trop heureux d’obtenir après la mort de l’abbé de S. Denis la permission de vivre monastiquement loin de Paris.


Il vint au Paraclet, des écoliers l’y suivirent en foule ; & ses ennemis en plus grand nombre lui rendirent dans cet hermitage même la vie tellement amere, qu’il fut sur le point de se retirer hors de la chrétienté ; mais son étoile ne lui permit pas de se procurer ce repos.


On lui fit un procès d’hérésie devant l’archevêque de Sens, & l’on convoqua sur cette affaire l’an 1140 un concile provincial, auquel le roi Louis VIII. voulut assister en personne. S. Bernard étoit l’accusateur, Abélard fut bientôt condamné. Le pape Innocent II. confirma la condamnation, en ordonnant que les livres de l’hérétique seroient brûlés, qu’il ne pourroit plus enseigner, & qu’on l’emprisonnât.


Il étoit perdu sans Pierre le Vénérable, qui, touché de son triste sort & de la beauté de son génie, le reçut favorablement dans son abbaye de Clugny, & lui réconcilia S. Bernard, le promoteur de l’oppression que l’innocence avoit soufferte dans le concile de Sens & à Rome. Mais de si longs malheurs consécutifs avoient tellement délabré la santé d’Abélard, qu’il n’étoit plus tems d’y porter remede. Envain l’abbé de Clugny l’envoya pour le rétablir dans le prieuré de S. Marcel, lieu pur & agréable, situé sur la Saône auprès de Châlons ; il y mourut bientôt après le 21 Avril 1142, à l’âge de 63 ans. Voyez dans Bayle son article, joignez-y les articles Héloïse, Berenger de Poitiers, Ambroise (François) Froulques, & vous aurez dans le même dictionnaire l’histoire complette d’Abélard. (D. J.)​","[[""47 20' N 14 20' E""]]",,47 20' N 14 20' E,47 20' N 14 20' E
v11-2280-9,"Palais, Saint","Palais, Saint, (Géog. mod.)​ petite ville de France dans la basse Navarre, au diocese de Bayonne, sur la Bidouse, à 5 lieues de S. Jean Pié-de-Port, à qui elle dispute l’honneur d’être la capitale de la Navarre. Long. 16. 35. latit. 43. 20.","[[""43 20' N 16 35' E""]]",,43 20' N 16 35' E,43 20' N 16 35' E
v11-2282-0,PALAMOS,"PALAMOS, (Géog. mod.)​ petite, mais forte ville d’Espagne, dans la Catalogne, avec un port. Les François la prirent en 1694, & la rendirent en 1697 par la paix de Riswick ; elle est sur la méditerranée à 5 lieues S. E. de Girone, 19 N. E. de Barcelone. Long. 20. 46. latit. 41. 48. (D. J.)​","[[""41 48' N 20 46' E""]]",,41 48' N 20 46' E,41 48' N 20 46' E
v11-2321-0,PALERME,"PALERME, (Géogr. mod.)​ en latin Panormus ; ville détruite de la Sicile, dans le val de Mazzara, avec un archevêché & un petit port. Palerme avant sa destruction par un tremblement de terre, disputoit à Atessine le rang de capitale.


Elle étoit sur la côte septentrionale de l’île, au fond du golfe de même nom, dans une belle plaine, à 44 lieues O. de Messine, 68 S. O. de Naples, 96 S. de Rome. Long. 31. 15. lat. 38. 10.


Cette ville s’est glorifiée d’avoir produit sainte Agathe, saint Agathon, religieux bénédictin, élu pape le 11 Avril 679. Giberti (Jean-Matthieu), évêque de Vérone, mort le 30 Décembre 1543. Ce dernier prélat aimoit les lettres, & avoit chez lui une imprimerie, d’où sortit en 1529, une belle édition greque des homélies de saint Jean Chrisostôme sur les épitres de saint Paul. Antoine dit Palerme, vendit sa maison pour un manuscrit de Tite-Live. Je supprime les noms d’une foule de jésuites & autres moines nés à Palerme, & qui pendant deux siecles ont inondé l’Europe d’ouvrages aujourd’hui ignorés, sur le droit canon, la théologie scholastique, & autres sujets semblables.


Mais Palerme a été la patrie de quelques vrais savans, cités dans la bibliotheca sicula de Mongitore. Je me contenterai de remarquer que quoique l’un d’eux, j’entends Ingrassia (Jean-Philippe), célebre médecin du xvj. siecle, se dise de Palerme dans un endroit de ses ouvrages, c’est apparemment parce qu’on lui avoit donné la bourgeoisie dans cette ville ; car il naquit réellement en 1510 à Rochalbuto, bourgade de la vallée de Demona.


Il a découvert en Anatomie l’étrier, stapedem, petit os de l’oreille, & a décrit la structure de l’os cribreux beaucoup mieux qu’on ne l’avoit fait avant lui. Il s’est encore acquis une haute réputation en Anatomie & en Médecine par divers ouvrages, entr’autres par son commentarium in Galeni librum de ossibus, qui vit le jour après sa mort, Panormi, 1603, & Venetiis, 1604, in-fol.


Il a aussi publié pendant sa vie un livre de tumoribus præter naturam, tom. I. Neapoli 1553, in-fol. Il promettoit dans ce volume six autres tomes sur cette matiere, mais qui n’ont pas vu le jour. Galien n’a distingué que soixante-une especes de tumeurs, & Ingrassia a presque triplé ce nombre. Il seroit trop long de citer tous les autres ouvrages de ce savant médecin, car il a prodigieusement écrit.


En 1563, Philippe II. roi d’Espagne, le nomma premier médecin de la Sicile & des îles adjacentes, poste qu’il remplit avec honneur : il donna de grandes preuves de son habileté & de son zele pour le bien public en l’année 1575, qu’une furieuse peste affligea la ville de Palerme, & une grande partie de la Sicile. Le sénat de Palerme, pour lui marquer sa reconnoissance, lui assigna 250 ducats aurea par mois ; mais il n’accepta qu’une modique somme pour embellir une chapelle du couvent des dominicains. Il cultivoit les belles-lettres & la poésie dans ses momens de loisir, & mourut fort regretté en 1580, âgé de 70 ans.


On peut consulter sur Palerme, l’ouvrage de Inveges (Augustino), intitulé Palermo antiquo, sacro & nobile, in Palermo 1649, 1650 & 1651, 3. vol. in-fol. complet. (D. J.)​","[[""38 10' N 31 15' E""]]",,38 10' N 31 15' E,38 10' N 31 15' E
v11-2414-0,PALSEY,"PALSEY, (Géog. mod.)​ ville d’Ecosse dans la province de Cleydsdale ; elle étoit autrefois renommée par une abbaye de l’ordre de Clugny. Elle est sur le Carl, à 15 lieues d’Edimbourg, 133 de Londres. Long. 12. 40. lat. 56. 30.","[[""56 30' N 12 40' E""]]",,56 30' N 12 40' E,56 30' N 12 40' O
v11-2418-0,"PALUS-MEOTIDE, le","PALUS-MÉOTIDE, le, (Géog. anc.)​ en latin Palus-Mœtis, grand golfe ou mer, entre l’Europe & l’Asie, au nord de la mer noire, avec laquelle le Palus-Méotide communique, par le moyen d’une embouchure appellée anciennement le bosphore Cimmérien. Les anciens lui ont donné tantôt le nom de lac, tantôt celui de marais. Pline, l. II. c. lxvij. l. V. c. xxvij. & Pomponius Mela, l. I. c. i. & ij. se servent indifféremment des mots lacus & palus, pour désigner cette mer. En effet, on pourroit ne la considérer que comme un grand marais, attendu le peu d’eau qu’on y trouve en plusieurs endroits. Lucain dit, l. II. v. 641.



Pigra Palus scythici patiens Mæotica plaustri.

Les Grecs, comme Strabon, l. II. p. 125. le Périple de Scylax & Ptolomée, l. V. c. ix. désignent cette mer par le mot de λίμνη, qui veut dire un marais.


Depuis l’isthme qui joint la Chersonnèse Taurique, au continent, jusqu’à l’embouchure du Tanaïs, aujourd’hui le Don, le Palus-méotide s’étend du Sud-Ouest au Nord-Est. Strabon lui donne neuf mille stades de circonférence, & le Périple de Scylax juge que sa grandeur répond à la moitié de celles du Pont-Euxin ; mais ni l’un ni l’autre n’ont touché le but, & il ne leur étoit guere aisé de marquer au juste l’étendue d’un endroit peu connu, & habité par des nations barbares, puisqu’aujourd’hui même, tous les Géographes ne sont pas encore d’accord sur la véritable grandeur du Palus-Méotide. Les peuples qui habitoient sur ses bords, étoient appellés anciennement Mæotæ, Mæotici & Mæotidæ. Ptolomée en a décrit la côte.​


Aujourd’hui le Palus-Méotide qui se trouve avoir conservé son ancien nom, & qu’on appelle aussi la mer de l’abache, est habité au nord par les petits Tartares, à l’Orient & au Midi, en partie par les Circassiens, & à l’Occident méridional, par les Tartares Crimées.


Ce grand golfe ou mer, situé vers le 60 degré de longitude, & le 46. de lat. septent. On lui donne 200 lieues de circuit. (D. J.)​",[['46 N 60 E']],,46 N 60 E,46 N 60 E
v11-2431-0,PAMPELONNE,"PAMPELONNE, (Géog. mod.)​ petite ville de France, en Languedoc, à 5 lieues d’Alby. Longit. 19. 56. lat. 44. 7.","[[""44 7' N 19 56' E""]]",,44 7' N 19 56' E,44 7' N 19 56' E
v11-2451-0,"PANAMA, isthme de","PANAMA, isthme de, (Géog. mod.) cet isthme qui resserre entre deux mers le continent de l'Amérique, n'est pas de 25 lieues communes. On voit du haut d'une montagne, près de Nombres de Dios, d'un côté la mer du nord, & de l'autre celle du sud. On tenta dès l'an 1513, de chercher par cette mer du sud de nouveaux pays à soumettre, & l'on en vint à bout. Long. 293d. 33'. 0"". lat. 8d. 58'. 50"". (D. J.)","[['8 58\' 50"" N 293 33\' 0"" E']]",,"8 58' 50"" N 293 33' 0"" E","8 58' 50"" N 293 33' 0"" O"
v11-248-1,Naxos ou Naxie,"Naxos, (Géog. anc. & mod.)​ ou Naxie, capitale de l’isle de même nom, située sur la côte occidentale, vis-à-vis de l’isle de Paros, avec un château. Long. 43. 26. lat. 37. 8.


Thucydide dit que la ville de Naxos a été fondée dans le tems de la premiere guerre messéniaque, par Theucles de Chalcyde en Eubée. En effet, la ville moderne de Naxie paroît avoir été bâtie sur les ruines de quelque ancienne ville du même nom, dont il semble que Ptolomée, l. III. c. xv. ait fait mention. Le château situé sur le haut de la ville est l’ouvrage de Marc Sanudo, premier duc de l’Archipel. C’est une enceinte flanquée de grosses tours, qui en renferment une plus considérable & quarrée, dont les murailles sont fort épaisses, & qui proprement étoit le palais des ducs. Des descendans des gentilshommes latins, qui s’établirent dans l’isle sous ces princes, occupent encore l’enceinte de ce château. Les Grecs, qui sont en beaucoup plus grand nombre, s’étendent depuis le château jusqu’à la mer.


La haine de la noblesse grecque & de la latine est irréconciliable. Les Latins aimeroient mieux s’allier à des paysanes, que d’épouser des demoiselles grecques ; c’est ce qui leur a fait obtenir de Rome la dispense de se marier avec leurs cousines-germaines. Les Turcs traitent tous ces gentilshommes sur un même pié. A la vue du moindre bey de galiote,​ les Latins & les Grecs n’oseroient paroître qu’en bonnets rouges, comme les forçats de galere, & tremblent devant les plus petits officiers. Dès que les Turcs se sont retirés, la noblesse de Naxie reprend sa premiere fierté : on ne voit que des bonnets de velours, & l’on n’entend parler que d’arbres généalogiques. Les uns se font descendre des paléologues ou des Comnenes ; les autres des Justinian, des Grimaldi, de Summaripa ou Sommerives. Le grand-seigneur n’a pas lieu d’appréhender de révolte dans cette isle. Dès qu’un Latin se remue, les Grecs en avertissent le Cadi ; & si un Grec ouvre la bouche, le Cadi sait ce qu’il a voulu dire avant qu’il l’ait fermée.


Les dames y sont d’une vanité ridicule : on les voit venir dans la campagne après les vendanges une suite de trente ou quarante femmes, moitié à pié, moitié sur des ânes ; l’une porte sur sa tête des serviettes de toile de coton, ou quelque jupe de sa maîtresse ; l’autre marche avec une paire de bas à la main, une marmite de grès, ou quelques plats de fayance. On étale sur le chemin tous les meubles de la maison ; & la maîtresse montée sur une méchante rosse, entre dans la ville comme en triomphe à la tête de cette troupe. Les enfans sont au milieu de la marche ; ordinairement le mari fait l’arriere-garde. Les dames latines s’habillent quelquefois à la vénitienne : l’habit des Grecs est un peu différent de celui des dames de Milo.


Il y a dans la ville de Naxie des jésuites, des capucins & des cordeliers qui exercent tous la médecine. Voilà les docteurs qui composent cette faculté, & dans la capitale, & dans le reste de l’isle. (D. J.)​","[[""37 8' N 43 26' E""]]",,37 8' N 43 26' E,37 8' N 43 26' E
v11-25-1,Nader,"Nader, (Géogr.)​ ville des Indes orientales dans l’Indoustan, sur la route d’Agra à Surate, à 4 lieues de Gate. Elle est située sur la pente d’une montagne ; ses maisons sont couvertes de chaume & n’ont qu’un étage. Long. 92. 20. lat. 24. 30. (D. J.)​","[[""24 30' N 92 20' E""]]",,24 30' N 92 20' E,24 30' N 92 20' E
v11-2556-0,PANTALERIE,"PANTALERIE, (Géog. mod.)​ autrement dite, Pentelleria ou Pantalaria ; petite île de la mer d’Afrique, située entre la Sicile & la côte du royaume de Tunis ; c’est l’ancienne Cossura dont nous avons quelques médailles, & que les Arabes du voisinage appellent encore Kosra. Cette île qui est d’environ sept lieues de tour, passa de la domination des Carthaginois sous celle des Romains : elle porte des fruits, du vin & du coton, mais elle tire son blé de la Sicile. Long. 30. 5. lat. 36. 50.","[[""36 50' N 30 5' E""]]",,36 50' N 30 5' E,36 50' N 30 5' E
v11-2625-0,"PAPOUL, Saint","PAPOUL, Saint (Géog. mod.)​ en latin du moyen âge, Sancti Papuli fanum ou Pappulum, & quelquefois Pappolum ; petite ville de France dans le haut-Languedoc, avec un évêché suffragant de Toulouse, érigé en 1317. Elle est sur la Lembe, à 12 lieues S. E. de Toulouse, 3 E. de Castelnaudari, 6 N. O. de Carcassonne, 164 de Paris. Long. 19. 46. lat. 43. 20.


Le pape Jean XXII. érigea en évêché l’an 1317. l’abbaye de S. Papoul, qui n’avoit été qu’une simple paroisse dans son origine : il y nomma pour premier évêque Bernard de la Tour, qui étoit alors abbé ; voulant que son successeur à cet évêché fût elû par les religieux de l’abbaye, & par les chanoines de l’église de Castelnaudari, qu’il avoit aussi érigée en collégiale. L’évêché de S. Papoul vaut environ trente mille livres, & comprend seulement cinquante-six paroisses.","[[""43 20' N 19 46' E""]]",,43 20' N 19 46' E,43 20' N 19 46' E
v11-302-0,NÉDROMA,"NÉDROMA, (Géogr.)​ ou Ned-roma ; ancienne ville d’Afrique au royaume de Trémécen, bâtie par les Romains dans une plaine, à deux grandes lieues du mont Atlas, & à quatre de la mer. Les interpretes de Ptolomée, liv. IV. ch. ij. disent que c’est l’ancienne Célama, & la mettent à 12d. 10′. de longit. sous les 33d. 20′. de lat. (D. J.)​","[[""33 20' N 12 10' E""]]",,33 20' N 12 10' E,33 20' N 12 10' E
v11-310-0,NEFTA,"NEFTA, (Géog.)​ ville d’Afrique au royaume de Tunis, dans la provinne de Zeb, entre la Barbarie & le pays des Negres. Long. 26. lat. 33.",[['33 N 26 E']],,33 N 26 E,33 N 26 E
v11-311-0,NÉGAPATAN,"NÉGAPATAN, (Géogr.)​ ville des Indes, avec un fort sur la côte de Coromandel, au royaume de Tanjaour, bâtie par les Portugais, qui en ont joui jusqu’en 1558. Elle est à 23 lieues S. de Pondichéri. Long. 97. 45. lat. 11.","[[""11 N 97 45' E""]]",,11 N 97 45' E,11 N 97 45' E
v11-32-0,NAERDEN,"NAERDEN, (Géog.)​ forte ville des Pays-bas dans la Hollande, à la tête des canaux de la province, & capitale du Goyland. Guillaume de Baviere en jetta les fondemens en 1350. Elle est sur le Zuiderzée, à 4 lieues d’Amsterdam, & environ à même distance N. E. d’Utrecht. Long. 22. 38. lat. 52. 20.


La ville de Naerden fut presque réduite en cendre en 1486 par un embrasement accidentel. En 1572, elle fut prise & saccagée avec une barbarie incroyable par les Espagnols. Il y en a dans la bibliotheque d’Utrecht une description en manuscrit qui fait dresser les cheveux. Les François prirent cette ville en 1672, & le P. d’Orange la reprit sur eux l’année suivante. (D. J.)​","[[""52 20' N 22 38' E""]]",,52 20' N 22 38' E,52 20' N 22 38' E
v11-325-1,Négrepont,"Négrepont, (Géogr.)​ forte ville de Grece, capitale de l’île de même nom. Elle est habitée par des turcs & des juifs ; & les Chrétiens demeurent dans les fauxbourgs, qui sont plus grands que la ville. Il y a un capitan pacha qui commande à toute l’île ; Mahomet II. la prit en 1469, après six mois de siége, & une perte de plus de 40 mille hommes. Les Vénitiens l’assiégerent inutilement en 1688. Elle est à 12 lieues N. E. d’Athenes, 45 S. E. de Larisse, 104 S. O. de Constantinople. Longit. 42. 3. latit. 38. 30.


La ville de Négrepont est l’ancienne Chaleis ; elle est sur la côte occidentale de l’île, dans le fameux détroit de l’Euripe, aujourd’hui le détroit de Négrepont. Le sérail du capitan-pacha qui commande toute l’île, & une partie de la Béotie, est bâti sur ce détroit. Dans l’endroit où le détroit est le plus resserré, on traverse de Béotie dans l’île par un pont de pierres de cinq petites arcades, & qui n’a guere que trente pas de long. Voyez de plus grands détails dans Spon, voyage de Négrepont, & dans Corneille, description de la Morée.","[[""38 30' N 42 3' E""]]",,38 30' N 42 3' E,38 30' N 42 3' E
v11-334-0,NEHAVEND,"NEHAVEND, (Géog.)​ ancienne ville de Perse dans le Couhestan, sur une montagne, à 14 lieues au midi de Hancédan, célebre par la victoire que les Arabes y remporterent sur les Persans en 638. Long. 83. 48. lat. 34. 12. (D. J.)​","[[""34 12' N 83 48' E""]]",,34 12' N 83 48' E,34 12' N 83 48' E
v11-365-0,NEMOURS,"NEMOURS, (Géog.)​ ville de l’île de France dans le Gatinois, avec titre de duché. Elle est sur le Loing, à 4 lieues de Fontainebleau, 18 de Paris. Long. 20. 20. lat. 48. 15.


Son nom latin est Nemus : on la nomma anciennement Nemox & Nemoux, & de ce dernier mot on a fait le nom moderne Nemours. Le nom de Nemus lui avoit été donné, parce qu’elle étoit située dans la forêt de Bièvre ou de Fontainebleau : aujourd’hui que l’on a coupé une partie de cette forêt, Nemours se trouve entre la même forêt, & celle de Montargis. Elle est entre deux collines, dans l’endroit où étoit la ville de Grex du tems de César. Elle a commencé par un château, qu’on appelloit Nemus ; & elle se forma peu-à-peu, quand la terre eut été erigée en duché. Il y a dans cette petite ville un bailliage royal établi par François I. en 1524. Il est régi par la coutume de Larris, rédigée en 1531.


Nemours a eu autrefois ses seigneurs particuliers, qui se nommoient simplement chevaliers ; & ce fut d’eux que le roi Philippe le Hardi, fils de S. Louis, l’acquit vers l’an 1272. Louis XII. donna Nemours à Gaston de Foix, & l’érigea en duché-pairie, l’an 1507, la premiere érection que Charles VI. en avoit faite ayant été supprimée. Enfin Louis XIV. donna ce duché à son frere Philippe ; & de-là vient qu’il est possédé aujourd’hui par M. le duc d’Orléans.


François Hédelin, connu sous le nom d’abbé d’Aubignac, étoit de Nemours. Après avoir exercé quelque tems la profession d’avocat, il embrassa l’état ecclésiastique, & s’étant attaché au cardinal de Richelieu, il prit parti contre Corneille, & devint précepteur du neveu du Cardinal. Il gagna les bonnes graces de son éminence & de son éleve. Son Térence justifié est tombé dans l’oubli. Sa pratique du théâtre est encore lue ; mais, dit M. de Voltaire, il prouva par sa tragédie de Zénobie, que les connoissances ne donnent pas les talens. Il mourut à Nemours, en 1676, à 72 ans. (D. J.)​","[[""48 15' N 20 20' E""]]",,48 15' N 20 20' E,48 15' N 20 20' E
v11-408-0,NERA,"NERA, (Géog.)​ ou Nécro, ou autrement Banda, île d’Asie dans les Indes, la seconde des îles de Banda, à 24 lieues d’Amboine. Les Hollandois y ont le fort Nattau. Elle s’étend du N. au S. l’espace de trois lieues en fer à cheval. Néra située dans la partie occidentale de l’île en est la capitale & la seule ville. Long. 146. 50. lat. méridionale 4. 30.","[[""4 30' S 146 50' E""]]",,4 30' S 146 50' E,4 30' S 146 50' E
v11-423-0,NÉRONDES,"NÉRONDES, (Géog.)​ petite ville de France dans le Forez, élection de Roanne, avec une chatellenie royale. Long. 22. 10. lat. 45. 20.


C’est la patrie du P. Coton (Pierre), jésuite, dont le P. Daniel parle trop dans son histoire, tandis qu’il parle trop peu d’Henri IV. Le P. Coton fut confesseur de ce prince, & mourut à Paris en 1626, à 63 ans. Les ouvrages qu’il a mis au jour n’ont pas passé jusqu’à nous. (D. J.)​","[[""45 20' N 22 10' E""]]",,45 20' N 22 10' E,45 20' N 22 10' E
v11-442-0,NESSA,"NESSA, (Géog. anc. & mod.) nom commun à plusieurs villes : 1° à une ville de Sicile dont parle Thucidide : 2° à une ville de l'Arabie heureuse que Pline, liv. vj. chap. xxviij. met sur la côte de la mer: 3° à une ville de Perse dans la partie méridionale du Schirvan. Les Géographes du pays mettent cette derniere à 84. deg. 45. de long. & à 38. deg. 40. de lat.","[[""38 40' N 84 45' E""]]",,38 40' N 84 45' E,38 40' N 84 45' E
v11-453-0,NEUBOURG,"NEUBOURG, (Géog.) ce mot signifie nouvelle ville. Nous parlerons des principales qui portent ce nom. 1°. Neubourg est une ville d'Allemagne, capitale du duché de même nom, dans les états de l'électeur palatin sur le Danube, à 5 lieues N. E. de Donavert, 2 S. O. d'Ingolstad, 8 N. E. d'Ausbourg, 18 N. O. de Munich. Long. 28. 40. lat. 48. 40. (D. J.)","[[""48 40' N 28 40' E""]]",,48 40' N 28 40' E,48 40' N 28 40' E
v11-454-0,NEUCAN,"NEUCAN, (Géog.)​ ville de Perse, dans le Khorassan. Long. 82. 41. lat. sept. 38. 8.","[[""38 8' N 82 41' E""]]",,38 8' N 82 41' E,38 8' N 82 41' E
v11-461-0,NEUFCHATEAU,"NEUFCHATEAU, (Géog.)​ ville de France en Lorraine, capitale de la châtellenie de Châtenoi. Il en est parlé dans l’itinéraire d’Antonin, sous le nom de Neomagus, changé depuis en celui de Neocastrum, dont on a fait le nom moderne Neufchateau. Elle est sur la riviere de Mouzon, qui se jette dans la Meuze, à 10 lieues S. O. de Nanci, 7 S. O. de Toul, 60 S. E. de Paris. Long. 33. 20. lat. 48. 20. (D. J.)​","[[""48 20' N 33 20' E""]]",,48 20' N 33 20' E,48 20' N 33 20' E
v11-465-0,NEUILLY SAINT-FRONT,"NEUILLY SAINT-FRONT, (Géog.)​ petite ville de France, dans le diocèse de Soissons, à l’orient de la Ferté-Milon, & à six lieues sud de Soissons. On honore dans cet endroit saint Front, premier évêque de Périgueux ; mais il y a apparence que leur saint Front n’étoit point celui de Périgueux, mais un cor-évêque de Soissons dans les siecles reculés. On croit que tous les lieux de France appellés Neuilly, viennent de l’ancien mot Noviliacum, ou Nobiliacum ; celui-ci est le titre d’un doyenné rural. Long. 20. 6. lat. 48. 46.","[[""48 46' N 20 6' E""]]",,48 46' N 20 6' E,48 46' N 20 6' E
v11-47-1,Nagracut,"Nagracut, (Géog.)​ ville des Indes, capitale du royaume de même nom, dans les états du grand mogol, avec un temple où les Indiens vont en pélerinage. Elle est sur le Ravi, à 120 lieues N. d’Agra. Long. 96. lat. 32.",[['32 N 96 E']],,32 N 96 E,32 N 96 E
v11-477-0,NEUSTADT,"NEUSTADT, (Géog.)​ petite ville d’Allemagne, au cercle de la basse Saxe au duché de Meckelbourg, sur une petite riviere qui tombe dans l’Elbe à Domitz. Long. 29. 35. lat. 53. 38.","[[""53 38' N 29 35' E""]]",,53 38' N 29 35' E,53 38' N 29 35' E
v11-477-1,Neustadt,"Neustadt, (Géog.)​ petite ville d’Allemagne, dans la Wagrie, sur la mer Baltique. Les Suédois la prirent en 1644. Long. 28. 38. lat. 54. 10.","[[""54 10' N 28 38' E""]]",,54 10' N 28 38' E,54 10' N 28 38' E
v11-492-0,NEWPORT,"NEWPORT, (Géog.)​ bourg d’Angleterre, chef-lieu de l’ile de Wight, avec titre de baronie. Medena étoit l’ancien nom de ce bourg, selon plusieurs savans ; il a le privilege de députer au parlement, est assez grand, bien peuplé, avec un havre défendu par un château. Long. 16. 25. lat. 50. 36.


Il y a un autre Newport ou ville à marché dans le Buckinghamshire ; un autre dans le Monmoutshire ; & un troisieme dans la province de Cornouailles.


C’est à Newport, capitale de l’ile de Wight, que naquit en 1571, James (Thomas) en latin Jamesius, savant docteur d’Oxford, & premier bibliothécaire de la bibliotheque Bodléïenne. Il s’acquit une grande réputation, fut revêtu de divers postes importans, & mourut en 1629, âgé d’environ 58 ans. On a de lui plusieurs ouvrages en latin & en anglois, dont la plûpart roulent sur des falsifications qu’il avoit trouvées dans les éditions des textes des peres. Il a traduit en anglois la Philosophie morale des​ Stoïciens, & a laissé quelques ouvrages manuscrits. Son traité de personâ & officio judicis apud Hebræos aliosque populos, parut in-4°. & est estimé.","[[""50 36' N 16 25' E""]]",,50 36' N 16 25' E,50 36' N 16 25' O
v11-500-0,NEYTRACHT,"NEYTRACHT, (Géog.)​ ou Neytra, ville de la haute Hongrie, sur la riviere de Neytra, avec un évêché suffragant de Grau, à 26 lieues N. E. de Presbourg. Long. 36. 35. lat. 48. 28.","[[""48 28' N 36 35' E""]]",,48 28' N 36 35' E,48 28' N 36 35' E
v11-51-0,NAHARUAN,"NAHARUAN, (Géog.)​ ancienne ville de l’Irac-Arabi, sur un bras de l’Euphrate, à 2 lieues de Coufah. Long. 63. 12. lat. 31. 25.","[[""31 25' N 63 12' E""]]",,31 25' N 63 12' E,31. 25. | 63. 12.
v11-515-2,Nicaragua,"Nicaragua, (Géog.)​ autrement nommée Léon de Nicaragua ; ville de l’Amerique septentrionale dans la province de Nicaragua dont elle est la capitale, avec titre d’évêché, à 12 lieues de la mer du sud. Des flibustiers anglois pillerent cette ville en 1685. Long. 291. 24. lat. 12. 26. (D. J.)​","[[""12 26' N 291 24' E""]]",,12 26' N 291 24' E,12 26' N 291 24' O
v11-525-0,NICHABOUR,"NICHABOUR, (Géogr.)​ ou Nischabourg, ou Neischabourg, car on écrit ce mot de plusieurs manieres, ville de Perse dans la province de Khorassan, dont elle passoit pour être la plus grande & la plus riche avant qu’elle eût été désolée d’abord par les Turcomans, & finalement ruinée par les Tartares de Genghizkhan, sous le regne du malheureux Mohamed Kouaresm-Schah.


C’est dans les montagnes de son voisinage qu’on tire les turquoises orientales, qu’on nomme dans le levant pirouzé nischabouri, & que nous appellons en françois turquoises de la vieille roche, pour les distinguer des autres turquoises. Nischabourg est à 15 lieues de Mesched. Long. 74. 52. lat. suivant les Ephémérides de Narsie Eddin, 31. 20. (D. J.)​","[[""31 20' N 74 52' E""]]",,31 20' N 74 52' E,31 20' N 74 52' E
v11-548-0,NICOYA,"NICOYA, (Géogr.)​ ville de l’Amérique septentrionale, dans la nouvelle Espagne, sur la côte de la mer Pacifique, au fond du golfe des Salines. Long. 292. lat. 9.",[['9 N 292 E']],,9 N 292 E,9 N 292 O
v11-562-0,NIÉMECZ,"NIÉMECZ, (Géog.)​ place forte de Moldavie, entre Scozwa & Cronstadt : les Polonois la prirent en 1691, & la rendirent à la paix. Long. 44. 31. lat. 46. 58. (D. J.)​","[[""46 58' N 44 31' E""]]",,46 58' N 44 31' E,46 58' N 44 31' E
v11-600-0,NIMPTSCH,"NIMPTSCH, (Géog.)​ petite ville d’Allemagne, au duché de Silésie, dans la principauté de Brieg, entre Franckenstein & Breslau. Elle se défendit bien vaillamment en 1431 & 1434, contre les troupes de Sigismond. Long. 34. 38. lat. 51. 10.


Lohenstein (Daniel Gaspar de) naquit dans cette ville en 1635, & mourut en 1683 ; c’est le Corneille des Allemands, & le premier qui ait élevé la tragédie allemande au point où elle est aujourd’hui. (D. J.)​​","[[""51 10' N 34 38' E""]]",,51 10' N 34 38' E,51 10' N 34 38' E
v11-685-2,Nogent-le-Rotrou,"Nogent-le-Rotrou, (Géog.)​ gros bourg de France, dans le Perche, dont il prétend être le chef-lieu, sur l’Huisne, au diocèse de Séez, élection de Mortagne. Ce lieu a pris son nom de Rotrou, comte de Perche ; & c’est pourquoi on l’appelle en latin Novigentum-Rotrodi ou Rotroci. Il est à 12 lieues S. E. d’Alençon, 12 N. E. du Mans, 28 S. O. de Paris. Long. 18. 22. lat. 48. 20.


C’est la patrie de Belleau (Remy), ancien poëte françois qui mourut à Paris en 1577. Il a fait une traduction des odes d’Anacréon, en vers françois, où il regne quelquefois de la naïveté & des graces naturelles ; mais ses pastorales ne pouvoient plaire qu’à Ronsard. (D. J.)​","[[""48 20' N 18 22' E""]]",,48 20' N 18 22' E,48 20' N 18 22' E
v11-741-0,NONANTOLA,"NONANTOLA, (Géog.)​ petite ville d’Italie au duché de Modene, & aux confins du territoire de Bologne. Elle tombe en grande décadence avec sa bibliothèque, & ses peintures du Guerchin. Long. 28. 56. lat. 44. 30. (D. J.)​","[[""44 30' N 28 56' E""]]",,44 30' N 28 56' E,44 30' N 28 56' E
v11-758-0,NOORDEN,"NOORDEN, (Geog.)​ ville d’Allemagne, au cercle de Westphalie, à 2 milles d’Embden ; Balthasar de Sens la ravagea en 1531. Long. 24. 40. lat. 53. 36.


Eyban-Hulderic, jurisconsulte, né à Noorden, & mort en 1699, âgé de 70 ans, a mis au jour, en latin, des ouvrages estimés sur les Institutes de Justinien, le Droit public & féodal, & le droit des particu-​liers : ils ont été recueillis & imprimés à Strasbourg en 1708. in fol. (D. J.)​","[[""53 36' N 24 40' E""]]",,53 36' N 24 40' E,53 36' N 24 40' E
v11-771-0,NORDLINGEN,"NORDLINGEN, (Géog.)​ ville libre & impériale d’Allemagne dans la Suabe ; elle-est commerçante & professe la religion luthérienne. Ferdinand III, roi de Hongrie, la prit en 1634, & néanmoins il en usa généreusement, en la laissant jouir comme auparavant, du libre exercice de la religion, & de ses autres priviléges. Elle est sur l’Aigre, à 16 lieues N. O. d’Ausbourg, 6 S. O. d’Octing. Long. 27. 52. lat. 48. 56. (D. J.)​","[[""48 56' N 27 52' E""]]",,48 56' N 27 52' E,48 56' N 27 52' E
v11-813-0,NOTTINGHAM,"NOTTINGHAM, (Géog.)​ ville d’Angleterre, capitale du Nottinghamshire, sur le Léan, à 96 milles de Londres. Long. 16. 24. lat. 52. 55.","[[""52 55' N 16 24' E""]]",,52 55' N 16 24' E,52 55' N 16 24' E
v11-830-0,NOVELLARE,"NOVELLARE, petite ville d’Italie dans le comté de même nom, dont elle est le chef-lieu. Elle est située entre Guastalla vers le nord, Carpi à l’orient, Reggio au midi, & Verceil au couchant. L’empereur a disposé de cette ville en 1737 en faveur du duc de Modene, auquel il l’a donné en fief. Elle est à 7 lieues de Parme. Long. 28. 12. lat. 44. 50. (D. J.)​","[[""44 50' N 28 12' E""]]",,44 50' N 28 12' E,44 50' N 28 12' E
v12-1022-0,PETERSHAGEN,"PETERSHAGEN, (Géog. mod.)​ petite ville d’Allemagne dans la province de Minden en Westphalie, à une lieue de Minden, sur le Weser. Long. 26. 36. lat. 52. 20.","[[""52 20' N 26 36' E""]]",,52 20' N 26 36' E,52 20' N 26 36' E
v12-1026-0,"PETIGLIANO, ou PITIGLIANO","PÉTIGLIANO, ou PITIGLIANO, (Géog. mod)​ petite ville d’Italie dans le Siennois, aux confins du duché de Castro. Elle avoit autrefois ses comtes particuliers ; elle est près de la riviere de Lente, à quatre lieues S. E. de Soana, 18 S. E. de Sienne, 3 N. O. de Castro. Long. 29. 20. lat. 42. 33. (D. J.)​","[[""42 33' N 29 20' E""]]",,42 33' N 29 20' E,42 33' N 29 20' E
v12-1059-0,PETRINIA,"PETRINIA, (Géog. mod.)​ petite ville de la Croatie, sur la riviere de Pétrinia, qui se jette dans le Kulpe : elle appartient à la maison d’Autriche, a été bâtie en 1592, & est à sept lieues E. de Carlestadt. Long. 34. 15. lat. 45. 46. (D. J.)​","[[""45 46' N 34 15' E""]]",,45 46' N 34 15' E,45 46' N 34 15' E
v12-1073-0,PETTAW,"PETTAW, (Géogr. mod.)​ ou Pettau, petite ville d’Allemagne au cercle d’Autriche, dans le duché de Stirie. Cette ville est ancienne, & subsistoit du tems des Romains, qui l’ont connue sous le nom de Petovio, diversement ortographiée. On en peut voir les antiquités dans l’ouvrage latin de Lazius, de la république romaine. Pettaw est à la frontiere de la basse-Stirie, à 4 milles au-dessous de Rackerspurg, sur la Drave, qui étoit anciennement la borne des Romains, à 43 lieues S. de Vienne, 14 N. E. de Cilley. Long. 34. 4. lat. 46. 40. (D. J.)​","[[""46 40' N 34 4' E""]]",,46 40' N 34 4' E,46 40' N 34 4' E
v12-1236-0,PHILIPSTAD,"PHILIPSTAD, (Géog. mod.)​ petite ville de Suede dans la partie orientale du Vermeland. Elle est entre des marais & des étangs, à 7 lieues nord de Carlestadt, 42 nord-ouest de Stockolm. Longit. 32. 5. latit. 59. 30. (D. J.)​","[[""59 30' N 32 5' E""]]",,59 30' N 32 5' E,59 30' N 32 5' E
v12-1449-80,"Pierre le moustier, saint","Pierre le moustier, saint, (Géog. mod.)​ petite ville de France, la seconde du Nivernois, avec un bailliage & une sénéchaussée. Elle est dans un fonds entourée de montagnes, près d’un étang bourbeux, à 7 lieues au midi de Nevers, 8 au N. O. de Moulins, 60 S. de Paris. Long. 21. 45. latit. 46. 46. (D. J.)​","[[""46 46' N 21 45' E""]]",,46 46' N 21 45' E,46 46' N 21 45' E
v12-1476-0,PIGNEROL,"PIGNEROL, (Géogr. mod.)​ petite ville d’Italie dans le Piémont, à l’entrée de la vallée de Pérouse. Elle passa en 1042 dans la maison de Savoie. François I. s’en empara en 1536, mais Henri III. rendit cette place en 1574 au duc de Savoie. Elle passa ensuite en 1632 au roi de France en toute propriété, & pour lors les François y bâtirent une citadelle, qu’ils ont démolie en remettant Pignerol au duc de Savoie en 1696. Cette ville est sur la riviere de Chiuson ou Cluson, à 8 lieues au nord-ouest de Turin, 28 nord de Nice, 18 sud-ouest de Casal, 32 est de Grenoble. Long. 24. 56. lat. 44. 45.


M. Fouquet, surintendant des finances, fut enfermé en 1664 dans la citadelle de Pignerol, où il mourut en 1680. Le jugement qui le condamna à cette prison perpétuelle, ne fait pas honneur à M. Colbert ; & de tant d’amis de la fortune de M. Fouquet, Pelisson fut presque le seul qui lui resta fidele. (D. J.)​","[[""44 45' N 24 56' E""]]",,44 45' N 24 56' E,44 45' N 24 56' E
v12-1514-0,"PILTEN, ou PILTYN","PILTEN, ou PILTYN, (Géog. mod.)​ ville du duché de Curlande, capitale d’un canton de même nom, sur la Windaw, entre Golding & le fort de Windaw. Il y avoit autrefois un évêché sécularisé en 1559, par Fréderic II. roi de Danemarck, qui en conféra le domaine à la noblesse & à ses créatures pour le cultiver & fournir le pays de bétail : ce qui a très-bien réussi. Long. 39. 45. lat. 57. 45. (D. J.)​","[[""57 45' N 39 45' E""]]",,57 45' N 39 45' E,57 45' N 39 45' E
v12-1553-0,PINEY ou PIGNEY,"PINEY ou PIGNEY, (Géog. mod.)​ petite ville de France, dans la Champagne, élection de Troye, érigée en duché-pairie en 1581. Elle est à 6 lieues au nord-est de Troye. Long. 21. 48. lat. 48. 22. (D. J.)​","[[""48 22' N 21 48' E""]]",,48 22' N 21 48' E,48 22' N 21 48' E
v12-1630-0,PISCO,"PISCO, (Géog. mod.)​ ville de l’Amérique méridionale au Perou dans l’audience de Lima, à un quart de lieue de la mer. Il y avoit jadis près de ce port, une ville célebre située sur le rivage de la mer ; mais elle fut entierement ruinée par un furieux tremblement de terre, qui arriva le 19 d’Octobre de l’année 1682. Depuis ce tems-là, on a bâti la ville dans un lieu où le débordement ne parvient pas. Les habitans au nombre d’environ deux cens familles, sont un composé de metifs, de mulâtres, de noirs & de quelques blancs ; cependant les campagnes de Pisco produisent d’excellens vins en abondance, ainsi que des fruits merveilleux, ensorte que Pisco est un des plus beaux endroits de toute la côte du Pérou. Larade est d’une grandeur à pouvoir contenir une armée navale, & on y est à couvert des vents ordinaires. On mouille ordinairement à Paraca, qui est à deux lieues de distance, parce que la mer est trop male au rivage de Pisco. Long. 302. latit. mérid. 14.",[['14 S 302 E']],,14 S 302 E,14 S 302 O
v12-1797-0,PLASENCIA,"PLASENCIA, (Géog. mod.)​ ville d’Espagne dans l’Estramadure, au milieu des montagnes, sur la petite riviere de Xerte. Elle est dans un canton admirable nommé la Vera de Plasencia, à 30 lieues au midi de Salamanque, & à 34 au couchant de Tolede.


Cette ville fut bâtie l’an 1170 par Alfonse III. roi de Castille, à l’endroit où étoit autrefois un village nommé Ambracius. Ce prince y fonda un évêché qui est suffragant de Compostelle, & qui jouit de 40 mille ducats de revenu. Elle a titre de cité, est bien bâtie & défendue par un château. Longit. 12. 28′. latit. 39. 52′.


Le canton nommé la Vera de Plasencia, est un pays de montagnes & de vallées délicieux, le plus peuplé & le plus fertile de toute l’Espagne, après l’Andalousie. Il a 12 lieues de longueur sur 3 de largeur. Les campagnes y sont couvertes de jardins où croissent d’excellens melons, & des champs qui produisent du grain en abondance. Les vallons & les montagnes sont tapissés de forêts d’arbres fruitiers, chargés de pêches, d’abricots, de citrons, d’oranges, de grenades, de figues, &c. qui sont d’un goût exquis. On y fait d’excellent vin, & on y cultive le lin. Les fontaines y donnent de belle eau vive, & forment quantité de ruisseaux. En un mot, tout rit dans ce petit pays, & le soleil l’embellit de ses plus doux rayons. (D. J.)​","[[""39 52' N 12 28' E""]]",,39 52' N 12 28' E,39 52' N 12 28' E
v12-1856-0,"PLESCOW, ou PLESKOW, ou PSKOW","PLESCOW, ou PLESKOW, ou PSKOW, (Géogr. mod.)​ ville de Russie, capitale du duché du même nom, avec un archevêché du rit moscovite, & un château bâti sur un rocher. Elle fut réunie à la couronne de Russie par le grand Duc Jean Basilowitz, & Etienne Battori, roi de Pologne, fut obligé d’en lever le siege en 1507. Cette ville est située sur la riviere de Muldow, près de son embouchure dans le lac de Plescow, à 60 lieues nord-ouest de Riga, & à égale distance de Petersbourg. Long. 45, 18. latit. 57. 35.","[[""57 35' N 45 18' E""]]",,57 35' N 45 18' E,57 35' N 45 18' E
v12-188-0,PASTO,"PASTO, S. Juan de (Géog. mod.)​ ville de l’Amérique méridionale dans Popayan. Long. 303. lat. l. 30. (D. J.)​","[[""1 30' N 303 E""]]",,1 30' N 303 E,30 S 303 O
v12-306-0,PAVIE,"PAVIE, (Géogr. mod.)​ ancienne ville d’Italie au duché de Milan, & la capitale du Pavesan, avec un évêché suffragant de Milan. On ne diroit pas aujourd’hui qu’elle a été le séjour de plus de vingt rois, & la capitale de leur royaume. Elle est sur le Tésin, à 7 lieues S. de Milan, 10 N. O. de Plaisance, 25 E. de Gènes. Long. 26. 40. lat. 45. 10.


Pavie est la patrie de quelques hommes de lettres, entr’autres de Boëce, Lanfranc, Cardan (Jérôme), Menochius (Jean-Etienne), & de Guidi (Charles-Alexandre).


Boëce, un des meilleurs écrivains latins de son tems, nâquit au v. siecle, & fut élevé au triste consulat de Rome en 487, 510 & 511. On l’accusa, en 523, de vouloir soustraire cette ville au pouvoir des Goths, par l’assistance des Grecs. Il fut arrêté avec son beau-pere Symmaque, & conduit à Pavie, où il eut la tête tranchée par ordre de Théodoric, l’an 524. Il nous reste de lui les cinq livres sur la consolation de la philosophie, qu’il composa pour adoucir la rigueur de sa prison.


Lanfranc, après avoir étudié à Bologne, devint prieur de l’Abbaye du Bec, ensuite abbé de S. Etienne de Caën, d’où il fut tiré par Guillaume I. pour être placé sur le siege de Cantorbéry, en 1070. Il écrivit contre Berenger, & mourut en 1089.


Cardan, né en 1501, est connu par un grand nom-​bre d’ouvrages recueillis en 1663, en 10 volumes in-folio. C’est un mélange de sujets où regne beaucoup d’esprit, d’érudition, de vanité, de faux jugemens & d’extravagance. Plein de crédulité à l’Astrologie judiciaire ; on dit qu’il se laissa mourir de faim, pour accomplir son horoscope, le 21 Septembre 1576. Son livre de la subtilité, que Jules Scaliger a si fort dénigré, est le seul ouvrage de Cardan, qui puisse être lu.


Menochius, né en 1576, se fit jésuite en 1593, à 17 ans, & mourut à Rome en 1656, à 80 ans. Il a mis au jour un commentaire sur l’Ecriture-sainte, dont la meilleure édition est celle du P. Tournemine, en 1719, 2 vol. in-fol.


Guidi est mort comblé de biens à Frescati, le 12 Juin 1712, à 63 ans. On a de lui des poésies italiennes très-estimées. (D. J.)​","[[""45 10' N 26 40' E""]]",,45 10' N 26 40' E,45 10' N 26 40' E
v12-452-0,PÉEBLES,"PÉEBLES, (Géogr. mod.)​ ville d’Ecosse, capitale de la province de même nom, autrement dite Ewedale. Il y a, dit-on, dans cette ville trois églises, trois portes, trois rues & trois ponts. Elle est agréablement située sur le bord septentrional de la Ewede, à 7 lieues N. E. d’Edimbourg, 102 N. de Londres. Long. 14. 28. lat. 55. 54.","[[""55 54' N 14 28' E""]]",,55 54' N 14 28' E,55 54' N 14 28' O
v12-607-0,PENICHE,"PENICHE, (Géog. mod.)​ ville forte de Portugal dans l’Estramadure, au nord du Tage, avec un port & une citadelle, à 4 lieues de Lisbonne. Long. 8. 40. latit. 39. 15.","[[""39 15' N 8 40' E""]]",,39 15' N 8 40' E,39 15' N 8 40' O
v12-608-0,PENICK,"PENICK, (Géog. mod.)​ petite ville d’Allemagne, dans le cercle de la haute Saxe, au marquisat de Misnie. Elle est sur la Mulde, à 3 lieues E. d’Altenbourg. Long. 30. 40. latit. 50. 54.","[[""50 54' N 30 40' E""]]",,50 54' N 30 40' E,50 54' N 30 40' E
v12-701-0,PEQUIGNY,"PEQUIGNY, (Géog. mod.)​ petite ville, ou, pour mieux dire, bourg de France dans la Picardie, sur la rive gauche de la Somme, à trois lieues au-dessous d’Amiens. Il est remarquable par l’entrevûe de Louis XI. roi de France, & d’Edouard, roi d’Angleterre, sur un pont qui fut fait exprès. Long. 19. 37. lat. 49. 58.


Pequigny, (Bernardin de) prit, comme on voit, le nom de cette petite ville, où il naquit en 1632. & se fit capucin. Il mourut à Paris en 1709, après avoir donné une exposition latine des Epitres de S. Paul, imprimée à Paris en 1703 in-fol. & en françois en 1714. Il fit en françois un petit abrégé de son ouvrage, qui est estimé.","[[""49 58' N 19 37' E""]]",,49 58' N 19 37' E,49 58' N 19 37' E
v12-742-0,PERECZAS,"PERECZAS, (Géog. mod.)​ petite ville de la haute Hongrie, capitale d’un comté de même nom, à 18 lieues de Tockai. Long. 39. 45. lat. 49. 44.","[[""49 44' N 39 45' E""]]",,49 44' N 39 45' E,49 44' N 39 45' E
v12-755-1,Pereslaw Soleskoi,"Pereslaw Soleskoi, (Géog. mod.)​ ville de l’empire russien, dans le duché de Rostow, entre Moscou & Arcangel, sur un lac. Long. 57. 34. lat. 56. 25. (D. J.)​","[[""56 25' N 57 34' E""]]",,56 25' N 57 34' E,56 25' N 57 34' E
v12-861-0,PERMEKKI,"PERMEKKI, (Géog. mod.)​ Permski, ou Permie, ville de l’empire russien, capitale d’une province de même nom. Elle est sur la riviere de Wischora, entre le Wolga & l’Oby. Long. 73. 55. lat. 60. 26.


La province de Permekki est bornée au nord par les Samoyèdes, & une partie de la Jugorie ; Ouest par la Zirannie & la Viatka ; Est par la Sibérie.


Cette province de Permekki ou Permie, autrefois nommée le Solikan, étoit l’entrepôt des marchandises de la Perse, & des fourrures de Tartarie. On a trouvé dans cette Permie une grande quantité de monnoie au coin des premiers kalifes, & quelques idoles d’or des Tartares ; mais ces monumens d’anciennes richesses ont été trouvés au milieu de la pauvreté & dans les déserts ; il n’y avoit plus aucune trace de commerce. Ces révolutions n’arrivent que trop vîte &​aisément dans un pays ingrat, puisqu’elles sont arrivées dans les plus fertiles. (D. J.)​","[[""60 26' N 73 55' E""]]",,60 26' N 73 55' E,60 26' N 73 55' E
v12-993-0,PEST,"PEST, (Géog. mod.)​ ville de la haute Hongrie, capitale du comté de même nom, sur la rive orientale du Danube, dans une plaine, vis-à-vis de Bude, à 30 lieues S. E. de Presbourg. Long. 36. 46. lat. 47. 21. (D. J.)​","[[""47 21' N 36 46' E""]]",,47 21' N 36 46' E,47 21' N 36 46' E
v13-1136-1,Pruck an-der-amber,"Pruck an-der-amber, (Géog. mod.)​ petite ville d’Allemagne dans la haute Baviere, sur la riviere d’Amber, entre Frurstenfeld & Dachau. Long. 29. 22. lat. 48. 9.","[[""48 9' N 29 22' E""]]",,48 9' N 29 22' E,48 9' N 29 22' E
v13-117-0,PONTOISE ou PONT-OYSE,"PONTOISE ou PONT-OYSE, (Géogr. mod.)​ c’est-à-dire pont sur la riviere d’Oyse, en latin Brivisara, selon l’Itineraire d’Antonin, & Brivaisara, selon la Table de Peutinger ; ville de France, capitale du Vexin françois, sur la riviere d’Oyse, qu’on passe sur un pont à 20 lieues au sud-est de Rouen, & à 7 au nord-ouest de Paris. Il y a un bailliage & une élection, une collégiale, une abbaye d’hommes de l’ordre de saint Benoît ; plusieurs paroisses & communautés:l’archevêque de Rouen y tient un grand-vicaire.


Cette ville fut prise d’assaut sur les Anglois en 1442. Les états généraux y furent assemblés en 1561. Le parlement de Paris y a été transféré trois fois, savoir en 1652, en 1720, & en 1753 ; mais de telles translations ne peuvent jamais être de longue durée, parce que les affaires publiques en souffriroient un trop​ grand dommage. Long. 19d45′. lat. 49d3′.


Pontoise étoit autrefois appellé Briva-Isaræ ; on sait que briva, breva ou briga dans la langue des Celtes signifioit un pont ; ainsi Briva-Isauræ, signifie pont sur Oyse. Les écrivains du moyen âge l’ont nommée Pons-Isaræ, Pontisara, Pontisera, Pons-Juisæ, Pons-Œsiæ, Pontesià, &c. car le nom Isara, l’Oyse, fut changé en celui de Œsia, selon le témoignage de Vibius Sequester.


Cette riviere fut aussi appellée Inisa, comme nous l’apprenons de l’auteur de la vie de saint Ouen. Cet anonyme vivoit au commencement du huitieme siecle, & il assure que Thierry, roi de France, avec la reine & tous les grands, allerent conduire le corps de saint Ouen, mort à Clichy, près de Paris, jusqu’au pont de l’Oyse, usque ad pontem Inisæ. Il ajoute que les prélats & le clergé ayant pris le corps du saint, le porterent à la ville du Vexin, ad oppidum Vulgassinum, qui est Pontoise, & de-là le convoi alla à Rouen, où le saint fut enterré.


La voie romaine, de Rouen à Paris, passoit par Pontoise ; l’ancienne chaussée a même subsisté jusqu’à ces derniers tems, entre Magny & Pontoise ; on la nomme encore la chaussée de César. On attribue assez ordinairement à Jules-César plusieurs monumens anciens de la Gaule, quoiqu’il n’ait aucune part à leur construction. Cette chaussée faisoit autrefois la séparation des anciennes châtellenies de Meulan, & de Chaumont-en-Vexin.


Philippe, duc de Bourgogne, quatrieme fils de Jean de Valois roi de France, naquit à Pontoise le 15 de Janvier 1341. Il fut blessé & fait prisonnier à la bataille de Poitiers l’an 1356, après avoir donné des marques d’un grand courage en combattant auprès de son pere. On sait combien sa rivalité avec le duc d’Orléans pour le gouvernement de l’état fut funeste au royaume. Il mourut à Hal le 26 d’Avril 1404, & laissa tant de dettes que sa veuve se crut obligée de frustrer les créanciers. « Ses meubles, dit M. le Laboureur, liv. XXIV. ch. ij. ne suffirent pas pour les payer ; & c’est ce qui fit faire à sa veuve ce que les plus chetives femmes ne font pas sans regret, non plus que sans injure, c’est-à-dire de se servir du privilege de la renonciation, pour se délivrer de toute demande ». Elle observa les cérémonies ordinaires dans cette renonciation, « car elle desceignit sa ceinture avec ses clés & sa bourse sur le cercueil de son mari ». Pontus Heuterus nous apprend que cet acte arrêtoit les intérêts, & ôtoit tout droit aux créanciers sur les meubles.


Cependant Philippe de Bourgogne n’avoit été adonné ni au jeu, ni au vin, ni à l’amour ; on ne trouve point qu’il ait eu ni de maîtresses, ni de bâtards ; mais il fit des dépenses folles pour entretenir des troupes, & pour fortifier des villes ; il suça le peuple à ce métier, & ruina ses créanciers pour enrichir d’autres personnes, sans justice & sans raison.


D’un autre côté, sa femme impérieuse lui rendit la vie dure & amere. Tandis qu’il ne trouvoit presque rien dans le royaume qu’il ne soumît à sa loi, non pas même le propre frere de son souverain, il se vit obligé de plier sous l’empire d’une femme orgueilleuse de son naturel, & par sa fécondité, & par son beau patrimoine. Il vérifia ce mot des anciens : « recevoir un bienfait, c’est perdre sa liberté ».


Cette femme, après la mort de son mari, tint sa petite cour à part, dit Mézerai, « mêlant bisarrement les voluptés & la dévotion, l’amour des lettres & celui de la vanité, la charité chrétienne & l’injustice : car comme elle se piquoit d’être vue souvent à l’église, d’entretenir des savans, & de donner la dixme de ses revenus aux moines ; elle faisoit gloire d’avoir toujours quelque galanterie,​d’inventer de nouveaux divertissemens, & de ne payer jamais ses dettes ».


Il faut à présent nommer quelques hommes de lettres nés à Pontoise. Chevillier (André), bibliothécaire de Sorbonne, est du nombre : il étoit savant & charitable. Il mourut en Sorbonne en 1700, à soixante-quatre ans. On a de lui une Dissertation latine sur le concile de Chalcédoine, l’origine de l’Imprimerie de Paris in-4°. & quelques autres ouvrages peu importans.


Deslyons (Jean), docteur de Sorbonne comme Chevillier, fut doyen & théologal de Senlis, où il mourut le 26 Mars 1700, à quatre-vingt-cinq ans. Il est auteur de quelques ouvrages singuliers, & entre autres d’un intitulé, le paganisme du Roi-boit. Il mit au jour d’autres ouvrages polémiques, qui péchent plus par des idées bisarres que par l’érudition. Enfin il alla jusqu’à se persuader que le monde alloit bientôt finir ; on lui auroit passé de croire que le monde alloit de mal en pis.


Duvol (André), autre docteur de Sorbonne, mais qui en abandonna les principes, en soutenant les opinions des Ultramontains par la théologie qu’il publia, & par son traité intitulé, de suprema romani pontificis in Ecclesiam potestate. Il mourut doyen de la faculté de Théologie de Paris en 1638, à soixante-quatorze ans.


Flamel (Nicolas), n’étoit point docteur de Sorbonne, mais si habile à acquérir du bien, qu’il est resté pour constant parmi quelques alchimistes, qu’il avoit trouvé la pierre philosophale, comme il le feignit lui-même, quand il craignit d’être recherché avec Jean de Montaigu, qui eut la tête tranchée en 1409. Ils s’enrichirent vraissemblablement l’un & l’autre dans les finances, & dans l’art de profiter des confiscations des Juifs. Pour racheter ses péchés il fit diverses fondations, comme à sainte Génevieve des Ardens, à saint Jacques de la Boucherie où l’on voit sa statue de demi-relief, & au cimetiere des Innocens, où l’on dit qu’il fut enterré avec sa femme nommée Perronelle.


Vaillant (Sébastien), très-habile botaniste, naquit près de Pontoise le 26 Mai 1660, & mourut le 26 Mai 1722. C’est M. Boerhaave qui a achété de ses heritiers le Botanicum parisiense de Vaillant, & qui l’a fait imprimer à Leyde en 1727. in-fol.


Villon (François), ainsi qu’il se nomme lui-même dans ses poésies, & non pas Corbueil, comme l’ont écrit vingt auteurs depuis Fauchet, naquit selon plusieurs auteurs en 1431, à Auvers, près de Pontoise, & selon d’autres plus probablement, à Paris.


Quoi qu’il en soit, Villon avoit beaucoup d’esprit & un génie propre à la poésie ; mais se livrant sans mesure à son tempérament voluptueux, il se jetta impétueusement dans la débauche, & par une suite presque inévitable de la débauche, dans la friponnerie. Il en fit de si grandes qu’il fut condamné à être pendu par sentence du châtelet ; mais le parlement de Paris commua la peine de mort en celle de simple bannissement. Il est vraissemblable que son crime étoit quelque vol d’église, de sacristie, pour avoir dérobé les ferremens de la messe, & les avoir mussez soubs le manche de la paroece, ainsi que s’exprime plaisamment le satyrique Rabelais. Villon mourut vers la fin du quinzieme siecle ou le commencement du seizieme, soit à Paris, soit à Saint-Maixent en Poitou.


On a donné plusieurs éditions de ses Œuvres ; la premiere est à Paris, chez Antoine Verard, sans date & en caractere gothique ; la seconde est à Paris chez Guillaume Nyverd, sans date également, & pareillement en caractere gothique ; ensuite chez Gaillot du Pré en 1532 & 1533, in-16. Enfin les deux meilleures éditions sont celles de Paris en 1723, chez​ Coustelier, in-8°. & à la Haye plus complettement, en 1742, in-8°.


Les ouvrages de Villon consistent dans ses deux testamens, ses requêtes, des rondeaux, des ballades, &c. Le style simple, léger, naïf & badin en fait le caractere. Despréaux dit en parlant de ce poëte : 



Villon sut le premier, dans ces siecles grossiers, Débrouiller l’art confus de nos vieux romanciers.


(Le Chevalier de Jaucourt.)​","[[""49 3' N 19 45' E""]]",,49 3' N 19 45' E,49 3' N 19 45' E
v13-127-0,"PONZA, l'île","PONZA, l’île, (Géog. mod.)​ les François disent Ponce, île de la mer méditerranée, sur la côte d’Italie, à l’entrée du golfe de Gaëte. Elle est située environ 25 milles au sud-sud-ouest du mont Cercello ; elle appartient au duché de Parme, & a environ 12 à 15 milles de tour. Long. 30. 40. latit. 40. 58.","[[""40 58' N 30 40' E""]]",,40 58' N 30 40' E,40 58' N 30 40' E
v13-130-1,Popayan,"Popayan, (Géog. mod.)​ ville de l’Amérique méridionale au royaume de la nouvelle Grenade, capitale de la province de même nom, à une lieue de la riviere de Cauca. C’est le siege d’un évêque suffragant de Santa-Fé, & la résidence d’un gouverneur ; On y compte environ vingt mille ames, parmi lesquelles se trouvent plusieurs familles issues de grandes maisons d’Espagne. L’abondance des mines d’or des environs y attire beaucoup de monde, & à mesure que les autres établissemens s’affoiblissent, Popayan se peuple de plus en plus, malgré les tremblemens de terre qui y sont fréquens. Une grande partie de la ville fut renversée le 2 Février 1735. Long. 304. 30. latit. 2. 28.","[[""2 28' N 304 30' E""]]",,2 28' N 304 30' E,2 28' S 304 30' O
v13-1304-0,PULO-WAY,"PULO-WAY, (Géog. mod.) île de la mer des Indes, près de Sumatra. Elle fait un demi-cercle d'environ 7 lieues de diametre, quoiqu'elle ne soit habitée que par des malheureux que leurs crimes ont fait exiler d'Achem. Longit. 113. 30. latit. 100. 45. (D. J.)","[[""10 45' N 113 30' E""]]", ,10 45' N 113 30' E,100 45' N 113 30' E
v13-1456-0,PYRMONT,"PYRMONT, (Géog. mod.)​ comté, montagne & bourg d’Allemagne dans la Westphalie ; le bourg est à deux lieues de Hamelen, ville du duché de Brunswig ; le comté est fort petit & appartient aux comtes de Waldec ; il est bien connu cependant par ses eaux minérales. long. 278. latit. 52. 13. (D. J.)​","[[""52 13' N 278 E""]]",,52 13' N 278 E,52 13' N 278 E
v13-153-0,PORCA,"PORCA, (Géog. mod.)​ royaume des Indes, sur la côte de Malabar. Il est borné au nord par le royaume de Cochin, au midi par celui de Calicoulan, & à l’occident par la mer. Les habitans sont idolâtres, & vivent de la pêche qu’ils font pendant l’hiver. La capitale de cet état porte le même nom, & appartient présentement aux Hollandois ; c’est une conquête qu’ils ont faite sur le Portugal. Long. 49. 2. lat. 9. 15. (D. J.)​","[[""9 15' N 49 2' E""]]",,9 15' N 49 2' E,9 15' N 49 2' E
v13-1548-0,QUANG-SI,"QUANG-SI, (Géogr. mod.)​ province de la Chine dans sa partie méridionale. Elle est bornée au nord par la province de Quiechen & d’Huquiang ; est par la province d’Huquiang & celle de Quanton ; sud par la même & par le Tonquin ; ouest par la province d’Iunnan. Elle est arrosée d’un grand nombre de rivieres qui la rendent fertile. Elle appartient en partie au Tunquin, & comprend onze cités. Longit. de Quiechu, capitale de cette province, 127. 16. lat. 25. 54. (D. J.)​","[[""25 54' N 127 16' E""]]",,25 54' N 127 16' E,25 54' N 127 16' E
v13-162-0,PORCUNNA,"PORCUNNA, (Géog. mod.)​ petite ville d’Espagne, au royaume de Cordoue, dans le voisinage de Castro-Rio, & de Valna, à quatre lieues de Guadalquivir : c’est une commanderie de l’ordre de Calatrava. Elle étoit connue anciennement sous les noms d’Obulco, Obulcula, & Municipium pontificense ; & elle fut célebre dans l’histoire romaine, parce que Jules César y vint de Rome dans vingt-sept jours, pour n’être pas prévenu par les fils du grand Pompée qui étoient en Espagne. Cette ville a changé de nom, & on lui a donné avec le tems celui de Porcunna, en mémoire, comme on croit, d’une truie, qui y fit trente petits d’une ventrée, événement dont on perpétua le souvenir, en faisant dresser une statue de cette bête, avec l’inscription suivante :


C. Cornelius, C. F. C. N. Gal. Cæso. Aed. Flamen. II. Vir. Municipii Pontif. C. Corn. Cæso. F. Sacerdos, Gens. Municipii, Scrofam cum porcis xxx. impensa ipsorum D. D. Long. 13. 46. latit. 37. 40.","[[""37 40' N 13 46' E""]]",,37 40' N 13 46' E,37 40' N 13 46' E
v13-1636-0,QUEEN'S-BOROUG,"QUEEN’S-BOROUG, (Géog. mod.)​ petite ville d’Angleterre, dans la province de Kent. Elle envoie deux députés au parlement, & est à quarante-cinq milles sud-est de Londres. Long. 18. 22. lat. 51. 14.","[[""51 14' N 18 22' E""]]",,51 14' N 18 22' E,51 14' N 18 22' E
v13-1650-0,QUENTIN saint,"QUENTIN saint, (Géog. mod.)​ ancienne ville de France en Picardie, capitale du Vermandois, au diocese de Noyon, de l’intendance d’Amiens, & du parlement de Paris. C’est une place forte, qui a environ sept mille habitans. Son commerce consiste en belles toiles de batiste. Cette ville a une coutume particuliere. Elle est située sur la Somme à 6 lieues de Peronne, 9 de Cambray, 14 d’Amiens, 13 d’Arras, & 30 de Paris. Long. 20, 57. lat. 49. 50. 51.


Saint-Quentin est l’Augusta Veromanduorum, & ce n’est point le village nommé Vermand qui est l’ancienne Augusta des Vermandois, comme le pensent Cluvier & Sanson. Toutes les anciennes chroniques déposent contre leur opinion. On peut lire dans les mém. de Littér. tome XIX. la dissertation de M. l’abbé Belley, où il prouve trois choses ; 1°. que l’Augusta des Veromandui est la ville qui a pris le nom de Saint-Quentin ; 2°. qu’elle fut la capitale de son peuple sous la domination romaine ; 3°. qu’elle a été le siége de ses premiers évêques.


En effet, l’histoire nous apprend que cette ville ayant été saccagée par les barbares, l’évêque, nommé saint Médard, se retira en 531 à Noyon, qui étoit la seconde ville des Veromandui. Dans la suite le corps de saint Quentin ayant été retrouvé dans les masures de Saint-Quentin, la ville se rétablit par la dévotion que les peuples portoient à la mémoire de ce saint, dont l’église est une des plus belles de France. Les curieux peuvent encore s’instruire sur cette ville, dans un livre assez rare, intitulé, antiquités de l’Auguste des Vermandois, à présent nommée Saint-Quentin, par le sieur Lenin, ingénieur du roi à Noyon, 1671, in-4°.


Cependant nous ne connoissons guere cette ville que depuis le xvj. siecle. On sait que les défaites de Crécy, de Poitiers, d’Azincourt, n’ont pas été plus funestes à la France, que le fut la victoire de Saint-Quentin, par les Espagnols en 1557. Il ne resta rien de l’infanterie françoise, tout fut tué ou pris. Le connétable de Montmorenci, & presque tous les officiers généraux, furent prisonniers, un duc d’Enghien blessé à mort, la fleur de la noblesse détruite, la France dans le deuil & dans l’alarme. Philibert-Emanuel de Savoye prit d’assaut Saint-Quentin après cette fatale journée. Henri II. fit fortifier Paris à la hâte ; mais Philippe se contentant d’aller voir son camp victorieux, donna le tems au duc de Guise de revenir d’Italie, & de rassurer le royaume. Saint-Quentin fut rendu à la France deux ans après.


Gobinet (Charles), docteur de la maison de Sorbonne, né à Saint-Quentin, mourut à Paris en 1690, à 77 ans. Il a donné plusieurs petits ouvrages de piété.


Mais Acheri (dom Luc d’), bénédictin de la congrégation de saint Maur, a fait plus d’honneur à Saint-Quentin, où il naquit en 1609. Il a publié entr’autres ouvrages en 1645, l’épître attribuée à saint Barnabé. On lui doit un recueil de pieces importantes, qui​ étoient jusqu’à lui restées manuscrites, & qu’il a intitulé spicilegium. Enfin son érudition l’a mis au rang des savans françois du xvij. siecle ; il mourut à Paris à l’abbaye de Saint-Germain-des-prés en 1685, âgé de 76 ans. (D. J.)​","[['49 50\' 51"" N 20 57\' E']]",,"49 50' 51"" N 20 57' E","49 50' 51"" N 20 57' E"
v13-1652-0,QUÉRASQUE,"QUÉRASQUE, (Géog. mod.)​ en italien Cherasco, & en latin moderne Clarascum, ville d’Italie en Piémont, dans la province de Cherasco, au confluent de la Sture & du Tanaro, à 8 lieues au nord-est de Coni ; & à dix au sud-est de Turin.


Ce n’étoit originairement qu’un château, qui en 1220 commença à se former en ville, laquelle devint assez puissante, & se gouverna pendant quelque tems en république. L’empereur Charles V. s’en rendit ensuite le maître ; mais la paix de Cambrai en 1559, en assura la possession au duc de Savoie, & sa postérité en jouit depuis ce tems-là. C’est maintenant une des plus fortes clés du pays, & le roi de Sardaigne y entretient un gouverneur. L’évêque d’Asti la gouverne pour le spirituel. Long. 25. 30. latit. 44. 36. (D. J.)​","[[""44 36' N 25 30' E""]]",,44 36' N 25 30' E,44 36' N 25 30' E
v13-1704-0,QUILLAN,"QUILLAN, (Géog. mod.)​ petite ville de France, dans le bas Languedoc, au diocèse d’Alet, à deux lieues sud de cette ville, sur la riviere d’Aude, qu’on y passe sur un pont. Long. 19, 52, lat. 42, 58.","[[""42 58' N 19 52' E""]]",,42 58' N 19 52' E,42 58' N 19 52' E
v13-1764-0,QUINTIN,"QUINTIN, (Géogr. mod.)​ ville de France dans la haute Bretagne, à trois lieues au sud-ouest de Saint-Brieu, dans un vallon, sur la petite riviere de Goy, avec titre de duché, érigé l’an 1692, en faveur du maréchal de Lorges, qui obtint en 1706 des lettres patentes, par lesquelles le nom de Quintin est changé en celui de Lorges ;  mais malgré les lettres-patentes, le nom de Quintin a subsisté. Le peu de commerce de cette ville consiste en toiles. Long. 14. 45. lat. 48. 27. (D. J.)​","[[""48 27' N 14 45' E""]]",,48 27' N 14 45' E,48 27' N 14 45' E
v13-1787-0,QUITEOA,"QUITEOA, (Géog. mod.)​ ville d’Afrique aux états du roi de Maroc, dans la province de Dras. Les habitans sont Béréberes. Il y a quantité de dattes dans les environs, & on en tire de bon indigo. Long. 12. 18. latit. 28. 7. (D. J.)​","[[""28 7' N 12 18' E""]]",,28 7' N 12 18' E,28 7' N 12 18' O
v13-1822-0,RABASTENS,"RABASTENS, (Géog. mod.)​ en latin du moyen âge castrum Rabastense, ville de France dans le haut Languedoc, au diocèse & à six lieues d’Alby, sur le Tarn. C’est un siége de la judicature de l’Albigeois,​ qui a une collégiale ; il y avoit autrefois un prieuré de l’ordre de Cluni, qui a été uni au college des Jésuites de Toulouse. Long. 19. 22. lat. 43. 48.


Antesignan (Pierre) l’un des plus laborieux grammairiens du xvj. siecle, étoit de Rabastens. Sa grammaire de la langue grecque a été imprimée plusieurs fois ; mais sa grammaire universelle n’a point eu de succès, parce qu’elle est sans ordre & sans principes. (D. J.)​","[[""43 48' N 19 22' E""]]",,43 48' N 19 22' E,43 48' N 19 22' E
v13-189-16,Port d'Archangel,"Port d'Archangel, (Géog. mod.) port de la capitale de la province de Dwina, située environ à 200 lieues de Moskow. La longitude de la ville d'Archangel & de son port est 57. 15'. latit. 64. 26'. Ce port ne fut découvert que dans l'année 1553, par des Anglois qui cherchoient de nouvelles terres vers le nord, à l'exemple des Portugais & des Espagnols qui avoient fait tant de nouveaux établissemens au midi, à l'orient & à l'occident. Deux vaisseaux anglois périrent de froid à cette découverte ; enfin un troisieme aborda le port d'Archangel sur la Dwina, dont les bords n'étoient habités que par des sauvages. Les anglois crurent pouvoir faire quelques établissemens dans ce port, & ils ont eu raison ; car ils devinrent alors presque les seuls maîtres du commerce des pelleteries précieuses de la Russie ; mais ils ne jouissent plus des mêmes avantages depuis la fondation de Pétersbourg.","[[""64 26' N 57 15' E""]]",,64 26' N 57 15' E,64 26' N 57 15' E
v13-189-25,Port-Mahon,"Port-Mahon, (Géog. mod.)​ port de l’île de Minorque, & l’un des plus beaux de la Méditerranée. Il paroît avoir tiré ce nom du fameux capitaine Magon, qui y aborda le premier, & qui rendit tant de services à la république de Carthage dont il étoit sujet.


L’entrée de Port-Mahon est un peu difficile à cause des écueils qu’on y rencontre ; mais quand on les a surmontés, & qu’on y est arrivé, on s’y trouve à l’abri de toutes sortes de vents, pendant les mois de Juin, de Juillet & d’Août. Il avance une grande demi lieue dans la terre, & renferme dans son sein trois ou quatre petites îles. Les plus gros vaisseaux entrent dans ce port, dont le fond d’ailleurs est très-bon ; on peut carener en divers endroits dans de petites anses, qui ressemblent à des bassins faits à dessein, & que la nature cependant a travaillées elle-même. Les rochers qui bordent une partie de l’île sont d’une pierre fort dure, & leur coupe est horisontale ou de niveau, ce qui prouve que le bassin de la mer y est bien différent de celui du golfe de Palme.


Port Mahon est situé à 70 lieues de Marseille, & à 15 des côtes d’Afrique. Cette île faisoit anciennement partie des îles Baléares. Sa figure est oblongue. Elle a 18 lieues de longueur sur 9 dans sa plus grande largeur.


A main droite du port est le fort Philippe, & plus avant dans la terre on voit la ville qui donne le nom au port. Elle n’est pas grande, mais passablement riche à cause du commerce que les Anglois y soutiennent. On dit qu’elle a été fondée par les Carthaginois ; ce qu’il y a de sûr, c’est qu’elle a été connue des anciens. Elle est nommée Mago dans Pline, liv. III. c. v. & dans Pomponius Méla, liv. II. c. vij. Elle est au sud-est de l’île de Minorque, à environ 60 lieues sud-est de Barcelone, & à 20 sud de Majorque. Long. 21. 29′. lat. selon le pere Feuillée, 39. 53′. 45″.


On mouille ordinairement devant cette ville où on trouve 7 à 8 brasses d’eau. Les Anglois la prirent en trois semaines en 1708 sur les Espagnols ; & elle leur a été cédée par l’article xj. du traité d’Utrecht. Les François ont à leur tour pris Port-Mahon sur l’Angleterre en 1756, & ce sera l’objet d’un échange au retour de la paix. (D. J)​","[['39 53\' 45"" N 21 29\' E']]",,"39 53' 45"" N 21 29' E","39 53' 45"" N 21 29' E"
v13-1890-0,RACONI ou Raconigi,"RACONI, (Géog. mod.)​ ou Raconigi ; ville d’I-​talie dans le Piémont, entre Savillan & Turin, dans un pays charmant, sur les petites rivieres de Grana & de Macra. Il y a dans cette ville deux paroisses, onze couvens, dix d’hommes, un de filles, & environ sept mille habitans. Long. 25. 16. latit. 44. 35. (D. J.)​","[[""44 35' N 25 16' E""]]",,44 35' N 25 16' E,44 35' N 25 16' E
v13-1911-0,RADICOFANI,"RADICOFANI, (Géog. mod.)​ ville d’Italie en Toscane, dans le Siennois, entre Sienne & Orviete, fondée, à ce qu’on croit, par Didier, roi des Lombards. Cette ville & le château sont, la moitié du tems, ainsi que la montagne, enveloppés de nues. On y entend le tonnerre comme grondant sous les piés, ce qui fait juger qu’il y a quelques creux souterrains qui causent ce retentissement. Le terroir produit de bons vins, qu’on garde dans une grotte qui est taillée dans le roc. Long. 29. 30. lat. 42. 52.​","[[""42 52' N 29 30' E""]]",,42 52' N 29 30' E,42 52' N 29 30' E
v13-1923-0,RADOM,"RADOM, (Géog. mod.)​ petite ville de la petite Pologne, dans le palatinat de Sendomir, chef-lieu d’un territoire de même nom, près de la Vistule, à 22 lieues au midi de Varsovie : elle fut prise en 1656 par les Suédois, & elle ne s’est pas rétablie depuis. Quelques-uns prétendent que c’est le Carrodunum de Ptolomée, liv. II. ch. xj. mais la plûpart des modernes disent que Carrodunum est Cracovie ; le plus sûr est de ne rien décider. Long. 39. 12. latit. 51. 16. (D. J.)​","[[""51 16' N 39 12' E""]]",,51 16' N 39 12' E,51 16' N 39 12' E
v13-1973-0,RAIN,"RAIN, (Géog. mod.)​ petite ville fortifiée d’Allemagne, dans la haute Baviere, située sur une petite riviere nommée Acha, près du Lech, à 3 lieues au levant de Donavert. Le général Tilly y fut blessé à mort, en 1632. Long. 28. 35. lat. 48. 39. (D. J.)​","[[""48 39' N 28 35' E""]]",,48 39' N 28 35' E,48 39' N 28 35' E
v13-2017-0,RAMBOUILLET,"RAMBOUILLET, (Géog. mod.)​ bourg de l’île de France, dans le Hurepoix, à 10 lieues de Paris, avec un château qui appartient au duc de Penthievre. Louis XIV. érigea ce bourg en duché pairie en 1714. Long. 19. 20. latit. 48. 32.","[[""48 32' N 19 20' E""]]",,48 32' N 19 20' E,48 32' N 19 20' E
v13-2194-0,RATISBONNE,"RATISBONNE, (Géograph. mod.)​ en allemand Regensburg ; ville d’Allemagne dans la Baviere, au confluent de la Nab & du Regen avec le Danube, à 25 lieues au nord de Munich, à 26 au nord-est d’Augsbourg, & à 20 sud-est de Nuremberg. Elle est fort ancienne, & sa situation sur trois rivieres la rend commerçante. Il y a dans cette ville une sale où se tiennent les dietes générales de l’empire. La cathédrale est dédiée à S. Pierre. L’évêque, qui est suffragant de Saltzbourg, est prince de l’empire, ainsi que les abbesses de deux abbayes de filles qui sont dans cette ville, outre plusieurs autres communautés religieuses ; mais les luthériens y sont nombreux, & ont un consistoire de leur religion depuis 1555. L’ordre​Teutonique y possede deux maisons, dans l’une desquelles réside un commandeur de l’ordre. Le pont de pierre sur lequel on passe le Danube, est le meilleur de tous ceux qui sont sur ce fleuve. Long. suivant Stréet, 28. 56. 15. lat. 49. 2.


Dom Juan d’Autriche, fils naturel de Charles-Quint, & l’un des grands capitaines du seizieme siecle, naquit à Ratisbonne en 1547, & mourut à Gemblours en 1578, à 32 ans. Il avoit gagné la bataille de Lespante contre les Turcs, & étoit lors de sa mort gouverneur des Pays-Bas. On a cru long-tems que la dame Blomberg (Barbe) étoit la mere de ce prince ; mais Strata nous assure qu’elle ne fit que servir de couverture à une grande princesse dont Charles-Quint eut ce fils naturel. Son frere Philippe II. le soupçonna de vouloir se faire souverain de la Flandre, & les liaisons qu’il avoit avec la reine Elisabeth autorisoient ses soupçons : on ne crut point que sa mort qui suivit de près fût naturelle. Autre anecdote curieuse : Philippe II. ayant trouvé dans les papiers de dom Juan un traité de ligue avec Henri, duc de Guise, qui eût été également fatal à la France & à l’Espagne, profita de cette découverte pour faire les mêmes propositions au duc de Guise, en sorte qu’il tourna à son avantage ce qui devoit lui être contraire, & que dom Juan fut la cause indirecte de cette fameuse ligue qui causa tant de malheurs.


Je ne connois point d’hommes de lettres un peu célebres nés à Ratisbonne, car les ouvrages astronomiques de Pimmart (George Christophe) sur le soleil & la lune, n’ont pas fait fortune dans le monde, quoique cet auteur ne soit mort qu’en 1705.


Prasch (Jean Louis) étoit assez versé dans la connoissance du droit civil & naturel ; mais ses ouvrages ont roulé sur d’autres sujets de littérature, & sont tombés dans l’oubli. Il mourut en 1690.


Rulland (Martin) fut médecin de l’empereur, & mourut à Prague en 1611, du mal d’Hongrie, lues ungarica, sur lequel il avoit fait un traité. C’est lui qui écrivit l’histoire fausse & ridicule de la prétendue dent d’or. (D. J.)​","[['49 2\' N 28 56\' 15"" E']]",,"49 2' N 28 56' 15"" E","49 2' N 28 56' 15"" E"
v13-2220-0,RAVELLO,"RAVELLO, (Géog. mod.)​ petite ville d’Italie, au royaume de Naples, dans la principauté citérieure, à 4 milles de la mer, au nord d’Amalfi ; elle a été bâtie en 1086. Son évêché est suffragant d’Amalfi, auquel on a réuni celui de Scala, en 1603. Long. 32. 8. latit. 40. 36. (D. J.)​","[[""40 36' N 32 8' E""]]",,40 36' N 32 8' E,40 36' N 32 8' E
v13-2234-0,RAVIERES,"RAVIERES, (Géog. mod.)​ en latin du moyen âge Rabieræ ; petite ville de France en Champagne, au diocese de Langres, sur la riviere d’Armançon. Le terroir y produit du blé & du vin. Long. 21. 43. latit. 47. 36. (D. J.)​","[[""47 36' N 21 43' E""]]",,47 36' N 21 43' E,47 36' N 21 43' E
v13-2244-0,RAUMO,"RAUMO, (Géog. anc.)​ petite ville de Suede dans la Finlande septentrionale, sur le golfe de Bothnie, à l’embouchure d’une petite riviere, entre Biornbourg & Nikork, près du détroit de même nom ; en suédois Raumo sund. Long. 40. 4. lat. 61. 26. (D. J.)​","[[""61 26' N 40 4' E""]]",,61 26' N 40 4' E,61 26' N 40 4' E
v13-2568-0,RÉES,"RÉES, (Géog. mod.)​ ville d’Allemagne, au cercle de Westphalie, dans le duché de Cleves, sur la droite du Rhin, entre Wesel & Emmerick. Elle appartient au roi de Prusse, & elle est défendue par un fort, bâti en-deça du Rhin. Les Espagnols la prirent en 1598, & les états des Provinces-unies la leur enleverent en 1614. Long. 24. 5. lat. 51. 43. (D. J.)​","[[""51 43' N 24 5' E""]]",,51 43' N 24 5' E,51 43' N 24 5' E
v13-2667-0,REGGIO,"REGGIO, (Géog. mod.)​ ou Reggio de Calabre, pour la distinguer de Reggio de Lombardie, est une ville très-ancienne d’Italie, au royaume de Naples, dans la Calabre ultérieure, sur le phare de Messine, à 6 lieues au sud-est de Messine.


Strabon & Eschile dérivent le nom de cette ville du mot grec ῥηγνύναι, séparer, arracher, parce qu’on croit qu’en cet endroit la Sicile a été détachée & arrachée de l’Italie par des tremblemens de terre. La ville de Reggio, qui se nommoit alors Phœbia, fut elle-même presque ruinée par de nouveaux tremblemens de terre. Jules-César la fit rebâtir, & la repeupla ; c’est pour cela qu’elle fut nommée Rhegium Julium. Voyez ce mot.


Cette ville a été saccagée en 1543, par Caradin, amiral de Soliman. Elle est aujourd’hui dans un triste​état, médiocre pour la grandeur, vilaine, pauvre & dépeuplée. Quoique située au bord de la mer, elle n’a point de port. Je sais bien qu’elle est archiépiscopale ; mais c’est un vain titre qu’elle ne doit qu’à son antiquité, & qui d’ailleurs est commun dans le royaume de Naples, puisqu’on y compte vingt & un archevéchés, & cent vingt-trois évêchés. Il y a cependant à Reggio deux colleges, l’un de jésuites, & l’autre de dominicains. Sa garnison est de quatre ou cinq cens hommes, & ses fortifications se réduisent​ à des barrieres qui sont aux portes. Longit. 33. 36. latit. 38. 7.


Le cardinal Tusco (Dominique), étoit de Reggio en Calabre. Il avoit commencé par être capitaine d’infanterie, & il auroit obtenu le souverain pontificat sans les vives oppositions de Baronius. Le cardinal Tusco a publié huit vol. in-fol. dans lesquels il a rédigé alphabétiquement toutes les matieres du droit civil & du droit canon. Il mourut l’an 1620, âgé de 90 ans. (D. J.)​ Fin du treizieme Volume.","[[""38 7' N 33 36' E""]]",,38 7' N 33 36' E,38 7' N 33 36' E
v13-277-2,Porto,"Porto, (Géog. mod.)​ ville ruinée d’Italie dans l’état de l’Eglise, à la droite du Tibre, environ à deux milles d’Ostia, & à une distance à-peu-près égale de la mer. On prétend que l’empereur Claude fit le grand port de cette ville, & Trajan le petit port ; quoiqu’on ne trouve qu’une douzaine de cabanes dans cet endroit, il y a cependant un évêché attaché au sous-doyen des cardinaux depuis l’an 1120. Long. 30. 12. lat. 41. 41. (D. J.)​","[[""41 41' N 30 12' E""]]",,41 41' N 30 12' E,41 41' N 30 12' E
v13-278-0,PORTO-BELO,"PORTO-BELO, (Géog. mod.)​ ville & port de l’Amérique, sur la côte septentrionale de l’île de Panama. Christophe Colomb en fit la découverte en 1502. La ville fut bâtie sous le regne de Philippe II. roi d’Espagne, après la ruine de Nombré de Dios qui n’en est qu’à 5 lieues. Elle est longue & étroite ; l’air y est mauvais, parce que le terrein y est marécageux du côté de l’est : d’ailleurs les chaleurs y sont excessives, ce qui produit des orages mêlés d’éclairs & de tonnerres épouvantables, dont le bruit est augmenté par les montagnes du voisinage. Cependant le port est vaste & commode ; l’entrée en est étroite, & la mer est haute presque contre le rivage, de 5 à 6 bras-​ses au milieu du port qui est défendu par deux forts, auprès de l’un desquels est la maison du gouverneur. Les galions d’Espagne y chargent les trésors du Pérou qu’on y conduit par terre de Panama, car c’est-là l’entrepôt des trésors du nouveau monde.


Williams Parker surprit la ville de Porto-belo en 1591 & la pilla. Le chevalier Morgan s’en rendit aussi maître. Enfin l’amiral Vernon prit Porto-belo en 1740, & en rasa les fortifications. Long. suivant le P. Freuillée, Cassini, Lieutaud & Desplaces, 297-41′. 30″. lat. 9-33′.","[['9 33\' N 297 41\' 30"" E']]",,"9 33' N 297 41' 30"" E","9 33' N 297 41' 30"" O"
v13-286-1,Portland,"Portland, (Géog. mod.)​ petite île d’Angleterre dans la Manche, sur la côte du Dorsetshire, à quelques milles au midi de Dorchester. Elle a titre de comté, est très-fertile & remarquable par ses belles carrieres de pierres presque aussi dures que le marbre ; elle est défendue par deux châteaux, dont l’un a été​ bâti par Henri VIII. Ces deux châteaux commandent tous les navires qui passent dans cette rade, qu’on appelle le cours de portland, parce que la mer a un gros courant dans cet endroit. Long. 15. 12. latit. 50. 32. (D. J.)​","[[""50 32' N 15 12' E""]]",,50 32' N 15 12' E,50 32' N 15 12' O
v13-295-0,PORTO-MARINO,"PORTO-MARINO, (Géog. mod.)​ petite ville d’Espagne, dans la Galice, sur le Minho, qui la partage en deux villes, à quelques lieues au-dessous de Lugo, & à 10 au-dessus d’Orenze. C’est la grande route du royaume de Léon à Saint Jacques de Compostelle. Long. 10. 27. latit. 42. 53.","[[""42 53' N 10 27' E""]]",,42 53' N 10 27' E,42 53' N 10 27' O
v13-416-0,POUANCÉ,"POUANCÉ, (Géog. mod.)​ ou Saint-Aubin de Pouancé, petite ville de France, dans l’Anjou, au Craonois, sur un étang. Il y a une maîtrise des eaux & forêts, un grenier à sel, une riche abbaye d’hommes ordre de saint Benoit, & dans le voisinage des forges de fer. Long. 16, 23, latit. 47, 45. (D. J.)​","[[""47 45' N 16 23' E""]]",,47 45' N 16 23' E,47 45' N 16 23' E
v13-70-0,"PONS-DE-TOMIERES, saint","PONS-DE-TOMIERES, saint, (Géog. mod.)​ petite ville de France dans le bas Languedoc, à 9 lieues au nord-ouest de Narbonne dans un vallon, entouré de montagnes & traversée par la riviere de Jaur. Elle doit son origine à une abbaye d’hommes de l’ordre de S. Benoît, fondée l’an 936. Elle fut érigée en évêché par le pape Jean XXII. en 1318, & l’évêque en est seul seigneur ; son diocese n’est composé que de quarante paroisses ; les montagnes qui environnent cette petite ville sont fécondes en carrieres de beaux marbres. Long. 20. 29. latit. 43. 32. (D. J.)​","[[""43 32' N 20 29' E""]]",,43 32' N 20 29' E,43 32' N 20 29' E
v13-73-0,PONTAC,"PONTAC, (Géog. mod.)​ petite ville de France, dans le Béarn, recette de Pau. Longit. 17. 9′. latit. 43. 13′.


Cette ville florissoit du tems d’Henri IV. & a donné la naissance à Jean de la Placete, ministre calviniste, sage & éclairé, mort à Utrecht en 1718, à 81 ans. Ses ouvrages de morale, qu’il a publiés sous le nom d’essais, & qui forment douze volumes in-12. sont également estimés des Protestans & des Catholiques. On fait cas particulierement de son traité de la conscience, de celui de la restitution, de son traité des jeux de hasard, & de son traité du serment. Enfin sa morale chrétienne abrégée est encore un très-bon livre ; la meilleure édition est de 1701, in-8°. (D. J.)​","[[""43 13' N 17 9' E""]]",,43 13' N 17 9' E,43 13' N 17 9' E
v13-762-0,PREVESA,"PREVESA, (Géog. mod.)​ ville ou bourg de l’Albanie, sur le golfe de Larta, à 25 lieues au nord de Lépante, & à 40 au couchant de Larisse. Ce bourg est dans la situation de l’ancienne Nicopolis, bâtie par Auguste, en mémoire de la victoire qu’il remporta sur Marc-Antoine. Les Vénitiens s’emparerent de Prevesa en 1684, & en démolirent les fortifications, en gardant la place. Long. 38. 40. lat. 39. 15. (D. J.)​","[[""39 15' N 38 40' E""]]",,39 15' N 38 40' E,39 15' N 38 40' E
v13-829-0,"PRISDENE, ou Prisrend, ou Prisrendi","PRISDENE, ou Prisrend, ou Prisrendi, (Géogr. mod.)​ ville des états du Turc en Europe, aux confins de la Servie, de la Macédoine, & de la haute Albanie, dans l’endroit où le Drin-blanc reçoit une petite riviere qui vient des montagnes voisines, du côté de l’orient. Les anciens la nommoient Ulpianum ou Ulpiana urbs ; & quand l’empereur Justinien l’eut rétablie, il lui donna son nom, & l’appella Justiniana secunda. Cette ville est à 48 lieues au sud-est de Raguse, & à 78 nord de Belgrade. Long. 38. 37. lat. 42. 8. (D. J.)​","[[""42 8' N 38 37' E""]]",,42 8' N 38 37' E,42 8' N 38 37' E
v13-83-0,PONT-DE-SÉ,"PONT-DE-SÉ, (Géog. mod.)​ petite ville de France, dans l’Anjou, sur la Loire, qu’on y passe sur un pont, à une lieue d’Angers, & à soixante-dix de Paris. Elle est défendue par un château, & est un des plus importans passages sur la Loire. Long. 17. 6. lat. 47. 24.


Cette ville s’appelle en latin moderne Pons-Saii, car l’ancien nom de ce lieu est Saïum, Seïum, Saum, & en quelques titres, Saïacum. Ce lieu étoit connu sous ces noms-là il y a environ sept cens ans, d’où il suit qu’on ne doit point écrire Pont-de-Cé, mais Pont-de-Sé. Cette petite ville fut donnée à l’abbaye de Fontevraud par Foulque Nerra, & par Aremburge du Maine, sa femme. Philippe de Valois étant parvenu à la couronne en 1328, y réunit le Pont-de-Sé, que son pere Charles avoit racheté de l’abbaye de Fontevraud en 1293.


Son pont, moitié pierre & moitié bois, est connu dans l’Histoire par la défaite des troupes de la reine Marie de Médicis & de ses confédérés, qui furent mises en déroute, en 1620, par l’armée de Louis XIII. que commandoit le maréchal de Crequi.


MM. Sanson, dans leurs remarques sur la carte des Gaules, prétendent que le pont, nommé dans les commentaires de César, l. VIII. c. xxvij. pons Ligeris, est le Pont-de-Sé, sur lequel Dumnacus, chef des Angevins, faisoit sa retraite, & où il fut battu par Fabius. (D. J.)​","[[""47 24' N 17 6' E""]]",,47 24' N 17 6' E,47 24' N 17 6' E
v13-841-0,"PRISTINA, ou PRESTINA","PRISTINA, ou PRESTINA, (Géogr. mod.)​ ville des états du turc en Europe, dans la partie orientale de la Servie, aux confins de la Bulgarie, sur la Rusca, à 22 lieues sud-ouest de Nissa, & 58 sud-est de Belgrade. Long. 39. 40. latit. 42. 43.","[[""42 43' N 39 40' E""]]",,42 43' N 39 40' E,42 43' N 39 40' E
v13-92-0,PONTE-FELLA ou PONTEBA,"PONTE-FELLA ou PONTEBA, (Géog. mod.)​ petite ville, située aux frontieres de l’Italie & de la Carinthie, sur les bords de la riviere Fella qui sépare les terres de l’empereur de celles des Vénitiens. L’on ne peut pas passer plus vîte d’un pays à un autre qu’on y passe dans cette ville, car d’un côté du pont demeurent les Italiens sujets de la république de Venise, & de l’autre sont les Allemands qui obéissent à l’empereur ; c’est le passage le plus aisé des Alpes : Lazius croit que c’est l’ancien Julium carnicum. Long. 30. 46. latit. 46. 35. (D. J.)​","[[""46 35' N 30 46' E""]]",,46 35' N 30 46' E,46 35' N 30 46' E
v14-1017-0,RIOM,"RIOM, (Géog. mod.)​ en latin Ricomagum ou Ricomagus ; ensuite par corruption, Ricomum & Riomum, d’où est venu le nom de Riom ; ville de France dans la basse Auvergne, au diocèse & à 2 lieues de Clermont, à 20 sud-est de Moulins, & à 90 au midi de Paris.


Philippe-Auguste s’en rendit maître par capitulation, & elle devint fort peuplée sous les ducs d’Auvergne, qui y établirent leur cour & leur domicile. Aujourd’hui Riom est considérable par sa sénéchaussée, par son présidial, dont le ressort est étendu, par son bureau des finances, par une chambre des monnoies & par trois chapitres, dont l’un porte le nom de S. Amable, patron de la ville. Les PP. de l’oratoire y ont le college. Long. 20. 4. lat. 45. 50.


La ville de Riom a été le berceau de quelques personnes illustres par leur savoir ou par leur esprit.


Grégoire de Tours (Georgius-Florentius Gregorius), est le premier dont il faut parler, à cause de son ancienneté. On l’a nommé Grégoire de Tours, parce qu’il fut évêque de cette ville en 573. On en a fait un saint, parce qu’il a lui-même écrit plusieurs livres des miracles des saints ; parce qu’il s’opposa courageusement aux projets de Chilpéric & de Frédégonde ; enfin parce qu’il fut lié d’amitié avec S. Grégoire le grand, & qu’il vint à Rome visiter le tombeau des apôtres. Il est mort en 595. Dom Ruinard a donné la meilleure édition de ses ouvrages en 1699 ; mais le seul qui soit utile, est son histoire de France en dix livres, depuis l’établissement du Christianisme dans les Gaules, jusqu’à l’an 595. Cette histoire contient des faits importans, quoique le style en soit dur & grossier, & que l’auteur soit extrèmement simple & crédule. On a remarqué qu’il s’est trompé en plusieurs points & que plusieurs de ses passages veulent être corrigés. Son silence sur le miracle de la sainte ampoule est une forte objection contre la certitude de ce​miracle, parce qu’il n’étoit pas homme à l’oublier. Il est encore bon d’observer qu’on l’obligea de se disculper par serment, d’avoir mal parlé de la reine Frédégonde.


Genebrard (Gilbert), religieux de Clugny, & qui devint archevêque d’Aix en 1591, étoit un des savans hommes du xvi siecle. Il mourut à Semur en 1597, à 60 ans. On a de lui plusieurs ouvrages, & entr’autres une traduction françoise de Josephe. Il a publié en latin une chronologie sacrée, un commentaire sur les pseaumes, plusieurs opuscules des rabbins, trois livres sur la Trinité, & un traité pour soutenir les élections des évêques par le clergé & par le peuple, contre la nomination du roi. Ce dernier traité fit grand bruit par le mauvais esprit qui engagea l’auteur à le mettre au jour. C’étoit un livre injurieux aux droits de l’église gallicane, & le parlement de Provence le condamna à être brûlé. On sait que Genebrard avoit embrassé quelque tems auparavant le parti de la ligue, & qu’il ne cessoit dans ses sermons de déclamer avec fureur contre Henri IV. Il vomissoit, dit le journal de l’Etoile, autant d’injures contre ce prince, qu’une harangere en colere. Enfin, pour le peindre en deux mots, avec M. de Thou, c’étoit un homme plus réglé dans sa vie que dans ses écrits, & plus laborieux que sage. Son style se ressent de son caractere ; il est dur & rempli d’épithetes.


Courtin (Antoine de), sécretaire des commandemens de la reine Christine de Suede, naquit à Riom en 1622. Charles Gustave le fit son envoyé extraordinaire en France ; & après le décès de ce monarque, Colbert nomma M. Courtin résident de France vers les princes du nord. Il mourut à Paris en 1685. On lui doit la premiere traduction françoise du traité de la guerre & de la paix de Grotius ; mais celle de M. Barbeyrac l’a fait tomber dans l’oubli.


Danchet (Antoine), poëte françois, naquit à Riom en 1671, devint membre de l’académie des Inscriptions en 1706, de l’académie Françoise en 1712, & mourut à Paris en 1748, généralement aimé & estimé. Ce qui fait l’éloge de son cœur, c’est qu’étant poëte par goût & comme par état, il ne s’est jamais permis des vers satyriques contre personne, quoiqu’il ait été souvent blessé des traits de la malignité. Cet auteur aimable a fait plusieurs tragédies foibles, & a beaucoup travaillé pour le théâtre de l’opéra ; les pieces qu’il a données en ce genre se sont soutenues à l’aide du musicien. Toutes ses œuvres ont été recueillies & imprimées à Paris en 1751, en quatre vol. in-12. Il est l’auteur des vers intitulés les cinq sens.



J’entends la voix d’Eglé, quel plaisir souverain !
Je respire son air & son parfum divin :
Je la vois, à mes yeux Venus même s’expose ;
Je cueille le lis de son sein ;
Je goûte le baiser sur ses levres de rose.
Si j’ai bien compté par mes doigts,
(Car pour mon cœur le nombre en est extrème)
Voilà tous les cinq sens ravis tous à la fois ;
Je ne parle pas du sixieme.


Faydit (Pierre), connu par la singularité de ses opinions, naquit à Riom, entra dans la congrégation de l’oratoire en 1662, fut obligé d’en sortir en 1671, & mourut en 1709. Il publia en 1696, un traité sur la Trinité, dans lequel il déclame contre le système des théologiens scolastiques, & en établit un qui l’a fait soupçonner de favoriser le trithéïsme. Ses autres ouvrages sont 1°. la vie de S. Amable : 2°. des remarques sur Virgile, sur Homere & sur le style poétique de l’Ecriture : 3°. des mémoires contre l’histoire ecclésiastique de Tillemont : 4°. une critique du Télémaque de M. l’Archevêque de Cambrai. Tous ces ouvrages péchent moins par l’érudition, que par la​ satyre, le manque de goût & de jugement.


Sirmond (Jacques), jésuite, né à Riom en 1559, mourut à Paris au college de Clermont en 1651, âgé de 92 ans. C’étoit l’un des plus érudits & des plus aimables hommes de son siecle. Il devint confesseur de Louis XIII. & se conduisit à la cour avec tant de prudence dans ce poste délicat, qu’il n’y donna jamais à personne le moindre sujet de plainte. Renfermé dans les bornes de son ministere, il continua ses études, ne se mêla d’aucune affaire temporelle, & ne demanda qu’un petit bénéfice pour M. de la Lande son neveu, sur lequel il fut contesté. Le pape le préféra à tous les savans d’Italie pour faire la préface de la collection des conciles. Ses nombreux ouvrages furent très-estimés, & sont très-peu lus. Il est vrai qu’on a recueilli à Paris en 1696 en 5 vol. in-fol. les seuls opuscules du pere Sirmond sur différentes matieres, mais à-peine les consulte-t-on aujourd’hui dans les bibliotheques publiques qui en ont fait l’acquisition ; cependant son style est concis, & il traite ses sujets avec beaucoup de choix, d’exactitude & d’érudition.


Foulée (Dom Antoine-Augustin), de la congrégation de S. Maur, né Riom en 1677, mourut en 1718, après avoir achevé une nouvelle édition des œuvres de S. Cyrille de Jérusalem, que dom Prudent Maran a publiée à Paris en 1720, in-fol. (Le Chevalier de Jaucourt.)​","[[""45 50' N 20 4' E""]]",,45 50' N 20 4' E,45 50' N 20 4' E
v14-1076-0,RIVOLI,"RIVOLI, (Géog. mod.)​ en latin Ripulæ ; ville d’Italie dans le Piémont, sur le penchant d’une agréable colline, à 6 milles au couchant de Turin ; on y compte environ sept mille ames, entre lesquelles se trouvent plusieurs moines de l’ordre des carmes, des capucins & des dominicains. Longitude 25. 8. latit. 44. 52.


Le roi de Sardaigne y a un beau palais, embelli par Charles Emmanuel I. de ce nom, duc de Savoie, qui y naquit le 12 Janvier 1562. Ce prince étoit un homme de génie, profond politique, magnifique en palais & en églises, voluptueux, si caché dans ses desseins qu’on disoit que son cœur étoit plus inaccessible que son pays ; plein de valeur, & l’un des grands capitaines de son siecle. Son ambition demesurée lui suggéra le projet de devenir comte de Provence en 1590, & le fit aspirer au royaume de France pendant la ligue, & à la couronne impériale après la mort de l’empereur Matthias. Cette humeur entreprenante excita contre lui la jalousie des rois de France, d’Espagne, des Allemands & des Vénitiens. Sa ville de Saluce fut prise par les maréchaux de la Force & de Montmorenci ; enfin voyant par sa fausse politique son pays également ouvert aux François & à ses alliés, il tomba malade à Savillan, & mourut de douleur trois jours après, en 1630, âgé de 78 ans.","[[""44 52' N 25 8' E""]]",,44 52' N 25 8' E,44 52' N 25 8' E
v14-1114-0,"ROCHE-FOUCAUD, la","ROCHE-FOUCAUD, la, (Géog. mod.)​ petite ville de France, dans l’Angoumois, sur la Tardouere, à 6 lieues au nord-ouest d’Angoulême, avec titre de duché-pairie, érigée en 1622, & dont quatre baronnies dépendent. Il y a dans cette petite ville une église collégiale, & un couvent de carmes. Long. 18. 3. lat. 45. 43.


MM. de Daillon (Benjamin & Jacques), issus de l’ancienne famille des comtes du Lude, naquirent tous les deux dans la petite ville de la Roche-foucaud, & le premier fut ministre d’une église calviniste qui y étoit alors ; mais après la révocation de l’édit de Nantes, il passa, de même que son frere, en Angleterre, où ils moururent l’un & l’autre dans un âge fort avancé. M. Benjamin de Daillon étoit un homme de savoir & de mérite. Il avoit un sentiment particulier touchant les diables, soutenant qu’il n’y en avoit qu’un seul, & que l’Ecriture ne parle jamais du diable, que comme d’un être unique. Il prétendoit en conséquence que les esprits impurs que Jesus-Christ chassoit, étoient des maladies, & que l’Ecriture leur donne le nom d’esprits ou de démons, pour s’accommoder au langage de ce tems-là, ces maladies étant déifiées, ou regardées comme des démons ou des divinités parmi les payens.


M. Jacques de Daillon adopta le même sentiment de son frere ; & voulant le défendre par écrit, il publia en 1723, un ouvrage in-8°. en anglois, intitulé Δαιμονολογία, or a treatise, &c. c’est-à-dire, Démonologie, ou traité des esprits, dans lequel on explique plusieurs passages de l’Ecriture contre les erreurs vulgaires touchant les sorciers, les apparitions, &c. avec un appendice contre la possibilité de la magie, de la sorcellerie & du sortilege. (D. J.)​","[[""45 43' N 18 3' E""]]",,45 43' N 18 3' E,45 43' N 18 3' E
v14-1200-0,ROMANS,"ROMANS, (Géogr. mod.)​ petite ville de France, dans une belle plaine du Dauphiné, sur l’Isere, à 3 lieues du Rhône, à 10 au sud-ouest de Grenoble, & à 112 de Paris. Elle doit son origine à un monastere fondé dans le ix siecle, qui a été secularisé, & dont la manse abbatiale a été unie à l’archevêché de Vienne. Il y a dans cette ville une abbaye de filles, ordre de Cîteaux, fondée en 1532, & plusieurs couvens de religieux. Romans est un gouvernement particulier du gouvernement militaire de Dauphiné. Long. 22. 43. lat. 45. 7. (D. J.)​","[[""45 7' N 22 43' E""]]",,45 7' N 22 43' E,45 7' N 22 43' E
v14-1231-0,RONDA,"RONDA, (Géog. mod.)​ ville d’Espagne, au royaume de Grenade, sur les frontieres de l’Andalousie, au haut d’un rocher escarpé, environné de la riviere de Guadajara, à 8 lieues au nord de Gibraltar. On descend de la ville à la riviere par un escalier de deux à trois cens marches, taillé dans le roc ; c’est un ouvrage des Maures : cette place fut conquise sur eux en 1485 par d. Ferdinand & dona Isabelle, qui y entrerent par une fausse porte. Les environs sont fertiles en fruits exquis, & on y recueille beaucoup de belle soie. Long. 12. 10. latit. 36. 28. (D. J.)​","[[""36 28' N 12 10' E""]]",,36 28' N 12 10' E,36 28' N 12 10' O
v14-1283-0,ROSENFELD,"ROSENFELD, (Géog. mod.)​ ville d’Allemagne, dans la Suabe, au duché de Wurtemberg, sur la riviere de Tayah, entre Sulz & Balingen. Elle fut entourée de murailles en 1274 ; ses habitans sont luthériens. Long. 26. 22. lat. 48. 12. (D. J.)​","[[""48 12' N 26 22' E""]]",,48 12' N 26 22' E,48 12' N 26 22' E
v14-1289-0,"ROSETTE, ou ROSSETE","ROSETTE, ou ROSSETE, (Géogr. mod.)​ ville d’Egypte, près des ruines de l’ancienne Canope, sur le bord du bras occidental du Nil, à une lieue de la mer, à 8 au levant d’Alexandrie, à 16 au-dessous de Frouah, & à 38 au nord-ouest du Caire, avec laquelle elle communique par un canal que deux châteaux défendent.


Cette ville doit avoir plus de six cens ans d’antiquités, puisque au tems du géographe Edrissi elle existoit déjà : elle est en partie bâtie sur une montagne de roche, qui commence au bord du Nil, & s’étend assez avant dans les terres vers l’occident.


Rosette est grande & commerçante, car on y transporte plusieurs marchandises qui viennent de la mer Rouge & de la haute Egypte ; il est vrai cependant qu’il n’y a que les saiques & les caromousals des Grecs qui puissent monter jusqu’à Rosette ; les navires ne le peuvent pas faute d’eau.


Il réside ordinairement dans cette ville un vice-consul de France, qui est logé dans une okelle : c’est un bâtiment fait en façon de cloître, avec une grande porte, & une basse-cour environnée de magasins ; au-dessus il y a des galeries qui conduisent dans les chambres qu’on leue aux marchands. Long. 47. 28. lat. 31. 15. (D. J.)​","[[""31 15' N 47 28' E""]]",,31 15' N 47 28' E,31 15' N 47 28' E
v14-1324-0,ROSTOF ou ROSTOW,"ROSTOF ou ROSTOW, (Géog. mod.)​ ville archiépiscopale de l’empire russien, capitale du duché de même nom, sur le lac de Kotri, à six lieues de Jaroslaw & à quarante de Moscow. Long. 58. lat. 57. 6. (D. J.)​","[[""57 6' N 58 E""]]",,57 6' N 58 E,57 6' N 58 E
v14-1342-0,ROTHESS,"ROTHESS, (Géog. mod.)​ ville d’Ecosse, dans la province de Murray, sur une petite riviere qui se rend dans la Spey, à 92 milles au couchant d’Edimbourg. Long. 11. 26. lat. 56. 10. (D. J.)​","[[""56 10' N 11 26' E""]]",,56 10' N 11 26' E,56 10' N 11 26' E
v14-1377-0,ROUDBAR,"ROUDBAR, (Géog. mod.)​ vulgairement Roumar, ville de Perse, dans la province de Guilan. Long. selon Tavernier, 75. 37. lat. 37. 21. (D. J.)​","[[""37 21' N 75 37' E""]]",,37 21' N 75 37' E,37 21' N 75 37' E
v14-1486-0,RUDESHEIM ou RUDISHEIM,"RUDESHEIM ou RUDISHEIM, (Géog. mod.)​ petite ville d’Allemagne, dans l’électorat de Mayence, au Rheingaw, sur la droite du Rhein, à une lieue au dessus de Bingen. Longit. 25. 31. latit. 49. 54. (D. J.)​","[[""49 54' N 25 31' E""]]",,49 54' N 25 31' E,49 54' N 25 31' E
v14-1511-0,RUGENWALDE,"RUGENWALDE, (Géog. anc.)​ ville d’Allemagne, dans la Poméranie ultérieure, chef-lieu du duché de Wenden, sur la riviere de Wiper, à 30 milles au nord-est de Colberg. Elle est défendue par un château, & appartient au roi de Prusse. Long. 34. 18. lat. 54. 33. (D. J.)​","[[""54 33' N 34 18' E""]]",,54 33' N 34 18' E,54 33' N 34 18' E
v14-1576-0,RUTIGLIANO,"RUTIGLIANO, (Géog. mod.)​ petite ville d’Italie, au royaume de Naples, dans la terre de Bari, au couchant de Conversano, & environ à 6 milles au midi oriental de la ville de Bari. Long. 34. 33. lat. 41. 2.","[[""41 2' N 34 33' E""]]",,41 2' N 34 33' E,41 2' N 34 33' E
v14-1637-0,SABIA,"SABIA, (Géog. mod.)​ nom d’un royaume & d’une riviere de la Cafrerie en Afrique. On ne connoît ni port, ni ville dans ce royaume. La riviere de Sabia le baigne au nord & au sud. Elle a sa source vers le 47. degré de longitude, & un peu au-delà du 21. degré de latitude méridionale. Son cours est d’occident en orient, & peut avoir 40 lieues de longueur. (D. J.)​",[['21 S 47 E']],,21 S 47 E,21 S 47 E
v14-1685-0,SACCAI,"SACCAI, (Géogr. mod.)​ Kempfer ne dit rien de cette ville, peut-être parce qu’elle ne subsistoit plus de son tems ; mais les auteurs de l’ambassade des Hollandois au Japon, en parlent fort au long, & nous la donnent pour une des cinq villes impériales du Japon, dans l’île de Nipon, sur la côte orientale de la baie d’Osacca, à 3 lieues au midi de cette ville. Longit. 152. 27. latit. 35. 46. (D. J.)​","[[""35 46' N 152 27' E""]]",,35 46' N 152 27' E,35 46' N 152 27' E
v14-1789-0,SAGRES,"SAGRES, (Géogr. mod.)​ ville de Portugal, dans l’Algarve, à une lieue & demie du cap Saint-Vincent, promontorium sacrum, & à 45 au midi de Lisbonne. Elle fut fondée au commencement du xv.​ siecle par l’infant dom Henri, fils du roi Jean I. Elle a un port d’où ce prince envoya des flottes pour chercher de nouvelles routes vers les Indes orientales. Il y a toujours garnison dans la forteresse. Long. 8. 42. latit. 36. 57. (D. J.)​","[[""36 57' N 8 42' E""]]",,36 57' N 8 42' E,36 57' N 8 42' E
v14-1965-0,SALOBRENA,"SALOBRENA, (Géog. mod.)​ ou Salobregna, en latin Selambina, dans Ptolomée, l. II. c. 6. petite ville d’Espagne, au royaume de Grenade, sur un rocher, proche la mer, à une lieue au couchant de Motril, avec un château fortifié, où on tient garnison. Long. 13. 51. latit. 36. 16. (D. J.)​","[[""36 16' N 13 51' E""]]",,36 16' N 13 51' E,36 16' N 13 51' E
v14-207-0,REMIREMONT,"REMIREMONT, (Géog. mod.)​ en latin du moyen âge Romarici mons ; petite ville de Lorraine au diocèse de Toul, sur la gauche de la Moselle, à 4 lieues​ au-dessus d’Epinal, dans une vallée, au pié du mont de Vosge, à 18 lieues au sud-est de Nanci, à 20 au nord-est de Besançon, & à 80 de Paris. Long. 24. 20. lat. 48. 7.


Remiremont est le lieu le plus célebre de toute la Vosge, à cause de l’illustre chapitre des dames chanoinesses très-nobles qui occupent l’église & collége de Saint-Pierre. Autrefois Remiremont étoit à l’orient de la Moselle, sur une montagne, où le comte Romaric avoit un château ; mais ce lieu fut ruiné jusqu’aux fondemens dans le commencement du jx. siecle, par les Hongrois ou les nouveaux Huns, qui ayant passé le Rhin sous le regne de Louis fils d’Arnou, ravagerent tous ces pays-là. On bâtit ensuite une nouvelle église dans la plaine, de l’autre côté de la Moselle, & la situation en étoit plus commode que celle de la montagne.


C’étoit cependant sur cette montagne que dans le vij. siecle, l’an 620, le comte Romaric, seigneur également riche & puissant, désabusé des grandeurs du monde, fonda la célebre abbaye de Remiremont, & la dota de tous ses biens. De-là vient que les Allemands appellent cet endroit Rumelsberg ou Romberg, c’est-à-dire, le mont de Romaric, d’où est venu le nom de Romarimont, corrompu en celui de Remiremont.


Les moines bénédictins prétendent que les filles que l’on établit dans la nouvelle maison de Remiremont après le ravage des Hongrois, aient été des religieuses de leur ordre ; mais les chanoinesses soutiennent sur des fondemens plus solides qu’elles n’ont jamais été de l’ordre des Bénédictins depuis la fondation de la nouvelle maison de Saint-Pierre, & que c’est à elles & en leur propre considération que les papes leur ont accordé de grands priviléges, avec une exemption entiere de la jurisdiction de l’ordinaire. On sait que l’abbesse est princesse de l’empire, & fait seule les vœux solemnels, à-moins qu’elle n’en obtienne dispense ; mais les chanoinesses n’ont ni vœux ni clôture, & sont seulement obligées de faire preuve de la plus grande noblesse. Mais cette fameuse abbaye mérite un plus grand détail.


Elle est gouvernée par une abbêsse, une doyenne, & une secrete ou sacristine, dont les fonctions & les menses sont séparées. Tout le revenu de cette abbaye est partagé en 144 prébendes, dont l’abbêsse en possede trente-six : vingt-neuf autres sont partagées entre douze chapelains, le grand-sénéchal, le grand-sonrier ou maître des bois, & quelques autres officiers qui sont tous gens de qualité, & qui en retirent très-peu de profit. Les soixante-dix-neuf prébendes qui restent, se partagent entre les chanoinesses, qui sont rangées sous ving-neuf compagnies ; de ces compagnies il y en a cinq de cinq chanoinesses chacune, huit de quatre, six de trois, & deux de deux.


Chaque chanoinesse est prébendée sur l’une de ces compagnies, & regarde les autres comme ses compagnes de prébende ; si elles viennent à mourir sans avoir aprébendé une demoiselle, la survivante succede à leurs meubles & à leur prébende : ensorte cependant qu’une dame qui se trouve seule dans une compagnie de cinq, est obligée de faire trois nieces, c’est-à-dire d’apprébender trois demoiselles, l’une sur les deux premieres prébendes, l’autre sur les deux suivantes, & la troisieme sur celle qui reste. La survivante d’une compagnie de quatre ou de trois, doit faire deux nieces, & celle d’une compagnie de deux n’en doit faire qu’une ; si elles y manquent, l’abbêsse y pourvoit après un certain délai. Par ce moyen le chœur est toujours rempli d’environ quarante dames, & le service s’y fait avec beaucoup de régularité. Les chanoinesses touchent leur distribution au chœur comme les chanoines.


L’abbêsse de Remiremont use de cette formule « Je​N. par la grace de Dieu, humble abbêsse de l’église de Saint-Pierre de Remiremont, de l’ordre de saint Benoît, diocèse de Toul, immédiatement soumise au saint siége apostolique ». C’est pourquoi la ville de Remiremont porte pour armes les clés de S. Pierre. L’abbêsse, en qualité de princesse du saint empire, se fait servir avec toutes les cérémonies princieres ; privilege accordé en l’an 1090 à l’abbesse Félicie de Lore, & confirmé par l’empereur Albert I. de la maison d’Autriche, en la personne de Clémence d’Oyselet, au mois d’Avril de l’année 1307.


Quand cette abbêsse va à l’offrande ou à la procession, sa dame d’honneur lui porte la queue de son manteau, & son sénéchal porte la crosse devant elle ; le diacre & le soudiacre la vont prendre à sa chaise abbatiale pour la mener à l’offrande, puis la reconduisent à sa place, & lui apportent l’évangile, le corporal, & la paix à baiser.


Elle fait faire les montres & les revues des bourgeois en armes par son sénéchal, qui n’obéit qu’à elle ; aussi ne fait-il point ses preuves en chapitre, mais seulement à l’abbêsse. En tems de guerre, ce sénéchal garde les clés de la ville, donne le mot qu’il reçoit de l’abbêsse, si elle est en ville, ou de la dame chanoinesse sa lieutenante. Dans les processions il porte une épée, pour marque de l’autorité qu’il tient d’elle.


Enfin l’abbêsse de Remiremont a beaucoup de privileges & d’honneurs ; mais elle jouit d’un revenu très-modique, car il n’est guere que d’environ quinze mille livres par an. Quand elle vient à mourir, sa succession échoit par moitié au chapitre & à la future abbêsse.


Dès qu’elle est morte, le chapitre met sa crosse au trésor ; son cabinet, ses chambres, & ses cassettes sont scellées du sceau de la doyenne. Elle est exposée en public revêtue de ses habits de cérémonie, avec une crosse de cire à son côté.


Le jour de son enterrement on lui dit trois messes hautes, après quoi elle est portée au cimetiere des dames, ou dans la chapelle de saint André, où plusieurs abbesses sont enterrées, selon qu’elle en a ordonné par son testament. L’anneau avec lequel elle a été bénite, appartient après ses funerailles au chanoine de semaine du grand autel.


L’abbêsse, la doyenne & la secrete, sont les trois dignités de l’abbaye ; la sonriere, la tresoriere, l’aumôniere & les boursieres, n’ont que titre d’offices. Sonrier est un mot lorrain qui signifie receveur ou administrateur des droits seigneuriaux.


L’abbaye de Remiremont a aussi quatre grands officiers qui font preuve de noblesse comme les dames ; savoir le grand-prevôt, le grand-chancelier, le petit chancelier, & grand-sonrier ; mais ces trois derniers officiers ne sont établis qu’ad honores. (D. J.)​","[[""48 7' N 24 20' E""]]",,48 7' N 24 20' E,48 7' N 24 20' E
v14-2090-0,SANAA,"SANAA, (Géog. mod.)​ ville de l’Arabie heureuse, dans l’Iémen, à 15 lieues de Moab, à 36 au levant d’Aden, & à 140 de Moka. C’étoit autrefois la résidence des rois d’Iémen ; l’air y est tempéré, & les jours presque égaux dans toutes les saisons. Abulféda vante la quantité de ses eaux, la beauté de ses vergers, le nombre de ses habitans & leurs richesses ; mais il faut rabattre beaucoup des exagérations du style oriental. Long. suivant les tables du même Abulfeda, 67. 20. latit. 14. 30. (D. J.)​","[[""14 30' N 67 20' E""]]",,14 30' N 67 20' E,14 30' N 67 20' E
v14-2121-0,SANDECZ,"SANDECZ, (Géog. mod.)​ ville de la petite Pologne, au palatinat de Cracovie, près du mont Krapack, sur les frontieres de la Hongrie, à 10 milles au sud-est de Cracovie, & à 8 des salines de Vielisca. Elle a dans ses environs des mines de cuivre. Long. 38. 55. latit. 49. 52. (D. J.)​","[[""49 52' N 38 55' E""]]",,49 52' N 38 55' E,49 52' N 38 55' E
v14-2144-0,SANGUEHAR ou SANQUEHAR,"SANGUEHAR ou SANQUEHAR, (Géog. mod.)​ petite ville d’Ecosse, dans la province de Nithsdale, proche la source de la Nith, à 18 lieues au sud-ouest d’Edimbourg. Long. 13. 28. latit. 55. 42. (D. J.)​","[[""55 42' N 13 28' E""]]",,55 42' N 13 28' E,55 42' N 13 28' E
v14-2146-0,SANGUESA,"SANGUESA, (Géog. mod.)​ petite ville d’Espagne, dans la Navarre, sur les frontieres de l’Arragon, & sur la riviere d’Arragon, à huit lieues de Pampelune, & à 11 de Calahora. Elle est la capitale d’une mérindade de son nom, qui comprend quelques bourgs & plusieurs villages. C’est peut-être la Jurissa (ou Turisia, selon les divers exemplaires) d’Antonin. Long. 16. 30. latit. 42. 25. (D. J.)​","[[""42 25' N 16 30' E""]]",,42 25' N 16 30' E,42 25' N 16 30' E
v14-2193-0,SANTILLANE,"SANTILLANE, (Géog. mod.)​ en latin du moyen âge, Sanctæ Julianæ fanum ou oppidum ; petite ville d’Espagne, dans l’Asturie, dont une partie en prend le surnom d’Asturie de Santillane, à 5 lieues de S.​ Ander, proche la mer, avec titre de marquisat. On croit que c’est la Concana de Ptolomée, liv. II. ch. vj. Long. 13. 4. latit. 43. 28.","[[""43 28' N 13 4' E""]]",,43 28' N 13 4' E,43 28' N 13 4' E
v14-2306-0,SARGEL,"SARGEL, (Geogr. mod.)​ ville d’Afrique dans la province de Tremecen, au royaume de Maroc, sur la côte, entre Ténès & Alger, à huit lieues de cette derniere ville. Elle a été autrefois florissante ; mais aujourd’hui c’est une ville ruinée, avec un port qui n’est bon que pour de petits bâtimens. Long. 16. 22. latit. 33. 32. (D. J.)​","[[""33 32' N 16 22' E""]]",,33 32' N 16 22' E,33 32' N 16 22' E
v14-2353-0,SARWAR,"SARWAR, (Géog. mod.)​ ville de la basse-Hongrie, au confluent de la riviere de Guntz & du Rab, capitale du comté de même nom. Quelques savans croyent que c’est la Sabaria des anciens auteurs. Long. 35. 24. lat. 47. 12. (D. J.)​","[[""47 12' N 35 24' E""]]",,47 12' N 35 24' E,47 12' N 35 24' E
v14-2367-0,SASSARI ou SACER,"SASSARI ou SACER, (Géogr. mod.)​ ville d’Italie, dans l’île de Sardaigne, au nord-ouest, sur la riviere de Torre, à 6 lieues au nord d’Algieri, & à 7 au sud ouest de Villa Aragonèse. Elle est la résidence de l’archevêque de Torre, autrefois Turris Libissonis, qui est une place ruinée. Long. 26. 15. lat. 40. 45.","[[""40 45' N 26 15' E""]]",,40 45' N 26 15' E,40 45' N 26 15' E
v14-2368-0,SASSEBES ou MILLENBACH,"SASSEBES ou MILLENBACH, (Géog. mod.)​ ville fortifiée de la Transylvanie, capitale du comté de même nom, au confluent de deux petites rivieres. Long. 42. 16. lat. 46. 14. (D. J.)​","[[""46 14' N 42 16' E""]]",,46 14' N 42 16' E,46 14' N 42 16' E
v14-2456-0,SAULIEU,"SAULIEU, (Géog. mod.)​ Sidolcucum, ou Sedelaucum, en latin moderne ; ville de France dans la Bourgogne, chef-lieu d’un baillage de même nom, dans l’Auxois, à 5 lieues au sud-ouest de Sémur, à 15 au couchant de Dijon, sur la route de Lyon à Paris. Il y a une collégiale, un petit collége, & quelques communautés religieuses. Cette ville est la seizieme qui députe aux états de la province ; l’évêque d’Autun en est comte & seigneur. Longit. 21. 54. latit. 47. 17.


Savot, (Louis) savant médecin & célebre antiquaire, naquit à Saulieu, vers 1579. Il se destina d’abord à la chirurgie, & vint à Paris à l’âge de 20 ans, pour s’y rendre habile ; mais il poussa bientôt ses vues plus loin, & prit des degrés en médecine ; enfin il laissa la médecine pour l’architecture, & s’y distingua ; il mourut vers 1640. Ses principaux ouvrages sont, 1°. un discours sur les médailles antiques, vol. in-4°. très-estimé. 2°. L’architecture françoise des bâtimens particuliers, dont les meilleures éditions sont celles de Paris, avec les notes de François Blondel, en 1673 & 1685. 3°. Le livre de Galien, de l’art de guérir par la saignée, traduit du grec, avec un discours préliminaire sur la saignée. (D. J.)​","[[""47 17' N 21 54' E""]]",,47 17' N 21 54' E,47 17' N 21 54' E
v14-2524-0,SAUVES,"SAUVES, (Géog. mod.)​ petite ville, ou, pour mieux dire, bourg de France, dans le bas Languedoc, sur la Vidourle, à 3 lieues au nord d’Anduze, au diocese d’Alais, avec une abbaye de bénédictins, fondée l’an 1029, & un viguier perpétuel que saint Louis y établit en 1236. Long. 23. 9. lat. 43. 41.","[[""43 41' N 23 9' E""]]",,43 41' N 23 9' E,43 41' N 23 9' E
v14-2563-0,SCALA,"SCALA, (Géog. mod.)​ autrefois petite ville épiscopale d’Italie, au royaume de Naples, dans la principauté citérieure, à deux milles au nord d’Amalfi. son évêché fut réuni, en 1603, à Ravello ; présentement Scala n’est qu’un misérable village qui n’a pas cinquante maisons. Longitude 32. 8. latitude 40. 36. (D. J.)​","[[""40 36' N 32 8' E""]]",,40 36' N 32 8' E,40 36' N 32 8' E
v14-2566-0,SCALANOVA,"SCALANOVA, (Géog. mod.)​ ville de l’empire Turc en Asie, dans l’Anatolie, à trois lieues de la ville d’Ephese. Il ne loge dans cette ville que des turcs & des juifs ; les grecs & les arméniens en occupoient les fauxbourgs ; elle a un port & un château où les Turcs tiennent une garnison d’une vingtaine de soldats. Scalanova est la Néapolis des Milésiens. Elle est située à une journée de Guzetlissar, ou Beau-Château, qui est la fameuse Magnésie sur le Méandre. Long. 45. 8. lat. 37. 52. (D. J.)​","[[""37 52' N 45 8' E""]]",,37 52' N 45 8' E,37 52' N 45 8' E
v14-2573-0,SCALITZ,"SCALITZ, (Géog. mod.)​ ville de la haute-Hongrie, au comté de Poson, sur la Marck, vers les confins de la Moravie, à 18 lieues au nord de Presbourg, & à 22 au nord-ouest de Léopolstad. Long. 34. 58. latit. 48. 55. (D. J.)​","[[""48 55' N 34 58' E""]]",,48 55' N 34 58' E,48 55' N 34 58' E
v14-2624-0,SCARPANTO,"SCARPANTO, (Géogr. anc. & mod.)​ île de la mer Carpathienne, ou comme nous disons aujourd’hui de l’Archipel, & lune des Sporades, entre les îles de Rhodes & de Candie.


Scarpanto a eu divers noms de l’antiquité. Elle fut d’abord appellée Carpathos, ensuite Tetrapolis, c’est-à-dire l’île à quatre villes, à cause des quatre principales places qu’on y voyoit anciennement, & dont Strabon vous indiquera les noms Elle donna elle-même le sien à la mer Carpathienne. Elle fut encore appellée Pallénie : ou de Pallas, qu’on tient y avoir été nourrie ; ou d’un fils de Titan, qui régna dans cette île.


Quoi qu’il en soit, Scarpanto est située à 50 milles d’Italie du cap oriental de l’île de Candie, & à sept lieues d’Allemagne, au midi de Nizaria. On lui donne 60 milles de circuit, & elle a dans son enceinte de hautes montagnes, où on nourrit beaucoup de bétail, & où l’on trouve des mines de fer & des carrieres de marbre.


Cette île ne manque pas de ports vastes & commodes ; celui qu’on nomme porto Tristano, a été connu des anciens, sous le nom de Tritomus. Le grand-seigneur fait gouverner cette île par un cadi, qui réside ordinairement à Rhodes, & qui envoie un receveur pour en tirer les impôts que les insulaires grecs doivent payer à la Porte ; je dis grecs, parce qu’il n’y a point d’autres habitans dans l’île. Longit. 44. 45. latit. 35. 46. (D. J.)​","[[""35 46' N 44 45' E""]]",,35 46' N 44 45' E,35 46' N 44 45' E
v14-2698-0,SCHÉLESTAT,"SCHÉLESTAT, (Géog. mod.)​ on écrit aussi Selestat, Nestat & Schlestat, mais je suis l’ortographe la plus commune, en remarquant qu’on écrivoit autrefois Soladistat, comme on le voit par les anciennes annales de Charlemagne. Ville de France dans la haute Alsace, sur l’Iss, à 4 milles de Brisac, & à 3 au midi de Strasbourg. Long. 25. 12. lat. 48. 16.


Schélestat a succéde à l’ancienne ville d’Ell, appellée dans les itineraires Elcebum, & dans la table de Peutinger Helellum ; en sorte que l’ancienne Ell n’est plus qu’un petit village des environs. Schélestat étoit déja considérable du tems de Charlemagne qui y célébra la fête de Noël, & le premier jour de l’an 776. L’empereur Charles le gros y avoit un palais où il faisoit quelquefois sa résidence, comme le prouve plusieurs de ses chartes données en ce lieu.


Cette ville tomba néanmoins dans la décadence jusqu’au xiij. siecle, que Wolfelin préfet d’Alsace, la fit fermer de murailles en 1216, la rendit franche, & la peupla d’habitans. L’empereur Sigismond lui donna le pouvoir de choisir ses magistrats. Louis XIV. la prit l’an 1673 ; & la fit fortifier l’an 1679, après la paix de Nimégue ; c’est aujourd’hui un gouvernement de place avec état major.


Bucer (Martin) né à Schélestat l’an 1491, mort à Cambridge l’an 1551, se montra l’un des plus habiles théologiens protestans de son siecle. Non-seulement il savoit prêcher & faire des livres, mais il étoit encore très-propre à manier les affaires ecclésiastiques. S’il n’eut pas le bonheur de pacifier les différens des Luthériens & des Zuingliens, ce ne fut ni manque de zele, ni de beaucoup de dextérité. Il ne s’amusa point en Angleterre à condamner la hiérarchie ; il témoigna tout au contraire qu’il n’approuvoit pas sur cet article les idées de Calvin.


Beatus Rhenanus, né à Schélestat en 1485, & mort à Strasbourg en 1547, âgé de 62 ans, s’acquit aussi beaucoup de gloire par sa modération dans les disputes théologiques, & dans les belles-lettres par ses commentaires sur Pline, Tite-Live, Velleius Paterculus, Tacite & autres historiens de l’ancienne Rome. Ses ouvrages furent imprimés à Basle en 1551, & à Strasbourg en 1610.


Wimphelinge (Jacques), son compatriote, avoit déja rompu la glace dans l’étude de la littérature, & s’étoit même distingué dans la poésie. Les Augustins le firent citer à Rome, pour avoir écrit que S. Augustin n’avoit jamais été moine ; mais le pape Jules II. assoupit la mauvaise querelle qu’on faisoit à ce savant. Il a laissé quelques ouvrages sur divers sujets, & entr’autres un traité assez curieux sur les hymnes. Il mourut dans sa patrie en 1528, à 79 ans. (D. J.)​","[[""48 16' N 25 12' E""]]",,48 16' N 25 12' E,48 16' N 25 12' E
v14-2785-0,SCHROBENHAUSEN,"SCHROBENHAUSEN, (Géog. mod.)​ petite ville d’Allemagne, dans la Baviere, au département de Munich, sur la rive gauche du Par, au-dessous d’Aicha, au nord-est ; & au midi de Neubourg. Long. 28. 55. lat. 49. 34. (D. J.)​","[[""49 34' N 28 55' E""]]",,49 34' N 28 55' E,49 34' N 28 55' E
v14-2800-0,SCHWEIDNITZ,"SCHWEIDNITZ, (Géog. mod.)​ ou Schwenitz, petite ville d’Allemagne dans la Silésie, capitale d’une principauté de même nom, sur la riviere de Weistritz, à 10 lieues au sud-ouest de Breslaw, sur une hauteur, avec un château. Long. 34. 25. lat. 50. 43.


Cunitz (Marie), née à Schweidnitz, fut une dame illustre en Allemagne par la connoissance qu’elle acquit des beaux arts, de plusieurs sciences, & particulierement de l’Astronomie qui fit sa principale occupation ; c’est ce qui paroit par les tables astronomiques qu’elle mit au jour en 1643 & 1645, sous le titre d’Urania propitia. Cet ouvrage a été réimprimé depuis à Francfort. (D. J.)​​","[[""50 43' N 34 25' E""]]",,50 43' N 34 25' E,50 43' N 34 25' E
v14-2804-0,SCHWINBORG,"SCHWINBORG, (Géogr. mod.)​ ou Swinborg, on Suimeburg, ville de Danemark sur la côte orientale de l’île de Funen. Ce fut de-là que partit Charles Gustave roi de Suede, lorsqu’il passa au mois de Février 1638, sur la glace avec son armée, pour se rendre de l’île de Funen dans celles de Langeland, de Falster & de Sélande. Long. 23. 32. lat. 55. 10.","[[""55 10' N 23 32' E""]]",,55 10' N 23 32' E,55 10' N 23 32' E
v14-2829-0,SCIGLIO,"SCIGLIO, (Géog. mod.)​ ville d’Italie, au royaume de Naples, dans la Calabre ultérieure, sur la côte occidentale, à dix milles au nord de Reggio, & à pareille distance de Messine. Elle est sur un rocher presque environné de la mer, en maniere de péninsule ; ce qui forme le cap de Sciglio, nommé par les anciens Scyllæum promontorium. Long. 33. 29. latit. 38. 8. (D. J.)​","[[""38 8' N 33 29' E""]]",,38 8' N 33 29' E,38 8' N 33 29' E
v14-2976-0,SDILES,"SDILES, (Géog. mod.)​ en latin Sdili ; on appelle ainsi deux petites îles de Grece, dans l’Archipel. La moindre est nommée la petite Sdile, & n’a que six milles de tour ; la grande est fort célebre pour être l’ancienne Délos. Elle n’a cependant que dix milles de circuit, avec un port ; mais on y voit encore des vestiges du temple d’Apollon, d’un amphithéâtre, & des restes de colomnes de marbre. Les deux Sdiles sont désertes depuis deux siecles. Elles sont situées à 40 milles à l’est de la côte de Negrepont, à 12 au sud de Tine, & à 6 à l’ouest de Mycone. Long. 43. 21. lat. 37. 19. (D. J.)​","[[""37 19' N 43 21' E""]]",,37 19' N 43 21' E,37 19' N 43 21' E
v14-3103-0,"SEGEWOLD, ou SEWOLD","SEGEWOLD, ou SEWOLD, (Géog. mod.)​ petite ville de l’empire Russien, dans la Livonie, sur la riviere, & vis-à-vis la ville de Treiden, dans la Lettie, à 12 lieues au nord-est de Riga. Long. 42. 45. latit. 57. 15. (D. J.)​","[[""57 15' N 42 45' E""]]",,57 15' N 42 45' E,57 15' N 42 45' E
v14-3130-0,SEIDE,"SEIDE, (Géog. mod.)​ nos voyageurs écrivent aussi Seyde, Seyd, Said, Saide, Zaide, Zeide. Il faut bien s’en ressouvenir, pour ne pas croire que ce sont des villes différentes, & pour ne pas confondre une ville de la Turquie, avec la haute Egypte que les Arabes nomment Sahid, & qu’on écrit aussi Saïd, Zaïd.


Seide est une ville de la Turquie asiatique, dans la Sourie, sur la côte de la Méditerranée, près d’une île, où est un vieux château qui communique avec la ville par un pont si étroit, que trois personnes y peuvent à peine passer de front. Cette ville autrefois célebre sous le nom de Sidon, est aujourd’hui médiocre & misérable, quoique placée dans une campagne grasse & couverte de mûriers. Les chrétiens Grecs & Maronites, possedent encore chacun une petite église à Seide ; mais son port est comblé, & il n’y a que des bateaux qui y mouillent. Les françois y faisoient autrefois quelque commerce, qui n’existe plus aujourd’hui. Long. 43. 28. lat. 33. 12. (D. J.)​","[[""33 12' N 43 28' E""]]",,33 12' N 43 28' E,33 12' N 43 28' E
v14-3209-0,SELTZ,"SELTZ, (Géog. mod.)​ dans les chartes Saletiæ, petite ville de France dans l’Alsace, au diocèse de Spire, sur les bords du Rhin, près du Fort-Louis, & à trois lieues au levant d’Haguenau. Elle a beaucoup souffert dans les différentes guerres. Longit. 25. 26. latit. 48. 46. (D. J.)​","[[""48 46' N 25 26' E""]]",,48 46' N 25 26' E,48 46' N 25 26' E
v14-3273-0,SEMPACH,"SEMPACH, (Géogr. mod.)​ ville de Suisse, au canton de Lucerne, sur le bord oriental du lac de Sursée. C’est sous ses murs que se donna le 9 Juillet 1396, la bataille entre les cantons Suisses & l’archiduc Léopold qui y fut vaincu & tué. Aussi Sempach jouit encore aujourd’hui de grands privileges, car elle a son avoyer, sa police, & son conseil ; le bailli n’étend sa jurisdiction que sur le lac. Long. 25, 48. latit. 47. 10. (D. J.)​","[[""47 10' N 25 48' E""]]",,47 10' N 25 48' E,47 10' N 25 48' E
v15-1133-0,"SOOR, ou SOORA, ou SOER","SOOR, ou SOORA, ou SOER, (Géog. mod.)​ petite ville de Danemark, dans l’île de Sélande, entre Magel & Ringstadt, près d’un lac qui abonde en poisson. C’étoit autrefois une riche abbaye, qui est à présent un célebre collége. Long. 29. 27. latit. 55. 28. (D. J.)​","[[""55 28' N 29 27' E""]]",,55 28' N 29 27' E,55 28' N 29 27' E
v15-1172-0,SORGUE,"SORGUE, (Géog. mod.)​ ville de France en Provence, dans le comtat Venaissin, près du confluent où la Sorgue, la Nesque & la Louvese se jettent dans le Rhône, à près de deux lieues d’Avignon. Long. 22. 30. latit. 43. 55. (D. J.)​","[[""43 55' N 22 30' E""]]",,43 55' N 22 30' E,43 55' N 22 30' E
v15-1269-0,SOUILLAC ou SOULIAC,"SOUILLAC ou SOULIAC, (Géog. mod.)​ petite ville de France dans le Quercy, à 3 lieues de Sarlat, sur la Borese, près de la Dordogne, avec une abbaye d’hommes de l’ordre de saint Benoit. Toutes les maisons de cette place ne sont que de bois, & le bas de la ville ne sert que d’écuries ou d’étables. Long. 18. 57. latit. 45. 4. (D. J.)​","[[""45 4' N 18 57' E""]]",,45 4' N 18 57' E,45 4' N 18 57' E
v15-1282-0,SOUMELPOUR,"SOUMELPOUR, (Géog. mod.)​ petite ville des Indes, au royaume de Bengale, dans les états du grand-mogol, sur la riviere de Gouel, à 30 lieues vers le couchant d’Ougli. Toutes ses maisons sont de terre, & couvertes de branches de cocos. Longit. 102. 20. latit. 21. 35. (D. J.)​","[[""21 35' N 102 20' E""]]",,21 35' N 102 20' E,21 35' N 102 20' E
v15-1313-0,"SOURE, ou Rio di Soure","SOURE, (Géog. mod.)​ ou Rio di Soure, petite ville de Portugal dans l’Estramadure, sur une riviere de même nom, à cinq lieues de Coïmbre, & à six de Leyra. Cette ville n’a qu’une paroisse, quatre à cinq cens habitans, & quelques couvens de religieux. Long. 9. 9. lat. 40. 5.","[[""40 5' N 9 9' E""]]",,40 5' N 9 9' E,40 5' N 9 9' O
v15-1420-0,SOUVIGNY,"SOUVIGNY, (Géogr. mod.)​ en latin moderne Silviniacus, petite ville de France dans le Bourbonnois, sur le ruisseau de Quesne, près de l’Allier, à 2 lieues de Moulins, & à 3 de Bourbon l’Archambaud. Elle doit être ancienne, car Charlemagne y fit ses premieres armes dans la guerre de Pepin son pere, contre le duc de Guienne. Les sires de Bourbon, dont est venue la branche aujourd’hui régnante, y avoient leur sépulture. Le monastere du prieur de cette ville vaut environ dix mille livres de rente. Long. 20. 52. latit. 36. 31. (D. J.)​","[[""36 31' N 20 52' E""]]",,36 31' N 20 52' E,36 31' N 20 52' E
v15-1437-0,SPALATRO ou SPALATO,"SPALATRO ou SPALATO, (Géog. mod.)​ ville de l’état de Venise, capitale de la Dalmatie vénitienne, sur le golfe de Venise, à 3 milles de Salone, à 12 de Trau, & environ à 400 de Venise. Elle est assez peuplée, parce que c’est une échelle des caravanes de Turquie qui y déchargent leurs marchandises pour Venise. D’ailleurs, son port est grand & a un bon fonds. Long. 34. 10. latit. 43. 62.


Dans les monumens de quatre cens ans, cette ville est appellée Spaletum, Spalatum ; & de cette maniere Spalato sembleroit plus conforme à l’origine que Spalatro, quoique ce dernier mot soit le plus en usage. Ce mot peut lui être venu de palatium, parce que ce lieu n’étoit anciennement qu’un palais de l’empereur Dioclétien né à Salone, & l’on en voit encore les restes. Le dome de Spalatro étoit un petit temple au milieu de ce palais. Depuis que ce temple a été changé en église, on l’a percé pour y faire un chœur, & on y a fait quelques jours. Les murailles du palais de Dioclétien qui embrassent les deux tiers de la ville, offrent encore trois portes d’une belle architecture, & dont les pierres sous l’arc sont entées en mortaise les unes sous les autres.


Spalato passa en 1124 sous la domination des Vénitiens qui ont agrandi ses murailles, & les ont fortifiées. Elle a eu le titre d’archevêché vers l’an 650 ; & son archevêque se dit primat de la Dalmatie, quoiqu’il soit sujet lui-même à la primatie de Venise. Il a douze suffragans, & presque tous dans un triste état par le voisinage du Turc.


Le fameux (Marco-Antonio de) Dominis devint archevêque de cette ville ; c’étoit un physicien de quelque mérite, & un homme plein de vûes pour la pacification des troubles de religion. Il chercha une retraite en Angleterre sous le regne de Jacques premier ; & ce fut un grand sujet de triomphe à la nation, qui enlevoit un prosélyte de ce rang aux catholiques romains ; mais le prélat de Dalmatie, quoique fort accueilli, & élevé à quelques honneurs, ne les trouva pas capables de satisfaire son ambition ; il prit le mauvais parti de retourner en Italie, à la sollicitation de l’ambassadeur d’Espagne, qui lui fit espérer un chapeau de cardinal. Etant arrivé à Rome, il y fit une abjuration publique de la religion protestante ; cependant il n’obtint aucune dignité, & même quelque tems après il fut arrêté sur quelques soupçons de ses vrais sentimens, & il fut enfermé dans le château saint Ange, où il finit sa vie en 1625, âgé de 64 ans.


Pendant son séjour en Angleterre, il fit imprimer l’histoire du concile de Trente de Fra Paolo. Il publia dans le même pays un grand ouvrage, intitulé, de​republica ecclesiastica, Londini 1617 & 1622, en deux volumes in-fol. & l’on en a donné depuis un troisieme volume en Allemagne en 1658. La Sorbonne a censuré plusieurs propositions du premier tome de cet ouvrage ; & Richer a fait sur cet te censure quelques notes, dans lesquelles il n’est pas du sentiment de ses confreres.


Dominis est connu des Physiciens par un petit traité de radiis visûs & lucis, imprimé à Venise en 1611 in-4°. dans lequel il explique les couleurs de l’arc-en-ciel, par deux réfractions de la lumiere solaire & une réflexion entre-deux. Kepler avoit déja eu la même pensée. Descartes a suivi en partie l’explication de Dominis ; mais la véritable exposition de ce phénomene étoit réservée à Newton par le moyen de sa doctrine des couleurs, qui est la seule véritable. (D. J.)​","[[""43 62' N 34 10' E""]]",,43 62' N 34 10' E,43 62' N 34 10' E
v15-1441-0,SPANDAW ou SPANDOW,"SPANDAW, (Géog. mod.)​ ou SPANDOW, ville d’Allemagne, dans la moyenne marche-de-Brandebourg, sur le Havel, près de son embouchure dans la Sprée, à trois lieues au nord-ouest de Berlin. Avant que d’entrer dans Spandaw, on passe sur la chaussée d’un étang, au milieu duquel est une citadelle très forte, qui renferme un arsenal des mieux fournis d’Allemagne, avec une grosse garnison à cause de l’importance de cette place. La ville est éloignée de la citadelle d’une mousquetade : elle est fortifiée de remparts de terre, & de murailles de brique. Plusieurs françois protestans s’y sont réfugiés, comme dans un sûr asyle. Longitude 31. 20. latitude 52. 34. (D. J.)​","[[""52 34' N 31 20' E""]]",,52 34' N 31 20' E,52 34' N 31 20' E
v15-1442-0,SPANGENBERG,"SPANGENBERG, (Géog. mod.)​ ville d’Allemagne, dans le bas landgraviat de Hesse, au quartier appellé Ampt-Spangenberg, dont elle est le chef-lieu. Sa situation est à environ 4 milles germaniques au sud-est de Cassel, sur une petite riviere qui se jette dans la Fulde. Longitude, 27. 13. latit. 51. 17. (D. J.)​","[[""51 17' N 27 13' E""]]",,51 17' N 27 13' E,51 17' N 27 13' E
v15-147-0,SERÉNA la,"SÉRÉNA la (Géog. mod.) Ville de l'Amérique méridionale, au Chili, dans l'évêché de Sant-Jago. Cette ville qui est la premiere du gouvernement de Chili, & la plus proche du Pérou, fut bâtie par le gouverneur du Chili, Petro de Valdivia, l'an 1544. Il lui donna le nom de Séréna sa patrie ; mais les Espagnols l'ont appellé depuis Coquimbo, du nom de la vallée dans laquelle elle est bâtie. C'est une grande villace, dont les rues sont larges, longues & tirées au cordeau, mais dans chacune desquelles on trouve à peine six maisons ; & quelles maisons encore? Elles sont toutes basses, étroites, & couvertes de feuilles de palmier ; elles ont toutes un grand jardin, où l'on cueille tous les fruits d'Europe & du pays, qui sont d'un goût merveilleux, & dans une abondance étonnante. Il passe au nord de la ville, une belle riviere, qui prend sa source dans les hautes montagnes des Andes ; elle arrose la vallée, qui est toute remplie de bestiaux qui y paissent pêle-mêle, sans qu'on en prenne aucun soin. Le port de la Séréna est sous le 30e deg. de latitude méridionale, dans une baie fort étendue, & située environ à deux lieues de la ville. C'est dans ce port, aussi grand que commode, que l'on décharge les navires. Comme la riviere qui fertilise la vallée, passe aussi dans la ville, elle y apporte abondamment du vin, du blé, des fruits, de la viande, & du poisson ; cette ville ne manque pas de couvents, il y en a de cordeliers, de dominicains, de peres de la merci, de jésuites, &c. Ce pays étoit autrefois fort peuplé, il est à présent presque désert ; les Espagnols, dans le tems de leurs conquêtes, & depuis, par les travaux des mines d'or & de cuivre, ont tellement détruit tous les habitans de cette contrée, que les mines d'or & de cuivre qui s'y trouvent, ont été abandonnées, faute de monde pour y travailler. Longitude de la Séréna, suivant le P. Feuillée, 306. 24. 15. latit. 29. 54. 10. elle est de 73. 35. 45. plus occidentale que l'observatoire de Paris. (D. J.)","[['29 54\' 10"" S 306 24\' 15"" E']]",,"29 54' 10"" S 306 24' 15"" E","29 54' 10"" S 306 24' 15"" O"
v15-1499-1,Spezze,"Spezze, (Géog. mod.)​ Specie, Specia ;  petite ville d’Italie, dans l’état de Gènes, sur le golfe du même nom, à quatre milles de Porto-Venere, & à sept de Sarzane, dans un terroir agréable & fertile. Long. 27. 30. latit. 44. 6. (D. J.)​","[[""44 6' N 27 30' E""]]",,44 6' N 27 30' E,44 6' N 27 30' E
v15-1558-0,SPIRE,"SPIRE, (Géog. mod.)​ ville d’Allemagne dans le bas Palatinat, capitale de l’évêché de même nom, sur le bord du Rhin, à 2 lieues de Philisbourg, à 5 de Heidelberg, à 16 ou environ de Strasbourg, presqu’au milieu entre ces deux places, & à 112 de Paris. Longit. 26. 7. latit. 49. 17.


Elle étoit anciennement habitée par les Nemetes, & ce fut pour cette raison qu’on l’appella Noviomagus Nemetum, civitas Nemetum. Elle prit avant le viij. siecle le nom de Spire, d’une petite riviere qui la baigne. Roger, qui en étoit évêque, la fit entourer de murailles dans le xj. siecle. L’empereur Henri IV. la mit au nombre des villes libres. Henri V. Frédéric II. & Venceslas lui accorderent successivement de grands privileges. Charles-Quint y fixa la chambre impériale en 1530.


Cette ville étoit riche, grande, heureuse, libre, & bien bâtie, lorsque les troupes françoises en 1689, la réduisirent en cendres, conformément aux ordres de Louis XIV. elle fut consumée toute entiere dans l’intervalle de quelques heures, & elle n’a jamais pu se rétablir depuis dans un état un peu favorable. L’église cathédrale qui appartenoit aux catholiques, & qui passoit pour un chef-d’œuvre de sculpture, décorée de grandes tours pyramidales aux quatre coins, ne fut pas plus épargnée que les temples des calvinistes. Ainsi le nom françois fut également abhorré dans ce terrible désastre par les sectateurs de l’une & de l’autre religion.


Becher (Jean-Joachim), un des grands chimistes de l’Europe, naquit à Spire en 1645, & mourut en 1682 à l’âge de 37 ans. Privé des biens de la fortune, il employoit la nuit à étudier, & le jour à enseigner, pour pouvoir subsister & faire vivre sa pauvre mere. Malheureux à Mayence, à Munich & à Wirtzbourg par la jalousie de ses ennemis, il fut errant pendant plusieurs années sans pouvoir trouver en Allemagne un domicile assuré. Il passa donc en Angleterre, & mourut à Londres. Sa physica subterranea est un ouvrage profond, ainsi que son trifolium Hollandicum, seu de machinis necessariis ad opera serici aquarum molendinorum, & artis fusoriæ metallorum. Il prétendit, dans son livre intitulé caracter pro notitiâ linguarum universali, fournir une langue universelle par le moyen de laquelle toutes les nations s’entendroient aisément ; c’est du moins le système d’un homme de génie. Dans un de ses livres écrit en allemand, sous le titre de la folie sage, & de la folle sagesse, il rapporte plusieurs inventions fort utiles. (D. J.)​","[[""49 17' N 26 7' E""]]",,49 17' N 26 7' E,49 17' N 26 7' E
v15-1660-1,Stalimene,"Stalimene, (Géog. mod.)​ ville capitale de l’île de même nom sur un côteau proche de la mer, avec un bon port, & un château où les Turcs tiennent garnison, sous l’autorité d’un gouverneur qui y fait son séjour. Les maisons de cette petite ville sont bâties le long d’une colline qui est toute plantée de vignes. Quelques uns prétendent que Stalimene est l’ancienne Myrina que Ptolomée semble placer près de la mer, au-lieu qu’il met Hephystia, autrefois capitale de l’île, au milieu des terres. Long. 43. 4. lat. 40. 5. (D. J.)​","[[""40 5' N 43 4' E""]]",,40 5' N 43 4' E,40 5' N 43 4' E
v15-1787-0,STETIN ou STETTIN,"STETIN ou STETTIN, (Géog. mod.)​ ville d’Allemagne dans le cercle de la haute Saxe, capitale de la Poméranie prussienne, & d’un duché de même nom, sur la gauche de l’Oder, à 35 lieues au nord de Francfort, & à 56 au sud-est de Lubeck.


Stetin & son territoire furent anciennement habités par les Sidini, & ensuite par les Vendes. En 1121, Bolestas, duc de Pologne, entreprit d’y établir le Christianisme par la force, mais il réussit beaucoup mieux en remettant aux habitans le tribut qu’il leur avoit imposé ; cependant la religion chrétienne ne triompha dans cette ville qu’au bout d’un siecle, & alors elle fut gouvernée par les mêmes lois que Magdebourg. La paix de Westphalie donna Stetin aux Suédois. En 1710, elle fut obligée de recevoir des troupes de Prusse, de Saxe & de Holstein ; & quelque tems après, le roi de Prusse en fut mis en possession. Ce prince y a établi en 1720 la régence de la Poméranie, & une chambre de guerre & de domaine, mais en même tems il a confirmé aux habitans leurs divers privileges qui sont considérables. Long. suivant Street, 31. 56′. 15″. lat. 53. 36.


Kirstenius (George) est le seul homme de lettres de ma connoissance qui soit né à Stetin. Il cultiva la poésie latine & la médecine. Il a publié dans cette derniere science des disquisitions philologiques, & deux excellentes dissertations, de symptomatibus visûs & auditûs, olfactûs & tactûs, sur les symptomes de la vûe & de l’ouïe, de l’odorat & du tact. Christine, reine de Suede, l’honora de son estime & de ses bontés. Il mourut en 1660, à 47 ans. Le P. Nicéron l’a mis au rang des hommes illustres. Il l’étoit pourtant beaucoup moins que Kirstenius (Michel), autre médecin du xvij. siecle, né à Bérone, petite ville de Moravie ; ce dernier étoit un homme versé en plusieurs sciences. Il y a eu quelques autres savans du nom de Kirstenius, & que les Bibliographes n’ont pas toujours bien distingués les uns des autres. (D. J.)​","[['53 36\' N 31 56\' 15"" E']]",,"53 36' N 31 56' 15"" E","53 36' N 31 56' 15"" E"
v15-189-0,SERMANRAI,"SERMANRAI, (Géog. mod.)​ ville de l’Irac arabique, qui est l’Assyrie ou la Chaldée. Les tables arabiques la placent sur la rive orientale du Tigre, à 72. 30. de longitude, & à 34. de latitude septentrionale dans le quatrieme climat.","[[""34 N 72 30' E""]]",,34 N 72 30' E,34 N 72 30' E
v15-1904-0,STRAUBING,"STRAUBING, (Géog. mod.)​ ville d’Allemagne, au cercle de Baviere, sur le Danube, capitale d’un petit territoire, auquel elle donne son nom, à huit lieues au-dessous de Ratisbonne ; les Autrichiens raserent ses fortifications en 1743. Long. 29. 40. latit. 48. 51.


Naogeorgus (Thomas), naquit en 1511 à Straubing, & mourut vers l’an 1578. Il entendoit assez bien le grec, & traduisit de cette langue en latin divers traités de Plutarque, Dion, Chrysostome, & les lettres de Synésius. Il fit aussi des poëmes en vers, qui ne plaisent ni aux Catholiques romains, ni aux protestans qui ont un peu de goût. Tel est celui qui a pour titre, Bellum papisticum. Il le publia en 1553, & le dédia à Philippe landgrave de Hesse. Il composa des tragédies dans le même esprit, entre autres son Pammachius, & son Mercator, le Marchand converti, car cette derniere à été traduite en françois,​ & imprimée en 1591 ; le nom allemand de Naogeorgus, étoit Kirchmaier. (D. J.)​","[[""48 51' N 29 40' E""]]",,48 51' N 29 40' E,48 51' N 29 40' E
v15-202-1,Serpa,"Serpa, (Géog. mod.)​ ville de Portugal dans l’Alentejo, aux confins de l’Andalousie, sur une hauteur remplie de rochers, à une lieue de Guadiana, à 30 au sud-est de Lisbonne, & à 10 des confins de l’Andalousie. Elle est fortifiée, & on y tient une bonne garnison. Long. 10. 15. latit. 37. 55. (D. J.)​","[[""37 55' N 10 15' E""]]",,37 55' N 10 15' E,37 55' N 10 15' O
v15-2118-0,SUDERKOPING,"SUDERKOPING, (Géog. mod.)​ & dans quelques cartes géographiques Soderkoëping, ville de Suéde, dans l’Ostrogothie, au fond du bras de mer, à 7 milles de Nordkoping, & à quinze de la mer Baltique. Quoiqu’ouverte & sans murailles, elle est assez marchande. Long. 35. 45. lat. 58. 7. (D. J.)​","[[""58 7' N 35 45' E""]]",,58 7' N 35 45' E,58 7' N 35 45' E
v15-2182-0,"SULAC Isle, Xula & Xul","SULAC Isle ; (Géog. mod.)​ on écrit aussi Xula & Xul, île de la mer des Indes, & l’une des Moluques. Elle est entre l’île Célebes & la nouvelle Guinée, à cinquante lieues sud-ouest de l’île de Ternate, environ à 142. 35 de longitude, sous le 2 d. de latitude méridionale. Ses habitans vont tous nuds. (D. J.)​","[[""2 S 142 35' E""]]",,2 S 142 35' E,2 S 142 35' E
v15-2213-0,SUNDERBOURG,"SUNDERBOURG, (Géog. mod.)​ ville de Danemarck, dans l’île d’Alsen, sur le petit détroit nommé Sunderburger-Sund, à 2 milles de Norodbourg, à 3 de Lensbourg, à six au nord de Sleswick, & à sept d’Hadersleben, avec un château. Long. 27. 43. lat. 54. 52. (D. J.)​","[[""54 52' N 27 43' E""]]",,54 52' N 27 43' E,54 52' N 27 43' E
v15-2334-0,SURJON,"SURJON, (Géog. mod.)​ ville de Perse, célebre par les beaux tapis qu’on y faisoit dans le dernier siecle, & qu’on appelle communément tapis de Turquie. Long. 74. 40. latit. 30. 20. (D. J.)​","[[""30 20' N 74 40' E""]]",,30 20' N 74 40' E,30 20' N 74 40' E
v15-2412-1,Suse,"Suse, (Géog. mod.)​ ville d’Italie dans le Piémont, capitale de la province à laquelle elle donne son nom. Elle est située sur les bords de la Doria, à 15 lieues au nord-ouest de Turin. Elle est environnée de montagnes & de collines fertiles en fruits & en vins. La plaine est arrosée par la Doria & par le Cénis, qui fournissent aux habitans des eaux saines, & à la terre une grande fécondité. Son gouverneur est en même tems gouverneur de la province ; & la citadelle a son gouverneur particulier. Long. 24. 43. lat. 45. 7.


Cette ville est mise par les anciens au nombre des villes les plus illustres des Alpes. On l’appelloit Segusio Secusio, Secusia, Segusium, & ses habitans Segusini. On y voit encore quelques restes des ouvrages des Romains, & entr’autres ceux d’un arc de triomphe élevé à l’honneur d’Auguste.


Ammian Marcellin nous apprend qu’on y voyoit le tombeau du roi Cottius, qui y avoit fait sa résidence. Elle étoit encore très-célebre lorsqu’elle devint la capitale du marquisat auquel elle donna son nom, & qui comprenoit une partie de la Lombardie & de la Ligurie. Mais si la ville de Suse est fameuse par son ancien lustre, elle ne l’est pas moins par les fureurs de la guerre auxquelles sa situation l’a toujours exposée.


Bellovèse, Brennus & les Carthaginois, prirent cette route pour passer en Italie, & commirent bien des hostilités dans le pays. Flavius Valens qui vint après eux, ruina cette ville & les bourgades voisines, après avoir mis à feu & à sang la vallée de Maurienne. Les Goths firent le même ravage lorsqu’ils passerent dans les Gaules, sous le regne de Théodoric. Les Wandales ne furent pas moins barbares ; & l’armée de Constantin, victorieuse de Maxence, après avoir pillé & ruiné tous les environs, détruisit cette ville de fond en comble. Ce ne fut pas là la fin de ses malheurs : elle eut beaucoup à souffrir de la part des Lombards lorsqu’ils passerent dans la Gaule, sous la conduite d’Amon Zaban & de Rodanus. Les Sarrasins, qui vers l’an 900 traverserent le val de Suse pour pénétrer en Italie, porterent le fer & le feu dans ce val, & n’épargnerent pas la ville.


Mais de toutes ces calamités, la plus déplorable peut-être, fut celle qu’elle souffrit de la part de l’empereur Barberousse, quand il passa d’Allemagne en Italie. Suse fut absolument réduite en cendres, & dans cet incendie périrent les archives & les anciens monumens qui prouvoient l’origine de cette ville. Enfin la division de ses habitans mit le comble à ses malheurs. Il y a environ quatre cens ans qu’il s’y forma deux partis qui se firent une longue & cruel-​le guerre. Elle se trouva par-là tellement dépeuplée qu’elle n’eut plus aucune espérance de se rétablir, ce qui obligea de restraindre l’enceinte des murs au point où on les voit à-présent. (D. J.)​","[[""45 7' N 24 43' E""]]",,45 7' N 24 43' E,45 7' N 24 43' E
v15-2449-0,SWÉRIN,"SWÉRIN, (Géog. mod.)​ ville d’Allemagne, capitale de la principauté de même nom, au cercle de la haute Saxe, sur le lac de Swerin, à 18 lieues au sud-est de Lubeck. Cette ville dans le onzieme siecle étoit un évêché qui fut converti en principauté séculiere par le traité d’Osnabruck, & cédée au duc de Mekelbourg en compensation de la ville de Wismar, qui devoit demeurer aux Suédois. Long. 28. 50. lat. 53. 42. (D. J.)​","[[""53 42' N 28 50' E""]]",,53 42' N 28 50' E,53 42' N 28 50' E
v15-2632-0,TABARCA,"TABARCA, (Géog. mod.)​ ville maritime d’Afrique, sur la côte de la mer Méditerrannée, au royaume de Tunis, entre la côte maritime de la ville de Tunis & celle d’Alger, à 20 lieues à l’est de Bonne. Long. 25. 2. latit. 37. 28. (D. J.)​","[[""37 28' N 25 2' E""]]",,37 28' N 25 2' E,37 28' N 25 2' E
v15-2717-0,TADOUSSAC ou Tadousac,"TADOUSSAC ou Tadousac, (Géog. mod.)​ port & établissement de l’Amérique septentrionale, dans la nouvelle France, au bord du fleuve S. Laurent, à 30 lieues au-dessous de Québec, près de l’embouchure de la riviere Saguenai ; c’est un petit port capable au plus de contenir vingt navires. Longit. 309. lat. 48. 33. (D. J.)​","[[""48 33' N 309 E""]]",,48 33' N 309 E,48 33' N 309 O
v15-2732-0,TAGAOST,"TAGAOST, (Géog. mod.)​ ville d’Afrique, au royaume de Maroc, dans la province de Sus, à 20 lieues de la mer. Les Juifs qui s’y trouvent vivent dans un quartier séparé, & y font un bon commerce. Long. 10. lat. 28. 30. (D. J.)​","[[""28 30' N 10 E""]]",,28 30' N 10 E,28 30' N 10 O
v15-2793-0,TAIYVEN,"TAIYVEN, (Géog. mod.)​ ville de la Chine, premiere métropole de la province de Xanci, sur le bord du fleuve Fuen. Elle est grande, peuplée & décorée de superbes édifices. Son territoire est d’une vaste étendue, & renferme plusieurs villes & plusieurs temples dédiés à des héros. Elle est, selon le P. Martini, de 4 degrés 35 minutes plus occidentale que Péking, sous 38°. 33′. de latitude. (D. J.)​","[[""38 33' N 4 35' W""]]",['Pékin'],38 33' N 4 35' W,38 33' N
v15-28-0,SÉNEZ ou SÉNES,"SÉNEZ ou SÉNES, (Géog. mod.)​ en latin moderne, Sanitium, Sanitiensium urbs, &c. petite ville, ou plutôt méchante bourgade de France, en Provence, située dans un terrein froid & stérile, entre des montagnes, avec un évêché à quatre lieues de Digne, à égale distance de Castellane, & à quatorze d’Ambrun. L’évêché de Sénez n’est connu que depuis le vj. siecle ; il est suffragant d’Ambrun, & vaut environ douze mille livres de rente. La modicité de son revenu a fait qu’on a parlé quelquefois de l’unir à celui de Vence ; mais est-il nécessaire que tous les évêchés soient riches & considérables. Long. de Sénez 24. 18. latit. 43. 54. (D. J.)​","[[""43 54' N 24 18' E""]]",,43 54' N 24 18' E,43 54' N 24 18' E
v15-2822-0,TALLAGH,"TALLAGH, (Géog. mod.)​ petite ville d’Irlande, dans la province de Mounster, au comté de Waterford, sur les frontieres du comté de Corck, à douze milles au sud de Lismore. Elle envoie deux députés au parlement de Dublin. Long. 11. 44. latit. 53. 10.","[[""53 10' N 11 44' E""]]",,53 10' N 11 44' E,53 10' N 11 44' E
v15-2925-0,TANGERMUND,"TANGERMUND, (Géog. mod.)​ ville d’Allemagne, dans le cercle de la basse-Saxe, à l’embouchure du Tanger dans l’Elbe, à dix lieues au nord-ouest de Brandebourg, & à deux de Standel. Long. 29. 43. latit. 62. 34.","[[""62 34' N 29 43' E""]]",,62 34' N 29 43' E,62 34' N 29 43' E
v15-299-0,SESSA ou SEZZA,"SESSA ou SEZZA, (Geogr. mod.)​ bourgade d’Italie, au royaume de Naples, dans la terre de Labour, à cinq milles de Carinola, & à vingt-deux de Capoue, près du Gariglan, avec titre de duché, & un évêché suffragant de Capoue. Si cette bourgade est l’ancienne Suessa-Arunca, elle a bien perdu de son lustre, & l’on ne peut plus dire d’elle ce qu’en disoit Cicéron, lautissimum oppidum, car c’est un lieu misérable, malgré tous ses titres. Long. 31, 35. latit. 58, 30.


Corradini (Pierre-Marcelin), savant cardinal, naquit à Sessa, & donna une histoire de cette ville en latin ; mais il s’acquit une toute autre gloire par son bel ouvrage intitulé : vetus latium profanum & sacrum, 2 vol. in fol. Il mourut à Rome en 1743, à 83 ans. (D. J.)​","[[""58 30' N 31 35' E""]]",,58 30' N 31 35' E,58 30' N 31 35' E
v15-3044-0,TARENTE,"TARENTE, (Géogr. mod.)​ en latin Tarentum ; voyez ce mot où l’on a fait toute son histoire. Tarente moderne, en italien Tarento, n’occupe aujourd’hui qu’une des extrémités de l’ancienne Tarentum, & l’on n’y trouve aucun vestige de la grandeur & de la splendeur qu’elle avoit autrefois ; tout le pays de son voisinage est presque désert.


C’est une petite ville d’Italie, dans la terre d’Otrante ; au royaume de Naples, sur le bord de la mer, dans un golfe de même nom, à 15 lieues au sud-est de Bari & à 55 est de Naples. La riviere Galeso en passe à trois milles, quoiqu’elle en fût éloignée de cinq du tems de Tite-Live ; vraissemblablement son lit s’est élargi du côté de Tarente. Les habitans de cette ville sont de misérables pêcheurs, & même des especes de barbares redoutés des voyageurs. Long. 35. 8. latit. 40. 30. (D. J.)​","[[""40 30' N 35 8' E""]]",,40 30' N 35 8' E,40 30' N 35 8' E
v15-3126-0,TASCHKANT,"TASCHKANT, (Géog. mod.)​ petite ville de la Tartarie, sur la droite de la Sirri ; c’est la résidence d’hiver du chan des Tartares de la Casatschia-Orda. Long. 92. 40. latit. 45. (D. J.)​","[[""45 N 92 40' E""]]",,45 N 92 40' E,45 N 92 40' E
v15-574-0,SIGUENZA ou SIGUENCA,"SIGUENZA ou SIGUENCA, (Géog. mod.)​ en latin Seguntia ; ancienne petite ville d’Espagne, dans la vieille Castille, sur une hauteur, au pié du mont Atiença, près du Hénarès. Elle est défendue par une enceinte de murailles, un château & un arsénal. Son évêché qui est suffragant de Tolede, vaut trente à quarante mille ducats de revenu. Son université, aujourd’hui si misérable, a été fondée en 1600, sous le regne de Ferdinand V. Long. 15. 14. latit. 41. 7. (D. J.)​","[[""41 7' N 15 14' E""]]",,41 7' N 15 14' E,41 7' N 15 14' O
v15-666-0,SIMONTHORNA,"SIMONTHORNA, (Géog. mod.)​ ville de la basse Hongrie, au comté de Tolna, sur la Sarwiza, à 2 lieues de Caposwar, & à 3 de Tolna : elle est environnée d’un grand marais, avec un château. Cette ville fut prise sur les Turcs par le prince Louis de Bade en 1686. Long. 36. 49. lat. 46. 31.","[[""46 31' N 36 49' E""]]",,46 31' N 36 49' E,46 31' N 36 49' E
v15-743-1,"Sion, ou Syon","Sion ou Syon, (Géog.)​ en latin Sedunum, & en allemand Sitten, ville de Suisse, dans le Vallais, dont elle est capitale, sur la petite riviere de Sitten, prés de la rive droite du Rhône, dans une belle plaine, à 20 lieues au levant de Geneve, à 12 au nord d’Aoste.


Cette ville, l’ancienne demeure des Séduniens, est propre, & bien bâtie. Elle n’a point eu de siege épiscopal qu’à la fin du sixieme siecle. Son évêque qui est suffragant de Moustiers, prend ridiculement la qualité de prince de l’empire, quoiqu’il n’en soit plus membre, qu’il n’ait aucune séance aux dietes, & qu’il ne doive aucune obéissance à l’empereur & aux états de l’empire, jouissant de la franchise accordée au corps Helvétique, & autorisée par le traité de Westphalie.


Il a d’autres grandes prérogatives. Il préside aux états du pays avec une autorité, à-peu-près semblable à celle du doge de Venise. La monnoie se bat à son coin, sous son nom, & à ses armes. Il est élu par les suffrages communs des chanoines de la cathédrale & des députés des départemens. L’autorité souveraine est entre les mains de l’assemblée générale du pays, qui est composée d’un certain nombre de députés des sept départemens.


Après l’évêque, celui qui tient le premier rang est le bailli du pays, nommé en allemand Landshaultman, c’est-à-dire, capitaine du pays. Il est juge absolu des causes civiles qui se portent devant lui, & sa charge dure deux ans. Long. de Sion, 24. 2. latit. 46. 8. (D. J.)​","[[""46 8' N 24 2' E""]]",,46 8' N 24 2' E,46 8' N 24 2' E
v15-806-0,SISSOPOLI,"SISSOPOLI, (Géog. mod.)​ ville de la Turquie européenne, dans la Romanie, sur une presqu’île formée par la mer Noire, à 40 lieues au nord-ouest de Constantinople. Elle a le titre d’archiépiscopale, ce qui ne la peuple pas davantage. Long. 45. 34. latit. 42. 20. (D. J.)​","[[""42 20' N 45 34' E""]]",,42 20' N 45 34' E,42 20' N 45 34' E
v15-864-0,SLAGE ou SLAGUEN,"SLAGE ou SLAGUEN, (Géog. mod.)​ petite ville d’Allemagne, dans la Poméranie, au duché de Wandalie, sur le Wipper, à quelques lieues au-dessus de Rugenwalde. Long. 34. 15. lat. 54. 37. (D. J.)​","[[""54 37' N 34 15' E""]]",,54 37' N 34 15' E,54 37' N 34 15' E
v15-880-0,SLOOTEN,"SLOOTEN, (Géog. mod.)​ petite ville des Provinces-Unies, dans la Frise, capitale du Westergoo, sur le lac nommé Slooter-meer, à une lieue du Zuiderzée, & à trois de Sneek. Cette ville est marchande, bien peuplée ; elle a pour sa défense un fossé rempli d’eau, des remparts & cinq bastions. Son terroir est fertile en froment & en pâturages. Long. 23. 7. latit. 53. 3. (D. J.)​","[[""53 3' N 23 7' E""]]",,53 3' N 23 7' E,53 3' N 23 7' E
v15-900-1,Smyrne,"Smyrne, (Géog. mod.)​ Smyrne moderne est une ville de la Turquie asiatique, dans l’Anatolie, sur l’Archipel, au fond d’un grand golfe, avec un port spacieux & de bon mouillage, à environ 75 lieues de Constantinople. Cette ville est la plus belle porte de l’Asie, & l’une des plus grandes & des plus riches du Levant, parce que la bonté de son port la rend précieuse pour le commerce. Son négoce consiste en soie, toile de coton, camelots de poil de chevre, maroquins, & tapis. Elle est habitée par des grecs, des turcs, des juifs, des anglois, des françois, des hollandois, qui y ont des comptoirs & des églises. Les turcs y tiennent un cadi pour y administrer la justice. Son séjour y a le désagrément de la peste, qui y regne frequemment, & des tremblemens de terre auxquels elle est exposée. Long. selon Cassini, 44d51′15″. lat. 38d28′7″.


C’est la patrie de Calabert (Quintus), nom donné à un poëte anonyme, dont le poëme grec intitulé les paralipomenes d’Homere, fut trouvé en Calabre par le cardinal Bessarion. C’est ce qui lui fit donner le nom de Calaber. Vossius conjecture que ce poëte vivoit sous l’empereur Anastase, vers 491. La meilleure édition de Quintus Calaber est celle de Rhodomanus. (D. J.)​","[['38 28\' 7"" N 44 51\' 15"" E']]",,"38 28' 7"" N 44 51' 15"" E","38 28' 7"" N 44 51' 15"" E"
v15-951-0,"SOFFE, ou plutôt SOFIAH ou SOPHIE","SOFFE, ou plutôt SOFIAH ou SOPHIE, (Géogr. mod.)​ ville de la Turquie européenne, capitale de la Bulgarie, que les Turcs appellent Sifiah Vilajeti, le pays de Sofiah, à cause de sa capitale. Elle est située sur la riviere de Bojana, dans une vaste plaine, à 96 lieues de Constantinople. Elle est sans murailles, au pié du mont Hæmus, & d’ailleurs aussi mal-bâtie que les autres villes de Turquie. L’air qu’on y respire, est si mauvais, que sans la résidence du beglierbey, elle ne se maintiendroit pas telle qu’elle est aujourd’hui. Les Juifs y ont quelques synagogues, & y font du commerce, parce que c’est un grand passage pour aller de Constantinople en Hongrie.


L’on croit que Soffe est l’ancienne Sardica, rebâtie par Justinien. Les Bulgares venus des pays septentrionaux, ayant occupé la Moesie, fatiguerent long-tems les empereurs grecs de ce côté-là, où la Moesie confinoit à la Thrace ; enfin ayant été subjugués par les Grecs, la plûpart se firent chrétiens, & la ville de Sardique ou Sophie, devint un archevêché, lequel a été disputé entre les papes & les patriarches de Constantinople, jusqu’à ce que le turc ait décidé leur querelle. Long. 41. 28. latit. 42. 30. (D. J.)​","[[""42 30' N 41 28' E""]]",,42 30' N 41 28' E,42 30' N 41 28' E
v15-954-0,SOFROY,"SOFROY, (Géogr. mod.)​ petite ville d’Afrique, au royaume de Fez, à cinq lieues de Fez, au pié d’une branche du grand Atlas, qui se nomme aussi Sofroy. Le chérif en est le maître. Long. 13. 57. latit. 33. 32. (D. J.)​","[[""33 32' N 13 57' E""]]",,33 32' N 13 57' E,33 32' N 13 57' E
v16-1135-0,"TOBOL, Tobolsca, Tobolski","TOBOL, (Géogr. mod.)​ Tobolsca, Tobolski, ville considérable de l’empire russien, capitale de la Sibérie, à environ 400 lieues au levant de Petersbourg, & à 160 au midi de Peresow. Elle est située d’un côté sur la rive droite de la grande riviere nommée Irtis, qui se jette dans l’Obi, & de l’autre côté sur celle de Tobol, qui lui donne son nom. Elle est habitée par des tartares grecs & mahométans, & par des russes. C’est la résidence d’un vice-roi, ou gouverneur général, nommé par la cour de Russie, dont la jurisdiction a une très-grande étendue, & le magasin des tributs en pelleteries que tout le pays paye à la Russie. Cette ville a un archevêque dont la jurisdiction spirituelle s’étend sur toute la Sibérie.


Les effets du vent du nord sont si terribles en Sibérie, qu’à Tobol, lorsque ce vent a soufflé trois jours de suite, on voit les oiseaux tomber morts. Au bout de trois jours, le vent tourne ordinairement au sud ; mais comme ce n’est qu’un reflux de l’air glacé de la nouvelle Zemble, que repousse le sommet du Poïas-Semnoï, il est aussi froid que le vent du nord même. Long. de Tobol, 50. lat. 57. 40. (D. J.)​​","[[""57 40' N 50 E""]]",,57 40' N 50 E,57 40' N 50 E
v16-1214-0,TOMAR,"TOMAR, (Géog. mod.)​ ville de Portugal, dans l’Estramadure, sur le bord de la riviere Nabaon, entre Lisbonne & Coïmbre. Il y a un château qui appartient aux chevaliers de l’ordre de Christ dont le roi est grand-maître. C’est une des plus riches commanderies de l’ordre ; on croit que Tomar est l’ancienne Concordia de Ptolomée, l. II. c. v. Long. 9. 10. latit. 39. 35. (D. J.)​","[[""39 35' N 9 10' E""]]",,39 35' N 9 10' E,39 35' N 9 10' O
v16-123-0,TELTSCH,"TELTSCH, (Géog. mod.)​ petite ville d’Allemagne, dans la Moravie, sur les confins de la Bohème, près des sources de la riviere de Teya. Longit. 33. 38. latit. 49.","[[""49 N 33 38' E""]]",,49 N 33 38' E,49 N 33 38' E
v16-1238-0,TONCAT,"TONCAT, (Géog. mod.)​ ville d’Asie, dans la partie occidentale du Turquestan, sur le bord du fleuve Jaxartes dans un terroir délicieux. Alboulcaïr l’appelle le palais des sciences, à cause de l’académie des Arts & des Sciences qui y étoit établie de son tems. Long. suivant de Lisle, 89. lat. 47. (D. J.)​",[['47 N 89 E']],,47 N 89 E,47 N 89 E
v16-1270-0,TONNINGEN,"TONNINGEN, (Géog. mod.)​ ville de Danemarck, au duché de Sleswig, dans une péninsule formée par la riviere d’Eyder, à six lieues au sud-ouest de Sleswig, & à quatre de la mer. Le roi de Danemarck la prit en 1707 sur le duc de Gottorp, & en fit raser les fortifications. Elle a un port où les vaisseaux de l’Océan peuvent entrer aisément, ce qui lui procure du commerce. Long. 26. 44. latit. 54. 28. (D. J.)​","[[""54 28' N 26 44' E""]]",,54 28' N 26 44' E,54 28' N 26 44' E
v16-1337-0,TORNÉA ou TORNÉO,"TORNÉA ou TORNÉO, (Géog. mod.)​ nom commun à une ville, à un lac & à une riviere de la Laponie suédoise. La petite ville de Tornéa, dit M. de Maupertuis dans son discours de la figure de la terre, avoit l’air affreux lorsque nous y arrivâmes. Ses maisons basses se trouvoient enfoncées jusque dans la neige, qui auroit empêché le jour d’y entrer par les fenêtres, s’il y avoit eu du jour ; mais les neiges toujours tombantes ou prêtes à tomber, ne permettoient presque jamais au soleil de se faire voir, sinon pendant quelques momens dans l’horison vers midi. Le froid fut si grand dans le mois de Janvier, que les thermometres de mercure, de la construction de M. de Reaumur, descendirent à 37 degrés, & ceux de l’esprit-de-vin gelerent.


Lorsqu’on ouvroit la porte d’une chambre chaude, l’air de dehors convertissoit sur le champ en neige la vapeur qui s’y trouvoit, & en formoit de gros tourbillons blancs : lorsqu’on sortoit, l’air sembloit déchirer la poitrine ; les bois, dont toutes les maisons sont bâties, se fendoient avec bruit ; la solitude regnoit dans les rues, & l’on y voyoit des gens mutilés par le froid. Quelquefois il s’éleve tout-à-coup des tempêtes de neige, qui exposent à un grand péril ceux qui en sont surpris à la campagne ; en vain chercheroit-on à se retrouver par la connoissance des lieux ou des marques faites aux arbres, on est aveuglé par la neige.


Si la terre est horrible alors dans ces climats, le ciel présente aux yeux les plus charmans spectacles. Dès que les nuits commencent à être obscures, des feux de mille couleurs & de mille figures éclairent le ciel, & semblent vouloir dédommager cette terre, accoutumée à être éclairée continuellement, de l’absence du soleil qui la quitte.


La ville de Tornéa a un port, où les Lapons viennent troquer leurs pelleteries contre des denrées & des armes. Long. 41. 55. latit. 65. 40. 6.


Le lac de Tornéa est traversé par la riviere de même nom, d’occident en orient ; cette riviere a sa source aux confins de la Laponie danoise & suédoise ; ensuite, après avoir reçu dans son cours les eaux de quelques lacs & rivieres, elle se jette dans le golfe de Bothnie, près de la ville de Tornéa. (D. J.)​","[['65 40\' 6"" N 41 55\' E']]",,"65 40' 6"" N 41 55' E","65 40' 6"" N 41 55' E"
v16-1341-1,Toro ou Tauro,"Toro ou Tauro, (Géog. mod.)​ ville d’Espagne, au royaume de Léon, sur le Duero, entre Zamora au couchant, & Tordesillas au levant, au bout d’une belle plaine. Elle a vingt-deux paroisses dépeuplées, sept couvens d’hommes, cinq de filles, quatre hôpitaux & un château. La collégiale qui a été autrefois cathédrale, est composée d’un abbé & de seize chanoines. Les états s’y sont tenus quelquefois.​ Elle est célebre par la bataille de 1476, qui assura la couronne de Castille à Ferdinand, prince d’Aragon. Long. 12. 45. latit. 41. 38.


C’est ici que le comte-duc d’Olivarès, premier ministre d’Espagne, se retira dans sa disgrace. Le gouvernement du royaume remis par Philippe IV. entre ses mains pendant vingt-deux ans ne fut qu’un enchaînement de malheurs. Ce prince perdit le Roussillon par le manque de discipline de ses troupes, le Brésil par le délabrement de sa marine, & la Catalogne par l’abus de son pouvoir ; on vit par la révolution du Portugal combien une domination étrangere est odieuse, & en même tems combien peu le ministere espagnol avoit pris de mesures pour conserver tant d’états.


« On vit aussi (ajoute M. de Voltaire), comme on flatte les rois dans leurs malheurs, comme on leur déguise des vérités tristes. La maniere dont Olivarès apprit à Philippe IV. la perte du Portugal, est célebre : je viens vous annoncer, dit-il, une heureuse nouvelle ; Votre Majesté a gagné tous les biens du duc de Bragance ; il s’est avisé de se faire proclamer roi, & la confiscation de ses terres vous est acquise par son crime. La confiscation n’eut pas lieu. Le Portugal devint un royaume considérable, surtout lorsque les richesses du Brésil & les traités avec l’Angleterre rendirent son commerce florissant.


» Le comte-duc d’Olivarès, longtems le maître de la monarchie espagnole & l’émule du cardinal de Richelieu, fut disgracié pour avoit été malheureux. Ces deux ministres avoient été longtems également rois, l’un en France, l’autre en Espagne ; tous deux ayant pour ennemis la maison royale, les grands & le peuple, tous deux très-différens dans leurs caracteres, dans leurs vertus & dans leurs vices ; le comte-duc, aussi réservé, aussi tranquille & aussi doux que le cardinal étoit vif, hautain & sanguinaire. Ce qui conserva Richelieu dans le ministere, & ce qui lui donna presque toujours l’ascendant sur Olivarès, ce fut son activité. Le ministre espagnol perdit tout par sa négligence ; il mourut de la mort des ministres déplacés ; on dit que le chagrin les tue ; ce n’est pas seulement le chagrin de la solitude après le tumulte, mais celui de sentir qu’ils sont haïs, & qu’ils ne peuvent se venger. Le cardinal de Richelieu avoit abrégé ses jours d’une autre maniere, par les inquiétudes qui le dévorerent dans la plénitude de sa puissance ».


Au reste le roi d’Espagne alloit rappeller le duc d’Olivarès, si ce ministre n’eût pas précipité sa disgrace ; mais ayant voulu se justifier par un écrit public, il offensa plusieurs personnes puissantes, dont le ressentiment fut tel, que le roi ne songea plus qu’à le laisser à Toro où il mourut en 1640, de chagrin, comme il arrive ordinairement aux ministres qui ne savent pas jouir de ce repos heureux qu’on ne connoit point à la cour.


Philippe IV. en disgraciant le comte-duc d’Olivarès, n’y gagna que le beau jardin de ce favori dans le voisinage de Madrid ; encore ce jardin couta-t-il cher au roi ; car il y dépensa plusieurs millions. On l’appelle aujourd’hui Buen-Retiro. (D. J.)​","[[""41 38' N 12 45' E""]]",,41 38' N 12 45' E,41 38' N 12 45' E
v16-1342-0,TOROELLA,"TOROELLA, (Géog. mod.)​ ville ou plutôt bourg d’Espagne, dans la Catalogne, sur la rive septentrionale du Ter, près de son embouchure, dans la Méditerranée. Les François y remporterent la victoire sur les Espagnols le 27 de Mai 1694. Long. 20. 48. latit. 41. 52. (D. J.)​","[[""41 52' N 20 48' E""]]",,41 52' N 20 48' E,41 52' N 20 48' E
v16-1379-0,TORTOSE,"TORTOSE, (Géog. mod.)​ ville d’Espagne, en Catalogne, capitale d’une viguerie de même nom, sur la gauche de l’Ebre, à 4 lieues de la mer, à 35 de Barcelone, & à 70 de Madrid. On la divise en vieille ville & en ville neuve : son évêché vaut quatorze mille ducats de revenu. Cette ville a un vieux château fortifié, & une académie qui appartient aux freres prêcheurs ; ce qui suffit pour apprécier sa célébrité.


Tortose est la Dertosa des Romains, capitale des Ilercaons, comme on le prouve par une médaille de Tibere, sur le revers de laquelle on lit : Dert. Ilergaonia : dès l’an 716 les Maures en étoient les maîtres ; Berenger, prince d’Arragon, la leur enleva en 1149. Long. 18. 10. lat. 40. 51.


Il ne faut pas confondre Tortose en Catalogne avec Tortose, petite ville dans la nouvelle Castille, sur le Hénares, au-dessus de Guadalajara. (D. J.)​","[[""40 51' N 18 10' E""]]",,40 51' N 18 10' E,40 51' N 18 10' E
v16-138-1,Temeswar ou Temiswar,"Temeswar ou Temiswar, (Géog. mod.)​ ville de la haute Hongrie, dans le comté de même nom, sur la riviere de Temès, à 25 lieues de Belgrade : Soliman II. s’en rendit le maître en 1551, & les Turcs la garderent jusqu’en 1716, que le prince Eugene la reprit ; elle est restée à la maison d’Autriche par le traité de paix de Passarowitz en 1718. Long. 39. 42. latit. 45. 27.","[[""45 27' N 39 42' E""]]",,45 27' N 39 42' E,45 27' N 39 42' E
v16-1457-0,TOURNAY,"TOURNAY, (Géog. mod.)​ en latin Turnacum, ville des pays-bas autrichiens, capitale du Tournésis, sur l’Escaut, à cinq lieues au sud est de Lille, à sept de Douay, à huit de Mons, à quinze de Gand, & à cinquante-cinq de Paris. L’Escaut divise la ville en vieille & neuve. Louis XIV. y a fait bâtir une citadelle qui a couté plus de quatre millions de ce tems là, c’est-à-dire plus de huit millions de notre monnoie actuelle ; c’est un ouvrage de M. de Mégrigni, ingénieur ; mais Louis XV. en reprenant Tournay sur la reine de Hongrie, a fait détruire cette citadelle de fond en comble.


La ville de Tournay est partagée en dix paroisses ; S. Médard, évêque de Noyon, fut un des premiers pasteurs de l’église de Tournay, & son premier évêque fut Anselme, moine bénédictin, qui obtint cet évêché en 1148, par le crédit de S. Bernard. En 1559, l’évêché de Tournay devint suffragant de la nouvelle métropole de Cambray. Son diocèse a huit doyennés, & contient 223 cures. Longitude. 21. 4. latit. 50. 34.


Il n’est fait mention de Tournay que dans l’itinéraire d’Antonin, & dans la carte de Peutinger, dont les auteurs ont vêcu du tems de S. Jérôme. Dans le même siecle Tournay fut prise sur les Romains par Clodion, rois des François ; son petit fils Childeric y demeuroit, y mourut, & y fut enterré. Sous les premiers rois capétiens, les évêques de Tournay & de Noyon étoient seigneurs de la ville, mais les habitans y vivoient dans une entiere liberté. Charles VII. unit solemnellement Tournay & le Tournésis à sa couronne, par des lettres patentes données au commencement de son regne, en 1422, & confirmées par d’autres lettres, dans les années 1426, & 1436.


Louis XI. après la mort de Charles duc de Bourgogne, mit garnison dans Tournay en 1477 ; & depuis ce tems-là les habitans lui obéirent jusqu’à l’an 1513, que la ville fut prise sur Louis XII. par Henri VIII. roi d’Angleterre. Les Anglois la rendirent aux François en 1517 ; mais quatre ans après, la guerre ayant été déclarée par Charles-quint & François I. Tournay fut prise, & François I. contraint de la ceder par le traité de Madrid, en 1525, confirmée par le traité de Cambray en 1529, par celui de Crépi en Laonois, en 1544, & par celui de Cateau-Cambrésis, en 1559. En 1667, Louis XIV. prit cette ville, qui lui fut cédée en 1668, par le traité d’Aix-la-chapelle ; il fortifia Tournay, & y éleva la citadelle dont j’ai parlé ; mais la ville & la citadelle ayant été prises en 1709, par l’armée des alliés, la France céda l’une & l’autre à la maison d’Autriche, par les traités d’Utrecht, de Rastat, & de Bade. Enfin les Etats-​Généraux ont la garde de cette place, par le traité de la Barriere, conclu en 1715, entre leurs Hautes-puissances, & l’empereur Charles VI.


Jean Cousin a donné l’histoire de Tournay. Elle est imprimée à Douay chez Marc Wyon, en 1620, en 4 vol. in-4°. c’est un ouvrage fort rare.


Simon de Tournay, dont le nom est écrit fort différemment dans les bibliographes, étoit né dans la ville de Tournay, ou du moins étoit originaire de cette ville ; il en fut chanoine, & florissoit dans le xije. siecle ; il devint docteur en théologie à Paris, & y régenta pendant dix ans les écoles des arts, c’est-à-dire qu’il y enseigna les belles-lettres & la philosophie. Il a laissé plusieurs ouvrages qui ne se trouvent qu’en manuscrit. Son attachement aux opinions d’Aristote, & sa grande subtilité dans la dispute, le firent accuser d’impiété & d’irreligion.


Il est douteux si Jacques des Parts, en latin de Partibus, étoit natif de Tournay, ou de Paris ; il fut également chanoine de Paris, & chanoine de Tournay, mais il mourut dans cette derniere ville, environ l’an 1465 ; il devint médecin du duc de Bourgogne, Philippe le bon, & puis de Charles VII. roi de France ; il donna plusieurs livres qui lui procurerent une grande réputation ; le principal est son commentaire sur Avicenne ; il fut imprimé à Lyon, l’an 1498. en 4 vol. in-fol. aux dépens du roi, & par les soins de Janus Lascaris.


La Barre (Louis-François-Joseph de), littérateur, naquit à Tournay en 1688, & mourut à Paris en 1743. Il étoit membre de l’académie des Inscriptions, à laquelle il a donné plusieurs mémoires. On trouvera dans ce recueil, tom. VII. & VIII. des éclaircissemens de sa main, sur l’histoire de Lycurgue, des remarques sur la route de Sardes à Suze, décrite par Herodote ; d’autres sur le cours de l’Halys, de l’Euphrate, de l’Araxe, & du Phase ; une dissertation sur la livre romaine, & sur d’autres mesures particulieres moins connues ; & un mémoire sur les divisions que les empereurs romains avoient faites des Gaules, en différentes provinces. On a inséré dans les tom. IX. & X. son traité du poëme épique, où il examine particulierement s’il est nécessaire que l’action de ce poëme ait rapport à une vérité morale ; il y a joint des observations singulieres sur les places destinées aux jeux publics de la Grece, & sur les différentes especes de courses qui s’y faisoient.


En 1729, il publia en deux vol. in-4°. ces mémoires de l’histoire de France & de Bourgogne, que l’on appelle communément le journal de Charles VI. & il mit une préface à la tête de ce recueil. En 1735, il fit paroître en cinq volumes in-12. une nouvelle histoire de la ville de Paris, extraite de celle du pere Lobineau, qui, composée de 5 vol. in-fol. & continuellement entremêlée de pieces latines, excédoit le loisir ou la portée des lecteurs ordinaires. Il avoit entrepris quinze mois avant sa mort, un dictionnaire d’antiquités greques & romaines, mais il n’a eu le tems que de former son plan, & d’ébaucher quelques articles. (Le chevalier de Jaucourt.)​","[[""50 34' N 21 4' E""]]",,50 34' N 21 4' E,50 34' N 21 4' E
v16-1632-0,TRANGUEBAR ou TRANQUEBAR,"TRANGUEBAR ou TRANQUEBAR, (Géogr. mod.)​ ville de la presqu’île de l’Inde, au royaume de Tanjaour, sur la côte de Coromandel, à l’embouchure de la riviere Caveri, & à 25 lieues de Pondicheri. Les Danois en sont les maîtres depuis l’an 1621, par un accord fait la même année avec le naïque ou roi de Tanjaour, sur les terres duquel est situé ce port de mer ; les Danois ont bâti depuis une forteresse pour sa défense. Le climat en est fort chaud, & très-difficile à supporter. Les jésuites ont dans cette ville une église, & y jouissent d’une grande liberté. Le roi de Danemarck y a établi une mission en 1705 pour la propagation du Christianisme ; on peut consulter sur cette mission M. de la Crose dans son Christianisme des Indes. Long. 97. 50. latit. septent. 11. 18. (D. J.)​","[[""11 18' N 97 50' E""]]",,11 18' N 97 50' E,11 18' N 97 50' E
v16-1678-0,"TRAOU, ou TRAW","TRAOU, ou TRAW, (Géog. mod.)​ ville des états de la république de Venise, dans la Dalmatie, sur la côte, & si voisine de l’île Bua, qu’un de ses fauxbourgs est dans cette île, à laquelle elle communique par des ponts. Elle a un évêché suffragant de Spalatro ; cependant elle ne renferme qu’environ quatre mille ames, & pas une seule hôtellerie ; en sorte que les voyageurs y sont obligés de se pourvoir comme ils l’entendent pour leur logement, & pour leur nourriture. Long. 34. 10. latit. 43. 54.


Traou a été connu des anciens sous le nom de Tragurium ;  mais quoique Ptolomée & Strabon en parlent comme d’une île, ce n’est qu’une péninsule ; & le canal qui la sépare du continent, est un ouvrage de l’art.


Cette ville est devenue fameuse dans la république des Lettres par un manuscrit contenant un fragment de Pétrone, qui manquoit à ses ouvages imprimés, & que M.Petit déterra en 1663, dans la bibliotheque de Nicolas Lippius.


C’est un manuscrit in-folio épais de deux doigts, lequel contient plusieurs traités écrits sur du papier qui a beaucoup de corps. Les œuvres de Catulle, de Tibulle, & de Properce, sont écrites au commencement. Ensuite on voit une piece intitulée, Fragmentum Petronii arbitrii, ex libro decimo quinto, & sexto decimo, où est contenu le souper de Trimalcion, tel qu’il a été imprimé depuis sur cet original. Le manuscrit est bien lisible, & les commencemens des chapitres & des poëmes, sont en caracteres bleus & rouges. L’année dans laquelle il a été écrit, est marquée page 179 de cette maniere 1423, 20 Novembre.


La découverte de ce manuscrit fit grand bruit ; & l’Europe savante se divisa en trois parties, comme s’il eût été question de reconnoître un prince. L’Italie adopta l’authenticité du fragment ; la France & la Hollande le rejetterent ; l’Allemagne resta neutre ; car Reinesius même commenta le manuscrit sans oser se déclarer ; l’Angleterre occupée des projets de Charles II. & de la réédification de Londres incendiée, ne parut point dans cette contestation savante ; mais les préjugés se dissiperent bien-tôt par l’impression, & personne aujourd’hui ne doute que le fragment ne soit de Pétrone. Il est certain que le siecle de l’écriture de ce manuscrit (qui est à présent dans la bibliotheque du roi de France) n’avoit pas des esprits assez rafinés, assez délicats, & assez versés dans la langue latine, pour oser emprunter le style de Pétrone, sans qu’une ruse si grossiere n’eût sauté aux yeux de tout le monde dans des siecles éclairés.​


François Nodot a donné à Paris en 1693, une édition prétendue complete de Pétrone, sous ce titre : Titi Petronii arbitri equitis romani satyricon, cum fragmentis, Albæ Groecæ, (à Belgrade) recuperatis, anno 1688. Cet ouvrage contient le texte & la traduction de différens morceaux de Pétrone, avec des remarques latines & françoises, & la vie de Pétrone. La derniere édition est celle de 1713, en 2 vol. in-12. mais elle n’est ni belle ni exacte, & cependant le livre méritoit plus de soin. (D. J.)​","[[""43 54' N 34 10' E""]]",,43 54' N 34 10' E,43 54' N 34 10' E
v16-1867-0,TRÉVOUX,"TRÉVOUX, (Géog. mod.)​ ancienne petite ville de France, capitale de la principauté de Dombes, sur le bord oriental de la Saône. Le pape Clément VII. y érigea un chapitre en 1523, & Anne-Marie-Louise d’Orléans, souveraine de Dombes, y fonda un hôpital. M. le duc du Maine y a bâti un palais pour le siege du parlement. Louis XIV. a accordé aux officiers de ce parlement, les mêmes privileges dont jouissent les officiers des autres parlemens de France. Ce même prince y a fait établir une imprimerie. Les uns croient que le Tivurtium de l’itinéraire d’Antonin est Trévoux, & d’autres Tournus. Long. 22. 24. lat. 45. 56. (D. J.)​","[[""45 56' N 22 24' E""]]",,45 56' N 22 24' E,45 56' N 22 24' E
v16-2166-0,TROPÉA,"TROPÉA, (Géog. mod.)​ en latin Tropæa, ad Tropæa, ville d’Italie, au royaume de Naples, dans la Calabre ultérieure, sur le sommet d’un rocher, à 12 milles de Mileto, 40 de Messine, & 45 de Reggio. Son évêché est suffragant de Reggio. Long. 33. 40. latit. 38. 40. (D. J.)​","[[""38 40' N 33 40' E""]]",,38 40' N 33 40' E,38 40' N 33 40' E
v16-2206-0,TROYES,"TROYES, (Géog. mod.)​ ville de France en Champagne, dont elle est capitale, sur la Seine, à 26 lieues au midi de Rheims, & à 35 au sud-est de Paris.


Troyes a quatorze paroisses, deux abbayes d’hommes & une de filles, un séminaire gouverné par les prêtres de la mission, & dont le revenu est de quarante-cinq mille livres. Il y a dans cette ville élection, maréchaussée & siege présidial. Il y a aussi une commanderie de Malte, dont le revenu est de douze mille livres ; enfin on y voit plusieurs couvens de religieux & de religieuses. Son commerce a été autrefois très-florissant. Il consiste aujourd’hui en toiles, en blanchissage de cire, en chandelle & en vin. Les statuts des communautés de cette ville doivent être rectifiés à plusieurs égards, sur-tout en fait de maîtrise & de reglemens impossibles dans l’exécution.


Troyes manque de bonne eau à boire, & auroit besoin de fontaines publiques tirées de sources d’eaux vives. Son terroir produit des grains, des vins & des fruits en abondance.


Son premier évêque, S. Amatre, vivoit l’an 340. L’évêché est composé de 372 paroisses & de 98 annexes, divisées en huit doyennés sous cinq archidiacres. Cet évêché vaut vingt à vingt-quatre mille livres de rente. Long. suivant Cassini, 21. 31′. 30″. latit. 48. 15′.


Troyes a pris son nom des peuples Celtes, Tricasses ou Trecasses, que César n’a point connus, mais qu’Auguste a dû établir en corps de peuple ou de cité, puisqu’il est le fondateur de leur ville principale, qu’il appella Augustobona ou Augustomana, nom qui a été en usage jusqu’au cinquieme siecle. Pline fait mention des Tricanes parmi les Celtes, sans nommer leur ville Augustobona ; mais Ptolomée la nomme. Ensuite le nom du peuple a prévalu, & Tricasses a été corrompu en Trecæ, ensorte que les écrivains qui sont venus depuis Grégoire de Tours appellent toujours Troyes, Trecæ.


Après la chûte de l’empire romain, cette ville passa au pouvoir des Francs ; & après la division de la France en Austrasie & Neustrie, Troyes fut de la Neustrie, ensorte que les rois de la Neustrie en ont toujours eu la propriété ou la souveraineté. Lorsqu’on institua une quatrieme lyonnoise sur le déclin de l’empire romain, la ville de Troyes fut mise sous cette province, voilà pourquoi les évêques de Troyes ont toujours jusqu’à présent reconnu celui de Sens pour leur métropolitain.


Jarchi ou Jarhi (Salomon), autrement nommé Isaacites, rabbin célebre du xij. siecle, étoit de Troyes, selon R. Ghédalia & la plûpart des autres chronolo-​gistes juifs. Il commença à voyager à l’âge de trente ans. Il vit l’Italie, ensuite la Grece, Jérusalem & toute la Palestine ; puis il alla en Egypte, & s’aboucha avec le rabbin Maimonides. Il passa en Perse, en Tartarie, en Moscovie, en d’autres pays septentrionaux, & enfin en Allemagne, d’où il revint dans sa patrie, ayant employé six années à ce grand voyage. Il se maria, & eut trois filles, qui épouserent de savans rabbins.


Les commentaires de Jarchi sur l’Ecriture sont fort estimés des juifs, & quelques-uns ont été traduits en latin par des chrétiens. Genebrard a publié à Paris en 1563 la version du commentaire sur Joël, & en 1570 celle du commentaire sur le cantique des cantiques. Arnaud de Pontac est l’auteur de la traduction latine des commentaires de Jarchi sur Abdias, sur Jonas & sur Sophonie, qui ont été imprimés à Paris l’an 1566, in-4°. Henri d’Aquin publia dans la même ville en 1522 le commentaire de Jarchi sur Esther, avec des notes. On a inséré finalement tous les commentaires de ce rabbin sur l’Ecriture dans les bibles de Venise & de Bâle. Enfin on a imprimé, avec le corps du thalmud, ses glosses sur ce grand livre. On met sa mort l’an 1173. Il est bon de remarquer que le rabbin Jarchi, Jarhi, Isaaki, Isaacites & Rasci sont le seul & même homme.


Parlons à présent de quelques-uns de nos savans chrétiens nés à Troyes.


Caussin (Nicolas), jésuite & confesseur de Louis XIII. s’est fait de la réputation par un ouvrage qu’il intitula, la cour sainte, imprimé en 1625, in-8°. ensuite en 1664 en deux volumes in-4°. enfin en 1680 en deux volumes in-fol. On a traduit cet ouvrage en latin, en italien, en espagnol, en portugais, en allemand & en anglois. Le p. Caussin favorisa la liaison du roi pour mademoiselle de la Fayette, liaison qui pouvoit servir à faire rappeller la reine-mere, & disgracier le cardinal de Richelieu ; mais le ministre l’emporta sur la maîtresse & sur le confesseur. Mademoiselle de la Fayette fut obligée de se retirer dans un couvent, & bientôt après en 1637 le p. Caussin fut arrêté, privé de son emploi, & relégué en basse Bretagne. Il ne revint à Paris qu’après la mort de son éminence, & mourut dans la maison-professe en 1651, âgé de 71 ans.


Cointe (Charles le), prêtre de l’oratoire, naquit en 1611, & mourut en 1681, à 70 ans, après avoir publié en latin les annales ecclésiastiques de France, en huit volumes in-fol. imprimés au Louvre par ordre du roi. Ces annales commencent à l’an 235, & finissent à l’an 835. Elles contiennent les decrets des conciles de France, avec des explications, le catalogue des évêques & leurs vies, les fondateurs, les privileges des monasteres, les vies des saints, les questions de doctrine & de discipline. C’est un ouvrage d’un prodigieux travail, d’une recherche singuliere, mais dénué de tout ornement, & qui ne se fait point lire avec plaisir. Le premier volume parut en 1666, & M. Colbert protégea l’auteur tant qu’il vécut.


Henrion (Nicolas), né en 1663, mort en 1720, s’attacha à l’étude des médailles, & à la connoissance des langues orientales. Il fut aggrégé en 1701 à l’académie des Inscriptions ; cependant il n’y a rien sous son nom dans les mémoires de cette académie, & fort peu de choses dans son histoire.


Noble (Eustache le) naquit en 1643, & fit quantité de petits ouvrages en prose & en vers, qui eurent un grand cours. Il devint procureur général au parlement de Metz, où sa mauvaise conduite lui ayant attiré des affaires fâcheuses, il fut détenu plusieurs années en prison, & perdit sa charge. Il mourut à Paris en 1711, à 68 ans, si pauvre, que la charité de la paroisse de S. Severin fut obligée de le faire enter-​rer. Brunet, libraire, a recueilli ses œuvres, & les a imprimées en vingt volumes in-12. c’est un mélange d’écrits sacrés & profanes, d’historiettes & de pieces graves, de fables, de contes, & de traductions en vers des pseaumes, de satyres de Perse, de comédies, & d’épîtres morales.


Passerat (Jean), né en 1534, se rendit très-habile dans les Belles-Lettres, & joignit une rare politesse à beaucoup d’érudition. Il succéda à Pierre Ramus dans la chaire d’éloquence, & mourut en 1602, à 68 ans. On a de lui des commentaires sur Catulle, Tibulle & Properce, un livre de cognatione litterarum, des notes sur Pétrone, & des poésies latines, dont les vers marquent beaucoup de pureté de style.


On ne fait pas le même cas de ceux de l’abbé Boutard, compatriote de Passerat, né un siecle après, & mort à Paris en 1729, âgé de 75 ans. Cet abbé ayant composé en vers latins l’éloge de M. Bossuet, ce prélat lui conseilla d’en composer une autre à la gloire de Louis XIV. & se chargea de le présenter lui-même. Le roi récompensa l’auteur par une pension de mille livres, & M. Bossuet lui procura dès bénéfices qui le mirent fort à son aise. L’abbé Boutard se trouvant riche, imagina avoir des talens extraordinaires pour la poésie. Il ornoit de ses vers tous les monumens érigés en l’honneur de sa majesté, & se croyoit obligé par état de ne laisser passer aucun événement remarquable du regne de ce prince, sans le célébrer ; cependant le public méprisa le poëte, sa versification commune, ses expressions impropres, & ses pensées obscures.


Mais MM. Pithou freres ont fait un honneur immortel à la ville de Troyes leur patrie. Pithou (Pierre), célebre jurisconsulte & l’un des plus savans hommes du xvj. siecle, naquit en 1539, & mourut à Nogent-sur-Seine en 1596, à 57 ans.


Personne, dit M. de Thou, n’a jamais mieux su ses affaires domestiques, qu’il savoit l’histoire de France & des étrangers. La mort de cet homme incomparable, ajoute-t-il, avec lequel je partageois mes soins, & à qui je communiquois mes études, mes desseins, & les affaires d’état, me fut si sensible, que je cessai entierement l’histoire que j’avois commencée ; & j’eusse tout-à-fait abandonné cet ouvrage, si je n’avois pas cru devoir cette marque de respect à sa mémoire, que d’achever ce que j’avois entrepris par ses conseils.


Dans le grand nombre d’ouvrages qu’il a composé ou qui sont sortis de sa bibliotheque, on estime singulierement son traité des libertés de l’Eglise gallicane, qui sert de fondement à tout ce que les autres en ont écrit depuis. La premiere édition de cet ouvrage conçu en 83 articles, parut à Paris en 1594, avec privilege. Les maximes qui y sont détachées & suivies par articles, ont en quelque sorte force de lois, quoiqu’elles n’en ayent pas l’authenticité. Le roi en a reconnu l’importance par son édit de 1719, où l’article 50. est rapporté. Les expéditionnaires en cour de Rome citent les articles de nos libertés dans leurs certificats. Comme M. Pithou avoit lu les anciens écrivains grecs & latins, & qu’il les avoit conférés avec les vieux exemplaires, il en a mis plusieurs au jour, & y a joint ses savantes notes. On lui doit encore des éditions de plusieurs monumens sacrés & profanes, des miscellanea ecclesiastica, quantité de collections historiques, le canon des écritures de Nicéphore, des fragmens de S. Hilaire, les coutumes du bailliage de Troyes, avec des annotations, &c.


Pithou (François), avocat au parlement de Paris, frere du précédent, fut comme lui, un homme d’une vertu rare, d’une modestie exemplaire, extrèmement habile dans les Belles-Lettres, dans le Droit, & pour couper court, l’un des plus savans hommes de son tems. Il ne voulut jamais que l’on mît son nom à au-​cun de ses ouvrages. Ce fut lui qui découvrit le manuscrit des fables de Phedre, & il le publia conjointement avec son frere pour la premiere fois. Ces deux illustres savans, les Varrons de la France, travaillerent toujours ensemble. François Pithou donna tous ses soins à restituer & à éclaircir le corps du droit canonique, ouvrage qui parut en 1687, & c’est la meilleure édition. Le Pithæana est aussi de lui. Il est encore l’auteur de la comparaison de lois romaines avec celles de Moïse, & de l’édition de la loi salique, avec des notes. Il fut du nombre des commissaires qui reglerent les limites entre la France & les Pays-Bas. Il étoit né en 1544, & mourut en 1621, âgé de 77 ans. Le lecteur peut voir le catalogue des ouvrages de MM. Pithou, à la tête de leurs œuvres imprimées en 1715 en latin.


Leur famille originaire de Vire en basse Normandie remontoit jusqu’à un Guillaume Pithou, qui est nommé entre ceux qui se croiserent pour la Terre-sainte en 1190 ; mais indépendamment de la noblesse le nom de cette famille fleurira dans la littérature, tant que les lettres subsisteront dans le monde. On peut dire de chacun des deux freres que j’ai nommés, un seul d’eux contenoit plusieurs savans, & ce qui est plus estimable que le savoir, chacun portoit également un attachement religieux à l’amour de la vérité. Pierre Pithou a eu plus d’historiens que n’en ont eu la plûpart des souverains. On en compte jusqu’à sept qui se sont fait un honneur de célébrer sa gloire, en écrivant sa vie ; mais M. Boivin le cadet a remporté le prix dans cette carriere. (Le chevalier de Jaucourt.)​","[['48 15\' N 21 31\' 30"" E']]",,"48 15' N 21 31' 30"" E","48 15' N 21 31' 30"" E"
v16-2290-0,TUCUYO,"TUCUYO, (Géog. mod.)​ ville de l’Amérique, dans la terre ferme, au gouvernement de Vénézuela, & dans la vallée de même nom. Sa richesse consiste en troupeaux, en coton, & en cannes de sucre. Long. 311. 30. latit. 7. 32. (D. J.)​","[[""7 32' N 311 30' E""]]",,7 32' N 311 30' E,7 32' N 311 30' O
v16-2330-0,TULN,"TULN, (Géog. mod.)​ petite ville d’Allemagne, dans la basse Autriche, proche la riviere de même nom, à quatre milles de Vienne ; son terroir produit du blé & du vin. Long. 34. 6. latit. 48. 22.


C’est à Tuln que fut inhumé le comte de Habs-​bourg, devenu empereur sous le nom de Rodolphe I. pour avoir, dit-on, prêté son cheval à un curé. Sa fortune étoit singuliere par plus d’un endroit ; il avoit été grand-maître-d’hôtel d’Otrocare roi de Bohème ; dès qu’il fut sur le trône impérial, il pressa ce roi de lui rendre hommage : le roi répondit qu’il ne lui devoit rien, qu’il lui avoit payé ses gages. (D. J.)​","[[""48 22' N 34 6' E""]]",,48 22' N 34 6' E,48 22' N 34 6' E
v16-2352-2,"Tunis, ville de","Tunis, ville de, (Géog. mod.)​ anciennement Tunes, ville d’Afrique en Barbarie, capitale du royaume du même nom, dans une plaine, sur le lac de la Goulette, à 4 lieues de la mer, & à 145 au nord-est d’Alger.


Les rues & les places de cette ville sont fort bien ordonnées ; mais sa plus grande force consiste dans le nombre de ses habitans, pour la plûpart artisans, entre lesquels se distinguent les tisserans, qui font la meilleure toile d’Afrique. Il n’y a dans cette ville aucun moulin à vent ni à eau, point de fontaines, point de ruisseaux, point de puits, mais seulement de grandes citernes où se rendent les eaux de pluie, tant pour boire que pour le service de chaque maison.


Il ne manque pas de mosquées dans Tunis ; les anciens colleges qui y étoient, sont la plûpart ruinés.​ Les maisons n’ont qu’un étage, & sont toutes en terrasse, afin de faire mieux écouler l’eau de pluie dans les citernes. Les vestibules sont frais & propres, parce que les hommes y demeurent la plûpart du tems à faire leur négoce, pour empêcher leurs amis ou leurs gens d’entrer dans l’appartement de leurs femmes. Les fauxbourgs, au nombre de trois, sont extrèmement peuplés, & renferment deux à trois mille maisons.


Les dehors de la ville contiennent d’amples jardins ou vergers remplis de citronniers, d’orangers & d’oliviers, qui sont soigneusement cultivés. Pres du lac est un arsenal, avec un chantier pour la construction des galeres. De l’autre côté du lac, sur le bord de la mer, est la forteresse de la Goulette, & le canal par où l’eau entre dans le lac. Longit. 28. 25. latit. 36. 42.


Tunis est ancienne, & le pays qui en dépend, répond à l’Afrique proconsulaire des Romains. Elle fut possédée par les Carthaginois, par les Romains, ensuite par les Vandales qui la saccagerent du tems de S. Augustin. Les Arabes mahométans releverent cette ville, & l’embellirent de plusieurs édifices, quoiqu’ils aient été depuis fixer leur demeure trente lieues plus loin dans le pays, où ils bâtirent Carvan.


Les Almohades devinrent alors maîtres de Tunis, dont ils furent dépossédés par Abu Férez, qui par ses conquêtes prit le titre glorieux de roi d’Afrique & de Tunis. Après la mort de son fils, les rois de Fez se rendirent si puissans, qu’ils se firent reconnoître pour souverains par tous les mahométans d’Afrique ; cependant les rois de Tunis se maintinrent dans leurs états jusqu’à Muley Hascen, qui en fut chassé par Barberousse II. lorsqu’il reprit cette ville sur les Espagnols en 1535.


Barberousse étoit un homme étonnant ; il mourut chargé d’années en 1547, après avoir ravagé à plusieurs reprises toutes les côtes d’Italie. A l’âge de 80 ans il s’occupoit encore à Constantinople à mettre sa flotte en mer, sans que son âge, la grosseur & la pesanteur de son corps eussent pu le guérir de l’amour des femmes.


En 1570, Aluch Ali, gouverneur d’Alger, s’empara de Tunis au nom du grand-seigneur ; mais quelque tems après dom Juan d’Autriche débusqua les turcs de cette place, & établit pour gouverneur de la ville Gabriel Villon, & Petro Carrero eut le commandement de la Goulette. Enfin le sultan Amurat que l’agrandissement des Espagnols inquiétoit, équipa une flotte des plus formidables sous la conduite de l’amiral Ochiali, & leva une puissante armée de terre sous les ordres du bacha Sinan. Les Turcs emporterent de vive force la Goulette & la citadelle de la ville dont ils sont demeurés en possession depuis ce tems : ce qui mit fin au royaume de Tunis qui avoit duré trois cens soixante-dix ans.


C’est devant Tunis que S. Louis finit ses jours en 1270, à 56 ans. Aucun roi de France ne fit paroître plus de valeur, plus de justice & plus d’amour pour son peuple. Les statuts de ce prince pour le commerce, une nouvelle police établie par lui dans Paris, sa pragmatique sanction qui assura la discipline de l’église gallicane, l’érection de ses quatre grands bailliages auxquels ressortissoient les jugemens de ses vassaux, & qui paroissent être l’origine du parlement de Paris, ses réglemens & sa fidélité sur les monnoies ; tout indique que la France eût été florissante sous ce monarque, sans le funeste préjugé des croisades qui causa ses malheurs, & qui le fit mourir sur les sables d’Afrique. Voyez sa vie & son caractere au mot Poissy, Géog. mod. (D. J.)​","[[""36 42' N 28 25' E""]]",,36 42' N 28 25' E,36 42' N 28 25' E
v16-2386-0,TURIN,"TURIN, (Géog. mod.)​ ville d’Italie, capitale du Piémont, dans une agréable plaine au confluent du Pô & de la Doria-Riparia, à 36 lieues au sud est de Chamberi, à 27 au nord-est de Gènes, à 30 au sud-est de Milan, & à 157 au sud-est de Paris. On compte dans Turin dix églises paroissiales, & un grand nombre de couvens de l’un & de l’autre sexe. L’église du couvent des capucins est peut-être la plus magnifique que ces religieux aient en Europe.


Cette ville étoit évêché dès l’an 380, & fut érigée en métropole par Sixte IV, ce qui fut confirmé par Léon X. l’an 1215. Ses suffragans sont, Yvrée, Salusses, Trossano & Mondovi ; le chapitre est composé de vingt cinq chanoines, dont cinq sont les premieres dignités.


L’académie de Turin a été fondée en 1505. On y enseigne la Théologie, le Droit, les Mathématiques & la Médecine. Les jésuites y ont un college, mais ils ne peuvent enseigner publiquement. Long. suivant Cassini, 25. 11. 30. latit. 44. 50.


Turin prit le nom de ses peuples appellés Taurini par Pline, l. III. c. 17. Ils descendoient des Liguriens, & pouvoient avoir tiré eux-mêmes leur nom du taureau qui étoit dans leurs enseignes. Annibal ruina cette ville parce qu’elle avoit refusé de s’allier avec lui ; & comme c’étoit la place la plus forte de ce quartier, sa ruine jetta une telle crainte dans l’esprit des peuples voisins, qu’ils se soumirent d’abord que ce général parut. Jules-César y établit une colonie romaine, & l’appella Colonia Julia. Auguste par vanité changea ce nom en celui de Taurinorum Augusta, nom sous lequel Ptolomée, Pline & autres l’ont connue. On a d’anciennes inscriptions où il est parlé de cette ville sous deux noms : Julia Augusta Taurinorum. Jupiter custos Augustæ Taurinorum. P. Rutilius Aug. Taurinorum proconsul. On peut consulter sur les antiquités de Turin Marmora taurinentia, taurini 2 vol. in-4°.


Après que Turin eut été long-tems soumise aux Romains, elle tomba dans la décadence de l’empire sous la puissance des Barbares, qui ravagerent l’Italie. Les Goths, les Huns, les Erules & les Bourguignons, la posséderent successivement. Elle appartint aux Lombards, lorsque ceux-ci s’emparerent de la Gaule-cisalpine ; & elle fut la capitale d’un des qua-​tre duchés qui composerent le royaume de Lombardie. Quelques-uns de ces ducs devinrent rois d’Italie, entre autres le duc Agilulphe, qui conjointement avec sa femme Théodélinde, fit bâtir l’église cathédrale sons l’invocation de saint Jean-Baptiste, & la dota richement.


Lorsque Charlemagne eut détruit le royaume des Lombards en Italie, il paroit qu’il établit le marquis de Suze à Turin, pour y garder le passage des Alpes, & pour contenir les peuples voisins dans l’obéissance. Les successeurs de Charlemagne leur ayant continué la même charge, les marquis de Suze se la rendirent héréditaire, & devinrent maîtres dans Turin, en qualité de feudataires de l’Empire. Ce pouvoir subsista jusqu’à ce que Ulric Mainfroi, le dernier des marquis de Suze, étant mort vers l’an 1032, la ville de Turin passa sous la puissance des comtes de Savoie, par le mariage d’Adélaïde, fille d’Ulric Mainfroi, avec Oddon, comte de Maurienne & de Savoie : leurs descendans en ont toujours joui depuis, excepté durant quelques tems de troubles.


Les François prirent Turin en 1536, sous Charles-le-Bon, & ne la rendirent qu’à la paix de 1562, au duc Philibert, qui la choisit pour sa résidence, & qui en fit la capitale de ses états. Le comte d’Harcourt la prit encore en 1640 ; on vit à ce siége une chose fort extraordinaire, savoir la citadelle assiégée par le prince Thomas, maître de la ville, la ville assiégée par le comte d’Harcourt, & le comte d’Harcourt assiégé lui-même dans son camp par le marquis de Leganez. Dans la guerre du commencement de ce siecle, le duc de la Feuillade ouvrit la tranchée devant cette ville le 3 Juin 1706 ; mais le prince Eugene, après une longue & pénible marche, força les lignes des François, s’empara de leur artillerie, & fit lever le siége.


Le duc Philibert avoit fortifié Turin ;  mais le duc Charles Emanuel I. rendit sa capitale digne du nom d’Auguste qu’elle porte ; il en agrandit l’enceinte, & prit soin de l’orner au-dedans d’édifices magnifiques, & d’ouvrages au-dehors propres à sa défense : le palais ayant été brûlé en grande partie l’an 1659, Charles Emanuel II. le répara, l’embellit, & l’augmenta considérablement.


Rien n’est plus riant que les avenues & la situation de Turin. Elle l’emporte à ces deux égards sur presque toutes les villes d’Italie, aussi bien que par la beauté de ses bâtimens uniformes, de ses places, & de ses rues tirées au cordeau ; il est vrai que son pavé est mauvais, mais par le moyen d’une riviere qui coule dans le plus haut quartier de la ville, on peut jetter un petit ruisseau dans toutes les rues, & balayer toutes les ordures : le directeur ouvre l’écluse toutes les nuits, & distribue l’eau à volonté dans tous les quartiers de la ville. (D. J.)​","[['44 50\' N 25 11\' 30"" E']]",,"44 50' N 25 11' 30"" E","44 50' N 25 11' 30"" E"
v16-2524-0,VABRES,"VABRES, (Géog. mod.)​ en latin du moyen âge, Vabrinum, & vabrense castrum ; elle a dans nos géographes le titre de petite ville de France, dans le Rouergue, à 10 lieues de Rhodès, à 11 d’Alby, & au confluent de deux petites rivieres, qui se jettent un peu plus bas dans le Tarn. Elle doit son origine à une abbaye de bénédictins, fondée par Raimond I, comte de Toulouse, & elle fut érigée en 1317, par le pape Jean XXII, en évêché aujourd’hui suffragant d’Alby. Cet évêché vaut environ vingt mille livres de revenu, & n’a que soixante & neuf paroisses ; mais Vabres ne doit qu’au siége épiscopal le nom de ville, car ce n’est qu’un vrai village dépeuplé. Longit. 20. 30. latit. 42. 53. (D. J.)​","[[""42 53' N 20 30' E""]]",,42 53' N 20 30' E,42 53' N 20 30' E
v16-2603-1,Valença d'Alcantara,"Valença d’Alcantara, (Géog. mod.)​ ville d’Espagne, dans l’Estramadure, sur les frontieres de Portugal, à 7 lieues au sud-ouest d’Alcantara. Elle est bâtie sur un roc avec un vieux château. Long. 11. 30. lat. 39. 10.","[[""39 10' N 11 30' E""]]",,39 10' N 11 30' E,39 10' N 11 30' E
v16-2603-2,Valença do Minho,"Valença do Minho, (Géog. mod.)​ ville de Portugal, dans la province d’entre Duero-e-Minho, sur les frontieres de la Galice, au bord du Minho, vis-à-vis de Tuy. Long. 8. 56. lat. 41. 54. (D. J.)​","[[""41 54' N 8 56' E""]]",,41 54' N 8 56' E,41 54' N 8 56' O
v16-2604-1,Valence,"Valence, (Géog. mod.)​ ville d’Espagne, capitale de la province de même nom, à 65 lieues au sud-ouest de Barcelone, à 45 de Murcie, & à 67 de Madrid.


Cette ville est située à 3 milles de la mer, au bord du Guadalaviar, dans une campagne admirable, où la nature semble avoir répandu tous ses dons à pleines mains, pour servir aux besoins & aux délices de la vie. Indépendamment de la beauté du lieu, des agrémens de sa situation, de la douceur de l’air, de la fertilité du terroir, la mer y forme dans le voisinage un lac de trois lieues d’étendue & d’une lieue de largeur ; c’est ce lac que les Romains nommoient amænum stagnum, & qui produit divers poissons des plus délicats.


La ville est grande, & contient environ douze mille feux dans son enceinte ; les habitans y sont égayés par la température de l’air, & les femmes y passent pour être les plus belles du royaume. Entre les édifices publics se distingue par sa beauté l’église cathédrale, dont le trésor est très-riche ; le grand-autel de cette église est tout couvert d’argent, & éclairé de quatorze candélabres de même métal, suspendus au-devant. On vante aussi en fait de bâtimens profanes les palais du vice-roi, de la ciuta & de la députation, l’arsenal, la bourse & l’hôtel-de-ville.


On compte à Valence douze portes, dix mille puits ou fontaines d’eau vive, & cinq ponts sur le Guadalaviar ; ils ont quinze pas de largeur, & environ trois cens de longueur. L’incommodité de cette ville est de n’être point pavée, ce qui la rend fort sale en hiver, & remplie de poussiere en été.


Elle est le siege d’une université & d’un archevêché, qui y fut fondé en 1492 par le pape Innocent VIII. L’archevêque jouit de trente à quarante mille ducats de rente, & revêt l’habit de cardinal dans les cérémonies de l’église. Les canonicats de la cathédrale valent chacun trois mille écus de revenu.


Cette ville est habitée par une grande partie de la noblesse du royaume, ainsi que par un grand nom-​bre de négocians, qui profitent de la quantité de mûriers du territoire pour y fabriquer toutes sortes de soiries, & en faire fleurir le commerce. Il y a dans Valence un gouverneur qui se nomme corregidor. La noblesse fait un corps à part, & a une chambre particuliere qu’on nomme la casa de la députation. Long. suivant Cassini, 16. 46. 15. lat. 39. 30.


Je ne dois pas oublier de dire, à la gloire de Valence, qu’on y trouve divers monumens d’antiquité, parce que c’est en effet une ancienne ville. Elle fut donnée l’an de Rome 616, près de deux cens quarante ans avant Jesus-Christ, à de vieux soldats qui avoient servi sous le fameux Viriatus, de-là vient que les habitans prenoient le nom de veteres, ou de veterani, comme il paroît par l’inscription suivante qu’on a trouvée : C. Valenti hostiliano. Meslio. Quinctio. nobilissimo. Cœs. principi juventutis Valentini. vetera. &. veteres. Pompée détruisit cette ville dans le tems de la guerre de Sertorius ; mais elle fut rétablie dans la suite. Les Maures qui s’en étoient saisis, la perdirent dans le xj. siecle, par la valeur de Rodrigue dias de Bivar, surnommé le cid. Ils la reprirent après sa mort, arrivée l’an 1096, & s’y maintinrent jusqu’en 1238, que Jacques I. roi d’Aragon, la leur enleva pour toujours.


C’est dans cette ville que naquit le pape Alexandre VI. mort à Rome en 1503, à l’âge de 72 ans, laissant en Europe, dit M. de Voltaire, une mémoire plus odieuse que celle des Nérons & des Caligula, parce que la sainteté de son ministere le rendoit plus coupable. Cependant c’est à lui que Rome dut sa grandeur temporelle, & ce fut lui qui mit ses successeurs en état de tenir quelquefois la balance de l’Italie.


Furius, (Fridéric) surnommé Seriolanus, à cause qu’il étoit né à Valence, dont les habitans étoient appellés vulgairement Sériols, mourut à Valladolid l’an 1592. Son traité du conseiller, del conceio y consciero, a été fort estimé, il y en a une traduction latine imprimée à Bâle, in-8°. en 1563, & ensuite à Strasbourg, in-12. On lui fit des affaires pour avoir mis au jour en latin un fort bon traité intitulé Bononia, dans lequel il soutenoit qu’il falloit traduire l’Ecriture-sainte en langue vulgaire. Il ne fallut pas moins que la protection de Charles-quint pour préserver l’auteur de l’orage qu’on éleva contre lui, mais la lecture de son livre a été défendue par l’index du concile de Trente.


Miniana, (Joseph-Emmanuel) naquit à Valence en 1572, entra dans l’ordre des religieux de la rédemption des captifs, & mourut en 1630. Il est auteur de la continuation de l’histoire d’Espagne de Mariana, & il y travailla douze ans. Quoiqu’il promette dans sa préface la plus grande impartialité, personne n’a espéré de la trouver dans une histoire écrite par un religieux espagnol, qui doit raconter tant de choses concernant des troubles de religion arrivés sous Charles-quint & sous Philippe II. aussi n’a-t-il puisé tout ce qu’il dit sur cette matiere, que dans des auteurs remplis des mêmes préjugés que lui ; & pour ce qui regarde les troubles des Pays-bas, il n’a fait qu’abreger le jésuite Strada. En parlant de la mort tragique du prince d’Orange Guillaume I. il loue extrèmement, liv. VIII. ch. xiij. p. 341. col. 1. la constance avec laquelle l’assassin Balthazar Gérard souffrit la mort ; & loin d’insinuer que ce parricide la méritoit, il remarque que la tête de Gérard exposée au bout d’une pique, parut beaucoup plus belle qu’elle n’étoit quand il vivoit. Il traite en même tems de monstres & d’hommes détestables, des gens illustres qui n’ont eu d’autres défauts que de ne pas penser comme l’Eglise romaine. Le pere Miniana auroit dû se souvenir de la disposition où il dit lui-même que doit être un bon historien : « de se regarder comme ci-​toyen du monde, de tout peser à la balance de Thémis avec la derniere exactitude, & sur-tout avec un amour dominant de la vérité ». Au reste, son style n’est point aussi net & aussi dégagé que celui de son modele. Il s’est proposé mal-à-propos d’imiter Plaute, & quelquefois ses phrases par leur concision sont obscures & embarrassées.


Vives (Jean-Louis) naquit à Valence en 1492, & mourut à Bruges en 1540, à 48 ans. Il a beaucoup écrit, & avec peu d’utilité pour le public ; cependant ses ouvrages recueillis & imprimés à Bâle en 1555 en deux vol. in-fol. ont été recherchés dans le xvj. siecle.


N’oublions pas Ferrier (Vincent) dominicain, qui fleurissoit vers le milieu du xjv. siecle. Bénoît XIII. le choisit pour son confesseur ; & comme il avoit un talent peu commun pour la prédication, il se rendit bien-tôt fameux. Il fit aussi des miracles en nombre, & fut canonisé. Ce saint thaumaturge, dit le pere d’Orléans, n’avoit pourtant rien de farouche & d’embarrassé lorsque son ministere le mettoit dans le commerce du monde & à la cour des princes. On tâcha de l’attirer dans l’assemblée du concile de Constance, par deux raisons, l’une pour qu’il aidât par son crédit à terminer les affaires épineuses qui occupoient les peres, & l’autre pour l’empêcher d’autoriser les Flagellans, dont la secte avoit fait de grands progrès malgré les édits des empereurs & les bulles des papes.


Vincent Ferrier les favorisoit extrèmement par ses manieres & par ses actions qui ressentoient beaucoup le fanatisme : il marchoit souvent à la tête d’une foule prodigieuse de pénitens, qui se fouettoient jusqu’au sang, & qui couroient par-tout après lui pour l’entendre prêcher. On peut juger que le saint voyoit sans chagrin les fruits de sa prédication, & que si les Flagellans aimoient à l’entendre, il n’étoit pas fâché d’en être suivi. Le concile de Constance eut beau s’y prendre avec dextérité pour ramener le dominicain ; il ne voulut point se rendre à l’assemblée, malgré les sollicitations empressées du roi d’Aragon même. Il mourut à Vannes en Bretagne le 5 d’Avril 1419, jour auquel on célebre sa fête dans l’Eglise romaine depuis sa canonisation. On a de lui quelques ouvrages dont on ne fait aucun cas, ou plutôt qu’on méprise beaucoup aujourd’hui. (Le chevalier de Jaucourt.)​","[['39 30\' N 16 46\' 15"" E']]",,"39 30' N 16 46' 15"" E","39 30' N 16 46' 15"" E"
v16-2618-0,"VALERY, Saint","VALERY, Saint, (Géog. mod.)​ ville de France en Picardie, dans le Vimeux, à l’embouchure de la Somme, à 4 lieues d’Abbeville. Elle est divisée en haute & basse ; il y a une abbaye de bénédictins & un port. Les habitans sont presque tous commerçans. Long. 19. 30. lat. 50. 9. (D. J.)​","[[""50 9' N 19 30' E""]]",,50 9' N 19 30' E,50 9' N 19 30' E
v16-2618-1,"Valery en Caux, Saint","Valery en Caux, Saint, (Géog. mod.)​ petite ville de France, en Normandie, au pays de Caux, à 7 lieues de Dieppe, & à 15 de Rouen, avec un petit port. Long. 19. 20. lat. 49. 48.","[[""49 48' N 19 20' E""]]",,49 48' N 19 20' E,49 48' N 19 20' E
v16-2805-0,UBERLINGEN,"UBERLINGEN, (Géog. mod.)​ ville d’Allemagne, dans la Suabe, sur une partie du lac de Constance, à cinq lieues au nord-ouest de Lindaw. Elle est libre & impériale. Il s’y fait un bon commerce de blé. Long. 28. 50. lat. 47. 35.","[[""47 35' N 28 50' E""]]",,47 35' N 28 50' E,47 35' N 28 50' E
v16-282-0,"TERGOWITZ, Targovisco, Tergowisk, ou Tarvis","TERGOWITZ, Targovisco, Tergowisk, ou Tarvis, (Géog. mod.)​ ville de la Turquie européenne, dans la Valachie, sur le Jalonicz, & capitale de la province de Valachie. Ceux qui pensent que c’est le Tiriscum de Ptolomée, sont moins fondés que Lazius, qui croit que Tiriscum s’appelle aujourd’hui Turo. Long. 43. 7. latit. 45. 36. (D. J.)​","[[""45 36' N 43 7' E""]]",,45 36' N 43 7' E,45 36' N 43 7' E
v16-2836-0,"VEGEL, VEGER, & BEGÈ ou BEGER","VEGEL, VEGER, & BEGÈ ou BEGER, (Géog. mod.)​ dans quelques cartes ; petite ville d’Espagne, dans l’Andalousie, à l’entrée du détroit de Gibraltar, sur une colline, près du rivage de l’Océan, à 7 lieues au midi de Cadix, dans un terroir sec & aride. Long. 11. 30. latit. 36. (D. J.)​","[[""36 N 11 30' E""]]",,36 N 11 30' E,36 N 11 30' E
v16-2879-1,Velez-malaga,"Velez-malaga, (Géogr. mod.)​ ville d’Espagne, au royaume de Grenade, dans une grande pleine, à deux milles de la mer, & à quatorze milles de Malaga. Long. 13. 52. latit. 36. 27. (D. J.)​","[[""36 27' N 13 52' E""]]",,36 27' N 13 52' E,36 27' N 13 52' E
v16-2902-0,"VELLETRI, VELETRI, ou VELITRI","VELLETRI, VELETRI, ou VELITRI, (Géog. mod.)​ en latin Velitræ, ancienne ville d’Italie, dans la campagne de Rome, près de la mer, sur une hauteur, à 6 milles d’Albano, à 8 de Marano, à 14 de Segni, & à 20 de Rome.


Cette ville, autrefois la capitale des Volsques, est aujourd’hui la demeure des doyens du sacré college. Elle a infiniment souffert dans les révolutions de l’empire, & dans les guerres civiles qui ont mis tant de fois l’Italie en feu ; ses rues sont encore belles, & ses maisons ont quelque apparence, mais elles sont presque sans habitans, excepté des religieux & des religieuses. Le palais Ginetti, élevé par l’architecte Lunghi, passe pour un ouvrage de magnificence & de goût ; c’est la seule chose curieuse à voir dans cette ville. Le prince Lobkowitz fit sur Vélétri en 1744, la même entreprise que le prince Eugene avoit faite sur Crémone en 1702, & elle eut le même succès. Long. 30. 36. lat. 41. 40. (D. J.)​​","[[""41 40' N 30 36' E""]]",,41 40' N 30 36' E,41 40' N 30 36' E
v16-2931-0,VENANT saint,"VENANT saint, (Géog. mod.)​ petite ville de France, dans l’Artois, sur la Lys, à 2 lieues au levant d’Aire, & à 12 au sud-est de Dunkerque. Elle a des écluses, & quelques fortifications pour sa défense. Long. 20. 15. latit. 50. 37. (D. J.)​","[[""50 37' N 20 15' E""]]",,50 37' N 20 15' E,50 37' N 20 15' E
v16-30-0,TEDELEZ,"TEDELEZ, (Géog. mod.)​ ville d’Afrique, au royaume de Tremeçen, sur la côte de la Méditerranée, à dix lieues d’Alger. La côte des environs est extrèmement poissonneuse. Long. 21. 48. latit. 34. 5.","[[""34 5' N 21 48' E""]]",,34 5' N 21 48' E,34 5' N 21 48' E
v16-303-0,TERMINI,"TERMINI, (Géog. mod.)​ ville de Sicile, dans le val de Mazara, sur la côte septentrionale, à l’embouchure d’une petite riviere de même nom, il Fiume di Termini. Elle est munie pour sa défense d’une espece de citadelle, & de quelques fortifications. Long. 31. 25. latit. 38. 10.


La ville moderne de Termini est voisine de l’ancienne Himera, chantée par Pindare, & qui passoit pour avoir vu naître la comédie ; car ce fut dans son sein, qu’au rapport de Silius Italicus, ce spectacle amusant parut pour la premiere fois.


Diodore de Sicile rapporte que cette ville célebre par ses richesses & par sa puissance l’étoit encore par des bains fameux, où les étrangers venoient de toutes parts. Annibal la détruisit de fond en comble. On la rebâtit ensuite à la distance d’environ quatre mille pas. Scipion l’africain y mena une colonie romaine, & il y fit rapporter les tableaux & les statues que les Carthaginois avoient enlevés de la premiere. Voilà​ l’Himera qui subsiste aujourd’hui sous le nom de Termini, mais qui est maintenant misérable.


Volaterra assure qu’on y voyoit plusieurs monumens antiques, un théatre à demi ruiné, les restes d’un aqueduc qui étoit d’une excellente maçonnerie, & quantité d’inscriptions qu’on peut lire dans cet auteur. (D. J.)​","[[""38 10' N 31 25' E""]]",,38 10' N 31 25' E,38 10' N 31 25' E
v16-318-0,TERNOVA ou TERNOVO,"TERNOVA ou TERNOVO, (Géog. mod.)​ petite ville de la Turquie européenne, dans la Bulgarie, sur la riviere de Jantra, au nord occidental du mont Balkan. On croit que c’est le Ternobum, ville des Bulgares dont parle Ortelius. Long. 43. 25. latit. 43. 4. (D. J.)​","[[""43 4' N 43 25' E""]]",,43 4' N 43 25' E,43 4' N 43 25' E
v16-327-0,TERRACINE,"TERRACINE, (Géog. mod.)​ petite ville d’Italie, dans l’état de l’Eglise, aux confins de la campagne de Rome & de la terre de Labour. Elle est située à quelques milles de la mer, & à soixante de Rome, sur la pente d’une montagne, & au milieu d’un pays le plus fertile de toute l’Italie ; cependant Terracine est pauvre & dépeuplée, comme tout le pays voisin. Sa seule décoration est un évêché qui ne releve que du pape. Long. 30. 48. latit. 41. 19.


J’ai dit que sa seule décoration étoit son évêché ; mais il faut joindre à la gloire de Terracine son antiquité. Les Grecs la nommerent Trachina, du mot grec qui signifie âpre, rude, à cause des rochers sur lesquels elle est située, & qui la rendent de difficile accès. Ce nom de Trachina s’est transformé par corruption en celui de Terracina.


Les Volsques à qui cette ville appartenoit, la nommerent Anxur, ou plutôt Axur, nom de Jupiter dans la langue de ces peuples, & cette ville étoit sous la protection de ce dieu. On a une médaille de Jupiter Axurus, où il est représenté avec une grande barbe.


Il avoit dans cette ville un magnifique temple, dont les débris ont servi à la construction de l’église cathédrale de Terracine. Tous les environs de la ville étoient embellis de maisons de plaisance du tems des Romains. Les choses ont bien changé de face ; car toute la campagne des environs est aujourd’hui misérable ; cependant le lecteur peut s’amuser à lire l’histoire latine de Terracine ancienne & moderne donnée par (Dominico Antonio) Contatore, & imprimée à Rome en 1706 in-4°. (D. J.)​​","[[""41 19' N 30 48' E""]]",,41 19' N 30 48' E,41 19' N 30 48' E
v16-42-0,"TÉFLIS, ou TAFLIS, ou TIFLIS","TÉFLIS, ou TAFLIS, ou TIFLIS, (Géog. mod.)​ en latin Acropolis Iberica, ville d’Asie, dans le Gurgistan, que nous appellons la Géorgie, & sa capitale. Elle est située au pié d’une montagne sur la rive droite du Kur, le Cyre, ou un bras du Cyre des anciens, qui a sa source dans les montagnes de Géorgie, & se joint à l’Araxe, d’où ils se rendent conjointement dans la mer.


Téflis est une des belles villes de Perse, & la résidence du prince de Géorgie ; elle s’étend en longueur du midi au nord, & est peuplée de persans, de géorgiens, de grecs, d’arméniens, de juifs, de catholiques. Elle est défendue par une bonne forteresse que les Turcs y bâtirent l’an 1576, après qu’ils se furent rendus maîtres de la ville & de tout le pays d’alentour, sous la conduite du fameux Mustafa Pacha, leur généralissime.


Il s’y fait un grand commerce de soies, de fourrures, & de la racine appellée boia. Il y a dans Téflis des bains d’eaux chaudes, de grands bazars bâtis de pierres, & des caravanserais.


Les capucins y ont une mission avec une maison depuis plus d’un siecle. La congrégation ne leur accorde que dix-huit écus romains pour chaque missionnaire, mais ils exercent la médecine ; & quant au spirituel, ils ont la permission de dire la messe sans personne pour la servir, de la dire en toutes sortes d’habits, d’absoudre de tous péchés, de se déguiser, d’entretenir chevaux & valets, d’avoir des esclaves ; d’acheter & de vendre ; de donner & de prendre à intérêt. Malgré de si beaux privileges, ces missionnaires ne font guere de prosélytes, car le peuple de Géorgie est si ignorant, qu’ils ne croyent pas même que les capucins soient chrétiens, parce qu’ils ont appris qu’en Europe, ils ne jeûnent pas comme à Téflis. Aussi les capucins n’ont que deux pauvres maisons dans toute la Géorgie.


On compte une quinzaine de mille ames dans Téflis, dont il y en a environ deux cens de catholiques romains. Le patriarche des Géorgiens y demeure ; c’est une ville assez moderne. Long. 63. 45. lat. 43. 5. (D. J.)​","[[""43 5' N 63 45' E""]]",,43 5' N 63 45' E,43 5' N 63 45' E
v16-456-0,TEVERTON,"TEVERTON, (Géogr. mod.)​ ville à marché d’Angleterre, dans le Dévonshire, sur la riviere d’Ex, & à douze milles d’Exester. Elle députe au parlement. Long. 14. 20. latit. 50. 48. (D. J.)​","[[""50 48' N 14 20' E""]]",,50 48' N 14 20' E,50 48' N 14 20' O
v16-482-0,TEZELA,"TEZELA, (Géog. mod.)​ ville ruinée d’Afrique, au royaume de Tremecen, dans une grande plaine, à six lieues d’Oran. Les interprètes de Ptolomée croient que Tezela est l’Arina de ce géographe, liv. IV. c. ij. ville de la Mauritanie césariense, qu’il met à 13. 20. de long., & à 30. 50. de lat. (D. J.)​","[[""30 50' N 13 20' E""]]",,30 50' N 13 20' E,30 50' N 13 20' E
v16-495-0,"THAIEF, ou Thaif","THAIEF, (Géog. mod.) ou Thaif ; ville du pays d'Hagiaz, en Arabie. Son terroir, fertilisé par des eaux vives, produit toutes sortes de fruits. Long. suivant Nassir-Eddin, 77. 30. lat. septent. 21. 20. (D. J.)","[[""21 20' N 77 30' E""]]",,21 20' N 77 30' E,21 20' N 77 30' E
v16-50-0,TEGORARIN,"TEGORARIN, (Géog. mod.)​ pays d’Afrique, dans la Barbarie, au Bilédulgérid ; il contient plusieurs villages, & les caravanes s’assemblent dans les uns ou dans les autres, pour traverser les deserts de la Lybie ; le bourg ou village principal prend le nom du pays. Long. 21. 18. latit. 30. (D. J.)​","[[""30 N 21 18' E""]]",,30 N 21 18' E,30 N 21 18' E
v16-622-0,THÉRA,"THÉRA, (Géog. anc.)​ 1°. île de la mer de Crete ; elle est du nombre de celles de l’Archipel, que les anciens appelloient Sporades, parce qu’elles étoient semées çà & là dans la mer. Ptolomée s’est trompé dans la position de cette île, en la mettant proche des côtes de l’Attique, au-dessous de l’île d’Eubée ; peut-être s’est-il trompé conséquemment en attribuant à cette île les deux villes d’Oëa & d’Eleusine, parce qu’il n’en est parlé dans aucun autre auteur ; & parce que si ce géographe eût connu cette île, il eût certainement fait mention de la ville de Théra que Théras y avoit bâtie, & qui en étoit la capitale.


L’île de Théra est située environ au 56 degré de longitude, & au 37 & demi de latitude septentrionale. Elle a au midi l’île de Crete, dont elle est éloignée d’environ 90 milles ; & autour d’elle, à diverses distances, sont les îles de Thérasie, d’Anaphé, d’Amorgos, d’Ios, &c.


Strabon lui donne deux cens stades de circuit, c’est-à-dire vingt-cinq mille pas géométriques : les voyageurs modernes lui en donnent trente-six mille, qui valent douze grandes lieues de France. J’aime mieux accuser Strabon de n’avoir pas connu exactement son étendue, que de croire qu’elle ait reçu aucun accroissement depuis le siecle de Strabon ; parce qu’aucun auteur ne l’a dit, & que, dans les fréquens tremblemens de terre qu’elle a essuyés depuis ce tems-là, elle a plus perdu, sans comparaison, qu’elle n’a acquis.


Les habitans de cette île sont encore aujourd’hui dans l’opinion qu’elle s’est élevée du fond de la mer, par la violence d’un volcan qui depuis a produit cinq ou six autres îles dans son golfe. On peut appuyer cette opinion du témoignage des poëtes, suivant lesquels l’île de Théra étoit née d’une motte de terre, qu’Euphème avoit laissé tomber par mégarde dans le lieu où cette île est située. Pline le naturaliste, l. II. c. lxxxvij. l. IV. c. xij. dit formellement que l’île de Théra n’a pas toujours été, & que lorsqu’elle parut hors de la mer, elle fut appellée Callisté.


Enfin une derniere preuve qui paroît assez forte, c’est que le volcan qui l’a produite n’est pas même encore éteint. Dans la quatrieme année de la cxxxv. olympiade, selon Pline, environ 233 ans avant Jesus-Christ, ce volcan poussa hors de la mer l’île de Thérasie, qui n’est éloigné de l’île de Théra que d’environ une demi-lieue. Quelque tems après, le même volcan produisit une île nouvelle de 1500 pas de circuit, entre les deux îles de Théra & de Thérasie. On vit pendant quatre jours, dit Strabon, l. I. la mer couverte de flammes qui l’agiterent extrèmement, & du milieu de ces flammes sortirent quantité de rochers ardens, qui, comme autant de parties d’un corps organisé, vinrent s’arranger les uns auprès des autres, & prirent enfin la forme d’une île.


Cette île fut appellée Hiera & Automaté. Les Rhodiens, qui étoient alors fort puissans sur mer, coururent au bruit qu’elle fit en naissant, & furent assez hardis pour y débarquer & pour y bâtir un temple qu’ils consacrerent à Neptune, surnommé Asphalien.


Cette île s’est accrue à deux reprises différentes ; la premiere fois, sous l’empire de Léon l’Iconoclaste, l’an 726 de l’ere chrétienne ; & la seconde fois l’an 1427, le 25 de Novembre, comme on l’apprend d’une inscription en vers latins que l’on a trouvée à Scaro sur un marbre. On l’appelle aujourd’hui μακρὴ καμμένη, grande brûlée, pour la distinguer d’une autre​ qui parut en 1593, que l’on nomme μικρὴ καμμένη, ou petite brûlée. Pline, Séneque & Dion Cassius nous parlent d’une autre île fort petite, qui avoit paru l’an de Rome 799 ou 800 au mois de Juillet. Pline lui donne le nom de Thia. Je ne sais ce qu’elle est devenue ; peut-être s’est-elle jointe à l’île d’Hiéra, dans l’un de ses deux accroissemens, car elle n’en étoit qu’à trois cens pas.


Enfin l’an 1707, le volcan se ralluma avec plus de furie que jamais, dans le même golfe de l’île de Théra, entre la grande & la petite Camméni, & donna le spectacle d’une île nouvelle de cinq ou six milles de circuit.


Je ne parlerai point du fracas épouvantable qui précéda & qui suivit sa naissance, on peut s’en instruire dans les relations que l’on en a données au public : ce que l’on y apprendra sur la production de la derniere île, est tout-à-fait conforme à ce que les anciens ont dit sur la production de celles qui l’ont précédée.


L’île du Théra fut appellée d’abord Callisté, Καλλίστη, c’est-à-dire très-belle. L’état affreux où elle est aujourd’hui, ne répond nullement à ce premier nom ; de fertile & peuplée qu’elle étoit, elle est devenue stérile & peu habitable. Les tremblemens de terre & les volcans l’ont bouleversée plusieurs fois ; & son port, autrefois excellent, a été ruiné par les îles qui en sont sorties, de maniere que l’on n’y trouve plus de fond pour l’ancrage des vaisseaux. Théras fit perdre le nom de Callisté, & lui donna le sien : elle se nomme aujourd’hui Sant-Erini ou Santorini,  τὸ νησὶ τῆς ἁγίας Εἰρήνης, comme l’appellent les Grecs modernes, c’est-à-dire l’île de Ste Irene, qui en est la patrone. Les François disent Santorin ; mais voyez Sant-Erini.


Les Phéniciens en ont été les premiers habitans. Cadmus apperçut cette île en passant dans la Grece. Il s’y arrêta, & y bâtit deux autels, l’un à Neptune, l’autre à Minerve. Il en trouva le séjour si agréable, qu’il y laissa une partie des Phéniciens de sa suite sous les ordres de Membliarès, fils de Pélicée, pour la tenir en son nom. Membliarès, selon Hérodote, étoit parent de Cadmus ; selon Pausanias, il n’étoit qu’un simple particulier. Théras qui descendoit en ligne directe, crut avoir des prétentions légitimes sur la souveraineté de cette île, quoique les descendans de Membliarès la possédassent depuis plus de 300 ans. Il s’y en alla avec trois galeres chargées de Lacédémoniens & de ceux des Minyens, qui s’étoient associés à son entreprise. Si nous en croyons Pausanias, les descendans de Membliarès se soumirent à leur nouveau maître, sans lui faire de résistance, sans lui alléguer, du-moins contre son droit prétendu, la longue possession où ils étoient de l’île Callisté. Disons plutôt, qu’ils se soumirent, parce qu’ils furent ou qu’ils se crurent les plus foibles ; & c’est ce qu’Hérodote nous fait entendre, lorsqu’il dit que Théras ne voulut point chasser les anciens habitans de l’île, & qu’il les associa à la colonie qu’il y avoit menée. Ainsi les Phéniciens, les Lacédémoniens & les Minyens vont être confondus, & ne feront qu’un seul peuple ; & de ce peuple doivent sortir à la treizieme génération le fondateur & les premiers habitans de Cyrene.


Personne n’ignore que les chefs des colonies avoient accoutumé de se vouer à quelque dieu, sous la protection duquel ils alloient chercher de nouvelles habitations. Apollon fut le dieu à qui Théras se voua. Il lui consacra en arrivant toute l’île Callisté, & y établit en son honneur cette fête célebre des Lacédémoniens, appellée κάρνεια, les Carnéennes, & qui passa ensuite de l’île de Théra à Cyrene.


La seconde chose que fit Théras en arrivant fut de bâtir une ville de son nom, pour y loger son peuple.​Il y a lieu de croire qu’il la bâtit sur une montagne, appellée aujourd’hui la montagne de S. Etienne. On y voit encore les ruines d’une ville qui paroît avoir été considérable. Les pierres qui sont restées de la démolition de ses murailles sont d’une grandeur extraordinaire. On y a trouvé des colonnes de marbre blanc toutes entieres, des statues, & sur-tout quantité de sépulchres : monumens qui prouvent que cette ville a été la capitale de l’île. Et qui peut douter que cette ville capitale n’ait été la ville même de Théra, appellée dans plusieurs auteurs la ville métropole de Cyrene ?


Quant à la forme du gouvernement que Théras établit dans son petit royaume, il est à présumer qu’il l’établit sur le modele de celui de Lacédémone, dont il s’étoit bien trouvé pendant le tems de sa régence ; du-moins n’en trouve-t-on rien de particulier dans les auteurs, si ce n’est une coutume ou une loi touchant le deuil qu’Eustathe nous a conservée dans son commentaire sur Denys le géographe. Les Théréens, dit-il, ne pleuroient ni les enfans qui mouroient avant sept ans, ni les hommes qui mouroient au-delà de cinquante ans. Ceux-ci, parce qu’apparemment ils étoient censés avoir assez vécu, & ceux-là, parce qu’on ne pensoit pas qu’ils eussent encore vécu.


Les Théréens crurent ne pouvoir trop reconnoître les biens que Théras leur avoit fait pendant sa vie ; ils lui rendirent après sa mort des honneurs divins, récompense ordinaire qu’on rendoit autrefois aux fondateurs des villes & des états. Il laissa en mourant un fils appellé Samus, lequel eut deux fils, Télémaque & Clytius. Ce dernier succéda à son pere, & Télémaque passa dans la Sicile avec une colonie. La suite des descendans de Clytius est perdue jusqu’à Æsanius, pere de Grinus, le dernier des rois de Théra que nous connoissions, & sous qui Battus passa dans la Lybie.


Quoique l’île de Théra ait extrèmement changé de face par les tremblemens de terre, on voyoit encore dans le dernier siecle sur une des collines du mont Saint-Etienne, les ruines d’un temple à colonnes de marbre. Peut-être que c’étoit celui de Neptune que les Rhodiens y bâtirent, & peut être aussi un temple de Minerve ou d’Apollon ; car l’île de Théra étoit consacrée à ce dernier dieu, & c’est pour cela que Pindare l’appelle une île sacrée.


M. Spon a recueilli dans ses antiquités curieuses toutes les inscriptions qu’il a trouvées parmi les ruines de la plus jolie ville de l’île de Théra, & qui étoit illustre encore sous la belle Rome, puisqu’on lui permit de consacrer des monumens à ses empereurs. Voici en françois les inscriptions dont nous parlons ; car il seroit pénible de les transcrire en grec.


I. Inscription. « Cœranus fils d’Agnosthène, & Agnosthène son fils, au nom du peuple, marquent leur attachement pour Tibere, Claude, César, Auguste, Germanique.


II. Par les soins d’Asclépiade & de Quietus, magistrats pour le seconde fois avec Alexandre fils d’Euphrosyne, le sénat & le peuple de l’île de Théra ont fait ériger la statue de l’empereur César, Marc-Aurele, Antonin, Auguste, consacrée par Poliuchus, grand prêtre pour la seconde fois.


III. Le sénat & le peuple de Théra assurent l’empereur César, L. Septime Severe, Pertinax, Auguste, de leur entier dévouement.


IV. Sous les magistrats M. Aurele Isoclée fils d’Asclépiades, Aurele Cleotelès fils de Tyrannus, & Aurele Philoxène fils d’Abascantus, par ordre du sénat & du peuple de Théra, Aurele Isoclée, premier magistrat pour la seconde fois, a fait la dépense, & pris le soin de faire ériger la statue du très-grand empereur César, Marc Aurele Se-​vere, Antonin Pie, Auguste, Arabique, Adiabénique, Parthique, Germanique.


V. Aurelius Tychasius pour son pere, & Elpizousa pour son cher mari Tychasius, consacrent les témoignages de leur tendresse.


VI. Carpus a consacré par ce monument son amour pour sa chere femme Sœide, qui n’avoit point eu d’autre mari. »


Quelques-uns font naître Aristippe dans l’île de Théra, & Horace l’appelle græcus Aristippus ; mais tous les historiens donnent à ce philosophe pour patrie la ville de Cyrène en Lybie, aujourd’hui Caïroam, dans le royaume de Barca, cependant on peut défendre l’épithete d’Horace comme poëte, & dire qu’Aristippe étoit grec d’origine, parce que l’île de Théra avoit été peuplée par une colonie greque, & que la ville de Cyrène fut ensuite bâtie par une colonie de Théra. (Le chevalier de Jaucourt.)​","[[""37 30' N 56 E""]]",,37 30' N 56 E,37 30' N 56 E
v16-730-0,THORN,"THORN, (Géog. mod.)​ ou Toorn, en latin moderne Taurunium, ville de Pologne, dans le palatinat de Culm, à la droite de la Vistule qu’on y passe sur un pont remarquable par sa longueur, qu’on dit être de 1770 aulnes à trente-cinq lieues de Dantzik.


Thorn est une ville du xiij. siecle, & qui fut d’abord libre. Les chevaliers de l’ordre teutonique s’en emparerent, & en furent ensuite délogés par les rois de Pologne. Charles Gustave la prit l’an 1655, & la rendit par la paix d’Oliva en 1660. Elle fut reprise en 1703 par Charles XII. qui fit démolir ses fortifications. C’étoit une ville anséatique au xv. siecle ; mais elle a perdu depuis son commerce par l’élargissement de la Vistule qui empêche les grands vaisseaux d’y pouvoir aborder. Quoique le luthéranisme y domine, les Catholiques ont la liberté d’y célébrer les cérémonies de leur religion, en vertu de la protection de la Pologne. Long. 36. 35. latit. 53.


C’est à Thorn que naquit en 1473 Copernic (Nicolas) si célebre en astronomie. Il avoit trouvé le vrai système du monde & des phénomènes célestes, avant que Ticho-Brahé eût inventé le sien qui n’étoit qu’ingénieux. Il mourut comblé de gloire par cette découverte en 1543, à 70 ans. (D. J.)​","[[""53 N 36 35' E""]]",,53 N 36 35' E,53 N 36 35' E
v16-766-0,THUIN,"THUIN, (Géog. mod.)​ en latin du moyen âge, Thudinium ; petite ville dans l’évêché de Liege, sur la droite de la Sambre, entre Maubeuge & Charleroi, environ à trois lieues de chacune de ces villes. Thuin est bâtie sur une hauteur, & doit son origine aux anciens abbés de Lobes, dans le x. siecle. Long. 21. 52. lat. 50. 16. (D. J.)​","[[""50 16' N 21 52' E""]]",,50 16' N 21 52' E,50 16' N 21 52' E
v16-82-0,TÉLAMONE,"TÉLAMONE, (Géogr. mod.)​ petite ville d’Italie, sur la côte de Toscane, dans l’état de gli Presidii, à l’embouchure du torrent d’Osa, avec un petit port & une forteresse, à 15 milles au nord d’Orbitello. Long. 28. 49. latit. 42. 35. (D. J.)​","[[""42 35' N 28 49' E""]]",,42 35' N 28 49' E,42 35' N 28 49' E
v17-1115-0,UZEDA ou UCEDA,"UZEDA ou UCEDA, Géog. mod.)​ ville d’Espagne dans la nouvelle Castille, à 7 ou 8 lieues au nord d’Alcala ; c’est le chef-lieu d’un duché. Long. 14. 30. latit. 40. 51. (D. J.)​","[[""40 51' N 14 30' E""]]",,40 51' N 14 30' E,40 51' N 14 30' E
v17-1119-0,UZERCHE,"UZERCHE, (Géog. mod.)​ en latin barbare Uzerca ; petite ville de France, dans le bas-Limousin, au diocèse & à 11 lieues sud-est de Limoges, & au midi de Brive sur la Vezère. Elle n’a qu’une rue bordée d’assez jolies maisons, & une abbaye d’hommes de l’ordre de saint-Benoît. Longit. 19. 20. latit. 46. 24.


Grenaille (François de) né à Uzerche l’an 1616, entra d’abord dans l’état monastique, & le quitta bientôt après. Il fit plusieurs petits livres francois qui ne valent pas grand’chose. Voici ce qu’on en dit dans le Sorbériana. p. 150.


« Il y avoit à Paris un certain Grenaille, sieur de Chateaunieres, limousin, jeune homme de 26 ans, qui décocha tout-à-coup une prodigieuse quantité de livres, dont il nomma les uns, l’honnête fille, l’honnête veuve, l’honnête garçon ; les autres la bibliotheques des dames. Dans les plaisirs des dames, ce que je trouvois de louable, étoit qu’apparamment un homme de cet âge avoit demeuré dans le cabinet, & s’étoit abstenu de plusieurs débauches pour composer des livres ; mais au-reste les bonnes choses y étoient fort rares, & ce qu’il y en avoit de bonnes avoient été déja dites si souvent, que ce n’étoit pas grande gloire de les répéter : le style étoit assez fade, & faisoit juger de l’auteur, qu’il n’écrivoit que pour écrire. Son livre des plaisirs des dames est divisé en cinq parties, du bouquet, du bal, du cours, du concert, de la colation. D’abord il traite la question, si c’est le bouquet qui orne le sein, ou si au-contraire, c’est lui qui emprunte de lui toute sa grace ; sur quoi il juge en faveur du dernier, estimant que des deux hémispheres de la gorge d’une dame, il sort une influence qui anime le bouquet, & le rend non-seulement plus beau, mais de plus de durée.


« C’est, continue Sorbiere, de ces belles pensées qu’il espere l’immortalité, ayant paré le frontispice de tous ces livres de sa taille-douce, avec l’inscription orgueilleuse : Hâc evadimus immortales ». M. Guéret ne lui pardonne pas dans sa guerre des auteurs. « On veut bien vous laisser, dit-il, votre​relation de la révolution du Portugal, à la charge d’en ôter votre portrait, dont l’inscription est trop fanfaronne pour un auteur comme vous. Si vous n’y aviez marqué que le lieu de votre naissance, & que vous vous fussiez contenté d’y joindre, que vous vous êtes fait moine à Bordeaux, & que vous jettâtes le froc à Agen, on l’auroit souffert : mais vous y ajoutez que vous vous êtes rendu immortel à Paris ; c’est un article qui n’a rien de la vérité des trois précédens, & sous le bon plaisir d’Apollon, il sera rayé. (Le chevalier de Jaucourt.)​ »","[[""46 24' N 19 20' E""]]",,46 24' N 19 20' E,46 24' N 19 20' E
v17-1120-0,"UZES, ou Usès","UZÈS, ou Usès, en latin, Ucecia, Ucetia, castrum Ucesence, petite ville de France, dans le bas-Languedoc, à 6 lieues au nord de Nîmes, à 9 au couchant d’Avignon, & à 150 de Paris. Elle a un évêché établi dès le v. siecle, & qui est suffragant de Narbonne.


Cet évêché vaut environ vingt-cinq mille livres de rente, & son diocèse ne comprend que 181 paroisses. La vicomté d’Uzès a été érigée en duché en 1565, & en pairie pour Jacques de Crussol, duc d’Uzès en 1572. L’aîné de cette maison, est en cette qualité le premier pair laïc du royaume, mais il n’est pas le premier duc, car le duché de Thouars fut érigé en 1563.


Uzès a eu depuis le xj. siecle des seigneurs particuliers, tantôt nommés decani, & tantôt vicomtes. Cette ville avoit de grands privileges, dont elle a été dépouillée à cause de son vieil attachement au calvinisme. On a trouvé dans cette ville & aux environs quelques inscriptions antiques, que M. Lancelot a recueillies dans les mémoires de l’académie des belles-lettres, l. VII. in-4°. Le territoire produit du blé, de l’huile, des soies & de bons vins ; le commerce y florissoit autrefois. Long. 22. 6. latit. 41. 4.


Je connois trois ou quatre hommes de lettres nés à Uzès. Charas (Moïse) qui se distinguoit dans la pharmacie, étoit natif de cette ville. Il eut le mal-​heur étant à Madrid, d’être déféré à l’inquisition, & contraint pour sortir des prisons, d’abjurer la religion qu’il croyoit la meilleure. De retour à Paris, il fut reçu de l’académie des sciences, & mourut en 1698, à 80 ans.


Croi (Jean de), en latin Croius, étoit d’Uzès, où il mourut en 1659, pasteur des calvinistes de cette ville. Son principal objet est intitulé, Observationes sacra & historia in novum Testamentum.


Le Mercier (Jean), en latin Mercurus, savant protestant, & l’un des plus habiles hommes de son tems dans la connoissance des langues greque, latine, hébraïque & chaldaïque. Il succéda à Vatable dans la chaire d’hébreu au college royal de Paris, & mourut à Uzès sa patrie en 1572, à 63 ans. Ses commentaires sur le vieux Testament sont estimés, sur-tout ceux qu’il a faits sur Job & sur les livres de Salomon. Son fils Josias le Mercier marcha sur ses traces en matiere d’érudition. Il mourut en 1526, & a eu pour gendre l’illustre Saumaire.


C’est encore à Uzès qu’est mort en 1724 (Jacques) Marsollier, chanoine régulier de sainte Génevieve, connu par plusieurs histoires bien écrites ; entr’autres par celle de l’inquisition ; par la vie du cardinal Ximenès, & par celle d’Henri VII. roi d’Angleterre ; ce dernier ouvrage passe pour le meilleur qu’il air fait. (Le chevalier de Jaucourt.)​","[[""41 4' N 22 6' E""]]",,41 4' N 22 6' E,41 4' N 22 6' E
v17-1143-0,WALCOURT,"WALCOURT, (Géog. mod.)​ ville des Pays-bas, dans le comté de Namur, aux confins du pays de Liege, sur la riviere d’Heure, à six lieues au sud-ouest de Charleroi, & dix au sud-est de Mons. Dès l’an 910 Walcourt avoit été entouré de murailles. Elle fut annexée au comté de Namur en 1438 par Philippe le-Bon, duc de Bourgogne, & réduite en cendres en 1615 par un incendie fortuit. Son chapitre a été fondé en 1022. Long. 22. 5. Lat. 50. 12. (D. J.)​","[[""50 12' N 22 5' E""]]",,50 12' N 22 5' E,50 12' N 22 5' E
v17-1174-1,Waradin le grand,"Waradin le grand, (Géog. mod.)​ ville de la haute Hongrie, capitale d’un comté de même nom, sur la riviere de Keuvres, ou Sebes-kerds, avec une citadelle & un évêché suffragant de Colocza. Les Turcs la prirent en 1692. Longitude 39. 6. latitude 46. 51. (D. J.)​","[[""46 51' N 39 6' E""]]",,46 51' N 39 6' E,46 51' N 39 6' E
v17-1192-0,WARRINGTON,"WARRINGTON, (Géog. mod.)​ petite ville à marché d’Angleterre, avec titre de comté, dans la province de Lancastre, sur le Mersey, à 50 milles de la ville de Lancastre, & à 182 de Londres. Longit. 14. 38. latit. 53. 22. (D. J.)​​","[[""53 22' N 14 38' E""]]",,53 22' N 14 38' E,53 22' N 14 38' E
v17-1201-0,VASSELENHEIM ou VASSELONNE,"VASSELENHEIM ou VASSELONNE, (Géogr. mod.)​ bourg ou petite ville de France, en Alsace, sur le bord de la riviere de Masseik. Elle est commandée par un château qui est sur la croupe de la montagne. Long. 25. 14. latit. 48. 34. (D. J.)​","[[""48 34' N 25 14' E""]]",,48 34' N 25 14' E,48 34' N 25 14' E
v17-1226-0,"WEERE, ou WERE","WEERE, (Géog. mod.)​ ou WERE, petite ville des Provinces-unies, dans l’île de Walcheren, avec un port, à une lieue au nord-ouest de Middelbourg, avec tire de marquisat. Long. 21. 17. latit. 51. 30. (D. J.)​","[[""51 30' N 21 17' E""]]",,51 30' N 21 17' E,51 30' N 21 17' E
v17-1233-0,WEIL,"WEIL, (Géog. mod.)​ petite ville d’Allemagne dans le duché de Wirtemberg, à 4 lieues au sud-ouest de Stutgard, sur la riviere de Wurm. Elle est libre & impériale, ses fortifications sont à l’antique. Long. 26. 40. latit. 48. 43.


Brentius ou Brentzen, (Jean) fameux ministre luthérien, & l’un des plus fideles disciples de Luther, naquit à Weil en 1499 ; il devint professeur de théologie à Tubingen, se maria & fut conseiller ordinaire du duc de Wirtemberg, qui le combla de biens. Sa femme étant morte vers l’an 1550, il en épousa une autre jeune & belle, dont il eut douze enfans. Il mourut en 1570, à 72 ans : ses ouvrages ont été imprimés en 8 volumes.


Il a renchéri sur les sentimens de Luther, dans la doctrine du baptême & de l’eucharistie. D’un côté, il enseigna que le baptême n’effaçoit point toutes sortes de péchés ; de l’autre, il soutint que J. C. depuis son ascension, est par-tout ; c’est ce qui a fait donner le nom d’Ubiquitaires ou d’Ubiquistes à ceux qui suivent cette opinion. Brentius étois en même tems d’un caractere modéré : de-là vient que Luther se comparoit au vent qui brisoit les montagnes ; mais il avoit coutume de comparer Brentius, à cause de sa douceur, à ce vent paisible dont il est parlé dans le I. ou III. livre des rois, c. xix. v. 12.","[[""48 43' N 26 40' E""]]",,48 43' N 26 40' E,48 43' N 26 40' E
v17-1234-1,Weilbourg,"Weilbourg, (Géog. mod.)​ ville d’Allemagne dans le cercle du haut-Rhin, capitale du comté de même nom, sur la rive gauche de la Lohn, à 8 lieues au nord-est de Nassau, & à 10 au nord de Mayence. Long. 26. 3. latit. 50. 24.","[[""50 24' N 26 3' E""]]",,50 24' N 26 3' E,50 24' N 26 3' E
v17-1243-2,"Weissembourg, ou Albe-Julie","Weissembourg, (Géog. mod.)​ ou Albe-Julie, petite ville de Transilvanie, capitale d’un comté, près de la riviere d’Ompay, qui se joint au-dessous à la Marisch. Elle a été la résidence des princes de Transilvanie, & est épiscopale. Son évêché fut érigé en 1696, par le pape Innocent XII. Long. 42. latit. 46. 30.","[[""46 30' N 42 E""]]",,46 30' N 42 E,46 30' N 42 E
v17-1287-0,WESOP,"WESOP, (Géog. mod.)​ petite ville des Pays-bas, dans la Hollande, au Goyland, à deux lieues d’Amsterdam, sur la riviere de Vecht. Long. 22. 40. lat. 51. 21.


Til (Salomon van) professeur de théologie à Leyde, naquit à Wesop en 1644 & mourut en 1713. Il embrassa la doctrine & les principes de Cocceïus, qu’il défendit dans un grand nombre d’ouvrages sur l’Ecriture, dont les uns sont en flamand & les autres en latin ; mais on ne les lit plus aujourd’hui. (D. J.)​","[[""51 21' N 22 40' E""]]",,51 21' N 22 40' E,51 21' N 22 40' E
v17-1296-0,WESTERAS,"WESTERAS, (Géog. mod.)​ autrement Arosen, ville de Suede, capitale de la Westmanie, sur le bord septentrional du lac Maler, à 6 lieues au nord-est de Koping, & à 20 lieues au nord-ouest de Stockholm, avec un château pour sa défense. C’est à Westéras que se fit en 1544 l’acte d’union héréditaire, qui assura la couronne aux descendans de Gustave-Vasa. Long. 34. 42. latit. 56. 39.


Rudbeck (Olaüs) étoit de Westéras. Il est fort connu des anatomistes par sa découverte des vaisseaux lymphatiques, & des littérateurs par son grand ouvrage intitulé Atlantica, dans lequel il prétend que les Allemands, les Anglois, les Danois, les François, & divers autres peuples, doivent leur premiere origine à la Suede ; il a semé beaucoup d’érudition pour soutenir sa chimere. (D. J.)​​","[[""56 39' N 34 42' E""]]",,56 39' N 34 42' E,56 39' N 34 42' E
v17-1299-0,"WESTERNES, isles","WESTERNES, isles, (Géog. mod.)​ isles nombreuses & de différente grandeur ; elles sont ainsi nommées à cause de leur situation, par rapport à l’Ecosse à qui elles appartiennent. Ce sont les Hébrides ou Æbudæ des anciens. On les distingue en trois classes relativement à leur grandeur, & on en compte en total quarante-quatre. Long. 10. 12. latit. 55. 58. 30.


Le sol des îles Westernes est fort dissemblable, quoique l’air y soit en général pur & salutaire. Les habitans parlent la langue irlandoise, mais un peu différemment de la maniere dont on la parle en Irlande. Ils ressemblent beaucoup aux montagnards du continent d’Ecosse dans leurs habits, dans leurs coutumes & dans leur façon de vivre.


Les plus remarquables de toutes ces îles, sont celles de Jona & de S. Kilda. La premiere, qu’on appelle à présent Colamb Hill, proche de l’ile de Mull, est remarquable en ce qu’elle étoit anciennement le lieu de la sepulture des rois d’Ecosse. L’autre est appellée par les Insulaires Hirt, par Buchanam Hirta, & ensuite Kilda. C’est la plus éloignée de toutes les îles Westernes, & elle est fameuse, tant par quelques singularités qu’on y rencontre, que par les coutumes qui sont particulieres à ceux qui l’habitent. (D. J.)​","[['55 58\' 30"" N 10 12\' E']]",,"55 58' 30"" N 10 12' E","55 58' 30"" N 10 12' O"
v17-1322-0,WEYMOUTH,"WEYMOUTH, (Géog. mod.)​ ville d’Angleterre, dans la province de Dorset, entre Dorchester au nord, & l’île de Portland au sud. C’est un bon port, situé à l’embouchure de la riviere de Wey, d’où lui vient le nom de Weimouth. Cette ville est à 108 milles au sud-ouest de Londres. Elle a titre de vicomté, droit de députer au parlement, & celui de tenir marché public. Long. 13. 47. lat. 50. 44. (D. J.)​","[[""50 44' N 13 47' E""]]",,50 44' N 13 47' E,50 44' N 13 47' E
v17-1351-0,WIGAN,"WIGAN, (Géog. mod.)​ ville d’Angleterre, dans la province de Lancastre, sur la route de Londres à Lancastre, entre Wirwick & Preston. Elle est jolie, bien bâtie, assez peuplée, & située au bord de la riviere de Dugless ou de Dowles. L’évêque de Chester, de qui elle dépend, y a son palais. Long. 14. 45. lat. 53. 32.


Il y a à Wigan une fameuse source, qu’on nomme le puits brûlant. Le petit peuple assure que l’eau de cette source s’enflamme comme de l’huile ; c’est une erreur. Il est vrai seulement, qu’il sort de la terre dans cet endroit une vapeur qui donne à l’eau un frémissement semblable à celui qu’elle éprouve quand elle est sur le feu ; mais cette eau n’en acquiert point de chaleur ; la vapeur seule qui se fait jour avec violence est inflammable, prend feu à l’approche d’une chandele allumée, & brûle pendant quelque tems. L’eau au-contraire ne brûle ; ni ne s’échauffe point ; & si l’on tarit cette eau, la vapeur ignée sort tout de même ; la flamme de cette vapeur n’est point décolorée comme celle des corps sulphureux, & n’a point de mauvaise odeur ; enfin ces fumées vaporeuses, ne produisent aucune chaleur sur la main qui y est exposée. L’origine de ces vapeurs ignées, vient apparemment de mines de charbon qui sont dans le voisinage, & qui produisent une vapeur de la même nature. On en procure de semblables artificiellement, par des préparations de fer dissous dans un menstrue convenable. (D. J.)​","[[""53 32' N 14 45' E""]]",,53 32' N 14 45' E,53 32' N 14 45' O
v17-1441-0,WOLFFENBUTTEL,"WOLFFENBUTTEL, (Géog. mod.)​ ville d’Allemagne dans le cercle de la basse Saxe, au duché de Brunswick sur l’Ocker, dans la principauté de même nom, à 10 lieues au levant de Hildesheim. Il y a un château où réside le prince de Brunsvick-Wolssenbuttel ; mais ce qui vaut mieux que le château, c’est la belle bibliotheque qui s’y trouve. Long. suivant Harris, 28. 31. 15″. latit. 52. 11. (D. J.)​","[['52 11\' N 28 31\' 15"" E']]",,"52 11' N 28 31' 15"" E","52 11' N 28 31' 15"" E"
v17-1445-0,WOLGAST,"WOLGAST, (Géog. mod.)​ ville d’Allemagne dans les états de Suede, au duché de Poméranie, à 5 milles de la mer Baltique sur le bord occidental de la troisieme branche de l’Oder, qui prend le nom de Pfin, à 12 lieues au sud-est de Stralsund, & à 20 au nord-ouest de Stetin. Elle a un des meilleurs ports de la mer Baltique, avec un château pour défense. L’électeur de Brandebourg prit cette ville en 1675, mais elle revint aux Suédois en 1679. Long. 31. 43. latit. 54. 6. (D. J.)​","[[""54 6' N 31 43' E""]]",,54 6' N 31 43' E,54 6' N 31 43' E
v17-1452-1,Wologda,"Wologda, (Géog. mod.)​ ville de l’empire Russien, capitale de la province de même nom, sur la riviere de Wologda, à cent lieues de Moscou. On y compte trois ou quatre églises bâties en pierres, ornées de dômes couverts de fer blanc. Son archevêque est des plus anciens de la Moscovie. Long. 59. 22. lat. 59. 10. (D. J.)​","[[""59 10' N 59 22' E""]]",,59 10' N 59 22' E,59 10' N 59 22' E
v17-1470-0,WORLITZ,"WORLITZ, (Géog. mod.)​ petite ville d’Allemagne, dans la haute-Save, dans la principauté d’Anhalt, sur la gauche de l’Elbe, au-dessus de Dessau. Long. 30. 28. lat. 51. 54.","[[""51 54' N 30 28' E""]]",,51 54' N 30 28' E,51 54' N 30 28' E
v17-1602-0,YAMAMAH,"YAMAMAH, (Géog. mod.)​ ville de l’Arabie-heureuse, dans le canton d’Hégias ; c’est une ville du désert, dans la région des montagnes, mais dans une plaine à l’orient de la Mecque. Elle a peu d’habitans, peu de palmiers & beaucoup de ruines : Atwal & Resem lui donnent 71 d. 45 de long. & 21 d. 31 de latit. (D. J.)​","[[""21 31' N 71 45' E""]]",,21 31' N 71 45' E,21 31' N 71 45' E
v17-1671-0,YSENDICK,"YSENDICK, (Géog. mod.)​ petite ville des Provinces unies, dans la Flandre, à quelque distance d’un bras de l’Escaut occidental, appellé le Blic, proche la mer, à un mille de Biervliet, à 5 au nord-est de Middelbourg, & à 5 à l’est de l’Ecluse. Les Etats-généraux à qui elle appartient, en ont fait une​ forteresse presque imprenable. C’est le boulevard de la Zelande, du côté de la Flandre. Long. 21. 10. latit. 51. 18. (D. J.)​","[[""51 18' N 21 10' E""]]",,51 18' N 21 10' E,51 18' N 21 10' E
v17-1674-0,YSSELSTEIN,"YSSELSTEIN, (Géog. mod.)​ petite ville & château des Provinces-unies, dans la province de Hollande, aux confins de celle d’Utrecht, sur le petit Yssel, à environ 2 lieues d’Utrecht. Long. 22. 28. lat. 52. 4.","[[""52 4' N 22 28' E""]]",,52 4' N 22 28' E,52 4' N 22 28' E
v17-1699-0,ZAB ou ZEB,"ZAB ou ZEB, (Géog. mod.)​ en latin Zaba & Zabé ; contrée de Numidie, bornée à l’est par un desert qui conduit à Tunis, & au sud par un autre désert. C’est un pays de sable, où les chaleurs sont excessives ; on y manque d’eau & de blé, mais les dattes y sont communes.


Shaw dit que le Zab, compris autrefois dans la Mauritanie sitifienne & dans la Gétulie, est un terrein étroit, situé précisément au pié de la chaîne du mont Atlas ; qu’il s’étend depuis le méridien du Mésile, jusqu’à celui de Constantine, & qu’il s’y trouve des villages, dont le plus avancé vers l’ouest s’appelle Dousan. Du tems d’Ibn-Said, Biskieré ou Biscara, étoit la capitale du Zab. Il la place à 24 degrés de longit. sur 27. 30. de latit. (D. J.)​","[[""27 30' N 24 E""]]",,27 30' N 24 E,27 30' N 24 E
v17-1705-0,ZABIE,"ZABIE, (Géog. mod.)​ ville d’Asie dans l’Arabie heureuse au royaume d’Yémen, sur la mer Rouge ; son port se nomme Alafakah, & est défendu à son entrée par une forteresse. Long. dans les tables d’Abultéda, 63. 20. lat. 14. 10. au commencement du premier climat de Ptolomée. (D. J.)​","[[""14 10' N 63 20' E""]]",,14 10' N 63 20' E,14 10' N 63 20' E
v17-1752-0,ZALAG,"ZALAG, (Géog. mod.)​ montagne d’Afrique dans l’empire de Maroc, au royaume de Fez. Elle s’étend cinq lieues du conchant au levant, & abouttit à une lieue de Fez. Aussi les bourgeois de cette ville y ont la plus grande partie de leurs héritages ; mais la principale habitation est le bourg de Lampta, qui se trouve au bas des ruines d’une ancienne place, qui est sans doute la Vobrix de Ptolomée, laquelle cet auteur marque à 9. 20. de longitude, & à 34. 15. de latitude.","[[""34 15' N 9 20' E""]]",,34 15' N 9 20' E,34 15' N 9 20' O
v17-1774-0,ZAMORA,"ZAMORA, (Géog. mod.)​ ville d’Espagne, dans le royaume de Léon, vers sa partie septentrionale, sur la rive droite du Duero, qu’on passe sur un pont, à 15 lieues de Salamanque, à 26 de Léon, à 24 de Valladolid, & à 45 de Madrid. Après avoir été détruite par Almanzor dans le jx. siecle, elle fut rebâtie par les rois Ferdinand & Alphonse. Elle est fortifiée. Son évêché est suffragant de Compostelle. Son terroir abonde en tout ce qui est nécessaire à la vie. Quelques-uns prétendent que c’est la Sentica de Ptolomée, l. II. c. iij. & que les Maures s’en étant rendus maitres, l’appellerent Zamora ou Médinato Zamorati, la ville des Turquoises, parce que dans les rochers de son voisinage on y trouve des mines de turquoises. Cette ville est célebre en Espagne, pour posséder le corps de S. Ildefonse ; c’est une gloire que je ne lui envie point, quelque difficile qu’il soit de voir cette relique. Longit. 12. 25. latit. 41. 36. (D. J.)​","[[""41 36' N 12 25' E""]]",,41 36' N 12 25' E,41 36' N 12 25' O
v17-1803-0,ZARA,"ZARA, (Géog. mod.)​ ville des états de Venise, en Dalmatie, dans une péninsule qui s’avance dans la mer, & dont on a fait une île, par le moyen des fossés qu’on a creusés ; cette ville est à 35 lieues au nord-ouest de Spalatro, & à 66 au nord-ouest de Raguse, elle est fortifiée d’une citadelle, dont les fossés font taillés dans le roc. On a construit à côté trois bastions revêtus de pierres de taille ; ce qui rend cette ville le boulevard de la république de ce côté-là. Les arsenaux, les magasins, les hôpitaux, les casernes, les palais du provéditeur général, du gouverneur de la ville, sont de beaux édifices ; il y a un college, & une académie de belles Lettres.


Les Venitiens acheterent cette ville en 1409, de Ladislas roi de Naples ; Bajazet II. la leur enleva en 1498 ; mais ils la reprirent par la suite, & l’ont toujours conservée depuis.


Les anciens l’ont connu sous le nom de Jadera, ville capitale, & colonie de la Liburnie, selon Pline, l. III. c. xxj. & Ptolomée, l. II. c. xvij. On y voit encore une inscription antique, où l’empereur Auguste est qualifié du titre de pere de cette colonie ; cette inscription ajoute qu’il en avoit fait bâtir les tours & les murailles ; & au-dessous on lit qu’un certain Tiberius Optatus en avoit relevé quelques tours ruinées de vieillesse : Imp. Cæsar. divi F. Aug. parens coloniæ murum & turres dedit, Ti. Julius Optatus turres vetustate consumptas, impensâ suâ restituit. Il paroît par une autre inscription que Jadera avoit beaucoup plus d’etendue que le Zara moderne, dont les habitans ne montent à présent qu’à quatre à cinq milles ames. Long. 33. 20. latit. 44. 23. (D. J.)​","[[""44 23' N 33 20' E""]]",,44 23' N 33 20' E,44 23' N 33 20' E
v17-1832-0,ZBOROW,"ZBOROW, (Géog. mod.)​ ville de la petite Pologne, dans l’Ukraine, au palatinat de Lemberg, sur les confins de ceux de Volhinie & de Podolie, à 16 lieues au levant de Léopol. Jean Casimir, roi de Pologne, y fut défait en 1647 par les Cosaques & par le Kan des petits tartares. Long. 43. 54. latit. 49. 52. (D. J.)​","[[""49 52' N 43 54' E""]]",,49 52' N 43 54' E,49 52' N 43 54' E
v17-1857-1,Zell,"Zell, (Géog. mod.)​ petite ville impériale d’Allemagne, dans la Suabe, au pays d’Ortnaw, sur la riviere de Nagole, à sept lieues au midi de Bade. Elle est sous la protection de la maison d’Autriche. Long. 25. 46. latit. 48. 20. (D. J.)​","[[""48 20' N 25 46' E""]]",,48 20' N 25 46' E,48 20' N 25 46' E
v17-1939-0,"ZIGETH, ZIGHET, ZYGETH, ou SIGETH","ZIGETH, ZIGHET, ZYGETH, ou SIGETH, (Géog. mod.)​ ville de la basse Hongrie, capitale du comte qui porte son nom ; c’est une des plus fortes places de la Hongrie. Elle est située à trois lieues de la Drave vers le nord, & à sept de Cinq-Eglises vers le couchant, dans un marais formé par la riviere d’Alma ; & elle est défendue par une citadelle, & trois fossés pleins d’eau. Long. 36. 31. latit. 46. 2.


C’est en assiégeant cette place en 1566, que mourut Soliman II. fils de Selim, & la victoire l’accompagna jusque dans les bras de la mort ; à peine eut-il expiré, que la ville fut prise d’assaut. L’empire de ce conquérant s’étendit d’Alger à l’Euphrate, & du fond de la mer Noire, au fond de la Grece & de l’Epire. Les Impériaux n’ont pu reprendre Zigesh sur les Turcs que sur la fin du dernier siecle. (D. J.)​","[[""46 2' N 36 31' E""]]",,46 2' N 36 31' E,46 2' N 36 31' E
v17-1960-0,ZINZICH ou SINSICH ou SCHINSICH,"ZINZICH ou SINSICH ou SCHINSICH, (Géogr. mod.)​ petite ville ou, pour mieux dire, bourgade d’Allemagne, au duché de Juliers, sur l’Aar, près de l’endroit où cette riviere se jette dans le Rhin. Cette bourgade est vis-à-vis de Lintz, à deux milles d’Allemagne au-dessus de Bonn vers le midi, & dans une campagne fertile. Long. 24. 39. latit. 50. 46.","[[""50 46' N 24 39' E""]]",,50 46' N 24 39' E,50 46' N 24 39' E
v17-1968-0,ZIRICZÉE ou ZIRIC-SÉE,"ZIRICZÉE ou ZIRIC-SÉE, (Géog. mod.)​ ville des Pays-bas, dans la province de Zelande, & capitale de l’ile de Schowen, à sept lieues au sud-ouest de la Brille. Elle est jolie, bien peuplée & marchande, quoique son port ait été comble par les sables. Les états généraux ont pris cette ville sur les Espagnols en 1577, & l’ont mise en bon état de défense. Avant la révolution arrivée dans la religion du pays, il y avoit à Ziriczée six maisons religieuses, un béguinage, & les restes d’une commanderie de Templiers. Long. 21. 24. latit. 51. 36.


Amand de Ziriczée, ainsi nommé du lieu de sa naissance, exerça la dignité de provincial de l’ordre de S. François dans les Pays bas, & mourut en 1534. Il a composé en latin une chronique en six livres, & quelques ouvrages théologiques dont on ne connoît plus que les titres.


Lemnius (Laevinus) naquit en 1505 à Ziriczée, où il pratiqua la médecine ; mais s’étant fait prêtre après la mort de sa femme, il devint chanoine de cette ville, & y mourut en 1568. Son ouvrage intitule, de occultis naturæ miraculis, a été imprimé nombre de fois. La premiere edition faite à Anvers en 1559 in-8°. ne contient que deux livres, mais la seconde chez Plantin 1564 in-8°. contient quatre livres, & l’auteur se proposoit d’ajouter encore deux autres livres à ces quatre.


Peckius (Pierre) né à Ziriczée en 1529, parvint par son mérite à la charge de conseiller au conseil de Malines, où il mourut en 1589. Ses écrits de jurisprudence ont été recueillis & imprimés ensemble à la Haye en 1647. On estime assez son trairé de testamentis conjugum, & celui de jure sistendi. Son​ commentaire ad tit. d. Nautoe, &c. a été imprimé à Amsterdam en 1668 in-8°. avec des notes & des additions de Vinnius.


Titellius (Regnier) né à Ziriczée, & mort à Amsterdam en 1618, a traduit d’italien en latin la description des Pays-bas, faite par Guichardin. (D. J.)​","[[""51 36' N 21 24' E""]]",,51 36' N 21 24' E,51 36' N 21 24' E
v17-1972-0,ZITTAU,"ZITTAU, (Géog. mod.)​ ville d’Allemagne, dans la haute Lusace, sur la Neiss, aux frontieres de la Boheme, à quatre lieues au-dessus de Gorlitz. Wenceslas la fit entourer de murailles en 1255. Elle est aujourd’hui sujette à l’électeur de Saxe, mais elle a éprouvé en 1757 des propres alliés de ce prince, tous les brigandages & toutes les horreurs de la guerre. Qu’auroit fait de-plus le géneral Daun, si cette ville eut appartenu au roi de Prusse ? Long. 32. 47. latit. 51. 13. (D. J.)​","[[""51 13' N 32 47' E""]]",,51 13' N 32 47' E,51 13' N 32 47' E
v17-233-0,VERUE,"VERUE, (Géog. mod.)​ ville d’Italie, dans le Piémont, au comté d’Asti, sur une colline, près du Pô, entre Casal & Turin, aux confins du Montferrat, Elle est bien fortifiée, & appartient au roi de Sardaigne. Long. 25. 40. latit. 45. 6. (D. J.)​","[[""45 6' N 25 40' E""]]",,45 6' N 25 40' E,45 6' N 25 40' E
v17-346-0,"VICEGRARD, ou Visegrard ou Vizzegrard, autrement Plidenburg","VICEGRARD, (Géog. mod.)​ ou Visegrard ou Vizzegrard, autrement Plidenburg. Son nom latin est selon quelques-uns, Vetus-Salina ; ville de la basse Hongrie, sur la droite du Danube, à 3 milles au-dessus de Grau, entre cette ville & Bude, avec un château bâti sur le haut d’un rocher. Les Turcs la prirent en 1605, & le duc de Lorraine la leur enleva en 1684. Long. 36. 45. lat. 47. 32. (D. J.)​","[[""47 32' N 36 45' E""]]",,47 32' N 36 45' E,47 32' N 36 45' E
v17-415-0,"VIGEVANO, VIGERANO, VIGERO","VIGEVANO, (Géog. mod.)​ VIGERANO, VIGERO, en latin Vigevanum ou Viglebanum ; ville d’Italie au duché de Milan, capitale du Vigévanase ou Vigévanois, sur le Tésin, à 7 lieues au sud-est de Novare, & à 8 lieues au sud-ouest de Milan. Elle a un château bâti sur un rocher. Son évéché établi en 1530, est suffragant de Milan. Long. 26. 23. lat. 45. 16. (D. J.)​","[[""45 16' N 26 23' E""]]",,45 16' N 26 23' E,45 16' N 26 23' E
v17-442-5,Villa de Condé,"Villa de Condé, (Géog. mod.)​ petite ville de Portugal, dans la province d’Entre Duero-e-Minho, sur la droite ; & à l’embouchure de la riviere d’Ave, entre Barcelos & Porto, avec un petit port. Ses habitans vivent de la pêche. Long. 9. 20. latit. 41. 10. (D. J.)​","[[""41 10' N 9 20' E""]]",,41 10' N 9 20' E,41 10' N 9 20' O
v17-449-44,Ville-Mur,"Ville-Mur, (Géog. mod.)​ petite ville de France, dans le haut Languedoc, aux confins de l’Albigeois, sur le Tarn, à quatre lieues de Montauban. Il se livra un grand combat près de cette ville l’an 1592, entre les royalistes & le parti de la ligue. Scipion, duc de Joyeuse, y périt dans le Tarn. Long. 19. 2. latit. 44. 7. (D. J.)​","[[""44 7' N 19 2' E""]]",,44 7' N 19 2' E,44 7' N 19 2' E
v17-478-3,Vincent Saint,"Vincent Saint, (Géog. mod.)​ île de l’Amérique septentrionale, une des Antilles, au midi de celle de Sainte-Lucie, à 6 lieues de l’île des Barbades, & à 12 de la Grenade. Elle peut avoir dix-huit lieues de tour ; elle est fort hachée, pleine de hautes montagnes couvertes de bois ; c’est-là le centre des sauvages Caraïbes & des Negres fugitifs. Long. 316. 40. latit. 13. (D. J.)​","[[""13 N 316 40' E""]]",,13 N 316 40' E,13 N 316 40' O
v17-506-0,VINTIMIGLIA,"VINTIMIGLIA, (Géog. mod.)​ les François disent & écrivent Vintimille ; ville d’Italie, dans l’état de Gènes ; à l’embouchure de la riviere de Rotta dans la Méditerranée, à huit milles au nord-est de Monaco, à 15 au nord-est de Nice, & à 35 d’Albenga. Cette ville est celle que Pline, liv. III. c. v. nomme Intelemium Albium. Dès le vij. siecle elle étoit évêché suffragant de Milan. Long. suivant Cassini, 25. 9. latit. 43. 49.


Aprosio (Angelico), savant religieux de l’ordre des Augustins, naquit à Vintimiglia en 1607, & mourut vers l’an 1682. On a de lui un livre intitulé, bibliotheca Aprosiana, imprimé à Bologne l’an 1673 in-12, & qui est fort recherché des curieux. Il a mis au jour quelques autres petits ouvrages, & toujours sous de faux noms ; il se plaisoit à embarrasser ceux qui aiment à ôter le masque à un auteur déguisé. (D. J.)​","[[""43 49' N 25 9' E""]]",,43 49' N 25 9' E,43 49' N 25 9' E
v17-576-0,"VISÉU, ou VÉISO","VISÉU, ou VÉISO, (Géog. mod.)​ ville de Portugal, dans la province de Beira, à 5 lieues au nord de Mondégo, à 16 au nord-ouest de Cuarda, à 20 au nord-est de Coïmbre, dans une plaine délicieuse par sa fertilité. Cette ville est épiscopale, & son évêque jouit de quinze mille ducats de revenu. Véiso est encore la capitale d’une comarea & d’un duché qui a été quelquefois possédé par des princes du sang royal. Longit. 9. 40. latit. 40. 32.


Barros (Jean dos) naquit à Viseu en 1496, & fut élevé à la cour du roi Emmanuel au près des infans. Jean III. étant monté sur le trône, le nomma trésorier des Indes, tesoreiro da casa da India ; cette charge très-honorable & d’un grand revenu, lui inspira la pensée d’écrire l’histoire d’Asie ou des Indes, qu’il a publiée sous le nom de decadas d’Asia. Il donna la premiere décade en 1552, la seconde en 1553, & la troisieme en 1563 ; la quatrieme décade de son histoire ne fut publiée qu’en 1615 par les ordres du roi Philippe III. qui fit acheter les manuscrits des héritiers de cet auteur. D’autres écrivains ont travaillé à la continuation de cette histoire jusqu’à la douzieme décade. L’ouvrage de Barros est généralement estimé, quoi qu’en dise le sieur de la Boulaye, & il a été traduit en espagnol par Alphonse Ulloa. (D. J.)​","[[""40 32' N 9 40' E""]]",,40 32' N 9 40' E,40 32' N 9 40' O
v17-657-0,VIVONNE,"VIVONNE, (Géog. mod.)​ petite ville de France, dans le Poitou, sur le Clain, à trois lieues au midi de Poitiers, & à deux au levant de Lusignan. Long. 17. 49. latit. 46. 24.


Lambert (Michel) célebre musicien françois, & l’homme de France qui chantoit le mieux, naquit à Vivonne, & fut regardé dans le royaume comme le premier qui ait fait sentir les beautés de la musique vocale, les graces, & la justesse de l’expression. Il sut faire valoir la légereté de la voix, en doublant la plûpart de ses airs, & en les ornant de passages brillans. Il excelloit à jouer du luth, & tenoit dans sa maison une espece d’académie de musique, où se rendoient les amateurs. Il fut pourvu d’une charge de maître de musique de la chambre du roi, & mit le premier en musique des leçons de ténebres ; il mourut à Paris en 1696, âgé de 87 ans. Son corps fut déposé dans le tombeau de Lulli son gendre, qui étoit mort en 1687. (D. J.)​","[[""46 24' N 17 49' E""]]",,46 24' N 17 49' E,46 24' N 17 49' E
v17-667-1,Ula ou Oula,"Ula ou Oula, (Géog. mod.)​ ville d’Asie, dans la Tartarie chinoise, sur la riviere orientale du Songoro. Cette ville étoit autrefois la capitale de tout le pays de Nieucheu, & la résidence du plus puissant des Moungales de l’Est. Long. selon le p. Verbiest, 136. 36. latit. 44. 20. (D. J.)​","[[""44 20' N 136 36' E""]]",,44 20' N 136 36' E,44 20' N 136 36' E
v17-686-0,ULMEN,"ULMEN, (Géog. mod.)​ petite ville d’Allemagne, au duché de Deux-Ponts, dans l’électorat de Mayence, sur la riviere de Lauter, avec un château. Long. 24. 38. latit. 50. 15. (D. J.)​","[[""50 15' N 24 38' E""]]",,50 15' N 24 38' E,50 15' N 24 38' E
v17-730-0,"UNDERSEWEN, ou Underseen","UNDERSEWEN, (Géog. mod.)​ ou Underseen, petite ville de Suisse, au canton de Berne, dans l’Oberland ou pays d’en-haut, au bord du lac de Thoun, entre ce lac & celui de Brienz. Les Bernois y ont un avoyer. Long. 25. 44. latit. 46. 37. (D. J.)​","[[""46 37' N 25 44' E""]]",,46 37' N 25 44' E,46 37' N 25 44' E
v17-978-0,URGEL,"URGEL, (Géog. mod.)​ ville d’Espagne dans la Catalogne, sur la rive droite de la Segre, à 6 lieues au sud-ouest de Puicerda, & à 35 au nord-est de Tarragone, dont son évêque, qui jouit de 9 mille ducats de revenu, est suffragant. Long. 19. 10. latit. 42. 25. (D. J.)​","[[""42 25' N 19 10' E""]]",,42 25' N 19 10' E,42 25' N 19 10' E
v2-1024-0,BERGAS,"*​ BERGAS, (Géog. anc. & mod.)​ ville de la Turquie Européenne, dans la Romanie, sur la riviere de Larisse. Long. 45. lat. 41. 17. anciennement Arcadiopolis, Pyrgus.","[[""41 17' N 45 E""]]",,41 17' N 45 E,41 17' N 45 E
v2-1027-0,BERGEN,"*​ BERGEN, (Géog.)​ capitale de la Norwege, dans la province de Bergenhus, avec château, & un port très-profond. Long. 23. 15. lat. 60. 11.","[[""60 11' N 23 15' E""]]",,60 11' N 23 15' E,60 11' N 23 15' E
v2-1027-1,Bergen,"Bergen, (Géog.)​ petite ville d’Allemagne, en Poméranie, vis-à-vis de Stralsund, capitale de l’île de Rugen. Long. 31. 30. lat. 54. 30.


Il y a encore une ville de ce nom dans la basse-Saxe, à trois lieues de Daneberg ; une autre au duché de Juliers, entre Juliers & Cologne, & une troisieme près de Francfort sur le Mein.","[[""54 30' N 31 30' E""]]",,54 30' N 31 30' E,54 30' N 31 30' E
v2-1081-0,BERSUIRE,"*​ BERSUIRE, (Géog.)​ petite ville de France, dans le bas Poitou. Long. 17. 3. lat. 46. 52.","[[""46 52' N 17 3' E""]]",,46 52' N 17 3' E,46 52' N 17 3' E
v2-1085-0,BERTRAND (Saint),"*​ BERTRAND, (Saint) Géog.​ ville de France, en Gascogne, sur la Garonne. Long. 18. 8. lat. 43. 3.","[[""43 3' N 18 8' E""]]",,43 3' N 18 8' E,43 3' N 18 8' E
v2-1112-0,BETELFAGUI ou BETHELSAKI,"*​ BETELFAGUI ou BETHELSAKI, (Géog.)​ ville d’Asie dans l’Arabie heureuse, environ à dix lieues de la mer Rouge. Long. 65. lat. 15. 40.","[[""15 40' N 65 E""]]",,15 40' N 65 E,15 40' N 65 E
v2-1126-0,BEVERLAY,"*​ BEVERLAY, (Géog.)​ ville d’Angleterre dans la province d’Yorck. Long. 17. lat. 53. 48.","[[""53 48' N 17 E""]]",,53 48' N 17 E,53 48' N 17 E
v2-1169-0,BIBERACH,"*​ BIBERACH, (Géog.)​ ville libre & impériale de la Soüabe, à quatre lieues d’Ulm, sur la riviere de Russ, & le ruisseau de Biber. Long. 27. 32. lat. 48. 4.","[[""48 4' N 27 32' E""]]",,48 4' N 27 32' E,48 4' N 27 32' E
v2-1183-0,BICANER,"*​ BICANER, (Géog.)​ ville d’Asie dans les états du Mogol, sur le Gange ; c’est la capitale de la province de Bacar. Lon. 100. 20. lat. 28. 40.","[[""28 40' N 100 20' E""]]",,28 40' N 100 20' E,28 40' N 100 20' E
v2-1229-0,BIERVLIET,"*​ BIERVLIET, (Géog.)​ forteresse avec port, dans une île de la Flandre Hollandoise, à peu de distance de l’Ecluse. Long. 21. 12. lat. 51. 25.","[[""51 25' N 21 12' E""]]",,51 25' N 21 12' E,51 25' N 21 12' E
v2-123-0,"BAGNAGAR, ou EDERABAD, ou GOLCONDE","*​ BAGNAGAR, ou EDERABAD, ou GOLCONDE, (Géog.)​ ville d’Asie, au Mogol, capitale du royaume de Golconde, proche la riviere de Nerva. Long. 96. lat. 15. 30.","[[""15 30' N 96 E""]]",,15 30' N 96 E,15 30' N 96 E
v2-125-0,BAGNAREA,"*​ BAGNAREA, (Géog.)​ ville d’Italie, dans le patrimoine de S. Pierre, dans la terre d’Orviette. Long. 29. 40. lat. 42. 36.","[[""42 36' N 29 40' E""]]",,42 36' N 29 40' E,42 36' N 29 40' E
v2-1271-0,BILBAO,"*​ BILBAO, (Géog.)​ ville capitale & port de la Biscaye, à l’embouchure du Nervio qui s’y jette dans l’Océan, appellé en cet endroit mer de Biscaye. Il s’y fait un très-grand commerce. Long. 14. 30. lat. 43. 23.","[[""43 23' N 14 30' E""]]",,43 23' N 14 30' E,43 23' N 14 30' E
v2-1311-0,BIMINI,"*​ BIMINI, (Géogr.)​ une des îles Lucayes, dans l’Amérique septentrionale, au midi de l’île de Bahama. Latit. 25. longit. 298.",[['25 N 298 E']],,25 N 298 E,25 N 298 O
v2-1317-0,BINCHE,"BINCHE, (Géog.)​ ville ancienne du Hainaut, sur la riviere de Haine, à trois lieues de Mons. Long. 21. 50. lat. 50. 23.","[[""50 23' N 21 50' E""]]",,50 23' N 21 50' E,50 23' N 21 50' E
v2-1336-0,BIORNEBORG,"BIORNEBORG, (Géog.)​ ville de Suede dans la Finlande, sur la riviere de Kum près de son embouchure, dans le golfe de Bothnie. Long. 40. 5. latit. 62. 6.","[[""62 6' N 40 5' E""]]",,62 6' N 40 5' E,62 6' N 40 5' E
v2-1409-0,BITBOURG,"*​ BITBOURG, (Géog.)​ ville du duché de Luxembourg, sur les frontieres de l’électorat de Treves. Long. 24. 13. lat. 50.","[[""50 N 24 13' E""]]",,50 N 24 13' E,50 N 24 13' E
v2-1635-0,BOLOGNE,"BOLOGNE, (Géog.)​ ville d’Italie, capitale du Bolonois, sur la riviere de Reno, jointe au Po par un canal. Long. 29. lat. 44. 27. 20.","[['44 27\' 20"" N 29 E']]",,"44 27' 20"" N 29 E","44 27' 20"" N 29 E"
v2-1661-0,BONA,"BONA, (Géog.) ville maritime d'Afrique, dans le royaume d'Alger, & peu loin de la frontiere de Tunis. Les vestiges de l'ancien Hyppo-regius en sont peu éloignés. Lat. 37 degrés, long. 27 & demi.","[[""37 N 27 30' E""]]",,37 N 27 30' E,37 N 27 & demi E
v2-1663-0,BONAIRE,"BONAIRE, (Géog. mod.)​ île vis-à vis du continent de l’Amérique méridionale, & de la province de Caracai, au levant de l’île de Curaçao, & occupée par les Hollandois. Lat. 12. long. 309.",[['12 N 309 E']],,12 N 309 E,12 N 309 O
v2-1768-2,Borgo forte,"Borgo forte, (Géog.)​ petite ville du duché de Mantoue, sur le Pô. Long. 28. 17. lat. 41. 53.","[[""41 53' N 28 17' E""]]",,41 53' N 28 17' E,41 53' N 28 17' E
v2-1906-0,BOUILLON,"BOUILLON, (Géog.)​ ville forte avec château à trois lieues de Sedan, sur la riviere de Semoy, capi-​tale du duché de même nom, situé entre le duché de Luxembourg & l’évêché de Liége. Long. 22. 55. lat. 49. 49.","[[""49 49' N 22 55' E""]]",,49 49' N 22 55' E,49 49' N 22 55' E
v2-2063-0,BRACKEL,"BRACKEL, (Géog.)​ petite ville d’Allemagne, dans le cercle de Westphalie, sur la Nette, à cinq lieues de Paderborn. Long. 26. 43. lat. 51. 46. Il y a une autre ville de ce nom en Westphalie, dans l’évéché d’Hildesheim.","[[""51 46' N 26 43' E""]]",,51 46' N 26 43' E,51 46' N 26 43' E
v2-2065-0,BRACKLEY,"BRACKLEY, (Géog.)​ ville d’Angleterre, dans la province de Northampton. Long. 16. 25. lat. 51. 56.","[[""51 56' N 16 25' E""]]",,51 56' N 16 25' E,51 56' N 16 25' E
v2-2128-0,"BRASLAW, ou BRATISLAW","BRASLAW, ou BRATISLAW, (Géog.)​ ville de Pologne, sur les frontieres du duché de Curlande, sur un grand lac, à peu de distance de la Dwina. Long. 44. 40. lat. 55. 45.","[[""55 45' N 44 40' E""]]",,55 45' N 44 40' E,55 45' N 44 40' E
v2-2132-0,"BRASSAW, ou GRONSTAT","BRASSAW, ou GRONSTAT, (Géog. anc. & mod.)​ ville forte de Transilvanie. Long. 44. 10. lat. 46. 30. Les uns la prennent pour la Proetoria augusta de Ptolomée, & d’autres la nomment Corona & Stephanopolis.","[[""46 30' N 44 10' E""]]",,46 30' N 44 10' E,46 30' N 44 10' E
v2-2165-0,BRECHYN,"BRECHYN, (Géog.)​ petite ville de l’Ecosse septentrionale, dans la province d’Angus. Longit. 15. 20. lat. 36. 47.","[[""36 47' N 15 20' E""]]",,36 47' N 15 20' E,36 47' N 15 20' E
v2-2213-0,BRESCIA,"BRESCIA, (Géog.)​ capitale du Brescian, sous la domination de Venise, sur la riviere de Garza ; elle est fortifiée & défendue par une citadelle : on y fabrique toutes sortes d’armes. Long. 27. 40. lat. 45. 31.","[[""45 31' N 27 40' E""]]",,45 31' N 27 40' E,45 31' N 27 40' E
v2-229-0,BALE,"*​ BALE, (Géog.)​ ville de Suisse, capitale du canton de même nom. Long. 25. 15. lat. 47. 40.","[[""47 40' N 25 15' E""]]",,47 40' N 25 15' E,47 40' N 25 15' E
v2-2308-0,BRINDES ou BRINDISI,"BRINDES ou BRINDISI, (Géog. anc. & mod.)​ ville du royaume de Naples, dans le pays d’Otrante, près le golfe de Venise, avec un des meilleurs ports d’Italie. Long. 35. 40. lat. 40. 52. C’étoit le Brundusium des anciens.","[[""40 52' N 35 40' E""]]",,40 52' N 35 40' E,40 52' N 35 40' E
v2-2318-0,BRIOUDE,"BRIOUDE, (Géog.)​ ville de France, dans la basse Auvergne : il y en a deux ; l’une s’appelle la vieille, & l’autre, qui est la nouvelle, s’appelle Brioude l’Église. La vieille Brioude est sur l’Allier : il y a un chapitre de chanoines, qui sont obligés de faire preuve de noblesse pour y être admis. On les appelle les comtes de Brioude. Long. 21. lat. 45. 14.","[[""45 14' N 21 E""]]",,45 14' N 21 E,45 14' N 21 E
v2-2342-0,BRIVE la Gaillarde,"BRIVE la Gaillarde, (Géog.)​ ville de France dans le bas Limosin. Long. 19. 10. lat. 45. 15.","[[""45 15' N 19 10' E""]]",,45 15' N 19 10' E,45 15' N 19 10' E
v2-2345-0,BRIXEN,"BRIXEN, (Géog.)​ grande ville & évêché d’Allemagne, entre le Tirol, l’évêché de Trente, & le territoire des Vénitiens : l’évêque en est souverain, & est un des états immédiats de l’Empire. Long. 29. 25. lat. 46. 35.","[[""46 35' N 29 25' E""]]",,46 35' N 29 25' E,46 35' N 29 25' E
v2-242-0,BALKE ou BALKHE,"*​ BALKE ou BALKHE, (Géog.)​ ville d’Asie, au pays des Usbecs, dans la province du même nom, sur la riviere de Dilhas. Long. 85. lat. 36. 40.","[[""36 40' N 85 E""]]",,36 40' N 85 E,36 40' N 85 E
v2-2598-0,BULLINGBROOK,"BULLINGBROOK, (Géog.)​ ville & comté d’Angleterre dans la province de Lincoln. Long. 17. 20.  lat. 53.","[[""53 N 17 20' E""]]",,53 N 17 20' E,53 N 17 20' E
v2-2622-0,BURCHAUSEN,"BURCHAUSEN, (Géog.)​ ville d’Allemagne dans la basse Baviere, sur la riviere de Saltz, à 11 lieues de Saltzbourg. Long. 30. 25. lat. 48. 5.","[[""48 5' N 30 25' E""]]",,48 5' N 30 25' E,48 5' N 30 25' E
v2-268-0,BALUCLAVA ou JAMBOL,"*​ BALUCLAVA ou JAMBOL, (Géog. anc. & mod.)​ port de Crimée sur la mer Noire. Long. 52. 40. lat. 44. 50. Quelques Géographes pensent que c’est l’ancienne Pallacium.","[[""44 50' N 52 40' E""]]",,44 50' N 52 40' E,44 50' N 52 40' E
v2-273-0,BAM,"*​ BAM, ville de la Caramanie Persique. Longit. 94. lat. sept. 28. 30.","[[""28 30' N 94 E""]]",,28 30' N 94 E,28 30' N 94 E
v2-290-0,BANBURY,"*​ BANBURY, (Géog.)​ ville d’Angleterre, sur la riviere de Chernel, dans la province d’Oxford. Long. 16. 10. lat. 52. 9.","[[""52 9' N 16 10' E""]]",,52 9' N 16 10' E,52 9' N 16 10' E
v2-293-0,BANCALIS,"*​ BANCALIS (Géog.)​, ville de l’ile de Sumatra, au royaume d’Achem, vers le détroit de Malaca. Long. 118. lat. 1. 5.","[[""1 5' N 118 E""]]",,1 5' N 118 E,1 5' N 118 E
v2-2955-0,CAKET,"CAKET, (Géog.)​ ville & petit royaume d’Asie, dépendant du roi de Perse, près du Caucase. Long.  63. 50. lat. 43. 32.","[[""43 32' N 63 50' E""]]",,43 32' N 63 50' E,43 32' N 63 50' E
v2-2971-0,CALAHORRA,"CALAHORRA, (Géog.)​ ville d’Espagne dans la vieille Castille. Long. 15. 48. lat. 42. 12.","[[""42 12' N 15 48' E""]]",,42 12' N 15 48' E,42 12' N 15 48' E
v2-3044-0,CALETURE,"CALETURE, (Géog.)​ forteresse de l’île de Ceylan, appartenante aux Hollandois. Longit. 97. 26.  lat. 6. 38.","[[""6 38' N 97 26' E""]]",,6 38' N 97 26' E,6 38' N 97 26' E
v2-3115-1,Calvi,"Calvi, (Géog.)​ ville & port de l’île de Corse sur la mer Méditerranée, avec une citadelle. Long.  26. 35. lat. 42. 30.","[[""42 30' N 26 35' E""]]",,42 30' N 26 35' E,42 30' N 26 35' E
v2-3185-0,CAMINHA,"CAMINHA, (Géog.)​ ville forte du Portugal, avec titre de Duché. Long. 9. 5. lat. 41. 44.","[[""41 44' N 9 5' E""]]",,41 44' N 9 5' E,41 44' N 9 5' O
v2-3221-0,CAMPION,"CAMPION, (Géog.)​ ville d’Asie dans la Tartarie, capitale du royaume de Tangut. Lon. 122. 30.  lat. 40. 25.","[[""40 25' N 122 30' E""]]",,40 25' N 122 30' E,40 25' N 122 30' E
v2-3222-0,CAMPLI,"CAMPLI, (Géog.)​ petite ville d’Italie, au royau-​me de Naples, dans l’Abruzze. Long. 31. 30. lat. 
42. 38.","[[""42 38' N 31 30' E""]]",,42 38' N 31 30' E,42 38' N 31 30' E
v2-3229-0,CAMUL,"CAMUL, (Géog.)​ ville d’Asie, à l’extrémité du royaume de Cialis, sur les frontieres de celui de Tanguth. Long. 115. 40. lat. 37. 15.","[[""37 15' N 115 40' E""]]",,37 15' N 115 40' E,37 15' N 115 40' E
v2-3247-1,Canarie ou Ciutad de Palmas,"Canarie ou Ciutad de Palmas, ville forte. Long. 2. 15. lat. 28. 4.","[[""28 4' N 2 15' E""]]",,28 4' N 2 15' E,28 4' N 2 15' E
v2-3453-0,CAPO-D'ISTRIA,"CAPO-D’ISTRIA, (Géog.)​ ville considérable d’Italie, dans l’Istrie, sur le golfe de Trieste, & à trois lieues de la ville de ce nom. Long. 31. 35. lat. 45. 48.​","[[""45 48' N 31 35' E""]]",,45 48' N 31 35' E,45 48' N 31 35' E
v2-3609-0,CARDIFF ou GLAMORGAN,"CARDIFF ou GLAMORGAN, (Géog.)​ ville d’Angleterre, dans la principauté de Galles, avec un bon havre. Long. 14. 20. lat. 51. 32.","[[""51 32' N 14 20' E""]]",,51 32' N 14 20' E,51 32' N 14 20' E
v2-3614-0,CARDONE,"CARDONE, (Géog.)​ ville forte d’Espagne dans la Catalogne, avec titre de duché. Il y a auprès de cette ville une montagne toute de sel, & qui ne s’épuise point ; ce sel est de différentes couleurs fort éclatantes, qu’il perd lorsqu’on le lave. Long. 19. 10. lat. 41. 42.","[[""41 42' N 19 10' E""]]",,41 42' N 19 10' E,41 42' N 19 10' E
v2-3675-0,CARLSEROON,"CARLSEROON, (Géog.)​ ville forte de Suede, dans la Blekingie, avec un port sur la mer Baltique. Long. 33. 35. lat. 56. 15.","[[""56 15' N 33 35' E""]]",,56 15' N 33 35' E,56 15' N 33 35' E
v2-3690-0,"CARMINACH, ou CARMINIAH","CARMINACH, ou CARMINIAH, (Géog.)​ ville d’Asie, dans la grande Tartarie, dans la contrée de Bochara. Long. 88. lat. 39. 30.","[[""39 30' N 88 E""]]",,39 30' N 88 E,39 30' N 88 E
v2-3757-0,CARS,"CARS, (Géog.)​ ville forte d’Asie dans l’Arménie, sur la riviere de même nom. Long. 60. 23. lat. 40. 20.","[[""40 20' N 60 23' E""]]",,40 20' N 60 23' E,40 20' N 60 23' E
v2-3882-4,Castel-de-Vide,"Castel-de-Vide, place forte de Portugal, dans l’Alentéjo. Long. 11. 10. lat. 39. 25.","[[""39 25' N 11 10' E""]]",,39 25' N 11 10' E,39 25' N 11 10' O
v2-3886-0,CASTELLANNETE,"CASTELLANNETE, petite ville d’Italie au royaume de Naples, dans la terre de Lecce. Long. 34. 38. lat. 40. 50.","[[""40 50' N 34 38' E""]]",,40 50' N 34 38' E,40 50' N 34 38' E
v2-3901-4,Castiglione-del-Stivere,"Castiglione-del-Stivere, petite ville forte d’Italie dans le Mantoüan, avec un château. Long. 28. 4. lat. 45. 23.","[[""45 23' N 28 4' E""]]",,45 23' N 28 4' E,45 23' N 28 4' E
v2-3917-0,CASTRO,"CASTRO, (Géog.)​ petite ville maritime d’Italie au royaume de Naples, dans la terre d’Otrante. Long. 36. lat. 40. 18.​","[[""40 18' N 36 E""]]",,40 18' N 36 E,40 18' N 36 E
v2-3917-12,Castro-Verreyna,"Castro-Verreyna, (Géog.)​ ville de l’Amérique méridionale au Pérou, fameuse par les mines d’argent qui se trouvent dans son voisinage. Long. 305. lat. mérid. 13.",[['13 S 305 E']],,13 S 305 E,13 S 305 O
v2-3917-9,Castro-Novo,"Castro-Novo, (Géog.)​ ville d’Italie en Sicile, dans la vallée de Mazare, à la source du Platani. Long. 31. 30. lat. 37. 40.","[[""37 40' N 31 30' E""]]",,37 40' N 31 30' E,37 40' N 31 30' E
v2-410-0,BARBORA,"*​ BARBORA, (Géog.)​ ville maritime d’Afrique au royaume d’Adel, sur le détroit de Babel-Mandel. Il y a une île de ce nom qu’on appelle aussi Alondi, dans la mer Rouge, à l’occident de la baie de Barbora. Lat. environ 10. 45. long. 64. 32.","[[""10 45' N 64 32' E""]]",,10 45' N 64 32' E,10 45' N 64 32' E
v2-4285-0,CERET,"CERET, (Géog.)​ petite ville de France dans le Roussillon, sur la riviere de Tec. Long. 20. 21. lat. 42. 23.","[[""42 23' N 20 21' E""]]",,42 23' N 20 21' E,42 23' N 20 21' E
v2-4290-0,CERINES,"CERINES, (Géog.)​ ville de l’île de Chypre avec un bon port. Long. 51. 10. lat. 35. 22.","[[""35 22' N 51 10' E""]]",,35 22' N 51 10' E,35 22' N 51 10' E
v2-469-0,BARLETTE,"*​ BARLETTE (Géog.)​ ville d’Italie, au royaume de Naples, dans la terre de Bari, sur le golfe de Venise. Long. 34. 2. lat. 41. 30.","[[""41 30' N 34 2' E""]]",,41 30' N 34 2' E,41 30' N 34 2' E
v2-601-0,BASTIA,"*​ BASTIA, (Géog.)​ petite ville maritime de la Turquie en Europe, dans l’Albanie, vis-à-vis l’île de Corfou, à l’embouchure de la Calamou. Long. 38. 5. lat. 39. 40.","[[""39 40' N 38 5' E""]]",,39 40' N 38 5' E,39 40' N 38 5' E
v2-602-0,"BASTIE, (la)","*​ BASTIE, (la) Géog. anc. & mod​. ville capitale de l’île de Corse. Long. 27. 12. lat. 42. 35. on croit que c’est le Mantinum, ou Mantinorum oppidum des anciens.","[[""42 35' N 27 12' E""]]",,42 35' N 27 12' E,42 35' N 27 12' E
v2-717-0,BAUSK,"*​ BAUSK (Géog.)​ ville importante de Curlande, sur les frontieres de Pologne au nord, sur la riviere de Musza. Long. 42. 14. lat. 56. 30.","[[""56 30' N 42 14' E""]]",,56 30' N 42 14' E,56 30' N 42 14' E
v2-718-0,BAUTZEN ou BUDISSEN,"*​ BAUTZEN ou BUDISSEN (Géog.)​, ville d’Allemagne, capitale de la haute Lusace, sur la Sprée. Long. 32. 13. lat. 51. 10.","[[""51 10' N 32 13' E""]]",,51 10' N 32 13' E,51 10' N 32 13' E
v2-767-2,Beaumont-le-Vicomte,"Beaumont-le-Vicomte, (Géog.)​ ville du Maine, sur la Sarte. Long. 17. 40. lat. 48. 12.","[[""48 12' N 17 40' E""]]",,48 12' N 17 40' E,48 12' N 17 40' E
v2-788-0,BECHIN,"*​ BECHIN, (Géog.)​ petite ville de Boheme, du cercle de même nom. Long. 32. 35. lat. 49. 14.","[[""49 14' N 32 35' E""]]",,49 14' N 32 35' E,49 14' N 32 35' E
v2-838-1,Beja,"*​ Beja, (Géog.)​ ville de Portugal, dans l’Alentejo, près du lac de même nom ; long. 10. 10. lat. 37. 58. On dit qu’il y a dans ce lac une espece de poisson bon à manger, qui présage la pluie & la tempête, & l’annonce par des mugissemens semblables à ceux du taureau ; d’autres attribuent ces mugissemens & le bruit, précurseurs des mauvais tems, à l’agitation des eaux du lac.","[[""37 58' N 10 10' E""]]",,37 58' N 10 10' E,37 58' N 10 10' O
v2-870-0,BELESME,"*​ BELESME, (Géog.)​ ville de France assez ancienne, dans le Perche. Lon. 17. 14. 15. lat. 48. 22. 32.","[['48 22\' 32"" N 17 14\' 15"" E']]",,"48 22' 32"" N 17 14' 15"" E","48 22' 32"" N 17 14' 15"" E"
v2-89-0,BADAJOZ,"*​ BADAJOZ (Géographie.)​ ville d’Espagne, capitale de l’Estramadure, sur la Guadiana. Long. 11. 27. lat. 38. 35.","[[""38 35' N 11 27' E""]]",,38 35' N 11 27' E,38 35' N 11 27' O
v2-890-0,BELLAC,"*​ BELLAC (Géog.)​ petite ville de France, dans la Marche, sur la petite riviere d’Unicon. Long. 18. 48. lat. 46. 4.","[[""46 4' N 18 48' E""]]",,46 4' N 18 48' E,46 4' N 18 48' E
v2-994-0,BERAUN,"*​ BERAUN, (Géog.)​ ville de Boheme, capitale du cercle de même nom, sur une riviere. Long. 31. 55. lat. 50. 2.","[[""50 2' N 31 55' E""]]",,50 2' N 31 55' E,50 2' N 31 55' E
v3-1032-0,CIUDAD DE LAS PALMAS,"CIUDAD DE LAS PALMAS, (Géog.)​ ville capitale de l’île de Canarie, avec un fort & un port très-fréquenté. Long. 3. lat. 28.",[['28 N 3 E']],,28 N 3 E,28 N 3 E
v3-1035-0,CIUDAD-RODRIGO,"CIUDAD-RODRIGO, (Géog.)​ ville forte d’Espagne au royaume de Léon, sur la riviere d’Aguada. Long. 11. 54. lat. 40. 38.","[[""40 38' N 11 54' E""]]",,40 38' N 11 54' E,40 38' N 11 54' E
v3-1166-2,Clermont,"Clermont, (Géog. mod.)​ ville de France en Beauvoisis, dans l’île de France, capitale du comté de même nom. Longit. 20d. 4′. 53″. latit. 49d. 22′. 45″.","[['49 22\' 45"" N 20 4\' 53"" E']]",,"49 22' 45"" N 20 4' 53"" E","49 22' 45"" N 20 4' 53"" E"
v3-1197-2,Clisson,"Clisson, (Géog. mod.)​ petite ville de Bretagne, au pays Nantois, sur la Seure. Long. 16. 20. latit. 47. 6.","[[""47 6' N 16 20' E""]]",,47 6' N 16 20' E,47 6' N 16 20' E
v3-1240-1,"Cluse, (la)","Cluse, (la) Géogr. mod.​ petite ville d’Italie, dans la Savoie, capitale du Faucigny, sur l’Arve. Long. 24. 12. lat. 46.","[[""46 N 24 12' E""]]",,46 N 24 12' E,46 N 24 12' E
v3-1284-0,COBOURG,"COBOURG, (Géog. mod.)​ ville d’Allemagne en Franconie, capitale d’une principauté de même nom sur l’Itch. Long. 28. 35. lat. 50. 20.","[[""50 20' N 28 35' E""]]",,50 20' N 28 35' E,50 20' N 28 35' E
v3-1357-0,COESFELD,"COESFELD, (Géog. mod.)​ ville forte d’Allemagne en Westphalie, dans l’évêché de Munster, près du Berkel. Long. 24. 50. lat. 51. 58.","[[""51 58' N 24 50' E""]]",,51 58' N 24 50' E,51 58' N 24 50' E
v3-1361-0,COEVORDEN,"COEVORDEN, (Géog. mod.)​ ville forte des Provinces-Unies dans l’Overissel, capitale du pays de Drente. Long. 24. 16. lat. 52. 40.","[[""52 40' N 24 16' E""]]",,52 40' N 24 16' E,52 40' N 24 16' E
v3-1372-0,COGNAC,"COGNAC, (Géog. mod.)​ ville de France dans l’Angoumois, sur la Charente, fameuse par ses eaux-de-vie. Long. 17d. 19′. 54″. lat. 45d. 41′. 49″.","[['45 41\' 49"" N 17 19\' 54"" E']]",,"45 41' 49"" N 17 19' 54"" E","45 41' 49"" N 17 19' 54"" E"
v3-1380-0,COGNI,"COGNI, (Géog. mod.)​ grande ville d’Asie en Turquie, dans la Caramanie. Long. 51. 30. lat. 37. 56.","[[""37 56' N 51 30' E""]]",,37 56' N 51 30' E,37 56' N 51 30' E
v3-1409-0,COIRE,"COIRE, (Géog. mod.)​ grande ville de Suisse, capitale du pays des Grisons, près du Rhin. Long. 27. 8. lat. 46. 50.","[[""46 50' N 27 8' E""]]",,46 50' N 27 8' E,46 50' N 27 8' E
v3-1414-3,Col,"Col, (Géog. mod.)​ île d’Ecosse, l’une des Westernes, dans l’Océan. Long. 11. lat. 57.",[['57 N 11 E']],,57 N 11 E,57 N 11 O
v3-1438-0,COLIMA,"COLIMA, (Géog. mod.) ville considérable de l'Amérique septentrionale, au Mexique. Long. 27. 33. lat. 18. 30.","[[""18 30' N 27 33' E""]]",,18 30' N 27 33' E,18 30' N 27 33' O
v3-1533-0,COLORNO,"COLORNO, (Géog. mod.)​ petite ville d’Italie, dans le duché de Parme près du Pô. Long. 27. 50. lat. 44. 54.","[[""44 54' N 27 50' E""]]",,44 54' N 27 50' E,44 54' N 27 50' E
v3-1537-0,COLOSWAR ou ALAUSENBOURG,"COLOSWAR ou ALAUSENBOURG, (Géog. mod.)​ ville considérable de la Transylvanie, sur le petit Samos. Long. 40. 20. lat. 46. 53.","[[""46 53' N 40 20' E""]]",,46 53' N 40 20' E,46 53' N 40 20' E
v3-1865-0,CONFLANS-EN-JARNISY,"CONFLANS-EN-JARNISY, (Géog.)​ petite ville de France, en Lorraine, sur les frontieres de la Franche-Comté, au confluent des rivieres d’Iron & d’Orn. Long. 23. 50. lat. 47. 45.","[[""47 45' N 23 50' E""]]",,47 45' N 23 50' E,47 45' N 23 50' E
v3-300-7,"Charité, (la)","Charité, (la) Géog.​ ville de France dans le Nivernois, sur la Loire. Long. 20. 40. lat. 47. 8.","[[""47 8' N 20 40' E""]]",,47 8' N 20 40' E,47 8' N 20 40' E
v3-308-0,CHARLESTOWN,"CHARLESTOWN, (Géog.)​ Il y a deux villes de ce nom dans l’Amérique septentrionale ; l’une dans la Caroline, & l’autre dans l’île de la Barbade. La premiere est sur la riviere d’Ashley. Long. 297. 55. lat 32. 50.","[[""32 50' N 297 55' E""]]",,32 50' N 297 55' E,32 50' N 297 55' O
v3-331-0,CHAROST,"CHAROST, (Géog.)​ petite ville de France en Berry, avec titre de duché-pairie. Long. 19. 45. lat. 46. 56.","[[""46 56' N 19 45' E""]]",,46 56' N 19 45' E,46 56' N 19 45' E
v3-352-22,Chartres,"Chartres, (Géog.)​ ville de France, capitale du pays chartrain & de la Beauce, avec titre de duché, sur l’Eure. Long. 18d 50′ 5″ lat. 48d 26′ 49″.","[['48 26\' 49"" N 18 50\' 5"" E']]",,"48 26' 49"" N 18 50' 5"" E","48 26' 49"" N 18 50' 5"" E"
v3-388-18,Chateau-Renaud,"Chateau-Renaud, (Géog.)​ ville de France en Touraine. Long. 18. 26. lat. 47 22.","[[""47 22' N 18 26' E""]]",,47 22' N 18 26' E,47 22' N 18 26' E
v3-388-5,Chateau,"Chateau, (Géog.)​ petite ville de France en Anjou. Long. 17. 58. lat. 47. 40.","[[""47 40' N 17 58' E""]]",,47 40' N 17 58' E,47 40' N 17 58' E
v3-413-0,"CHATRE, (la)","CHATRE, (la) Géog.​ petite ville de France en Berri sur l’Indre. Long. 19. 36. lat. 46. 35.","[[""46 35' N 19 36' E""]]",,46 35' N 19 36' E,46 35' N 19 36' E
v3-431-0,CHAVEZ ou CHIAVEZ,"CHAVEZ ou CHIAVEZ, (Géog.)​ place forte du Portugal, capitale de la province de Tra-los-Montes. long. 10. 34. lat. 41. 45.","[[""41 45' N 10 34' E""]]",,41 45' N 10 34' E,41 45' N 10 34' O
v3-475-0,CHEBRECHIN,"CHEBRECHIN, (Géog. mod.) ville considérable de Pologne, dans le Palatinat de Russie. Long. 41. 26. lat. 50. 36.","[[""50 35' N 41 26' E""]]",,50 35' N 41 26' E,50 36' N 41 26' E
v3-641-0,CHIAROMONTE,"CHIAROMONTE, (Géog.)​ ville d’Italie en Sicile, dans la vallée de Noto. Long. 32. 25. latit. 37. 5.","[[""37 5' N 32 25' E""]]",,37 5' N 32 25' E,37 5' N 32 25' E
v3-693-0,CHIMERA,"CHIMERA, ville forte de la Turquie en Europe, dans l’Albanie, capitale du territoire de même nom. Long. 37. 43. lat. 40. 10.","[[""40 10' N 37 43' E""]]",,40 10' N 37 43' E,40 10' N 37 43' E
v3-709-0,CHINON,"CHINON, (Géog.)​ ville de France dans la Touraine, dans un pays appellé le Vaison. Long. 17. 47. lat. 47. 12.","[[""47 12' N 17 47' E""]]",,47 12' N 17 47' E,47 12' N 17 47' E
v3-758-0,CHIVAS ou CHIVASSO,"CHIVAS ou CHIVASSO, (Géog.)​ ville forte d’Italie dans le Piémont, près du Pô. Long. 25. 30. lat. 45. 3.","[[""45 3' N 25 30' E""]]",,45 3' N 25 30' E,45 3' N 25 30' E
v3-777-0,CHOCZIM,"CHOCZIM, (Géog.)​ ville de Moldavie, sur les frontieres de Pologne, sur le Niester. Long. 44. 50. lat. 48. 50.","[[""48 50' N 44 50' E""]]",,48 50' N 44 50' E,48 50' N 44 50' E
v3-789-0,CHOLET,"CHOLET, (Géog.)​ petite ville de France dans la province d’Anjou, sur la Moine. Long. 19. 40. lat. 47. 10.","[[""47 10' N 19 40' E""]]",,47 10' N 19 40' E,47 10' N 19 40' E
v3-905-0,CICLUT,"CICLUT, (Géog. mod.)​ fort de la Dalmatie. Long. 35. 53. lat. 43. 25.","[[""43 25' N 35 53' E""]]",,43 25' N 35 53' E,43 25' N 35 53' E
v3-926-0,CILLEY,"CILLEY, (Géog.)​ petite ville d’Allemagne au cercle d’Autriche dans la Carniole, sur la Saan, capitale d’un comté de même nom. Longit. 33. 20. lat. 46. 28.","[[""46 28' N 33 20' E""]]",,46 28' N 33 20' E,46 28' N 33 20' E
v3-989-0,CIRENZA ou ACERENZA,"CIRENZA ou ACERENZA, (Géog.)​ ville d’Italie au royaume de Naples, capitale de la Basilicate, sur la riviere de Branduno. Long. 33. 40. lat. 40. 48.","[[""40 48' N 33 40' E""]]",,40 48' N 33 40' E,40 48' N 33 40' E
v4-1071-0,"CREST, (le)","CREST (le) Géog. mod.​ petite ville de France en Auvergne, près de l’Allier. Il y a une autre petite ville de ce nom en France dans le Dauphiné, sur la Dorme. Long. 22. 44. lat. 44. 45.","[[""44 45' N 22 44' E""]]",,44 45' N 22 44' E,44 45' N 22 44' E
v4-1149-0,CROIA,"CROIA, (Géog.)​ ville forte de la Turquie, en Europe, dans l’Albanie, proche du golfe de Venise, sur l’Hisino. Long. 37. 18. lat. 41. 46.","[[""41 46' N 37 18' E""]]",,41 46' N 37 18' E,41 46' N 37 18' E
v4-1317-0,CULMBACH,"CULMBACH, (Géog. mod.)​ ville d’Allemagne au cercle de Franconie, capitale du marggraviat de même nom, sur le Mein. Long. 29. 3. latit. 50. 12.","[[""50 12' N 29 3' E""]]",,50 12' N 29 3' E,50 12' N 29 3' E
v4-1328-0,"CUMANA, (la)","CUMANA, (la) Géog. mod.​ ville de l’Amérique méridionale dans la Terre-ferme, capitale de la province de même nom. Long. 314. lat. 9. 46.","[[""9 46' N 314 E""]]",,9 46' N 314 E,9 46' N 314 O
v4-1480-0,CZIRCATSI,"CZIRCATSI, (Géog. mod.)​ petite ville de Pologne dans l’Ukraine, au palatinat de Kioire, près du Nieper. Long. 50. 40. lat. 49.","[[""49 N 50 40' E""]]",,49 N 50 40' E,49 N 50 40' E
v4-1489-0,DACHSTEIN,"DACHSTEIN, (Géog. mod.)​ petite ville de la basse Alsace. Long. 25. 20. lat. 48. 35.","[[""48 35' N 25 20' E""]]",,48 35' N 25 20' E,48 35' N 25 20' E
v4-1516-0,DALEM,"DALEM, (Géog. mod.)​ petite ville des Provinces-unies, sur la riviere de Bervine. Long. 23. 34. lat. 50. 40.","[[""50 40' N 23 34' E""]]",,50 40' N 23 34' E,50 40' N 23 34' E
v4-1526-0,DAMAN,"DAMAN, (Géog. mod.)​ ville des Indiens, à l’entrée méridionale du golfe de Cambaye. La riviere de Daman la traverse & la divise en deux parties, dont l’une s’appelle le nouveau Daman, & l’antre le vieux. Elle appartient aux Portugais. Long. 90. 10. latit. 21. 5.","[[""21 5' N 90 10' E""]]",,21 5' N 90 10' E,21 5' N 90 10' E
v4-1527-0,DAMAR,"DAMAR, (Géog. mod.)​ ville de l’Arabie heureuse en Asie. Long. 67. lat. 16.",[['16 N 67 E']],,16 N 67 E,16 N 67 E
v4-1529-2,Damas,"Damas, (Géog. mod.)​ ville d’Asie, capitale de la Syrie. Elle est renommée par ses raisins, ses manufactures en soie, ses sabres, & ses couteaux : elle est située sur la riviere de Paradi. Long. 54. 53. lat. 33.","[[""33 N 54 53' E""]]",,33 N 54 53' E,33 N 54 53' E
v4-1546-0,DAMIETTE,"DAMIETTE, (Géogr. mod.)​ ville d’Afrique en Egypte, sur l’une des bouches orientales du Nil. Long. 50. lat. 31.",[['31 N 50 E']],,31 N 50 E,31 N 50 E
v4-1552-0,DAMVILLIERS,"DAMVILLIERS, (Géog. mod.)​ ville de France au duché de Luxembourg ; elle est située sur une montagne. Long. 23. 8. lat. 49. 22.​","[[""49 22' N 23 8' E""]]",,49 22' N 23 8' E,49 22' N 23 8' E
v4-1599-0,DARMSTADT,"DARMSTADT, (Géog. mod.)​ ville d’Allemagne au cercle du haut-Rhin ; c’est la capitale du landgraviat de Hesse Darmstadt ; elle est située sur la riviere de même nom. Long. 26. 15. lat. 49. 50.","[[""49 50' N 26 15' E""]]",,49 50' N 26 15' E,49 50' N 26 15' E
v4-1624-0,DAUMA,"DAUMA, (Géog. mod.)​ royaume & ville d’Afrique, à la Négritie. Long. 94. 10. lat. 8.","[[""8 N 94 10' E""]]",,8 N 94 10' E,8 N 94 10 E
v4-1967-0,DELHI ou DELI,"DELHI ou DELI, (Géog. mod.)​ ville de l’Indostan, située sur le Gemma. Long. 97. lat. 28. 20.","[[""28 20' N 97 E""]]",,28 20' N 97 E,28 20' N 97 E
v4-2023-0,DEMETRIOWITZ,"DEMETRIOWITZ, (Géog. mod.)​ ville de Russie au duché de Smolenskau, située sur l’Ugra. Long. 54. lat. 52. 30.","[[""52 30' N 54 E""]]",,52 30' N 54 E,52 30' N 54 E
v4-2045-0,DEMIKIN,"DEMIKIN, (Géogr. mod.)​ ville d’Allemagne, au duché de Stétin, en Poméranie ; elle est située sur la Peene. Long. 32. 20. lat. 54. 3.","[[""54 3' N 32 20' E""]]",,54 3' N 32 20' E,54 3' N 32 20' E
v4-2322-0,DEVELTO ou ZAGORIN,"DEVELTO ou ZAGORIN, (Géog. mod.)​ ville de la Bulgarie, dans la Turquie européenne ; elle est sur le Paniza. Long. 45. 8. lat. 42. 33.","[[""42 33' N 45 8' E""]]",,42 33' N 45 8' E,42 33' N 45 8' E
v4-2496-0,DIESSENHOFEN,"DIESSENHOFEN, (Géog. mod.)​ ville de Suisse au canton de Schaffouse ; elle est située sur le Rhin. Long. 26. 25. lat. 47. 45.","[[""47 45' N 26 25' E""]]",,47 45' N 26 25' E,47 45' N 26 25' E
v4-2542-0,DILLINGUE ou DILLINGEN,"DILLINGUE ou DILLINGEN, (Géogr. mod.)​ ville de la Suabe, en Allemagne : elle est située près du Danube. Long. 29. 10. lat. 48. 38.","[[""48 38' N 29 10' E""]]",,48 38' N 29 10' E,48 38' N 29 10' E
v4-2558-0,DINAN,"DINAN, (Géog. mod.)​ ville de Bretagne, en France ; elle est située sur la Rance. Lat. 48. 27. 16. long. 15. 26. 40.","[['48 27\' 16"" N 15 26\' 40"" E']]",,"48 27' 16"" N 15 26' 40"" E","48 27' 16"" N 15 26' 40"" E"
v4-2572-0,DINGLE,"DINGLE, (Géogr. mod.)​ ville maritime de la Monne en Irlande. Long. 7. 25. lat. 52. 6.","[[""52 6' N 7 25' E""]]",,52 6' N 7 25' E,52 6' N 7 25' O
v4-305-0,CONVERSANO,"CONVERSANO, (Géog.)​ ville d’Italie au royaume de Naples, dans le territoire de Bari. Long. 34. 50. lat. 41. 10.","[[""41 10' N 34 50' E""]]",,41 10' N 34 50' E,41 10' N 34 50' E
v4-463-0,CORFOU,"CORFOU, (Géog. mod.)​ île très-considérable à l’embouchure du golfe de Venise. La capitale s’appelle de même, & appartient aux Vénitiens ; elle est très-bien fortifiée contre les entreprises des Turcs. Long. 37. 48. lat. 39. 40.","[[""39 40' N 37 48' E""]]",,39 40' N 37 48' E,39 40' N 37 48' E
v4-477-0,CORLIN,"CORLIN, (Géog. mod.)​ ville d’Allemagne dans la Poméranie ultérieure, sur la riviere de Persant. Lon. 33. 40. lat. 54. 10.","[[""54 10' N 33 40' E""]]",,54 10' N 33 40' E,54 10' N 33 40' E
v4-48-1,Constance,"Constance, (Géog.)​ ville impériale très-considérable du cercle de Souabe, située sur un lac de même nom. Sa long. est de 26. 58. & sa lat. de 47. 35. Elle est fameuse par le concile qui commença à s’y tenir en 1414, & qui finit en 1418. Voyez en l’histoire curieuse par M. Lenfant. C’est dans ce fameux concile œcuménique que fut décidée la supériorité du concile général au-dessus du pape ; que Jean XXIII. accusé de toutes sortes de crimes fut déposé, & que Jean Hus fut brûlé vif pour ses erreurs, malgré le sauf-conduit qui lui avoit été donné par l’empereur Sigismond : c’est, dit-on, ce qui a dégoûté les protestans de venir au concile de Trente, ou plûtôt ce qui leur a servi de prétexte pour s’en dispenser. Mais on a répondu solidement à leurs objections. V. Concile, Protestans, & Trente. Le célebre Jean Gerson joua un grand rôle à ce concile. L’évêque de Constance joüit d’un très-grand diocese, avec la qualité de prince de l’Empire. Le lac de Constance a environ sept milles d’Allemagne, ou plûtôt sept mille deux cents soixante-quinze toises de long, suivant la mesure qu’en prirent deux bourgeois de la ville qui furent curieux de le toiser en marchant sur la glace l’an 1596, que ce lac gela dans toute son étendue.","[[""47 35' N 26 58' E""]]",,47 35' N 26 58' E,47 35' N 26 58' E
v4-594-0,CORTONE,"*​ CORTONE, (Géog. mod.)​ petite ville d’Italie en Toscane, dans le Florentin. Long. 29. 37. latit. 43. 18.","[[""43 18' N 29 37' E""]]",,43 18' N 29 37' E,43 18' N 29 37' E
v4-933-1,Cowper,"Cowper, (Géog. mod.)​ ville d’Ecosse au comté de Fife. Long. 15. lat. 56. 34.","[[""56 34' N 15 E""]]",,56 34' N 15 E,56 34' N 15 O
v5-1006-0,EMBRUN ou AMBRUN,"EMBRUN ou AMBRUN, (Géog. mod.) ville du Dauphiné en France, elle est située proche de la Durance sur un rocher escarpé. Long. 24d 9'0"", lat. 44d 34'0"".","[['44 34\' 0"" N 24 9\' 0"" E']]",,"44 34' 0"" N 24 9' 0"" E","44 34' 0"" N 24 9' 0"" E"
v5-1132-0,EMPOLI,"EMPOLI, (Géogr. mod.)​ ville de la Toscane en Italie ; elle est située sur l’Arne. Long. 28. 40. lat. 43. 42.","[[""43 42' N 28 40' E""]]",,43 42' N 28 40' E,43 42' N 28 40' E
v5-1324-0,ENGIA,"ENGIA, (Géog. mod.)​ ville de Grece, située dans une île de même nom. Cette ile a cinq lieues de long sur trois lieues de large. Il y a le golfe d’Angia. Long. 41. 44. lat. 37. 45.","[[""37 45' N 41 44' E""]]",,37 45' N 41 44' E,37 45' N 41 44' E
v5-1410-0,ENSISHEIM,"ENSISHEIM, (Géog. mod.)​ ville de la haute Alsace, en France. Elle est située sur l’Ill. Long. 25d1′55″. lat. 47d51′2″.","[['47 51\' 2"" N 25 1\' 55"" E']]",,"47 51' 2"" N 25 1' 55"" E","47 51' 2"" N 25 1' 55"" E"
v5-1411-0,ENSKIRREN,"ENSKIRREN, (Géog. mod.)​ ville de Westphalie, en Allemagne. Elle appartient au duché de Juliers. Long. 23. 56. lat. 50. 58.","[[""50 58' N 23 56' E""]]",,50 58' N 23 56' E,50 58' N 23 56' E
v5-177-0,DOURLACH,"DOURLACH, (Géog. mod.)​ ville de la Souabe, en Allemagne ; elle est située sur la riviere de Giezen. Long. 27. 3. lat. 48. 58.","[[""48 58' N 27 3' E""]]",,48 58' N 27 3' E,48 58' N 27 3' E
v5-1830-0,ERKELENS,"ERKELENS, (Geog. mod.)​ ville du duché de Juliers en Alsace. Long. 24. 8. lat. 51. 6.","[[""51 6' N 24 8' E""]]",,51 6' N 24 8' E,51 6' N 24 8' E
v5-1931-0,ESLINGEN,"ESLINGEN (Géograph. mod.)​ ville du duché de Wirtemberg, dans le cercle de Soüabe, en Allemagne ; elle est située sur le Neckre. Long. 27. 50 lat. 48. 40.","[[""48 40' N 27 50' E""]]",,48 40' N 27 50' E,48 40' N 27 50' E
v5-1952-0,ESPERNAI,"ESPERNAI, (Géog. mod.)​ ville de Champagne en France, sur la Marne. Longit. 21. 46. lat. 49. 2.","[[""49 2' N 21 46' E""]]",,49 2' N 21 46' E,49 2' N 21 46' E
v5-20-0,DOÉ ou DOUÉ,"DOÉ ou DOUÉ, (Geog. mod.)​ ville d’Anjou en France ; elle est située à quatre lieues de la Loire. Long. 17. 15. lat. 47. 18.","[[""47 18' N 17 15' E""]]",,47 18' N 17 15' E,47 18' N 17 15' E
v5-2033-0,ESTAPO,"ESTAPO, (Géog. mod.)​ ville de la nouvelle Espagne, dans l’Amérique : elle est située à l’embouchure du Tlaluc. Long. 273. 40. lat. 17. 50.","[[""17 50' N 273 40' E""]]",,17 50' N 273 40' E,17 50' N 273 40' E
v5-206-0,DRAGUIGNAN,"DRAGUIGNAN, (Géog. mod.)​ ville de France, en Provence, sur la riviere de Pis. Longit. 24. 14. lat. 43. 34.","[[""43 34' N 24 14' E""]]",,43 34' N 24 14' E,43 34' N 24 14' E
v5-289-0,DUBLIN,"DUBLIN, (Géog. mod.)​ capitale de l’Irlande : elle est dans la province de Linster au comté de Dublin, sur le Liffi. Long. 11. 15. lat. 53. 18.","[[""53 18' N 11 15' E""]]",,53 18' N 11 15' E,53 18' N 11 15' O
v5-308-0,DULCIGNO ou DOLCIGNO,"DULCIGNO ou DOLCIGNO, (Géog. mod.)​ ville de la Turquie en Europe, dans la haute Albanie ; elle est sur le Drin, près de l’ancien Dulcigno. Longit. 37. 2. lat. 41. 54.","[[""41 54' N 37 2' E""]]",,41 54' N 37 2' E,41 54' N 37 2' E
v5-314-0,DUMFERMLING,"DUMFERMLING, (Géog. mod.)​ ville d’Ecosse, dans la province de Fife. Long. 15. 15. lat. 55. 54.","[[""55 54' N 15 15' E""]]",,55 54' N 15 15' E,55 54' N 15 15' E
v5-315-0,DUN,"DUN, (Géog. mod.)​ ville de France, au duché de Bar, sur la Meuse. Long. 22. 52. lat. 49. 22.","[[""49 22' N 22 52' E""]]",,49 22' N 22 52' E,49 22' N 22 52' E
v5-315-1,Dun-le-Roi,"Dun-le-Roi, (Géog. mod.)​ ville de France, dans le Berry, sur l’Aurone. Longit. 20d. 14′. 6″. lat. 46d. 53′. 5″.","[['46 53\' 5"" N 20 14\' 6"" E']]",,"46 53' 5"" N 20 14' 6"" E","46 53' 5"" N 20 14' 6"" E"
v5-320-0,DUNDALKE,"DUNDALKE, (Géog. mod.)​ ville d’Irlande, au comté de Louth, dans la province d’Ulte. Long. 11. 6. lat. 54. 1.","[[""54 1' N 11 6' E""]]",,54 1' N 11 6' E,54 1' N 11 6' E
v5-321-0,DUNDÉE,"DUNDÉE, (Géog. mod.)​ ville de l’Ecosse septentrionale, dans la province d’Angus ; elle est sur la Tay. Long. 15. 5. lat. 56. 42.","[[""56 42' N 15 5' E""]]",,56 42' N 15 5' E,56 42' N 15 5' E
v5-323-0,DUNEMONDE,"DUNEMONDE, (Géog. mod.)​ fort de Curlande ; il est à l’embouchure de la Duna. Long. 42. lat. 57.",[['57 N 42 E']],,57 N 42 E,57 N 42 E
v5-326-0,DUNFREIS,"DUNFREIS, (Géog. mod.)​ ville de l’Ecosse méridionale, dans la province de Nithisdale ; elle est sur le Nith. Long. 13. 50. lat. 55. 8.","[[""55 8' N 13 50' E""]]",,55 8' N 13 50' E,55 8' N 13 50' E
v5-336-0,DUNS,"DUNS, (Géog. mod.)​ ville à marché, de l’Ecosse méridionale, au comté de Mers. Lat. 55. 58. Long. 15. 15.","[[""55 58' N 15 15' E""]]",,55 58' N 15 15' E,55 58' N 15 15' E
v5-349-0,DURANGO,"DURANGO, (Géog. mod.)​ ville d’Espagne dans la Biscaye. Long. 14. 45. lat. 53. 18.","[[""53 18' N 14 45' E""]]",,53 18' N 14 45' E,53 18' N 14 45' E
v5-353-0,DURBU ou DURBUY,"DURBU ou DURBUY, (Géog. mod.)​ petite ville des Pays-bas, au comté de même nom, dans le duché de Luxembourg ; elle est sur l’Outre. Long. 23. 18. lat. 50. 15.","[[""50 15' N 23 18' E""]]",,50 15' N 23 18' E,50 15' N 23 18' E
v5-36-5,Dol,"Dol, (Géog. mod.)​ ville de France, à la haute Bretagne ; elle est à deux lieues de la mer. Long. 15. 53. lat. 48. 33. 9.","[['48 33\' 9"" N 15 53\' E']]",,"48 33' 9"" N 15 53' E","48 33' 9"" N 15 53' E"
v5-427-0,EBREUIL,"EBREUIL, (Géogr. mod.)​ ville d’Auvergne en France ; elle est sur la Scioule. Long. 20. 40. latit. 46. 5.","[[""46 5' N 20 40' E""]]",,46 5' N 20 40' E,46 5' N 20 40' E
v5-522-12,Echelles (les),"Echelles, (les) Géogr. mod.​ ville de Savoie, à deux lieues de la grande Chartreuse. Long. 23. 25. lat. 45. 20.","[[""45 20' N 23 25' E""]]",,45 20' N 23 25' E,45 20' N 23 25' E
v5-676-0,EDAM,"EDAM, (Géog. mod.)​ ville des Pays-bas hollandois sur le Zuiderzée. Long. 52. 33. latit. 22. 28.","[[""22 28' N 52 33' E""]]",,22 28' N 52 33' E,22 28' N 52 33' E
v5-829-0,ELBOURG,"ELBOURG, (Géog. mod.)​ ville du duché de Gueldres, aux Provinces-Unies : elle est située sur le Zuiderzée. Long. 23. 20. lat. 54. 12.","[[""54 12' N 23 20' E""]]",,54 12' N 23 20' E,54 12' N 23 20' E
v6-1021-0,FLINT,"FLINT, (Géog.)​ petite ville du pays de Galles, & capitale du Flintshire. Elle envoye un député au parlement, & est à 45 lieues N. O. de Londres. Long. 40d20′. lat. 53d15′.


Le Flintshire a 80 milles de tour, 28 paroisses, environ 160 milles arpens, 3150 maisons, & 3 villes, savoir Flint, Saint-Asaph, & Caërwisk. (D. J.)​","[[""53 15' N 40 20' E""]]",,53 15' N 40 20' E,53 15' N 40 20' E
v6-1028-0,FLORENTIN Saint,"FLORENTIN (Saint-), Géog.​ petite ville de Champagne dans le Sénonois sur l’Armençon, entre Joigny & Flogny, en latin, sancti Florentini fanum : dès le tems de S. Bernard elle portoit ce nom. Voyez dom Mabillon & M. le Bœuf. Elle est à 6 lieues N. E. d’Auxerre, 10 S. E. de Sens. Longit. 21d20′. latit. 47d56′. (D. J.)​","[[""47 56' N 21 20' E""]]",,47 56' N 21 20' E,47 56' N 21 20' E
v6-163-0,EVAUX,"EVAUX, (Géog. mod.)​ ville du Bourbonnois, en France. Long. 20. 10. lat. 46. 15.","[[""46 15' N 20 10' E""]]",,46 15' N 20 10' E,46 15' N 20 10' E
v6-336-0,EXILLES,"EXILLES, (Géog. mod.)​ ville de Piémont ; elle appartient au Briançonnois ; elle est située sur la Daire. Long. 24. 35. lat. 45. 5.","[[""45 5' N 24 35' E""]]",,45 5' N 24 35' E,45 5' N 24 35' E
v6-476-0,FAHLUN ou COPERBERG,"FAHLUN ou COPERBERG, (Géog.)​ ville de Suede en Dalécarlie, renommée par ses mines de cuivre. Voy. Cuivre. Elle est à 12 lieues O. de Gévali. Long. 33. 25. lat. 60. 30.","[[""60 30' N 33 25' E""]]",,60 30' N 33 25' E,60 30' N 33 25' E
v6-513-0,FALMOUTH,"FALMOUTH, (Géog.)​ c’est peut-être la Volibe de Ptolomée : bourg & port de mer sur la côte méridionale de Cornoüailles. Falmouth signifie l’embouchure de la Fale, parce que ce havre est l’embouchure de cette riviere. C’est un des meilleurs ports d’Angleterre, fortifié par le château de Mandai & le fort de Pindennis bâtis par Henri VIII. C’est de Falmouth que partent les paquebots pour Lisbonne. Long. 12. 36. lat. 50. 15. (D. J.)​","[[""50 15' N 12 36' E""]]",,50 15' N 12 36' E,50 15' N 12 36' O
v6-586-0,FASSEN,"FASSEN, (Géog.)​ pays d’Afrique dans la Numidie, situé entre les deserts de Libye, le pays des Negres, & l’Egypte. Sa capitale est à 44d de longitude & 26d de latitude, selon Dapper, dont le premier méridien passe à la pointe du cap Verd. (D. J.)​",[['26 N 44 E']],['cap Verd'],26 N 44 E,26 N 44 E
v6-668-0,FELDKIRCH ou VELDKIRCH,"FELDKIRCH ou VELDKIRCH, Velcurium, (Géogr.)​ ville d’Allemagne, capitale du comté de même nom, au Tirol, sur l’Ill, à deux milles d’Appenzell, entre le lac de Constance au septentrion, & Coire au midi ; elle est marchande, & a de beaux priviléges. Long. 27. 24. lat. 47. 14.


C’est à Feldkirch que naquit Bernhardi, (Barthélemi) fameux pour avoir été le premier ministre luthérien qui se soit marié publiquement, & qui ait soûtenu par ses écrits la condamnation du célibat des prêtres. Son mariage étonna Luther même, quoiqu’il approuvât son opinion ; mais il scandalisa tellement les Catholiques, qu’ils chercherent à s’en venger : de-là vint que des soldats espagnols étant entrés chez lui, le pendirent dans son cabinet ; heureusement sa femme accourut assez tôt pour le détacher & lui sauver la vie. Il mourut naturellement en 1551, âgé de soixante-quatre ans. (C. D. J.)​","[[""47 14' N 27 24' E""]]",,47 14' N 27 24' E,47 14' N 27 24' E
v6-707-0,FERDEN ou VERDEN,"FERDEN ou VERDEN, (Géog.)​ ville du cercle de la basse Saxe en Allemagne, capitale de la province du même nom, autrefois épiscopale & impériale, mais à-présent sujette à l’électeur d’Hannovre, auquel les Danois la cederent, après l’avoir prise en 1712. Elle est sur l’Aller proche le Wéser, à 10 lieues S. E. de Breme, 20 S. de Hambourg, 22 S. O. de Lunebourg, 20 N. O. d’Hannovre. Long. 26. 58. lat. 53. 3. (C. D. J.)​","[[""53 3' N 26 58' E""]]",,53 3' N 26 58' E,53 3' N 26 58' E
v6-860-0,FIFE,"FIFE (Géog.) Otholinia, province méridionale d'Ecosse, bornée au nord par le golfe de Fai ; à l'orient, par la mer ; au midi, par le golfe de Forth ; & à l'oüest, par les monts Orchell (Ochellhills): elle se divise fort communément en orient & occident. L'air y est bon, & ses bords sont fertiles en blé & en pâturages. Saint-André en est la capitale. Cette province fut d'abord nommée Ross, c'est-à-dire presqu'isle ; & en effet, c'en est une, qui fut réunie à la couronne sous le regne de Jacques I. M. de Lisle met la pointe la plus orientale de la province de Fife, dite Fife-ness, à 16 deg. 20 min. de long. & sa latit. à 56 deg. 27 min. (D.J.)","[[""56 27' N 16 20' E""]]",,56 27' N 16 20' E,56 27' N 16 20' O
v6-863-0,FIGEAC,"FIGEAC, (Géog.)​ bourg de France dans le Quercy, avec une ancienne abbaye de l’ordre de saint Benoît, fondée par le roi Pepin, où dont le monastere fut rebâti par ce prince l’an 755 : elle fut sécularisée par le pape Paul III. Figeac est sur la Selle, à 9 lieues N. E. de Cahors, & 19 lieues N. O. d’Albi. Long. 19d. 40′. latit. 44d. 40′. (D. J.)​","[[""44 40' N 19 40' E""]]",,44 40' N 19 40' E,44 40' N 19 40' E
v6-917-1,Final,"Final, (Géogr.)​ ville d’Italie, capitale d’un marquisat auquel elle donne son nom, & qui est enclavé dans l’état de Gènes. Final est sur la Méditerranée, à 12 lieues S. E. de Coni, 13 S. O. de Gènes, 22 S. E. de Turin, 24 S. O. de Casal. Long. 25d|52′ latit. 44d|18′. (C. D. J.)​","[[""44 18' N 25 52' E""]]",,44 18' N 25 52' E,44 18' N 25 52' E
v6-918-1,Finale ou Finale de Modene,"Finale ou Finale de Modene, (Géogr.)​ petite ville du Modénois en Italie ; elle est sur la riviere du Panaro, à 5 lieues N. E. de Modene, 49 S. E. de la Mirandole. Long. 28d|50′. latit. 44d|36′. (C. D. J.)​","[[""44 36' N 28 50' E""]]",,44 36' N 28 50' E,44 36' N 28 50' E
v7-1043-0,GIENZOR,"GIENZOR, (Géog.)​ ville ouverte d’Afrique dans la Barbarie, au royaume de Tripoli, dont elle est à quatre lieues. Long. 56. 35. lat. 34. 18. (D. J.)​","[[""34 18' N 56 35' E""]]",,34 18' N 56 35' E,34 18' N 56 35' E
v7-1044-0,GIERACE,"GIERACE, Hieracium ou Sancta Hieracia, (Géog.)​ ville d’Italie au royaume de Naples, dans la Calabre ultérieure, avec un évêché suffragant de Reggio. Elle est sur une montagne près de la mer, à 13 lieues N. E. de Reggio, 11 S. E. de Nicotera. Long. 34. 18. lat. 38. 15. (D. J.)​","[[""38 15' N 34 18' E""]]",,38 15' N 34 18' E,38 15' N 34 18' E
v7-1092-0,GISORS,"GISORS, (Géog.)​ petite ville de France en Normandie, capitale du Vexin-Normand, avec titre de comté & bailliage, qui est un des sept grands bailliages de Normandie. Cependant la ville n’est pas fort ancienne ; car elle doit son origine à un château que fit bâtir Guillaume le Roux, roi d’Angleterre & duc de Normandie, l’an 1097, comme l’assûre Ordéric Vital, qui nomme cette place Gisors, & au génitif Gisortis. Les écrivains qui sont venus après lui, l’ont appellé Gisortium : elle est sur l’Epte, dans un terrein fertile en excellent blé, à cinq lieues de Gournay, quatorze de Rouen, & seize de Paris. Long. 19d. 18′. latit. 49d. 13′. (D. J.)​","[[""49 13' N 19 18' E""]]",,49 13' N 19 18' E,49 13' N 19 18' E
v7-1095-0,GIVET,"GIVET, Givetum, (Géog.)​ petite ville de France aux Pays-Bas, divisée en deux par la Meuse, dont l’une s’appelle Givet Saint Hilaire, & l’autre, Givet Notre-Dame ; il y a de bonnes fortifications & de belles casernes, ouvrages du maréchal de Vauban. Givet est près de Charlemont, à neuf lieues sud-oüest de Namur, huit nord-est de Rocroi. Long. 22d22′. latit. 50d5′. (D. J.)​","[[""50 5' N 22 22' E""]]",,50 5' N 22 22' E,50 5' N 22 22' E
v7-1198-0,GOCH,"GOCH, Herenatium, (Géogr.)​ petite ville d’Allemagne au duché de Cleves, sujette au roi de Prusse. Elle est sur le Néers entre Cleves & Nimegue, à douze lieues sud-oüest de la premiere Goch : c’étoit vraissemblablement une habitation des anciens Gugerniens (Gugerni), qui habitoient le territoire de Juliers. Long. 23d. 44. latit. 51d. 40′. (D. J.)​","[[""51 40' N 23 44' E""]]",,51 40' N 23 44' E,51 40' N 23 44' E
v7-1217-0,GOLDBERG,"GOLDBERG, (Géogr.)​ ville de Silésie au duché de Lignitz, sur le ruisseau de Katzbach. Voyez l’his-​toire de cette ville. & de ses malheurs dans Zeyler Siles. Topog. pag. 147. Long. 33d. 45. latit. 51d. 3. (D. J.)​","[[""51 3' N 33 45' E""]]",,51 3' N 33 45' E,51 3' N 33 45' E
v7-1222-0,GOLNOW,"GOLNOW, Golnovia, (Géogr.)​ petite ville d’Allemagne dans la Poméranie ultérieure, sujette au roi de Prusse ; c’étoit autrefois la dixieme & la derniere des villes hanséatiques. Bogislas II. en fit une ville murée en 1180 ; un duc de Poméranie tua vers le milieu du siecle passé, dans une bruyere voisine de cette ville, un cerf dont le bois avoit 34 andouillers. Golnow est sur l’Ina proche l’Oder, à 6 lieues nord-est de Stétin, 7 sud-est de Cammin. Long. 30. 16. latit. 53. 32. (D. J.)​","[[""53 32' N 30 16' E""]]",,53 32' N 30 16' E,53 32' N 30 16' E
v7-1240-0,GONDRECOURT,"GONDRECOURT, Gundulphi curia, (Géogr.)​ petite ville de Lorraine au duché de Bar, sur la riviere d’Ornain, à 8 lieues S. de Saint-Mihel, 7 de Bar-le-Duc. Long. 23. 12. lat. 48. 30. (D. J.)​","[[""48 30' N 23 12' E""]]",,48 30' N 23 12' E,48 30' N 23 12' E
v7-1275-0,GORI,"GORI, (Géog.)​ petite ville d’Asie en Géorgie, dans une plaine entre deux montagnes, sur le bord du fleuve Kar, à environ vingt lieues de Téflis du côté du nord. Long. 62. 6. lat. 42. 8. (D. J.)​","[[""42 8' N 62 6' E""]]",,42 8' N 62 6' E,42 8' N 62 6' E
v7-1282-0,GOSLAR,"GOSLAR, Goslaria, (Géogr.)​ ville de la basse-Saxe où elle est enclavée dans l’état du duc de Brunswick ; elle est pourtant libre & impériale. Sa situation se trouve entre les montagnes du Hartz qui ont de fameuses mines d’argent, qu’on a découvertes par hasard en 972. Suivant Dresser, Goslar fut bâtie par Henri I. & fortifiée pour la premiere fois en 1201 ; elle est sur le ruisseau de Gose, à 19 lieues sud-est d’Hildesheim, 12 sud-oüest d’Alberstadt, 10 sud-oüest de Brunswick. Long. 28. 12. lat. 51. 55. (D. J.)​","[[""51 55' N 28 12' E""]]",,51 55' N 28 12' E,51 55' N 28 12' E
v7-1285-0,GOSTYNEN,"GOSTYNEN, Gostynia, (Géogr.)​ ville de Pologne au palatinat de Rava, à deux lieues de Plosko. Jean Démétrius Suiski, czar de Moscovie, y mourut prisonnier avec ses deux freres. Long. 37. 45. latit. 52. 25. (D. J.)​","[[""52 25' N 37 45' E""]]",,52 25' N 37 45' E,52 25' N 37 45' E
v7-1363-0,GRADISCA,"GRADISCA, (Géog.)​ les Allemands écrivent Gradisch ; petite, mais forte ville du comté de Gortz, sur le Lizonzo, aux frontieres du Frioul, & sujette à la maison d’Autriche, à 2 lieues de Gortz, à 4 d’Aquilée, à 22 N. E. de Venise. Longit. 31. 10. latit. 45. 52. (D. J.)​","[[""45 52' N 31 10' E""]]",,45 52' N 31 10' E,45 52' N 31 10' E
v7-1387-1,"Grammont, ou Grand-mont","Grammont, (Géog.)​ ou Grand-mont, Grandimontium, petite ville de France dans la Marche limosine, seulement connue par son ancienne abbaye, à 6 lieues N. E. de Limoges. Long. 19. 8. lat. 45. 56.


Cette abbaye est le chef-lieu d’un ordre qui en porte le nom. Voyez l’article précédent. Elle est immédiatement soûmise au saint siége, & présente à la vûe un véritable desert propre à la solitude la plus pénitente. C’est tout près de cette retraite que le célebre Muret Marc Antoine, l’un des plus excellens écrivains du xvj. siecle vint au monde ; sans le secours d’aucun maitre, & par la seule force de son génie, il acquit une parfaite connoissance des langues greque & latine. Ses ouvrages recueillis à Venise en 1727, sont remplis d’érudition, de goût, & de délicatesse. Il passa ses jours en Italie, & mourut à Rome le 4 Juin 1585, âgé de 59 ans. (D. J.)​","[[""45 56' N 19 8' E""]]",,45 56' N 19 8' E,45 56' N 19 8' E
v7-1387-2,"Grammont, ou Gérard-mont","Grammont, ou Gérard-mont, Gerardimons, (Géog.)​ les Flamands disent Gheersberg : ville de la Flandre autrichienne, sur la Dendre, à 3 lieues d’Oudenarde, 7 N. E. de Tournay. Long. 21. 31. lat. 50 46. (D. J.)​","[[""50 46' N 21 31' E""]]",,50 46' N 21 31' E,50 46' N 21 31' E
v7-1425-0,GRATZ,"GRATZ, Graiacum, (Géogr.)​ ville d’Allemagne capitale de la Stirie, avec un bon château sur une roche, un palais & une académie. Gratz est, suivant Cluvier, la Muroela de Ptolomée ; cependant d’autres auteurs n’en conviennent point, & même révoquent en doute son ancienneté. Elle est sur le Muer, à 24 lieues S. O. de Vienne, & 18 N. O. de Varadin. Long. suivant Street, 33d26′15″. latit. 48d50′6″. (D. J.)​","[['48 50\' 6"" N 33 26\' 15"" E']]",,"48 50' 6"" N 33 26' 15"" E","48 50' 6"" N 33 26' 15"" E"
v7-1449-0,GRÉENWICH,"GRÉENWICH, (Géog.)​ petite ville d’Angleterre dans la province de Kent N. O. à deux lieues de Londres sur la Tamise. Long. suivant Harris & Cassini, 17d. 28’. 3″ lat 51d. 28’. 3″.


Gréenwich est remarquable par son observatoire & par son hôpital en faveur des matelots invalides. Cette derniere maison étoit le palais chéri de Guillaume & de la reine Marie ; mais en 1694 ils l’abandonnerent volontairement à cette pieuse destination.


C’est à Gréenwich que naquit Henri VIII. prince aussi fougueux que voluptueux, d’une opiniâtreté invincible dans ses desirs, & d’une volonté despotique qui tint lieu de lois ; libéral jusqu’à la prodigalité : courageux, intrépide, il battit les François & les Ecossois, réunit le pays de Galles à l’Angleterre, & érigea l’Irlande en nouveau royaume : cruel & sans retour sur lui-même, il se souilla de trois divorces & du sang de deux épouses : également tyran dans sa famille, dans le gouvernement & dans la religion, il se sépara du pape, parce qu’il étoit amoureux d’Anne de Boulen, & se fit le premier reconnoître pour chef de l’église dans ses états. Mais si ce fut un crime sous son empire de soûtenir l’autorité du pape, c’en fut un d’être protestant ; il fit brûler dans la même place ceux qui parloient pour le pontife romain, & ceux qui se déclaroient pour la réforme d’Allemagne.


Elisabeth sa fille, l’une des plus illustres souveraines dont les annales du monde ayent parlé, naquit dans le même lieu qu’Henri VIII. hérita de ses couronnes, mais non pas de son caractere & de sa tyrannie. Son regne est le plus beau morceau de l’histoire d’Angleterre : il a été l’école où tant d’hommes célebres d’état & de guerre se sont formés, que la Grande-Bretagne n’en produisit jamais un si grand nombre ; elle ne peut oublier l’époque mémorable ou, après la dispersion de la flotte invincible, cette reine disoit à son parlement : « Je sais, Messieurs, que je ne tiens pas le sceptre pour mon propre avantage, & que je me dois toute entiere à la société qui a mis en moi sa confiance ; mon plus grand bonheur est de voir que j’ai pour sujets des hommes dignes que je renonçasse pour eux au throne & à la vie ». (D. J.)​","[['51 28\' 3"" N 17 28\' 3"" E']]",,"51 28' 3"" N 17 28' 3"" E","51 28' 3"" N 17 28' 3"" E"
v7-1462-7,"Grenade, (la)","Grenade, (la) Géog.​ île de l’Amérique septentrionale dans la mer du Nord, & l’une des Antilles. Sa longueur du N. au S. est de 10 lieues ; sa plus grande largeur de 5, & sa circonférence d’environ​22. Elle est très-fertile, appartient aux François depuis 1650, n’est éloignée que d’environ 30 lieues de la Terre-ferme, & de 70 de la Martinique. Longit. 315. 35. lat. nord 12. 15. (D. J.)​","[[""12 15' N 315 35' E""]]",,12 15' N 315 35' E,12 15' N 315 35' E
v7-1505-0,GRIMBERG,"GRIMBERG, (Géog.)​ petite ville d’Allemagne dans l’électorat de Treves, bâtie au douzieme siecle par Jean, quatre-vingts-sixieme évêque de Treves. Elle est à six lieues S. de cette ville. Long. 24. 10. lat. 49. 30. (D. J.)​","[[""49 30' N 24 10' E""]]",,49 30' N 24 10' E,49 30' N 24 10' E
v7-1547-0,"GROSSA, Isola","GROSSA, Isola, (Géog.)​ ile de la Dalmatie dans le golphe de Venise au comté de Zara, d’environ 20 lieues de circuit. Elle appartient aux Vénitiens. Long. 32d. 33′. 6″. latit. 44d. 4′. 25″. (D. J.)​","[['44 4\' 25"" N 32 33\' 6"" E']]",,"44 4' 25"" N 32 33' 6"" E","44 4' 25"" N 32 33' 6"" E"
v7-1574-0,GRUNSFELD,"GRUNSFELD, (Géog.)​ petite ville d’Allemagne en Franconie, à trois lieues E. de Rothenbourg : elle appartient au langdrave de Leuchtenberg. Lon. 27. 7. lat. 49. 41. (D. J.)​","[[""49 41' N 27 7' E""]]",,49 41' N 27 7' E,49 41' N 27 7' E
v7-1578-0,GRUYERES,"GRUYERES, (Géog.)​ petite ville de Suisse au canton de Fribourg ; elle étoit autrefois la résidence des comtes de Gruyeres, & la capitale de leur comté. Son terroir abonde en pâturages, où l’on nourrit beaucoup de vaches, du lait desquelles on fait ces grands fromages qui prennent leur nom du lieu, & dont la vente fait la seule richesse du canton. Gruyeres est située sur le Sana, à six lieues S. O. de Fribourg. Long. 24. 58. latit. 46. 35. (D. J.)​","[[""46 35' N 24 58' E""]]",,46 35' N 24 58' E,46 35' N 24 58' E
v7-1583-0,GUADALAJARA,"GUADALAJARA, (Géog.)​ ville d’Espagne dans la Nouvelle Castille, sur le Hénarès, à quatre lieues N. E. d’Alcala, douze de Madrid. On a raison de douter que cette ville soit la Caraca de Ptolomée ; en 1460 Henri IV. l’honora du nom de cité, & elle a droit d’assister aux états généraux de Castille.


C’est la patrie de Gomez de Ciudad-Réal (Alvarès) poëte latin espagnol, qui fut élevé avec Charles-Quint, & se fit de la réputation dans son pays par son poëme de la toison d’or : il mourut le 14 Juillet 1538, âgé de cinquante ans. Longit. 14. 50. latit. 40. 36. (D. J.)​","[[""40 36' N 14 50' E""]]",,40 36' N 14 50' E,40 36' N 14 50' E
v7-1604-0,GUANAHANI (Isle de),"GUANAHANI, (Isle de) Géograph.​ autrement nommée par Christophe Colomb, l’île de Saint-Sauveur ; ile de l’Amérique septentrionale, l’une des Lucaies dans la mer du Nord ; ce fut la premiere terre que Colomb découvrit dans le Nouveau-Monde en 1492, le jour même que les Espagnols avoient dessein de Je tuer, fatigués de ne rien trouver ; elle est au sud de Guanima & au nord de Triangulo, avec un assez bon port. Longit. 32. 30. lat. 25. 10. 40. (D. J.)​","[['25 10\' 40"" N 32 30\' E']]",,"25 10' 40"" N 32 30' E","25 10' 40"" N 32 30' E"
v7-1608-0,"GUANÇAVELICA, ou GUANCABELICA","GUANÇAVELICA, ou GUANCABELICA, (Géogr.)​ petite ville de l’Amérique méridionale au Pérou, dans l’audience de Lima, à 60 lieues de Pisco. Long. 305. 30. lat. mérid. 12. 40.


C’est auprès de cette ville qu’est la grande miniere de mercure, qui sert à purifier l’or & l’argent de toute l’Amérique méridionale. Cette mine est creusée dans une montagne fort vaste, & les seules dépenses qu’on a faites en bois pour la soûtenir, sont immenses. On trouve dans cette mine des places, des rues, & une chapelle où l’on célebre la messe les jours de fêtes ; on y est éclairé par un grand nombre de chandelles allumées pendant qu’on y travaille. Les particuliers y font travailler à leurs frais, & sont obligés sous les plus grandes peines de remettre au roi d’Espagne tout le mercure qu’ils en tirent. On le leur paye à un certain prix fixé ; & lorsqu’on en a tiré une quantité suffisante, l’entrée de la mine est fermée, & personne n’en peut avoir que de celui des magasins. On tire communément tous les ans des mines de Guançavelica, pour un million de livres de vif-argent, qu’on mene par terre à Lima, puis à Arica, & de-là à Potosi. Les Indiens qui travaillent dans ces mines deviennent au bout de quelques années perclus de tous leurs membres, & périssent enfin misérablement.


La terre qui contient le vif-argent des mines de Guançavelica, est d’un rouge blanchâtre, comme de la brique mal cuite ; on la concasse, dit M. Frézier (voyages de la mer du sud), & on la met dans un fourneau de terre, dont le chapiteau est une voûte en cul-de-four, un peu sphéroïde ; on l’étend sur une grille de fer recouverte de terre, sous laquelle on entretient un petit feu avec de l’herbe icho, qui est plus propre à cela que toute autre matiere combustible ; c’est pourquoi il est défendu de la couper à 20 lieues à la ronde. La chaleur se communique au-travers de cette terre, & échauffe tellement le minérai concassé, que le vif-argent en sort volatilisé en fumée ; mais comme le chapiteau est exactement bouché, elle ne trouve d’issue que par un petit trou qui communique à une suite de cucurbites de terre, rondes, & emboîtées par le cou les unes dans les autres ; là cette fumée circule & se condense, par le moyen d’un peu d’eau qu’il y a au fond de chaque cucurbite, où le vif-argent tombe condensé, & en liqueur bien formée. Dans les premieres cucurbites, il s’en forme moins que dans les dernieres ; & comme elles s’échauffent si fort qu’elles casseroient, on a soin de les rafraîchir par-dehors avec de l’eau. (D. J.)​","[[""12 40' S 305 30' E""]]",,12 40' S 305 30' E,12 40' S 305 30' O
v7-1616-0,GUARDIA,"GUARDIA, (Géog.)​ ville de Portugal, dans la province de Beira, avec un évêché suffragant de Lisbonne, à 12 lieues S. E. de Visen, 20 O. de Lamego, 50 N. E. de Lisbonne. Long. 11. 18. lat. 40. 20. (D. J.)​","[[""40 20' N 11 18' E""]]",,40 20' N 11 18' E,40 20' N 11 18' O
v7-1638-3,Gueldres,"Gueldres, (Géog.)​ petite ville forte des Pays-Bas, au duché de même nom, cédée au roi de Prusse par le traité d’Utrecht ; elle est dans des marais sur la Niers, à deux lieues nord-est de Venlo. Ce n’est donc pas la Gelduba mentionnée dans l’itinéraire d’Antonin, & dans Pline, liv. XIX. ch. v. car la ville de Gueldres est à quatre lieues du Rhin, & Gelduba étoit sur ce fleuve, castellum rheno impositum, dit Pline. Long. 23. 56. latit. 5. 30. (D. J.)​","[[""5 30' N 23 56' E""]]",,5 30' N 23 56' E,5 30' N 23 56' E
v7-1644-0,GUERANDE,"GUERANDE, Gueranda, (Géog.)​ ville de France en Bretagne, au comté de Nantes. Il s’y fait avec les Anglois quelque commerce de sel blanc, qu’elle tire des salines de son territoire. Elle est à une lieue de l’Océan, & à treize N. O. de Nantes. Long. 15. 13. 24. lat. 47. 19. 39. (D. J.)​","[['47 19\' 39"" N 15 13\' 24"" E']]",,"47 19' 39"" N 15 13' 24"" E","47 19' 39"" N 15 13' 24"" E"
v7-1690-0,GUILLAIN (Saint),"GUILLAIN, (Saint-) Gislenopolis, Géog.​ ville des Pays-Bas autrichiens, au Hainaut, dans la prevôté de Mons, qu’elle défend par ses écluses. Elle est dans un lieu marécageux, sur la riviere de Haine, à deux lieues de Mons. Longit. 21. 29. latit. 50, 25. (D. J.)​","[[""50 25' N 21 29' E""]]",,50 25' N 21 29' E,50 25' N 21 29' E
v7-1724-0,GUISE,"GUISE, (Géog.)​ petite ville de France en Picardie dans la Thiérache, avec un fort château & titre de duché pairie. Elle est sur l’Oise, à 6 lieues N. O. de Saint-Quentin, 10 S. E. de Cambrai, 38 N. E. de Paris. Long. 21. 17. 22. lat. 49. 53. 47.


Billi, (Jacques de) un des savans françois du xvj. siecle, traduisit de grec en latin les ouvrages de S. Grégoire de Nazianze, de S. Isidore de Peluse, de S. Jean Damascene, &c. Il mourut en 1581, âgé de 47 ans. On ne doit pas le confondre avec Jacques de Billi jésuite, né dans le xvij. siecle. (D. J.)​","[['49 53\' 47"" N 21 17\' 22"" E']]",,"49 53' 47"" N 21 17' 22"" E","49 53' 47"" N 21 17' 22"" E"
v7-1730-0,GULTZOW,"GULTZOW, (Géog.)​ petite ville d’Allemagne en Poméranie. Long. 39. 20. lat. 53. 39. (D. J.)​","[[""53 39' N 39 20' E""]]",,53 39' N 39 20' E,53 39' N 39 20' E
v7-1734-0,GUNDELFINGEN,"GUNDELFINGEN, (Géog.)​ petite ville d’Allemagne dans la Soüabe, sujette à la maison palatine. Elle est à six lieues d’Ulm. Lon. 27. 36. lat. 48. 22. (D. J.)​","[[""48 22' N 27 36' E""]]",,48 22' N 27 36' E,48 22' N 27 36' E
v7-1742-0,GURCK,"GURCK, (Géog.)​ ville d’Allemagne dans la basse Carinthie, avec un évêché suffragant de Saltzbourg,​ érigé l’an 1073. Elle est sur la petite riviere de Gurck à 5 lieues N. E. de Clagenfurt, 16 S. E. de Saltzbourg. Long. 31. 50. lat. 47. 10. (D. J.)​","[[""47 10' N 31 50' E""]]",,47 10' N 31 50' E,47 10' N 31 50' E
v7-1743-0,GURIARE,"GURIARE, (Géog.)​ ville ouverte d’Amérique dans la Terre-Ferme, sur la côte septentrionale, assez près de Caracos, à 5 lieues ouest du Cap-blanc. Long. 312. 32. lat. 9. 30. (D. J.)​","[[""9 30' N 312 32' E""]]",,9 30' N 312 32' E,9 30' N 312 32' O
v7-1748-0,GUSTROW,"GUSTROW, (Géog.)​ ville d’Allemagne dans la basse-Saxe, au duché de Meckelbourg, dans la Vandalie proprement dite ; on y professe la confession d’Ausbourg. Elle est à 4 lieues S. O. de Rostock, 7 E. de Wismar, 8 N. E. de Schwérin. Long. 30. 18. latit. 53. 57. (D. J.)​","[[""53 57' N 30 18' E""]]",,53 57' N 30 18' E,53 57' N 30 18' E
v7-181-0,FOSSOMBRONE,"FOSSOMBRONE, (Géog.)​ petite ville d’Italie dans l’Etat ecclésiastique, au duché d’Urbin, avec un évêché suffragant d’Urbin. Elle est bâtie des rui-​nes de l’ancienne Forum Sempronii, près la riviere de Métro, à sept lieues S. O. de Pésaro, quatre S. E. d’Urbin. Long. 30d. 28′. lat. 43d. 42′. (D. J.)​","[[""43 42' N 30 28' E""]]",,43 42' N 30 28' E,43 42' N 30 28' E
v7-196-0,FOUE,"FOUÉ, (Geog.)​ d’autres écrivent Foa, Fuoa, Fua, ancienne ville de la basse Egypte sur le Nil, dans un terroir agréable, à sept lieues de Rosette, & seize S. d’Alexandrie. Longit. 49. latit. 30. 40. (D. J.)​","[[""30 40' N 49 E""]]",,30 40' N 49 E,30 40' N 49 E
v7-201-6,Fougeres,"Fougeres, (Géog.)​ petite ville de France en Bretagne sur le Coesnon, entre Rennes, Avranches, & Dole, aux confins de la Normandie & du Maine ; son nom lui vient, selon M. de Valois, de ce que ses environs étoient autrefois remplis de fougere. Longit. 16. 22. latit. 48. 20.


Elle est la patrie de René le Païs, né en 1636, mort en 1690 ; c’étoit un écrivain très-médiocre, qui donnoit comme Voiture, dont il étoit le singe, sans avoir certaines graces de son modele, dans un mauvais goût de plaisanterie. On sait à ce sujet le vers ironique de Despréaux, sat. iij.



Le Païs sans mentir est un bouffon plaisant.


(D. J.)​","[[""48 20' N 16 22' E""]]",,48 20' N 16 22' E,48 20' N 16 22' E
v7-266-0,FRAGA,"FRAGA, (Géogr.)​ bourg fortifié d’Espagne, au royaume d’Arragon, remarquable par la bataille qui s’y donna contre les Maures l’an 1134, & dans laquelle Alphonse VII. fut battu & tué. Fraga est au pié de la Cinea, à 4 lieues S. de Lérida, 20 S. E. de Sarragosse, 12 S. E. de Balbastro. Long. 17. 58. lat. 41. 28. (D. J.)​","[[""41 28' N 17 58' E""]]",,41 28' N 17 58' E,41 28' N 17 58' E
v7-338-0,"FREJUS, ou FREJULS","FREJUS, ou FREJULS, (Géog.)​ forum Julii, foro Julium, ancienne ville des Gaules ; elle est sur la côte de Provence, avec un évêché suffragant d’Aix.


Jules-César donna son nom à cette ville ; elle a été la patrie d’Agricola, beau-pere de Tacite, qui l’ap-​pelle une colonie illustre & ancienne. Pline la nomme classica, parce qu’Auguste établit un arsenal pour la marine dans son port, qui étoit autrefois très-assuré, mais qui est aujourd’hui comblé, sans qu’on ait pû le rétablir. Voyez Longuerue, & Bouche, histoire de Provence.


Fréjus est près de la mer, à l’embouchure de la riviere d’Argents, dans des marais qui en rendent l’air mal sain ; à 7 lieues d’Antibes, 14 N. E. de Toulon, 12 S. O. de Nice. Longit. 28. 27. latitude 44. 25. (D. J.)​","[[""44 25' N 28 27' E""]]",,44 25' N 28 27' E,44 25' N 28 27' E
v7-375-0,FRIDERICKSTADT,"FRIDERICKSTADT, (Géog.)​ petite ville de la presqu’île de jutland, dans le duché de Sleswick, au confluent de la riviere de Trenne & de celle d’Eyder, fondée en 1621 par Frédéric, duc de Holstein-Gottorp ; elle est à 2 lieues N. E. de Tonneingen, 7 S. O. de Sleswick. Long. 28. 58. lat. 54. 32. (D. J.)​","[[""54 32' N 28 58' E""]]",,54 32' N 28 58' E,54 32' N 28 58' E
v7-376-0,FRIDING,"FRIDING, (Géog.)​ petite ville d’Allemagne dans la Soüabe sur le Danube, à 8 lieues S. E. de Tubingen, 12 N. de Constance. Longit. 32. 42. latit. 47. 50. (D. J.)​","[[""47 50' N 32 42' E""]]",,47 50' N 32 42' E,47 50' N 32 42' E
v7-429-0,"FROWARD, le cap.","FROWARD, le cap. (Géog.) & par les François le cap d'Avance, cap des terres magellaniques sur la côte méridionale de l'Amérique : c'est celui qui avance le plus dans le détroit de Magellan, & qui fait le coude de ce détroit. M. Frezier le place par le 54e degré de lat. & le 308d 45'de long. (D. J.)","[[""54 S 308 45' E""]]",,54 S 308 45' E,54 S 308 45' O
v7-444-0,FUENCHEU ou FOUENTCHÉOU,"FUENCHEU ou FOUENTCHÉOU, (Géogr.)​ grande ville dans la province de Chiknsi, dont elle est la cinquieme métropole, située sur la riviere de ​Fuen : on fait dans son canton, avec du ritz & de la chair de bouc, un breuvage très-fort & très-nourrissant, que les Chinois nomment yangcieu, c’est-à-dire vin de bouc. Le P. Martini donne à Fuencheu 38d. 10′. de latit. longit. 128d. 27′. (D. J.)​","[[""38 10' N 128 27' E""]]",,38 10' N 128 27' E,38 10' N 128 27' E
v7-472-0,FUNCHAL,"FUNCHAL, (Géog.)​ ville de l’Océan atlantique, vers les côtes de Barbarie, capitale de l’île de Madere, sous la domination du roi de Portugal, avec un évêché suffragant de Lisbonne, un port & plusieurs forts. Le P. Biet qui y passa en 1652, l’appelle Fonsaie, & la décrit dans son voyage de la terre équinoctiale. Son commerce consiste en confitures & en vins. Lon. suivant le P. Laval jésuite, 2d55′15″. lat. 32d37′53″. (D. J.)​","[['32 37\' 53"" N 2 55\' 15"" E']]",,"32 37' 53"" N 2 55' 15"" E","32 37' 53"" N 2 55' 15"" O"
v7-481-0,FUNG,"FUNG, (Géog.)​ ville de la Chine, dans la province de Nankin. Le P. Martini lui donne 35d20′ de lat. & le fait de 35d plus orientale que Peking. (D. J.)​","[[""35 20' N 35 W""]]",['Pékin'],35 20' N 35 W,35 20' N
v7-482-0,FUNG-GYANG,"FUNG-GYANG, (Géog.)​ ville de la Chine, dans la province de Xansi, remarquable par la naissance de Chu, qui de simple prêtre, devint empereur de la Chine. Long. 134d10′. latit. 35d20′, suivant le P. Martini. (D. J.)​","[[""35 20' N 134 10' E""]]",,35 20' N 134 10' E,35 20' N 134 10' E
v7-503-0,FURNES,"FURNES, (Géog.)​ en latin Furnæ, selon Grammaye & Meyer ; ville forte des Pays-Bas, capitale de la châtellenie de Furnes dans la Flandre : elle a été prise & reprise bien des fois. La châtellenie de Furnes, en flamand Furner-Anibacht, est seulement considérable par la richesse de ses habitans, & par sa situation. Voyez Longuerue & Grammaye, antiq. Flandriæ. La ville de Furnes est proche la mer, à deux lieues S. O. de Nieuport, trois N. O. de Dixmude, quatre N. E. de Dunkerque. Long. 20d19′38″. lat. 51d4′17″. (D. J.)​","[['51 4\' 17"" N 20 19\' 38"" E']]",,"51 4' 17"" N 20 19' 38"" E","51 4' 17"" N 20 19' 38"" E"
v7-550-0,GABIN,"GABIN, (Géog.)​ petite ville de la grande Pologne au palatinat de Riva, à six lieues S. E. de Plosko, seize O. de Varsovie. Long. 38d10′. latit. 52d18′. (D. J.)​","[[""52 18' N 38 10' E""]]",,52 18' N 38 10' E,52 18' N 38 10' E
v7-584-0,GAIETE ou GAETE,"GAIETE ou GAETE, caieta, (Géogr.)​ ancienne ville d’Italie, au royaume de Naples, dans la terre de Labour, avec une forteresse, une citadelle, un port, & un évêché suffragant de Capouë, mais exempt de sa jurisdiction. Elle est au pié d’une montagne proche la mer, à 12 lieues E. de Capouë, 15 de Naples, 28 de Rome. Long. 31. 12. lat. 41. 30.


Vio (Thomas de) théologien, cardinal, beaucoup plus connu sous le nom de Cayetan (mais qu’il ne faut pas confondre avec celui qui par ses intrigues vouloit faire tomber la couronne de France à l’infante d’Espagne), naquit à Gaiete le 20 Février 1469, & mourut à Rome le 9 Août 1534. Il a composé un grand nombre d’ouvrages théologiques qu’on ne lit plus ; cependant ses commentaires sur l’Ecriture imprimés à Lyon en 1539 en 5 vol. in-fol. entrent encore dans quelques bibliotheques, en faveur du nom de l’auteur, & des emplois dont il a été décoré. (D. J.)​","[[""41 30' N 31 12' E""]]",,41 30' N 31 12' E,41 30' N 31 12' E
v7-586-0,GAILLAC,"GAILLAC, Galliacum, (Géogr.)​ petite ville du haut Languedoc dans l’Albigeois, assez remarquable par le commerce de ses vins, & plus encore par son abbaye de Bénédictins, dont on ne trouve cependant aucune mention avant l’an 972. Cette abbaye fut sécularisée en 1536, & forme à présent un chapitre. La ville de Gaillac est sur le Tarn, à 3 lieues O. d’Albi, 6 N. de Lavaur. Long. 19. 30. lat. 43d. 50′. (D. J.)​","[[""43 50' N 19 30' E""]]",,43 50' N 19 30' E,43 50' N 19 30' E
v7-68-0,FONTAINE-BLEAU,"FONTAINE-BLEAU, (Géog.)​ Fons Bleaudi, bourg de l’Isle de France dans le Gâtinois, remarquable par le palais des rois de France, dont Louis le Jeune peut passer pour le premier fondateur, & François I. pour le second. Henri III. y naquit. Il est à quatorze lieues de Paris ; la forêt qui l’environne s’appelloit anciennement la forêt de Bievre. Long. suivant Cassini, 20. 12. 30. latit. 48. 24. 30. (D. J.)​","[['48 24\' 30"" N 20 12\' 30"" E']]",,"48 24' 30"" N 20 12' 30"" E","48 24' 30"" N 20 12' 30"" E"
v7-692-0,GAND,"GAND, Ganéavum, (Géogr.)​ ville capitale de la Flandre autrichienne, avec un fort château bâti par Charles-Quint pour tenir en bride les habitans, & un évêché suffragant de Malines, érigé par Paul IV. en 1559. L’Escaut, la Lys, la Lieve, & la Moëre, coupent cette ville en plusieurs iles. Elle est située à 9 lieues S. O. d’Anvers, 11 O. de Malines, 10 N. O. de Bruxelles, 8 S. E. de Middelbourg.


Cette ville si souvent prise, reprise, & cédée par des traités, perd tous les jours de son lustre & de sa force. Les Gantois étoient plus libres dans le xv. siecle sous leurs souverains, que les Anglois même ne le sont aujourd’hui sous leurs rois. Personne n’ignore que le mariage de leur princesse qu’ils conclurent avec Maximilien, fut la source de toutes les guerres qui ont mis pendant tant d’années la maison de France aux mains avec celle d’Autriche.


Charles-Quint, rival de François I. plus puissant & plus fortuné, mais moins brave & moins aimable, naquit à Gand le 24 Février 1500. On le vit, dit M. de Voltaire, en Espagne, en Allemagne, en Italie, maître de tous ces états sous des titres différens, toûjours en action & en négociation, heureux long-tems en politique & en guerre, le seul empereur puissant depuis Charlemagne, & le premier roi de toute l’Espagne depuis la conquête des Maures, opposant des barrieres à l’empire ottoman, faisant des rois, & se dépouillant enfin de toutes les couronnes dont il étoit chargé, aller mourir en triste solitaire, après avoir trouble l’Europe, & n’ayant pas encore 59 ans.


La patrie de Charles-Quint n’a pas été féconde en gens de lettres célebres. Je ne me rappelle parmi les littérateurs que Levinius Torrentius : ce savant, après s’être distingué par quelques ouvrages en vers & en prose, & sur-tout par une édition de Suétone accompagnée de bonnes notes, mourut le 26 Avril 1695.


La longitude de Gand, suivant Cassini, est 21d26′30″. latit. 51d3′. (D. J.)​","[['51 3\' N 21 26\' 30"" E']]",,"51 3' N 21 26' 30"" E","51 3' N 21 26' 30"" E"
v7-698-0,GANGEA,"GANGEA, (Géogr.)​ une des meilleures villes de Perse, dans la Géorgie, capitale de la province de même nom. Les basards ou marchés y sont magnifiques, & les maisons entre-coupées de bocages délicieux. Gangea est dans une grande plaine agréable & fertile, à 66 lieues d’Erivan, 42 S. de Teflis. Long. 65. 10. lat. 41. 32. (D. J.)​","[[""41 32' N 65 10' E""]]",,41 32' N 65 10' E,41 32' N 65 10' E
v7-718-0,GAP,"GAP, Vapincum, (Géog.)​ De Vapincum s’est formé Gap, comme gâter de vastare. Valois, notit. gall. p. 584. C’est une ancienne ville de France en Dauphiné, capitale du Gapençois, avec un évêché suffragant d’Aix. Le Gapençois, Vappencensis pagus, a titre de comté, & l’on sait que le parlement de Provence a inutilement reclamé cette petite contrée, comme usurpée par le parlement de Grenoble. Gap est au pié d’une montagne, sur la petite riviere de Beny, à 9 lieues de Sisteron, 7 d’Embrun, 20 de Grenoble. Long. 23d44′23″. lat. 44d35′9″. (D. J.)​","[['44 35\' 9"" N 23 44\' 23"" E']]",,"44 35' 9"" N 23 44' 23"" E","44 35' 9"" N 23 44' 23"" E"
v7-734-0,"GARDE, (la)","GARDE, (la) Géogr.​ petite ville d’Italie au Veronois, dans les états de Venise. Elle est sur un lac auquel elle donne son nom, à sept lieues de Verone. Long. 28. 16. lat. 45. 35. (D. J.)​​","[[""45 35' N 28 16' E""]]",,45 35' N 28 16' E,45 35' N 28 16' E
v7-735-0,GARDELEBEN,"GARDELEBEN, (Géogr.)​ petite ville d’Allemagne dans la vieille marche de Brandebourg, sujette au roi de Prusse. Son commerce principal consiste en houblon & en bierre. Elle est sur la Bise, à 15 lieues de Magdebourg, 22 de Brunswic. Long. 29. 30. latit. 52. 44. (D. J.)​","[[""52 44' N 29 30' E""]]",,52 44' N 29 30' E,52 44' N 29 30' E
v7-836-0,GAZNAH,"GAZNAH, (Géogr.)​ ville d’Asie en Perse, & dans la province de Zablestan. Nassir Edden & Vlug Beig lui donnent 104d20′. de long. & 33d35′. de latit. (D. J.)​","[[""33 35' N 104 20' E""]]",,33 35' N 104 20' E,33 35' N 104 20' E
v7-865-0,GEMBLOURS,"GEMBLOURS, Geminiacum, (Géogr.)​ petite ville des Pays-Bas dans le Brabant, distinguée par une abbaye qui est remarquable par son ancienneté, & pour avoir donné des hommes illustres à l’Eglise. L’abbé joüit du titre de comte, & tient le premier rang dans les états de Brabant. Dom Juan d’Autriche gagna près de Gemblours une bataille sur l’armée des Etats-Généraux en 1578. Elle est sur l’Orne au diocese de Namur, à 7 lieues de Louvain, 4 N. O. de Namur, 9 S. de Bruxelles. Long. 22. 20. lat. 50. 32. (D. J.)​","[[""50 32' N 22 20' E""]]",,50 32' N 22 20' E,50 32' N 22 20' E
v7-909-0,GENGOUX (Le royal saint),"GENGOUX, (Le royal saint-) Géog.​ Gengulsinum regale, ville de France en Bourgogne au diocese de Châlons, avec une châtellenie royale ; elle est au pié d’une montagne près de la riviere de Grône, à huit lieues nord-oüest de Mâcon, sept sud-oüest de Châlons, soixante-six sud-est de Paris. Long. 22. 8. latit. 46. 40. (D. J.)​","[[""46 40' N 22 8' E""]]",,46 40' N 22 8' E,46 40' N 22 8' E
v7-965-0,GERBADÉCAN,"GERBADÉCAN, (Géog.)​ ville d’Asie en Perse, dans le Couhestan. Les géographes orientaux lui donnent 85d25′. de longitude, & 34°. de latitude. (D. J.)​","[[""34 N 85 25' E""]]",,34 N 85 25' E,34 N 85 25' E
v7-968-0,GERBEROY,"GERBEROY, Gerboredum ou Gerborecum, (Géog.)​ petite ville de France dans le Beauvoisis, située sur une haute montagne, au pié de laquelle coule le Térin. Elle a un chapitre qui consiste en treize prébendes, & un vidame, dont joüissent les évêques de Beauvais. Voyez l’abbé de Longuerue, dans sa description de la France. C’est à Gerberoy que fut signé le traité de paix en 948, entre Richard-sans-Peur duc de Normandie, & Louis IV. dit d’Outre-mer roi de France. Cette ville est à quatre lieues de Beauvais, vingt nord-oüest de Paris. Lon. 19. 22. lat. 49. 35. (D. J.)​","[[""49 35' N 19 22' E""]]",,49 35' N 19 22' E,49 35' N 19 22' E
v7-976-1,"Germain-en-Laye, (Saint-)","Germain-en-Laye, (Saint-) Géog.​ petite ville de l’île de France, avec une maison royale, embellie par plusieurs de nos rois. C’est un des plus beaux séjours de France par sa position, sa forêt & ses jardins. Elle est à quatre lieues de Paris sur la Seine. Long. 19. 40. lat. 48. 52.


Marguerite de France, fille de François premier, naquit à Saint-Germain-en-Laye le 5 Juin 1523, & se fit une gloire immortelle par sa beauté, par son savoir & par ses vertus. Ses sujets la nommoient la mere des peuples.


Henri II. né dans le même château le 31 Mai 1518, & mort à Paris le 10 Juillet 1559, d’un coup de lance que lui donna Montgommeri dans un tournois, persécuta les Calvinistes de son royaume, soûtint ceux d’Allemagne, fit alliance avec les Suisses, qui s’y prêterent avec peine, & fut soûmis dès le commencement de son regne aux volontés de la duchesse de Valentinois, qui se rendit maîtresse de son cœur & de son esprit, quoiqu’elle fût âgée de quarante-sept ans.


Charles IX. naquit aussi à Saint-Germain-en-Laye le 27 Juin 1550. Son regne fut rempli de meurtres & d’horreurs ; il s’avoüa l’auteur de la Saint-Barthélemy, & sa devise étoit deux colonnes avec ces mots, pietate & justitiâ.


Louis XIV. vit le jour dans le même lieu le 5 Septembre 1638, après vingt-trois ans de stérilité de la reine sa mere ; phénomene aussi singulier que la longueur de son regne. (D. J.)​​","[[""48 52' N 19 40' E""]]",,48 52' N 19 40' E,48 52' N 19 40' E
v7-976-2,"Germain-Laval, (Saint-)","Germain-Laval, (Saint-) Géog.​ ville de France dans le Fores, avec une châtellenie royale : elle est dans un terrein fécond en bons vins, à quatre-vingts-onze lieues sud-est de Paris. Lon. 21. 31. 42. lat. 45. 49. 57. (D. J.)​","[['45 49\' 57"" N 21 31\' 42"" E']]",,"45 49' 57"" N 21 31' 42"" E","45 49' 57"" N 21 31' 42"" E"
v7-992-0,GERSAW,"GERSAW, (Géog.)​ bourg de Suisse, près du lac de Lucerne, entre ce canton & celui de Schwitz. C’est une espece de petite république souveraine, qui ne dépend de personne depuis un tems immémorial, privilége trop singulier pour ne pas mériter qu’on transcrive ici le nom du lieu qui est assez heureux pour en joüir. Long. 26. 2. lat. 47. 6. (D. J.)​","[[""47 6' N 26 2' E""]]",,47 6' N 26 2' E,47 6' N 26 2' E
v8-101-0,HAIE (la),"HAIE (la) Géog.)​ lieu charmant des Provinces-Unies dans la province d’Hollande, autrefois résidence des comtes de Hollande, d’où lui vient son nom flamand de S’Gravenhagen, que l’on exprime en latin par Haga Comitum.


C’est aujourd’hui le centre du gouvernement de la république, la demeure des membres des Etats-généraux, des ambassadeurs & ministres étrangers.​Quoique la Haie n’ait point encore de rang marqué parmi les villes de la Hollande, elle a par son étendue, par le nombre & la beauté de ses palais, par la dignité de ses habitans, par les prérogatives de ses magistrats, & par la magnificence de ses promenades, de quoi tenir rang entre les plus belles villes de l’Europe.


C’est d’une petite maison de chasse dans un bois où les comtes de Hollande venoient quelquefois, que s’est formé ce beau lieu ; mais l’éclat où nous le voyons aujourd’hui, n’existoit pas encore au treizieme siecle ; il arriva seulement qu’alors Guillaume II. comte de Hollande, élu & couronné empereur en 1248, transporta de tems en tems son séjour à la Haie, où il commença le palais qui est aujourd’hui la cour. En 1291 la Haie devint le chef-lieu d’un bailliage ; avec le tems il prit le nom de village, & même en 1557, il ne passoit point encore pour être une ville. Voyez Altingius & Boxhornius sur tous les autres détails.


La Haie est située à une petite lieue de la mer, à environ autant de Delft, au N. O. à trois lieues S. O. de Leyde, quatre N. O. de Rotterdam, & douze S. O. d’Amsterdam. Long. 21. 45. lat. 52. 4. 10.


Puisque la Hollande est si féconde en gens de lettres du premier ordre, il ne faut pas s’étonner que la Haie participe à cette gloire ; mais entre un grand nombre de savans dont elle est la patrie, je me contenterai de citer ici Golius, Huyghens, Meursius, Ruysch, Sallengre, & Second.


Golius (Jacques) fut un des plus habiles hommes de son siecle dans les langues orientales ; nous lui devons deux excellens dictionnaires, l’un arabe & l’autre persan ; l’histoire des Sarrasins par Elmacin, & les élémens astronomiques d’Alfergan avec des commentaires : il voyagea tant en Asie qu’en Afrique, & mourut à Leyde en 1667 à l’âge de 71 ans.


Huyghens (Chrétien), en latin Hugenius, se montra l’un des plus grands mathématiciens & des meilleurs astronomes du dix-septieme siecle. Il apperçut le premier un anneau & un troisieme satellite dans Saturne ; il trouva le secret de donner de la justesse aux horloges, en y appliquant un pendule, & en rendant toutes les vibrations égales par la cycloïde ; il perfectionna les télescopes, & fit un grand nombre de découvertes utiles. Il mourut dans sa patrie en 1695 à 66 ans : on peut voir son éloge dans le journal de M. de Beauval, Août 1695 ; mais il faut le lire dans l’hist. de l’Acad. des Sciences, dont il étoit associé étranger. Ses ouvrages ont été recueillis, & forment trois volumes in-4°.


Meursius (Jean) l’un des plus érudits & des plus laborieux écrivains du siecle passé, méritoit bien son emploi de professeur en histoire & en langue greque à Leyden. Il a tellement développé l’état de l’ancienne Grece par ses divers ouvrages, insérés ensuite dans le trésor de Grævius, qu’il n’a rien laissé à glaner après lui ; voyez-en la liste étonnante dans Morery, ou dans le P. Niceron, tome XII. page 181. Il mourut de la pierre à Sora en 1639, à 60 ans ; son fils Jean (car il se nommoit comme son pere) qui marchoit sur ses traces, mourut à la fleur de son âge, ayant déjà publié quelques écrits très estimés.


Ruysch (Fréderic) paroît encore un homme plus rare en son genre. Les gens de l’art savent avant moi, qu’il n’y a personne au monde à qui la fine Anatomie soit plus redevable, qu’au talent supérieur de ses injections. Ses ouvrages si curieux sont entre les mains de tous ceux qui cultivent la Medecine & l’Anatomie. Il mourut à Amsterdam en 1731, comblé de gloire pour ses admirables découvertes, âgé presque de 93 ans. Le docteur Schreiber a donné sa​ vie, en medecin vraiment éclairé ; M. de Fontenelle a fait son éloge dans l’hist. de l’académie des Sciences, dont il étoit membre.


M. de Sallengre (Albert Henri) n’avoit que 30 ans, quand la petite vérole trancha ses jours en 1723 ; cependant il avoit déjà publié des ouvrages pleins d’érudition. On connoît son grand recueil latin d’antiquités romaines, en 3 vol. in-fol. & ses mémoires de littérature en 2 vol. in-12.


Second, (Jean) Secundus, a donné des poésies latines où regnent la fécondité & l’agrément ; ses élégies & ses pieces funebres sont touchantes ; ses sylves sont bucoliques ; ses poésies intitulées Basia, réunissent la délicatesse & la galanterie trop licentieuse. Il les auroit condamné lui-même dans un âge mûr, mais il n’y parvint pas ; il mourut tout jeune, à 25 ans, en 1536.


Je ne sais si je dois nommer à la suite des savans qu’a produit la Haie, ce monarque célebre du dernier siecle, qu’on appelloit le stathouder des Anglois, & le roi des Hollandois. Il fut, dit M. de Voltaire, simple & modeste dans ses mœurs, méprisa toutes les superstitions humaines, ne persécuta personne pour la Religion, eut les ressources d’un général & la valeur d’un soldat, devint l’ame & le chef de la moitié de l’Europe, gouverna souverainement la Hollande sans la subjuguer, acquit un royaume contre les droits de la nature, & s’y maintint sans être aimé. Il termina sa carriere en 1702, à l’âge de 52 ans. (D. J.)​","[['52 4\' 10"" N 21 45\' E']]",,"52 4' 10"" N 21 45' E","52 4' 10"" N 21 45' E"
v8-1025-0,HOLY-ISLAND,"HOLY-ISLAND, (Géog.)​ Lindisfarnia, petite île d’Angleterre, sur la côte de Northumberland ; l’air n’en est pas sain, ni le terroir fertile ; sa plus grande ressource est la chasse & la pêche ; mais le havre est assez bon, & défendu par un fort. Il y avoit autrefois dans cette île un monastere avec une église, qui avoit titre d’évêché, & qui fut ensuite transféré à Darham. Elle étoit aussi la retraite d’un grand nombre de solitaires ; & c’est apparemment pour ces raisons, qu’on lui donne le nom de Holy-Island, qui signifie l’Isle-Sainte. Long. 15. 56. lat. 55. 40. (D. J.)​","[[""55 40' N 15 56' E""]]",,55 40' N 15 56' E,55 40' N 15 56' E
v8-1122-1,Horn,"Horn, (Géogr.)​ petite ville des Pays-Bas autrichiens, au pays de Liége, capitale d’un comté de même nom, qui a sept lieues de longueur sur cinq de largeur, à une lieue de la Meuse & de Ruremonde, à six de Mastricht. Long. 23. 30. lat. 51. 12. (D. J.)​","[[""51 12' N 23 30' E""]]",,51 12' N 23 30' E,51 12' N 23 30' E
v8-1123-0,HORNBACH,"HORNBACH, (Géog.)​ petite ville d’Allemagne au duché de Deux-Ponts, sur l’Horn, avec une abbaye de bénédictins, à un mille sud-est de Deux-Ponts. Long. 26. 11. latit. 49. 13. (D. J.)​","[[""49 13' N 26 11' E""]]",,49 13' N 26 11' E,49 13' N 26 11' E
v8-1339-0,HUY,"HUY, (Géog.)​ petite ville des Pays-Bas dans l’évêché de Liége. Elle fut prise & reprise plusieurs fois dans les guerres de Louis XIV. Elle est avantageusement située sur la Meuse, à 5 lieues S. O. de Liége, 6 N. E. de Namur. Long. 22, 57. lat. 50, 31.


Mélart (Laurent) natif de cette ville, dont il a été bourguemestre, nous en a donné l’histoire à laquelle les curieux pourront recourir. (D. J.)​H Y","[[""50 31' N 22 57' E""]]",,50 31' N 22 57' E,50 31' N 22 57' E
v8-143-0,HALITZ,"HALITZ, Halicia, (Géog.)​ petite ville de Pologne, capitale d’un petit pays de même nom, dans la Russie rouge, sur le Niester, à quinze milles S. E. de Lembourg, vingt N. O. de Kaminieck. Long. 43. 35. latit. 49. 20. (D. J.)​","[[""49 20' N 43 35' E""]]",,49 20' N 43 35' E,49 20' N 43 35' E
v8-1610-0,JAFA,"JAFA, (Géog.)​ autrefois dite par les étrangers Joppé, ancienne ville d’Asie dans la Palestine, & fameuse dans l’Ecriture-sainte, à 8 lieues de Jérusalem, avec un mauvais port. Saladin la ruina ; quelques années après, S. Louis tâcha de la rétablir, & y donna des exemples de sa charité ; elle est aujourd’hui si misérable, qu’on y comptoit à peine 300 pauvres habitans, au rapport de Paul Lucas, qui la vit en 1707. Le plus beau bâtiment consiste en deux vieilles tours quarrées, où demeure un aga du grand-seigneur, qui y reçoit quelque tribut des pélerins du lieu. Long. 52. 55. lat. 32. 20. (D. J.)​","[[""32 20' N 52 55' E""]]",,32 20' N 52 55' E,32 20' N 52 55' E
v8-1618-2,"Iago del Estero, Sant","Iago del Estero, Sant, (Géog.)​ ville de l’Amérique méridionale, sans murs, sans fossés, & sans habitans, car on y trouveroit à peine une centaine de maisons ; c’est néanmoins la résidence de l’inquisiteur ordinaire de la province. Elle est située sur une riviere poissonneuse, dans un pays plat, fertile en froment, en seigle, en orge, en fruits, & en tigres carnassiers ; sa distance du Potosi est à environ 70 lieues. Long. 315. 35. lat. mérid. 28. 25. (D. J.)​","[[""28 25' S 315 35' E""]]",,28 25' S 315 35' E,28 25' S 315 35' O
v8-1618-5,"Iago, Sant","Iago, Sant, (Géog.)​ considérable ville de l’Amérique méridionale, capitale du Chili, avec un beau port, un évêché suffragant de Lima, & une audience royale ; c’est la résidence du gouverneur du Chili, & du tribunal de l’inquisition. Elle fut bâtie par Pierre de Valdivia en 1541, dans une belle & vaste plaine, abondante en tout ce qui est nécessaire à la vie, au pié de la Cordillera de los Andès, sur la petite riviere de Mapécho, qui la traverse de l’E. à l’O. Il y a différens canaux, par le moyen desquels on arrose les jardins, & on rafraîchit les rues.


Elle a éprouvé de fréquens tremblemens de terre, & quelques-uns qui l’ont fort endommagé, entr’autres ceux de 1647 & 1657. Le premier renversa cette ville de fond en comble, & répandit dans l’air des vapeurs si vénéneuses, que tous les habi-​tans, qui sont Espagnols & Indiens, en moururent, à trois ou quatre cens personnes près.


Cependant les chaleurs de ce climat, qui gît sous le 33e degré de lat. Sud, sont extrèmement modifiées par le voisinage des montagnes de la Cordeliere, dont les cimes élevées jusqu’aux cieux, & couvertes d’une neige éternelle, entretiennent à Sant-Iago, au plus fort de l’été, une heureuse température ; la terre y est d’une fertilité singuliere, & procure toutes sortes d’arbres fruitiers ; le paturage est excellent, & on y engraisse une grande quantité de bétail ; le bœuf & le mouton s’y vendent pour rien, & sont d’un goût délicieux. Long. 308. lat. mérid. 33. 40. (D. J.)​","[[""33 40' S 308 E""]]",,33 40' S 308 E,33 40' S 308 O
v8-1623-0,JAGRENATE ou JAGANAT,"JAGRENATE ou JAGANAT, (Géog.)​ lieu des Indes, située à 45 milles de Ganjam, sur l’une des embouchures du Gange ; c’est-là où le grand bramine, c’est-à-dire le grand-prêtre des Indiens, fait sa résidence, à cause du pagode qu’on y a bâti, & dont nous allons parler. Long. 103d45′30″. lat. 19. 50.


L’édifice de ce temple indien, le plus célebre d’Asie, est extrèmement élevé, & renferme une vaste enceinte. Il donne son nom à la ville qui l’environne, & à toute la province ; mais la grande idole qui est sur l’autel, en fait la gloire & la richesse : cette idole, nommée Késora, a deux diamans à la place des yeux ; un troisieme diamant, attaché à son cou, lui descend sur l’estomac ; le moindre de ces diamans est d’environ 40 karats, au rapport de Tavernier ; les bras de l’idole étendus & tronçonnés un peu plus bas que le coude, sont entourés de bracelets, tantôt de perles, tantôt de rubis ; elle est couverte, depuis les épaules jusqu’aux piés, d’un grand manteau de brocard d’or ou d’argent, selon les occasions ; ses mains sont faites de petites perles, appellées perles à l’once ; sa tête & son corps sont de bois de santal.


Ce dieu, car c’en est un dans l’esprit des Indiens, quoiqu’il soit assez semblable à un singe, est continuellement frotté avec des huiles odoriférantes qui l’ont entierement noirci ; il a sa sœur à sa main​droite, & son frere à sa gauche, tous deux vêtus & debout ; devant lui paroît sa femme, qui est d’or massif : ces quatre idoles sont sur une espece d’autel, entouré de grilles, & personne ne peut les toucher que certains bramines destinés à cet honneur. Autour du dôme qui est fort élevé, & sous lequel cette famille est placée, ce ne sont, depuis le bas jusqu’au haut, que des niches remplies d’autres idoles, dont la plûpart représentent des monstres hideux, faits de pierres de différentes couleurs ; derriere la déesse Késora, est-le tombeau d’un des prophetes indiens, à qui l’on rend aussi des adorations.


Il y a dans le même temple une foule d’autres idoles, où les pélerins vont faire leurs moindres offrandes ; & ceux qui dans leurs maladies, ou dans de grands évenemens, se sont voués à quelque dieu, en apportent la ressemblance dans ce lieu-là, pour reconnoître le secours qu’ils croient en avoir reçu.


Le temple de Jagrenate qui possede toutes ces idoles, est le plus fréquenté de l’Asie, à quoi contribue beaucoup sa situation sur le Gange, dont les eaux lavent de toutes souillures ; on y aborde de toutes parts, & le revenu en est si considérable, par les taxes & les aumônes, qu’il pourroit suffire à nourrir dix milles personnes chaque jour : l’argent que produit le culte que l’on y vient rendre aux idoles, est un des plus grands revenus du raja de Jagrenate, qui est prince souverain, quoiqu’en apparence tributaire du grand-mogol.


En entrant dans la ville, il faut payer trois roupies, c’est pour le raja ; avant même que de mettre le pié dans le temple, il faut payer une roupie pour les bramines, & c’est la taxe des plus pauvres pélerins, car les riches donnent magnifiquement. Le grand-prêtre, qui dispose seul des revenus du temple, a soin, avant que d’accorder la permission aux pélerins de se raser, de se laver dans le Gange, & de faire les autres choses nécessaires pour s’acquitter de leurs vœux, de taxer chacun selon ses moyens, dont il s’est exactement informé ; le tout est appliqué à l’entretien du pagode, à celui des dieux du temple, à la nourriture des pauvres, & à celle des prêtres qui doivent vivre de l’autel.


Mais on a beau payer cher l’entrée du temple, & les dévotions aux idoles, le concours de monde qui y aborde de toutes les parties de l’Inde, soit en-deçà, soit en-delà du Gange, n’en est que plus grand & plus fréquent.


Il y a des pélerins qui pour être dignes d’entrer dans le temple font des deux cens lieues, en se prosternant sans cesse sur la route, jusqu’à la fin de leur pélerinage, qui dure quelquefois plusieurs années. D’autres traînent par mortification de longues & pesantes chaînes attachées à leur ceinture ; quelques-uns marchent jour & nuit les épaules chargées d’une cage de fer, dans laquelle leur tête est enfermée : on a vû des Indiens se précipiter sous les roues du char qui portoit l’idole de Jagrenate, & se faire briser les os par piété.


Enfin, la superstition réunissant tous les contraires, on a vû d’un côté les prêtres de la grande idole amener tous les ans une fille à leur dieu, pour être honorée du titre de son épouse, comme on en présentoit une quelquefois en Egypte au dieu Anubis ; & d’un autre côté, on conduisoit au bucher de jeunes veuves, qui se jettoient gaiement dans les flammes sur les corps de leurs maris. (D. J.)​","[['19 50\' N 103 45\' 30"" E']]",,"19 50' N 103 45' 30"" E","19 50' N 103 45' 30"" E"
v8-1632-0,JAICK le,"JAICK le, (Géog.) grande riviere de la Tartarie à son extrémité orientale. Elle la sépare du Turquestan, prend sa source au Caucase, dans la partie que les Tartares nomment Aral-tag, à 53 dégrés de latit. & à 85 de longit. après un cours d'environ 80 lieues d'Allemagne ; elle se jette dans la mer Caspienne, à 45 lieues à l'Est de l'embouchure du Wolga ; il y a une quantité prodigieuse de poisson, dont on transporte les oeufs salés par toute l'Europe, sous le nom de caviar. Voyez Caviar. (D. J.)",[['53 N 85 E']],,53 N 85 E,53 N 85 E
v8-1686-0,JAMETS,"JAMETS, Gemmatium, (Géog.)​ petite ville de France au Barrois, sur les frontieres du Luxembourg & du Verdunois, à 2 lieues S. de Montmedi, & à 3 E. de Stenay. Long. 23. 5. latit. 49. 25. (D. J.)​","[[""49 25' N 23 5' E""]]",,49 25' N 23 5' E,49 25' N 23 5' E
v8-1727-0,JAPARE,"JAPARE, (Géog.)​ ville des Indes orientales, dans l’île de Java, sur la côte septentrionale, avec un bon port. Il s’y fait un très-grand commerce, & l’on y voit aborder de toutes les nations des Indes, Javanois, Persans, Arabes, Guzarates, Chinois, Malais, Péguans, &c. Les femmes y sont également laides, & portées à l’amour. Voyez les recits des voyages de la Compagnie hollandoise. Long. 128. 40. latit. méridionale. 6. 45. (D. J.)​","[[""6 45' S 128 40' E""]]",,6 45' S 128 40' E,6 45' S 128 40' E
v8-180-1,Ham,"Ham, en latin Hammus, (Géog.)​ petite ville de France en Picardie, à quatre lieues de Noyon, sur la Somme ; les Espagnols la prirent après la bataille de Saint-Laurent, en 1557. Elle retourna à la France en 1559, par le traité de Câteau-Cambrésis. Voyez Piganiol de la Force & l’abbé de Longuerue. Elle est à vingt-neuf lieues N. E. de Paris. Long. 20. 44. 16. latit. 49. 44. 58. (D. J.)​","[['49 44\' 58"" N 20 44\' 16"" E']]",,"49 44' 58"" N 20 44' 16"" E","49 44' 58"" N 20 44' 16"" E"
v8-186-0,HAMAH,"HAMAH, (Géogr.)​ ville de Syrie, à laquelle le géographe Abulfeda donne 60d45′ de longit. & 34d45′ de latit. Elle fut renversée par un horrible tremblement de terre en 1157, & a été depuis rétablie. C’est la même que l’Apamée de Strabon sur l’Oronte, fondée par Seleucus Nicanor, qui faisoit nourrir 500 éléphans dans son territoire fertile. C’est ici que se donna sous Aurélien la fameuse bataille entre les Romains & Zénobie reine de Palmyre ; on sait qu’elle la perdit, & qu’elle fut menée prisonniere à Rome avec son fils. Ce qui reste aujourd’hui de cette ville mérite encore quelques regards des curieux, au rapport de M. de la Roque, dans son Voyage de Syrie. Un Pacha a le gouvernement de tout le canton. (D. J.)​","[[""34 45' N 60 45' E""]]",,34 45' N 60 45' E,34 45' N 60 45' E
v8-1892-10,"Jean d'Ulua, S.","Jean d’Ulua, S. (Géog.)​ petite île de l’Amérique septentrionale sur la mer du nord, dans la nouvelle Espagne, à l’entrée du port de la Véra-Crux ; elle a été découverte vers l’an 1518, par Grijalva. Long. 280. 20. lat. 19. (D. J.)​","[[""19 N 280 20' E""]]",,19 N 280 20' E,19 N 280 20' O
v8-1892-5,"Jean d'Angély, S.","Jean d’Angély, S. (Géog.)​ Angeriacum, ancienne ville de France en Saintonge, avec une ab-​baye de bénédictins, fondée en 942 par Pepin, roi d’Aquitaine ; elle est sur la Boutonne, à 6 lieues N. E. de Saintes, 13 S. E. de la Rochelle, 92 S. O. de Paris. Long. 17. 5. lat. 45. 55.


Cette ville a été le lieu de la naissance de Priolo, & celui de la mort du premier prince de Condé.


Priolo (Benjamin) naquit en 1602 ; il est auteur d’une histoire latine de France, qui s’étend depuis 1602 jusqu’à 1664 ; il la composa dans un esprit éloigné de la flatterie, quoiqu’il eût des pensions du roi, qui l’employa à des négociations importantes. Cette histoire doit plaire à ceux qui aiment les portraits & les caracteres, car les phrases de Tacite en fournissent presque toutes les couleurs, & semblent s’y être placées d’elles-mêmes.


Henri de Bourbon, premier du nom, prince de Condé, mourut vraissemblablement de poison à S. Jean d’Angély, en 1588, âgé de 35 ans. Le roi de Navarre (Henri IV.) son cousin, n’en reçut la nouvelle qu’en versant un torrent de larmes, purpureos & ego spargam flores ; il les mérite par ses malheurs & par ses vertus. Humain, brave, affable, ferme, généreux, éloquent, il joignit, d’après l’exemple de son pere, toutes les vertus du héros à l’amour & à la pratique de sa religion ; ayant échappé comme on sait avec le roi de Navarre au massacre de la S. Barthélemi, il répondit à Charles IX. qui vouloit par la force l’engager à changer de religion, que son autorité ne s’étendoit pas sur les consciences, & en même tems il quitta la cour. Il est grand-pere du célebre prince de Condé (Louis de Bourbon, II. du nom), si fameux par les batailles de Rocroy, de Fribourg, de Nortlingue, de Lens, de Sénef, &c. (D. J.)​","[[""45 55' N 17 5' E""]]",,45 55' N 17 5' E,45 55' N 17 5' E
v8-1892-8,"Jean de Maurienne, S.","Jean de Maurienne, S. (Géog.) petite ville de Savoie, sans murailles, capitale du comté de Maurienne, dans la vallée du même nom, avec un évêché suffragant de l'archevêché de Vienne ; elle est sur la riviere d'Arche, aux confins du Dauphiné, à 5 lieues S. O. de Moutiers, 10 N. E. de Grenoble, 9 S. E. de Chambéry. Long. 24. 1. lat. 45. 118. (D. J.)","[[""45 118' N 24 1' E""]]",,45 118' N 24 1' E,45 118' N 24 1' E
v8-1915-0,JENKOPING,"JENKOPING. Janocopia, (Géog.)​ ville ouverte de Suede, dans la province de Smaland, sur le lac Water, avec une citadelle, à 22 lieues nord-ouest de Calmar, 18 sud-est de Falkoping. Long. 31. 55. lat. 57. 22. (D. J.)​","[[""57 22' N 31 55' E""]]",,57 22' N 31 55' E,57 22' N 31 55' E
v8-1972-0,IGLAW,"IGLAW, (Géog.)​ ville d’Allemagne, en Moravie, sur l’Igla, à 16 lieues O. de Brinn, 17 N. de Krem, 30 S. E. de Prague. Elle a été plusieurs fois prise & reprise, pendant les guerres civiles de Boheme. Long. 33. 40. lat. 49. 10. (D. J.)​","[[""49 10' N 33 40' E""]]",,49 10' N 33 40' E,49 10' N 33 40' E
v8-202-0,HAMER,"HAMER, Hammaria, (Géog.)​ petite ville de Norwege, au gouvernement d’Aggerhus. Elle étoit autrefois épiscopale sous la métropole de Drontheim, mais son évéché a été uni à celui d’Anslo ; elle est à 24 lieues N. E. d’Anslo. Long. 28. 40. latit. 60. 30. (D. J.)​","[[""60 30' N 28 40' E""]]",,60 30' N 28 40' E,60 30' N 28 40' E
v8-2025-0,ILLE,"ILLE, (Géog.)​ petite ville de France dans le Roussillon, a quatre lieues de Perpignan ; elle est jolie & bien bâtie, dit Piganiol de la Force, tom. VI. p. 449. Long. 21. 20. lat. 42. 25. (D. J.)​","[[""42 25' N 21 20' E""]]",,42 25' N 21 20' E,42 25' N 21 20' E
v8-2051-0,ILSTADT,"ILSTADT, Ilstadium, (Géog.)​ ville d’Allemagne en Baviere, au confluent du Danube & de l’Ills, vis-à-vis de Passaw. Long. 31. 15. lat. 48. 28. (D. J.)​","[[""48 28' N 31 15' E""]]",,48 28' N 31 15' E,48 28' N 31 15' E
v8-2122-11,Impériale,"Impériale, (Géogr.)​ ville de l’Amérique méridionale au Chili, à quatre lieues de la mer du Sud,​au bord de la riviere de Cauter. Elle a été fondée par le gouverneur Pierre Valdivia en 1551, à 39 lieues de la Conception, où l’évêque s’est retiré depuis la prise de la ville par les Indiens. Elle est dans un pays charmant, sur une roche escarpée ; mais il lui manque un bon port, à cause des bancs de sable, qui y mettront toûjours un obstacle invincible. Long. 305. latit. mérid. 38. 40. (D. J.)​","[[""38 40' S 305 E""]]",,38 40' S 305 E,38 40' S 305 O
v8-213-0,HAMPTON-COURT,"HAMPTON-COURT, Hamptoni curia, (Géog.)​ maison royale embellie par Guillaume III. & bâtie par le cardinal Wolsey, sous le regne de Henri VIII. le paysage, le parterre, l’avenue, & les parcs sont d’une beauté admirable. Ce palais est dans le Milddlesex, sur la Tamise, à quatre lieues S. E. de Londres. On y voit les célebres cartons de Raphaël ; ce grand peintre les fit à la requisition de François I. pour sa manufacture des Gobelins. Long. 17. 15. lat. 51. 26. (D. J.)​","[[""51 26' N 17 15' E""]]",,51 26' N 17 15' E,51 26' N 17 15' E
v8-2473-0,INNERKITHING,"INNERKITHING, (Géog.)​ port de mer de l’Ecosse méridionale dans le golfe de Forth, à trois lieues N. O. d’Edimbourg, 102 N. O. de Londres. Long. 14. 35. lat. 56. 22. (D. J.)​","[[""56 22' N 14 35' E""]]",,56 22' N 14 35' E,56 22' N 14 35' O
v8-2535-0,INSPRUCK,"INSPRUCK, (Géog.)​ Œni-pons, ville d’Allemagne, capitale du Tirol ; c’étoit autrefois la résidence d’un archiduc de la maison d’Autriche ; son nom est allemand ; il est composé du mot Inn, qui est le nom de la riviere sur laquelle cette ville est située ; en latin Œno, & du mot bruck, qui veut dire un pont : en changeant le b en p, on a fait Inspruck ; en latin Œni-pons, c’est-à-dire Pont-sur-l’Inn. Elle est dans un beau vallon, à 11 lieues N. O. de Brixen, 25 S. de Munich, 95 S. E. de Vienne. Long. selon Harris, 29. 16. 15. lat. 47. 15.


Il y a un jésuite, nommé le pere Tanner (Adam) natif d’Inspruck, qui est mis par son corps au rang des illustres écrivains que la société a produits dans le dernier siecle : je laisse à juger de son mérite par sa somme sur saint Thomas, sa théologie scholastique, spéculative & pratique, & son astrologie sacrée, pour apprendre aux Chrétiens à connoître les choses saintes par le concours des astres. (D. J.)​","[['47 15\' N 29 16\' 15"" E']]",,"47 15' N 29 16' 15"" E","47 15' N 29 16' 15"" E"
v8-2715-0,JOHANSBURG,"JOHANSBURG, (Géog.)​ ville de Pologne dans la Sudavie, canton de la Prusse ducale, avec une citadelle sur la Pysch. Long. 40. 34. latitude 53. 15. (D. J.)​","[[""53 15' N 40 34' E""]]",,53 15' N 40 34' E,53 15' N 40 34' E
v8-2718-0,JOIEUSE,"JOIEUSE, (Géogr.)​ Gaudiosa, petite ville de France dans le bas-Vivarez, avec titre de duché-pairie, érigée en 1581 par Henri III. en faveur de son mignon Anne vicomte de Joyeuse. Elle est sur la riviere de Beaune, à 9 lieues sud-ouest de Viviers, 16 nord-ouest de Nismes, 134 sud-est de Paris. Long. 21. 55. lat. 44. 26. (D. J.)​","[[""44 26' N 21 55' E""]]",,44 26' N 21 55' E,44 26' N 21 55' E
v8-2800-0,IPSWICH,"IPSWICH, (Géog.)​ ville considérable d’Angleterre, capitale de la province de Suffolck, avec un port très-commode ; elle envoye deux députés au Parlement, & est sur la Stoure, à environ 20 milles de la mer, 55 nord-est de Londres, Long. 18. 35. lat. 52. 6.


Wolsey qui marcha de pair avec les souverains, nâquit à Ipswich ; on ne peut qu’être étonné du rôle qu’il joua dans le monde, quand on considere l’obscurité de sa naissance. Fils d’un boucher, il devint archevêque d’Yorck, chancelier d’Angleterre, cardinal, légat perpétuel à latere, l’arbitre de l’Europe, & le premier ministre de son maître, revêtu d’une puissance absolue dans le spirituel & le temporel. La bulle que Léon X. lui envoya, lui donnoit droit de nommer des docteurs en toutes facultés, de créer cinquante chevaliers, cinquante comtes palatins, autant d’acolytes, de chapelains, & de notaires apostoliques ; enfin de légitimer les batards, de délivrer les prisonniers, & d’accorder des dispenses sans bornes. Environné de toutes les grandeurs mondaines il succomba à l’ordre d’Henri VIII. de l’arrêter, se mit au lit en apprenant cette nouvelle, & mourut peu de jours après en 1531, âgé de 60 ans, le plus riche & le plus éminent particulier du siecle : cependant il montra dans cette conjoncture un courage qu’on ne devoit pas attendre d’un homme corrompu depuis si long-tems par l’ambition, la fortune & la volupté ; sa mort parut toute simple à l’Angleterre ; elle n’y fit pas plus de bruit que sa naissance. (D. J.)​","[[""52 6' N 18 35' E""]]",,52 6' N 18 35' E,52 6' N 18 35' E
v8-285-1,Haro,"Haro, (Géog.)​ ville d’Espagne dans la vieille Castille, au bord de l’Ebre, chef-lieu d’un comté érigé par le roi Juan II. en faveur de dom Pedre Fernandez de Valesco, tige des connétables de Castille ; elle doit sa premiere fondation en 900 à Fernand Laynez : elle est à trois lieues de Nagera. Long. 15. 12. lat. 42. 35. (D. J.)​","[[""42 35' N 15 12' E""]]",,42 35' N 15 12' E,42 35' N 15 12' O
v8-2863-0,ISELSTEIN,"ISELSTEIN, (Géog.)​ petite ville des pays-bas sur l’Issel, à une lieue & demie d’Utrecht ; elle prend son nom de la riviere qui l’arrose : on ignore le tems​de sa fondation, mais elle n’eut des murs & des portes qu’en 1390 ; elle est du domaine des princes d’Orange. Long. 22. 34. lat. 52. 6. (D. J.)​","[[""52 6' N 22 34' E""]]",,52 6' N 22 34' E,52 6' N 22 34' E
v8-2897-0,"ISPAHAN, ou HISPAHAN","ISPAHAN, (Géog.)​ ou HISPAHAN, en persan Sephaon, & par les Arabes Esfahan, capitale de la Perse, la plus grande, la plus belle ville de l’orient, & celle où les Sciences, si je puis user ici de ce terme, étoient le plus cultivées du tems de Chardin,​ qui a employé un volume entier à décrire cette superbe ville.


Il nous la peint aussi peuplée que Londres ou Paris le sont actuellement, dans un air sec & pur ; un terroir fertile, où les vivres se vendent pour rien, & où abordent pour le commerce une foule incroyable de négotians de toute la terre, & de toutes les sectes, Banians, Bramins, Chrétiens, Juifs, Mahométans, Gentils, Guèbres, &c. Les Banians vont du cap de Comorin jusqu’à la mer Caspienne trafiquer avec vingt nations sans s’être jamais mêlés à aucune.


Les mémoires représentent Ispahan ayant au moins 7 lieues de tour, & possédant dans l’enceinte de ses murailles 162 mosquées, 1802 caravansérais, 273 bains, 48 colléges, des ponts superbes, 100 palais plus beaux les uns que les autres, quantité de rues ornées de canaux, dont les côtés sont couverts de platanes, pour y donner de l’ombre, des bazards magnifiques placés dans tous les quartiers & dans les fauxbourgs, un nombre prodigieux de salles immenses qu’on appelle maisons à caffé, où les uns prenoient de cette liqueur devenue à la mode parmi nous sur la fin du xvij. siecle ; les autres jouoient, lisoient ou écoutoient des faiseurs de contes, tandis qu’à un bout de la salle, un ecclésiastique prêchoit pour quelque argent, & qu’à un autre bout, ces especes d’hommes qui se sont fait un art de l’amusement des autres, déployoient tous leurs talens ; tout son détail montre un peuple sociable dans une ville très-opulente.


Mais quand on parcourt la description que Chardin fait du Maydan ou marché royal, celle du palais de l’empereur qui a plus d’une lieue de circuit, la magnificence de sa cour, de ses serrails, de ses écuries, du nombre de ses chevaux, couverts de riches brocards, de leurs harnois brillans de pierreries, de ces quatre mille vases d’or qui servoient pour sa table, on croit lire un roman, un conte de fées, ou du moins une relation du tems de Xerxès.


Telle étoit toutefois la magnificence de Sha-Abas II, dans le tems de notre voyageur ; telle étoit alors Ispahan. Dans notre siecle la Perse entiere a été désolée & boulversée pendant trente années de suite par tous ses voisins ; la célebre, la riche & superbe ville d’Ispahan a été pillée, saccagée, ruinée de fond en comble ; son commerce a été anéanti ; enfin ses habitans ont presque tous péri par la famine ou par le fer dans les deux étranges révolutions survenues depuis 1722, & qui ont jetté le royaume de l’état le plus florissant dans le plus grand abysme de malheurs. Voyez Perse.


Ispahan est très-ancienne, quoique ce ne soit pas l’Hécatompolis des Grecs. Il est vraissemblable qu’elle a succédé à l’Aspadana de Ptolomée, l’Aspachan de Cédrene, & l’Aspada de l’anonime de Ravenne ; Sha-Abas I. qu’on a surnommé le Grand, parce qu’il fit de très-grandes choses, la choisit pour la capitale de son empire, & ne négligea ni soins ni dépenses pour l’embellir, jusqu’à percer une montagne pour amener une riviere dans le Zendérond, sur lequel elle est située, à 108 lieues S. E. de Casbin, & 106 N. E. de Bassora. Long. selon Cassini, Desplaces, & Lieutaud, 70d21′30″. Latit. 32. 25. (D. J.)​","[['32 25\' N 70 21\' 30"" E']]",,"32 25' N 70 21' 30"" E","32 25' N 70 21' 30"" E"
v8-2951-0,ITZEHOA,"ITZEHOA, (Géog.)​ ancienne ville d’Allemagne au duché d’Holstein ; elle appartient au roi de Dannemarck, & tient le troisieme rang entre les villes du Holstein. Elle est sur la riviere du Stoër, à 2 milles N. E. de Gluckstadt, 7 N. O. de Hambourg. Long. 27. latit. 54.8. (D. J.)​ Fin du Tome huitieme.","[[""54 8' N 27 E""]]",,54 8' N 27 E,54.8 N 27 E
v8-304-0,HARTFORD,"HARTFORD, (Géogr.)​ ville de l’Amérique septentrionale, capitale d’une colonie de même nom, dans la nouvelle Angleterre. Long. 304. latit. 41. 40. (D. J.)​","[[""41 40' N 304 E""]]",,41 40' N 304 E,41 40' N 304 O
v8-329-0,HASTINGS,"HASTINGS, (Géog.)​ ancienne ville maritime d’Anglerre dans le Sussex, l’un des cinq anciens ports dont les députés au Parlement sont appellés les barons des cinq ports, quoiqu’il y en ait huit aujourd’hui.


Ce lieu est bien mémorable par deux sanglantes batailles, qui ont alternativement changé la face de la Grande-Bretagne. La premiere, est la fameuse bataille d’Hastings, que Guillaume duc de Normandie livra le 14 Octobre 1066, qui dura douze heures, & qui décida du sort de l’Angleterre entre ses mains ; Harold roi d’Angleterre, & deux de ses freres, y furent tués. La seconde bataille se donna l’an 1263, entre Henri III. & les barons du royaume, en faveur desquels la victoire se déclara. Hastings est à envion 50 milles S. O. de Londres. Long. 18. 12. lat. 50. 44. (D. J.)​","[[""50 44' N 18 12' E""]]",,50 44' N 18 12' E,50 44' N 18 12' O
v8-343-0,HATUAN,"HATUAN, Haduanunt, (Géog.)​ ville & forteresse de la haute-Hongrie, sur la riviere de Zagy, entre Bude & Erla, au comté de Novigrad. Les Impériaux la prirent en 1685 ; elle est à 15 lieues N. E. de Bude, 14 S. O. d’Agria. Long. 37. 22. lat. 47. 52. (D. J.)​","[[""47 52' N 37 22' E""]]",,47 52' N 37 22' E,47 52' N 37 22' E
v8-347-0,HAVANE (la),"HAVANE (la), Géog.​ grande & riche ville de l’Amérique septentrionale. Elle est située sur la côte du nord de l’île de Cuba, vis-à-vis la Floride, avec un port très-renommé, fortifié, & si vaste, qu’il peut contenir mille vaisseaux. Ce port, ou plûtôt cette baie, s’enfonce une lieue au sud, & forme comme différens bras à l’ouest & à l’est. Le mouillage en est bon, & on y est en sûreté contre les vents les plus violens ; la ville est très-commerçante, & a trois forts pour sa défense. On y compte six maisons de différens ordres, trois monasteres de religieuses, environ trois cens familles espagnoles, & grand nombre d’esclaves ; cette ville est comme le rendez-vous de toutes les flottes d’Espagne, & lui appartient. Long. suivant Cassini, 296. 15. lat. 23. 11. 52. (D. J.)​","[['23 11\' 52"" N 296 15\' E']]",,"23 11' 52"" N 296 15' E","23 11' 52"" N 296 15' O"
v8-458-0,HÉDÉMUORA,"HÉDÉMUORA, Hedemora, (Géog.)​ ville de Suede dans le Westerdal, sur le bord oriental de la Dala, aux confins de la Gestricie, de l’Uplande & de la Westmanie. Elle est à 12 lieues S. O. de Gevali, 22 N. O. d’Upsal. Long. 33. 50. latit. 6. 14. (D. J.)​","[[""6 14' N 33 50' E""]]",,6 14' N 33 50' E,6 14' N 33 50' E
v8-465-0,"HÉEL, & par les François HEILA","HÉEL, & par les François HEILA, (Géog.)​ petite ville de Prusse dans la Cassubie, à l’embouchure de la Vistule dans la mer Baltique, sujette au roi de Pologne, à quinze lieues N. E. de Dantzick. Longit. 37. latit. 54. 53. (D. J.)​","[[""54 53' N 37 E""]]",,54 53' N 37 E,54 53' N 37 E
v8-47-0,HADAMAR,"HADAMAR, Hademarium, (Géog.)​ ville d’Allemagne au cercle du Haut-Rhin, dans la Wétéravie, résidence ordinaire d’une branche de la maison de Nassau, avec un château près de la riviere de Lohne, à neuf lieues N. O. de Mayence, six E. de Coblents. Long. 25. 41. latit. 50. 21. (D. J.)​","[[""50 21' N 25 41' E""]]",,50 21' N 25 41' E,50 21' N 25 41' E
v8-483-0,"HEILIGE-LAND, ou L'ISLE-SAINTE","HEILIGE-LAND, ou L’ISLE-SAINTE, Insula sancta, (Geog.)​ isle de la mer d’Allemagne, entre l’embouchure de l’Eider & celle de l’Elbe. Elle appartient au duc de Holstein depuis 1713, & le roi de Dannemarck tenta inutilement de s’en rendre maître. Long 25. 54. lat. 50. 28. (D. J.)​","[[""50 28' N 25 54' E""]]",,50 28' N 25 54' E,50 28' N 25 54' E
v8-486-0,HEILIGEN-HAVE,"HEILIGEN-HAVE, (Géogr.)​ port & petite ville d’Allemagne sur la mer Baltique en basse Saxe, dans la Wagrie, vis-à-vis de l’isle de Fémeren. Long. 28. 50. lat. 54. 30. (D. J.)​","[[""54 30' N 28 50' E""]]",,54 30' N 28 50' E,54 30' N 28 50' E
v8-487-0,HEILIGENPEIL,"HEILIGENPEIL, (Géog.)​ petite ville de Prusse, dans la province de Natangen, entre Braunsberg &​Brandebourg. Longit. 38. 22. latit. 54. 47. (D. J.)​","[[""54 47' N 38 22' E""]]",,54 47' N 38 22' E,54 47' N 38 22' E
v8-488-0,HEILIGENSTADT,"HEILIGENSTADT, (Géog.)​ ville d’Allemagne, capitale du territoire d’Eichsfeldt, appartenant à l’électeur de Mayence. Elle est au confluent de la riviere de Gesled & de la Leine, à 12 lieues N. O. d’Eisenach. Long. 27. 42. lat. 51. 30. (D. J.)​","[[""51 30' N 27 42' E""]]",,51 30' N 27 42' E,51 30' N 27 42' E
v8-540-0,HELLESPONT,"HELLESPONT, s. m. (Géog.)​ fameux canal ou détroit qui sépare l’Europe & l’Asie, & qui est indifféremment nommé par les modernes, le bras de S. Georges, les bouches de Constantinople, le détroit de Gallipoli, ou le détroit des Dardanelles. Voyez Dardanelles.


Les anciens l’appelloient Hellespont, du nom de Hellé, fille d’Athamas, qui en le traversant, pour s’enfuir dans la Colchide, avec son frere Phryxus, chargés tous deux de la toison d’or, tomba malheureusement dans cette mer, où elle périt. On y arrive par diverses routes, après avoir laissé derriere soi, à droite ou à gauche, les isles Cyclades & Sporade, qui composent dans la mer Egée, ce qu’on appelle l’Archipel.


Ce détroit est situé au 35d42′ de latitude, & environ au 55 de long. Toute sa longueur est de 10 à 12 lieues ; il n’en a guere plus d’une de largeur à son entrée, & dans toute la suite, il n’a qu’une demi-lieue tout au plus. A son couchant, que l’on a sur la gauche en y entrant, on voit la Thrace, qui est une partie de l’Europe que ce détroit sépare d’avec la Troade, Province d’Asie, qui est à son orient. Il a la Propontide au nord, avec tout l’Archipel au sud. A l’entrée de ce passage à main droite, on trouve le promontoire Sigée, qu’on appelle aujourd’hui cap Gianizzari ; quand on a passé les châteaux neufs bâtis par Mahomet IV, on entre dans l’Hellespont dont ils sont les portes ; & de-là jusqu’aux Dardanelles, il n’y a aucun vestige d’antiquités considérables.


Comme cette mer a divers noms chez les modernes, elle en a eu aussi plusieurs chez les Poëtes, auxquels celui de Hellespontus, ne convenoit pas toûjours ; Virgile, Æneid. liv. I. v. 385. l’appelle la mer de Phrygie, Phrygium æquor, parce qu’en effet ce détroit resserre la Phrygie à l’orient. Lucain, liv. VI. v. 55. & Valerius Flaccus, liv. II. v. 586. l’appellent l’un, Phryxœum pontum, l’autre, Phryxea æquora, la mer de Phryxus, nommant le frere pour la sœur, parce que, selon la fable, elle étoit avec son frere Phryxus, lorsqu’elle donna son nom à cette mer. Leur pere étoit Athamas, & de-là lui vint la dénomination de mer Athamantide.


Enfin, Ausone, in Mosell. v. 287. & 288, employe trois expressions de suite, pour peindre l’Hellespont, tant la poésie latine a de richesses pour s’exprimer. 



Quis modò Sestiacum pelagus, Nepheleidosque Helles
Æquor, Abydoni freta quis miretur Ephebi.

Il l’appelle en premier lieu la mer de Sestos, & cette ville étoit sur le rivage du détroit du côté de l’Europe. Secondement, la mer d’Hellé, fille de Nephélé & d’Athamas ; & enfin le détroit du jeune homme d’Abydos : Abydos étoit au midi de Sestos, & le poëte fait allusion à l’histoire touchante de Héro & de Léandre. (D. J.)​","[[""35 42' N 55 E""]]",,35 42' N 55 E,35 42' N 55 E
v8-547-1,Helmstadt,"Helmstadt, (Géog.)​ ville forte & maritime de Suede, capitale de la province de Halland ; elle appartient à la Suede depuis 1645. Elle est près de la mer Baltique, à 22 de nos lieues N. O. de Lunden, 22 N. E. de Copenhague, 24 S. E. de Gothenbourg. Long. 30. 30. lat. 56. 42. (D. J.)​","[[""56 42' N 30 30' E""]]",,56 42' N 30 30' E,56 42' N 30 30' E
v8-554-0,HELSINGOHR,"HELSINGOHR, (Géog.)​ les François disent Elseneur, ville de Dannemark sur l’Orésund, dans l’isle de Sélande, à 6 lieues au N. de Copenhague, vis-à-vis Helsinbourg. Tous les vaisseaux qui passent par ce détroit, sont obligés de payer un droit de passage au roi de Dannemark. Long. 30. 30. lat. 55. 58.


Jacques-Isaac Pontanus, historiographe du roi de Dannemarck, & de la province de Gueldres, naquit à Helsingohr, vers le milieu du xvj. siecle, & mourut à Harderwick en 1640. Il s’est fait beaucoup d’honneur par ses ouvrages historiques & géographiques ; & c’est bien ici le lieu de les indiquer. 1°. Rerum Danicarum histor. lib. X. unà cum ejusdem regni urbiumque descriptione ; 2°. Gueldriæ & Zutphaniæ chorographica descriptio ; 3°. Historiæ Gueldricæ lib. XIV ; 4°. Hist. urbis & rerum Amstelodamensium ; 5°. Disceptat. corographicæ de Rheni divortiis, & accolis populis. 6°. Itinerarium Galliæ Narbonensis. (D. J.)​","[[""55 58' N 30 30' E""]]",,55 58' N 30 30' E,55 58' N 30 30' E
v8-660-0,HERBEMONT,"HERBEMONT, (Géog.)​ petite ville des pays-bas Autrichiens, au duché de Luxembourg, dans le comté de Chiny, près de la riviere de Semoy, à une lieue de Chiny, & à quatre de Montmédy. Long. 23. 6. lat. 49. 38. (D. J.)​","[[""49 38' N 23 6' E""]]",,49 38' N 23 6' E,49 38' N 23 6' E
v8-701-0,HERMANSTAD,"HERMANSTAD, (Géog.)​ Cibinium, grande ville de Hongrie, capitale de la Transylvanie, & la résidence du prince de Transylvanie ; elle est sur la riviere de Ceben, à 12 de nos lieues E. de Weissembourg, 36 N. O. de Tergowisk, 65 N. E. de Belgrade, 108 S. E. de Bude. Long. 43. lat. 46. 25. (D. J.)​","[[""46 25' N 43 E""]]",,46 25' N 43 E,46 25' N 43 E
v8-765-0,"HERTFORD, ou HARTFORD","HERTFORD, ou HARTFORD, (Géog.)​ ville d’Angleterre, capitale de l’Hertfordshire, avec titre de comté ; elle est ancienne, & a été autrefois plus considérable qu’à présent. La cause de sa décadence vient en partie de ce qu’on a détourné le grand chemin pour le faire passer à Warc. Elle envoie deux députés au parlement, & est sur la riviere de Léa, à 20 milles N. de Londres. Long. 17. 35. lat. 51. 48. (D. J.)​","[[""51 48' N 17 35' E""]]",,51 48' N 17 35' E,51 48' N 17 35' O
v8-767-0,HERTZBERG,"HERTZBERG, (Géog.)​ ville d’Allemagne dans l’électorat de Saxe, sur les confins de la Lusace, à 10 lieues S. E. de Wirtemberg. 14 N. O. de Dresde. Long. 31. 12. lat. 51. 41. (D. J.)​","[[""51 41' N 31 12' E""]]",,51 41' N 31 12' E,51 41' N 31 12' E
v8-814-0,HEXAM,"HEXAM, (Géogr.)​ petite ville ou bourg d’Angleterre dans le Northumberland, dont l’évêché a été uni par Henri VIII. à celui de Durham. Il est à 14 milles O. de Newcastle, 70 N. O. de Londres. Long. 15. 27. lat. 55. 2. (D. J.)​","[[""55 2' N 15 27' E""]]",,55 2' N 15 27' E,55 2' N 15 27' E
v8-869-0,HILLÉ,"HILLÉ, (Géog.)​ ville d’Asie dans l’Irac-Arabique ; elle est entre Bagdat & Coufa, à 79. 45. de long. & à 31. 50. de lat. Quelques voyageurs nomment une seconde Hillé dans le même pays sur le Tigre, entre Vaset & Bassora. On parle d’une troisieme Hillé en Perse, dans le Conrestan, & d’une quatrieme dans la Turquie Asiatique, auprès du Mosul, ou Moussel. (D. J.)​","[[""31 50' N 79 45' E""]]",,31 50' N 79 45' E,31 50' N 79 45' E
v8-93-0,HAGUENAU,"HAGUENAU, Hagonoja, (Géogr.)​ petite ville de France en Alsace, capitale d’un bailliage ou préfecture de même nom, autrefois impériale. Les François la prirent en 1673, & les Impériaux en 1702 ; les François la reprirent en 1703, & les Impériaux en 1705, après que le prince Louis de Bade eut forcé les lignes des François, qui néanmoins s’en rendirent encore maîtres en 1706. Elle est sur la Motter qui la divise en deux parties, à 5 lieues N. de Strasbourg, 6 O. de Bade, 10 S. O. de Landau, 102 E. de Paris. Long. 25d. 27′. 55″. latit. 48d. 48′. 45″.


Haguenau a donné le jour à Capiton (Wolphang Fabrice), qui se fit recevoir docteur en Medecine, en Droit & en Théologie ; mais il se distingua seulement dans cette derniere science : il devint un des plus habiles théologiens de son tems dans le parti d’Œcolampade, dont il épousa la veuve. Il mourut de la peste en 1542, âgé de 63 ans. (D. J.)​","[['48 48\' 45"" N 25 27\' 55"" E']]",,"48 48' 45"" N 25 27' 55"" E","48 48' 45"" N 25 27' 55"" E"
v8-964-0,HOCHSTET,"HOCHSTET, (Géog.)​ petite ville ou bourg d’Allemagne en Baviere sur le Danube, remarquable par la sanglante bataille que le prince Eugene & le duc de Mariboroug y gagnerent sur les François le 18 Août 1704. Hochstet est sur le Danube à 3 milles S. O. de Donavert, 1. N. E. de Dillingen, 5. N. E. d’Ulm. Long. 32. 21. lat. 48. 36. (D. J.)​","[[""48 36' N 32 21' E""]]",,48 36' N 32 21' E,48 36' N 32 21' E
v8-971-0,HOECHST,"HOECHST, (Géog.)​ petite ville d’Allemagne dans l’électorat de Mayence sur le Mein, à une lieue de Francfort. Long. 26. 10. lat. 50. 1. (D. J.)​","[[""50 1' N 26 10' E""]]",,50 1' N 26 10' E,50 1' N 26 10' E
v8-981-0,HOG'R ou HADGRE,"HOG’R ou HADGRE, (Géog.)​ ville d’Asie dans l’Arabie heureuse, à 28 lieues S. E. de Yamamah. Long. 66. 30. latit. 23. 40. (D. J.)​","[[""23 40' N 66 30' E""]]",,23 40' N 66 30' E,23 40' N 66 30' E
v9-1019-0,LAVAL,"LAVAL, (Géograph.)​ On la nomme aujourd’hui Laval-Guyon, en latin Vallis-Guidonis ; ville de France dans le bas Maine, avec titre de comté-pairie. Elle est à 6 lieues de Mayenne, 16 N. O. du Mans ; 14 de Rennes, d’Angers & de la Fleche ; 58 S. O. de Paris. Long. 16. 45 lat. 48. 4.


Laval n’est point dépourvûe de gens de lettres nés dans son sein : ma mémoire me fournit les quatre suivans.


Bigot (Guillaume), qui fleurissoit sous François I. Ce prince, ayant oui parler de sa grande érudition, voulut lui faire du bien, mais on trouva le secret de l’en détourner par une méchanceté qui n’a que trop souvent réussi à la cour. On dit au roi que Bigot étoit un politique aristotélicien, préférant, comme ce grec, le gouvernement démocratique à la monarchie. Alors François I. se récria qu’il ne vouloit plus voir ni favoriser de ses graces un fou qui adhéroit à de pareils principes.


Rivault (David), sieur de Flurance, devint précepteur de Louis XIII. & fit entr’autres ouvrages des élémens d’artillerie, imprimés en 1608 in-8°, qui sont rares & assez curieux. Il mourut en 1616 âgé de 45 ans.


Tauvry (Daniel), de l’académie des sciences, ingénieux anatomiste, mais trop épris de l’amour des systèmes, qui lui fit adopter des erreurs pour des vérités. Il mourut en 1700 à la fleur de son âge, à 31 ans.


Paré (Ambroise) s’est immortalisé dans la Chirurgie. Il finit ses jours en 1592, & peu s’en fallut que ce ne fût 20 ans plûtôt, je veux dire dans le massacre de la S. Barthélemi ; mais Charles IX. dont il étoit le premier chirurgien, le sauva de cette boucherie, soit par reconnoissance ou pour son intérêt personnel. (D. J.)​","[[""48 4' N 16 45' E""]]",,48 4' N 16 45' E,48 4' N 16 45' E
v9-1031-0,"LAUBACH, Laubacum","LAUBACH, Laubacum, (Géog.)​ ville d’Allemagne, capitale de la Carniole, avec un évêché suffragant d’Aquilée, mais exempt de sa jurisdiction. Les Italiens nomment cette ville Lubiana : elle est sur la petite riviere de Laubach, à 12 lieues S. E. de Clagenfurt, 20 N. E. d’Aquilée, 62 S. O. de Vienne. Long. 32. 22. lat. 46. 20. (D. J.)​","[[""46 20' N 32 22' E""]]",,46 20' N 32 22' E,46 20' N 32 22' E
v9-1039-0,LAUDICK,"LAUDICK, (Géog.)​ petite ville de la grande Pologne, sur la riviere de Warte, dans le palatinat de Kalish, à 12 lieues N. de Kalish. Long 35. 58. lat. 51. 50. (D. J.)​","[[""51 50' N 35 58' E""]]",,51 50' N 35 58' E,51 50' N 35 58' E
v9-1053-0,"LAUFFENBOURG, Lauffenburgum","LAUFFENBOURG, Lauffenburgum, (Géog.)​ ville d’Allemagne dans la Souabe, & l’une des quatre villes forestieres. Le duc de Saxe-Weimar la prit en 1638 ; elle appartient présentement à la maison d’Autriche, & est sur le Rhin, qui coupe la ville en deux parties presqu’égales, à sept lieues sud-est de Bâle, 10 nord-est de Zurich, 10 sud-est de Schaffouse. Long. 25. 45. lat. 47. 36. (D. J.)​","[[""47 36' N 25 45' E""]]",,47 36' N 25 45' E,47 36' N 25 45' E
v9-1059-0,LAUNCESTON,"LAUNCESTON, (Géog.)​ vulgairement LAUNSTON, sanum sancti Stephani, ville à marché d’Angleterre, au pays de Cornouailles, près du Tamer, qui sépare cette province de celle de Dévonshire, à 170 milles de Londres ; elle envoie un député au parlement. Long. 13. 16. lat. 50. 40. (D. J.)​","[[""50 40' N 13 16' E""]]",,50 40' N 13 16' E,50 40' N 13 16' O
v9-1228-0,"LENS, Lentium","LENS, Lentium, (Géog.)​ petite ville de France en Artois, dont les fortifications ont été rasées. Il y a long-tems que cette ville porte le nom de Lens, car il se trouve dans les capitulaires de Charles le Chauve, selon M. de Valois, page 187 de sa notice gall. Cette ville fut cédée à la France par le traité des Pyrénées. Elle est sur le ruisseau de Sonchets, à 3 lieues d’Arras, 4 N. O. de Douay, 46 N. E. de Paris. Long. selon Cassini, 20d21′37″. latit. 50d25′58″.


La gloire dont se couvrit M. le prince de Condé en 1648 dans la bataille de Lens contre les Espagnols, a été immortalisée par ces beaux vers de Despréaux.



C’est ainsi, grand Condé, qu’en ce combat célebre,
Où ton bras fit trembler le Rhin, l’Escaut & l’Ebre ;
Lorsqu’aux plaines de Lens nos bataillons poussés,
Furent presque à tes yeux ouverts & renverses ;
Ta valeur arrêtant les troupes fugitives,
Rallia d’un regard leurs cohortes craintives,
Répandit dans leurs rangs ton esprit belliqueux,
Et força la victoire à te suivre avec eux. (D. J.)​","[['50 25\' 58"" N 20 21\' 37"" E']]",,"50 25' 58"" N 20 21' 37"" E","50 25' 58"" N 20 21' 37"" E"
v9-1243-0,"LÉON, Legio","LÉON, Legio, (Géog.)​ ancienne ville de France dans la basse Bretagne, capitale du Léonois, avec un évêché suffragant de Tours. Un nommé Pol Aurélien, dans le vj. siecle, fut le fondateur & le premier évêque de cette ville, ce qui la fit appeller depuis saint Pol de Léon ; il établit le siege épiscopal des Osismiens, les plus célebres entre les Armoriques, on les appelle Osismii & Oximii : l’évêché de Léon occupe toute la longueur de la côte de la basse Bretagne, depuis la rade de Brest jusqu’à la riviere de Morlaix. La ville de Léon est près de la mer à 12 lieues N. E. de Brest, 119 S. O. de Paris. Long. 13d39′39″. latit. 48d40′56″.","[['48 40\' 56"" N 13 39\' 39"" E']]",,"48 40' 56"" N 13 39' 39"" E","48 40' 56"" N 13 39' 39"" E"
v9-1243-2,Léon,"Léon, (Géog.)​ ville d’Espagne, capitale du royaume du même nom. Elle fut bâtie par les Romains du tems de Galba, & appellée Legio septimana Germanica, à cause qu’on y mit une légion romaine de ce nom, & c’est de-là que le mot Léon s’est formé par corruption. Son évêché suffragant de Compostelle, mais exempt de sa jurisdiction, & des plus anciens d’Espagne, fut la résidence des rois jusqu’en 1029, que le royaume fut uni à celui de Castille par la mort de Vérémont III. Son église cathédrale surpasse en beauté toutes celles d’Espagne pour la structure.


C’est Pélage, prince des rois Goths d’Espagne, qui, après une grande victoire remportée sur les Maures, leur enleva la ville de Léon en 722, & y établit le siege d’un nouveau royaume : Cette ville est entre les deux sources de la riviere d’Ezla, à 20 lieues d’Oviedo, 25 N. O. de Valladolid, 38 N. O. de Burgos, 55 E. de Compostelle, 77 N. O. de Madrid. Long. 12. 22. latit. 42. 45.","[[""42 45' N 12 22' E""]]",,42 45' N 12 22' E,42 45' N 12 22' E
v9-1243-4,Léon de Nicaragua,"Léon de Nicaragua, (Géog.)​ ville de l’Amérique septentrionale dans la nouvelle Espagne dans la province de Nicaragua. C’est la résidence du gouverneur de la province & le siege de l’évêque de Nicaragua. Les flibustiers anglois la pillerent en 1685 à la vue d’une armée espagnole qui n’osa les attaquer, quoique six fois plus forte. Elle est sur un grand lac, qui a flux & reflux comme la mer, à 12 lieues de la mer du sud. Long. 291. 26. lat. 12. 25.","[[""12 25' N 291 26' E""]]",,12 25' N 291 26' E,12 25' N 291 26' O
v9-1262-0,"LEOPOL, Leopolis","LÉOPOL, Leopolis, (Geogr.)​ ville de Pologne, au palatinat de Russie, dont elle est la capitale. Les Allemands l’appellent Lemberg. Elle a un archevêché pauvre, & un chapitre du rite latin, mais c’est une des meilleures starosties de la province. Casimir II. ou le Grand, se rendit maître de Leopol en 1340, & son évêche fut honoré du titre d’archevéché l’an 1361 ; il n’y a dans toute la Pologne que cet archevéché & celui de Gnesne. La ville est située auprès de la riviere de Pietewa, à 36 lieues N. O. de Kaminieek, 64 S. E. de Cracovie, 80 S. E. de Warsovie. Long. 42. 49. latit. 49. 52.","[[""49 52' N 42 49' E""]]",,49 52' N 42 49' E,49 52' N 42 49' E
v9-1293-0,"LESCAR, ou LASCAR","LESCAR, ou LASCAR, (Géog.)​ en latin moderne Lascura, ville de France, dans le Béarn, avec un évêché suffragant d’Ausch. M. de Marca croit qu’elle fut bâtie vers l’an 1000, des ruines de Beneharnum, que détruisirent les Normands l’an 845 ; d’autres savans prétendent que Lescar fut fondée par Guillaume Sanche, duc de Gascogne, l’an 980 dans un lieu couvert d’un bois épais, où il n’y avoit nul vestige de bâtiment. On la nomma Lescourre, à cause des tournans de quelques ruisseaux qu’on appelloit dans la langue des Gascons, lescourre, où escourre ; par la suite des tems, on a corrompu le mot Lescourre en Lescar.


Le même Guillaume Sanche, souverain du pays, établit dans sa nouvelle ville l’évêché de Lescar, qui vaut aujourd’hui 13 à 14 mille livres de rente ; son évêque jouit de beaux priviléges, comme de présider aux états de Béarn, & d’être premier conseiller au parlement de Pau.


Les anciens titres nomment cet évêque Lascurrensis, & la ville de Lescar, Lascurris.


La ville de Lescar est située sur une colline, à une lieue N. O. de Pau. Long. 17. 5. lat. 43. 16.","[[""43 16' N 17 5' E""]]",,43 16' N 17 5' E,43 16' N 17 5' E
v9-131-0,"IXAR, ou Hijar","IXAR, ou Hijar, (Géogr.)​ petite ville d’Espagne dans l’Arragon, sur la riviere de Marsin Long. 17. 16. lat. 41. 12. (D. J.)​","[[""41 12' N 17 16' E""]]",,41 12' N 17 16' E,41 12' N 17 16' O
v9-1340-0,"LEUCHTENBERG, Landgraviat de","LEUCHTENBERG, Landgraviat de, (Géog.)​ petit canton d’Allemagne, dans le Nordgow, au palatinat de Baviere, dans lequel il est enclavé. Il n’a qu’une seule ville, savoir Pfreimt, & prend son nom du bourg & château situé sur une montagne, à un mille de la riviere de Nab, 15 N. E. de Ratisbone, 20 N. E. de Nuremberg. Long. 30. 10. lat. 49. 36. (D. J.)​","[[""49 36' N 30 10' E""]]",,49 36' N 30 10' E,49 36' N 30 10' E
v9-1389-0,"LEWEN ou LEUW, LEUWE","LEWEN ou LEUW, LEUWE, (Géog.)​ petite ville du Brabant, dans les marais que fait la riviere de Jette, à 4 lieues de Louvain, 2 de Tillemont, 1 de S. Tron. Ses écluses la rendent très-forte. Long. 22. 45. lat. 50. 50.","[[""50 50' N 22 45' E""]]",,50 50' N 22 45' E,50 50' N 22 45' E
v9-1391-0,"LEWES, Lesva","LEWES, Lesva, (Géog.)​ ville à marché d’Angleterre, dans le Sussex, sur une éminence. Elle est connue par la bataille qui s’y donna en 1264, sous Henri III. Elle envoie deux députés au parlement, & est à 4 milles de la mer, à 40 de Londres, & presque à mi-chemin entre Chichester & la Rye. Long. 17. 40. latit. 50. 55. (D. J.)​","[[""50 55' N 17 40' E""]]",,50 55' N 17 40' E,50 55' N 17 40' O
v9-1485-0,LICHTENBERG,"LICHTENBERG, (Géog.)​ ce n’est qu’un château de France dans la basse-Alsace ; mais ce château est le chef-lieu d’un comté de même nom. Il est sur un rocher prês des montagnes de Vosges, à cinq lieues de Hagueneau. Long. 25d. 9′. 55″. lat. 48d. 55′. 12″. (D. J.)​","[['48 55\' 12"" N 25 9\' 55"" E']]",,"48 55' 12"" N 25 9' 55"" E","48 55' 12"" N 25 9' 55"" E"
v9-1486-0,LICHTENSTEIN,"LICHTENSTEIN, (Géog.)​ ville de Suisse dans le Tockembourg, remarquable parce que le conseil du pays s’y tient. Elle est sur le Thour : long. 26. 50. lat. 47. 25. (D. J.)​","[[""47 25' N 26 50' E""]]",,47 25' N 26 50' E,47 25' N 26 50' E
v9-1509-0,LIEFKENSHOEK,"LIEFKENSHOEK, (Géogr.)​ fort des Pays-bas hollandois, sur la rive gauche de l’Escaut, vis-à-vis de Lillo. C’est auprès de ce fort que le général Coëhorn força les lignes des François en 1703. Longit. 21. 45. latit. 51. 17. (D. J.)​","[[""51 17' N 21 45' E""]]",,51 17' N 21 45' E,51 17' N 21 45' E
v9-1568-0,"LIMBOURG, Limburgum","LIMBOURG, Limburgum, (Géogr.)​ ville des Pays-Bas autrichiens, capitale d’un grand duché de même nom. Louis XIV. prit Limbourg en 1675, &​ les Impériaux, réunis aux alliés, s’en rendirent maîtres en 1702 : elle est demeurée à la maison d’Autriche par les traités de Rastadt & de Bade, après avoir été démantelée. Cette ville est sur une montagne près de la Veze, dans une situation agréable, à 6 lieues de Liege, à 4 d’Aix-la-Chapelle, & à 7 de Mastrich. Long. 23. 43. lat. 50. 36. (D. J.)​","[[""50 36' N 23 43' E""]]",,50 36' N 23 43' E,50 36' N 23 43' E
v9-1573-0,LIMERIGK ou LIMRICK,"LIMERIGK ou LIMRICK, (Géog.)​ on la nomme aussi Lough-Meath ; quelques-uns la prennent pour le Laberus des anciens. C’est une forte ville d’Irlande, capitale du comté de même nom qui a 48 milles de longueur, sur 27 de largeur ; elle est fertile, bien peuplée, avec un château & un bon port. Elle a droit de tenir un marché public, envoie deux députés au parlement d’Irlande, & a un siége épiscopal qui est aujourd’hui la métropole de la province de Munster. Cette ville essuya deux siéges fort rudes en 1690 & en 1691. Elle est sur le Shannon, à 14 lieues S. de Carloway, 17 N. de Cork, 23 O. de Waterford, 32 S. O. de Dublin. Long. 9. 12. lat. 52. 34. (D. J.)​","[[""52 34' N 9 12' E""]]",,52 34' N 9 12' E,52 34' N 9 12' O
v9-1589-0,LIMOGES,"LIMOGES, (Géog.)​ ancienne ville de France, capitale du Limousin, avec un évêché suffragant de Bourges. Cette ville a souvent changé de maîtres, depuis qu’elle tomba au pouvoir des Visigoths dans le cinquieme siecle, jusqu’en 1360 qu’elle fut cedée à l’Angleterre par le traité de Bretigny ; mais bientôt après, sous Charles V. les Anglois en perdirent la souveraineté, & n’ont pu s’y rétablir dans les siecles suivans : ainsi Limoges se trouve réunie à la couronne depuis 390 ans.


Les Latins appellent cette ville Ratiastum, vicus Ratiniensis, civitas Ratiaca, Lemorica, Lemovicina urbs. Elle est située en partie sur une colline, & en partie dans un vallon, sur la Vienne, à 20 lieues N. E. de Périgueux, 28 S. E. de Poitiers, 44 N. E. de Bordeaux, 100 S. O. de Paris Longit. 18. 57. lat. 45. 48.


M. d’Aguesseau (Henri François), chancelier de France, mort à Paris en 1751, naquit à Limoges en 1668 : il doit être mis au rang des hommes illustres de notre siecle soit comme savant, soit comme magistrat.


Limoges est aussi la patrie d’Honoré de Sainte-Marie carme déchaussé, connu par ses dissertations historiques sur les ordres militaires, & par ses réflexions sur les regles & les usages de critique, en trois volumes in 4°. : il devoit s’en tenir là, & ne point écrire sur l’amour divin. Il mourut à Lille en 1729, à 78 ans. (D. J.)​","[[""45 48' N 18 57' E""]]",,45 48' N 18 57' E,45 48' N 18 57' E
v9-1602-0,"LIMPOURG, ou LIMPURG, Limpurgum","LIMPOURG, ou LIMPURG, Limpurgum, (Géogr.)​ petite ville d’Allemagne dans la Wétéravie, autrefois libre & impériale, mais depuis sujette à l’électeur de Trèves. Elle est entre le Wetslar & Nassau, à trois milles germaniques de cette derniere. Long. 25. 48. lat. 58. 18. (D. J.)​","[[""58 18' N 25 48' E""]]",,58 18' N 25 48' E,58 18' N 25 48' E
v9-1610-0,LINCHANCHI,"LINCHANCHI, (Géog.)​ ville de l’Amérique, dans la nouvelle Espagne, au pays d’Incatan, à 4 lieues de Selam. Long. 289. 45. lat. 20. 40. (D. J.)​","[[""20 40' N 289 45' E""]]",,20 40' N 289 45' E,20 40' N 289 45' O
v9-1624-0,LINGEN,"LINGEN, (Géogr.)​ ville d’Allemagne dans la Westphalie, capitale d’un petit comté de même nom que le roi de Prusse possede aujourd’hui. Lingen est sur l’Embs, à 12 lieues N. O. d’Osnabruck, 15 N. O. de Munster. Long. 25. 5. lat. 52. 32. (D. J.)​","[[""52 32' N 25 5' E""]]",,52 32' N 25 5' E,52 32' N 25 5' E
v9-1645-0,"LINTZ, en latin moderne Lentia","LINTZ, en latin moderne Lentia, (Géog.)​ ville forte d’Allemagne, capitale de la haute Autriche, située dans une belle plaine sur le Danube, à 12 milles S. E. de Passau, 36 N. E. de Munich, 30 O. de Vienne. Long. suivant Képler & Cassini, 32 deg. 46 min. 15 sec. lat. 48. 16. (D. J.)​​","[['48 16\' N 32 46\' 15"" E']]",,"48 16' N 32 46' 15"" E","48 16' N 32 46' 15"" E"
v9-1652-0,LIONS,"LIONS, (Géogr.)​ en latin moderne, Leonium, petite ville de France dans la haute Normandie, entre le Vexin normand & le pays de Bray, dans une forêt dite la forêt de Lions, sur le penchant d’un coteau, à quatre lieues de Gournay, & six à sept de Rouen. Long. 19. 10. lat. 46. 25.


Benserade (Isaac de), nâquit à Lions en 1612. Sa famille & son véritable nom ne paroissent pas trop connus. Il vint jeune à la cour, & s’y donna pour parent du cardinal de Richelieu, ce qui pouvoit bien être. Ce qu’il y a de sûr, c’est qu’il en eut une pension, & qu’il trouva le secret d’en augmenter la somme sous le cardinal Mazarin, jusqu’à douze mille livres de ce tems-là, ce qui seroit vingt-quatre mille livres du nôtre. Il dut principalement sa réputation aux vers qu’il composa pour les ballets du Roi, & fut reçû de l’académie françoise en 1674 ; mais ses métamorphoses d’Ovide en rondeaux furent l’écueil de sa gloire. Comme on lui donnoit beaucoup d’esprit, on a beaucoup vanté ses bons mots ; cependant si nous en jugeons par quelques-uns de ceux qu’on nous a conservés, nous avons lieu de penser que Benserade n’étoit pas meilleur plaisant que bon poëte. Il mourut presque octogénaire en 1690, d’une saignée qu’on lui fit pour le préparer à l’opération de la taille. Le chirurgien lui piqua l’artere ; dirai-je dans cette conjoncture, heureusement ou malheureusement ? (D. J.)​","[[""46 25' N 19 10' E""]]",,46 25' N 19 10' E,46 25' N 19 10' E
v9-1776-0,LIVRON,"LIVRON, (Géog.)​ en latin Libero ou Liberonium ; petite ville de France, en Dauphiné, sur une hauteur dans un lieu important à cause de sa situation, mais entierement dépeuplé, depuis que les murailles de la ville ont été détruites. Elle est à une petite lieue du Rhône, & la Drome cotoye la colline sur laquelle elle est située. Henri III. en arrivant de Pologne en France, voulut avec quelques troupes qu’on lui avoit amenées, renverser des villes, qu’il auroit pû gagner & s’attacher par la douceur : il dut s’appercevoir quand il tenta d’entrer à main armée dans la petite ville de Livron, qu’il n’avoit pas pris le bon parti ; on cria du haut des murs aux troupes qu’il conduisoit : « approchez assassins, venez massacreurs, vous ne nous trouverez pas endormis comme l’amiral ». Long. 22. 40. lat. 44. 47.","[[""44 47' N 22 40' E""]]",,44 47' N 22 40' E,44 47' N 22 40' E
v9-1786-0,LLIVIA,"LLIVIA, (Géog.)​ ville d’Espagne dans la Catalogne, au comté de Cerdagne ; elle est très-ancienne ; mais ce n’est point la Lilia, Lylia, Lybia d’Antonin, ou l’Oliba de Ptolomée. Lilivia seroit plûtôt l’ancienne Julia Lybica du peuple Cerrectani, au pié des Pyrénées, sur les frontieres de France. Julia Lybica est donnée pour ville unique des Cerretains, & Llivia a été la capitale de la Cerdagne ; mais son ancien lustre a passé, & ses murailles même ne subsistent plus. Elle est sur la Segre, à 1 lieue de Puicerda, 2 de Mont-Louis, & 15 de Perpignan. Long. 19. 39. lat. 42. 31. (D. J.)​","[[""42 31' N 19 39' E""]]",,42 31' N 19 39' E,42 31' N 19 39' E
v9-1798-0,LOCARNO,"LOCARNO, (Géog.)​ en latin moderne Locarnum, les Allemands l’appellent Luggaris, ville com-​merçante de Suisse, capitale d’un bailliage de même nom, sur le lac Majeur, lago Maggiore, près de la riviere de Magia. Le bailliage de Locarno contient quarante-neuf paroisses, & est composé de vallées fertiles, arrosées de rivieres. Il se partage pour la police en quatre communautés. Le gouvernement civil, est aristo-démocratique, composé de nobles, d’anciens bourgeois & du peuple. La ville de Locarno est située au pié d’une montagne an centre du pays, qui abonde en pâturages, en vins, en fruits, à 18 lieues N. de Novarre, 17 N. O. de Milan. Long. 26. 16. lat. 46. 6.


Je ne connois d’hommes de lettres nés à Locarno, que Thaddée Dunus, médecin, qui fleurissoit dans le xvj. siecle. Il s’acquit dans ce siecle une grande réputation par ses ouvrages ; on les a imprimés plusieurs fois à Zurich, où il s’étoit retiré à cause de la religion. (D. J.)​","[[""46 6' N 26 16' E""]]",,46 6' N 26 16' E,46 6' N 26 16' E
v9-1820-0,LODI,"LODI, (Géogr. anc. & mod.)​ ancienne ville d’Italie, en Lombardie, au Milanois, dans le Pavesan, sur le Silaro. Les anciens l’ont connu sous le nom de Laus Pompeia. Pompée prit soin de la réparer, & elle devint une ville riche & florissante ; son opulence excita la jalousie des Milanois ; ils formerent le dessein de la détruire, & l’exécuterent. Ce lieu n’est plus qu’un village sur le chemin de Pavie ; on l’appelle Lodi Vecchio, & l’on y a trouvé des médailles, des inscriptions & d’autres marques de son antiquité.


Cinquante ans après la destruction de cette ville, l’empereur Fréderic Barberousse la fit rétablir, non pas cependant dans le terrein qu’elle occupoit autrefois, mais à trois milles de là, sur l’Adda ; elle se maintint libre assez long tems, mais finalement elle se soumit aux ducs de Milan, & devint la capitale du Lodesan. Othon & Acerbo Morena ont fait l’histoire de Lodi, rerum Laudensium. Felix Osio l’a rendue publique, & Leibnitz l’a insérée dans son recueil des écrivains de Brunswick.


Cette ville est dans un sol agréable, fertile, arrosé d’eau, & abondant en toutes choses, à 25 milles S. E. de Milan & de Pavie, 7 S. O. de Creme, 18 N. O. de Plaisance. Long. 27. 1. latit. 45. 18.


Maphée Vigius, né à Lodi en 1407, passa pour le plus grand poëte latin, que l’on eût vu depuis plusieurs siecles. Il se fit une éminente réputation par son XIII. livre de l’Enéide de Virgile, qui n’est au fond qu’une entreprise ridicule. Son poëme sur les friponneries des paysans est beaucoup mieux conçu. On trouve dans le Naudæana bien des particularités fort indifférentes aujourd’hui sur cet auteur. (D. J.)​","[[""45 18' N 27 1' E""]]",,45 18' N 27 1' E,45 18' N 27 1' E
v9-187-0,KALO,"KALO, (Géog.)​ forteresse de la haute Hongrie, au canton de Zatmar, à 12 lieues sud est de Tokai, 28 nord-est de Waradin. Long. 40. 5. latit. 47. 55. (D. J.)​","[[""47 55' N 40 5' E""]]",,47 55' N 40 5' E,47 55' N 40 5' E
v9-1876-1,Londonderri,"Londonderri, (Géog.)​ ville d’Irlande, capitale de la province d’Ulster, & du comté de Londonderri, avec un évêché suffragant d’Armagh, & un port très-commode ; elle est célebre par les siéges qu’elle a soutenus. Elle est sur la Lough-Foyle, à 108 milles N. O. de Dublin, 45 N. E. d’Armagh. Son véritable & ancien nom, est Derry ; il s’augmenta des deux premieres syllabes, à l’occasion d’une colonie angloise, qui vint s’y établir de Londres en 1612. Long. 10. 10. lat. 54. 58. (D. J.)​","[[""54 58' N 10 10' E""]]",,54 58' N 10 10' E,54 58' N 10 10' O
v9-1909-0,LORBUS,"LORBUS, (Géog.)​ ville d’Afrique, au royaume de Tunis en Barbarie. Le mot Lorbus paroît corrompu de urbs ; Marmol, tom. II. liv. vj. ch. xxx. entre dans d’assez grands détails sur cette ville, & dit qu’on y voyoit encore de son tems de beaux restes d’antiquité. Elle est dans une plaine très-fertile en blé, à 60 lieues O. de Tunis. Long. 26. 35. lat. 35. 35. (D. J.)​","[[""35 35' N 26 35' E""]]",,35 35' N 26 35' E,35 35' N 26 35' E
v9-2010-0,LUCERA,"LUCERA, (Géog.)​ c’est la Lucéria des Romains, ancienne ville d’Italie au royaume de Naples, dans la Capitanate, avec un évêché suffragant de Bénevent. Les Italiens la nomment Lucera delli pagani ; ce surnom lui vient de ce que l’empereur Constance l’ayant ruinée, Frédéric II. en fit présent aux Sarrazins pour demeure, à condition de la réparer ; mais ensuite Charles II. roi de Naples les en chassa. Elle est à 8 lieues S. O. de Manfrédonia. Long. 32. 59. lat. 41. 28. (D. J.)​","[[""41 28' N 32 59' E""]]",,41 28' N 32 59' E,41 28' N 32 59' E
v9-2023-0,LUCKO,"LUCKO, (Géog.)​ en latin Luccovia, en allemand Lusnc ; ville de Pologne dans la Volhinie, avec un évêché suffragant de Gnesne. Bodeslas, roi de Pologne, s’en rendit maître en 1074, après un siege de plusieurs mois. Elle est située sur la Stur,​ à 25 lieues N. E. de Lembourg, 67 S. E. de Varsovie, 78 N. E. de Cracovie, long. 43. 48. lat. 50. 52. (D. J.)​","[[""50 52' N 43 48' E""]]",,50 52' N 43 48' E,50 52' N 43 48' E
v9-2037-0,LUDLOW,"LUDLOW, (Géog.)​ Ludlovia, petite ville à marché d’Angleterre, en Shropshire, aux frontieres du pays de Galles, avec un mauvais château pour sa défense. Elle envoye deux députés au parlement, & est à 106 milles N. O. de Londres. Long. 14. 59. lat. 52. 25. (D. J.)​","[[""52 25' N 14 59' E""]]",,52 25' N 14 59' E,52 25' N 14 59' E
v9-2050-0,LUKAW,"LUKAW, (Géog.)​ petite ville d’Allemagne, au cercle de haute Saxe dans l’Osterland, à 2 milles de Zeitz en Misnie, & à 4 de Leipsick. Long. 30. 4. latit. 51. 12.","[[""51 12' N 30 4' E""]]",,51 12' N 30 4' E,51 12' N 30 4' E
v9-2095-0,"LUSIGNAN, Luziniacum","LUSIGNAN, Luziniacum, (Géogr.)​ petite ville de France en Poitou, sur la Vienne, à 5 lieues S. O. de Poitiers, 23 N. E. de la Rochelle, 80 S. O. de Paris. Long. 17. 42. latit. 16. 28.


Tout auprès de cette petite ville étoit le cnâteau de Lusignan, ou plutôt de Lezignen, en latin Leziniacum Caslrum, connu dès le xj. siecle, ayant dès-lors ses seigneurs particuliers, qui devinrent dans la suite comtes de la Marche & d’Angoulême. Jean d’Arras dans son roman, & Bouchet dans ses annales, nous assurent que c’étoit l’ouvrage de la fée Mellusine ; & bien que tout cela soit fables, dit Brantome, si on ne peut mal parler d’elle. Ce château bâti réellement par Hugues II. seigneur de Lusignan, fut pris sur les Calvinistes en 1575, après quatre mois de siege, par le duc de Montpensier ; & ce prince obtint d’Henri III. de le raser de fond en comble.


Ainsi fut détruit, continue Brantome, « ce château si ancien & si admirable, qu’on pouvoit dire que c’étoit la plus belle marque de forteresse antique, & la plus noble décoration vieille de toute la France ». (D. J.)​","[[""16 28' N 17 42' E""]]",,16 28' N 17 42' E,16 28' N 17 42' O
v9-212-0,KANISCA,"KANISCA, (Géog.)​ ou CANISA, ville de la basse-Hongrie, qui passe pour imprenable, & qui est capitale du comté de Salawar. Elle se rendit à l’empereur en 1690. Elle est sur la Drave, à 32 lieues sud-ouest d’Albe-Royale, 53 sud-est de Vienne, 42 sud-ouest de Bude. Long. 35. 12. lat. 46. 23. (D. J.)​","[[""46 23' N 35 12' E""]]",,46 23' N 35 12' E,46 23' N 35 12' E
v9-2126-1,Luxembourg,"Luxembourg, (Géog.)​ anciennement Lutzelbourg, en latin moderne Luxemburgum, Lutzelburgum, ville des Pays-bas autrichiens, capitale du duché de même nom. Elle a été fondée par le comte Sigefroi, avant l’an 1000 ; car ce n’étoit qu’un château en 936.


Elle fut prise par les François en 1542, & 1543. Ils la bloquerent en 1682, & la bombarderent en 1683 : Louis XIV. la prit en 1684, & en augmenta tellement les fortifications, qu’elle est devenue une des plus fortes places de l’Europe. Elle fut rendue à l’Espagne en 1697, par le traité de Ryswick. Les François en prirent de nouveau possession en 1701 ; mais elle fut cédée à la maison d’Autriche par la paix d’Utrecht. Elle est divisée en ville haute, & en ville​ basse, par la riviere d’Else ; la haute ou ancienne ville est sur une hauteur presque environnée de rochers ; la neuve ou basse est dans la plaine, à 10 lieues S. O. de Treves, 40 S. O. de Mayence, 15 N. O. de Metz, 65 N. E. de Paris. Long. 23. 42. lat. 49. 40.","[[""49 40' N 23 42' E""]]",,49 40' N 23 42' E,49 40' N 23 42' E
v9-2214-0,MACARSKA,"MACARSKA, (Géog.)​ petite ville de Dalmatie, capitale de Primorgie, avec un évêché, suffragant de Spalatro. Elle est sur le golfe de Venise, à 8 lieues S. E. de Spalatro, & 9 N. E. de Narenta ; long. 35. 32. lat. 43. 42. (D. J.)​","[[""43 42' N 35 32' E""]]",,43 42' N 35 32' E,43 42' N 35 32' E
v9-2215-1,Macassar,"Macassar, (Géog.)​ grande ville de l’île de Célebes, capitale du royaume de Macassar, & la résidence ordinaire des rois. Les maisons y sont presque toutes de bois, & soutenues en l’air sur de grandes colonnes ; on y monte avec des échelles. Les​toits sont couverts de grandes feuilles d’arbres, que la pluie ne perce qu’à la longue. Macassar est située dans une plaine très-fertile, près l’embouchure de la grande riviere, qui traverse tout le royaume du Nord au Sud ; long. 135. 20. lat. mérid. 5. (D. J.)​","[[""5 S 135 20' E""]]",,5 S 135 20' E,5 S 135 20' E
v9-246-0,KARKOUH,"KARKOUH, (Géog.)​ ou, comme quelques géographes écrivent CARCOUH, CARCUB, ville de Perse, lieu de grand passage pour tous les pélerins qui vont à la Mecque, & qui viennent des hautes contrées de la Perse. Long. 74. 45. latit. 32. 15. (D. J.)​","[[""32 15' N 74 45' E""]]",,32 15' N 74 45' E,32 15' N 74 45' E
v9-2551-0,"MALDEN, ou plûtôt MALDON","MALDEN, ou plûtôt MALDON, (Géogr.)​ ville à marché d’Angleterre, dans la province d’Essex, sur le Chelmer, à dix milles de Colchester, à douze de la mer, & à trente N. E. de Londres. Elle envoie deux députés au parlement. Long. 18. 10. lat. 51. 42.


Plusieurs savans ons prétendu que Malden est le Camulodunum des Trinobantes. Le pere Porcheron, le pere Hardouin, & autres, dont l’autorité peut prévenir en faveur d’une opinion, ont embrassé ce sentiment d’après Cambden ; mais les raisons du contraire, données par le seul M. Gale, sont triomphantes. Le Camulodunum désigne une colline sur la riviere Cam, dont la source est aux frontieres du côté d’Essex. De ces deux noms, Cam & Dunum, les Romains ont fait leur Camulodunum, qui étoit la Waldemburgh des Saxons ; cette colline s’appelle à présent Sterburg-Hill. On y a trouvé une médaille d’or de Claudius César, une coupe d’argent d’un ouvrage, d’un poids & d’une figure qui en justifient l’antiquité ; & ce sont des découvertes qui conviennent à ce que dit Tacite, qu’on avoit érigé dans cet endroit, un temple au divin Claudius ; mais M. Gale apporte un concours d’autres preuves, qu’il seroit trop long de suivre, & qui persuadent toutes que cette célebre colonie romaine dont parlent les auteurs, étoit dans cet endroit là. (D. J.)​","[[""51 42' N 18 10' E""]]",,51 42' N 18 10' E,51 42' N 18 10' E
v9-2554-3,Male,"Male, (Géog.)​ petite île des Indes, qui est la principale & la plus fertile des Maldives, quoique mal-saine & toute couverte de fourmis, qui y sont fort incommodes. Le roi des Maldives réside dans cette île, & y a un palais, dont Pyrard a fait la description. Long. 92. lat. 4. 30. (D. J.)​","[[""4 30' N 92 E""]]",,4 30' N 92 E,4 30' N 92 E
v9-2581-0,MALINES,"MALINES, (Géog.)​ ville des Pays-bas dans le Brabant autrichien, capitale de la seigneurie du même nom, avec un archevêché érigé par Paul IV. en 1559, dont l’archevêque prend le titre de primat des Pays-bas, & un conseil que Charles IV. duc de Bourgogne, y établit en 1474. Il s’est tenu à Malines trois conciles provinciaux.


Cette ville est appellée Machelen par les Flamands, & Machel par les Allemands. Le nom latin Mechlinia qu’on lui donne, ne differe guere de celui que lui donnoient les anciens écrivains.


Elle est sur la Dendre près du confluent de la Dyle & de l’Escaut, au milieu du Brabant, à 4 lieues N. O. de Louvain, autant N. E. de Bruxelles, & à pareille distance S. E. d’Anvers, 10 S. E. de Gand. Long. 22. 5. lat. 51. 2.


Malines a perdu son ancien éclat ; elle ne cherche qu’à subsister de son commerce de grains, de fil & de dentelles. Autrefois on la nommoit Malines la magnifique, Malines la belliqueuse ; & elle produisoit encore de tems à autre des hommes de lettres, dont à présent ni elle, ni les autres villes des Pays-bas autrichiens, ne renouvellent plus les noms.


Rembert Dodoné, Christophe Longueuil, Van den Zipe, naquirent à Malines. Le premier est connu des Botanistes par ses ouvrages. Le second mort à Padoue en 1522 à 32 ans, est un écrivain élégant du xvj. siecle. Van den Zipe, en latin Zipæus, est un célebre canoniste, dont on a recueilli les œuvres en 1675, en 2 vol. in-fol. Il mourut en 1650, à 71 ans. (D. J.)​","[[""51 2' N 22 5' E""]]",,51 2' N 22 5' E,51 2' N 22 5' E
v9-2632-0,"MAMERS, Mamercioe","MAMERS, Mamerciæ, (Geog.)​ ancienne petite ville de France, dans le Maine, sur la Dive. Long. 18. 1. latit. 48. 20.","[[""48 20' N 18 1' E""]]",,48 20' N 18 1' E,48 20' N 18 1' E
v9-276-0,KAYSERTUHL,"KAYSERTUHL, (Géog.)​ ville de Suisse, au comté de Bade, avec un pont sur le Rhin & un château. Elle appartient à l’évêque de Constance, mais le canton de Bâle en a la souveraineté : on y professe le Calvinisme depuis 1530. Quelques auteurs croient que kaysertuhl est le forum Tiberii des anciennes notices ; le passage de cette ville est important, à cause de son pont sur le Rhin, qui ainsi que celui de Bâle, sont les derniers qu’on voit sur ce fleuve. Elle est à deux lieues N. O. d’Eglinaw, 3 S. E. de Zurzach, Long. 26. 15. lat. 47. 47. (D. J.)​","[[""47 47' N 26 15' E""]]",,47 47' N 26 15' E,47 47' N 26 15' E
v9-339-0,KETIR,"KETIR, (Géog.)​ ville de la Natolie, peu loin de la mer Noire, entre Prusc & Sinope. Long. 62. latit. 43. (D. J.)​",[['43 N 62 E']],,43 N 62 E,43 N 62 E
v9-351-0,KHANBLIG ou KHANBALIG,"KHANBLIG ou KHANBALIG, (Géog.)​ nom de la ville que nos Historiens & nos Géographes ont appellée Cambala, & qu’ils ont placée dans la grande Tartarie, au septentrion de la Chine ; mais suivant les Géographes & les Historiens orientaux, il est constant que c’est une ville de la Chine. Ebn-Saïd, dans Abulféda, lui donne 130d de longitude, & 35d25′ de latitude septentrionale. Ebn-Saïd ajoûte qu’elle étoit fort célebre de son tems par les relations des marchands qui y alloient trafiquer, & qui en apportoient des marchandises. La premiere conquête de Gengis-Kan, après s’être rendu maître de la grande Tartarie, fut celle de Khanbalig, qu’il prit par ses lieutenans sur l’empereur de la Chine. Khanbalig, Khanblig, Cambala & Pékin, sont autant de noms d’une même ville. Voyez Pékin. (D. J.)​","[[""35 25' N 130 E""]]",,35 25' N 130 E,35 25' N 130 E
v9-370-0,KIDG,"KIDG, (Géographie.)​ ville d’Asie, capitale du royaume de Mécran. Long. 99. lat. 27. 60. (D. J.)​","[[""27 60' N 99 E""]]",,27 60' N 99 E,27 60' N 99 E
v9-383-0,KILDARE ou KILDAR,"KILDARE ou KILDAR, (Géogr.)​ ville à marché d’Irlande dans la province de Leinster, capitale du comté de même nom, lequel a 38 milles de longueur, sur 23 de largeur. Il est riche, fertile, & comprend huit baronnies. Il y a dans la ville un evêque suffragant de Dublin. Elle est à 27 milles S. O. de Dublin. Long. 10 36. lat. 53. 10. (D. J.)​","[[""53 10' N 10 36' E""]]",,53 10' N 10 36' E,53 10' N 10 36' O
v9-407-0,"KINGSTOWN, ou PHILIPS-TOWN, REGIOPOLIS","KINGSTOWN, ou PHLIIPS-TOWN, REGIOPOLIS, (Géog.)​ ville d’Irlande dans la province de Leinster, capitale du Kings-County, à 18 milles N. E. de Kildare, & à 3 milles des frontieres d’Ouest-méath. Long. 10. 15. lat 53. 15. (D. J.)​","[[""53 15' N 10 15' E""]]",,53 15' N 10 15' E,53 15' N 10 15' O
v9-409-0,KINHOA,"KINHOA, (Géog.)​ c’est-à-dire, fleuve de Vénus ; ville de la Chine, cinquieme métropole de la province de Chékiang. On y fait de ris & d’eau la meilleure boisson qui se boive dans toute la Chine. Long. 136. 55. lat. 28. 57. (D. J.)​","[[""28 57' N 136 55' E""]]",,28 57' N 136 55' E,28 57' N 136 55' E
v9-428-0,KIRKUBRIGHT,"KIRKUBRIGHT, (Géog.)​ petite ville d’Ecosse, dans la province de Gallowai, à l’embouchure de la Deé, où l’on peut faire un très-bon havre, à 123 lieues S. O. de Londres. Long. 13. 18. lat. 55. 8. (D. J.)​","[[""55 8' N 13 18' E""]]",,55 8' N 13 18' E,55 8' N 13 18' E
v9-441-0,KITZINGEN,"KITZINGEN, (Géog.)​ petite ville d’Allemagne, en Franconie, au diocèse de Wurtsbourg, sur le Meyn. Long. 27. 41. lat. 49. 45. (D. J.)​","[[""49 45' N 27 41' E""]]",,49 45' N 27 41' E,49 45' N 27 41' E
v9-476-0,KOLLMENSKE,"KOLLMENSKE, (Géog.)​ ville de l’empire Russien, dans le voisinage de Moscou. Elle est agréablement située sur une éminence. Long. 57. 28. lat. 55. 28. (D. J.)​","[[""55 28' N 57 28' E""]]",,55 28' N 57 28' E,55 28' N 57 28' E
v9-491-0,KONIESGRATZ,"KONIESGRATZ, (Géog.)​ ville de Boheme, avec un évêché suffragant de Prague, sur l’Elbe, à 14 lieues S. O. de Glatz, 25. E. de Prague, 46. N. O. de Vienne. Long. 33. 50. lat. 50. 10. (D. J.)​","[[""50 10' N 33 50' E""]]",,50 10' N 33 50' E,50 10' N 33 50' E
v9-495-0,KONITZ,"KONITZ, (Géog.)​ ville de Pologne, dans la Prusse-Royale, sur le torrent de Broo, à 6 lieues N. O. de Culin, 20. S. O. de Dantzick. Long. 36. 15. lat. 33. 36. (D. J.)​","[[""33 36' N 36 15' E""]]",,33 36' N 36 15' E,33 36' N 36 15' E
v9-506-0,KOPYS,"KOPYS, (Géog.)​ petite ville fortifiée de Lithuanie, au Palatinat de Meislaw, sur le Dnieper ; elle​ appartient à la maison de Radzivil. Longit. 49. 8. latit. 34. 30. (D. J.)​","[[""34 30' N 49 8' E""]]",,34 30' N 49 8' E,34 30' N 49 8' E
v9-512-0,KORSUM,"KORSUM, (Géog.)​ petite ville de l’Ukraine polonoise, sur la Ross, bâtie par le roi Etienne Battori en 1581. Les Polonois y furent défaits en 1588 par les Cosaques ; elle appartient aujourd’hui à la Russie. Long. 49. 55. lat. 49. 3. (D. J.)​","[[""49 3' N 49 55' E""]]",,49 3' N 49 55' E,49 3' N 49 55' E
v9-514-0,KOSEL ou KOSSEL,"KOSEL ou KOSSEL, (Géog.)​ petite ville fortifiée de Silésie, au duché d’Oppelen, près de l’Oder entre le petit Clogau & Beuten. Long. 35. 58. lat. 50. 24. (D. J.)​","[[""50 24' N 35 58' E""]]",,50 24' N 35 58' E,50 24' N 35 58' E
v9-540-0,KREMBS,"KREMBS, (Géogr.)​ Cremisium petite ville d’Allemagne dans la basse Autriche, sur le Danube, à 12 lieues est de Vienne. Long. 52. 22. lat. 48. 22. (D. J.)​","[[""48 22' N 52 22' E""]]",,48 22' N 52 22' E,48 22' N 52 22' E
v9-541-0,KREMPE ou KREMPEN,"KREMPE ou KREMPEN, (Géogr.)​ petite ville de Dannemarck dans le Holstein, avec un château sur un ruisseau de même nom, à 2 lieues N. O. de​ Hambourg, 11 N. O. de Lubeck, 1 N. de Gluckstat. Long. 42. 40. lat. 53. 55.


Je connois deux hommes de lettres nés dans cette ville, Alard & Ruarus.


Alard (Lambert), mort en 1672 à l’âge de 70 ans, a fait quelques livres qui n’étoient pas méprisables, comme ses Deliciæ Atticæ, Leips. 1624, in-12. Ephillides philologicæ, Schleusingae 1636, in-12. De veterum musicâ, Schleusingæ 1646, in-12. Historia nordalbingiæ (du Holstein). A Carolo Magno, ad ann. 1637.


Ruarus (Martinus) est un des plus savans hommes d’entre les Sociniens. Il aima mieux perdre son patrimoine que d’abjurer ses sentimens. Il voyagea par toute l’Europe, apprit les langues mortes & vivantes, & acquit de grandes connoissances du droit naturel, du droit public, de l’histoire & des dogmes de toutes les sectes anciennes & modernes. Ses lettres écrites en latin, sont aussi rares que curieuses. Il est mort en 1657, à 70 ans. (D. J.)​","[[""53 55' N 42 40' E""]]",,53 55' N 42 40' E,53 55' N 42 40' E
v9-572-0,KUSMA DEMIANSKI,"KUSMA DEMIANSKI, (Géog.)​ ville de l’empire russien, dans la Tartarie, à 13 lieues nord-est de Vasiligorod. Long. 69. 5. lat. 56. 2. (D. J.)​","[[""56 2' N 69 5' E""]]",,56 2' N 69 5' E,56 2' N 69 5' E
v9-693-0,LAGUNA San Christoval de la,"LAGUNA San Christoval de la, (Géog.) ville des Canaries, capitale de l'île de Téneriffe, située en partie sur une montagne, & en partie sur un terrein uni, près d'un lac ou étang d'eau douce, qu'on appelle en espagnol laguna ; d'où cette ville a pris son nom. Wafor l'a décrite amplement dans ses voyages : il dit qu'à regarder la situation de cette ville, sa vûe du côté de l'est, qui s'étend jusqu'à la grande Canarie, ses jardins, la fraîcheur de leurs berceaux, sa belle plaine de trois ou quatre lieues de long, & de deux milles de large, sa campagne verdoyante, son lac, son aqueduc, & la douceur de ses brises, elle est un séjour enchanté pour rester chez soi ; mais qu'il est très-pénible de voyager dans l'île même, parce qu'elle est toute remplie de montagnes escarpées & raboteuses, qui obligent sans cesse à monter & à descendre. Long. 18. 39'. 30"". dont Laguna est plus occidentale que Paris. Lat. 28. 28'. 57"". (D. J.)","[['28 28\' 57"" N 18 39\' 30"" W']]",['Paris'],"28 28' 57"" N 18 39' 30"" W","28 28' 57"" N 18 39' 30"" O"
v9-70-0,JUNIEN Saint,"JUNIEN (Saint), Géog.​ petite ville de France dans la basse Marche, aux frontieres du Limousin, sur la Vienne, à 7 lieues S. de Limoges. Long. 18. 35. lat. 45. 40. (D. J.)​","[[""45 40' N 18 35' E""]]",,45 40' N 18 35' E,45 40' N 18 35' E
v9-717-0,LAINO,"LAINO, (Géog.)​ Lans, petite place d’Italie, au royaume de Naples, dans la Calabre citérieure, au pié de l’Apennin, sur les confins de la Basilicate, près la petite riviere de Laino qui lui a donné son nom. Long. 33. 46. lat. 40. 4. (D. J.)​","[[""40 4' N 33 46' E""]]",,40 4' N 33 46' E,40 4' N 33 46' E
v9-752-0,LAMBESC,"LAMBESC, (Géog.)​ en latin moderne, lambescum, petite ville de France en Provence, à 4 lieues d’Aix. Long. 23. 7. lat. 43. 32. (D. J.)​","[[""43 32' N 23 7' E""]]",,43 32' N 23 7' E,43 32' N 23 7' E
v9-77-0,JUNSALAM,"JUNSALAM, (Géogr.)​ port d’Asie au royaume de Siam ; c’est l’asyle de tous les vaisseaux, qui, allant à la côte de Coromandel, sont surpris d’un ouragan ; ce port est de conséquence pour le commerce de Bengale, de Pégu, & autres royaumes voisins : sa situation est au nord d’une isle de même nom. Long. 115. 35. lat. 8. 56. (D. J.)​","[[""8 56' N 115 35' E""]]",,8 56' N 115 35' E,8 56' N 115 35' E
v9-829-0,"LANDERNEAU, Landernacum","LANDERNEAU, Landernacum, (Géogr.)​ petite ville de France dans la basse Bretagne, sur la riviere d’Elhorn, à 8 lieues E. de Brest. Long. 13. 22. latit. 48. 25. (D. J.)​","[[""48 25' N 13 22' E""]]",,48 25' N 13 22' E,48 25' N 13 22' E
v9-846-0,LANERK,"LANERK, (Géog.)​ ville de l’Ecosse méridionale, capitale de la province de Clydsdale, avec titre de vicomté. Elle est près de la Clyd, à 3 lieues S. O. d’Hamilton, 7 de Glasgow, 9 d’Edimbourg, 116 N. O. de Londres. Long. 44. 4. lat. 56. 10. (D. J.)​","[[""56 10' N 44 4' E""]]",,56 10' N 44 4' E,56 10' N 44 4' E
v9-849-0,LANGEAC,"LANGEAC, (Géog.)​ Langiacum, petite ville de France dans la basse Auvergne, diocese de Clermont, élection de Riom, proche l’Allier, entre des montagnes, à 8 lieues N. E. de Saint-Flour, 17 S. E. de Clermont. Long. 21. 10. lat. 45. 3.","[[""45 3' N 21 10' E""]]",,45 3' N 21 10' E,45 3' N 21 10' E
v9-853-0,"LANGETS, ou plûtôt LANGEAY, LANGEY","LANGETS, ou plûtôt LANGEAY, LANGEY, (Géog.)​ en latin Alingavia, Lingia, Langiacum, ancienne petite ville de France en Touraine sur la Loire, à 4 lieues O. de Tours. Long. 17. 58. lat. 47. 20. (D. J.)​","[[""47 20' N 17 58' E""]]",,47 20' N 17 58' E,47 20' N 17 58' E
v9-975-1,"Lassa, le","Lassa, le, (Géog.)​ pays d’Asie dans la Tartarie, entre la Chine à l’orient, les états du roi d’Ava au midi, ceux du grand-mogol au couchant, & le royaume de Tangut au nord. On le considere comme faisant partie de ce dernier. Lassa ou Baratola, située selon les PP. Gerbillon & Dorville, par le 106d41′ de longitude, & 29d6′ de latitude, en est la capitale. Poutola, forteresse qui fait la résidence du dalai-lama, chef de la religion des Lamas, Couti & Tachelinbou en sont les principaux lieux. Le Lassa se nomme autrement le royaume de Bontan, dont nous n’avons presque aucune connoissance. (D. J.)​","[[""29 6' N 106 41' E""]]",,29 6' N 106 41' E,29 6' N 106 41' E
v9-983-0,"LATAKIÉ, ou LATAQUIE, & LATICHEZ, selon Maundrell","LATAKIÉ, ou LATAQUIE, & LATICHEZ, selon Maundrell, (Géog.)​ ville de Syrie, sur la côte, à 15 lieues de Tortose, & 30 d’Alep. C’est un reste de l’ancienne Laodicée sur la mer. Voyez Laodicée, num. 3.


Le sieur Paul Lucas dit y avoir trouvé par-tout des colonnes sortant de terre presqu’à moitié, & de toutes sortes de marbre ; il ajoute que tous les lieux des environs ne sont que plaines & collines plantées​ d’oliviers, de mûriers, de figuiers, & arbres semblables. Il y passe un bras de l’Oronte, qui arrose en serpentant une bonne partie du pays.


Cette ville a été rétablie par Coplan-Aga, homme riche & amateur du commerce, qui en a fait l’endroit le plus florissant de la côte. Long. 54. 25. lat. 35. 30. (D. J.)​","[[""35 30' N 54 25' E""]]",,35 30' N 54 25' E,35 30' N 54 25' E
v1-135-0,ABLAI,"*​ ABLAI, s. contrée de la grande Tartarie. Long. 91-101. lat. 51-54.","[['51 N 91 E', '54 N 101 E']]",,51 N 91 E 54 N 101 E,51 N 91 E | 54 N 101 E
v1-447-0,AÇORES,"*​ AÇORES, s. Isles de l’Amérique qui appartiennent aux Portugais ; elles sont au nombre de neuf. Long. 346.-354. lat. 39.


Elles sont commodément situées pour la navigation des Indes Orientales & du Bresil : on en tire principalement des blés, des vins & du pastel : mais cette derniere denrée est le principal du négoce. Les batates entrent dans la cargaison des Hollandois. Les Açores donnent encore des citrons, des limons, des confitures, dont le fayal est la plus estimée. On y porte des toiles, de l’huile, du sel, des vins de Canarie & de Madere ; des taffetas, des rubans, des droguets de soie, des draps, des futaines, des bas de soie, du riz, du papier, des chapeaux, & quelques étoffes de laine. On a en retour de la monnoie d’or du Bresil, des sucres blancs, des moscoüades, du bois de Jacaranda, du cacao, du girofle : les Anglois y passent aussi des étoffes, des laines, du fer, des harengs, des sardines, du fromage, du beurre, & des chairs salées.","[['39 N 346 E', '39 N 354 E']]",,39 N 346 E 39 N 354 E,39 N 346 O | 39 N 354 O
v1-1046-0,ALBANIE,"*​ ALBANIE, (Geog.)​ province de la Turquie Européenne sur le golphe de Venise. Long. 36. 18-39. 40. lat. 39-43. 30.","[[""39 N 36 18' E"", ""43 30' N 39 40' E""]]",,39 N 36 18' E 43 30' N 39 40' E,39 N 36 18' E | 43 30' N 39 40' E
v1-2186-0,ANTILLES,"*​ ANTILLES (Géog. mod.)​ îles de l’Amérique disposées en forme d’arc, entre l’Amérique méridionale & l’île de Porto-Rico, proche la ligne. Christophe Colomb les découvrit en 1492. elles sont au nombre de vingt-huit principales. Les grandes sont Saint-Domingue, Cuba, la Jamaïque, & Porto-Rico. Long. 316. 10-319. lat. 11. 40-16. 40.","[[""11 40' N 316 10' E"", ""16 40' N 319 E""]]",,11 40' N 316 10' E 16 40' N 319 E,11 40' N 316 10' O | 16 40' N 319 O
v1-3514-0,AVA,"*​ AVA, (Géog. mod.)​ royaume d’Asie, sur la riviere de même nom, au-delà du Gange, sur le golfe de Bengale. Ava en est la capitale ; sa longitude est 114, & sa latit. 21. Il y a au Japon un royaume du même nom, dont la capitale s’appelle aussi Ava : ce royaume est renfermé dans une île située entre la presqu’île de Niphon & l’île de Bongo. long. 151, 10, lat. 33. Ava, autre royaume du Japon, avec une ville de même nom, dans la presqu’île de Niphon. Long. 159, lat. 35, 20.","[['21 N 114 E'], [""33 N 151 10' E""], [""35 20' N 159 E""]]",,21 N 114 E | 33 N 151 10' E | 35 20' N 159 E,21 N 114 E | 33 N 151 10' E | 35 20' N 159 E
v2-477-0,BARNEVELDT,"*​ BARNEVELDT, (Géog.)​ ile de l’Amérique dans le détroit de Magellan, au midi de la terre de Feu. Long. 340. lat. 56. 20.


Il y a une autre île de même nom proche du Japon, lat. 34. 10.","[[""56 20' S 340 E""], [""34 10' N""]]",,56 20' S 340 E | 34 10' N,56 20' S 340 E | 34 10' N
v2-3248-0,CANARIES (les iles),"CANARIES (les iles), Géog.​ îles de l’Océan, ainsi nommées de la plus grande : elles étoient connues des anciens sous le nom d’îles Fortunées. On en compte sept, qui sont celle de Palme, de Fer, Gomero, Ténériffe, la grande Canarie, Fuerteventura, & Lancerote : on pourroit encore y en ajoûter quelques autres moins considérables. Elles sont très fertiles, & produisent des vins délicieux. Les Espagnols en sont les maîtres. L. 0-5. 30. lat. 27. 30-29. 45.","[[""27 30' N 0 E"", ""29 45' N 5 E""]]",,27 30' N 0 E 29 45' N 5 E,"27 30' N 0 5' 30"" O | 29 45' N 0 5' 30"" O"
v3-184-0,CHANGEING,"CHANGEING, (Géog.)​ ville de la Chine dans la province de Xantung. Lat. 36. 56.","[[""36 56' N""]]",,36 56' N,36 56' N
v3-692-0,CHIMBO-RACO,"*​ CHIMBO-RACO, s. m. (Géog.)​ l’une des plus grosses montagnes du monde, & vraissemblablement la plus haute. Elle fait partie de la Cordeliere des Andes. Elle est située par un degré & demi de latitude australe près de Riobamba, dans la province de Quito au Pérou, à cinquante lieues à l’est du cap san-Lorenzo. On la voit en mer du golfe de Guayaguil, à plus de 60 lieues de distance : elle a trois mille deux cents vingt toises au-dessus du niveau de la mer. La partie supérieure est toûjours couverte de neige, & inaccessible à huit cents toises de hauteur perpendiculaire. En 1738 MM. Bouguer & de la Condamine, de l’Académie des Sciences de Paris, y firent au pié de la neige permanente des expériences pour reconnoître si un fil à-plomb étoit détourné de la ligne verticale par l’action de la masse de la montagne sur ce même fil. La quantité moyenne tirée d’un grand nombre d’observations donna sept à huit secondes pour la déviation du fil vers l’axe de la montagne ; quantité qui devroit être beaucoup plus considérable dans les principes de Newton, si la montagne étoit de la même densité intérieurement qu’au-dehors : mais il y a beaucoup d’apparence qu’elle est remplie de grandes cavités, si, comme la tradition du pays le porte, elle a été autrefois volcan, & qu’on y voye encore aujourd’hui des bouches & des traces de son éruption. Chimbo-raco est ainsi nommé d’un bourg voisin appellé Chimbo, qui veut dire passage (& en effet on y passe une riviere), & de raco, qui signifie neige, dans l’ancienne langue Quetchoa ou des Jacas. Voyez Attraction des montagnes.


Carguai-raco Volcan écroulé en 1698, & dont les neiges fondues causerent une grande inondation, est un prolongement de Chimbo-raco vers le nord. Il n’y a plus que les pointes de son sommet qui soient couvertes de neige, & sa hauteur n’est plus que de deux mille quatre cents cinquante toises.","[[""1 30' S""]]",,1 30' S,
v3-697-0,CHIN,"CHIN, (Géog.)​ ville de la Chine, dans la province de Honan. lat. 34. 48.","[[""34 48' N""]]",,34 48' N,34 48' N
v3-1306-0,COCHINCHINE,"COCHINCHINE, (Géog. mod.)​ grand royaume d’Asie borné par le Tunquin, le royaume de Chiampa, le Kemoi, & la mer : les habitans sont idolatres & fort belliqueux. Ce pays est très-fertile ; on y trouve de l’or, des mines de diamant, & de l’ivoire. Lat. 12. 18.","[[""12 18' N""]]",,12 18' N,12 18' N
v4-1340-0,CUNGEHANG,"CUNGEHANG, (Géogr. mod.)​ ville forte de la Chine dans la province de Chiensi. Lat. 26. 51.","[[""26 51' N""]]",,26 51' N,26 51' N
v4-1622-0,"DAVIS, (Détroit de)","DAVIS, (Détroit de) Géogr. mod.​ bras de mer entre l’ile de Jacques & la côte occidentale du Groenland, ainsi nommé de Jean Davis Anglois, qui le découvrit. On dit que les Sauvages qui habitent les environs de ce détroit, sont robustes, & vivent communément plus de cent ans ; & que les femmes se font des coupures au visage & les remplissent d’une couleur noire, pour s’embellir. Ils vivent de leur chasse & de leur pêche : ils sont errans : ils campent sous des tentes : le sang des animaux est une boisson qui leur est agréable. Lat. 64. 10.","[[""64 10' N""]]",,64 10' N,64 10' N
v5-1951-3,"Espérance, (cap-de-bonne)","Espérance, (cap-de-bonne) Géogr.​ Voyez Cap, &c. & ajoûtez-y que, selon M. Cassini, la longitude du Cap est est 37d36′0″, 17d44′30″à l’orient de Paris, sa latitude 34d15′0″mérid. Selon M. de la Caille, la latitude est 34d24′, & la longitude à l’orient de Paris, 16d10′.","[['alt'], ['34 15\' 0"" S 37 36\' 0"" E'], ['34 15\' 0"" S 17 44\' 30"" E'], [""34 24' S 16 10' E""]]",['Paris'],"alt | 34 15' 0"" S 37 36' 0"" E | 34 15' 0"" S 17 44' 30"" E | 34 24' S 16 10' E","34 15' 0"" N 37 36' 0"" E | 34 15' 0"" N 17 44' 30"" E | 34 24' N 16 10' E"
v6-732-0,FERO ou FARE,"FERO ou FARE, en latin Glossariæ, (Géog.)​ île de l’Océan septentrional, au nord des Westernes & de l’Irlande, en allant vers l’Islande ; elles dépendent du roi de Danemark. Il y en a vingt-quatre, douze grandes & douze petites. M. d’Audifret se trompe en les mettant entre le 51 & le 61e degré de latitude, puisque la plus méridionale est au-delà du 61e degré, & qu’elles occupent tout le 62e de latitude dans leur longueur. Elles sont au nord N. O. sous le même méridien d’Armagh en Irlande, pour les plus orientales, c’est-à-dire par les 10 degrés de longitude pour la pointe boréale de Suidro. (D. J.)​","[['61 N 10 E', '62 N 10 E']]",,61 N 10 E 62 N 10 E,51 N | 61 N | 62 N | 10 O
v6-806-1,Fez,"Fez, (Géog.)​ ville assez forte, & l’une des plus belles d’Afrique, dans la province & sur la riviere de même nom, en Barbarie, capitale du royaume de Fez. Elle est composée comme de trois villes ; elle a des mosquées magnifiques, & plusieurs écoles de la secte de Mahomet, où l’on apprend pour toute science l’arabe de l’alcoran. Les Juifs y sont en grand nombre, & y ont des synagogues. Il y a un muphti. Les dames riches y portent des chaînes d’or & d’argent autour de leurs jambes. Fez est à cent lieues sud-est de Maroc, trente-cinq sud de Salé. Longit. selon les tables arabiques 18. & lat. 32. 3. mais, selon Harris, la long. est 11. 34. 45. lat. 33. 10. 0. Voyez les auteurs cités ci-dessus.


Je parcourois pour faire cet art. (le 2 Janv. 1756)​ce que quelques géographes rapportent de la ville de Fez, de sa position, de son étendue, de ses mosquées, des synagogues que les Juifs ont dans cette capitale, &c, lorsqu’on m’a communiqué copie d’une lettre des missionnaires de saint François établis en Barbarie. Cette lettre maintenant imprimée, raconte entr’autres détails des ravages causés en Afrique par le tremblement de terre du 1, 18 & 19 Novembre 1755, que la plus grande partie de la ville de Fez en a été renversée, qu’il y a péri trois mille personnes, que Miquenez a été entierement détruite, & qu’un corps de cavalerie de mille hommes a été englouti par ce même temblement.


Je ne prétends point révoquer en doute tous les effets extraordinaires qu’a pû produire ce singulier phénomene de la nature sur une partie de notre globe : comme il y a une sotte simplicité qui croit tout, il y a de même une sotte présomption, qui rejette tout ce qui ne frappe pas communément nos yeux ; mais je dis que plus le tremblement de terre dont il s’agit, est unique dans l’histoire du monde, plus on doit se défier de la fidélité des relations qu’on en a répandues de toutes parts, principalement de celles qui nous viennent des pays éloignés ; ces relations sont toujours suspectes par le petit nombre d’observateurs incapables de nous tromper, ou d’être trompés eux-mêmes. Si l’on fait mille faux rapports des évenemens les plus communs, que doit-ce être dans les cas affreux où tous les esprits sont glacés d’effroi ? Voyez donc Tremblement. Article de M. le Chevalier de Jaucourt​.","[['alt'], [""32 3' N 18 E""], ['33 10\' 0"" N 11 34\' 45"" E']]",,"alt | 32 3' N 18 E | 33 10' 0"" N 11 34' 45"" E","32 3' N 18 O | 33 10' 0"" N 11 34' 45"" O"
v7-284-0,FRANCE,"FRANCE, (Géog.)​ grand royaume de l’Europe, borné au N. par les Pays-Bas, à l’E. par l’Allemagne, les Suisses, & la Savoie ; au S. par la mer Méditerranée & par les Pyrénées ; à l’O. par l’Océan.


Selon la carte de la mesure de la terre donnée par M. Cassini, la France a d’orient en occident 220 lieues de large, & du nord au sud, depuis Dunkerque jusqu’aux frontieres d’Espagne, 230, lieues de long. En prenant la France de biais, depuis la côte de Bretagne la plus éloignée jusqu’à Nice sur la côte de Provence, 250 lieues ; & depuis les confins d’Espagne au midi de Bayonne, jusqu’aux confins d’Allemagne, du côté des Pays-Bas, 210 lieues ou environ. Ainsi en prenant 220 lieues pour milieu entre ces différences, cela donne pour l’étendue de la France 400 lieues quarrées. Ces lieues sont selon la même carte, de 25 au degré.


Dans cette étendue, l’air y est pur & sain, sous un ciel presque par-tout tempéré. L’Océan arrose la France d’un côté, & la Méditerranée de l’autre. Elle a de hautes montagnes & de belles rivieres. Son pays fertile & délicieux abonde en sel, grains, légumes, fruits, vins, &c. mines de fer, de plomb, de cuivre, &c. Il y a en France 18 archevêchés, 112 évêchés, 14777 couvents, 12400 prieurés, 1356 abbayes de religieux, 240 commanderies de l’ordre de Malthe, &c. On y compte 13 parlemens, 12 gouvernemens généraux, ou si l’on veut, 36 gouvernemens des provinces, & 25 universités, qui ne sont pas toutes célebres. Sa situation se trouve, selon l’académie des Sciences, entre le treizieme & le vingt-sixieme degré de longitude, & entre le quarante-deuxieme & le cinquante-unieme de latitude.


L’histoire de ce royaume, dit un homme de génie, nous fait voir la puissance des rois de France se former, mourir deux fois, renaître de même ; languir ensuite pendant plusieurs siecles : mais prenant insensiblement des forces, s’accroître de toutes parts, & monter au plus haut point ; semblable à ces fleuves qui dans leur cours perdent leurs eaux, ou se cachent sous terre, puis reparoissent de nouveau, grossis par les rivieres qui s’y jettent, & entraînent avec rapidité tout ce qui s’oppose à leur passage.


Les peuples furent absolument esclaves en France, jusque vers le tems de Philippe-Auguste. Les seigneurs furent tyrans jusqu’à Louis XI. tyran lui-même, qui ne travailla que pour la puissance royale. François I. fit naître le commerce, la navigation, les lettres, & les arts, qui tous périrent avec lui. Henri le Grand, le pere & le vainqueur de ses sujets, fut assassiné au milieu d’eux, quand il alloit faire leur bonheur. Le cardinal de Richelieu s’occupa du soin d’abaisser la maison d’Autriche, le Calvinisme, & les grands. Le cardinal Mazarin ne songea qu’à se maintenir dans son poste avec adresse & avec art.


Aussi pendant neuf cents ans, les François sont restés sans industrie, dans le desordre & dans l’ignorance : voilà pourquoi ils n’eurent part ni aux grandes découvertes, ni aux belles inventions des autres​ peuples. L’imprimerie, la poudre, les glaces, les télescopes, le compas de proportion, la circulation du sang, la machine pneumatique, le vrai système de l’univers, ne leur appartiennent point ; ils faisoient des tournois, pendant que les Portugais & les Espagnols découvroient & conquéroient de nouveaux mondes à l’orient & à l’occident du monde connu. Enfin les choses changerent de face vers le milieu du dernier siecle ; les Arts, les Sciences, le Commerce, la Navigation, & la Marine, parurent sous Colbert, avec un éclat admirable dont l’Europe fut étonnée : tant la nation françoise est propre à se porter à tout ; nation flexible qui murmure le plus aisément, qui obéit le mieux, & qui oublie le plûtôt ses malheur.


Je suis très-dispensé d’entrer ici dans aucun détail de l’état présent du royaume. Sa force réelle & relative ; la nature de son gouvernement ; la religion du pays ; la puissance du monarque, ses revenus, ses ressources, & sa domination, tout cela n’est ignoré de personne. L’on ne sait pas moins que les richesses immenses de la France, qui montent peut-être en matieres d’or ou d’argent, à un milliard du titre de ce jour (le marc d’or à 680 liv. & celui d’argent à 50 liv.), se trouvent malheureusement réparties, comme l’étoient les richesses de Rome, lors de la chûte de la République. On sait encore que la capitale forme, pour ainsi dire, l’état même, que tout aborde à ce gouffre, à ce centre de puissance ; que les provinces se dépeuplent excessivement ; & que le laboureur accablé de sa pauvreté, craint de mettre au jour des malheureux. Il est vrai que Louis XIV. s’appercevant, il y a près d’un siecle (en 1666) de ce mal invétéré, crut encourager la propagation de l’espece, en promettant de récompenser ceux qui auroient dix enfans, c’est-à-dire de récompenser des prodiges ; il eût mieux valu remonter aux causes du mal, & y porter les véritables remedes. Or ces causes & ces remedes ne sont pas difficiles à trouver. Voyez les articles Impôt, Tolérance, &c. (D. J.)​","[['42 N 13 E', '51 N 26 E']]",,42 N 13 E 51 N 26 E,42 N 13 E | 51 N 26 E
v7-629-0,GALEMBOULE,"GALEMBOULE, (Géog.)​ M. de Lisle écrit guallenboulon, anse de la côte orientale de Madagascar, très-grande, mais d’un fond dangereux, à cause des roches qui sont sous l’eau ; cette anse est à deux lieues​au nord de la riviere d’Ambato, à 17d. 30′. de latit. méridionale. (D. J.)​","[[""17 30' S""]]",,17 30' S,17 30' S
v7-765-0,"GARNESEY, (l’Isle de)","GARNESEY, (l’Isle de) Sarnia, Géogr.​ île de la Manche sur la côte de France, appartenant aux Anglois. Elle a environ dix lieues de long, & la forme d’un luth. Sa capitale s’appelle S. Pierre. On fait dans cette île un commerce assez considérable ; on y trouve l’éméril, qui est d’un grand usage pour polir l’acier, le fer, le verre, & les pierres les plus dures. Garnesey est située à 6 lieues de l’île de Gersey, 8 du Cotentin, 15 de Saint-Malo. Long. 14. 48-15. 5. lat. 49. 28. 36. (D. J.)​","[['49 28\' 36"" N 14 48\' E', '49 28\' 36"" N 15 5\' E']]",,"49 28' 36"" N 14 48' E 49 28' 36"" N 15 5' E","49 28' 36"" N 14 48' E | 49 28' 36"" N 15 5' E"
v7-1057-0,GILOLO,"GILOLO, (Géogr.)​ grande île d’Asie avec une capitale de même nom dans l’Archipel des Moluques. Elle est sous la ligne, entre l’île de Celebes & la terre de Papous, dont elle n’est séparée que par un petit canal ; cette île est fort irréguliere. On lui donne cent milles du N. au S. & autant de l’E. à l’O. L’air y est fort chaud, & la terre fertile en riz & en sagu. La mer qui l’environne, lui fournit quantité de tortues. Long. 145d. (D. J.)​",[['145 E']],,145 E,145 E
v7-1078-0,GIREFT,"GIREFT, (Géog.)​ ville de Perse dans le Kerman dont elle est la capitale. Son commerce consiste en froment & en dattes. Son terroir est fertile en palmiers, en citronniers, & en orangers. Les tables arabes qui la nomment Jirost, lui donnent 93 degrés de longitude, & 27 degrés 30 min. de latitude. Tavernier me paroît fort se tromper, en mettant la position de Gireft à 73 degrés 40 min. de longitude, & à 31 degrés 10 min. de latitude. (D. J.)​","[['alt'], [""27 30' N 93 E""], [""31 10' N 73 40' E""]]",,alt | 27 30' N 93 E | 31 10' N 73 40' E,27 30' N 93 E | 31 10' N 73 40' E
v7-1462-5,Grenade,"Grenade, (Géog.)​ l’une des plus belles & des plus riches villes de l’Amérique espagnole, sur le bord de la Nicaragua, qu’on appelle aussi quelquefois le lac de Grenade, à 22 lieues E. de Léon, & à 28 de la mer du Sud. Les flibustiers françois la pillerent en 1665 & en 1675. Lon. 292. 25. (D. J.)​","[[""292 25' E""]]",,292 25' E,292 25' O
v7-1462-6,"Grenade, (la nouvelle)","Grenade, (la nouvelle) Géog.​ pays de l’Amérique méridionale dans la Terre-ferme, d’environ 130 lieues de longueur, sur 30 dans sa plus grande largeur. Les Sauvages des vallées se nourrissent de mays, de pois, de patates. Il y a des mines d’or, de cuivre, d’acier, de bons pâturages, des grains, des fruits, du sel, & beaucoup de poisson dans les rivieres de ce pays. Il appartient aux Espagnols. Sancta Fé de Bogota en est la capitale, que Ximenès a fait bâtir. Lat. 12. (D. J.)​",[['12 N']],,12 N,12 N
v8-940-0,HOAMHO ou HOANGSO,"HOAMHO ou HOANGSO, (Géog.)​ une des plus grandes rivieres du monde ; elle a sa source à 23 deg. de lat. sur les confins du Tongut & de la Chine dans un grand lac enclavé dans les hautes montagnes qui séparent ces deux états ; courant de-là vers le nord, elle cotoye les frontieres de la province de Xiensi & du Tongut jusqu’à 37 degrés de latitude, arrose le Tibet, passe la grande muraille vers les 38 degrés de latitude, se dégorge enfin dans l’océan de la Chine après un cours de plus de 500 lieues d’Allemagne : ses eaux sont troubles, & tirent sur le jaune-brun ; elles prennent cette mauvaise qualité du salpêtre, dont les montagnes que cette riviere baigne au-dehors de la grande muraille sont remplies ; c’est à cause de cette couleur jaune-brune qu’elle porte le nom d’Hoangso ou Hoamho ; elle fait dans son cours des ravages épouvantables, dont les Chinois n’ont eu que trop souvent de tristes expériences. Voyez sur le cours de ce fleuve la grande carte de la grande Tartarie de M. Witsen. (D. J.)​","[['23 N'], ['37 N'], ['38 N']]",,23 N | 37 N | 38 N,23 N | 37 N | 38 N
v8-1238-1,Hudson (Henry),"Hudson (Henry), fameux pilote Anglois, la découvrit en 1640 plus exactement que Frédéric Anschild, Danois, qui avoit connu le premier cette baie ; Hudson cherchoit comme lui, un passage pour aller de la mer du nord à celle du sud.


Cette baie s’étend du nord au sud, depuis les 64 degrés d’élévation du pole jusqu’au 51. Sa largeur de l’orient à l’occident, est fort inégale ; elle a près de 200 lieues dans sa partie septentrionale, mais le fond de la baie a à peine 35 lieues de large.


Rien n’est plus affreux que les environs de la baie d’Hudson ; de quelque côté qu’on jette les yeux, on n’apperçoit que des terres incultes & incapables de culture ; que des rocs escarpés qui s’élevent jusqu’aux nues, entrecoupés de ravines profondes, & de vallées stériles, où le soleil ne pénétra jamais, & que les neiges & les glaçons éternels rendent inabordables. La mer n’y est libre que depuis le mois de Juillet, jusqu’à la fin de Septembre, encore y rencontre-t-on alors assez souvent d’énormes glaçons, qui jettent les navigateurs dans de grandes peines, pour se débarasser de ces glaces qui les assiegent.


Ce qui attire les Européens dans ces affreux pays, c’est le lucri sacra fames ; c’est que nulle part, la traite des pelleteries ne se fait avec plus de profit. Ce sont les meilleures du Canada, & qu’on trouve au meilleur marché, à cause de la misere des sauvages qui les fournissent, sur-tout de ceux qui fréquentent le port Nelson. Voyez Hudson, baie d’ (Commerce.) Ces sauvages ne sont pas seulement misérables, mais petits & mal-faits. Ils habitent l’été sous des tentes faites de peaux d’orignal ou de caribou, nom qu’on donne aux rennes en Amérique ; l’hiver, ils vivent sous terre comme les Lapons, les Samoièdes, se couchent comme eux pêle-mêle, pour être plus chaudement, & se nourrissent de chair ou de poisson crud, car leur pays n’est que glace, & ne produit autre chose.


En effet, nous ne connoissons rien de comparable au froid qu’a éprouvé le capitaine Middleton dans l’habitation même des Anglois, à la baie d’Hudson, sous la latitude de 57d. 20′, & dont il a fait le triste récit à la société royale de Londres.


Quoique les maisons de cette habitation soient faites de pierre, que les murs ayent deux piés d’épaisseur, que les fenêtres soient fort étroites, & garnies de volets fort épais, que l’on tient fermés pendant dix-huit heures tous les jours : quoique l’on fasse dans ces chambres de très-grands feux quatre fois par jour, dans de grands poëles faits exprès ; que l’on ferme bien les cheminées, lorsque le bois est consommé, & qu’il n’y reste plus que de la braise ardente, afin de mieux conserver la chaleur, cependant tout l’intérieur des chambres & les lits se couvrent de glace de l’épaisseur de trois pouces, que l’on est obligé d’ôter tous les jours. L’on ne s’éclaire dans ces longues nuits, qu’avec des boulets de fer de 24, rougis au feu, & suspendus devant les fenêtres. Toutes les liqueurs gèlent dans ces appartemens ; & même l’eau-de-vie dans les plus petites chambres, quoique l’on y fasse continuellement un grand feu.


Ceux qui se hasardent à l’air extérieur, malgré leurs doubles & triples habillemens de fourrures, non seulement autour du corps, mais encore autour de la tête, du col, des piés & des mains, se trou-​vent d’abord engourdis par le froid, & ne peuvent rentrer dans les lieux chauds, que la peau de leur visage ne s’enleve, & qu’ils n’ayent quelquefois les doigts des piés gelés.


L’on peut encore juger de la rigueur du froid extérieur, sur ce que le capitaine Middleton rapporte, que les lacs d’eau dormante, qui n’ont que 10 à 12 piés de profondeur, se gèlent jusqu’au fond, ce qui arrive également à la mer qui se gèle à la même hauteur. La gelée est seulement un peu moindre dans les rivieres qui sont plus près de la mer, & où la marée est forte.


Le grand froid fait fendre quelquefois cette glace avec un bruit étonnant, presque aussi fort que celui du canon.


Il y a donc lieu de croire que le froid qu’on éprouve à la baie d’Hudson, est pour le moins aussi grand que celui qu’on ressent en Sibérie, même à Jeniseskoi, dont on peut voir l’article ; mais pour en être parfaitement sûr, il faudroit avoir des observations du thermometre à la baie d’Hudson, & nous n’en avions pas encore en 1750. La société royale est ici priée de nous en procurer à l’avenir ; ce soin n’est pas indigne d’elle. (D. J.)​","[['51 N', '64 N']]",,51 N 64 N,64 N | 51 N | 57 20' N
v8-1781-0,"JAVA, (l’Isle de) ","JAVA, (l’Isle de) Géog.​ nom de deux îles de la mer des Indes, dont l’une est appellée la grande Java, & l’autre la petite Java, ou Bali.


La grande Java a au N. O. l’île de Sumatra, dont elle est séparée par le détroit de la Sonde, au N. les îles de Banea & de Bornéo, au N. E. l’île de Madura, à l’E. celle de Bali, & au S. la mer des Indes, qui la sépare de la terre d’Endraght, ou de la Concorde.


Les anciens ont connu l’île de Java, c’est la Ἰαβὰ διαύ, Jaba diu de Ptolomée : ce mot diu, qui dans le langage des Indiens, veut dire une île, nous fait connoître que l’île de Java portoit déjà le même nom qu’aujourd’hui du tems de cet auteur, & c’est une chose bien remarquable. Ptolomée ajoute, que Jaba diu, signifie l’île de l’Orge, & l’on sait qu’il y vient très-bien, quoique les naturels du pays y cultivent le riz par préférence, s’étant accoutumés à cette nourriture, de même que les étrangers qui viennent l’habiter.


Il semble que les habitans de Bornéo ayent les premiers découverts cette île ; du-moins ils y ont eu un grand hameau, mais elle est au pouvoir des Hollandois, qui en 1619, ont établi le centre de leur commerce à Batavia. Cependant ils ne sont pas les uniques souverains de l’île ; elle a ses rois & ses peuples qui sont alliés de la compagnie ; cette compagnie possede la côte du Nord, où elle a bâti de très-bonnes forteresses pour sa défense ; la côte méridionale est occupée par des peuples indomptés, & indépendans, dont le plus puissant est le sourapati ; l’intérieur du pays est sous la domination d’un empereur appellé le Mataram, qui fait sa résidence à Cartasoura.


L’île de Java comprend le royaume de Bantam, le royaume de Jacatra ou de Batavia, la province de Karavang qui appartient en propre à la compagnie, le royaume de Tfieribom qui est considérable ; son roi est indépendant du Mataram, & allié des Hollandois. On trouve ensuite le pays de Tagal, où sont de vastes campagnes de riz, le petit royaume de Gressic qui a son roi particulier le meilleur ami des Hollandois, & le pays de Diapan.​


Presque toute la côte méridionale est bornée par une chaîne de montagnes, qui enferme une vaste région presque inaccessible ; c’est entre cette chaîne & la mer, que se trouve le pays de Kadoevang, qui est soumis à l’empereur ; mais cet empereur même ne regne que par la protection que lui donne la compagnie ; à plus forte raison peut-elle compter sur les vassaux de cet empereur. De plus elle ne doit rien craindre des peuples qui sont entre la mer & les montagnes au midi de l’île ; en un mot, elle a par tout la supériorité territoriale, & finalement ce qui lui assure la possession de la grande Java, c’est la conquête qu’elle a fait de l’île de Madura, qui lui est assurée par un traité conclu en 1725, & exécuté jusqu’à ce jour.


L’île de Java en renferme plusieurs autres ; elle est traversée par diverses grandes montagnes, & coupée par quantité de rivieres ; elle produit beaucoup de riz ; on y recueille du poivre, du gingembre, des oignons, de l’ail ; elle abonde en fruits, cocos, mangues, citrons, concombres, citrouilles, bananes, pommes d’or, &c. On n’y manque ni de drogues, ni de gommes, ni d’épiceries ; on y a très abondamment des bêtes domestiques & sauvages, des bœufs, des vaches, des brebis, des chevres, & même des chevaux ; la volaille, les paons, les pigeons, les perroquets y multiplient à souhait.


Les lieux inhabités sont peuplés de tigres, de rinocéros, de cerfs, de bufles, de sangliers, de fouines, de chats sauvages, de civettes, de serpens ; & les rivieres ont des crocodiles très-dangereux pour ceux qui s’y baignent, ou qui se promenent sur le rivage sans précaution. Quelques montagnes de l’île font des volcans, qui jettent bien loin des cendres, des flammes, & de la fumée.


La religion des Javans est la mahométane, que leur a porté un arabe, dont le tombeau est en grande vénération dans le pays. Les Européens y professent comme en Hollande, la religion réformée : Valentin qui a séjourné long-tems dans cette île, en a publié en hollandois la description la plus exacte, mais trop diffuse, & compilée sans ordre ; l’article qu’en a donné M. de la Martiniere, ne laisse rien à desirer.


La grande île de Java gît ès-quart de sud-est, près de l’île de Sumatra, entre le 123 & le 134d de long. & entre le sixieme d de lat. sud pour sa partie la plus septentrionale, & 8 d. 30′. pour sa partie la plus méridionale.


La petite Java s’appelle autrement l’île de Bali, & est située à l’E. de l’île de Java ; elle n’a que douze lieues d’Allemagne de circuit : on remarque au sud de cette île un grand cap très-haut.


Le cap du nord gît par les 8 d. 30′. de lat. sud ; l’île de Bali est très-peuplée ; ses habitans sont idolâtres, noirs, & ont des cheveux crépus ; le pays abonde en coton, en riz, en gros & menu bétail, & en chevaux de la plus petite race ; les fruits les plus communs, sont des noix de coco, des oranges, & des citrons, dont on voit des lieux incultes & des bois tous remplis ; la mer y est des plus poissonneuses ; le prince de Bali exerce sur ses sujets un empire absolu ; son île est une rade commune pour les vaisseaux qui vont aux îles Moluques, à Banda, Amboine, Macassar, Timor, & Solor ; ils viennent tous relâcher ici pour y prendre des rafraîchissemens, à cause de l’abondance & du bon marché des denrées ; la ville capitale de l’île porte aussi le nom de Bali. (D. J.)​","[['6 S 123 E', ""8 30' S 134 E""]]",,6 S 123 E 8 30' S 134 E,6 S 123 E | 8 30' S 134 E
v8-2032-0,ILLINOIS,"ILLINOIS, s. m. pl. (Géog.)​ peuples sauvages de l’Amérique septentrionale, dans la nouvelle France, le long d’une grande riviere du même nom. Cette riviere des Illinois, qui vient du nord-est, ou est-nord-est, n’est navigable qu’au printems ; elle a plus de cent lieues de cours, qui va au sud-quart-sud-est, & se décharge dans le Missipipi, vers le 39 deg. de latitude.


Le pays des Illinois est encore arrosé par d’autres grandes rivieres ; on lui donne cent lieues de largeur, & beaucoup plus de longueur, car on l’étend bien loin le long du Missipipi. Il est par-tout couvert de vastes forêts, de prairies & de collines. La campagne & les prairies abondent en bysons, vaches, cerfs, & autres bêtes fauves, de même qu’en toute sorte de gibier, particulierement en cygnes, grues, outardes & canards.


Les arbres fruitiers peu nombreux, consistent principalement en des especes de néfliers, des pommiers, & des pruniers sauvages, qu’on pourroit bonnifier en les greffant ; mais les Illinois ignorent cet art, ils ne se donnent pas même la peine de cueillir le fruit aux arbres, ils abattent les arbres pour en prendre le fruit.


Dans un si grand pays, on ne connoît que trois villages, dont l’un peuplé de huit ou neuf cent Illinois, est à plus de 50 lieues du second.


Les Illinois vont tout nuds depuis la ceinture ; toute sorte de figures bisarres, qu’ils se gravent sur le corps, leur tiennent lieu de vêtement. Ils ornent leur tête de plumes d’oiseaux, se barbouillent le visage de rouge, & portent des colliers de petites pierres du pays de diverses couleurs. Ils ont des tems de festins & de danses, les unes en signe de réjouissance, les autres de deüil ; ils n’enterrent point leurs morts, ils les couvrent de peaux, & les attachent à des branches d’arbres.


Les hommes sont communément grands, & tous très-lestes à la course. La chasse fait leur occupation, pour pourvoir à leur nourriture, à laquelle ils joignent le blé d’inde ; & quand ils en ont fait la récolte, ils l’enferment dans des creux sous terre, pour le conserver pendant l’été. Le reste du travail regarde les femmes & les filles ; ce sont elles qui pilent le blé, qui préparent les viandes boucannées, qui construisent les cabanes, & qui, dans les courses nécessaires, les portent sur leurs épaules.


Elles fabriquent ces cabanes en forme de longs berceaux, & les couvrent avec des nattes de jonc plat, qu’elles ont l’adresse de coudre ensemble très-artistement, & à l’épreuve de la pluie. Elles s’occupent encore à mettre en œuvre le poil des bysons ou bœufs sauvages, à en faire des sacs & des ceintures. Ces bœufs sont bien différens de ceux​ d’Europe ; outre qu’ils ont une grosse bosse sur le dos vers les épaules, ils sont encore tout couverts d’une laine fine, qui tient lieu aux Illinois de celle qu’ils tireroient des moutons, s’ils en avoient dans leur pays.


Leur religion consiste à honorer une espece de génie qu’ils nomment Manitou, & qui, selon eux, est maître de la vie & de la mort. Voyez Manitou.


Je ne conseille pas au lecteur qui sera curieux d’autres détails, de les prendre dans le P. Hennepin, ni dans la relation de l’Amérique du chevalier Tonti, ouvrage supposé ; mais il y a quelque chose de mieux sur les Illinois ; c’est une lettre du P. Gabriel Marest, Jésuite missionnaire, qui est insérée dans le Recueil des lettres édifiantes, tom. XI. (D. J.)​",[['39 N']],,39 N,39 N
v8-2881-8,Isle de Fer,"Isle de Fer, (Géogr.)​ la plus occidentale des Canaries, par laquelle les Géographes françois & autres, tant anciens que modernes, placent le premier méridien. Voyez Fer, île de, (Géog.)


J’ajoute ici, avec M. de Mairan, qu’il seroit sans doute plus sûr & plus commode de prendre pour point fixe un lieu plus connu, & dont la position fût mieux constatée ; tel, par exemple, que l’observatoire de Paris, & de compter ensuite la longitude orientale ou occidentale, en partant du méridien de ce lieu jusqu’au cent quatre-vingtieme degré de part & d’autre ; c’est ainsi que plusieurs astronomes & géographes le pratiquent aujourd’hui. Mais outre que cet usage n’est pas encore assez généralement établi, il seroit toujours important de connoître la véritable position de l’île de Fer, encore douteuse par rapport à Paris, pour profiter de quantité d’observations & de déterminations géographiques qui ont été faites relativement à cette île. Il résulte des calculs de M. Maraldi, que la partie de l’île de Fer, par où l’on fait passer le premier méridien, est plus occidentale que l’observatoire de Paris de 19d53′ 9″ ; cependant M. le Monnier l’astronome differe de 9′21″ avec M. Maraldi, dans la détermination de la longitude de cette île, qu’il établit de 20d2′30″. Voyez les mém. de l’acad. des Sc. an. 1742. (D. J.)​","[['alt'], ['19 53\' 9"" W'], ['20 2\' 30"" W']]",['Paris'],"alt | 19 53' 9"" W | 20 2' 30"" W","19 53' 9"" O | 9' 21"" O | 20 2' 30"" O"
v9-8-0,JUCATAN,"JUCATAN, (Géogr.)​ grande province de l’Amérique dans la Nouvelle Espagne, découverte en partie par Ferdinand de Cordoue en 1517 ; elle est vis-à-vis de l’île de Cuba. Il y a dans cette province beaucoup de bois pour la construction des navires, du miel, de la cire, de la salsepareille, de la casse, & quantité de mahis : mais on n’y a point découvert de mines d’argent, & l’on n’y recueille point d’indigo ni de cochenille. La pointe de Jucatan, que les Indiens appellent Eccampi, gît à 21 degrés de hauteur ; elle a dans sa moindre largeur 80 de nos lieues, & 200 lieues de long. Cette province est moins connue par le nom de Jucatan que par celui de Campêche, port très-dangereux à la vérité, puisqu’il est rempli de bancs & d’écueils, mais fameux par son bois qui est nécessaire aux belles teintures. La péninsule de Jucatan est située depuis le seizieme degré de latitude septentrionale jusqu’au vingt-deux, depuis le golfe de Gonajos jusqu’au golfe de Triste. Les Espagnols occupent la partie occidentale, & les Indiens l’orientale, qui est du côté de Honduras, mais ces Indiens sont en très-petit nombre, tous tributaires, ou, pour mieux dire, esclaves de leurs conquérans. (D. J.)​","[['16 N', '22 N']]",,16 N 22 N,21 N | 16 N | 22 N
v9-358-1,Khotan,"Khotan, (Géog.)​ ville d’Asie, capitale d’un pays très-fertile de même nom, au Turquestan. Cette ville, suivant les tables Persiennes, est de 107 deg. de long. & de 41. de lat. Suivant l’auteur du canoum, sa long. est de 100 deg. 40′, & sa lat. de 43d30′. (D. J.)​","[['alt'], ['41 N 107 E'], [""43 30' N 100 40' E""]]",,alt | 41 N 107 E | 43 30' N 100 40' E,41 N 107 E | 43 30' N 100 40' E
v9-525-0,KOUBAN,"KOUBAN, (Géog.)​ grande riviere de Tartarie ; elle a sa source dans la partie du mont Caucase, que les Russes appellent Turki-Gora, & vient se jetter dans le Palus méotide, à 46 degrés 15 minutes de latitude, au nord-est de la ville de Daman. Les Tartares Koubans habitent en partie les bords de cette riviere. (D. J.)​","[[""46 15' N""]]",,46 15' N,46 15' N
v9-609-0,LABRADOR,"LABRADOR​, ​Estotilandia​, (Géog.)​ grand pays de l’Amérique septentrionale, près du détroit d’Hudson ; il s’étend depuis le 50e d. de latitude, jusqu’au 63, & depuis le 301 d. de longitude jusqu’au 323 ou environ ; c’est une espece de triangle. Il est extrèmement froid, stérile, bordé de plusieurs îles, & habité par des sauvages appellés Eskimaux. Nous n’en connoissons légerement que les côtes, & l’intérieur du pays nous est entierement inconnu. (D. J.)​","[['50 N 301 E', '63 N 323 E']]",,50 N 301 E 63 N 323 E,50 N 301 O | 63 N 323 O
v9-1684-0,LISBONNE,"LISBONNE, (Géogr.)​ capitale du Portugal, sur le Tage, à quatre lieues de l’Océan, trente-quatre S. O. de Coïmbre, soixante N. O. de Séville, cent six S. O. de Madrid.


Elle est 12d. 57′. 45″. plus orientale que Paris ; lat. 38d. 45′. 25″. selon les observations de M. Couplet, faites sur les lieux en 1698, & rapportées dans les mémoires de l’académie des Sciences, année 1700, pag. 175.


Long. 10. 49. par les observations de Jacobey, rapportées dans les Transactions philosophiques, & approuvées par M. de Lisle, dans les mémoires de l’académie royale des Sciences.


Long. selon M. Cassini, 9d. 6′. 30″. lat. 38d. 43′. & selon M. Couplet, 38d. 45′. 25″.


Long. orientale selon M. le Monnier, 8d. 30′. lat. 38d. 42′. 20″.


M. Bradley a établi 9d. 7′. 30″. ou O. H. 36′. 30″. pour différence de longitude entre Londres & Lisbonne. Voyez les Transactions philosophiques, n°. 394.


Cette ville est le séjour ordinaire du roi & de la cour, le siége du premier parlement du royaume, qu’on nomme relaçao, avec un archevêché, dont l’archevêque prend le titre de patriarche, une université, une douane, dont la ferme est un des plus grands revenus du prince, & un port sur le Tage d’environ quatre lieues de long, estimé le meilleur & le plus célebre de l’Europe, quoiqu’exposé quelquefois à de violens ouragans.


On a vû cette ville briller en amphithéâtre, par sa situation sur sept montagnes, d’où l’on découvre le Tage dans toute son étendue, la campagne & la mer. On vantoit, il n’y a pas six ans, la solidité des forts de Lisbonne & de son château, la beauté de ses places & de ses édifices publics, de ses églises, de ses palais, & sur-tout de celui du roi. Enfin on la regardoit avec raison, comme une des principales villes de l’Europe, & le centre d’un commerce prodigieux. Toutes ces belles choses ont été effacées du livre de vie, par une révolution également prompte & inopinée.


« Lisbonne étoit ; elle n’est plus », dit une lettre qui nous apprit qu’un tremblement de terre arrivé le premier Novembre 1755, en avoit fait une seconde Héraclée ; mais puisqu’on espere aujourd’hui de la tirer de ses ruines, & même de lui rendre sa premiere splendeur, nous laisserons un moment le rideau sur l’affreuse perspective qui l’avoit détruite, pour dire un mot de son ancienneté & des diverses révolutions qu’elle a souffertes, jusqu’à la derniere catastrophe, dont on vient d’indiquer l’époque trop mémorable.


Quoique vivement touché de ses malheurs, je ne puis porter son ancienneté au siecle d’Ulysse, ni croire que ce héros, après la destruction de Troie, en ait jetté les fondemens ; desorte que dèslors, elle fut appellée Ulyssipone, ou Ulyssipo. Outre que selon toute apparence, Ulysse n’est jamais sorti de la Méditerranée, le vrai nom de cette ville étoit Olyssipo, comme il paroît par l’inscription suivante, qui y a été trouvée. Imp. Cæs. M. Julio. Philipp. Fel. Aug. Pontif. Man. Trib. Pot. II. P. P. Cons. III. Fel. Jul. Olissipo. Cette inscription confirme que Lis-​bonne, après avoir reçû une colonie romaine, prit le nom de Felicitas Julia ; & c’est assez pour justifier son ancienneté.


Elle a été plusieurs fois attaquée, conquise & reconquise par divers peuples. D. Ordogno III. qui régnoit dans le dixieme siecle, s’en rendit maître, & la rasa. Elle fut à peine rebâtie, que les Maures s’en emparerent. D. Henri la reprit au commencement du douzieme siecle, & bientôt après elle retomba sous la puissance des Sarrasins. C’étoit le tems des croisades ; D. Alphonse en obtint une pour la retirer des mains des infideles. On vit en 1145, une flotte nombreuse montée par des Flamands, des Anglois & des Allemands, entrer dans le Tage, attaquer les Maures, & leur enlever Lisbonne. Dès que le comte de Portugal se trouva possesseur de cette ville, il la peupla de chrétiens, & en fit sa capitale, au lieu de Coïmbre, qui l’avoit été jusqu’alors. Un étranger nommé Gilbert, fut sacré son premier évêque. Henri, roi de Castille, la soumit à sa couronne en 1373. Elle rentra dans la suite sous le pouvoir des Portugais, & y demeura jusqu’à ce que le duc d’Albe, vainqueur de D. P. d’Achuna, la rangea sous la domination espagnole. Enfin par la révolution de 1640, le duc de Bragance fut proclamé dans Lisbonne roi de Portugal, & prit le nom de Jean IV.


Ses successeurs s’y sont maintenus jusqu’à ce jour. Charmés de la douceur de son climat, & pour ainsi dire de son printems continuel, qui produit des fleurs au milieu de l’hiver, ils ont aggrandi cette capitale de leurs états, l’ont élevée sur sept collines, & l’ont étendue jusqu’au bord du Tage. Elle renfermoit dans son enceinte un grand nombre d’édifices superbes, plusieurs places publiques, un château qui la commandoit, un arsenal bien fourni d’artillerie, un vaste édifice pour la douane, quarante églises paroissiales, sans compter celles des monasteres, plusieurs hôpitaux magnifiques, & environ trente mille maisons, qui ont cédé à d’affreux tremblemens de terre, dont le récit fait frissonner les nations même, qui sont le plus à l’abri de leurs ravages.


Le matin du premier Novembre 1735, à neuf heures quarante-cinq minutes, a été l’époque de ce tragique phénomene, qui inspire des raisonnemens aux esprits curieux, & des larmes aux ames sensibles. Je laisse aux Physiciens leurs conjectures, & aux historiens du pays, le droit qui leur appartient de peindre tant de désastres. Quæque ipsa miserrima vidi, & quorum pars magna fui, écrivoit une dame étrangere, le 4 Novembre, dans une lettre datée du milieu des champs, qu’elle avoit choisi pour refuge à cinq milles de l’endroit où étoit Lisbonne trois jours auparavant.


Le petit nombre de maisons de cette grande ville, qui échapperent aux diverses secousses des tremblemens de terre de l’année 1755 & 1756, ont été dévorées par les flammes, ou pillées par les brigands. Le centre de Lisbonne en particulier, a été ravagé d’une maniere inexprimable. Tous les principaux magasins ont été culbutés ou réduits en cendres ; le feu y a consumé en marchandises, dont une grande partie appartenoit aux Anglois, pour plus de quarante millions de creuzades. Le dommage des églises, palais & maisons, a monté au-delà de cent cinquante millions de la même monnoie, & l’on estimoit le nombre des personnes qui ont péri sous les ruines de cotte capitale, ou dans son incendie, entre 15 à 20000 ames.


Toutes les puissances ont témoigné par des lettres à S. M. T. F. la douleur qu’elles ressentoient de ce triste événement ; le roi d’Angleterre plus intimement lié d’amitié, & par les intérêts de son commerce, y envoya, pour le soulagement des malheu-​reux, des vaisseaux chargés d’or & de provisions, qui arriverent dans le Tage au commencement de Janv. 1756, & ses bienfaits furent remis au roi de Portugal. Ils consistoient en trente mille livres sterling en or, vingt mille livres sterling en pieces de huit, six mille barils de viande salée, quatre mille barils de beurre, mille sacs de biscuit, douze cens barils de ris, dix mille quintaux de farine, dix mille quintaux de blé, outre une quantité considérable de chapeaux, de bas & de souliers. De si puissans secours, distribués avec autant d’économie que d’équité, sauverent la vie des habitans de Lisbonne, réparerent leurs forces épuisées, & leur inspirerent le courage de relever leurs murailles, leurs maisons & leurs églises.


Terminons cet article intéressant de Lisbonne par dire un mot d’Abarbanel, de Govea, de Lobo, & sur-tout du Camoens, dont cette ville est la patrie.


Le rabbin Isaac Abarbanel s’est distingué dans ses commentaires sur l’ancien Testament, par la simplicité qui y regne, par son attachement judicieux au sens littéral du texte, par sa douceur & sa charité pour les chrétiens, dont il avoit été persécuté. Il mourut à Venise en 1508, âgé de soixante-onze ans.


Antoine de Govea passe pour le meilleur jurisconsulte du Portugal ; son traité de jurisdictione, est de tous ses ouvrages celui qu’on estime le plus. Il est mort en 1565.


Le P. Jérôme Lobo, jésuite, finit ses jours en 1678, âgé de quatre-vingt-cinq ans, après en avoir passé trente en Ethiopie. Nous lui devons la meilleure relation qu’on ait de l’Abyssinie ; elle a été traduite dans notre langue par M. l’abbé le Grand, & imprimée à Paris en 1728, in-4°.


Mais le célebre Camoens a fait un honneur immortel à sa patrie, par son poëme épique de la Luziade. On connoît sa vie & ses malheurs. Né à Lisbonne en 1524 ou environ, il prit le parti des armes, & perdit un œil dans un combat contre les Maures. Il passa aux Indes en 1553, déplut au viceroi par ses discours, & fut exilé. Il partit de Goa, & se réfugia dans un coin de terre déserte, sur les frontieres de la Chine. C’est là qu’il composa son poëme ; le sujet est la découverte d’un nouveau pays, dont il avoit été témoin lui-même. Si l’on n’approuve pas l’érudition déplacée qu’il prodigue dans ce poëme vis-à-vis des Sauvages ; si l’on condamne le mélange qu’il y fait des fables du paganisme, avec les vérités du Christianisme, du-moins ne peut-on s’empêcher d’admirer la fécondité de son imagination, la richesse de ses descriptions, la variété & le coloris de ses images.


On dit qu’il pensa perdre ce fruit de son génie en allant à Macao ; son vaisseau fit naufrage pendant le cours de la navigation ; alors le Camoens, à l’imitation de César, eut la présence d’esprit de conserver son manuscrit, en le tenant d’une main au-dessus de l’eau, tandis qu’il nageoit de l’autre. De retour à Lisbonne en 1569, il y passa dix ans malheureux, & finit sa vie dans un hôpital en 1579. Tel a été le sort du Virgile des Portugais. (D. J.)​","[['alt'], ['38 45\' 25"" N 12 57\' 45"" E'], [""10 49' E""], ['38 43\' N 9 6\' 30"" E'], ['38 45\' 25"" N 9 6\' 30"" E'], ['38 42\' 20"" N 8 30\' E'], ['9 7\' 30"" W']]","['Paris', 'Londres']","alt | 38 45' 25"" N 12 57' 45"" E | 10 49' E | 38 43' N 9 6' 30"" E | 38 45' 25"" N 9 6' 30"" E | 38 42' 20"" N 8 30' E | 9 7' 30"" W","38 45' 25"" N 12 57' 45"" E | 38 45' 25"" N 10 49' E | 38 43' N 9 6' 30"" E | 38 45' 25"" N 9 6' 30"" E | 38 42' 20"" N 8 30' E"
v9-1982-0,"LOUYSIANE, la","LOUYSIANE, la, (Géog.)​ grande contrée de l’Amérique septentrionale, & qui faisoit autrefois partie de la Floride Le P. Charlevoix en a donné une description détaillée dans son Histoire de la nouvelle France ; je n’en dirai qu’un mot.


Fernand de Soto, Espagnol, la découvrit le premier, mourut dans le pays, & les Espagnols ne songerent pas à s’y établir. Le P. Marquette, jésuite, & le sieur Jolyet y aborderent en 1672. Dix ans aprés, M. de la Sale perfectionna cette découverte, & nomma cette vaste contrée la Louysiane. En 1698, M. d’Iberville, capitaine de vaisseaux, entra dans le Mississipi, & le remonta jusqu’à son embouchure. En 1718, 1719 & 1720, la France y projetta un établissement qui n’a point eu de succès jusqu’à ce jour : cependant ce pays paroît un des meilleurs​ de l’Amérique ; il est traversé du nord au sud par le Mississipi. Le P. Hennepin, récollet, a donné en 1683 une description de la Louysianue, qui a grand besoin de corrections. Longitude 279-289. latit. 39-39. (D. J.)​","[['39 N 279 E', '39 N 289 E']]",,39 N 279 E 39 N 289 E,39 N 279-289 O
v10-30-0,MANCHESTER,"MANCHESTER, (Géog.)​ c’est, selon M. Gale, le Mancunium des anciens, ville à marché & à poste d’Angleterre, en Lancashire, avec titre de duché ; elle est belle riche, bien peuplée, & très-florissante par ses manufactures de laine & de coton ; elle est à​ 46 lieues N. O. de Londres, sur le Spelden. Long. 15. 12. lat. 53. 29. Long. selon Strect. 15. 11. 15. lat. 53. 24. (D. J.)​","[['alt'], [""53 29' N 15 12' E""], ['53 24\' N 15 11\' 15"" E']]",,"alt | 53 29' N 15 12' E | 53 24' N 15 11' 15"" E","53 29' N 15 12' O | 53 24' N 15 11' 15"" O"
v10-123-0,MANIOLÆ,"MANIOLÆ, (Géog. anc.)​ îles de l’Océan oriental. Ptolomée qui les nomme ainsi, n’en parle que sur une tradition obscure & pleine d’erreurs ; cependant il rencontre assez bien en mettant leur longitude à 142 degrés. Ce sont les îles Manilles ou Philippines des modernes. (D. J.)​",[['142 E']],,142 E,142 E
v10-309-0,MARGUS,"MARGUS, (Géogr. anc.)​ nom d’une riviere d’Asie & d’Europe.


Le Margus d’Asie arrosoit le pays qui en prenoit le nom de Margiane. Ptolomée met la source de ce fleuve à 105d. de longit. & à 39d. de lat. & sa chute dans l’Oxus, à 102. 40 de longit. & à 43. 30 de lat.


Le Margus d’Europe est, selon M. de Lisle & le P. Hardouin, l’ancien nom de la Morave, riviere de Servie. Elle est nommée Margis par Pline, & c’est le Moschius de Ptolomée, liv. III. chap. ix. estropié dans les cartes qui accompagnent son livre. (D. J.)​","[['39 N 105 E'], [""43 30' N 102 40' E""]]",,39 N 105 E | 43 30' N 102 40' E,39 N 105 E | 43 30' N 102 40' E
v10-368-0,"MARMARA, ou MARMORA","MARMARA, ou MARMORA, (Géog.)​ nom de quatre îles d’Asie dans la mer de Marmora, à laquelle elles donnent le nom. La plus grande appellée Marmara, a environ 12 lieues de circuit, & une ville de son nom. Ces quatre îles abondent en blé, en vin, en fruits, en coton, en pâturages, & en bestiaux. Elles sont situées au 38d & environ 35′. de lat. septent. & à l’orient d’été d’Héraclée.


La mer de Marmora, ou mer Blanche, est un grand golfe entre l’Hélespont & la mer Noire : c’est ce que les anciens appelloient Propontide. (D. J.)​","[[""38 35' N""]]",,38 35' N,38 35' N
v10-686-0,MÉACO ou MIACO,"MÉACO ou MIACO, (Géog.)​ grande & célebre ville impériale dans l’île ou presqu’île de Niphon au Japon, dont elle étoit autrefois la capitale. Le dairi, c’est-à-dire l’empereur ecclésiastique, y fait sa résidence avec une ombre d’autorité religieuse, pour le consoler de la véritable, dont l’empereur séculier l’a dépouillé.


Méaco est le grand magasin de toutes les manufactures du Japon, & la principale ville de commerce. Elle est bâtie régulierement, & toutes ses rues sont coupées à angles droits. On y trouve toutes les marchandises les plus riches & les plus précieuses. On y comptoit en 1675, par un dénombrement fait du peuple distingué par religions, plus de six mille ames. Kœmpfer vous donnera toute la description de cette ville ; c’est cet habile & fidele voyageur qu’il faut ici consulter. Le P. Riccioli établit une double position de Méaco, savoir, long. 136d24′. ou 157. 23. lat. 35. 45. ou 36. (D. J.)​","[['alt'], [""36 45' N 136 24' E""], [""36 N 157 23' E""]]",,alt | 36 45' N 136 24' E | 36 N 157 23' E,35 45' N 136 24' E | 36 N 157 23' E
v10-1019-11,Mer Adriatique,"Mer Adriatique, (Géog.)​ Adriaticum mare ; ce grand golfe de la Méditerranée, qu’on nomme aussi golfe de Venise, s’enfonce du sud-sud-est, au nord-nord-ouest, entre l’Italie & la Turquie européenne, & s’étend depuis le 40d. de lat. jusqu’au 45d. 25′. Son nom latin vient de l’ancienne ville Adria, aujourd’hui Atri, sur les côtes de l’Abruzze septentrionale. Dans les Actes des apôtres, c. xxvij. v. 27. le nom Adria, ou mer Adriatique, se dit de la mer de Sicile, & de la mer Ionienne. (D. J.)​","[['40 N', ""45 25' N""]]",,40 N 45 25' N,40 N | 45 25' N
v10-1264-0,"MEXICO, ville de","MEXICO, ville de (Géog.)​ autrement ville de Mexique ; ville de l’Amérique septentrionale, la plus considérable du Nouveau-Monde, capitale de la Nouvelle-Espagne, avec un archevêché érigé en​1547, une audiance royale, une université, si l’on peut nommer de ce nom les écoles de l’Amérique espagnole.


Elle fut la capitale de l’empire du Mexique jusqu’au 13 Août 1521, que Cortez la prit pour toujours, & que finit ce fameux empire. Voyons ce qu’elle étoit alors, avant que de parler de son état actuel.


Cette ville, fondée au milieu d’un grand lac, offroit aux yeux le plus beau monument de l’industrie américaine. Elle communiquoit à la terre par ses digues ou chaussées principales, ouvrages somptueux, qui ne servoient pas moins à l’ornement qu’à la nécessité. Les rues étoient fort larges, coupées par quantité de ponts, & paroissoient tirées au cordeau. On voyoit dans la ville les canots sans nombre naviger de toutes parts pour les besoins, & le commerce. On voyoit à Mexico les maisons spacieuses & commodes construites de pierres, huit grands temples qui s’élevoient au-dessus des autres édifices, des places, des marchés, des boutiques qui brilloient d’ouvrages d’or & d’argent sculptés, de vaisselle de terre vernissée, d’étoffes de coton, & de tissus de plumes, qui formoient des desseins éclatans par les plus vives couleurs.


L’achat & la vente se faisoient par échange ; chacun donnoit ce qu’il avoit de trop, pour avoir ce qui lui manquoit. Le maïs & le cacao servoient seulement de monnoie pour les choses de moindre valeur. Il y avoit une maison où les juges de commerce tenoient leur tribunal, pour regler les différends entre les négocians : d’autres ministres inférieurs alloient dans les marchés, maintenir par leur présence, l’égalité dans les traités.


Plusieurs palais de l’empereur Montézuma augmentoient la somptuosité de la ville. Un d’eux s’élevoit sur des colonnes de jaspe, & étoit destiné à récréer la vûe par divers étangs couverts d’oiseaux de mer & de riviere, les plus admirables par leurs plumages. Un autre étoit décoré d’une ménagerie pour les oiseaux de proie. Un troisieme étoit rempli d’armes offensives & défensives, arcs, fleches, frondes, épées avec des trenchans de cailloux, enchâssés dans des manches de bois, &c. Un quatrieme étoit consacré à l’entretien & nourriture des nains, des bossus, & autres personnes contrefaites ou estropiées des deux sexes & de tout âge. Un cinquieme étoit entouré de grands jardins, où l’on ne cultivoit que des plantes médecinales, que des intendans distribuoient gratuitement aux malades. Des médecins rendoient compte au roi de leurs effets, & en tenoient régistre à leur maniere, sans avoir l’usage de l’écriture. Les autres especes de magnificence ne marquent que le progrès des arts ; ces deux dernieres marquent le progrès de la morale, comme dit M. de Voltaire.


Cortez, après sa conquête, réfléchissant sur les avantages & la commodité de la situation de Mexico, la partagea entre les conquérans, & la fit rebâtir ; après avoir marqué les places pour l’hôtel-de-ville, & pour les autres édifices publics. Il sépara la demeure des Espagnols d’avec celle du reste des Indiens, promit à tous ceux qui voudroient y venir demeurer, des emplacemens & des privileges, & donna une rue entiere au fils de Montézuma, pour gagner l’affection des Mexicains. Les descendans de ce fameux empereur subsistent encore dans cette ville, & sont de simples gentilhommes chrétiens, confondus parmi la foule.


Mexico est actuellement située dans une vaste plaine d’eau, environnée d’un cercle de montagnes d’environ 40 lieues de tour. Dans la saison des pluies, qui commencent vers le mois de Mai, on ne peut entrer dans cette ville que par trois chaussées, dont​ la plus petite a une grande demi-lieue de longueur ; les deux autres sont d’une lieue & d’une lieue & demie ; mais dans les tems de sécheresse, le lac au milieu duquel la ville est située, diminue considérablement. Les Espagnols se sont efforcés de faire écouler les eaux à-travers les montagnes voisines ; mais après des travaux immenses, exécutés aux dépens des jours des malheureux Mexicains, ils n’ont réussi qu’en partie dans l’exécution de ce projet ; néanmoins ils ont remédié par leurs ouvrages aux inondations, dont cette ville étoit souvent menacée.


Elle est actuellement bâtie régulierement, & traversée de quelques canaux, lesquels se remplissent des eaux qui viennent du lac. Les maisons y sont basses, à cause des fréquens tremblemens de terre ; les rues sont larges, & les églises très-belles. Il y a un très-grand nombre de couvents.


On comptoit au moins trois cent mille ames dans Mexico sous le regne de Montézuma ; on n’en trouveroit pas aujourd’hui soixante mille, parmi lesquels il y a au plus dix mille blancs ; le reste des habitans est composé d’Indiens, de nègres d’Afrique, de mulâtres, de métis, & d’autres, qui descendent du mélange de ces diverses nations entre elles, & avec les Européens ; ce qui a formé des habitans de toutes nuances de couleurs, depuis le blanc jusqu’au noir.


C’est cependant une ville très-riche pour le commerce, parce que par la mer du nord une vingtaine de gros vaisseaux abordent tous les ans à S. Jean de Mhua, qu’on nomme aujourd’hui la Vera-Crux, chargés de marchandises de la chrétienté, qu’on transporte ensuite par terre à Mexico. Par la mer du sud, elle trafique au Pérou & aux Indes orientales au moyen de l’entrepôt des Philippines, d’où il revient tous les ans deux galions à Acapulco, où l’on décharge les marchandises, pour les conduire par terre à Mexique.


Enfin, si l’on considere la quantité d’argent qu’on apporte des mines dans cette ville, la magnificence des édifices sacrés, le grand nombre de carrosses qui roulent dans les rues, les richesses immenses de plusieurs Espagnols qui y demeurent, l’on pensera qu’elle doit être une ville prodigieusement opulente : mais d’un autre côté, quand on voit que les Indiens qui font les quatre cinquiemes des habitans, sont si mal vétus, qu’ils vont sans linge & nuds piés, on a bien de la peine à se persuader que cette ville soit effectivement si riche.


Elle est située à 22 lieues de la Puébla, 75 d’Acapulco, & à 80 de la Vera-Crux. Long. selon le P. Feuillée & des Places, 272 deg. 21 min. 30 sec. lat. 20. 10. Long. selon Cassini & Lieutaud, 273. 51. 30. lat. 20. Long. selon M. de Lisle, 275. 15. lat. 20. 10. (D. J.)​","[['alt'], ['20 10\' N 272 21\' 30"" E'], ['20 N 273 51\' 30"" E'], [""20 10' N 275 15' E""]]",,"alt | 20 10' N 272 21' 30"" E | 20 N 273 51' 30"" E | 20 10' N 275 15' E","20 10' N 272 21' 30"" O | 20 N 273 51' 30"" O | 20 10' N 275 15' O"
v10-1359-0,MILIANE,"MILIANE, (Géog.)​ ancienne ville d’Afrique dans la province de Ténés, au royaume de Trémécen, avec un château qui la commande. On l’appelloit autrefois Magnana, & on en attribue la fondation aux Romains. Elle est dans un pays fertile en noyers, en oranges & en citrons, qui sont les plus beaux de la Barbarie. Elle est à 15 lieues O. d’Alger. Long. selon Ptolomée, 15. 50. lat. 28. 50. Nous estimons aujourd’hui la long. de cette ville 20. 10. lat. 35. 44. (D. J.)​","[['alt'], [""28 50' N 15 50' E""], [""35 44' N 20 10' E""]]",,alt | 28 50' N 15 50' E | 35 44' N 20 10' E,28 50' N 15 50' E | 35 44' N 20 10' E
v10-1808-0,"MONSONI, ou MONSIPI","MONSONI, ou MONSIPI, (Géogr.)​ grand fleuve de l’Amérique septentrionale dans la nouvelle France. Il a son embouchure au fond de la baie d’Hudson par les 31d. 20 de lat. N. (D. J.)​","[[""31 20' N""]]",,31 20' N,31 20' N
v10-1964-0,"MORÉE, la","MORÉE, la, (Géog.)​ c’est le Péloponnèse des anciens ; grande presqu’île, contiguë à la Grece, au midi de laquelle elle est attachée par un isthme assez étroit, entre les golfes de Lépante & d’Engia.


Cette presqu’île contenoit autrefois un grand nombre d’états très-peuplés, mais les choses ont bien changé de face. Ce pays fit partie du diocèse de Macédoine, après la division des deux empires. Alaric le désola par son incursion, les despotes en jouirent ensuite, les Turcs le posséderent, les Vénitiens le leur enleverent en 1687, & le perdirent en 1715.


Le P. Coronelli a faussement divisé la Morée en quatre provinces, parce qu’il a copié les erreurs de Baudrand & de Moréri.


En effet, on ne connoît en Morée que trois provinces, qui sont la Zaconie, le Brazzo di Maina, & le Belvédere.


La Zaconie occupe le royaume de Sicyone, Corinthe, & toute l’Argie.


Le Belvédere répond à l’Achaïe proprement dite, & comprend outre cela l’ancienne Elide, une partie de la Messénie, & une partie de l’Arcadie.


Le Brazzo di Maina, ou le pays des Magnotes, répond au reste de l’Arcadie, & à toute la Zaconie.


La Morée est assez fertile, excepté vers le milieu où sont les montagnes. Aussi l’Arcadie qui jadis occupoit ce milieu, avoit beaucoup d’habitans menant la vie pastorale. Le Brazzo di Maina est encore plus stérile que le reste ; aussi voyons-nous que ses anciens habitans, les Lacédémoniens, faisoient de nécessité vertu, & suppléoient, par leur frugalité, à ce qui leur manquoit du côté de l’abondance ; mais ce qui vaut cent fois mieux, ils étoient libres. Les Magnotes, leurs successeurs, le sont encore ; & les Turcs qui les environnent, n’ont pû les subjuguer entierement.


Il y a dans la Morée beaucoup d’Albanois qui, ne sachant ni porter le joug du turc, ni le secouer, attirent souvent aux habitans de fâcheuses affaires.


Le morabégi ou sangiac qui commande en Morée, a sa résidence à Modon.


Le pere Briet compte soixante-quinze lieues françoises pour la largeur de la Morée, depuis le cap de Matapan jusqu’à l’Examile, c’est-à-dire, jusqu’à cette fameuse muraille que les Péloponnésiens avoient élevée anciennement, pour se garantir des courses des ennemis durant la guerre contre le roi de Perse ; muraille qui avoit été rétablie par les despotes, percée par Amurath II. relevée par les Vénitiens, & finalement rasée par Mahomet II. Le même pere Briet prend la longueur de la Morée, de Castel Fornèse jusqu’à Cabo Schillo, & l’évalue à quatre-vingt-dix lieues françoises.


La Morée est à-peu-près comprise entre le 35°. de latitude, & le 37. 30′. Strabon dit qu’anciennement on l’appelloit Argos, d’un nom qui fut après cela donné à une de ses villes. Sous le regne d’Apis, le troisieme roi de la ville d’Argos, la Morée fut appellée Apia, environ 1747 ans avant la naissance de Jesus-Christ. Au bout de quatre cens vingt années, elle prit le nom de Péloponnèse du phrygien Pélops, célebre non seulement par les miracles de son épaule d’ivoire dont Pline vous entretiendra, mais encore par les incestes & les parricides de ses fils Atrée & Thyeste, dont toute l’antiquité peut vous instruire.


Le nom de Morée lui a été donné sous les derniers empereurs de Constantinople, parce que sa figure​topographique ressemble à une feuille de mûrier, que les Grecs appellent Morea. Strabon, & beaucoup d’autres, ont écrit qu’elle ressembloit à une feuille de platane, qui ne differe guère de la feuille de mûrier. (D. J.)​","[['35 N', ""37 30' N""]]",,35 N 37 30' N,35 N | 37 30' N
v10-2060-0,MOSKOW,"MOSKOW, (Géog.)​ les François prononcent Moskou, mais mal ; ce mot se doit prononcer Moskof, parce que le w final de la langue esclavone, qui est d’usage en Russie, en Pologne & ailleurs, est un v consone, & se prononce par ces peuples comme une f.


Moskow est une grande ville, que Basilides conquit sur les Lithuaniens à la fin du onzieme siecle. Elle devint alors un patriarchat, & la capitale de l’empire russien, & elle l’a été jusqu’à la fondation de Saint-Pétersbourg par Pierre I. Oléarius, le Brun & autres, ont décrit Moskow dans leurs voyages ; mais les années ont causé tant de changemens à cette ville, que leurs descriptions ne sont plus vraies aujourd’hui.


Cette ville est partagée en quatre parties, dont chacune est entourée d’une muraille & d’un fossé. Elle dépérit tous les jours, parce que la plûpart des maisons étant de bois, les incendies y sont fréquens, & le czar a défendu qu’on les rebâtit de pierre, afin d’attirer encore mieux les grands & les riches à Saint-Pétersbourg.


Les rues de Moskow ne sont pavées qu’en peu d’endroits, & remplies de vagabonds & de gueux, qui détroussent & assassinent les passans à l’entrée de la nuit.


Les églises & monasteres y brillent en très-grand nombre ; & comme chacun a ses cloches, la sonnerie ne finit point. Ces cloches ne se mettent pas en branle comme les nôtres ; on les sonne par le moyen d’un corde qui tient au battant.


L’apothicairerie de Moskow étoit autrefois la la plus considérable de l’Europe, parce qu’elle fournissoit seule les armées & les grandes villes de Russie ; mais les choses ne sont plus de même aujourd’hui.


Les environs de Moskow paroissent très-beaux, & les Anglois établis dans cette ville, avoient trouvé​ l’art d’avoir dans leurs jardins au mois de Février des roses hâtives, des œillets & d’excellentes asperges. Tout le pays produit du bon blé, qu’on seme en Mai, & qu’on recueille en Septembre. La terre porte des fruits, pourvu qu’on la fume & qu’on la cultive. Le miel y est aussi commun qu’en Pologne. Le gros & le menu bétail y paît en abondance ; ensorte que la vie y est à grand marché.


Moskow est baignée au sud-est par la Moska, au couchant & au sud-ouest, par la riviere de Neglina.


Pierre-le-Grand a fait faire un canal de Moskow à Saint-Petersbourg, pour établir une correspondance entre l’ancienne capitale de ses états, & la nouvelle. Ce canal, après avoir traversé le lac d’Onega, arrive à Moskow.


Cette ville est dans une plaine fort étendue, à 160 lieues N. de Cassa, 240 de Constantinople, 260 de Cracovie, 245 de Stockholm, environ 360 de Vienne, & 650 de Paris. Long. selon Cassini, 57. 51. 30. lat. 55. 36. 10. Long. Selon Timmerman, 56. 11. 15. lat. 55. 34. (D. J.)​","[['alt'], ['55 36\' 10"" N 57 51\' 30""  E'], [' 55 34\' N 56 11\' 15"" E']]",,"alt | 55 36' 10"" N 57 51' 30""  E |  55 34' N 56 11' 15"" E","55 36' 10"" N 57 51' 30"" E | 55 34' N 56 11' 15"" E"
v10-2068-0,"MOSUL, ou MOUSSUL, ou MOUSSAL","MOSUL, ou MOUSSUL, ou MOUSSAL, (Géog.)​ par Ptolomée Durbeta, ville forte d’Asie, dans le Diarbeck, sur la rive droite du Tigre. Elle est aujourd’hui presque toute ruinée, n’a que de petits bazars borgnes, & est cependant fréquentée par des négocians Arabes & des Curdes ; on croit que c’est de l’autre côte du Tigre que commencent les ruines de l’ancienne Ninive. La chaleur est excessive à Mosul, & encore plus grande qu’en Mésopotamie. Long. selon nos voyageurs, 59. 20. lat. 36. 30. Les tables arabiques sont bien différentes, car elles​ donnent à Mosul 77. degrés de longitude, & 34. 30. de latitude septentrionale.","[['alt'], [""36 30' N 59 20' E""], [""34 30' N 77 E""]]",,alt | 36 30' N 59 20' E | 34 30' N 77 E,36 30' N 59 20' E | 34 30' N 77 E
v11-14-1,Nabo,"Nabo, (Géog.)​ ou Napon, cap du Japon que les Hollandois nomment cap de Gorée. C’est le plus septentrional de la côte orientale de la grande île Niphon, par les 39d. 45′. de lat. nord. (D. J.)​","[[""39 45' N""]]",,39 45' N,39 45' N
v11-566-0,NIENCHEU,"NIENCHEU, (Géog.)​ ville de la Chine, dans la province de Chekiang, dont elle est la quatrieme métropole. Elle est environnée de montagnes où il y a des mines de cuivre ; ses habitans font un grand commerce de papier. Lat. sept. 29. 33.","[[""29 33' N""]]",,29 33' N,29 33' N
v11-692-1,"Noire, riviere","Noire, riviere, (Géog.)​ il y a dans l’Amérique septentrionale, dans la nouvelle France, trois rivieres nommées rivieres Noires : l’une se rend dans le fleuve saint-Laurent, l’autre se jette dans le lac des Illinois, & la troisieme se perd dans le fleuve du Mississipi par les 43d de lat. septent.",[['43 N']],,43 N,43 N
v11-789-0,NORWEGUE,"NORWEGUE. (Géog.)​ Les François disent & écrivent Norwège ou Norvège, royaume d’Europe, dans la Scandinavie, entre la Suede & la mer, sur laquelle il est penché en forme d’une côte de baleine. Il s’étend du midi au nord, depuis le 59e degr. jusqu’au 72e. de latit. & depuis le 26e. degr. jus-​qu’au 52e. de longit. On lui donne environ 400 lieues de côtes, & 75 de largeur.


Son nom est formé de nord & de weg, chemin du nord ; & il a reçu vraissemblablement ce nom de sa situation vers le pole arctique. Les Latins l’ont nommé Nortmannia, du nom de ses peuples connus sous celui de Normanni qui signifie hommes du nord. Les anciens l’ont appellé Nerigon. Les Sithons qui l’habiterent originairement, ont longtems vécu sans lois & sans religion.


Les historiens font commencer la succession chronologique des rois de Norwegue vers le milieu du x. siecle, par Harald ; & plusieurs continuent cette succession jusqu’en 1387, que ce royaume fut incorporé à celui de Danemarck. Il est gouverné par un vice-roi qui a un pouvoir absolu, & qui réside à Berghen capitale du royaume.


Le froid est extrème en Norwegue, & le terrein infertile, sablonneux, plein de cailloux ; outre que les rochers, les bois, & les montagnes en occupent la plus grande partie ; tout ce qu’on en peut tirer, & qui fait tout le commerce de la Norwegue, consiste en mâts de vaisseaux, en poix, en goudron, en fourrures, & en poisson salé.


La stérilité qui rend les pays méprisables, servit autrefois à la gloire de celui-ci ; puisqu’elle fut la cause des fameuses irruptions de la plupart de ses habitans sur les côtes de la Frize & des îles britanniques, & comme la base de leurs conquêtes & de leur établissement dans une des meilleures provinces de France : à quoi on peut ajouter le grand nom que leurs descendans se sont fait en Europe, sous celui de Normands, par leurs exploits en Angleterre, en France, & jusque dans l’Italie & dans la Grece.


Aujourd’hui les habitans de Norwegue passent pour être forts, vigoureux, grossiers & bons matelots. Les Lapons qui habitent la partie la plus septentrionale de ce royaume, & par conséquent du continent de l’Europe, sont petits, mal-faits & à demi-sauvages.


Le roi Olaüs, surnommé le saint, y établit le Christianisme dans le xj. siecle, par la force & la violence ; & quel christianisme encore, mêlé de superstition & d’ignorance barbare ! Enfin on reçut la religion luthérienne dans la Norwegue en 1525.


On divise ce royaume en Norwegue propre, & en ses dépendances. La Norwegue propre comprend quatre gouvernemens généraux ; qui sont celui d’Aggérhus, de Berghen, de Drontheim, & de Wardhus. Les dépendances de la Norwegue sont l’Islande & l’île de Fero. Long. 26. 52. lat. 59. 72. (D. J.)​","[['59 N 26 E', '72 N 52 E']]",,59 N 26 E 72 N 52 E,59 N 26 E | 72 N 52 E
v11-890-0,NUBIE,"NUBIE, (Géog.)​ grand pays d’Afrique situé entre le 45 & 57 degré de long. & entre le 15 & 23 degré de lat. Il a plus de 400 milles dans son étendue du nord au sud, & plus de 500 de l’est à l’ouest. Sa ville principale est Dangala ou Dongola.


La Nubie connue anciennement sous le même nom, est bornée maintenant à l’est par la côte d’Abex ; à l’ouest par le Zaara ; au nord par l’Egypte & une partie du Bilédulgérid, & au midi par l’Abyssinie.


Le sol de la Nubie est fertile dans les cantons qui sont proche du Nil ; mais par-tout ailleurs il est tout-à-fait stérile, & parsemé d’affreuses montagnes de sable : aussi ne trouve-t-on que quelques bourgs & quelques villages situés sur le bord du Nil. Personne n’est encore parvenu dans l’intérieur de cette vaste région. Les principales denrées du canton de Dangala consistent en bois de santal, en civette & en ivoire.


Ce qu’on sait de ce pays, c’est qu’il est gouverné par un prince puissant, qui est indépendant. Les habitans ont le nez écrasé, les levres grosses & épaisses, & le visage fort noir.


L’air y est par-tout extrèmement chaud, & il n’y pleut que très-rarement ; cependant nous n’avons point d’observations faites avec le thermometre en Nubie, comme nous en avons de faites au Sénégal, où la liqueur monte jusqu’à 38 degrés ; mais tous les voyageurs s’accordent à dire que la chaleur y est excessive. Les déserts sablonneux qui sont entre la haute Egypte & la Nubie, échauffent l’air au point que le vent du nord des Nubiens doit être un vent brûlant : d’autre côté, le vent d’est qui regne le plus​ordinairement entre les tropiques, n’arrive en Nubie, qu’après avoir parcouru les terres de l’Arabie, sur lesquelles il prend une chaleur que le petit intervalle de la mer Rouge ne peut guere tempérer. On ne doit donc pas être surpris d’y trouver les hommes tout-à-fait noirs.


La Nubie est un des pays des plus inconnus qu’il y ait dans le monde. Il est vrai que le P. Tellez, MM. Ludolf & autres, nous ont donné des descriptions de ce pays, sur des mémoires un peu plus sûrs que les anciens voyageurs qui n’avoient fait que le défigurer par leur hardiesse & leur mauvaise foi ; mais enfin tous ces auteurs n’ont décrit que cette partie de l’Ethiopie que nous appellons Abyssinie, & non pas celle que nous appellons Nubie. (D. J.)​","[['15 N 45 E', '23 N 57 E']]",,15 N 45 E 23 N 57 E,15 N 45 E | 23 N 57 E
v11-1751-0,ORIXA,"ORIXA, (Géog.)​ royaume de l’Indoustan, sur le golfe de Bengale, à l’extrémité septentrionale de la côte de Coromandel, entre le Bengale & le royaume de Golconde. Il est borné au nord par la riviere de Ganga, qui le sépare des terres du Raia-Rotas, depuis les 98d. 20′. de longit. jusqu’à 102d. 20′.


Cet état peut avoir environ 29 lieues de côtes qui courent du sud-ouest au nord-est. En allant du​ nord-est au sud-ouest, on y trouve Batam pour ville, Ganjam autre ville, où les Anglois ont un comptoir, & quelques bourgades ; mais la ville d’Orixa, que Mrs Sanson, Baudrand & autres mettent dans ce royaume comme sa capitale, est une ville chimérique. (D. J.)​","[[""98 20' E"", ""102 20' E""]]",,98 20' E 102 20' E,98 20' E | 102 20' E
v11-1754-1,"Orléans, la nouvelle","Orléans, la nouvelle (Géog.)​ ville de l’Amérique, capitale de la Louisiane. Elle fut bâtie sous la régence du duc d’Orléans. C’est la résidence du gouverneur. Elle est sur le bord oriental du Mississipi. Lat. nord. 28. 26. (D. J.)​","[[""28 26' N""]]",,28 26' N,28 26' N
v11-2459-0,PANAY,"PANAY, (Géog. mod.)​ île d’Asie, d’environ 100 lieues de tour, c’est la mieux peuplée & la plus fertile des Philippines ; elle appartient aux Espagnols. Long. 137. 40-139. lat. 10.11-30.","[[""10 11' N 137 40' E"", ""10 30' N 139 E""]]",,10 11' N 137 40' E 10 30' N 139 E,10 11' N 137 40' E | 30 N 139 E
v11-2685-0,PARAGOYA,"PARAGOYA, (Géog. mod.)​ grande île de la mer des Indes, entre les Philippines & la mer de Bornéo. Il y a dans cette île un roi tributaire de celui de Bornéo. Long. 131. 40-135. lat. sept. 10. (D. J.)​","[[""10 N 131 40' E"", '10 N 135 E']]",,10 N 131 40' E 10 N 135 E,10 N 131 40' E | 10 N 135 E
v11-2705-0,PARAMARIBO,"PARAMARIBO, (Géog. mod.)​ capitale de la colonie hollandoise de Surinam. Lat. sept. 5. 49. (D. J.)​","[[""5 49' N""]]",,5 49' N,5 49' N
v12-219-8,Paté,"Paté, (Géog. mod.)​ royaume d’Afrique dans le Zanguebar, sur la côte de Mélinde. La capitale est dans une ile du même nom, qui ferme la baie de Formose du côté du midi ; cette ville est à un degré de latitude méridionale. (D. J.)​",[['1 S']],,1 S,
v12-748-0,"PEREKOP, ou PERCOPS, ou PRÉCOP","PEREKOP, ou PERCOPS, ou PRÉCOP, (Géog. mod.)​ ville de la Crimée, située sur la côte orientale de l’isthme, qui joint la Crimée à la terre ferme, à une petite distance du rivage du Palus-Méotide. Cette Isthme n’ayant qu’une demi-lieue de largeur en cet endroit, on regarde avec raison la ville de Perekop, comme la clé de la Crimée ; cependant ce n’est qu’un fort vilain petit trou d’environ 60 feux, avec un château ruiné à moitié. Les Turcs sont en possession des deux meilleures places de la presqu’ile de Crimée, qui sont la ville de Caffa, & le port de Baluclava, situé à 44d. 44′. de lat. sur le rivage méridional de ce pays.


Perekop, qui veut dire terre-fossoyée, est le nom que les Polonois ont donné à cet endroit ; les Tartares l’appellent Orkapy, nom magnifique qui signifie la porte d’or ; ce n’est cependant que la porte d’un trou. (D. J.)​","[[""44 44' N""]]",,44 44' N,44 44' N
v12-1623-0,PISCATORES ou PESCADORES,"PISCATORES ou PESCADORES, (Géog. mod.)​ c’est-à-dire îles du pêcheur. M. de Lisle ne marque qu’une île de ce nom dans sa carte des Indes & de la Chine ; mais Dampier dit que les Piscadores sont plusieurs grandes îles désertes, situées près de Formosa, entre cette île & la Chine, à environ 23 degrés de latitude septentrionale, & presque à la même élévation que le tropique du cancer. (D. J.)​",[['23 N']],,23 N,23 N
v12-1803-3,"Plata, ile de la","Plata, ile de la, (Géog. mod.)​ île de l’Amérique méridionale au Pérou, sur la côte de l’audience de Quito, à 5 lieues du cap de S. Laurent. Elle a 4 mille, de long, & un mille & demi de large. L’ancrage est à l’Orient vers le milieu de l’île, on y trouve 18 ou 19 brasses d’eau, latit. mérid. 1. 10.","[[""1 10' S""]]",,1 10' S,1 10' S
v13-100-0,PONT-EUXIN,"PONT-EUXIN, (Géog. anc.)​ Pontus Euxinus. Ce n’est pas un pont comme le croyoit une de nos​dames de la cour ; c’est une grande mer d’Asie qui s’appelle aussi communément la mer Noire, & qu’on nommeroit plus proprement un lac qu’une mer, parce qu’elle est enfoncée dans les terres comme dans un cul-de-sac.


Pline, lib. IV. c. xij. dit que cette mer s’appelloit autrefois Axenus, c’est-à-dire inhospitalier ; selon Pomponius Mela, lib. I. c. xix. qui ajoute que ce nom lui avoit été donné à cause de la barbarie des peuples qui habitoient ses bords, mais que ce nom fut changé en celui d’Euxinus lorsque ces mêmes peuples furent devenus plus humains par le commerce qu’ils eurent avec les autres nations.


Cette mer est entre la petite Tartarie & la Circassie au nord, la Géorgie à l’orient, la Natolie au midi, & la Turquie d’Europe à l’occident. Elle s’étend en longueur depuis les 45d. 12′. de longitude, jusqu’au 60d. 10′. en largeur, environ depuis les 40d. 12′. de latitude septentrionale jusqu’au 45d. quoiqu’en certains endroits elle avance bien au-delà.


Pline, lib. IV. c. xij. lui donne la figure d’un arc scythique ; & Strabon, lib. II. p. 125. aussi-bien qu’Agathemere, géogr. lib. II. c. xiv. disent la même chose. Sur quoi le P. Hardouin remarque que la partie méridionale, en la prenant depuis Chalcédoine jusqu’au Phase, représentoit la corde de cet arc, & la côte méridionale formoit comme les deux branches, dont les deux courbures étoient représentées par les deux golfes qui sont sur cette côte, parce que l’arc scythique avoit la figure du σίγμα des Grecs ; car, ajoute-t-il, quoiqu’il soit constant que cette ancienne lettre des Grecs étoit formée comme le C des Latins ; il n’est pas moins vrai qu’ils en eurent une autre qui, comme le dit Agathémere, avoit la figure d’un arc scythique.


Cette mer a encore eu divers autres noms. Elle est nommée Pontus Amazonius par Claudien : Pontus Scyticus par Valérius Flaccus : Scyticus sinus par Martianus Capella : Pontus Tauricus par Festus Avienus : mare Cimmerium par Hérodote & par Orose : mare Colchicum par Strabon : mare Caucaseum par Apollonius : mare Ponticum par Tacite & par Plutarque : Phasianum mare par Aristide : Sarmaticum mare par Ovide : mare Boreale par Hérodote. Procope dit que les Goths l’appelloient Tanaïs ; aujourd’hui les Italiens la nomment mar Majore ; les Turcs lui donnent le nom de Kara-Dignisi ; & les François celui de mer Noire.


A cette occasion M. Tournefort, voyage du Levant, lettre xvj. remarque que, quoi qu’en ayent dit les anciens, la mer Noire n’a rien de noir pour ainsi dire que le nom. Les vents n’y soufflent pas avec plus de furie, & les orages n’y sont guere plus fréquens que sur les autres mers. Il faut pardonner ces exagérations aux poëtes anciens, & surtout au chagrin d’Ovide. En effet, le sable de la mer Noire est de même couleur que celui de la mer Blanche, & ses eaux en sont aussi claires. En un mot, si les côtes de cette mer qui passent pour si dangereuse, paroissent sombres de loin, ce sont les bois qui les couvrent, ou le grand éloignement qui les font paroître comme noirâtres.


M. de Tournefort ajoute qu’il a éprouvé pendant un voyage sur cette mer, un ciel beau & serain, ce qui l’obligea de donner une espece de démenti à Valerius Flaccus, qui en décrivant la route des Argonautes, assure que le ciel de la mer Noire est toujours embrouillé, & qu’on n’y voit jamais de tems bien formé.


Il y a apparence que dans l’état de perfection où l’on a porté la navigation, on y voyageroit aujourd’hui aussi surement que dans les autres mers, si les vaisseaux étoient conduits par de bons pilotes. Mais les Grecs & les Turcs ne sont guere plus habiles que​ Tiphys & Nauphius qui conduisirent Jason, Thésée, & les autres héros de la Grece, jusque sur les côtes de la Colchide ou de la Mingrélie.


On voit par la route qu’Apollonius de Rhodes leur fait tenir, que toute leur science aboutissoit suivant le conseil de Phinée, cet aveugle roi de Thrace, à éviter les écueils qui se trouvent sur la côte méridionale de la mer Noire, sans oser pourtant se mettre au large, c’est-à-dire qu’il falloit n’y passer que dans le calme.


Les Grecs & les Turcs ont presque les mêmes maximes ; ils n’ont pas l’usage des cartes marines, & sachant à peine qu’une des pointes de la boussole se tourne vers le nord, ils perdent, comme l’on dit, la tramontane, dès qu’ils perdent les terres de vûe. Ceux qui ont le plus d’expérience parmi eux, se croyent fort habiles quand ils savent que pour aller à Caffa il faut prendre à main gauche en sortant du canal de la mer Noire, & que pour aller à Trébisonde, il faut détourner à droite.


On a beau répéter que les vagues de la mer Noire sont courtes, & par conséquent violentes ; il est certain qu’elles sont plus étendues & moins coupées que celles de la mer Blanche, laquelle est partagée par une infinité de canaux qui sont entre les îles. Ce qu’il y a de plus fâcheux pour ceux qui navigent sur la mer Noire, c’est qu’elle a peu de bons ports, & que la plupart de ses rades sont découvertes ; mais ces ports seroient inutiles à des pilotes qui, dans une tempête, n’auroient pas l’adresse de se retirer.


Pour assurer la navigation dans cette mer, toute autre nation que les Turcs formeroit de bons pilotes, répareroit les ports, bâtiroit des moles, établiroit des magasins ; mais leur génie n’est pas tourné de ce côté-là. Les Génois n’avoient pas manqué de prendre toutes ces précautions lors de la décadence de l’empire des Grecs, & surtout dans le commerce de la mer Noire, après en avoir occupé les meilleures places. On y reconnoît encore les débris de leurs ouvrages, & surtout de ceux qui regardent la marine. Mahomet II. les en chassa entierement ; & depuis ce tems-là les Turcs qui ont tout laissé ruiner par leur négligence, n’ont jamais voulu permettre aux Francs d’y naviger, quelques avantages qu’on leur ait proposés pour en avoir la permission.


La célebre époque que Diodore de Sicile nous a conservée touchant le débordement du Pont-Euxin dans la mer de Grece, nous rassure fort sur la plupart des aventures qui se sont passées dans quelques-unes de ces îles. Cette époque au moins nous découvre le fondement de plusieurs fables qu’on a publiées. Il est bon de les rapporter ici. Diodore donc assure, que les habitans de l’île de Samothrace n’avoient pas oublié les prodigieux changemens qu’avoit fait dans l’Archipel le débordement du Pont-Euxin, lequel d’un grand lac qu’il étoit auparavant, devint enfin une mer considérable par le concours de tant de rivieres qui s’y dégorgent.


Ces débordemens inonderent l’Archipel, en firent périr presque tous les habitans, & reduisirent ceux des îles les plus élevées à se sauver aux sommets de leurs montagnes. Combien de grandes îles vit-on alors partagées en plusieurs pieces, s’il est permis de se servir de ce terme ? N’eut-on pas raison après cela de regarder ces îles comme un nouveau monde, qui ne put être peuplé que dans la suite des tems ? Est-il surprenant que les Historiens & les Poëtes ayent publié tant d’aventures singulieres arrivées dans ces îles, à mesure que des gens courageux quitterent la terre ferme pour les venir reconnoître ? Est-il surprenant que Pline parle de certains changemens incroyables à ceux qui ne refléchissent pas sur ce qui s’est passé dans l’univers depuis tant de siecles ? (D. J.)​","[[""40 12' N 45 12' E"", ""45 N 60 10' E""]]",,40 12' N 45 12' E 45 N 60 10' E,40 12' N 45 12' E | 45 N 60 10' E
v13-189-14,Port-angels,"Port-angels, (Géog. mod.)​ ou Port-des-anges ; port de l’Amérique septentrionale dans la nouvelle Espagne, dans la province de Guaxaca, sur la côte de la mer du sud. On y peut ancrer à 30, 20, ou 12 brasses d’eau : la marée y monte jusqu’à 5 piés. L’endroit où l’on y débarque le plus commodément est à l’ouest : c’est une rade toute ouverte. Latitude 15. (D. J.)​",[['15 N']],,15 N,15 N
v13-246-0,PORTENDIC,"PORTENDIC, (Géog. mod.)​ baie sur la côte occidentale d’Afrique, entre Arguim & le Sénégal. Deux grands bancs de sable, & qui joignent des deux côtés le continent, lui servent de défense naturelle, & forment un canal d’environ 80 brasses de largeur. Les François y ont un comptoir sous la dépendance de celui d’Arguin. Latit. 18. 6. (D. J.)​","[[""18 6' N""]]",,18 6' N,18 6' N
v13-1297-0,PULO-CONDOR,"PULO-CONDOR, (Géog. mod.)​ petit archipel de la mer des Indes, formé de huit ou dix tant îles que rochers. La plus grande de ces îles n’a que quatre lieues en longueur ; c’est la seule qui soit habitée, encore n’a-t-elle qu’un village dont les cabanes n’ont ni portes ni fenêtres, & ne sont qu’un assemblage informe de bambous couverts d’herbes.


Les habitans sont basanés, portent des cheveux qui descendent jusque sur les genoux, & vont presque tout nuds ; les dents les plus noires sont chez eux les plus belles. Il ne croît dans l’île que quelques racines & du riz ; la noix d’areque & la feuille de betel sont communes dans les montagnes, ainsi que les serpens & les lézards. Voyez les lettres édifiantes, & les observations du P. Souciet.


Pulo-Condor est à 15 lieues au midi de Camboge, & est soumise au roi de Camboge. Long. 125. 5. ou plûtôt, selon le P. Gaubil, 124. 51. 30. lat. septent. 8. 36. La déclinaison de l’aimant y est d’un degré vers l’ouest. (D. J.)​","[['alt'], [""8 36' N 125 5' E""], ['8 36\' N 124 51\' 30"" E']]",,"alt | 8 36' N 125 5' E | 8 36' N 124 51' 30"" E","8 36' N 125 5' E | 8 36' N 124 51' 30"" E"
v13-1303-0,PULO-UBY,"PULO-UBY, (Géog. mod.)​ île de la mer des Indes, au couchant de Pulo-Condor, à l’entrée de la baie de Siam. Elle a 8 lieues de circuit, & est remplie de bois. Latit. 8. 14.","[[""8 14' N""]]",,8 14' N,8 14' N
v13-1323-1,Puna,"Puna, (Géog. mod.)​ île de la mer du Sud, dont la pointe la plus occidentale appellée Punta-arena, est à 7 lieues de l’île de Sainte-Claire. Sa longueur de l’est à l’ouest est à-peu-près de 14 lieues, & sa longueur de 4 ou 5. Il n’y a dans cette île qu’un bourg d’indiens, qui porte le nom de Puna, & dont les habitans sont tous matelots. Ce bourg est à 7 lieues de Guaiaquil ; on y mouille par cinq brasses d’eau, fond marécageux ; la mer monte à la hauteur de 14 ou 15 piés. Thomas Candish surprit cette île en 1587, & l’abandonna bientôt après, comme une conquête inutile. Lat. mérid. 3. 5. (D. J.)​","[[""3 5' S""]]",,3 5' S,3 5' S
v13-1632-0,QUEBEC,"QUEBEC, (Géogr. mod.)​ ville de l’Amérique septentrionale, capitale du Canada, avec une rade, un port, un château fortifié, & un évêché qui ne releve que du pape.


C’est au sieur de Champlain, gentilhomme de Saintonge, que les François doivent le premier établissement de Quebec. Il le commença en 1608, & y mourut en 1635, au bout de 27 ans de travaux. Cette ville est sur la rive septentrionale du fleuve S. Laurent, à six-vingt lieues de la mer, entre une petite riviere, qui porte le nom de S. Charles, & un gros cap, qu’on appelle le cap aux diamans, parce qu’on y trouve quelquefois de faux diamans, semblables aux pierres d’Alençon.


Les Anglois furent obligés de lever le siege de Quebec en 1690 ; mais ils ont pris cette ville en 1759. Long. selon Cassini, 307. 38′. 30″. latit. 46. 55. & suivant Harris, long. 386. 38′. 48″. latit. 60.


En 1744. M. Gautier estima que son thermometre étoit descendu au 33 degré de celui de M. de Réaumur ; nous disons estima, car le mercure étant rentré dans la boule après le 32 degré, il n’a pu avoir le dernier terme du froid que par estimation, & ce froid se trouvoit environ 17 degrès plus fort que celui de 1709 dans nos climats, ce qui est le plus grand froid artificiel que Farenheit ait pu faire. Le singulier est que Quebec est à-peu-près sous le parallele de 46 à 47 degrés qui répondent au milieu de la France ; preuve bien évidente que le degré de froid ne dépend pas toujours du lieu où on l’observe. (D. J.)​","[['alt'], ['46 55\' N 307 38\' 30"" E'], ['60 N 386 38\' 48"" E']]",,"alt | 46 55' N 307 38' 30"" E | 60 N 386 38' 48"" E","46 55' N 307 38' 30"" O | 60 N 386 38' 48"" O"
v13-2004-0,RAMADA,"RAMADA, (Géog. anc.)​ ville de l’Amérique méridionale, dans le gouvernement de Sainte-Marthe, au nouveau royaume de Grenade, à 40 lieues au levant de Sainte-Marthe. Elle étoit appellée autrefois Salamanque. Latit. 11. 12.","[[""11 12' N""]]",,11 12' N,11 12' S
v14-750-0,REY,"REY, (Géogr. mod.)​ on écrit aussi Reï, Rhei & Raï ; ville de Perse, & la plus septentrionale de l’Irak-Agemi, autrement Irak persienne, ce qui est proprement le pays des anciens Parthes, environ à cinq journées de Nischabourg. Les tables arabiques lui donnent 86. degrés 20. min. de longitude, & 35. 35. de latitude. Tavernier la marque à 76. 20. de longitude sous les 35. 35. de latitude.


La ville de Rey, qui ne subsiste plus aujourd’hui, & dont on ne voit que les ruines, a été autrefois a capitale des Selgincides, à qui Tekesch, sultan des Khovarezmiens, l’enleva. La géographie persane dit qu’elle étoit la plus grande ville de l’Asie dans le ix. siecle. Les auteurs arabes assurent aussi qu’elle étoit alors la ville d’Asie la plus peuplée, & qu’aucune, après Babylone, n’avoit jamais été si considérable soit en richesses, soit en nombre d’habitans. Elle subsista en sa splendeur jusqu’aux conquêtes des Mahométans, qui la détruisirent trois siecles après. Entre les grands personnages que cette ville a produit, on compte Rhazès, médecin célebre, qui vivoit dans le x. siecle, & dont j’ai parlé au mot Médecine. (D. J.)​","[['alt'], [""35 35' N 86 20' E""], [""35 35' N 76 20' E""]]",,alt | 35 35' N 86 20' E | 35 35' N 76 20' E,35 35' N 86 20' E | 35 35' N 76 20' E
v14-1824-0,"SAINTE-CROIX, l’île de","SAINTE-CROIX, l’île de, (Géog. mod.)​ l’une des Antilles située par les 17 degrés 36 minutes de latitude, au nord de l’équateur, à 15 ou 16 lieues dans l’est sud-est de Portorico, sa longueur est d’environ 9 lieues sur une largeur inégale ; son terrein produit les plus beaux arbres du monde, dont le bois est propre à construire de très-beaux meubles. Cette île, qui étoit sous la domination de la France, depuis l’établissement des Antilles, fut cédée vers le commencement du regne de Louis XV. aux Danois, qui y ont aujourd’hui une assez nombreuse colonie, malgré l’intempérie du climat.","[[""17 36' N""]]",,17 36' N,17 36' N
v14-1835-0,SAINT-THOMAS isle de,"SAINT-THOMAS isle de, (Géog. mod.)​ petite isle au nord des Antilles, que l’on range au nombre des vierges ; sa latitude est 18 degrés 22 minutes. Cette isle appartient aux Danois qui y ont bâti une espece de ville couverte du côté du port par un petit fort & quelques batteries de canon, ce lieu est fréquenté par les Hollandois de S. Eustache, & par les bâtimens interlopes qui font la traite sur la grande côte d’Espagne, il est d’ailleurs peu considérable.","[[""18 22' N""]]",,18 22' N,18 22' N
v14-1837-0,SAINT-VINCENT isle de,"SAINT-VINCENT isle de, (Géog. mod.)​ l’une des Antilles située par les 13 degrés 3 minutes de latitude au nord de l’équateur, entre Sainte-Alousie & les Grenadins ; cette île qui peut avoir environ vingt lieues de tour, est possédée par deux sortes de sauvages distingués en caraïbes rouges & en caraïbes noirs ; les premiers sont les plus anciens ; leur taille est moyenne ; ils ont la peau d’une couleur bronzée, le front applati par art, & les cheveux très-longs & presque droits ; les seconds, dont l’origine vient, selon toutes les apparences, des negres fugitifs de la Barbade, sont grands, bien proportionnés ; leur couleur est d’un assez beau noir ; ils ont les cheveux crépus, & le front applati à l’imitation des précé-​dens dont le nombre est considérablement diminue. Ces sauvages ont permis à quelques européens françois de s’établir parmi eux dans la partie occidentale du pays, après leur avoir fixé des limites au-delà desquelles ils ne peuvent s’étendre.


Le terrein de S. Vincent est fort montagneux, très bien boisé, & arrosé de petites rivieres ; il produit beaucoup de tabac, du caffé, du cotton, du mahis, & des légumes en abondance. Vers l’extrémité septentrionale de l’île est une grosse montagne séparée des autres par des précipices & des ravines très-profondes, au milieu desquelles on voit encore aujourd’hui des traces bien sensibles des torrens de soufre & de matieres fondues, qui du sommet de la montagne coulerent jusqu’à la mer, lors de la fameuse irruption de son volcan en l’année 1719. Voyez Soufriere.","[[""13 3' N""]]",,13 3' N,13 3' N
v14-1886-0,SALARIA,"SALARIA, (Géog. anc.)​ nom des deux villes de l’Espagne tarragonnoise, l’une au pays des Bastitains, dans les terres, l’autre au pays des Orétains, dans les terres semblablement ; c’est Ptolomée qui les​ distingue ainsi : Salaria in Bastitanis, longitude 13. latit. 39. 20. Saluria in Oretanio. Longit. 9. 24. latit. 40.


La derniere est entre la Guadiana & le Tage ; les Espagnols croient que c’est présentement Cazorla. La premiere est aux environs du Xucar, selon les indices de Ptolomée. On a des inscriptions où on lit Col. Jul. Salariensis, & Pline, l. III. c. iij. parle d’une colonie nommée de même. (D. J.)​","[[""39 20' N 13 E""], [""40 N 9 24' E""]]",,39 20' N 13 E | 40 N 9 24' E,39 20' N 13 E | 40 N 9 24' E
v14-2035-0,SAMAR,"SAMAR, (Géog. mod.)​ & Samal dans les lettres édifiantes ; île de l’Océan oriental, entre les Philippines, au sud-est de celle de Luçon, dont elle est séparée par le détroit de S. Bernardin. Son circuit est d’environ 130 lieues ; elle a dans cette enceinte plusieurs montagnes escarpées, & des plaines assez fertiles. Latit. septentrionale, 11. degrés jusqu’au 13. 30′. (D. J.)​","[['11 N', ""13 30' N""]]",,11 N 13 30' N,11 N | 13 30' N
v14-2039-0,SAMARCANDE,"SAMARCANDE, (Géog. mod.)​ grande ville d’Asie, au pays des Usbecks, dans la province de Maweralnahr, sur la riviere de Sogde, à sept journées au nord de la ville de Bockhara. Long. suivant Ptolomée 89. 30. lat. 47. 30. Long. selon Nassir-Eddein, 98. 20. latit. 40. Cette prodigieuse différence entre ces deux géographes, doit provenir de quelque erreur de chifre. Gréaves établit la latit. de Samarcande, 39. 37. 22.


L’auteur de l’histoire des Tartares, met la longitude à 95. & la latit. à 41. 20. M. de Liste ne met la latitude qu’à 39. 30. Ulug-Beg, qui est exact, à 39. 37.


Samarcande est la Maraganda de Pline, de Strabon, & des autres anciens. Elle avoit du tems d’Alexandre 70 stades de circuit, c’est-à-dire, environ 3 lieues de France ; mais elle avoit trois fois cette étendue, lorsque les Mogols l’assiégerent. Il ne faut pas s’en étonner, parce que cette ville renfermoit dans son enceinte, non-seulement des champs labourables, des prés, & une infinité de jardins, mais encore des montagnes & des vallées. Elle avoit douze portes éloignées d’un mille l’une de l’autre. Ses murailles étoient revêtues de tourelles, & entourées d’un fossé profond, sur lequel passoit un aqueduc qui conduisoit les eaux de la riviere en divers quartiers de la ville.


Ginzis-Kan, premier emperereur des anciens Mogols & Tartares, forma le siege de cette ville, en 1220, & la prit par la mésintelligence qui regnoit entre tant de différens peuples qui l’habitoient. Le sultan Mehemet ne put la défendre avec une armée de cent dix mille hommes.


« Tamerlan descendant de Ginzis-Kan par les femmes, & qui subjuga autant de pays que ce prince, établit Samarcande pour la capitale de ses vastes états. Ce fut-là qu’il reçut à l’exemple de Ginzis, l’hommage de plusieurs princes de l’Asie, & la députation de plusieurs souverains. Non-seulement l’empereur grec Manuel y envoya des ambassadeurs, mais il en vint de la part de Henri III. roi de Castille. Il y donna une de ces fêtes qui ressemblent à celles des premiers rois de Perses. Tous les ordres de l’état, tous les artisans passerent en revue, chacun avec les marques de sa profession. Il maria tous ses petits-fils, & toutes ses petites-filles le même jour. Enfin il mourut en 1406, dans une extrème vieillesse, après avoir regné 36 ans, plus heureux par sa longue vie, & par le bonheur de ses petits-fils, qu’Alexandre le Grand, auquel les orientaux le comparent.


Il n’étoit pas savant comme Alexandre, mais il fit élever ses petits-fils dans les sciences. Le fameux Oulougbeg, qui lui succéda dans les états de la Transoxane, fonda dans Samarcande la premiere académie des sciences, fit mesurer la terre, & eut part à la composition des tables astronomiques qui portent son nom ; semblable en cela au roi Alphonse de Castille, qui l’avoit précédé de plus de cent années. Aujourd’hui la grandeur de Samarcande est tombée avec les sciences ; & ce pays occupé par les tartares Usbecks, est redevenu barbare, pour refleurir peut-être un jour. »


Tout même nous porte à l’imaginer. Samarcande est encore une ville considérable, dont la position est des plus heureuses, pour faire le commerce de la grande Tartarie, des Indes, & de la Perse. Elle ne manque de rien pour sa subsistance ; enfin, elle a autour d’elle à dix lieues à la ronde, un grand nombre de bourgades, dont les jardins délicieux font passer la fameuse vallée dans laquelle elle est située, pour​ un des quatre paradis terrestres que les Orientaux mettent en Asie. (D. J.)​","[['alt'], [""47 30' N 89 30' E""], [""40 N 98 20' E""], ['39 37\' 22"" N'], [""41 20' N 95 E""], [""39 30' N""], [""39 37' N""]]",,"alt | 47 30' N 89 30' E | 40 N 98 20' E | 39 37' 22"" N | 41 20' N 95 E | 39 30' N | 39 37' N",47 30' N 89 30' E | 40 N 98 20' E | 41 20' N 95 E
v14-2075-2,"Samos, l’île de","Samos, l’île de, (Géog. mod.)​ île de l’Archipel, sur la côte de l’Anatolie, au midi du golfe d’Ephese.​ Il ne s’agira dans cet article que de décrire cette île d’après Tournefort, c’est-à-dire telle qu’elle est de nos jours. Ce savant voyageur en a donné le plan.


L’île de Samos est éloignée de Nicaria de 18 milles de cap en cap, & de 25 milles de Scalanova. On ne compte aujourd’hui dans cette île que dix à douze mille habitans presque tous grecs ; ils ont un évêque qui l’est aussi de Nicaria, & qui réside à Cora. Les Turcs y tiennent seulement un cadi & un vaivode, pour exiger la taille réelle.


Les Samiens ne ressemblent pas à ceux qui vivoient du tems de Cléopatre ; car ils n’ont plus de fêtes, de théatres & de jeux pour les amuser. Les femmes sont mal-propres, & ne prennent de linge blanc qu’une fois le mois. Leur habit consiste en un doliman à la turque avec une coëffe rouge, bordée d’une sesse jaune ou blanche qui leur tombe sur le dos, de même que leurs cheveux, qui le plus souvent sont partagés en deux tresses, au bout desquelles pend quelquefois un trousseau de petites plaques de cuivre blanchi ou d’argent bas, car on n’en trouve gueres de bon aloi dans ce pays-là. On y recueille néanmoins beaucoup de grain & de fruits ; les raisins muscats y sont admirables, & le vin en seroit délicieux, si l’on savoit le faire ; les figues y sont blanches, trois ou quatre fois plus grosses que celles de Marseille, mais moins délicates ; la soie de cette île est fort belle, ainsi que le miel & la cire. Pour la scamonée de Samos, elle ne vaut guere, & il est surprenant que du tems de Dioscoride on la préférât à celle de Syrie. L’île est pleine de gibier excellent, & les perdrix y sont en prodigieuse quantité.


La ville de Samos, autrefois capitale de l’île, est entierement détruite. Environ à cinq cens pas de la mer, & presque à pareille distance de la riviere Imbrassus vers le cap de Cora, sont les ruines du fameux temple de Junon la samienne, ou la protectrice de Samos.


A onze milles des ruines de ce temple est un grand couvent de la Vierge, situé à mi-côte de montagnes agréables, couvertes de chênes verts, de pins à pignons, de pins sauvages, de philaria & d’adrachné.


Samos ayant été saccagée & dépeuplée après la paix de Constantinople, fut donnée par l’empereur Selim au capitan Bacha Ochialt, lequel y fit passer divers peuples de Grece pour en cultiver les terres. Depuis la mort de cet amiral, le revenu de Samos a été affecté à une mosquée qu’il avoit fait bâtir à Topana, l’un des fauxbourgs de Constantinople.


Voilà l’histoire de cette île. J’en dirois davantage, si j’avois pu trouver la description que Joseph Georgirene, évêque de Samos, en a fait en grec vulgaire, & qui a été traduite en anglois ; mais je n’ai pu en découvrir aucun exemplaire, & cet ouvrage manque à la bibliotheque du roi. Latit. 37d. (Le chevalier de Jaucourt.)​",[['37 N']],,37 N,37 N
v14-2284-0,"SARDAIGNE, la","SARDAIGNE, la, (Géog. mod.)​ en latin Sardinia, grande île de la Méditerranée, entre l’Afrique & l’Italie, au midi de l’île de Corse, dont elle n’est séparée que par un bras de mer de neuf à dix milles de large, & au nord-ouest de la Sicile. On lui donne environ 170 milles de longueur, 90 milles dans sa plus grande largeur, & 500 milles de circuit. Cluvier lui donne 45 milles d’Allemagne de long, depuis Cagliari sa capitale, jusqu’au bras de mer qui la sépare de la Corse, & 26 milles de largeur, depuis le cap Montefalcone jusqu’au cap de Sarda. On peut voir dans l’itinéraire d’Antonin les anciennes routes de la Sardaigne, avec leurs distances en milles romains. On peut aussi lire la description de ce royaume, publié à la Haye en 1725, in-8°.


Cette île, selon Ptolomée, est depuis 29 degrés 50′ de longitude, jusqu’à 32 degrés 25′ ; & depuis 35 degrés 50′ de latitude, jusqu’à 39 degrés 30′.


Le. P. Coronelli dans son isolario, lui donne depuis le 31 degré 10′ de longitude, jusqu’au 32 degré 19′ 30″ ; & depuis le 37 degré 14′ de latitude, jusqu’au 40 degré 50′.


Selon M. de Lisle, qui a eu des observations plus sûres, la longitude de la Sardaigne est depuis les 25 degré 40′ jusqu’au 27 degré 20′ ; & sa latitude est entre les 38 degré 42′ 30″ & le 41 degré 11′.


Les Italiens nomment cette grande île Sardegna ; les Espagnols, Sardena. Les Grecs ont dit Σαρδω, Σαρδος, Σαρδων ; & pour les habitans, Σαρδωοι, Σαρδωνιοι, Sardoni.


Presque tous les auteurs disent que la Sardaigne a été ainsi nommée de Sardus fils d’Hercule, qui y conduisit une colonie greque ; mais Bochart lui donne une étymologie phénicienne. Sans nous arrêter à ces sortes de recherches, nous savons que les Carthaginois s’emparerent de cette île, dont ils furent les maîtres jusqu’à la premiere guerre punique qui les en chassa. Les Romains s’y établirent l’an de Rome 521, sous la conduite de M. Pomponius ; & comme ils conquirent la Corse l’année suivante, ces deux îles furent soumises à un même préteur.


Les Sarasins ayant étendu leurs conquêtes en Afrique & en Espagne, dominerent en Sardaigne dans le vij. siecle. Les Pisans & les Génois les en chasserent. Ensuite dans les guerres qui regnerent entre ces deux nations, Jacques II. roi d’Aragon, s’empara de la Sardaigne en 1330. Cette île est restée annexée à l’Espagne jusqu’à 1708, que les Anglois s’en rendirent les maîtres en faveur de l’archiduc. Enfin, par le traité de Londres, le duc de Savoie, roi de Sicile, céda ce royaume à l’empereur pour celui de Sardaigne ; & cette couronne a passé à son fils qui regne aujourd’hui.


La Sardaigne a été vantée pour sa fertilité par les anciens, Polybe, Cicéron, Pausanias, Pomponius Mela & Silius Italicus ; mais ils s’accordent tous à déclarer qu’autant que la terre y est féconde, autant l’air y est empesté. Martial, liv. IV. épigr. 60. dit, quand l’heure de la mort est venue, on trouve la Sardaigne au milieu de Tivoli.



. . . . . . . cum mors
Venerit, in medio Tibure Sardinia est.


Ciceron dans une de ses lettres à son frere Quintus, le prie de se ménager, & de songer que malgré la saison de l’hiver, le lieu où il se trouvoit alors étoit la Sardaigne. Et ailleurs parlant de Tigellius, il se félicite de n’avoir pas à souffrir un sarde plus empesté​que sa patrie. Suétone remarque que Sœvius Nicanor, fameux grammairien, ayant été noté d’infamie, fut exilé en Sardaigne, & y mourut.


Cette île est toujours aussi mal-saine que fertile : on pourroit cependant remédier au mauvais air qu’on y respire, en faisant écouler les eaux qui croupissent, & en abattant des bois qui empêchent l’air de circuler, car le climat n’est pas mauvais en lui-même. L’île est couverte en tout tems de fleurs & de verdure ; le bétail y paît au milieu de l’hiver ; les campagnes sont abondamment arrosées par des rivieres, des ruisseaux & des fontaines ; les bêtes à cornes y multiplient merveilleusement, & donnent des laines, des peaux & des fromages ; les chevaux de cette île sont estimés ; les montagnes, les collines & les plaines, fournissent une aussi grande chasse de bêtes fauves & gibier qu’en aucun pays du monde ; tous les fruits y sont excellens ; les bois sont chargés d’oliviers, de citronniers & d’orangers ; les montagnes y renferment des mines de plomb, de fer, d’alun & de soufre ; les côtes produisent du thon, du corail, & sur-tout ces petits poissons si vantés, connus sous le nom de sardines, à cause de la grande quantité qui s’en pêche autour de cette île. Enfin on y peut recueillir des grains en abondance, comme on en recueilloit du tems des Romains, où cette île étoit mise au nombre des magasins de Rome. Pompée, dit Ciceron, sans attendre que la saison fût bonne pour naviguer, passa en Sicile, visita l’Afrique, aborda en Sardaigne, & s’assura de ces trois magasins de la république.


Ajoutons que la Sardaigne a des ports capables de recevoir toutes sortes de bâtimens ; cependant il ne paroît pas que depuis les Romains aucune puissance ait profité des avantages qu’on peut tirer de la bonté de cette île. Elle renfermoit sous eux quarante-deux villes, & elle n’en a plus que sept ou huit aujourd’hui, Cagliari, Sassari, Oristagni, toutes trois érigées en archevêché ; & quatre épiscopales, savoir Ampurias, Algheri, Alez, & Bosa.


La Sardaigne, dit Aristote, est une colonie greque qui étoit autrefois très-riche, mais qui a bien déchu depuis. Elle se rétablit sous les Romains, pour retomber dans la plus grande décadence. La raison en est claire : les pays ne sont florissans qu’en raison de leur liberté ; & comme rien n’est plus près de la dévastation que l’état actuel de la Sardaigne, elle est dépeuplée, tandis que l’affreux pays du Nord reste toujours habité. Les maisons religieuses vivent dans cette île sans aucun travail & sans aucune utilité ; leurs immenses privileges sont la ruine des citoyens. Tous les réguliers, soit en qualité de mendians, soit en vertu de quelque indult, ne payent ni taxe ni contribution ; leurs biens ne fournissent rien au gouvernement ; le peuple appauvri s’est découragé ; l’industrie a cessé ; les souverains ne tirant presque rien de cette île, l’ont négligée, & les habitans sont tombés dans une ignorance profonde de tout art & de tout métier. Le roi de Sardaigne lui-même qui possede aujourd’hui cette île, n’a pas cru qu’il fût aisé de remédier à son délabrement, & d’en réformer la constitution. Aussi la cour de Turin ne regarde la Sardaigne que comme un titre qui met son prince entre les têtes couronnées.


Je ne connois que Symmaque, diacre de l’église de Rome, qui soit né dans cette île, & qui ait fait quelque bruit dans le monde. Il succéda au pape Anastase II. en 498, par le crédit de Théodoric, roi des Goths. Il étoit perdu sans ce prince ; mais avec sa protection, il fut déclaré innocent des crimes dont on l’accusoit. On dit que c’est lui qui ordonna le premier de chanter à la messe dans les fêtes des martyrs, le gloria in excelsis. Il mourut en 514. (Le Chevalier de Jaucourt.)​","[['alt'], [""35 50' N 29 50' E"", ""39 30' N 32 25' E""], [""37 14' N 31 10' E"", '40 50\' N 32 19\' 30"" E'], ['38 42\' 30"" N 25 40\' E', ""41 11' N 27 20' E""]]",,"alt | 35 50' N 29 50' E 39 30' N 32 25' E | 37 14' N 31 10' E 40 50' N 32 19' 30"" E | 38 42' 30"" N 25 40' E 41 11' N 27 20' E","35 50' N 29 50' E | 39 30' N 32 25' E | 37 14' N 31 10' E | 40 50' N 32 19' 30"" E | 38 42' 30"" N 25 40' E | 41 11' N 27 20' E"
v14-2892-0,SCOPIA,"SCOPIA, (Géog. mod.)​ vulgairement Uschup, ville autrefois capitale de la Dardanie, & nommée par les anciens géographes Scupi. Voyez Scupi.


Scopia est à présent une ville de la Turquie européenne dans la Servie, frontiere de la Macédoine, près du Vardari, qu’on y passe sur un pont de douze arches, à 72 lieues au sud-est de Belgrade. Il y a un archevêque latin qui l’est aussi d’Ochrida. Latit. 42. 15. (D. J.)​","[[""42 15' N""]]",,42 15' N,42 15' N
v15-184-0,"SÉRIQUE, la","SÉRIQUE, la, (Géog. anc.)​ Serica ou Serumregio, contrée de l’Asie, fameuse chez les anciens, & qu’ils n’ont point connue. Pomponius Méla lui-même, l. I. c. ij. la place au milieu de l’orient, au lieu de la mettre à l’extrémité.


Ptolomée, liv. VI. c. xvj. est celui des anciens géographes qui en a le mieux parlé. Il la borne au nord & à l’orient par des terres inconnues ; au midi​par une partie de l’Inde, au-delà du Gange, & à l’occident par la Scythie, au-delà de l’Imaüs ; ce qui répond à-peu-près à la partie septentrionale de la Chine, ou au Cathay ; car il est vraissemblable, par la carte chinoise, faite en caracteres chinois, que la province de Quantong qui fournit la soie, & qui est dans la partie septentrionale de l’empire, est proprement la Sérique des anciens.


Il est vrai que Ptolomée distingue la Sérique du pays des Sines, qui doit être la Chine d’aujourd’hui ; mais il est fort possible que du tems de Ptolomée, on ne donnât le nom de pays des Sines qu’à la partie méridionale de la Chine ; & en effet, il met au 35 degré de latitude les limites de sa Sérique & de son pays des Sines qui est plus méridional ; & c’est à ce même degré, à 15 minutes près, que sont par les observations modernes, les limites de la province de Quantong & de celle de Nankin, qui sans difficulté étoit enfermée dans le pays des Sines.


Il est bon de remarquer que Ptolomée nous avertit lui-même, que c’est vers le 36 degré de latitude, ou vers le parallele de Rodes, que l’on avoit de son tems le plus d’observations. Il est aisé d’en voir la raison par les navigations qui se faisoient alors, & elle avoit lieu pour les navigations mêmes qu’on entreprenoit dans les mers d’orient, plus fréquentées vers ce même parallele, à cause des marchandises qu’on y alloit chercher. On doit donc se fier à Ptolomée sur la position des confins de la Sérique & du pays des Sines, & par conséquent rendre la Sérique à la Chine septentrionale.


Cependant toutes les cartes mettent la Sérique dans la Scythie ; mais il y a grande apparence que c’est une faute, Ptolomée ne l’y met pas ; d’ailleurs la Sérique doit produire de la soie, & il n’en vient point aujourd’hui dans la Scythie des anciens, qui est notre Tartarie.


Il est vrai que quand Ptolomée est hors du 35 ou 36 degré, & dans le pays des Sines, on ne trouve aucune exactitude dans sa géographie ; apparemment parce que les navigateurs ne connoissoient encore de son tems que les lieux où se vendoit la soie. Il place la capitale des Sines au 3 degré de latitude méridionale ; mais par les observations modernes il n’y a aucune partie de la Chine qui soit plus proche de l’équateur que de 18 degrés. Il résulte donc que Ptolomée a mieux connu la Chine septentrionale que la méridionale, laquelle il a étendue excessivement au-delà de ses bornes. (D. J.)​","[['alt'], ['3 S', '35 N'], ['18 N', '35 N']]",,alt | 3 S 35 N | 18 N 35 N,35 N | 36 N | 3 S | 18 N
v15-215-0,SERPHO ou SERFO ou SERFOU,"SERPHO ou SERFO ou SERFOU, (Géog. mod.)​ île de l’Archipel, connue des anciens Grecs & Ro-​mains, sous le nom de seriphos & seriphus. Voyez Seriphus.


Les François nomment cette île Sériphe ; les Anglois, Serfanto ; & les Italiens, Serfino. Le périple de Scylax & Strabon, la mettent au nombre des Cyclades ; mais Etienne le géographe la compte entre les Sporades ; elle est située à 36 degres, 56 de lat. septentrionale, à 20 lieues nord-ouest de Naxie, à 30 de la côte orientale de la Morée, & à 12 milles N. O. de Siphantho. Pline ne donne que 12 milles de circuit à cette île, quoiqu’elle en ait plus de 36.


Son port l’a rendu recommandable, même du tems de la belle Grece ; cependant il ne faut pas chercher des antiquités dans Serpho : cette île n’a jamais été ni puissante, ni magnifique ; c’est un petit pays dont les montagnes sont rudes & escarpées, couvertes de pierres & de rochers, & l’on y trouve encore ceux qui ont donné lieu à la fable de Persée. Séneque parle de cette île, comme d’une île inculte, & le Scholiaste d’Aristophane la qualifie de très-chétive.


Il y a beaucoup d’apparence que les mines de fer & d’aimant de cette île, n’étoient pas connues dans ce tems-là ; car on n’auroit pas manqué d’en attribuer la production au pouvoir de la Gorgone ; cependant ces mines sont à fleur de terre, & les pluies les découvrent tous les jours. La mine de fer y est étoilée en plusieurs endroits, comme le régule d’antimoine étoilé. Celles d’aimant y sont fort abondantes ; mais pour en avoir de bons morceaux, il faudroit creuser profondément, ce qui est très-difficile dans un pays où parmi tant de fer, à peine trouve-t-on des outils propres à arracher les oignons qu’ils cultivent parmi leurs rochers dans de petits fonds humides ; ces oignons sont fort doux, au lieu que les oignons de Siphanto sont aussi âcres que ceux de Provence.


Enfin, les habitans de Serpho sont si glorieux d’avoir de si bons oignons, & ils les trouvent si délicieux, qu’ils ne s’avisent pas de prendre les perdrix qui mangent la moitié de leurs grains & de leurs raisins. Il n’y a dans cette île qu’un bourg qui porte le même nom, & un méchant hameau appellé San-Nicolo.


Le bourg est autour d’une roche affreuse à 3 milles du port, & ce port qui est d’une grande beauté ne sert de retraite qu’à des vaisseaux dévoyés dans une violente tempête, qui viennent s’y mettre à couvert de la fureur des vagues ; car les habitans de l’île sont aussi fainéans & aussi méprisables que leurs ancêtres. Ils sont pauvres, grossiers, parlent un grec fort corrompu, & le prononcent d’une maniere niaise & risible. Ils ne recueillent qu’un peu d’orge & de vin, ne forment dans toute l’île qu’environ mille personnes, qui payent huit cens écus de taille réelle & de capitation.


L’île est gouvernée pour le spirituel par un vicaire de l’évêque de Siphanto. Les meilleures terres appartiennent aux moines de S. Michel, dont le couvent est au nord, à deux lieues du bourg, & habité par des caloyers sous la direction d’un abbé. Nous remarquerons en passant, que quoiqu’en France on comprenne tous les moines grecs sous le nom de caloyers, il n’en est pas de même en Grece ; il n’y a que les freres qui s’appellent ainsi, car pour ceux qui sont prêtres, ils se nomment Iéromonaches.


M. de Tournefort étant à Serpho, dit qu’après les mines d’aimant, la plus belle chose qu’il y ait dans cette île en fait d’histoire naturelle, est une espece d’œillet, dont le tronc vient en arbrisseau dans les fentes de ces horribles rochers qui sont au-dessus du bourg ; c’est le caryophyllus græcus, arboreus, leucoii folio peramaro. Corol. I. R. H. 23. (D. J.)​","[[""36 56' N""]]",,36 56' N,36 56' N
v15-313-0,SESTRI,"SESTRI, (Géog. mod.)​ petite ville d’Italie dans l’état de Genes, à 30 milles de cette capitale. C’est la résidence de l’évêque de Bruguano. On la nomme Sestri di Levante, & quelques-uns la prennent pour la Sesta Tiguliorum de Pline. Longit. 27. 2. latit. 44. 33.


Sestri, surnommée di Ponente, pour la distinguer de la précédente, est une autre petite ville de l’état de Genes, mais qui n’est qu’à 6 milles à l’ouest de la capitale. On a cru que c’étoit l’ancienne Tigulia. Long. 26. 35. latit. 44. 27. (D. J.)​","[[""44 33' N 27 2' E""], [""44 27' N 26 35' E""]]",,44 33' N 27 2' E | 44 27' N 26 35' E,44 33' N 27 2' E | 44 27' N 26 35' E
v15-439-1,Siam,"Siam, (Géog. mod.)​ capitale du royaume de Siam, & la résidence du roi. Cette capitale est appellée par les Siamois Meuang-Syouthia, & par les Chinois Juehia & Judia. Long. suivant Cassini, Lieutaud, & Desplaces, 118. 21 30 ; suivant le P. Noël, 118. 6. 30. Latit. suivant les uns & les autres, 14, 18.


Cette ville est renommée dans toutes les Indes, quoique très-moderne, n’ayant pas aujourd’hui plus de trois siecles d’antiquité. Elle étoit auparavant dans le lieu où est présentement Bankok, sur le bord occidental de la grande riviere Meuan ; mais on l’a démolie pour la rebâtir où elle est à-présent, dans une île basse formée par cette riviere. Cette île a la forme de la plante du pié, le talon tourné à l’ouest, & environ deux milles d’Allemagne de circuit. Elle est située dans un pays tout-à-fait plat, autant que la vûe peut s’étendre, sur un terrein bas, coupé par plusieurs canaux qui viennent de la riviere, & qui forment tout autant de petites îles quarrées ; de sorte qu’on ne sauroit aller fort loin sans bateau. Elle est environnée d’une muraille de briques, qui doit être aujourd’hui tombée en ruine, si on ne l’a pas rétablie.


Plusieurs grands canaux qui viennent de la riviere, traversent la ville, & sont assez profonds pour porter les plus grands bateaux, & les faire aborder auprès des principales maisons. Les rues sont en droite ligne le long des canaux, mais la plûpart sont fort étroites ; d’ailleurs elles sont toutes sales & malpropres, il y en a même qui sont inondées en haute marée. A considérer la grandeur de cette ville, elle est assez dépeuplée, sur-tout du côté de l’ouest & du sud, où l’on voit de grands espaces vuides, & qui ne sont point cultivés.


Le roi a trois palais dans cette ville, dont le plus remarquable est dans le milieu de la ville même. Ce palais est un grand quarré, divisé en plusieurs bâtimens qui, suivant l’architecture chinoise, sont ornés de plusieurs toîts l’un sur l’autre, & de plusieurs frontispices, dont une partie est dorée. Dans l’enceinte du palais, aussi-bien qu’au dehors, il y a de longues écuries où l’on voit une centaine d’éléphans rangés de suite, & magnifiquement harnachés ; mais il n’y a qu’une seule ouverture pour entrer dans le palais ; & quoiqu’elle soit extrèmement sale, personne n’y passe qu’à pié : & pour éviter toute surprise, il est défendu à tous les bâtimens qui remontent la riviere, de s’approcher des murs du palais royal qu’à une certaine distance.


On voit aux portes & aux autres avenues de ce palais, une foule de gens nuds, dont la peau basanée est peinte de figures noires bigarrées, comme les images du saint-sépulchre à Jérusalem. Quelques-uns ne sont marqués ainsi qu’aux bras, mais les autres le sont par tout le corps, jusqu’à la ceinture, qu’il couvrent d’un morceau de drap, suivant la coutume générale du pays. On leur donne le nom portugais de bracos-pintados, ou bras peints. Ce sont-là les gardes du roi, ses portiers & ses bateliers. Pour toutes armes, ils ont des bâtons gros & courts, & ne font que roder autour du palais comme des vagabonds.​


Dans les autres parties de la ville il y a un quartier qui est destiné aux étrangers, où demeurent les Chinois, les Maures & les Indoustans : c’est un quartier très-peuplé, où il se fait un grand commerce, parce que tous les vaisseaux y abordent. Les maisons de ces étrangers sont en quelques endroits toutes bâties de pierre, mais elles sont fort petites, n’ayant que huit pas de longueur, quatre de largeur, & deux étages, quoiqu’elles n’aient pas plus de deux brasses & demie de hauteur. Elles sont couvertes de tuiles plates, & ont de grandes portes sans aucune proportion.


Le quartier des naturels du pays, est, comme on peut bien le penser, le plus grand de tous ; il est habité par quantité d’artisans, rempli de boutiques des deux côtés, & de grandes places pour les marchés, qui se tiennent tous les jours soir & matin. Les maisons des gens du commun qui y demeurent, ne sont que de misérables cabanes bâties de bambou, & couvertes de branches & de feuilles de palmier qui croissent dans les marais. Les boutiques sont basses & mal entendues, mais elles sont assez bien situées en lignes droites paralleles aux rues.


Les mandarins ou ministres d’état, & les courtisans, demeurent dans les quartiers voisins des palais du roi ; leurs maisons, quoique bâties de pierre & de chaux, sont assez chétives ; les appartemens ne sont ni propres ni garnis, & les cours sont fort sales.


Les canaux de Siam ont donné lieu à un grand nombre de ponts, dont la plûpart sont faits de bois, & peu solides. Ceux qu’on a bâtis sur le grand canal sont de pierre ou de brique, avec des balustrades de même ; mais comme il n’y a dans cette ville ni chariots ni charretes, tous les ponts sont fort étroits : les plus beaux ont 60 ou 80 pas de long, & sont fort hauts au milieu.


Comme tout le pays de Siam fourmille de prêtres & de moines, cette ville en particulier est pleine de temples, dont les cours aboutissent régulierement au niveau des rues, & sont remplies de pyramides & de colonnes de différentes figures, & dorées. Ces temples ne sont pas si grands que nos églises, mais ils les surpassent en magnificence extérieure, comme par le grand nombre de leurs toîts, par leurs frontispices dorés, leurs escaliers avancés, leurs pyramides, colonnes, piliers, & autres embellissemens. Le dedans est orné de plusieurs statues de grandeur naturelle, ou même plus grandes, artistement faites d’un mélange de plâtre, de résine & de poil, auquel on donne d’abord un vernis noir, & que l’on dore ensuite. Elles sont placées en plusieurs rangs dans un lieu éminent, où est l’autel.


Dans quelques temples elles sont rangées le long des murailles, assises les jambes croisées, toutes nues, excepté au milieu du corps, où elles sont ceintes d’un morceau de drap jaune foncé ; elles ont aussi depuis l’épaule gauche jusqu’au nombril, une autre piece de drap de la même couleur entortillée. Leurs oreilles sont fendues, & si longues, qu’elles descendent sur les épaules. Leurs cheveux sont frisés & noués sur la tête en deux nœuds, de sorte qu’on ne peut pas distinguer si c’est un bonnet ou quelque autre espece d’ornement. La main droite est posée sur le genou droit, & la gauche sur le giron. A la place d’honneur, qui est le milieu, il y a une idole qui excede de beaucoup la grandeur d’un homme, assise dans la même posture sous un dais. Elle représente leur apôtre, ou le fondateur de leur religion, leur Sammona-Khodum.


Ce Khodum a des statues d’une grandeur monstrueuse dans quelques temples. Kœmpfer a vu une de ces idoles assise sur un lieu élevé, dont la proportion étoit telle qu’elle auroit étant droite, cent vingt piés de long. Ces sortes d’idoles sont dans la même posture où Khodum & ses disciples se met-​toient lorsqu’ils étoient dans leurs méditations religieuses. Les prêtres ses sectateurs, sont encore obligés par leurs regles de s’asseoir tous les jours en certain tems pour l’exercice de leur dévotion. Ils portent aussi le même habit ; ils vont la tête nue & rasée ; & pour se garantir du soleil, ils se couvrent le visage d’un éventail fait de bois & de feuilles de palmier.


Les maisons des moines sont près des temples, & elles sont assez chétives ; mais à un des côtés ils ont leur école publique. Cette école est une grande salle où l’on monte par quelques degrés : & au lieu de fenêtres il y a plusieurs petites lucarnes, pour donner de l’air aux étudians pendant les leçons ; cette salle est divisée en plusieurs bancs. Au milieu est une estrade sur laquelle il y a un pupitre ouvragé & doré ; un vieux prêtre y vient à certaines heures lire d’une voix lente & distincte ses leçons aux jeunes étudians. Lorsqu’il prononce certain mot, ses auditeurs mettent leurs mains sur leur front ; mais en général ils ne brillent pas par leur dévotion ; car pendant les leçons les uns coupent du pinang, d’autres le mettent en poudre ; d’autres mêlent du mercure avec du jus de quelque herbe, & d’autres s’amusent à autre chose.


Près du pupitre, ou dans un autre endroit de la salle, on voit l’idole d’Amida, se tenant debout sur la fleur tarate, faba ægyptia, ou nymphæa magna : ils croyent qu’il intercede pour les ames des morts. Autour de la salle pendent des fleurs & des couronnes de papier, des banderolles, & d’autres ornemens dorés, attachés à des bâtons de bambou, qu’ils portent dans les convois funebres. On remarque encore devant le pupitre une machine en forme de table, faite de bambou jointe grossierement ensemble, & tendue de pieces de drap jaune, dont les prêtres se couvrent la ceinture. Cette table est ordinairement jonchée de fleurs, & quelquefois couverte de plats pleins de riz, de pinang, de pisang, de poisson sec, de limon, mangostangs, & autres fruits du pays, qui sont des offrandes & des présens qu’on fait aux moines du couvent.


Il y a plusieurs villages autour de Siam : dans quelques-uns les vaisseaux y servent de maisons, & contiennent chacun deux ou trois familles. Ils conduisent ces maisons flottantes dans tous les endroits où l’on tient des foires, pour y vendre leurs marchandises. Dans les villages situés en terre-ferme, les maisons sont communément bâties de bambous, de roseaux, & de planches. Quelques-unes de celles qui cotoyent la riviere, sont élevées sur des piliers de la hauteur d’une brasse, afin que les eaux qui inondent le pays pendant quelques mois, puissent passer librement dessous. Chaque maison a un degré ou une échelle, pour descendre à terre quand les eaux se sont retirées ; & un bateau pour aller aux environs lorsqu’elles sont hautes.


C’est sur les éminences que sont bâtis hors de la ville plusieurs temples, couvents, tous les cimetieres où l’on enterre les morts, & les cours où l’on brûle leurs os, & où l’on éleve de magnifiques pyramides.


Entre ces pyramides élevées proche de Siam, il y en a une fameuse, à une lieue au nord-ouest de la ville. Elle est d’une structure massive, mais haute de plus de vingt brasses, & placée dans un quarré fermé d’une muraille basse. Cet édifice a deux pieces posées l’une sur l’autre ; la piece de dessous est quarrée ; chaque côté a cent quinze pas de long, & s’éleve jusqu’à la hauteur de plus de douze brasses. Il y a quatre étages bâtis l’un sur l’autre, & le plus haut s’étrécissant, laisse sur le sommet de celui qui est immédiatement dessous un espace vuide pour marcher tout au tour ; chaque étage est embelli de corniche.​ La seconde piece de la pyramide est posée sur la surface de la premiere qui est quarrée ; chaque côté ayant trente-six pas de long. Le piédestal de cette seconde piece est octangulaire, & monte ensuite en forme de clocher. Sur le haut il y a plusieurs colonnes qui soutiennent un tas de globes qui s’élevent en pointe, c’est-à-dire, dont les diametres diminuent à proportion de la hauteur ; le tout finit par une aiguille fort longue & fort déliée. (Le chevalier de Jaucourt.)​","[['alt'], ['14 18\' N 118 21\' 30"" E'], ['14 18\' N 118 6\' 30"" E']]",,"alt | 14 18' N 118 21' 30"" E | 14 18' N 118 6' 30"" E","14 18' N 118 21' 30"" E | 14 18' N 118 6' 30"" E"
v15-729-1,Sinope,"Sinope, (Géog. anc.)​ ville de Paphlagonie, située au 43e degré de latitude septentrionale, sur le bord méridional du Pont-Euxin, près d’une riviere du même nom, à quelques milles en deçà de l’Halys, fut une des villes des plus célebres & des plus anciennes du royaume de Pont, dont la Paphlagonie, province entre l’Halys & le Parthenius, faisoit partie. Ovide de Ponto, l. I. dit :



Urbs antiqua fuit, Ponti celebrata Sinope.


J’ai lu, dans les mém. des insc. t. X. in-4°. une excellente dissertation sur Sinope : en voici le précis.


Cette ville, au rapport de plusieurs écrivains, doit sa fondation à Sinope, une de ces amazones fameuses qui habitoient le long des rivages du Thermodon, & que quelques auteurs prétendent avoir été une colonie des Amazones de Lybie, que Sésostris menoit avec lui dans ses expéditions, & dont il laissa, dit-on, une partie sur les bords de cette riviere, lorsqu’il passa dans ces contrées-là.


Mais d’autres écrivains croyent que Sinope, qui fonda en Asie la ville de son nom, étoit grecque d’origine, & fille d’Asope, petit prince établi à Thebes, ou plutôt à Phliasie, où il étoit venu de l’Asie d’auprès des rivages du Méandre : comme il avoit passé la mer pour se rendre en Grece, on en fit, en langage mythologique, un fils de l’Océan & de Téthis, ou de Neptune & de Cégluse ; & le fleuve Asope, à qui il donna son nom, n’étoit autre, suivant le même style, que le Méandre même, qui ayant suivi Asope sous les eaux de la mer, étoit venu reparoître sur les terres que ce prince avoit acquises près de la ville de Phliasie, ou Phigalie.


Pausanias fait mention d’un autre prince, nommé aussi Asope, le plus ancien des rois de Platée après Cytheron. Ce fut lui qui donna son nom à un autre fleuve appelle Asope, qui couloit près de Thèbes, & à l’Asopie, canton des environs de cette ville.


En ce tems-là les dieux, c’est-à-dire, les princes ou seigneurs de quelque contrée, aimoient à se signaler par l’enlevement des jeunes personnes qui étoient en réputation de beauté. Asope le phliasien avoit, dit-on, vingt filles, entre lesquelles il s’en trouvoit quelques-unes dont le mérite & la beauté faisoient beaucoup de bruit jusque dans les pays étrangers. Ce fut entre le jeunes seigneurs d’alors, à qui en enleveroit quelqu’une. Le petit souverain de l’île d’Oënone, qu’on qualifie du nom de Jupiter, se saisit d’Egine, dont il eut Eacus, pere de Pelée, qui le fut d’Achille, & l’île d’Oënone fut depuis appellée Egine. Le seigneur d’une autre île, qu’on honora du nom de Neptune, parce qu’il avoit passé la mer, surprit Corcyre, qu’il emmena dans son île de Schérie, qu’on nomma dans la suite Corcyre, à-présent Corfou. Un autre corsaire, qu’on titra aussi du nom de Neptune, pour la même raison, s’accommoda de Salamine, qui donna son nom à l’île où il la transporta.


Mars, c’est-à-dire, quelque guerrier, ravit Harpinne, & un jeune aventurier venu du Levant, qu’on décora pour cette raison du nom d’Apollon, surprit Sinope, une des autres filles d’Asope, qu’il transporta jusque dans une péninsule ou Chersonnèse de la côte méridionale du Pont-Euxin, qu’il lui céda, en lui laissant, dit-on, sa virginité. Quelques auteurs prétendent au contraire, beaucoup plus vraissemblablement, qu’il l’épousa, & qu’il en eut un fils nommé Syrus, qui donna son nom à la Syrie.


La situation du lieu où Sinope avoit été transplantée de la Grece, étoit trop charmante pour pouvoir ne s’y pas plaire. Cette princesse s’y fixa donc volontiers, & y jetta les fondemens de la ville de son​nom, qui devint dans la suite si fameuse par ses richesses, par le grand nombre de ses habitans, par la beauté de ses édifices, tant publics que particuliers, par sa puissance sur terre & sur mer, & même par les grands hommes qu’elle a produits dans les arts & les sciences, ainsi que Strabon & autres auteurs en rendent témoignage.


S’il y avoit quelque fonds à faire sur ce qu’on raconte de l’origne de cette ville, elle auroit commencé vers le tems de l’expédition de Phryxus dans la Colchide, où il épousa Chalciope, fille d’Œetes, roi du pays, une génération avant la conquête de la toison d’or par les Argonautes : car Asope, pere de Sinope, étoit contemporain de Sisyphe, roi de Corinthe, & d’Atamas, roi de Thebes & pere de Phrysus, qui le fut d’Argus l’argonaute, à qui l’on attribue la construction de la navire argo. Sinope étoit aussi tante, par Egine sa sœur, d’Eacus, pere de Télamon l’argonaute & de Pélée. Que la ville de Sinope ait été fondée avant le voyage des Argonautes en Colchide, c’est ce que supposent Diodore de Sicile dans son histoire, & Apollonius de Rhodes dans ses argonautiques, puisque l’un & l’autre auteur font passer les Argonautes par cette ville.


C’étoit aussi une tradition constante chez les habitans de Sinope, qu’Antolycus, fils de Mercure, c’est-à-dire, de quelque fameux négociant de ces tems-là, & oncle de Jason par sa sœur Polyphema, étoit venu s’établir dans cette ville à son retour de la campagne qu’il avoit faite sous Hercule contre les Amazones du Thermodon. On va même jusqu’à dire que ce capitaine s’étant rendu maître de Sinope, en avoit chassé les habitans, & s’en étoit fait le fondateur, en y mettant une nouvelle colonie. Ce qu’il y a de certain, c’est que les Sinopiens lui déférerent les honneurs héroïques ; qu’après Sérapis ou Jupiter, Plutus, Apollon & Minerve, ils le revérerent comme patron de leur ville, & qu’ils alloient le consulter dans son temple comme un oracle.


C’est lui, peut-être, que représente une médaille de Sinope, citée par Spanheim, sur laquelle se voit un buste de héros le casque en tête, & au revers une figure de femme voilée avec un casque & un javelot à ses piés, pour signifier, dit M. Spanheim, l’amazone Sinope, suivant l’opinion de quelques auteurs, qui veulent que l’on donna le nom d’Amazone à Sinope la grecque, parce qu’elle aborda de son pays chez les Amazones, par l’embouchure du Thermodon, d’où Apollon la mena dans la Chersonnèse du Pont-Euxin, où elle fonda Sinope.


Cette ville après avoir été très-florissante pendant plusieurs siecles, fut presque entierement ruinée sous le regne d’Adrys, bisayeul de Crésus. Les Cimmériens ayant été chassés alors de leur pays par les Scythes, se sauverent sur la côte méridionale du Pont-Euxin, & se saisirent de la péninsule de Sinope, & de plusieurs autres villes de conséquence de l’Asie. Mais Halyatte, pere de Crésus, les ayant contraints depuis d’abandonner leurs conquêtes, ils furent aussi obligés de quitter Sinope, qu’ils avoient presque entierement détruite.


En ce tems là, Milet, premiere ville de l’Ionie, & mere de plus de soixante & dix colonies, comme le dit Pline, se trouvant maîtresse de la Méditerranée & du Pont-Euxin, jettoit sur leurs côtes des colonies grecques de toutes parts depuis le lieu appellé le mur des Milésiens sur les bords d’un des bras du Nil, jusqu’à Panticapée à l’entrée du Bosphore cimmérien.


Mais de toutes les colonies qu’ils fonderent, nulle ne fut plus célebre que celle de Sinope. Rien ne les engagea davantage, selon Strabon, à s’établir dans cette ville qu’ils trouverent presque deserte, que les charmes & les avantages de son assiette, placée à la​ pointe d’une péninsule qui commandoit à la mer de tous côtés ; elle étoit presque inaccessible par mer à cause des rochers qui la bordoient jusqu’à l’entrée de ses deux ports, l’un à l’orient, & l’autre à l’occident des extrémités de son isthme.


Comme cet isthme aussi n’avoit que deux stades de largeur, il étoit très-aisé d’en défendre l’entrée du côté de terre ; ce qui rendoit cette Chersonnèse d’un accès fort difficile à l’ennemi.


L’établissement des Milésiens à Sinope se fit vraissemblablement vers le commencement du regne de Cyaxare, dans la 37e olympiade, où quelques chronologues placent la fondation de cette ville.


Elle reprit bien-tôt son premier éclat, & étoit très-illustre du tems du jeune Cyrus. Après sa mort, les Grecs dans leur fameuse retraite sous Xénophon, ayant pris leur route par cette ville, y furent reçus très-favorablement. Outre toutes sortes de rafraîchissemens dont ils pouvoient avoir besoin, les habitans leur fournirent tous les bâtimens nécessaires pour les conduire à Héraclée de Bithynie, où plusieurs débarquerent, pour de-là continuer leur chemin par terre.


Strabon nous apprend que la ville de Sinope devint si puissante par mer & par terre, que non-seulement elle fut fondatrice de plusieurs colonies considérables sur la côte méridionale du Pont-Euxin, telles que Trébizonde, Cerasus, Gotyore, Armene, & autres ; mais qu’elle acquit l’empire de cette mer depuis la Colchide jusqu’aux îles Cyanées, près de l’entrée du bosphore de Thrace.


Ses flottes passerent même dans la Méditerranée, où elles rendirent, selon Strabon, de grands services aux Grecs dans plusieurs combats de mer. Cependant les Sinopiens, pour se soutenir contre les puissances qui les environnoient, & auxquelles ils causoient beaucoup d’ombrage, firent une alliance perpétuelle avec les Rhodiens, qui depuis que les Milésiens eurent perdu la domination de la mer, s’y étoient rendus les plus redoutables.


Une alliance si avantageuse contribua beaucoup à maintenir les Sinopiens contre leurs voisins, surtout contre les rois de Pont qui en avoient conçu une jalousie violente. La ville de Sinope étoit aussi trop à leur bienséance, pour qu’ils n’eussent pas toujours le dessein de l’envahir dès qu’il s’en présenteroit une occasion favorable.


Mithridate quatrieme du nom, & huitieme roi de Pont, imaginant l’avoir trouvée, fut le premier des souverains de ce royaume qui osa attaquer les Sinopiens ouvertement. Leur ayant donc déclaré la guerre, il vint aussi-tôt les assiéger, croyant les prendre au dépourvu. Mais comme ils eurent le tems d’envoyer des ambassadeurs aux Rhodiens, ils en reçurent un secours si prompt & si puissant, ainsi que le raconte Polybe, que Mithridate fut obligé de lever honteusement le siége, après avoir perdu beaucoup de monde. Ceci arriva l’an des Seleucides 93, de Rome 534.


Mais trente-sept ans après, Pharnace son fils & son successeur, fut plus heureux ; car étant venu assiéger Sinope par mer & par terre avec deux nombreuses armées, lorsque les habitans s’en défioient le moins, il les força de se rendre, sans qu’ils eussent eu le tems de se reconnoître & d’être secourus des Rhodiens leurs alliés, qui furent inconsolables de la prise de cette ville. Ils firent toutes les tentatives imaginables, mais inutilement auprès des Romains, pour leur persuader de déclarer la guerre à Pharnace, qu’ils traitoient de perfide.


Sinope perdit ainsi sa liberté l’an de Rome 571, après l’avoir conservée glorieusement pendant plusieurs siecles contre toutes les forces des Medes, des Lydiens, des Perses, des Macédoniens, & des pre-​miers souverains du royaume de Pont, puissance dont les états alloient, pour ainsi dire, jusqu’aux portes de cette ville. En effet, selon Hérodote, l’empire des Medes sous Cyaxare, s’étendoit jusqu’à l’Halys qui confinoit au territoire de Sinope, & Ptérie qui touchoit presque à l’isthme de la Chersonnèse de cette ville, étoit sous Crésus du royaume de Lydie ; ce fut-là où ce prince, au rapport d’Hérodote, vint se poster à sa premiere campagne contre Cyrus ; & c’est de-là qu’il ravageoit les terres des Syriens, c’est-à-dire des Cappadociens, que les Grecs nommoient alors Syriens, dit encore cet historien.


Mithridate V. successeur de Pharnace son pere, ne se contenta pas seulement de réparer Sinope ruinée en partie dans le dernier siége ; il en fit la capitale de son état, & le séjour le plus ordinaire de sa cour ; mais il eut le malheur d’y être assassiné par ses confidens mêmes, & y fut enterré. Les Sinopiens, en reconnoissance des bienfaits qu’ils avoient reçus de ce prince, lui donnerent le titre d’Evergete, qu’ils firent graver sur leurs monnoies, où se lit βασιλέως μιθριδάτον εὐεργέτον.


Sinope ayant donc été entierement rétablie par la libéralité de ce prince, reprit sa premiere splendeur ; on y admiroit sur-tout la magnificence de ses portiques, celle de la place publique, de son gymnase ou académie, & de ses remparts. La beauté des fauxbourgs répondoit à celle de la ville ; & les dehors embellis de jardins agréables, étoient des plus charmans. Aussi Etienne de Byzance nomme-t-il Sinope la ville la plus illustre du Pont, πόλις διαφανεστάτη τοῦ Πόντου ; titre qu’elle méritoit encore d’une maniere plus glorieuse, en mémoire des hommes de Lettres qui y avoient pris naissance, entre lesquels Strabon nomme Diogene le cynique, Timothée le philosophe, Diphile poëte comique, Bathon qui avoit écrit l’histoire de Perse.


Cette ville qui eut Minerve & Apollon pour patrons, doit avoir produit beaucoup d’autres savans, dont les ouvrages & les noms mêmes ne sont point arrivés jusqu’à nous, puisqu’Astérius évêque d’Amasée, témoigne que Sinope, ville ancienne, étoit très-féconde en grands hommes & en philosophes.


Mais entre tant de personnages célebres qui y prirent naissance, aucun ne l’a plus illustrée que Mithridate, sixieme du nom, dit Eupator, le fléau & la terreur des Romains, & que Cicéron dans son Lucullus, nomme avec raison le plus grand des rois après Alexandre : regum post Alexandrum maximus.


Ce prince que son goût pour les Arts & les Sciences, que sa mémoire prodigieuse qui lui faisoit entendre & parler vingt-deux langues usitées dans ses états, & que la vaste étendue de son génie à qui rien n’échappoit, doivent rendre recommandable, se plaisoit principalement à faire sa résidence à Sinope & à Amise : il orna ces deux villes, & les remplit de tout ce qu’il put ramasser de plus rare & de plus précieux : Sinope & Amisus domicilia regis Mithridatis omnibus rebus ornata & referta, dit Cicéron, pro Manilio. Mais le malheur des guerres que ce prince eut à soutenir contre les Romains, qui de tous les peuples de la terre étoient les seuls capables de le vaincre, lui fit perdre cette ville & tous ses états ; après néanmoins avoir gagné huit ou neuf batailles contre autant de généraux romains, avoir causé des pertes immenses à la république romaine, & après une résistance des plus opiniâtres pendant près de trente années, contre trois de ses plus fameux capitaines, Sylla, Lucullus, & Pompée.


Il y avoit déja soixante-huit ans que la ville de Sinope étoit au pouvoir des rois de Pont, lorsqu’elle passa sous celui des Romains. Ils n’avoient pû dompter entierement Mithridate dans les deux premieres guerres qu’ils eurent contre lui sous la conduite de​ Sylla & de Murena. Ce prince s’étoit toujours relevé de toutes ses pertes, encore plus redoutable que jamais ; & la paix qu’il avoit conclue avec eux, lui fut des plus avantageuses ; mais il succomba finalement dans la derniere guerre, & y périt.


Lucullus qui s’étoit déja distingué sous Sylla dans la premiere guerre contre ce prince, eut dans la troisieme le commandement des armées romaines. Il fut très-heureux, remporta des victoires contre Mithridate, le chassa de son royaume, & conquit la petite Arménie, avec le pays des Tibaréniens.


Après ces glorieux exploits, il retourna dans le Pont, où il lui restoit encore à prendre quelques-unes des principales villes, dont Sinope étoit la plus importante. Cette place, devant laquelle il se rendit en personne, auroit pû tenir long-tems contre toutes ses attaques : elle n’étoit pas seulement pourvue de toutes les munitions nécessaires pour une longue & vigoureuse défense, un grand nombre de pirates de Cilicie, gens déterminés, s’y étoient encore jettés ; & de plus elle pouvoit recevoir des renforts continuels par mer, dont elle étoit la maîtresse.


Mais la division s’étant mise parmi les chefs, tous ces avantages devinrent inutiles ; & pour surcroît de malheur, le feu ayant pris à la ville dans un tumulte, les Romains y donnerent un assaut général dans l’effroi de l’incendie, la prirent sans presqu’aucune résistance, & huit mille pirates qui ne purent gagner leurs vaisseaux, furent passés au fil de l’épée. Ce tragique événement arriva sur la fin de l’an de Rome 683, ou au commencement de l’année suivante 684.


La plûpart des habitans de Sinope n’ayant pu supporter l’insolence des pirates qui s’étoient jettés dans cette place pour la défendre, avoient été contrains de l’abandonner pendant le siége, & s’étoient retirés par mer où ils avoient pu. Lucullus étant maître de la ville, leur manda de revenir dans leurs maisons, dont il avoit eu grand soin de faire éteindre le feu, aussi-tôt que ses troupes furent entrées dans la ville.


Il remit aussitôt les habitans en possession de tous leurs biens, & par un excès de générosité, il leur accorda la liberté & le droit de vivre selon leurs lois, comme le rapporte Appien, graces dont il favorisa aussi les habitans d’Amise, autre ville capitale du Pont, & ancienne colonie des Athéniens, qu’Alexandre le grand, en considération de cette glorieuse origine, avoit aussi laissé en liberté.


Lucullus se signala encore à la prise de Sinope par son désintéressement, qui fut tel, qu’entre les richesses immenses & les pieces précieuses dont cette ville étoit remplie, il ne voulut retenir, dit Strabon, que la sphere de Billarus, célebre astronome, dont le nom cependant ne se trouve que dans cet auteur, & la statue d’Antolycus, du ciseau de Sthénis, fameux sculpteur.


Les Sinopiens regarderent cet événement comme un présage de la renaissance de leur ville ; & ce fut pour en conserver la mémoire à la postérité, qu’ils quitterent l’ere des rois de Pont, dont ils s’étoient servis depuis qu’ils étoient devenus leurs sujets, pour prendre celle de Lucullus, que l’on comptoit de l’an de Rome 684, qu’ils recouvrerent, pour ainsi dire, leur liberté.


Cependant à peine Sinope commençoit d’en jouir, qu’elle en fut dépouillée par Pharnace, qui enleva aux habitans une partie de leurs possessions. Ce prince, après la mort de Mithridate-Eupator, avoit obtenu de Pompée le royaume de Bosphore qu’avoit eu Macharès son frere. Mais il n’eut pas plutôt appris que la guerre s’étoit allumée entre César & Pompée ; que voulant profiter d’une si belle occasion de rentrer dans l’héritage de ses ancêtres, il se jetta sur le royau-​me de Pont, prit d’abord Sinope, qu’il pilla en partie, battit Domitien, général de l’armée romaine en Asie, & conquit en très-peu de tems, les états que son pere avoit possédés.


Mais toutes ses prospérités s’évanouirent presque en un instant. César, victorieux de ses ennemis, passe en diligence d’Alexandrie en Syrie, l’an de Rome 706, vole de-là dans le Pont, où il ne fait que paroître pour vaincre Pharnace, & tailler ses troupes en pieces à la fameuse journée de Ziéla, lieu qui, plusieurs années auparavant avoit été si funeste aux Romains, par la victoire importante que Mithridate y avoit remportée contre Triarius, lieutenant de Lucullus ; ainsi le nom romain fut vengé de l’affront qu’il avoit reçu en cet endroit, où César en monument de sa victoire, fit dresser un trophée, à l’opposite de celui que Mithridate y avoit fait élever à la honte des Romains.


Après le gain de cette bataille, tout céda au vainqueur ; le royaume de Pont rentra sous l’obéissance de la république romaine, & Pharnace, qui s’étoit sauvé dans Sinope avec mille cavaliers seulement, fut obligé de rendre cette ville à Domitius Calvinus, lieutenant de César, & de s’enfuir par mer dans le Bosphore, où il n’eut pas plutôt mis pié à terre, qu’un des grands du pays, qui s’étoit soulevé contre lui, le fit perir, & s’empara du royaume.


Sinope étant ainsi tombée sous la puissance des Romains, n’eut pas moins à se louer de la générosité de César, que de celle de Lucullus : il fonda le premier dans leur ville une colonie romaine.


Ces colonies étoient autant de garnisons romaines répandues de toutes parts, pour retenir & affermir les nouveaux sujets dans l’obéissance, les accoutumer insensiblement à la domination romaine, & leur en faire goûter à la longue les lois & les coutumes. C’étoit d’ailleurs la digne récompense des travaux & des fatigues militaires du soldat véteran, & une décharge de cette multitude prodigieuse de citoyens, dont Rome se trouvoit accablée.


On avoit soin de mettre ordinairement ces colonies dans les lieux les plus avantageux & les mieux situés de chaque contrée, surtout dans les villes capitales & dans les métropoles. De toutes les villes d’Asie, Sinope, tant à cause de sa situation, que de sa puissance sur mer, fut une de celles où il convenoit le plus de mettre une colonie, & de la rendre florissante.


M. Vaillant s’étoit persuadé trop légerement que Lucullus avoit fait le premier de Sinope une colonie romaine. Ce n’est pas ainsi qu’en ont écrit les anciens auteurs, que cet antiquaire cite lui-même. Strabon parlant de la prise de Sinope par Lucullus, dit seulement que ce général laissa à cette ville tout ce qui contribuoit à l’embellir, & qu’il se contenta de faire enlever la sphere de Billarus, & la statue d’Antolycus, ouvrage du fameux sculpteur Sthénis ; c’est quelques lignes plus bas que ce géographe ajoute, que Sinope étoit, de son tems, colonie romaine, νῦν δὲ καὶ Ῥωμαίων ἀποικίαν δέδεκται ; de-là il est aisé de voir que cette colonie n’avoit pas été établie par Lucullus ; car si ce fait eût été vrai, Strabon en auroit fait mention plus haut, en parlant du traitement que Sinope reçut de ce général. Appien dit seulement que Lucullus rendit à Sinope la liberté. Ainsi aucun des ancien auteurs ne dit que cette ville ait été faite colonie par Lucullus.


L’époque de Sinope marquée sur la médaille de Gordien-Pie, frappée à Sinope, & si bien expliquée par M. l’abbé de Fontenu, prend son commencement à l’an de Rome 684. L’époque marquée sur les médailles de M. Aurele & de Caracalla, commence à l’établissement de la colonie romaine par Jules-César, l’an de Rome 707. Cette double époque a été très-bien​ remarquée par M. Vaillant ; elle se trouve aujourd’hui encore mieux confirmée par une médaille de Néron & d’Octavie, que le P. Froelich a fait graver, & par quelques autres dont on lui a communiqué la description.


Sinope ayant reçu tant de bienfaits de César, fit gloire de porter dans ses médailles le nom de colonie julienne, colonia julia Sinope. Auguste lui maintint apparemment ses franchises & ses privileges dans le voyage qu’il fit en Asie, l’an 12 de son empire, & de Rome 743, car elle joint la qualité d’Augusta avec celle de Julia dans quelques-unes de ses médailles ; colonia Julia Augusta Sinope dans Vaillant, au revers de Caracalla ; colonia Augusta Sinope dans Mezzabarbe, au revers de Gordien-Pie.


J’ai déjà peut-être remarqué à l’article Sérapis, (& j’en parlerai plus au long au mot Temple de Sérapis) que ce dieu des Egyptiens étoit celui de Sinope, & que ce ne fut pas sans de grandes raisons, que les Sinopiens prirent Jupiter Plutus, c’est-à-dire, Serapis pour leur divinité tutélaire ; car outre que plusieurs auteurs prétendent que ce fut Jupiter même, & non pas Apollon qui transporta de Grece en Asie Sinope, fondatrice de la ville de ce nom ; les Sinopiens étoient aussi persuadés que c’étoit à Jupiter Plutus, dieu des mines, qu’ils étoient redevables de l’opulence où les mettoit le grand trafic qu’ils faisoient sur toutes les côtes de la mer Noire, d’une quantité prodigieuse de fer qu’ils tiroient des mines de leur contrée, & des pays voisins : raison pour laquelle vraissemblablement Pomponius Mela nomme les Sinopiens chalybes, c’est-à dire, comme l’explique Eustache sur Denys le géographe, forgerons, artisans, ou marchands en fer, & leur canton Chalybie, comme pour faire entendre que les habitans s’adonnoient sur-tout à la fabrique du fer, & qu’ils en tiroient leur principale richesse.


Outre le profit immense que le négoce du fer produisoit aux Sinopiens, ils en tiroient encore un très considérable de la pêche du thon, qui se faisoit sur leur rivage, où en certain tems, selon Strabon, ce poisson se vendoit en quantité, raison pour laquelle ils le représentoient sur leurs monnoies, comme il paroît par les médailles de Géta. Ce poisson venoit des Palus-Méotides, d’où il passoit à Trébizonde & à Pharnacie, où s’en faisoit la premiere pêche ; il alloit de-là le long de la côte de Sinope où s’en faisoit la seconde pêche, & traversoit ensuite jusqu’à Byzance, où s’en faisoit une troisieme pêche.


La terre de Sinope vantée par Dioscoride, Pline & Vitruve, étoit une espece de bol plus ou moins formé, que l’on trouvoit autrefois au voisinage de cette ville, & qu’on y apportoit, pour la distribuer à l’étranger ; ce n’étoit au reste qu’un petit objet de commerce pour les Sinopiens : plusieurs autres villes de la Grece avoient des bols encore plus recherches.


Voilà l’histoire complette de l’ancienne Sinope, en y comprenant même celle de son commerce. Je ferai un petit article de Sinope moderne, mais je ne puis terminer celui-ci, sans ajouter un mot du fameux Diogene, que j’ai déja nommé à la tête des hommes illustres dont cette ville a été la patrie.


Ce philosophe singulier, & bisarre dans ses manieres, mais vertueux dans ses principes, naquit à Sinope, dans la 91. olympiade, & mourut à Corinthe en allant aux jeux olympiques, la troisieme année de la 114 olympiade, âgé d’environ 90 ans, après avoir vécu dans l’étude de la morale, dans la tempérance, & le mépris des grandeurs du monde.


Il se soucioit peu d’être enterré, & cependant il le fut splendidement proche la porte de l’isthme du Péloponnèse ; plusieurs villes de Grece se disputerent l’honneur de sa sépulture. Son tombeau, dont parle Pausanias, portoit un chien de marbre de Pa-​ros, avec une épitaphe. M. de Tournefort a vu cette épitaphe, qui est très-singuliere, sur un ancien marbre à Venise, dans la cour de la maison d’Erizzo. Les habitans de Sinope lui dresserent aussi des statues de bronze.


Il me semble donc que ceux qui ne proferent aujourd’hui le nom de Diogene que pour le rendre ridicule, montrent bien peu de connoissance de sa vie & de l’antiquité. Les Athéniens en jugerent différemment, car ils honorerent toujours sa pauvreté volontaire & son tonneau. Ils punirent sévérement le jeune homme qui s’étoit avisé de le lui rompre, & lui en donnerent un autre au nom de la république. Plutarque, Cicéron, Séneque, en un mot les premiers hommes de l’antiquité, n’ont parlé de Diogene qu’en termes pleins d’éloges, & l’on ne sauroit guere s’empêcher de le lui refuser, lorsqu’on envisage philosophiquement la grandeur de son ame.


Je ne m’étonne point qu’Alexandre ait admiré un homme de cette trempe. Ce prince, maître du monde, avoit vu venir à lui de toutes parts, les hommes d’états & les philosophes pour lui faire la cour. Diogene fut le seul qui ne bougea de sa place ; il fallut que le conquérant d’Asie allât trouver le sage de Sinope. Dans cette visite, il lui offrit des richesses, des honneurs, & sa protection, & le sage lui demanda pour unique faveur qu’il voulût bien se retirer un peu de son soleil, comme s’il eût voulu dire : ne m’ôtez point les biens de la nature, & je vous laisse ceux de la fortune. Alexandre comprit bien la vigueur d’une ame si haute, & se tournant vers les seigneurs de sa cour si je n’étois Alexandre, leur dit-il, je voudrois être Diogene ; c’est-à-dire, si je ne possédois tous les biens & tous les honneurs, je me tiendrois heureux de les mépriser comme ce sage.


Je n’ignore pas que ce seroit être ridicule de porter aujourd’hui une lanterne dans la même vue que le faisoit Diogene, pour chercher un homme raisonnable ; mais il faut bien qu’il n’ait pas abusé de cette idée, puisqu’elle ne parut point extravagante au peuple d’Athènes. Il y a mille choses semblables chez les anciens, dont on pourroit se moquer, si on les interprétoit à la rigueur ; & selon les apparences, ce ne seroit pas avec fondement.


A l’égard du crime de fausse-monnoie, pour lequel il fut contraint de quitter sa patrie, il est excusé par ses contemporains, sur ce qu’il ne s’y porta que par l’avis de l’oracle d’Apollon ; & s’il prit d’abord à la lettre la réponse Delphique, ce ne fut que pour lui donner bientôt après une toute autre interprétation, en se servant d’une monnoie bien différente de celle qui avoit cours, si nous entendons par-là ses maximes & son genre de vie.


Mais ce qu’on ne peut révoquer en doute, c’est la sagacité de son esprit, ses lumieres, & ses connoissances. Le sel de ses bons mots, sa finesse & la subtilité de ses réparties, ont passé à la postérité. Si Aristipe, disoit-il, savoit se contenter de légumes, il ne feroit pas sans cesse sa cour aux rois ; & quoi qu’en dise Horace, éternel adulateur d’Auguste, & détracteur impitoyable du philosophe de Sinope, qu’il n’appelle que le mordant cynique, je ne sai pas trop ce qu’Aristipe auroit pu répondre à Diogene.


Ce qu’il y a de sûr, c’est que nous ne lisons point la liste des livres qu’il avoit composés, sans regretter la perte de plusieurs de ses ouvrages. Il possédoit à un degré éminent le talent de la parole, & avoit une éloquence si persuasive, qu’elle subjuguoit tous les cœurs. C’est par cette éloquence qu’il s’acquit plusieurs disciples, que distinguoit dans le monde leur naissance, leur rang ou leur fortune. Tels ont été Stilpon de Mégare, Onésicrite & son fils, & Phocion, encore plus illustre qu’eux. Mais si vous voulez connoître plus particulierement Diogene & sa​ secte, voyez le mot Cynique, hist. de la Philosophie. (Le Chevalier de Jaucourt.)​",[['43 N']],,43 N,43 N
v15-1566-0,SPIRITU-SANCTO,"SPIRITU-SANCTO, (Géog. mod.)​ capitainie de l’Amérique méridionale au Brésil, sur la côte orientale, à 10 degrés de latitude méridionale. Elle est bornée au nord par la capitainie de Porto-Ségure, au midi par celle de Rio-Janeiro, & à l’orient par la mer. Ses limites ne sont point fixées du côté de l’occident. Ce gouvernement passe pour le plus fertile de ceux du Brésil, & le mieux fourni de toutes les choses nécessaires à la vie. L’on y fait commerce de coton & de bois de Brésil. Il n’y a dans ce gouvernement, qui appartient aux Portugais, qu’une seule ville de même nom. (D. J.)​",[['10 S']],,10 S,10 S
v15-1675-0,STANFORD,"STANFORD, (Géogr. mod.)​ nom commun à deux villes d’Angleterre. La premiere est dans la province de Lincoln, avec titre de comté, sur le Wéland, à 75 milles au nord-ouest de Londres, vers les confins de la province de Leicester. Elle est fermée de murailles, bien peuplée, & jouissant de plusieurs privileges. Elle a six ou sept églises paroissiales, & deux beaux hôpitaux. Longitude 15. 43. latitude 52. 45.


La seconde ville d’Angleterre qui porte le nom de Stanford, est dans Nottingham-Shire, sur le bord de la Stoure, & vers les frontieres de la province de Leicester. On a trouvé dans cette ville quelques monumens d’antiquité, & particulierement des médailles. Long. 16. 15. latit. 53. 4. (D. J.)​","[[""52 45' N 15 43' E""], [""53 4' N 16 15' E""]]",,52 45' N 15 43' E | 53 4' N 16 15' E,52 45' N 15 43' E | 53 4' N 16 15' E
v15-2331-0,"SURINAM, ou SURINAME","SURINAM, ou SURINAME, (Géog. mod.)​ riviere de l’Amérique méridionale dans la terre ferme, au pays appellé Guïane, ou Goyanne.


Cette riviere qui a son embouchure entre celles de Coupenam & de Soramine, est située dans la Guïane sur les côtes de l’Amérique méridionale, à six ou sept degrés de latitude septentrionale. Elle donne son nom à une vaste étendue de pays, où les Anglois s’étoient d’abord établis, & qu’ils céderent aux Hollandois en 1674.


Ce pays a plus de trente lieues d’étendue le long de la riviere. Les Hollandois y ont aujourd’hui une colonie très-florissante, défendue par deux forts, celui de Zélandia & celui de Sommelsdyk.


La colonie de Surinam est sujette à trois co-seigneurs qui sont la compagnie des Indes occidentales, la ville d’Amsterdam, & l’héritier du feu M. de Sommelsdyk ; mais la souveraineté en appartient aux Etats-généraux.


Les principales productions du pays pour le commerce, sont du tabac, du bois de teinture, du café & du sucre. Il y croît présentement assez de riz, de cacao & de rocou. Le tabac est presque tout consommé par les habitans. Le bois de teinture a un assez bon débit ; mais le café & le sucre sont des objets importans ; le café a très-bien réussi, & le sucre vaut mieux que celui de l’île des Barbades ; on en tire une liqueur distillée qu’on nomme rum, qui est plus forte que l’eau de-vie, & dont on fait un grand négoce dans les colonies angloises Les orangers, limonniers, citronniers, les melons d’eau, & les raisins de vigne, croissent parfaitement bien dans cette colonie. Les rivieres y sont fertiles en poissons.


Les pluies regnent fréquemment dans ce pays depuis le mois de Novembre jusqu’au mois de Juillet, & dans ce tems-là le vent de nord-est tempere le climat pendant le reste de l’année la chaleur y est excessive. Les jours & les nuits y sont presque toujours égaux, le soleil se levant & se couchant toujours à six heures, une demi-heure plutôt, ou plus tard.


Dans de certaines saisons de l’année, on prend sur le bord de la mer de très-grosses tortues. On cultive dans la terre ferme la cassave, le bonanoe & autres racines bonnes pour la nourriture. Les guaves & les pommes de pin y naissent naturellement. Les bêtes sauvages & les animaux venimeux infectent les bois de cette contrée. On y redoute extrèmement trois sortes de tigres, les uns noirs, les autres marquetés & les autres rouges. Les singes & les guenons fourmillent dans les forêts. On y trouve des serpens en grand nombre, de différentes sortes & grandeurs. Les mosquites y sont extrèmement incommodes, sur-tout dans les terres basses & vers la mer. Les terres sablonneuses sont ravagées par les fourmis. Enfin, il n’y a point de pays au monde où il y ait une plus grande quantité de grenouilles & de crapaux.


La colonie de Surinam est gouvernée à Amsterdam par un college de directeurs, qui envoie ses ordres à la régence de Surinam pour l’observation de la police, & de tout ce qui est nécessaire au maintien de la colonie. Ce sont aussi les directeurs qui envoient un gouverneur à Surinam ; mais il faut qu’il soit approuvé par les Etats-généraux, auxquels il doit prêter serment de fidélité, de même qu’aux directeurs.​


Les troupes qu’on entretient pour la sûreté de la colonie consistent en quatre compagnies d’infanterie. Le gouverneur est colonel de ces quatre compagnies, & capitaine de la premiere. (D. J.)​","[['6 N', '7 N']]",,6 N 7 N,6 N | 7 N
v15-2476-0,SIÉNE,"SIÉNE, (Géog. anc.)​ ville située sur la rive orientale du Nil dans la haute Egypte, au voisinage de l’Ethiopie. Le marbre nommé syénites, & que quelques-uns appellent aussi signites, à cause qu’il est tacheté de points de différentes couleurs, se tiroit des montagnes voisines de cette ville. Comme il est très dur, les Egyptiens s’en servoient pour éterniser la mémoire des grands hommes, dont ils marquoient les actions par des caracteres gravés sur des pyramides de ce marbre. Ils en ornoient leurs tombeaux ; c’est celui que nous appellons granit d’Egypte.


Mais ce n’est pas par son marbre que Syéné intéresse les géographes, c’est par la fixation de sa latitude sur laquelle M. de la Nauze a fait des remarques très-curieuses insérées dans les mém. de Littérat. tom. XXVI. in-4°. En voici le précis.


Pline, l. II. c. lxxiij. assure que le jour du solstice à midi, les corps ne font point d’ombre à Syéné, & que pour preuve on y a fait creuser un puits qui dans ce tems-là est tout éclairé. Strabon a dit la même chose, & selon tous les modernes, cette observation démontre que Syéné est justement sous le tropique du cancer, à 23 deg. 30 m. de latit. sept. M. Delisle lui-même a embrassé ce sentiment dans les mém. de l’acad. royale des Sciences, année 1708, pag. 370.


Ainsi presque tous les savans jusqu’à ce jour, ont établi la latitude de Syéné à environ vingt-trois degrés & demi, parce qu’ils se sont fondés sur la prétendue immobilité de l’écliptique : l’antiquité, disent-ils, a placé la ville de Syéné au tropique, & le tropique est environ à vingt-trois degrés & demi de l’équateur ; donc la latitude de Syéné est d’environ vingt-trois degrés & demi ; mais tout ce raisonnement porte à faux, à cause de la diminution qui se fait insensiblement de siecle en siecle dans l’obliquité de l’écliptique, diminution qui n’est plus contestée aujourd’hui, surtout depuis que M. Cassini en a donné les preuves dans ses élemens d’Astronomie, & qu’un autre savant académicien (M. l’abbé de la Caille) a trouvé l’obliquité de vingt-trois degrés vingt-huit minutes seize secondes l’année 1752, par des observations faites dans l’île de Bourbon, au voisinage du tropique.


L’obliquité avoit été beaucoup plus considérable dans le siecle d’Eratosthène & de Pythéas, vers l’an 235 avant Jesus-Christ. Eratosthène l’observa d’environ vingt-trois degrés cinquante-une minutes vingt secondes, selon le témoignage de Ptolomée ; & Pythéas fit à Marseille une observation d’où résultoit l’obliquité de vingt-trois degrés quarante-neuf minutes vingt-une secondes vers le même tems. Ce sont deux minutes de différence pour les deux observations des deux mathématiciens contemporains ; de sorte qu’en nous arrêtant à l’an 235 avant J. C. & en prenant le milieu des deux observations, nous aurons pour cette année-là l’obliquité de vingt trois degrés cinquante minutes vingt secondes. A ce compte la diminution de l’obliquité depuis l’an 235 avant J. C. jusqu’à l’an 1752 de l’ere chrétienne, aura été de vingt-deux minutes quatre secondes en dix-neuf cens quatre-vingt-​six ans : ce qui fait une minute en quatre-vingt-dix années, & l’on trouve en effet assez exactement cette proportion par l’évaluation moyenne des autres observations de l’obliquité faites dans les siecles intermédiaires.


Strabon fit le voyage de Syéné avec Cornélius Gallus, gouverneur de l’Egypte, vers l’an 28 avant J. C. L’obliquité de l’écliptique, selon l’hypothèse que nous avons proposée, étoit cette année-là de 23 degrés 48 minutes 2 secondes ; le zénith de la ville étoit donc alors à 11 minutes 18 secondes en-deçà du centre du soleil solsticial, & à 4 minutes 31 secondes par de-là le limbe septentrional : Syéné, par conséquent recevoit encore la lumiere verticale : aussi Strabon assuroit-il, que le premier canton de l’Egypte qu’on rencontroit, où le soleil ne fit point d’ombre, étoit le canton de Syéné.


Le soleil solsticial n’abandonna le zénith de la ville qu’environ l’an 380 de J. C. ainsi les écrivains antérieurs à cette année 380 & postérieurs à Strabon, ont eu les mêmes raisons que lui, de reconnoître pour leur tems la direction verticale des rayons solaires sur Syéné. Lucain vers l’an 60 de J. C. qu’il écrivoit sa pharsale, supposoit cette direction ; Pline vers l’an 75, disoit qu’il n’y avoit point d’ombre à Syéné le jour du solstice à l’heure de midi. Plutarque vers l’an 90 disoit la même chose, dans un passage pris à contre-sens par Casaubon, comme si l’écrivain grec eût prétendu que de son tems, les gnomons de Syéné n’étoient déja plus sans ombre, pendant qu’il assure le contraire. Arrien vers l’an 130, parlant des différentes projections des ombres dans l’Inde, citoit en conformité les expériences de Syéné.


Ptolomée vers l’an 140 écrivoit dans le même sens, que le soleil passoit une fois l’an au zénith de Syéné, quand l’astre étoit au tropique. Aristide, contemporain de Ptolomée avoit été sur les lieux : il déclare qu’à Elephantine, ville séparée de Syéné, par le Nil, tout étoit sans ombre à midi, temples, hommes & obélisques. Pausanias vers le même tems disoit aussi, que ni les arbres, ni les animaux, ne jettoient aucune ombre à Syéné, quand le soleil entroit dans le signe du cancer. Servius & Ammien Marcellin, qui ont écrit l’un & l’autre vers l’an 380, quand le soleil cessoit de répondre même par son limbe au zénith de la ville, ont tenu l’ancien langage sur la nullité des ombres dans Syéné ; & les écrivains postérieurs, quoique le phénomene eut totalement cessé, n’ont pas laissé de le rapporter, comme un fait toujours subsistant, sans que personne se soit jamais avisé de le vérifier. De-là l’erreur de ceux d’entre les géographes modernes, qui supposant Syéné toujours sous le tropique, & le tropique toujours à environ 23 degrés & demi de l’équateur, ont prétendu corriger la latitude donnée à Syéné, par Eratosthène, & rapprocher de l’équateur cette ville beaucoup plus qu’il ne falloit.


Il y avoit à Syéné un fameux puits, totalement éclairé par les rayons directs du soleil solsticial. Eratosthène & les compagnons de ses voyages avoient apparemment fait creuser ce puits : on ne peut guere se refuser à cette idée, quand on sait qu’Eratosthène choisit, selon Pline, le voisinage de l’Ethiopie pour le principal début de ses opérations géodésiques ; & quand on voit d’un autre côté, par le témoignage du même Pline & par celui de Servius, que de savans mathématiciens voulurent laisser le puits de Syéné pour monument de leurs travaux & de leurs découvertes. Il ne faut donc point imaginer que ces anciens observateurs, ayant trouvé par hasard le puits totalement éclairé dans le tems du solstice, en ayent conclu la position de Syéné sous le tropique proprement dit, & que ce soit ce principe fautif que ait rendu défectueuse leur mesure de la terre. Era-​tosthène certainement ne supposoit pas le puits sous le tropique, puisqu’il plaçoit, comme nous l’avons vû, le tropique à 23 degrés 51 minutes, & Syéné à 24 degrés de l’équateur.


D’ailleurs, ceux d’entre les anciens qui avoient quelque habileté, ne pouvoient pas penser que tout ce qui étoit verticalement éclairé par les rayons solaires, fût dès-lors sous le tropique proprement dit, & sous le centre même du soleil ; ils connoissoient, aussi-bien que nous, la grandeur de l’espace ou le soleil vertical absorboit les ombres : ils l’évaluoient, selon Cléomede, à 300 stades, qui pris pour des stades de 8 au mille romain, comme ils étoient au tems de Cléomede, sont 37 milles & demi romains. Or, comme les milles romains sont de 75 au degré, les 300 stades donnent un demi degré ; & si le diametre du soleil solsticial est un peu plus grand, la différence est si légere, que les 300 stades en nombre rond sont parfaitement excusés. Comment donc prétendre qu’il a suffi aux anciens observateurs de la mesure de la terre, de voir un puits totalement éclairé, pour en placer aussi-tôt le zénith au tropique & prendre de-là leur mesure ?


Après tous les caracteres topographiques & astronomiques qui nous restent dans les anciens écrivains sur la position de Syéné, il ne seroit pas extrèmement difficile d’en découvrir l’emplacement dans la géographie moderne. Plusieurs pensent que la position & la dénomination de Syéné, répondent au lieu nommé présentement Assuana ou Assouan, dans la haute Egypte ; mais le peu qu’ils disent sur ce rapport, mériteroit une plus ample vérification. Si donc des voyageurs bien instruits vouloient s’en assurer, ils n’auroient pas lieu vraissemblablement de se repentir de leur entreprise, à cause de la nature du sol & de celle de l’air, qui partout ailleurs concourant à la destruction des anciens vestiges des villes, semble en favoriser la conservation dans le pays dont nous parlons. Les changemens arrivés au terrein de l’Egypte, ne regardent pas tant les monumens de pierre & de marbre, que les atterrissemens & les alluvions formés par le Nil. Des altérations de cette espece, survenues dans un intervalle de sept cens ars au voisinage de Syéné, firent qu’Aristide n’y vit pas tout-à-fait ce qu’Hérodote y avoit vû. La différence des tems devoit donc empêcher l’orateur de Smyrne de critiquer comme il a fait, le pere de l’histoire, & elle devroit à plus forte raison rendre plus circonspects les voyageurs modernes, qui s’en iroient à la découverte de l’ancienne ville de Syéné.


Ce ne seroient pas les géographes seuls qui profiteroient d’un tel voyage de Syéné ; les physiciens y découvriroient un nouveau climat, dont les singularités ne sauroient manquer d’enrichir l’histoire naturelle ; ceux qui ont le goût des antiquités retrouveroient dans les ruines d’une ville, autrefois florissante, ces restes d’architecture égyptienne, ces obélisques, ces ornemens en tout genre qui étoient encore plus communs dans la haute que dans la basse Egypte ; les savans particulierement, curieux de suivre les traces des Arts & des Sciences dans tous les pays & dans tous les siecles, pourroient dans un endroit qui fut une des principales stations d’Eratosthène, vérifier l’exactitude de ses recherches, & en apprécier le mérite. Enfin, les mathématiciens y feroient des observations au tropique, pour déterminer de plus en plus la figure de la terre ; observations qui paroissent manquer à celles de l’équateur & du cercle polaire, qu’on a faites il y a trente ans avec beaucoup de gloire.


Maurus Terentianus qui florissoit sous les derniers Antonins, avoit été gouverneur de Syéné ; il est auteur d’un petit ouvrage curieux en vers latins, dans lequel il traite de la prononciation des lettres, de la​ mesure, & de la quantité des vers. (Le chevalier de Jaucourt.)​","[['alt'], [""23 30' N""], ['23 28\' 16"" N'], ['23 51\' 20"" N'], ['23 49\' 21"" N'], ['23 50\' 20"" N'], ['23 48\' 2"" N']]",,"alt | 23 30' N | 23 28' 16"" N | 23 51' 20"" N | 23 49' 21"" N | 23 50' 20"" N | 23 48' 2"" N",23 30' N | 24 N
v15-2690-1,Tacaze ou Tagaze,"Tacaze ou Tagaze, (Géogr. mod.)​ riviere considérable d’Abyssinie. Elle a sa source dans les montagnes qui séparent les royaumes d’Angoste & de Bégameder, & tombe enfin dans le Nil du côté de l’orient.


La riviere de Tacaze grande comme la moitié du Nil, pourroit bien être l’Astraboras des anciens ; c’est l’opinion de Jean de Barros, le Tite-Live des Portugais : & c’est aussi le sentiment de M. Delisle, par deux raisons. La premiere, dit-il, est que selon les jésuites qui ont été en Ethiopie, elle entre dans le Nil à dix-sept degrés & demi de latitude, qui est à quelques minutes près, la même hauteur que Ptolomée donne à l’embouchure de l’Astaboras, 700 stades au-dessus de la ville Méroé, comme on voit par Strabon, par Diodore & autres.


La seconde chose qui fait croire à M. Delisle que le Tacaze est le même que l’Astaboras, est que cette riviere s’appelle autrement Atbara, comme on le voit par le rapport des scheiks du Nubie, & par celui d’un récolet qui a passé cette riviere en allant en Ethiopie. Or les noms d’Atbara & d’Astaboras ne sont pas fort différens. Il suppose que l’Atbara est son véritable nom, & que les Grecs l’ont altéré comme ils ont fait tant d’autres mots ; puisque cela arrive encore très-souvent à ceux qui sont obligés d’employer des noms étrangers dans leurs écrits. Mém. de l’académ. royal. des Scienc. ann. 1708. pag. 371. (D. J.)​","[[""17 30' N""]]",,17 30' N,17 30' N
v15-3060-0,TARIJA,"TARIJA, (Géog. mod.)​ ville de l’Amérique méridionale, au Pérou, à cinquante lieues au sud-ouest du Potosi, dans une grande vallée, dont elle a pris le nom, entre les montagnes de Chiriguanos, presque à l’embouchure d’une petite riviere qui se décharge dans Rio-Grandé. Lat. méridionale 21. 48. (D. J.)​","[[""21 48' S""]]",,21 48' S,21 48' S
v15-3103-1,Tartares ou Tatars,"Tartares ou Tatars, (Géogr. mod.)​ peuples qui habitent presque tout le nord de l’Asie. Ces peuples sont partagés présentement en trois nations différentes ; savoir, 1°. les tartares ainsi nommés ; 2°. les Callmoucks ; 3°. les Moungales : car les autres peuples payens dispersés par toute la Sibérie, & sur les bords de la mer Glaciale, sont proprement des peuples sauvages, séparés, quoique descendant des anciens Tartares.


Les Tartares particulierement ainsi nommés, professent tous le culte mahométan, quoique chez la plûpart ce culte tient beaucoup plus du paganisme, que du mahométisme. Tous les Tartares se subdivisent en plusieurs nations, qu’il importe de faire connoître : les principales sont.


1°. Les Tartares Barabinskoi ; 2°. les Tartares Baskirs, & ceux d’Uffa ; 3°. les Tartares de Budziack. 4°. les Tartares Calmoucks ; 5°. les Tartares de la Casatschia Orda ; 6°. les Tartares de la Crimée ; 7°. les Tartares Circasses ; 8°. les Tartares du Daghestan ; 9°. les Tartares Koubane ; 10°. les Tartares Moungales ; 11°. les Tartares Nogais ; 12°. les Tartares Telangouts ; 13°. les Tartares Tonguses ; 14°. les Tartares de la grande Boucharie. 15°. Enfin les Tartares Usbecks.


Les Tartares Barabinskoi, sont des peuples payens de la grande Tartarie. Ils habitent le désert de Baraba, qui s’étend entre Tara & Tomskoi ; ils demeurent dans des huttes creusées en terre, avec un toit de paille, soutenu par des pieux élevés de trois piés ; cette nation est tributaire du czar.


Les Tartares Baskirs, ou de Baskain & d’Uffa, occupent la partie orientale du royaume de Casan, & les Tartares d’Uffa occupent la partie méridionale. Les uns & les autres sont grands & robustes ; ils ont le teint un peu basané, les cheveux noirs, & les sourcils fort épais ; ils portent une robe longue de gros drap blanc, avec une espece de capuchon attaché dont ils se couvrent la tête en hiver. Les femmes sont habillées à la façon des paysanes de Russie, sur-tout depuis qu’ils sont soumis à cette couronne ; leur langue est un mélange de langue tartare & russienne. Quoiqu’ils observent encore la circoncision, & quelques autres cérémonies mahométanes, ils n’ont plus aucune connoissance de l’alcoran, & n’ont par conséquent ni moullhas, ni mosquées ; ensorte que leur religion tient beaucoup du paganisme, chez ceux qui n’ont pas embrassé le culte grec. Comme le pays qu’ils habitent est situé entre les 52 d. 30. de longitude, & le 57. d. de latitude ; ce pays est fertile en grains, en fruits, en miel & en cidre. Aussi les Tartares Baskirs & d’Uffa, sement de l’orge, de l’avoine & d’autres grains, habitent dans des villages bâtis à la maniere de Russie, & se nourrissent de leur bétail & de la chasse.​


Les Tartares de Budziack, habitent vers le rivage occidental de la mer Noire, entre l’embouchure du Danube & la riviere de Bog. Quoique ces Tartares soient une branche de ceux de la Crimée, & qu’ils en aient la religion & les coutumes, cependant ils vivent indépendans de la Porte, & du chan de la Crimée. Ils n’obéissent qu’à des murses, chefs des différens ordres qui composent leur corps. Ils font même quelquefois des incursions sur les terres des Turcs, & se retirent chez eux après le pillage. On dit que leur nation peut faire environ trente mille hommes.


Les Tartares Callmoucks, occupent une grande partie du pays qui est entre le Mongul & le Wolga. Ils sont divisés en plusieurs hordes particuliers, qui ont chacune leur aucoes, ou chan, à part. Les Callmoucks n’ont point d’habitation fixe, mais seulement des tentes de feutre, avec lesquelles ils campent & décampent en un instant. Ils se mettent en marche au printems, le long des pâturages, sur les bords du Wolga, & menent avec eux quantité de chameaux, de bœufs, de vaches, de chevaux, de moutons & de volailles. Ils viennent de cette maniere en forme de caravanes à Astracan, avec toutes leurs familles pour y commercer. Ils échangent leurs bestiaux pour du blé, du cuivre, du fer, des chauderons, des couteaux, des ciseaux, du drap, de la toile, &c.


Les Callmoucks sont robustes & guerriers. Ils y en a toujours un corps dans les troupes du czar, suivant le traité d’alliance fait avec eux, & ce corps monte à environ six mille hommes.


Les Tartares de la Casatschia Orda, sont une branche des Tartares mahométans, qui habitent dans la partie orientale du pays de Turkestan, entre la riviere de Jemba & celle de Sirth. Ils ont la taille moyenne, le teint fort brûlé, de petits yeux noirs brillans & la barbe épaisse. Ils coupent leurs cheveux qu’ils ont extrêmement forts & noirs, à quatre doigts de la tête, & portent des bonnets ronds d’un empan de hauteur, d’un gros drap ou feutre noir, avec un bord de pelleterie ; leur habillement consiste dans une chemise de toile de coton, des culottes de peau de mouton, & dans une veste piquée de cette toile de coton, appellée kitaiha par les Russes ; mais en hiver ils mettent par-dessus ces vestes une longue robe de peau de mouton, qui leur sert en été de matelats ; leurs bottes sont fort lourdes & faites de peau de cheval, de sorte que chacun peut les façonner lui-même ; leurs armes sont le sabre, l’arc & la lance, car les armes à feu sont jusqu’à présent fort peu en usage chez eux.


Ils sont toujours à cheval, en course, ou à la chasse, laissant le soin de leurs troupeaux & de leurs habitations à leurs femmes, & à quelques esclaves. Ils campent pour la plûpart sous des tentes ou hutes, vers les frontieres des Callmoucks & la riviere de Jemba, pour être à portée de butiner. Dans l’été ils passent fort souvent les montagnes des Aigles, & viennent faire des courses jusque bien avant dans la Sibéric, à l’ouest de la riviere d’Irtis.


Les Cara-Kalpaks, qui habitent la partie occidentale du pays de Turkestan, vers les bords de la mer Caspienne, sont les fideles alliés & parens des Tartares de la Casatschia Orda, & les accompagnent communément dans leurs courses, lorsqu’il y a quelque grand coup à faire.


Les Tartares de la Casatschia-Orda, font profession du culte mahométan, mais ils n’ont ni alcoran, ni moulhas, ni mosquées, ensorte que leur religion se réduit à fort peu de chose. Ils ont un chan qui réside ordinairement en hiver dans la ville de Taschkant, & qui en été va camper sur les bords de la riviere de Sirth, & les frontieres des Callmoucks ; mais leurs​murses particuliers qui sont fort puissans, ne laissent guere de pouvoir de reste au chan. Ces Tartares peuvent armer tout-au-plus trente mille hommes, & avec les Cara-kalpaks cinquante mille, tous à cheval.


Les Tartares de la Crimée sont présentement partagés en trois branches, dont la premiere est celle des Tartares de la Crimée ; la seconde, celle des Tartares de Budziach ; & la troisieme celle des Tartares Koubans. Les Tartares de la Crimée sont les plus puissans de ces trois branches ; on les appelle aussi les Tartares de Perékop, ou les Tartares Saporovi, à cause que par rapport aux Polonois qui leur donnent ce nom, ils habitent au-delà des cataractes du Borysthène.


Ces Tartares occupent à-présent la presqu’île de la Crimée, avec la partie de la terre ferme au nord de cette presqu’île, qui est séparée par la riviere de Samar de l’Ukraine, & par la riviere de Mius du reste de la Russie. Les Tartares de la Crimée sont ceux de tous les Tartares mahométans qui ressemblent le plus aux Calmoucks, sans être néanmoins si laids ; mais ils sont petits & fort quarrés ; ils ont le tein brûlé, des yeux de porc peu ouverts, le tour du visage plat, la bouche assez petite, des dents blanches comme de l’ivoire, des cheveux noirs qui sont rudes comme du crin, & fort peu de barbe. Ils portent des chemises courtes de toile de coton, & des caleçons de la même toile ; leurs culottes sont fort larges & faites de quelque gros drap ou de peau de brebis ; leurs vestes sont de toile de coton, piquée, à la maniere des caffetans des Turcs ; & au-dessus de ces vestes ils mettent un manteau de feutre, ou de peau de brebis.


Leurs armes sont le sabre, l’arc, & la flèche. Leurs chevaux sont vilains & infatigables. Leur religion est la mahométane. Leur souverain est un chan allié de la porte Ottomane, & dont le pays est sous la protection du grand-seigneur. C’est dans la ville de Bascia-Sarai, située vers le milieu de la presqu’île de Crimée, que le chan fait ordinairement sa résidence. La partie de la terre ferme au nord de Perékop, est occupée par des hordes de Tartares de la Crimée, qui vivent sous des huttes, & se nourrissent de leur bétail, lorsqu’ils n’ont point occasion de brigander.


Les tartares de ce pays passent pour les plus aguerris de tous les Tartares. Ils sont presque toujours en course, portant avec eux de la farine d’orge, du biscuit, & du sel pour toute provision La chair de cheval & le lait de jument font leurs délices. Il coupent la meilleure chair de dessus les os, par tranches, de l’épaisseur d’un pouce, & les rangent également sur le dos d’un autre cheval, sous la selle, & en observant de bien serrer la sangle, & ils font ainsi leur chemin. Au bout de trois ou quatre lieues ils levent la selle, retournent les tranches de leur viande, remettent la selle comme auparavant, & continuent leur traite. A la couchée le ragoût se trouve tout prêt ; le reste de la chair qui est à l’entour des os se rôtit à quelques bâtons, & se mange sur-le-champ au commencement de la course.


Au retour du voyage, qui est souvent d’une centaine de lieues & davantage, le chan prend la dixme de tout le butin, qui consiste communément en esclaves ; le murse de chaque horde en prend autant sur la part qui peut revenir à ceux qui sont sous son commandement, & le reste est partagé également entre ceux qui ont été de la course. Les Tartares de la Crimée peuvent mettre jusqu’à quatre-vingt mille hommes en campagne.


Les Tartares Circasses habitent au nord-ouest de la mer Caspienne, entre l’embouchure de la riviere de Wolga & la Géorgie. Le peuple qui est présentement connu sous le nom des Circasses, est une branche des tartares mahométans. Du-moins les Circasses​ conservent-ils jusqu’aujourd’hui la langue, les coutumes, les inclinations, & même l’extérieur des Tartares, nonobstant qu’on puisse s’appercevoir facilement qu’il doit y avoir bien du sang des anciens habitans du pays mêlés chez eux, parmi celui des Tartares.


Il y a beaucoup d’apparence que les Tartares Circasses, aussi-bien que les Daghestans, sont de la postérité de ceux d’entre les Tartares qui furent obligés, du tems que les sofis s’emparerent de la Perse, de se retirer de ce royaume pour aller gagner les montagnes qui sont au nord de la province de Schirvan, d’où les Perses ne les pouvoient pas chasser si facilement, & où ils étoient à portée d’entretenir correspondance avec les autres tribus de leur nation, qui étoient pour-lors en possession des royaumes de Casan & d’Astracan.


Les Tartares Circasses sont assez laids, & presque toutes leurs femmes sont très-belles. En été elles ne portent qu’une simple chemise d’une toile de coton, fendue jusqu’au nombril, & en hiver elles ont des robes semblables à celles des femmes russiennes : elles se couvrent la tête d’une sorte de bonnet noir qui leur sied fort bien ; elles portent autour du cou plusieurs tours de perles de verre noir, pour faire d’autant mieux remarquer les beautés de leur gorge ; elles ont un tein de lys & de rose, les cheveux & les plus beaux yeux noirs du monde.


Les Tartares Circasses se font circoncire, & observent quelques autres cérémonies mahométanes ; mais la religion grecque commence à faire beaucoup de progrès dans leur pays. Ils habitent en hiver dans des villages, & ont pour maisons de chetives chaumieres ; en été ils vont camper la plûpart du tems dans les endroits où ils trouvent de bons pâturages, savoir vers les frontieres du Daghestan & de la Georgie, où le pays est fort beau, & fertile en toutes sortes de légumes & de fruits. C’est de la partie montueuse de la Circassie que viennent les chevaux circasses, tant estimés en Russie, pour leur vîtesse, la grandeur de leurs pas, & la facilité de les nourrir.


Les Circasses ont des princes particuliers de leur nation auxquels ils obéissent, & ceux-ci sont sous la protection de la Russie, qui possede Terki, capitale de tout le pays : les Circasses peuvent faire une vingtaine de mille hommes armés.


Les Tartares du Daghestan s’étendent en longueur depuis la riviere de Bustro, qui tombe dans la mer Caspienne, à 43d. 20′. de latitude jusqu’aux portes de la ville de Derbent ; & en largeur, depuis le rivage de la mer Caspienne, jusqu’à six lieues de la ville d’Erivan. Le pays est par-tout montueux, mais il ne laisse pas d’être d’une grande fertilité dans les endroits où il est cultivé.


Ces Tartares sont les plus laids de tous les Tartares mahométans. Leur tein est fort basané, & leur taille au-dessous de la médiocre est très-renforcée ; leurs cheveux sont noirs & rudes comme des soies de cochon ; leurs chevaux sont fort petits, mais lestes à la course, & adroits à grimper les montagnes ; ils ont de grands troupeaux de bétail, dont ils abandonnent le soin à leurs femmes & à leurs esclaves, tandis qu’ils vont chercher à voler dans la Circassie & dans la Géorgie, des femmes & des enfans, qu’ils exposent en vente à Derbent, à Erivan, & à Tifflis.


Ils obéissent à divers petits princes de leur nation qui prennent le nom de sultans, & qui sont tout aussi voleurs que leurs sujets ; ils nomment leur grand chan schemkal, dont la dignité est élective. Ce schemkal réside à Boinac. Tout barbares que sont les Tartares Daghestans, ils ont un excellent usage pour le bien de leur pays, savoir que personne ne se peut marier chez eux, avant que d’avoir planté dans un certain endroit marqué, cent arbres fruitiers, d’où​vient qu’on trouve par-tout dans les montagnes du Daghestan, de grandes forets d’arbres fruitiers de toute espece.


Ces mêmes montagnes, dont ils connoissent seuls les sentiers, ont servi à conserver jusqu’ici les Tartares Daghestans dans l’indépendance des puissances voisines ; cependant la forteresse de Saint-André que les Russes ont bâtie dans le cœur de leur pays, sur le bord de la mer Caspienne, entre Derbent & Terki, non seulement les tient en bride, mais porte bien la mine de les contraindre un jour à l’obéissance de la Russie, d’autant plus que toutes leurs forces ne montent guere qu’à quinze ou vingt mille hommes.


Les Tartares Koubans habitent au sud de la ville d’Assof, vers les bords de la riviere de Koucan, qui a sa source dans la partie du mont Caucase, que les Russes appellent Turki-Gora, & vient se jetter dans le Palus Méotide, à 46d. 15′. de latitude au nord-est de la ville de Daman.


Ces Tartares sont encore une branche de ceux de la Crimée, & étoient autrefois soumis au chan de cette presqu’île ; mais présentement ils ont leur chan particulier, qui est d’une même famille avec les chans de la Crimée. Il ne reconnoît point les ordres de la Porte, & se maintient dans une entiere indépendance, par rapport à toutes les puissances voisines. La plus grande partie de ces tartares ne subsistent que de ce qu’ils peuvent piller sur leurs voisins, & fournissent aux Turcs quantité d’esclaves circasses, géorgiennes & abasses, qui sont fort recherchées.


C’est pour couvrir le royaume de Casan contre les invasions de ces Tartares, que le czar Pierre a fait élever un grand retranchement qui commence auprès de Zarista sur le Wolga, & vient aboutir au Don, vis-à-vis la ville de Twia. Lorsque les Tartares de la Crimée ont quelques grands coups à faire, les Koubans ne manquent pas de leur prêter la main : ils peuvent former ensemble trente à trente-cinq mille hommes.


Les Tartares Moungales, Mogoules, ou Mungales, occupent la partie la plus considérable de la grande Tartarie, que nous connoissons maintenant sous le nom du pays des Moungales. Ce pays, dans l’état où il est à présent, est borné à l’est par la mer orientale, au sud par la Chine, à l’ouest par le pays des Callmoucks, & au nord par la Sibérie. Il est situé entre les 40 & 50 degrés de latitude, & les 110 & les 150 degrés de longitude ; en sorte que le pays des Moungales n’a pas moins de quatre cens lieues d’Allemagne de longueur, & environ 150 de largeur.


Les Moungales qui habitent à-présent ce pays, sont les descendans de ceux d’entre les Mogoules, qui après avoir été pendant plus d’un siecle en possession de la Chine, en furent rechassés par les Chinois vers l’an 1368 ; & comme une partie de ces fugitifs s’étant sauvée par l’ouest, vint s’établir vers les sources des rivieres de Jéniséa & Sélinga, l’autre partie s’en étant retirée par l’est, & la province de Léaotung, alla s’habituer entre la Chine & la riviere d’Amur.


On trouve encore à l’heure qu’il est deux sortes de Moungales, qui sont fort différens les uns des autres, tant en langue & en religion, qu’en coutumes & manieres ; savoir les Moungales de l’ouest, qui habitent depuis la Jéniséa jusque vers les 134 degrés de longitude, & les Moungales de l’est, qui habitent depuis les 134 degrés de longitude jusqu’au bord de la mer orientale.


Les Moungales de l’ouest vivent du produit de leur bétail, qui consiste en chevaux, chameaux, vaches & brebis. Ils conservent le culte du Dalaï-Lama, quoiqu’ils ayent un grand-prêtre particulier appellé Kutuchta. Ils obéissent à un kan, qui étoit autrefois comme le grand kan de tous les Moungales ; mais depuis que les Moungales de l’est se sont empa-​rés de la Chine, il est beaucoup déchu de sa puissance cependant il peut encore mettre cinquante mille chevaux en campagne. Plusieurs petits kans de Moungales, qui habitent vers les sources de la Jéniséa & les deserts de Gobi, lui sont tributaires, & quoiqu’il se soit mis lui-même sous la protection de la Chine pour être d’autant mieux en état de tenir tête aux Callmoucks, cette soumission n’est au fonds qu’une soumission précaire & honoraire. Il ne paye point de tribut à l’empereur de la Chine, qui le redoute même plus qu’aucun autre de ses voisins, & ce n’est pas sans raison ; car s’il lui prenoit jamais fantaisie de s’unir avec les Callmoucks contre la Chine, la maison qui regne présentement dans cet empire, n’auroit qu’à se tenir ferme sur le trône.


Les Moungales de l’est ressemblent aux Moungales de l’ouest, excepté qu’ils sont plus blancs, sur-tout le sexe. Ils ont des demeures fixes, & même des villes & des villages ; mais leur religion n’est qu’un mélange du culte du Dalai-Lama & de celui des Chinois. Ils descendent presque tous des Mogouls fugitifs de la Chine ; & quoiqu’ils ayent encore quelques petits princes qui portent le titre de kan, c’est une légere satisfaction que la cour de Pekin veut bien leur laisser. Leur langue est un mélange de la langue chinoise & de l’ancienne langue mogoule, qui n’a presque aucune affinité avec la langue des Moungales de l’ouest.


Les Tartares Nogais, Nogaiens, de Nagaï, de Nagaïa ou Nagaiski, occupent la partie méridionale des landes d’Astracan, & habitent vers les bords de la mer Caspienne, entre le Jaïck & le Wolga : ils ont les Cosaques du Jaïck pour voisins du côté de l’orient ; les Callmoucks dépendans de l’Ajuka-Chan du côté du septentrion ; les Circasses du côté de l’occident, & la mer Caspienne les borne vers le midi.


Les Tartares Nogais sont à-peu-près faits comme ceux de Daghestan, excepté que pour surcroit de difformité, ils ont le visage ridé comme une vieille femme. Ils logent sous de petites huttes, & campent pendant l’été dans les endroits où ils trouvent les meilleurs pâturages. Ils vivent de la chasse, de la pêche & de leur bétail. Quelques-uns même s’attachent à l’agriculture. Ils sont maintenant soumis à la Russie, mais sans être sujets à d’autre contribution que celle de prendre les armes toutes les fois que l’empereur de Russie le demande ; & c’est ce qu’ils font avec plaisir, parce qu’ils ont les mêmes inclinations que tous les autres tartares mahométans, c’est-à-dire d’être fort âpres au butin. Ils peuvent armer jusqu’à vingt mille hommes, & ne vont à la guerre qu’à cheval.


Les Tartares Télangouts habitent aux environs du lac que les Russes appellent Osero-téleskoi, & d’où la grande riviere Obi prend sa source. Ils sont sujets du Coutaisch, & menent à-peu-près la même vie que les autres callmoucks.


Les Tartares Tongous ou Tunguses, sont soumis à l’empire russien. Ces peuples occupent à-présent une grande partie de la Sibérie orientale, & sont divisés par les Russes en quatre branches principales, savoir :


1°. Les Podkamena-Toungousi, qui habitent entre la riviere de Jéniséa & celle de Léna, au nord de la riviere d’Angara. 2°. Les Sabatski-Toungousi, qui habitent entre la Léna, & le fond du golfe de Kamtzchatka, vers les 60 degrés de latitude au nord de la riviere d’Aldan. 3°. Les Olenni-Toungousi, qui habitent vers les sources de la Léna, & de la riviere d’Aldan, au nord de la riviere d’Amur. 4°. Les Conni-Toungousi, qui habitent entre le lac Baikal & la ville de Nerzinskoi, & le long de la riviere d’Amur.


Il n’est pas difficile d’appercevoir que ces peuples​sont issus d’un même sang avec tous les autres tartares, parce qu’ils ont à-peu-près les mêmes inclinations & la même physionomie ; cependant ils ne sont pas tout-à-fait si basannés & si laids que les Callmoucks, ayant les yeux beaucoup plus ouverts, & le nez moins écrasé que ne les ont ces derniers. Ils sont pour la plûpart d’une taille haute & robuste, & sont généralement plus actifs que les autres peuples de la Sibérie.


Les Podkamena-Toungousi & les Sabatski-Toungousi ne different guere en leur maniere de vivre des Ostiakes & des Samoyedes leurs voisins. Ils portent en hiver des habits de peaux de cerfs ou de rennes, le poil en dehors, & des culottes, bas & souliers de ces mêmes peaux tout d’une piece. Ils vivent en été de la pêche, & dans l’hiver de la chasse. Ils n’ont point d’autres prêtres que quelques schammans, qu’ils consultent plutôt comme des sorciers, que comme des prêtres.


Les Olenni-Toungousi vivent pareillement de la chasse & de la pêche ; mais ils nourrissent en même tems des bestiaux, & s’habillent tant en été qu’en hiver de peaux de brebis, ou de jeunes daims ; ils se servent de bonnets de peaux de renards qu’ils peuvent abattre à l’entour du cou lorsqu’il fait bien froid.


Les Conni-Toungousi sont les moins barbares de tous ces peuples ; ils se nourrissent quasi tous de leur bétail, & s’habillent à-peu-près comme les Moungales, auxquels ils ressemblent beaucoup en toutes choses. Ils coupent leurs cheveux à la façon des Callmoucks & des Moungales, & se servent des mêmes armes qu’eux ; ils ne cultivent point de terres ; mais au-lieu de pain, ils se servent des oignons de lis jaunes qui croissent en grande quantité en ces quartiers, dont ils font une sorte de farine après les avoir séchés ; & de cette farine ils préparent une bouillie qu’ils trouvent délicieuse : ils mangent aussi bien souvent les oignons lorsqu’ils sont séchés, sans en faire de la farine ; ils sont bons hommes de cheval, & leurs femmes & leurs filles montent également à cheval, & ne sortent jamais sans être armées.


Tous les Toungouses en général sont braves & robustes ; ils habitent des huttes ou maisons mouvantes ; leur religion est à-peu-près la même par-tout, & ils prennent autant de femmes qu’ils en peuvent entretenir. Il n’y a qu’un petit nombre de conni-toungousi qui obéissent à la Chine ; le reste de ce peuple est sous l’obéissance de la Russie, qui en tire les plus belles pelleteries de la Sibérie.


Les Tartares Usbecks habitent la grande Bucharie & le pays de Charass’m. La grande Bucharie est une vaste province de la grande Tartarie, & elle renferme les royaumes de Balk, de Samarcande & de Boikkahrah. Les Usbecks de la grande Bucharie viennent camper ordinairement aux environs de la riviere d’Amur, & dans les autres endroits où ils peuvent trouver de bons pâturages pour leur bétail, en attendant des occasions favorables de brigandage. Ils font des courses sur les terres voisines des Persans, ainsi que les Usbecks du pays de Charass’m ; & il n’y a ni paix, ni treve qui puisse les empêcher de piller, parce que les esclaves & autres effets de prix qu’ils ravissent, font toute leur richesse. Lorsque leurs forces sont réunies, ils peuvent armer une quarantaine de mille hommes d’assez bonne cavalerie.


Tous les Tartares tirent leur nom d’un des fils d’Alanza-Cham, appellé Tatar, qui le donna à sa tribu, d’où il a passé aux alliés de cette tribu, & ensuite à toutes les branches des peuples barbares de l’Asie, qui butinoient sur leurs voisins, tant en tems de paix qu’en tems de guerre ; cependant ils ont porté le nom de turcs, jusqu’à ce que Genghis-Chan les ayant rangés sous son joug, le nom de turcs est insensiblement venu à se perdre, & a fait place à celui de tartares,​ sous lequel nous les connoissons à-présent. Quand Genghis-Chan eut envahi l’Asie méridionale, & qu’on eut conçu que ce prince des Mogoules étoit en même tems le souverain des Tartares, on choisit de donner à tous les peuples de ces quartiers le nom de Tartares qu’on connoissoit, par préférence à celui de Mogoules dont on n’avoit jamais entendu parler.


Les Tartares tant mahométans que Callmoucks Moungales, prennent autant de femmes légitimes qu’ils veulent, ainsi qu’un grand nombre de concubines, qu’ils choisissent d’ordinaire parmi leurs esclaves ; mais les enfans qui naissent des unes & des autres sont également légitimes & habiles à hériter de leurs peres.


Tous les Tartares sont accoutumés de tirer la même nourriture des chevaux que nous tirons des vaches & des bœufs ; car ils ne mangent communément que de la chair de cheval & de brebis, rarement de celle de bœuf ou de vache, qu’ils n’estiment pas à beaucoup près si bonne. Le lait de jument leur sert aux mêmes usages qu’à nous le lait de vache, & on assure que le lait de jument est meilleur & plus gras. Outre cela, il est bon de remarquer que presque dans toute la Tartarie, les vaches ne souffrent point qu’on les traye ; elles nourrissent à la vérité leurs veaux, mais d’abord qu’on les leur ôte, elles ne se laissent plus approcher, & perdent incessamment leur lait, en sorte que c’est une espece de nécessité qui a introduit l’usage du lait de jument chez les Tartares.


Ils ont une maniere singuliere de combattre, dans laquelle ils font fort habiles. En allant à l’action, ils se partagent sans aucun rang, en autant de troupes qu’il y a d’hordes particulieres qui composent leur armée, & chaque troupe a son chef à la tête. Ils ne se battent qu’à cheval, & tirent leurs fleches en fuyant avec autant d’adresse qu’en avançant ; en sorte qu’ils trouvent toujours leur compte à harceler les ennemis de loin, en quoi la vîtesse de leurs chevaux leur est d’un grand secours.


Ils ont tous une exacte connoissance des aimacks ou tribus dont ils sont sortis, & ils en conservent soigneusement la mémoire de génération en génération. Quoique par la suite du tems une telle tribu vienne à se partager en diverses branches, ils ne laissent pas pour cela de compter toujours ces branches pour être d’une telle tribu ; en sorte qu’on ne trouvera jamais aucun tartare, quelque grossier qu’il puisse être d’ailleurs, qui ne sache précisément de quelle tribu il est issu.


Chaque tribu ou chaque branche séparée d’une tribu, a son chef particulier pris dans la tribu même, qui porte le nom de mursa ; & c’est proprement une espece de majorat qui doit tomber d’aîné en aîné dans la postérité du premier fondateur d’une telle tribu, à moins que quelque cause violente ne trouble cet ordre de succession. Un tel mursa doit avoir annuellement la dixme de tous les bestiaux de ceux de sa tribu, & la dixme du butin que sa tribu peut faire lorsqu’elle va à la guerre.


Les familles qui composent une tribu, campent d’ordinaire ensemble, & ne s’éloignent pas du gros de l’horde sans en faire part à leur mursa, afin qu’il puisse savoir où les prendre lorsqu’il veut les rappeller. Ces murses ne sont considérables à leur chan, qu’à proportion que leurs tribus sont nombreuses ; & les chans ne sont redoutables à leurs voisins, qu’autant qu’ils ont beaucoup de tribus, & des tribus composées d’un grand nombre de familles sous leur obéissance. C’est en quoi consiste toute la puissance, la grandeur & la richesse d’un chan des Tartares.


C’est une coutume qui a été de tout tems en usage chez les Tartares, que d’adopter le nom du prince, pour lui marquer leur affection ; j’en citerai pour preuve le nom de Moguls ou Mungales, & celui de​Tartars, que cette partie de la nation turque qui obéissoit à Mogull, ou Mungul-Chan, & à son frere Tartar-Chan, prit anciennement. C’est aussi la véritable dérivation du nom d’Usbecks que les Tartares de la grande Bucharie & du pays de Charassin, portent en mémoire d’Usbeck-Chan. Les Mungales de l’est ont adopté le nom de Mansueurs, de Mœnsueu-Chan, empereur de la Chine. Semblablement les Callmoucks-Dsongari, sujets de Contaisch, ou grand chan des Callmoucks, ont pris le nom de Contaischi, pour témoigner leur attachement à ce souverain.


Tous les Tartares, même ceux qui ont des habitations fixes, emportent avec eux dans leurs voyages, leurs effets de prix, non-seulement quand ils changent de demeure, mais même en allant à la guerre. De-là vient que lorsqu’il leur arrive de perdre une bataille, une partie de leur bagage reste ordinairement en proie au vainqueur ; mais ils sont en quelque maniere nécessités d’emporter leurs effets avec eux, parce qu’ils laisseroient autrement leurs biens & leurs familles en proie aux autres Tartares leurs voisins, qui ne manqueroient pas de profiter de leur absence pour les enlever.


On remarque que presque tous les Tartares conservent non-seulement les mêmes usages en général, mais aussi la même façon de bâtir leurs cabanes ; car soit qu’ils habitent dans des huttes, ou qu’ils aient des demeures fixes, ils laissent toujours une ouverture au milieu du toît, qui leur sert de fenêtre & de cheminée. Toutes leurs habitations, soit fixes soit mouvantes, ont leurs portes tournées au midi, pour être à l’abri des vents du nord, qui sont fort pénétrans dans la grande Tartarie.


Les Tartares devroient être libres, & cependant ils se trouvent tous dans l’esclavage politique. L’auteur de l’esprit des lois en donne d’excellentes raisons, que personne n’avoit développées avant lui.


Les Tartares, dit ce beau génie, n’ont point de villes, ils n’ont point de forêts ; leurs rivieres sont presque toujours glacées ; ils habitent une immense plaine ; ils ont des pâturages & des troupeaux, & par conséquent des biens : mais ils n’ont aucune espece de retraite, ni de défense. Sitôt qu’un kan est vaincu, on lui coupe la tête, & ses sujets appartiennent au vainqueur : on ne les condamne pas à un esclavage civil, ils seroient à charge à une nation qui n’a point de terres à cultiver, & n’a besoin d’aucun service domestique ; ils augmentent donc la nation ; mais au-lieu de l’esclavage civil, on conçoit que l’esclavage politique a dû s’introduire.


En effet, dans un pays où les diverses hordes se font continuellement la guerre, & se conquiérent sans cesse les unes les autres ; dans un pays où par la mort du chef, le corps politique de chaque horde vaincue est toujours détruit, la nation en général ne peut guere être libre : car il n’y en a pas une seule partie, qui ne doive avoir été un très-grand nombre de fois subjuguée.


Les peuples vaincus peuvent conserver quelque liberté, lorsque par la force de leur situation, ils sont en état de faire des traités après leur défaite : mais les Tartares, toujours sans défense, vaincus une fois, n’ont jamais pu faire des conditions.


D’ailleurs, le peuple Tartare en conquérant le midi de l’Asie, & formant des empires, doit demeurer dans l’esclavage politique, parce que la partie de la nation qui reste dans le pays, se trouve soumise à un grand maître qui, despotique dans le midi, veut encore l’être dans le nord ; & avec un pouvoir arbitraire sur les sujets conquis, le prétend encore sur les sujets conquérans. Cela se voit bien aujourd’hui dans ce vaste pays qu’on appelle la Tartarie chinoise, que l’empereur gouverne presque aussi despotiquement que la Chine même.​


Souvent une partie de la nation Tartare qui a conquis, est chassée elle-même, & elle rapporte dans ses déserts un esprit de servitude, qu’elle a acquis dans le climat de l’esclavage. L’histoire de la Chine nous en fournit des exemples, & notre histoire ancienne aussi. Les Tartares détruisant l’empire grec, établirent dans les pays conquis, la servitude & le despotisme. Les Goths, conquérant l’empire romain, fonderent la monarchie & la liberté.


A moins que toute la grande. Tartarie ne soit entre les mains d’un seul prince, comme elle l’étoit du tems de Genghis-Chan, il est impossible que le commerce y fleurisse jamais : car maintenant que ce pays est partagé entre plusieurs princes, quelque porté que puisse être l’un ou l’autre d’entr’eux à favoriser le commerce, il ne peut y parvenir si ses voisins se trouvent dans des sentimens opposés. Il n’y a même que du côté de la Sibérie, de la Chine, & des Indes, où les marchands peuvent aborder d’ordinaire en toute liberté, parce que les Callmoucks & Moungales négocient paisiblement avec les sujets des états voisins, qui ne leur font pas la guerre.


Disons un mot du droit des gens des Tartares. Ils paroissent entr’eux doux & humains, & ils sont des conquérans très-cruels : ils passent au fil de l’épée les habitans des villes qu’ils prennent ; ils croient leur faire grace lorsqu’ils les vendent, ou les distribuent à leurs soldats. Ils ont détruit l’Asie depuis les Indes jusqu’à la Méditerranée ; tout le pays qui forme l’orient de la Perse, en est resté désert. Voici ce qui paroît avoir produit un pareil droit des gens.


Ces peuples n’avoient point de villes ; toutes leurs guerres se faisoient avec promptitude & avec impétuosité ; quand ils esperoient de vaincre, ils combattoient ; ils augmentoient l’armée des plus forts, quand ils ne l’esperoient pas. Avec de pareilles coutumes, ils trouvoient qu’il étoit contre leur droit des gens, qu’une ville qui ne pouvoit leur résister, les arrêtât : ils ne regardoient pas les villes comme une assemblée d’habitans, mais comme des lieux propres à se soustraire à leur puissance. Ils n’avoient aucun art pour les assiéger, & ils s’exposoient beaucoup en les assiégeant ; ils vengeoient par le sang tout celui qu’ils venoient de répandre.


L’idée naturelle aux peuples policés qui cultivent les terres, & qui habitent dans des maisons, a été de bâtir à Dieu une maison où ils pussent l’adorer ; mais les peuples qui n’ont pas de maisons eux-mêmes, n’ont point songé à bâtir un temple à la divinité. C’est ce qui fit que Genghis-Chan marqua le plus grand mépris pour les mosquées, ne pouvant comprendre qu’il fallût adorer Dieu dans un bâtiment couvert. Comme les Tartares n’habitent point de maisons, ils n’élevent point de temples.


Les peuples qui n’ont point de temples, ont un léger attachement à leur religion. Voilà pourquoi les Tartares se font peu de peine de passer du paganisme au mahométisme, ou à la religion grecque. Voilà pourquoi les Japonois, qui tirent leur origine des Tartares, permirent de prêcher dans leur pays la religion chrétienne. Voilà pourquoi les peuples barbares, qui conquirent l’empire romain, ne balancerent pas un moment à embrasser le christianisme. Voilà pourquoi les Sauvages de l’Amérique sont si peu attachés à leur propre religion ; enfin, voilà pourquoi, depuis que nos missionnaires leur ont fait bâtir au Paraguai des églises, ils sont devenus zelés pour la nôtre.


Mais l’immensité des pays conquis par les Tartares, étonne, & confond notre imagination. Il est humiliant pour la nature humaine, que ces peuples barbares ayent subjugué presque tout notre hémisphère, jusqu’au mont Atlas. Ce peuple, si vilain de figure, est le dominateur de l’univers : il est également​le fondateur & le destructeur des empires. Dans tous les tems, il a donné sur la terre des marques de sa puissance : dans tous les âges il a été le fleau des nations. Les Tartares dominent sur les vastes pays qui forment l’empire du Mogol : maîtres de la Perse, ils vinrent s’asseoir sur le trône de Cyrus, & d’Hystaspes : & pour parler de tems moins reculés, c’est d’eux que sont sortis la plûpart des peuples qui renverserent l’empire romain, s’emparerent de l’Espagne, & de ce que les Romains possedoient en Afrique.


On les vit ensuite assujettir les califes de Babylonne. Mahmoud, qui sur la fin du onzieme siecle, conquit la Perse & l’Inde, étoit un Tartare. Il n’est presque connu aujourd’hui des peuples occidentaux, que par la réponse d’une pauvre femme qui lui demanda justice dans les Indes, du meurtre de son fils, commis dans l’Iraque persienne. Comment voulez-vous que je rende justice de si loin, dit le sultan ? Pourquoi donc nous avez-vous conquis, ne pouvant nous gouverner, répondit la même mere ?


Les Tartares moungales, ou mongoules, ont conquis deux fois la Chine, & la tiennent encore sous leur obéissance. Voici comme l’auteur de l’essai sur l’histoire a peint cette étrange révolution, arrivée au treizieme siecle, c’est un morceau très-intéressant.


Gassar-chan, ayeul de Genghis-chan, se trouvant à la tête des tribus mongoules, plus aguerries & mieux armées que les autres, força plusieurs de ses voisins à devenir ses vassaux, & fonda une espece de monarchie parmi des peuples errans. Son fils affermit cette domination naissante, & Genghis-chan son petit fils, l’étendit dans la plus grande partie de la terre connue.


Après avoir vaincu un rival de gloire, qui possedoit un puissant état entre les siens & ceux de la Chine, il se fit élire souverain des chans tartares, sous le nom de Genghis-chan, qui signifie le grand chan. Revêtu de cette suprème dignité, il établit dans ses troupes la plus belle discipline militaire, & entre autres lois, il en porta une toute nouvelle qui devoit faire des héros de ses soldats. Il ordonna la peine de mort contre ceux qui dans le combat, appellés au secours de leurs camarades, fuiroient au-lieu de les défendre. En même tems il mit en œuvre un ressort qu’on a vu quelquefois employé dans l’histoire. Un prophete prédit à Genghis-chan, qu’il seroit roi de l’univers, & les vassaux du grand chan s’encouragerent à remplir la prédiction. Bientôt maître de tous les pays qui sont entre le Wolga & la muraille de la Chine, il attaqua cet ancien empire qu’on appelloit alors le Catai ; prit Cambalu, que nous nommons aujourd’hui Peking, soumit tout, jusqu’au fond de la Corée, & prouva qu’il n’y a point de grand conquérant qui ne soit grand politique.


Un conquérant est un homme dont la tête se sert, avec une habileté heureuse du bras d’autrui ; Genghis gouvernoit si adroitement la partie de la Chine qu’il avoit conquise, qu’elle ne se révolta point pendant qu’il couroit à d’autres triomphes ; & il sçut si bien régner dans sa famille, que ses quatre fils, qu’il fit ses quatre lieutenans généraux, mirent leur jalousie à le bien servir, & furent les instrumens de ses victoires.


Mohammed Kotbeddin Kouaresm-Schah, maître de Turkestan & de presque toute la Perse, marcha contre Genghis, avec quatre cens mille combattans. Ce fut au-delà du fleuve Iaxartes, près de la ville Otrar, capitale du Turkestan, & dans les plaines immenses qui sont par-delà cette ville, au 43 degré de latitude, que l’armée de Mohammed rencontra l’armée tartare, forte de sept cens mille hommes, commandée par Genghis, & par ses quatre fils : les mahométans furent taillés en pieces, & la ville d’Otrar fut prise.​


De ces pays qui sont vers la Transoxane, le vainqueur s’avance à Bokharah, capitale des états de Mohammed, ville célebre dans toute l’Asie, & qu’il avoit enlevée aux Samanides, ainsi que Samarcande, l’an de J. C. 1197. Genghis s’en rendit maître l’an 1220. de J. C. Par cette nouvelle conquête, les contrées à l’orient & au midi de la mer Caspienne, furent soumises, & le sultan Mohammed, fugitif de provinces en provinces, traînant après lui ses trésors & son infortune, mourut abandonné des siens.


Genghis pénétra jusqu’au fleuve de l’Inde, & tandis qu’une de ses armées soumettoit l’Indostan, une autre, sous un de ses fils, subjugua toutes les provinces qui sont au midi & à l’occident de la mer Caspienne, le Corassan, l’Irak, le Shirvan & l’Aran ; elle passa les portes de fer, près desquelles la ville de Derbent fut bâtie, dit-on, par Alexandre. C’est l’unique passage de ce côté de la haute Asie, à travers les montagnes escarpées du Caucase. De-là, marchant le long du Volga vers Moscow, cette armée par-tout victorieuse ravagea la Russie. C’étoit prendre ou tuer des bestiaux & des esclaves ; chargée de ce butin, elle repassa le Volga, & retourna vers Genghis-chan, par le nord-est de la mer Caspienne. Aucun voyageur n’avoit fait, dit-on, le tour de cette mer ; & ces troupes furent les premieres qui entreprirent une telle course par des pays incultes, impraticables à d’autres hommes qu’à des Tartares, auxquels il ne falloit ni provisions ni bagages, & qui se nourrissoient de la chair de leurs chevaux.


Ainsi, dans la moitié de la Chine, & la moitié de l’Indoustan, presque toute la Perse jusqu’à l’Euphrate, les frontieres de la Russie, Casan, Astracan, toute la grande Tartarie, furent subjugués par Genghis, en près de dix-huit années. En revenant des Indes par la Perse & par l’ancienne Sogdiane, il s’arrêta dans la ville de Toncat, au nord-est du fleuve Jaxarte, comme au centre de son vaste empire. Ses fils victorieux, les généraux, & tous les princes tributaires, lui apporterent les trésors de l’Asie. Il en fit des largesses à ses soldats, qui ne connurent que par lui, cette espece d’abondance. C’est de-là que les Russes trouvent souvent des ornemens d’argent & d’or, & des monumens de luxe enterrés dans les pays sauvages de la Tartarie. C’est tout ce qui reste de tant de déprédations.


Genghis tint dans les plaines de Toncat une cour triomphale, aussi magnifique qu’avoit été guerriere celle qui autrefois lui prépara tant de triomphes. On y vit un mélange de barbarie tartare, & de luxe asiatique ; tous les chans & leurs vassaux, compagnons de ses victoires, étoient sur ces anciens chariots scythes, dont l’usage subsiste encore jusque chez les Tartares de la Crimée ; mais les chars étoient couverts des étoffes précieuses, de l’or, & des pierreries de tant de peuples vaincus. Un des fils de Genghis, lui fit dans cette diete, un présent de cent mille chevaux. Ce fut ici qu’il reçut les adorations de plus de cinq cens ambassadeurs des pays conquis.


De-là, il courut à Tangut royaume d’Asie, dans la Tartarie chinoise, pour remettre sous le joug ses habitans rébelles. Il se proposoit, âgé d’environ 70 ans, d’achever la conquête du grand royaume de la Chine, l’objet le plus chéri de son ambition ; mais une maladie l’enleva dans son camp en 1226, lorsqu’il étoit sur la route de cet empire, à quelques lieues de la grande muraille.


Jamais ni avant, ni après lui, aucun homme n’a subjugué tant de peuples. Il avoit conquis plus de dix-huit cens lieues de l’orient au couchant, & plus de mille du septentrion au midi. Mais dans ses conquêtes, il ne fit que détruire ; & si on excepte Bozharah, & deux ou trois autres villes dont il permit qu’on réparât les ruines, son empire de la frontiere​de Russie jusqu’à celle de la Chine, fit une dévastation.


Si nous songeons que Tamerlan qui subjugua depuis une si grande partie de l’Asie, étoit un tartare, & même de la race de Genghis ; si nous nous rappellons qu’Usson-Cassam qui régna en Perse, étoit aussi né dans la Tartarie ; si nous nous souvenons qu’Attila descendoit des mêmes peuples ; enfin, si nous considérons que les Ottomans sont partis du bord oriental de la mer Caspienne, pour mettre sous le joug l’Asie mineure, l’Arabie, l’Egypte, Constantinople, & la Grece : tout cela nous prouvera, que les Tartares ont conquis presque toute la terre.


Les courses continuelles de ces peuples barbares, qui regardoient les villes comme les prisons des esclaves des rois ; leur vie nécessairement frugale ; peu de repos goûté en passant sous une tente, ou sur un chariot, ou sur la terre, en firent des générations d’hommes robustes, endurcis à la fatigue, qui n’ayant rien à perdre, & tout à gagner, se porterent loin de leurs cabanes, tantôt vers le Palus Méotide, lorsqu’ils chasserent au cinquieme siecle les habitans de ces contrées, qui se précipiterent sur l’empire romain ; tantôt à l’orient & au midi, vers l’Arménie & la Perse ; tantôt enfin, du côté de la Chine, & jusqu’aux Indes. Ainsi ce vaste réservoir d’hommes ignorans, forts, & belliqueux, a vomi ses inondations dans presque tout notre hémisphere : & les peuples qui habitent aujourd’hui leurs déserts, privés de toutes connoissances, savent seulement que leurs peres ont conquis le monde.


Mais depuis que les Tartares de l’orient, ayant subjugué une seconde fois la Chine dans le dernier siecle, n’ont fait qu’un état de la Chine, & de la Tartarie orientale : depuis que l’empire ottoman s’est abâtardi dans la mollesse & l’oisiveté ; depuis que l’empire de Russie s’est étendu, fortifié, & civilisé ; depuis enfin que la terre est hérissée de remparts bordés d’artillerie, les grandes émigrations de tels peuples ne sont plus à craindre ; les nations polies sont à couvert des irruptions de ces nations barbares. Toute la Tartarie, excepté la Chine, ne renferme plus que des hordes misérables, qui seroient trop heureuses d’être conquises à leur tour, s’il ne valoit pas encore mieux être libre que civilisé. Toutes ces réfléxions par lesquelles je finis, sont de M. de Voltaire.


J’ai parlé des Tartares avec un peu d’étendue & de recherches, parce que c’est le peuple le plus singulier de l’univers. J’ai mis du choix dans mon extrait, parce que cet ouvrage le requiert nécessairement, & parce que les curieux trouveront tous les détails qu’ils peuvent desirer dans l’histoire des Tartares, imprimée à Paris en 1758, en 5 vol. in-4°. Ce livre de M. de Guignes est excellent, & mérite d’orner toutes les bibliotheques, où l’on rassemble l’histoire des nations. (Le chevalier de Jaucourt.)​","[['40 N 110 E', '50 N 150 E']]",,40 N 110 E 50 N 150 E,57 N 52 30' E | 43 20' N | 46 15' N | 40 N 110 E | 50 N 150 E | 134 E | 60 N | 43 N
v15-3260-0,TAYOVAN ou TAYVAN,"TAYOVAN ou TAYVAN, (Géog. mod.)​ petite île de la Chine, sur la côte occidentale de l’île Formose : ce n’est proprement qu’un banc de sable aride de près d’une lieue de longueur, & d’un mille de large ; mais ce banc est fameux dans les relations des voyageurs, parce que les Hollandois s’en rendirent maîtres & y bâtirent une forteresse qu’ils nommerent le fort de Zélande. Les Chinois s’en emparerent en 1662. & y tiennent une garnison. Le havre de Tayovan est très-commode, parce qu’on y peut aborder en toutes saisons. Lat. 22. 23. (D. J.)​","[[""22 23' N""]]",,22 23' N,22 23' N
v16-46-0,TEGAZA ou TEGAZEL,"TEGAZA ou TEGAZEL, pays d’Afrique, dans la province de Soudan, au levant du royaume de Sénéga. C’est un desert de la Lybie, plein de mine de sel. On n’y trouve qu’une seule ville de même nom, située entre les montagnes de sel, & les habitations des Oulets arabes. Lat. 21. 36.","[[""21 36' N""]]",,21 36' N,21 36' N
v16-204-2,Ténédos,"Ténédos, (Géog. mod.)​ cette île de l’Archipel dans l’Anatolie, (dont on peut lire l’article par rapport à l’ancienne géographie), n’a pas changé de nom depuis la guerre de Troye ; mais il n’y reste plus aucune marque d’antiquité. Elle est située sur la côte de la province Aiden-Zic, ou petite Aidine. La ville de son nom, bâtie sur la côte orientale, est toute ouverte & assez grande ; ses maisons s’étendent au bas de la colline, & sur le bord de la mer, comme on peut le voir par le plan qu’en a donné Tournefort dans ses voyages ; son port est très-bon, & capable de contenir de grandes flottes ; mais il n’est défendu que par une tour, avec un boulevart garni de quelques canons ; la ville de Ténédos est assez bien peuplée de Turcs & de Grecs, sur-tout des derniers ; elle est vis-à-vis l’entrée du détroit des Dardanelles, à l’éloignement de dix-huit milles : il y avoit anciennement près de cette ville un tombeau célebre, dédié à Neptune ; c’est apparemment Ténès qui fit cette consécration, en reconnoissance du bonheur qu’il eut d’être abordé heureusement avec sa sœur Hémithée, sur les bords de l’île de Ténédos. Latit. 39. 50. (D. J.)​","[[""39 50' N""]]",,39 50' N,39 50' N
v16-342-50,"Terre de la Compagnie, la","Terre de la Compagnie, la, (Géog. mod.)​ île située à l’entrée d’un golfe, qui entre dans la terre de Kamschatka, dont il fait une presqu’île. Elle a été découverte par les Hollandois en cherchant un passage du Japon à la mer du Nord. Ils lui donnerent ce nom pour l’approprier à leur compagnie des Indes orientales. Elle est entre le 45 & le 52 degré de latitude, au 175 de longitude pour la partie occidentale. (D. J.)​","[['45 N 175 E', '52 N 175 E']]",,45 N 175 E 52 N 175 E,45 N 175 O | 52 N 175 O
v16-342-51,Terre des Etats,"Terre des Etats, (Géog. mod.)​ île de la mer du Sud. Elle fut découverte par Jacques le Maire en 1616 ; elle est située à l’orient de celle de Feu, dont elle n’est séparée que par le détroit de le Maire ; elle est entre le 37 & le 40 degré de latitude méridionale. (D. J.)​","[['37 S', '40 S']]",,37 S 40 S,37 S | 40 S
v16-902-3,"Tigre, le","Tigre, le, (Géog. anc.)​ Tigris, grand fleuve d’Asie, qui prend sa source dans les montagnes de la grande Arménie, & se jette dans le golfe Persique. Moïse l’appelle Chidkeli, genes. xj. 14. les anciens le nommoient Diglito ; & encore aujourd’hui, il est appellé Tegil ou Tigil.


Josephe, le paraphraste chaldéen, les traducteurs arabes & persans, le nomment Diglat. Pline, l. VI. c. xxvij. dit qu’il prend sa source dans la grande Arménie, au milieu d’une campagne nommée Elégosine. Il entre dans le lac Aréthuse, & coule au-travers sans y mêler ses eaux. Après cela, il remonte le mont Taurus, rentre dans la terre, passe sous la montagne, & va reparoître de l’autre côté ; une preuve, ajoute-t-il, que ce n’est pas un nouveau fleuve qui sort au delà de la montagne, c’est qu’il rend à sa sor-​tie ce qu’on y avoit jetté à l’entrée de la caverne.


Ptolomée met aussi la source du Tigre au milieu de l’Arménie au trente-neuvieme degré, & un tiers de latitude ; mais Strabon. l. XI. p. 339. semble avoir pris pour la source du Tigre la sortie du mont Taurus ; le Tigre à l’orient, & l’Euphrate au couchant, bordent la Mésopotamie qui est entre deux. Après avoir parcouru beaucoup de pays du septentrion au midi, ces deux fameux fleuves se dégorgent dans le golfe persique. Aujourd’hui ils y tombent par un canal commun, mais autrefois ils y tomboient séparément. L’embouchure de ce fleuve est nommée Pastigris par Strabon, & par Arrien.


Le Tigre est dépeint avec l’Euphrate, dans une médaille de Trajan, où ce fleuve est dit vaincu. L’empereur est représenté debout entre les deux fleuves, avec la figure d’un arménien à ses piés, & à côté du Tigre, qui, comme nous l’avons dit, prend sa source dans les montagnes de la grande Arménie. L’inscription de cette médaille est : Armenia & Mesopotamia in potestatem populi Romani redactæ. (D. J.)​","[[""39 20' N""]]",,39 20' N,39 1/3 N
v16-1158-0,TODMA,"TODMA, (Géog. mod.)​ ville du duché de Moscovie, au confluent des rivieres de Suchana & de Todma, à cent werstes de Wologda. Latit. septent. 60. 14. (D. J.)​","[[""60 14' N""]]",,60 14' N,60 14' N
v16-1423-0,TOULOUSE,"TOULOUSE, (Géog. mod.)​ ville de France dans le haut Languedoc, dont elle est la capitale, comme de toute la province de Languedoc. Cette ville, située sur le bord oriental de la Garonne, dans le pays des Tectosages, est une des plus anciennes des Gaules, puisque Trogue Pompée & plusieurs autres auteurs assûrent qu’elle étoit la patrie des Tectosages, qui ravagerent la Grece du tems de Brennus, près de 280 ans avant J. C. Elle est nommée Tolosa par César, lib. I. bell. gal. c. x. Tolosa colonia ; par Ptolomée, l. II. c. xx. urbs Tolosatium par Sidonius Apollinaris, l. IV. epist. xvij. & civitas Tolosatium, dans la notice de la Gaule. C’étoit une ville d’une grande étendue, & divisée en cinq parties, suivant ce vers d’Ausone, epist. xxiij. v. 83.



Quincuplicem socias tibi Martic Narbo Tolosam.


On lui donna l’épithete de Palladia, soit à cause du culte que les habitans rendoient à Pallas, soit à cause des oliviers qui sont l’arbre de cette déesse, & qui croissent en quantité dans le territoire de cette ville ; soit enfin à cause du goût que ses habitans avoient pour les sciences, selon ce distique de Martial, l. IX. epigram. 101.



Marcus Palladiæ non inficianda Tolosæ
Gloria, quam genuit pacis alumna quies.


Le premier vers de cette épigramme fait voir que Martial entend parler de l’étude des Belles-Lettres.



Marcus amat nostras Antonius, Attice, musas.


Toulouse étoit encore considérable par sa magnificence ; car il y avoit un capitole. On y voyoit aussi un temple dans le voisinage, fameux par ses richesses​auxquelles personne n’osoit toucher. Justin & quelques autres historiens ont dit que les Tectosages pillerent le trésor du temple de Delphes ; & que pour appaiser la colere d’Apollon qui les désoloit par une cruelle peste, ils jetterent ce trésor dans le lac de Toulouse.


Cette ville fut prise sur les mêmes Tectosages par Servilius Cæpion, l’an 648 de la fondation de Rome, 106 ans avant l’ere chrétienne. Ce consul y fit un grand butin, & enleva le trésor du temple d’Apollon. Les historiens assûrent que Cæpion finit ses jours malheureusement, ainsi que tous ceux qui avoient eu part à son sacrilége : c’est de-là qu’est venu le proverbe aurum tolosanum, de l’or funeste.


Ce temple d’Apollon, qui étoit à Toulouse, a fait confondre, même dans l’antiquité, cet or de Toulouse avec celui du temple de Delphes ; & quelques-uns se sont imaginés que Brennus, général des Gaulois, ayant pillé le temple de Delphes, les Gaulois, & sur-tout les Tectosages, avoient remporté leur butin dans leur pays. Strabon a réfuté ce conte, d’autant mieux que le temple de Delphes avoit été pillé par les Phocéens, avant la venue des Gaulois, lesquels, bien loin de prendre la ville de Delphes, & de pouvoir piller son temple, furent repoussés avec perte, & périrent tous les uns après les autres.


Quoique Toulouse fût une des villes célebres de l’empire romain, néanmoins elle ne fut jamais métropole ou capitale de province sous les empereurs. Ce fut sous les rois Visigoths, qui y établirent leur résidence, qu’elle devint une ville royale, reconnoissant toutefois pour métropole ecclésiastique Narbonne, dont elle n’a été soustraite que l’an 1317 par Jean XXII. Ce pape divisa le grand diocèse de Toulouse en plusieurs, où il mit des évêques, leur donnant pour métropolitain le cardinal Jean Raymond de Comminges, qui fut le premier archevêque de Toulouse.


A l’égard de la jurisdiction temporelle, après avoir été entre les mains des officiers de l’empire romain, elle fut assujettie aux Visigoths, lorsque le roi Ataulphe s’établit dans les Gaules, au commencement du cinquieme siecle.


Cent ans après ou environ, Clovis ayant défait Alaric, s’empara de Toulouse, & laissa cette ville à ses successeurs, qui la gouvernerent par des officiers qu’on nommoit comtes. Dagobert la donna l’an 628 à son frere le roi Aribert, qui y établit sa résidence : mais ce prince ayant à peine régné trois ans, mourut, & son état revint sous la domination de Dagobert, qui laissa la ville de Toulouse à son fils Clovis II. roi de Neustrie.


Les princes mérovingiens en ont toujours été les maîtres jusqu’au commencement du huitieme siecle. Ce fut pour lors que le duc Eudes, qui se rendit absolu dans l’Aquitaine, s’empara de Toulouse, qu’il défendit contre les Sarrasins l’an 721. Onze ans après ils la prirent, & la saccagerent avec Bordeaux & la plûpart des villes d’Aquitaine qu’ils ne conserverent point, parce qu’ils furent défaits près de Poitiers par Charles-Martel, maire du palais : ainsi Eudes jouit comme auparavant de l’Aquitaine, & laissa cet état à son fils Hunaud, à qui son fils Gaifre succéda. Le roi Pépin, fils de Charles Martel, fit une cruelle guerre à Gaifre, qui perdit enfin ses états & la vie.


Pépin s’empara l’an 767 de la ville de Toulouse, que lui & ses successeurs gouvernerent par des comtes qui n’étoient que de simples officiers, jusqu’au tems de Charles le Simple, qui fut déposé & mis en prison où il mourut. Ce fut sur la fin du regne de ce prince, que Régimond ou Raymond se rendit absolu à Toulouse vers l’an 920. Il eut pour héritier son fils Raymond Pons. Ces premiers comtes de Toulouse prenoient la qualité de ducs d’Aquitaine, quoiqu’ils n’eussent qu’une petite portion d’un si grand pays,​ n’étant maitres au commencement que de l’ancien territoire de Toulouse, & n’ayant aucune autorité sur le reste de la Gothie ou Septimanie, appellée aujourd’hui le Languedoc.


Les comtes descendans du premier Raymond jouirent de cet état de pere en fils, jusqu’à Guillaume, qui vivoit dans l’onzieme siecle. Il ne laissa qu’une fille nommée Philippia, qui épousa le duc Guillaume, pere du dernier duc d’Aquitaine : elle ne succéda pas à son pere, parce que son oncle Raymond de Saint-Gilles comte de Querci, & frere de Guillaume comte de Toulouse, se trouvant le plus fort en cette ville, s’en empara. Il prit ensuite le premier le titre de duc de Narbonne, sans aucun droit, & désigna comte de Toulouse son fils Bertrand, qui mourut sans enfans l’an 1115.


Après la mort de Bertrand, Guillaume duc d’Aquitaine, soutenant les droits de sa femme, prit Toulouse ; mais il en fut dépossédé par Alfonse, fils de Raymond de S. Gilles. Le dernier Guillaume, duc d’Aquitaine, & sa fille Eléonor, hériterent des droits de Philippia, qu’Henri II. roi d’Angleterre, mari d’Eléonor, soutint contre Raymond, comte de Toulouse, fils d’Alfonse, & en demanda justice à Louis le jeune, roi de France.


Le roi Louis accorda les parties à cette condition, que la propriété du comté de Toulouse demeureroit à Raymond, qui seroit tenu d’en faire foi & hommage au roi d’Angleterre, duc de Guienne, ce qui fut exécuté.


Richard, fils du roi Henri & d’Eléonor, demanda l’hommage du comté de Toulouse ; mais cette affaire fut terminée l’an 1196, lorsque Raymond, dit le vieux, comte de Toulouse, fils d’Alfonse, ayant épousé Jeanne, fille d’Henri & d’Eléonor & sœur de Richard, ce roi céda tous ses droits sur le comté de Toulouse au comte Raymond.


Ce fut le même Raymond, qui s’étant déclaré protecteur des Albigeois, fut poursuivi par le pape Innocent III. qui donna le comté de Toulouse à Simon de Montfort, général des catholiques, du consentement de Philippe Auguste : Raymond, abandonné par le roi son seigneur féodal, reconnut un autre seigneur ou souverain, qui fut Pierre roi d’Arragon, à qui le comte fit foi & hommage. C’est-là l’origine du droit que les Aragonnois prétendoient sur le comté de Toulouse, auquel ils renoncerent par la transaction passée entre S. Louis & Jacques roi d’Aragon, l’an 1258.


Simon de Montfort ne put se maintenir dans sa conquête, de sorte que son fils Amaury céda ses droits à Louis VIII. pere de S. Louis. Raymond le jeune, fils & successeur de Raymond le vieux, fit sa paix avec le roi de France, & transigea l’an 1228 avec S. Louis. Par ce contrat, la princesse Jeanne, fille de Raymond, fut accordée avec Alfonse, comte de Poitiers, & frere du roi. On convint que Jeanne succéderoit aux états de son pere, & qu’en cas qu’elle ou son mari vinssent à mourir sans enfans mâles, le tout seroit réuni à la couronne.


Raymond mourut l’an 1249, & eut pour successeur sa fille Jeanne & son gendre Alfonse, qui finirent leurs jours l’un & l’autre, peu après la mort de S. Louis, l’an 1270, après quoi le roi Philippe le hardi prit possession du comté de Toulouse, & le réunit à la couronne.


Il y avoit dans l’ancienne Toulouse un amphithéatre, un capitole, & plusieurs autres monumens superbes ; mais les Wisigoths, nation barbare, ayant choisi Toulouse pour être la capitale de leur empire, ruinerent tous ses beaux monumens de fond en comble, ensorte qu’il n’en reste d’autres vestiges, que quelques masures de l’amphithéatre.


Quoiqu’il n’y ait point de ville dans le royaume​plus avantageusement située pour le commerce que Toulouse, il ne s’y en fait cependant presqu’aucun. Le génie des habitans les porte quand ils sont aisés, à acquérir des charges de robe, ou à viser au capitoulat ; de-là vient que Toulouse, une des plus grandes villes du royaume, est une des plus pauvres & des plus dépeuplées. Il y a présidial, sénéchaussée, hôtel des monnoies, généralité, parlement & université, mais tous ces beaux titres ne l’enrichissent pas ; son académie est comme du tems des troubadours ; ses prix consistent dans une amaranthe d’or, une églantine, une violette, & un souci d’argent. Son évêché fut érigé en archevêché par le pape Jean XXII. & c’est un bénéfice de 80 mille livres de rente.


Sous Raymond V. comte de Toulouse, s’éleva dans cette ville un tribunal d’inquisition, au sujet de l’hérésie des Albigeois, & bien-tôt ce tribunal fit trembler par sa rigueur les personnes mêmes les plus innocentes ; le soulevement fut si grand, qu’on fut obligé de l’abolir ; mais ce qu’il y a de singulier, c’est qu’il en reste des vestiges ; car d’un côté M. de Montchal, archevêque de Toulouse, se fit attribuer le droit d’examiner si dans l’élection des capitouls, il n’y a personne qui soit suspect d’hérésie ; & de l’autre les dominicains continuent de faire pourvoir par le roi un religeux de leur ordre de l’office d’inquisiteur de Toulouse, parce qu’il y a quelques gages attachés à cette charge, qui par bonheur n’est aujourd’hui qu’un vain titre sans fonction.


On peut lire sur Toulouse l’abbé de Longuerue, Piganiol, description de la France, Nicol Bertrand des gestes des Toulousains, & mieux encore la Faille annales de Toulouse, ainsi que l’histoire de cette ville, qu’on y a imprimée en 1759 in-4°.


Long. suivant de la Hire, 18. 11. 30. suivant Lieutaud,des Places & Cassini, 18. 56. 30. lat. suivant de la Hire, 43. 30. suivant Lieutaud, des Places & Cassini, 43. 37.


Je n’entrerai dans aucune description de Toulouse moderne, ayant à parler des hommes illustres dans les armes & dans les lettres, à qui cette capitale du Languedoc a donné la naissance, & dont on voit les bustes en marbre dans l’hôtel-de-ville. Je commence par Antonius, auquel je m’arrêterai quelque tems, à cause du grand rôle qu’il a joué dans le monde.


Antonius Primus (Marcus), étoit ami de Martial, & son Mécene ; aussi ce poëte l’éleve jusqu’aux nues. Il dit qu’Antonius pouvoit se rappeller chaque jour de sa vie sans remords, & qu’il n’en avoit passé aucun, que d’une maniere qui fût propre à lui en rendre le souvenir agréable.



Jam numerat placido fœlix Antonius ævo
Quindecies actas, primus, olympiadas :
Proeteritos dies, & totos respicit annos,
Nec metuit Lethes jam propioris aquas.
Ampliat ætatis spatium sibi vir bonus hoc est
Vivere bis, vitâ posse priore frui.


L. X. epigr. 23.


Martial ne se borne pas à cet éloge ; il nous représente Marcus Antonius au-dessus du reste des mortels, & nous assure, que s’il pouvoit dépeindre son esprit & son caractere, ce seroit le portrait le plus accompli de la nature humaine. Voici les propres termes qu’il emploie.



Hæc mihi, quæ colitur violis pictura rosisque,
Quos referat vultus, Cœciliane, rogas ?
Talis erat Marcus mediis Antonius annis,
Primus in hoc juvenem se videt, ore senex.
Ast utinam mores, animumque effingere posset !
Pulchrior in terris nulla tabella foret.


L. X. epigr. 32.


Combien il faut se défier des louanges des poëtes ! Horace & Virgile nous l’avoient déjà prouvé dans​ leurs adulations pour Auguste ; Martial nous le confirme dans celles qu’il prodigue au nouvel héros de sa fabrique ; voici donc la vérité. Marcus Antonius fut un des premiers capitaines de son tems, & qui a joué un grand rôle dans l’histoire romaine ; c’étoit un homme éloquent dont Tacite nous a conservé quelques fragmens d’harangues, mais un homme chargé de crimes, & dont la scélératesse égala la valeur. Sous le regne de Néron, il fut convaincu d’être un indigne faussaire, & d’avoir forgé un testament ; aussi fut-il condamné pour ce crime à être banni de Rome.


Comme c’étoit un homme intrigant, hardi, & entreprenant, il trouva le moyen d’y rentrer, & d’obtenir de Galba le commandement d’une légion. Sur le déclin des affaires de Vitellius, il prit le parti de Vespasien, lui rendit de grands services, & le plaça, pour ainsi dire, sur le thrône. Il s’empara de Padoue, d’Ateste (aujourd’hui Est), embrasa, détruisit & saccagea Crémone, avec la barbarie la plus incroyable. Ensuite il ravagea l’Italie comme un pays de conquête, ruina la discipline dans les troupes, & se servit de ce moyen pour s’enrichir par le pillage.


Il attaqua l’armée de Vitellius aux portes de Rome, & la poursuivit jusques dans Rome même ; là le combat se renouvella, & continua pendant quelque tems, en trois différens endroits avec beaucoup de furie & de carnage, jusqu’à ce qu’enfin les Vitelliens furent défaits, & Antonius demeura maître de Rome ; alors il dévoila pleinement son exécrable avarice, enlevant des palais sans scrupule, or, argent, meubles, esclaves, comme s’il eût encore pillé Crémone. C’est ainsi qu’il termina la guerre civile, & qu’il affirmit la couronne impériale sur la tête de Vespasien.


Mais la jactance, l’orgueil, les richesses & l’avidité d’Antonius, le perdirent ; tous les chefs de l’armée, ayant Mucien à leur tête, se liguerent contre lui. Ils l’accuserent auprès de Vespasien d’être un esprit dangereux, d’avoir perdu la discipline militaire pour se faire des créatures, d’être arrivé trop tard au secours de Sabinus, & d’avoir voulu élever à l’empire Crassus Scribonianus, à quoi ils ajouterent le détail de tous ses crimes précédens. Enfin, il déchut peu-à-peu de son crédit, & se vit obligé de se retirer à Toulouse, où il mourut sans honneur, âgé de 65 ou 75 ans.


Voilà le portrait qu’en fait Tacite dans son histoire, l. II. l. III. & l. IV. où vous trouverez de grands détails.


Pour les assembler en deux mots, Antonius étoit un homme d’intrigue & d’exécution, hardi de la langue & de la main, maniant la parole avec une adresse merveilleuse, propre à décrier qui il vouloit, habile à gagner les bonnes graces des soldats, vrai boute-feu de guerres civiles, prompt à piller & à prodiguer, pernicieux dans la paix, & de grand prix à la guerre. Je serai court sur les autres toulousains, dont les bustes sont en marbre dans l’hôtel-de-ville de Toulouse.


Statius Surculus, ou Urculus, rhéteur qui vivoit du tems de Néron, vers l’an 60 de J. C. parut peu de tems avant Antonius. Ne le confondez pas avec le poëte Publius Papinius Statius, qui florissoit du tems de Domitien.


Æmilius Magnus Arborichus, rhéteur, enseigna, dit-on, dans Toulouse les belles-lettres au frere de Constantin.


On voit ensuite les bustes de Théodoric I. & II. rois de Toulouse ; de Raymond de Saint-Gilles, comte de Toulouse ; de Bertrand comte de Toulouse, de Guillaume & de Jean de Nogaret. Parlons à présent des hommes de lettres nés à Toulouse, dont les bustes sont dans la galerie.​


Bunel (Pierre), l’un des plus polis écrivains du seizieme siecle, se distingua par sa vertu, son desintéressement & sa science. Il mourut à Turin en 1545 à l’âge de 47 ans. On a des lettres latines de cet honnête homme, qui sont écrites avec la derniere pureté. Charles Etienne les imprima en 1551, & Henri Etienne, fort correctement, en 1581. L’édition de Toulouse 1687 est estimable par les notes de Graverol : mais le texte est rempli de fautes. On trouve à la bibliotheque du roi quelques lettres de Bunel, qui n’ont pas encore été imprimées.


Catel (Guillaume), conseiller au parlement de Toulouse, mort en 1726, s’est fait connoître par une histoire des comtes de Toulouse, & des mémoires du Languedoc.


Caseneuve (Pierre de), né en 1591, mort en 1652, a donné les origines ou étymologies françoises, qui sont à la suite du dictionnaire de Menage. Ses autres petits ouvrages sont dans l’oubli ; le P. Niceron a mis l’auteur parmi les hommes illustres ; mais le suivant Cujas étoit digne de ce titre.


Cujas (Jacques) Cujacius, le plus célebre jurisconsulte du xvj. siecle, naquit à Toulouse en 1520 de parens obscurs ; c’étoit un de ces génies rares & heureux, qui apprennent tout d’eux-mêmes, & qui l’enseignent merveilleusement aux autres. Toulouse ne connut point son mérite, elle lui préféra un indigne compétiteur pour la chaire de droit ; il se retira à Bourges, se fit adorer des étudians, & mourut dans cette ville en 1590, à l’âge de 70 ans. La meilleure édition des œuvres de ce grand jurisconsulte est celle de Fabrot, en 10 vol. in-fol. Papyre Masson a écrit sa vie.


Duranti (Jean Etienne), premier président au parlement de Toulouse, & l’un des plus savans magistrats de son siecle, est auteur de l’excellent livre intitulé de ritibus ecclesiæ. Il soutint avec zèle le parti de son roi contre la ligue, & fut tué d’un coup d’arquebuse dans une émeute populaire après la nouvelle de la mort du duc de Guise, le 10 Février 1589 à cinquante-cinq ans.


Faur, seigneur de Pibrac (Gui du), est trop connu par les charges qu’il a exercées avec gloire, pour donner ici sa vie. Il devint chancelier de la reine Marguerite de Navarre, femme d’Henri IV. & mourut à Paris le 27 Mai 1584, à 56 ans. On a de lui des plaidoyers, des harangues & des quatrains dont j’ai parlé ailleurs.


Faur (Pierre du), premier président au parlement de Toulouse, cultiva les lettres avec éclat, & mit au jour des ouvrages pleins d’érudition ; tels sont trois livres des semestres, celui des agonistiques, c’est-à-dire, des exercices & des jeux des anciens, & son traité des magistrats romains. Il mourut en 1600 d’apoplexie, en prononçant un arrêt à l’âge de soixante ans.


Ferrier (Arnould du), président au parlement de Paris, ensuite maître des requêtes, fut employé par Charles IX. à diverses ambassades, mourut en 1585 à 79 ans, & en faisant profession ouverte du protestantisme. Il harangua dans le concile de Trente, & s’exprima d’une maniere vigoureuse sur les abus de la cour de Rome. Il est très-vraissemblable que zélé pour la grandeur de la monarchie françoise, il forma le projet conjointement avec le chancelier de l’Hôpital, de couper le nœud qui attachoit le roi très-chrétien au saint siége, & d’assembler un concile national où le roi de France à l’imitation de celui d’Angleterre, fût déclaré chef de l’Eglise gallicane, & indépendant à tous égards du pontife romain.


Gouduli (Pierre), fit dans une langue provinciale qui n’eut jamais d’écrivains, en langage gascon, des vers où regne beaucoup de douceur, d’agrément, & qui ne sont dépourvus ni d’élégance, ni quelquefois​ de fictions heureuses ; on les a imprimés plusieurs fois à Toulouse, & même en Hollande. Il mourut en 1649 à l’âge de 70 ans.


Maignan (Emmanuel), minime très-célebre. Il apprit les mathématiques sans maître, & devint professeur à Rome, où il y a toujours eu depuis en cette science un professeur minime françois. Ses ouvrages philosophiques n’ont plus de cours, mais son traité sur les horloges & les cadrans solaires, intitulé perspectiva horaria, Romæ 1648 in-fol. montre beaucoup d’habileté. Il inventa plusieurs machines qu’il avoit travaillées de ses propres mains. Il mourut dans son couvent de Toulouse en 1676, à 75 ans.


Maynard (François), poëte, disciple de Malherbe, & secrétaire de la reine Marguerite, naquit en 1582, & mourut en 1646.


« On peut le compter, dit M. de Voltaire, parmi ceux qui ont annoncé le siecle de Louis XIV. Il reste de lui un assez grand nombre de vers heureux, purement écrits. C’est un des auteurs qui s’est plaint le plus de la mauvaise fortune attachée aux talens. Il ignoroit que le succès d’un bon ouvrage, est la seule récompense digne d’un artiste ; que si les princes & les ministres veulent se faire honneur en récompensant cette espece de mérite, il y a plus d’honneur encore d’attendre ces faveurs sans les demander ; & que si un bon écrivain ambitionne la fortune, il doit la faire soi-même.


» Rien n’est plus connu que son beau sonnet pour le cardinal de Richelieu ; & cette réponse dure du ministre, ce mot cruel, rien. Le président Maynard retiré enfin à Aurillac, fit ces vers qui méritent autant d’être connus que son sonnet.



Par votre humeur le monde est gouverné,
Vos volontés font le calme & l’orage,
Vous vous riez de me voir confiné
Loin de la cour dans mon petit ménage :
Mais, n’est-ce rien que d’être tout à soi,
De n’avoir point le fardeau d’un emploi,
D’avoir dompté la crainte & l’espérance ?
Ah ! si le ciel, qui me traite si bien,
Avoit pitié de vous & de la France,
Votre bonheur seroit égal au mien.


» Depuis la mort du cardinal, il dit dans d’autres vers que le tyran est mort, & qu’il n’en est pas plus heureux. Si le cardinal lui avoit fait du bien, ce ministre eût été un dieu pour lui. Il n’est un tyran que parce qu’il ne lui donne rien. C’est trop ressembler à ces mendians qui appellent les passans, monseigneur, & qui les maudissent s’ils n’en reçoivent point d’aumône. Les vers de Maynard étoient fort beaux. Il eût été plus beau de passer sa vie sans demander & sans murmurer. L’épitaphe qu’il fit pour lui-même est dans la bouche de tout le monde ».



Las d’esperer & de me plaindre
Des muses, des grands & du sort,
C’est ici que j’attends la mort,
Sans la desirer, sans la craindre.


Les deux derniers vers sont la traduction de cet ancien vers latin,



Summum nec metuas diem, nec optes.


« La plûpart des beaux vers de morale sont des traductions. Il est bien commun de ne pas desirer la mort : il est bien rare de ne la pas craindre ; & il eût été grand de ne pas seulement songer s’il y a des grands au monde ».


Pin (Jean du), en latin Pinus, mourut vers l’an 1536. Il alla chercher en Italie la culture de l’éloquence, fut ensuite conseiller au parlement de Toulouse, & enfin évêque de Rieux. Il fit un traité de vitâ aulicâ, & un livre de claris fæminis, des femmes il-​lustres, qui parut à Paris en 1521 ; la politesse du style latin regne dans ces deux ouvrages. Erasme dit à la gloire de l’auteur : posset inter hujus laudis (Tullianæ dictionis) competitores numerari (Joannes Pinus), nisi negotiorum tumultus à studiis avulsisset. Nunc episcopum audio factum ; quid accesserit eloquentiæ nescio ?


On voit aussi dans la galerie de Toulouse le buste en marbre de Nicolas Bachelier, éleve de Michel-Ange, distingué dans l’architecture & dans la sculpture ; il falloit y joindre pour pendant le buste de François de Troy un des peintres illustres de nos jours. Mais Toulouse est encore la patrie d’autres savans, dont plusieurs méritoient sans doute d’avoir leur effigie dans la même salle du capitole ; c’est ce dont on jugera par la liste que je vais donner de leurs noms.


Campistron (Jean Galbert), né en 1656, & mort en 1723, fut eleve & imitateur de Racine. Le duc de Vendôme, dont il devint secrétaire, fit sa fortune, & le comédien Baron fit une partie de sa réputation. Il y a des choses touchantes dans ses pieces, quoiqu’elles soient foiblement écrites, mais le langage en est assez pur. Il a composé pour l’opéra Acis & Galatée, pastorale, que l’on redonne quelquefois, & qui a été mise en musique par Lully.


Coras (Jean de), Corasius, conseiller au parlement de Toulouse, chancelier de Navarre, l’un des savans jurisconsultes du xvj. siecle, & l’ami du chancelier de l’Hôpital ; il mit au jour d’excellens ouvrages en latin & en françois, qui ont été recueillis en 2 vol. in-fol. on estime sur-tous ses Miscellaneorum juris civilis libri tres. Ce savant homme n’avoit que 59 ans quand il fut enveloppé dans le massacre de la saint Barthelemi, le 4 Octobre 1572 ; sa vie a été imprimée en 1673, in-4°.


Doujat (Jean), né en 1609, & mort à Paris en 1688, comble d’honneurs & de pensions. Il étoit tout ensemble jurisconsulte & littérateur. Il fut reçu de l’Académie françoise en 1650, & devint précepteur de M. le dauphin. On a de lui 1°. Prænotiones canonicæ & civiles, qui passent pour son meilleur ouvrage ; 2°. l’histoire du Droit canon, & celle du Droit civil ; 3°. institution du Droit canonique de Lancelot, avec des notes ; 4°. un abrégé en françois de l’histoire grecque & romaine, tiré de Velleius Paterculus, & des notes sur Tite-Live, à l’usage du dauphin, &c.


Grégoire (Pierre) fleurissoit au xvj. siecle. Ses livres de droit, & entr’autres l’ouvrage intitulé, Syntagma juris universi, ainsi que celui de republicâ, libri xvj. sont remplis d’une vaste érudition, mais des plus mal digérés. Eruditione non vulgari luxurians, dit Naudé, omnia ingerit, non digerit ; cæterum valdè utilis, quòd ibi meliorum auctorum gemmas possis invenire. Il mourut en 1597.


Laloubere (Simon de) né en 1642, & envoyé à Siam en 1687, finit ses jours en 1729 à 87 ans. On a de lui une relation de son voyage de Siam en deux vol. in-12 ; cette relation est estimée ; mais elle laisse bien des choses à desirer, qui y manquent, pour nous donner de vraies connoissances de ce pays. Son traité de la résolution des équations prouve qu’il étoit assez profond dans cette science, & Paschal ne lui a pas tout-à-fait rendu justice.


Maussac (Philippe Jacques) savant critique du xvij. siecle mourut en 1650, âgé d’environ 70 ans. On a de lui des opuscules estimés & de savantes notes sur Harpocration.


Péchantré, poëte françois & latin, mort à Paris en 1708. Sa tragédie intitulée Géta se représente encore quelquefois. On rapporte une anecdote assez singuliere sur sa tragédie, la mort de Neron, piece qui n’a point eu de succès. Péchantré la faisoit dans une​ auberge ; il laissa sur sa table le papier où il disposoit sa piece, & sur lequel il avoit écrit après quelques chiffres, ici le roi sera tué. L’aubergiste ayant lu ces mots, avertit aussitôt le commissaire du quartier, & lui remit le papier en main. Le poëte étant revenu le soir à l’auberge, fut bien surpris de se trouver entouré de gens armés qui vouloient le saisir. Que veulent ces gens-là, dit-il au commissaire, & vous, monsieur, avec ce papier, sur lequel il jetta les yeux ; comment, s’écria-t-il, vous l’avez volé sur ma table ? c’est précisément la scene où je dois placer la mort de Néron. Le commissaire honteux de sa bêtise, lui fit des excuses, lui rendit son papier, & congédia les archers.


Tourreil (Jaques de) mourut à Paris en 1714, à 58 ans. Il étoit de l’académie françoise & de celle des Inscriptions. Ce fut par ses intrigues que l’abbé de Chaulieu ne fut pas de l’académie françoise, & ce procédé ne lui fit pas honneur. Il doit sa réputation à la traduction de Démosthènes, laquelle l’a fait beaucoup plus connoître lui-même, qu’il n’a fait connoître l’orateur grec ; mais il a orné son ouvrage d’une très-belle préface pleine d’érudition & de recherches sur l’histoire de la Grece. La meilleure édition est celle de Paris 1721, en deux vol. in-4°. & en quatre vol. in-12.


Serre (Jean Puget de la) fut garde de la bibliotheque de Monsieur, & eut le titre d’historiographe. Il mourut en 1666, & publia quantité d’ouvrages en vers & en prose qui souffrirent plusieurs éditions, mais dont Despreaux & toutes les personnes de goût parlerent avec mépris. La Serre convenoit lui-même du peu de mérite de ses ouvrages, quoiqu’ils lui valussent beaucoup d’argent. On raconte qu’il eut un jour la curiosité d’aller entendre les conférences que Richesource faisoit sur l’éloquence dans une maison de la place Dauphine. Après que celui-ci eut débité toutes ses extravagances, la Serre en manteau long & en rabat, se leva de sa place, & en allant embrasser Richesource : ah, monsieur, lui dit-il, je vous avoue que depuis vingt ans j’ai bien débité du galimathias ; mais vous venez d’en dire plus en une heure que je n’en ai écrit en toute ma vie.


Marcel (Guillaume) mort en 1708 à 61 ans, est auteur d’une histoire de l’origine de la monarchie françoise, de tablettes chronologiques, & de quelques autres ouvrages de ce genre.


Voilà presque tous les hommes de lettres que Toulouse a produits jusqu’à ce jour ; il y en a plusieurs qui sont illustres. N’auront-ils point de successeurs ? (Le Chevalier de Jaucourt.)​","[['alt'], ['43 30\' N 18 11\' 30"" E'], ['43 37\' N 18 56\' 30"" E']]",,"alt | 43 30' N 18 11' 30"" E | 43 37' N 18 56' 30"" E","43 30' N 18 11' 30"" E | 43 37' N 18 56' 30"" E"
v16-1748-0,TRÉBISONDE,"TRÉBISONDE, (Géog. mod.​ & Hist.​) anciennement Trapezus, ville des états du turc, dans l’Anatolie, sur le bord de la mer Noire, & la capitale de la province de Jénich, au pié d’une montagne qui regarde le septentrion. Long. 53. 37. lat. 40. 34.


Cette ville, que les Turcs appellent Tarabosan, étoit regardée anciennement pour être une colonie de Sinope, à laquelle même elle payoit tribut ; c’est ce que nous apprenons de Xénophon, qui passa par Trébisonde, en reconduisant le reste des dix mille, & qui rapporte la triste aventure qui leur arriva pour avoir mangé trop de miel.


Comme il y avoit plusieurs ruches d’abeilles, dit cet auteur, les soldats n’en épargnerent pas le miel : il leur prit un dévoiement par haut & par bas, suivi de rêveries, ensorte que les moins malades ressembloient à des ivrognes, & les autres à des personnes furieuses ou moribondes. On voyoit la terre jonchée de corps : personne néanmoins n’en mourut, & le mal cessa le lendemain ; de-sorte que les soldats se leverent le troisieme jour, mais en l’état qu’on est après avoir pris une forte médecine. Voyez les remarques de M. Tournefort, dans son voyage du Levant, sur cette sorte de miel, & sur les fleurs dont il devoit être composé.


Les dix mille furent reçus à Trébisonde avec toutes les marques d’amitié que l’on donne à des gens de son pays, lorsqu’ils reviennent de loin ; car Diodore de Sicile remarque que Trébisonde étoit une ville grecque fondée par ceux de Sinope qui descendoient des Milésiens. Le même auteur assure que les dix mille séjournerent un mois dans Trébisonde ; qu’ils y sacrifierent à Jupiter & à Hercule, & qu’ils y célébrerent des jeux.


Trébisonde apparemment, tomba sous la puissance des Romains, dès que Mithridate se trouva dans​l’impuissance de leur résister. Il seroit inutile de rapporter de quelle maniere elle fut prise sous Valérien par les Scythes, que nous connoissons sous le nom de Tartares, si l’histoire qui en parle n’avoit décrit l’état de la place. Zozime donc remarque, que c’étoit une grande ville, bien peuplée, fortifiée d’une double muraille : les peuples voisins s’y étoient refugiés avec leurs richesses comme dans un lieu où il n’y avoit rien à craindre. Outre la garnison ordinaire on y avoit fait entrer dix mille hommes de troupes ; mais ces soldats dormant sur leur bonne foi, & se croyant à couvert de tout, se laisserent surprendre la nuit par les Barbares, qui, ayant entassé des fascines contre la muraille, entrerent par ce moyen dans la place, tuerent une partie des troupes, renverserent les temples & les plus beaux édifices ; après quoi, chargés de richesses immenses, ils emmenerent un grand nombre de captifs.


Les empereurs grecs ont posséde Trébisonde à leur tour. Du tems de Jean Comnène, empereur de Constantinople, Constantin Gabras s’y étoit érigé en petit tyran. L’empereur vouloit l’en chasser ; mais l’envie qu’il avoit d’ôter Antioche aux Chrétiens, l’en détourna. Enfin Trébisonde fut la capitale d’une principauté dont les empereurs de Constantinople disposoient ; car Alexis Commène, surnommé le Grand, en prit possession en 1204, avec le titre de duc, lorsque les François & les Vénitiens se rendirent maîtres de Constantinople, sous Baudouin, comte de Flandre.


L’éloignement de Constantinople, & les nouvelles affaires qui survinrent aux Latins, favoriserent l’établissement de Comnène ; mais Nicétas observe qu’on ne lui donna que le nom de duc, & que ce fut Jean Comnène qui souffrit que les Grecs l’appellassent empereur de Trébisonde, comme s’ils eussent voulu faire connoître que c’étoit Comnène qui étoit leur véritable empereur ; puisque Michel Paléologue qui faisoit sa résidence à Constantinople, avoit quitté le rit grec pour suivre celui de Rome : il est certain que Vincent de Beauvais appelle simplement Alexis Comnène seigneur de Trébisonde.


Quoi qu’il en soit, la souveraineté de cette ville, si l’on ne veut pas se servir du nom d’empire, commença en 1204, sous Alexis Comnène, & finit en 1461, lorsque Mahomet II. depouilla David Comnène. Ce malheureux prince avoit épousé Irène, fille de l’empereur Jean Cantacuzène : mais il implora fort inutilement le secours des Chrétiens pour sauver les débris de son empire ; il fallut céder au conquérant, qui le fit passer à Constantinople avec toute sa famille, qui fut massacrée quelque tems après : ainsi finit l’empire de Trébisonde, après avoir duré plus de deux siecles & demi.


Les murailles de Trébisonde sont presque quarrées, hautes, crenelées ; & quoiqu’elles ne soient pas des premiers tems, il y a beaucoup d’apparence qu’elles sont élevées sur les fondemens de l’ancienne enceinte, laquelle avoit fait donner le nom de Trapèse à cette ville. Tout le monde sait que trapèse en grec signifie une table, & que le plan de cette ville est un quarré long, assez semblable à une table. Les murailles ne sont pas les mêmes que celles qui sont décrites par Zozime : celles d’aujourd’hui ont été bâties des débris des anciens édifices, comme il paroit par les vieux marbres qu’on y a enclavés en plusieurs endroits, & dont les inscriptions ne sont pas lisibles parce qu’elles sont trop hautes.


La ville est grande & mal peuplée ; on y voit plus de bois & de jardins que de maisons ; & ces maisons n’ont qu’un simple étage. Le château, qui est fort négligé, est situé sur un rocher plat & dominé ; mais les fossés en sont taillés la plûpart dans le roc. L’inscription que l’on lit sur la porte de ce château, dont​ le centre est un demi-cercle, marque que l’empereur Justinien renouvella les édifices de la ville. Il est surprenant que Procope n’en ait pas fait mention, lui qui a employé trois livres entiers à décrire jusqu’aux moindres bâtimens que ce prince avoit fait élever dans tous les coins de son empire : cet historien nous apprend seulement que Justinien fit bâtir un aqueduc à Trébisonde, sous le nom de l’aqueduc de saint Eugene le martyr.


Le port de Trébisonde appellé Platane, est à l’est de la ville : l’empereur Adrien le fit réparer, comme nous l’apprenons par Arrien. Il paroît par les médailles de la ville, que le port y avoit attiré un grand commerce. Goltzius en rapporte deux à la tête d’Apollon. On sait que ce dieu étoit adoré en Cappadoce, dont Trébisonde n’étoit pas la moindre ville. Sur le revers d’une de ces médailles est une ancre, & sur le revers de l’autre la proue d’un navire. Ce port n’est bon présentement que pour des saïques ; le mole que les Génois y avoient fait bâtir, est presque détruit, & les Turcs ne s’embarrassent guere de réparer ces sortes d’ouvrages ; peut-être que ce qui en reste est le débris du port d’Adrien, car de la maniere qu’Arrien s’explique, cet empereur y avoit fait faire une jettée considérable pour y mettre à couvert les navires, qui auparavant n’y pouvoient mouiller que dans certains tems de l’année, & encore étoit-ce sur le sable.


Trébisonde jouit aujourd’ui du vain titre d’archevêché. Long. suivant le pere de Beze, 62d. 49′. 15″. latit. 41d. 4′.


George de Trébisonde & le cardinal Bessarion, sont sortis de cette ville de l’Anatolie ; on convient pourtant que George n’étoit qu’originaire de Trébisonde, & qu’il étoit né en Candie. Quoi qu’il en soit, il vivoit dans le quinzieme siecle, & mourut en 1480, sous le pontificat de Nicolas V. de qui il fut secrétaire. Il avoit auparavant enseigné la rhétorique & la philosophie dans Rome du tems du pape Eugene IV. mais son entêtement pour Aristote lui attira de grosses querelles avec Bessarion, qui ne juroit que par Platon.


Il est vrai que Bessarion quitta bien-tôt les disputes de l’école pour se tourner aux légations. Il devint patriarche de Constantinople, archevêque de Nicée, cardinal, & presque pape. Il aima les savans, & forma une très-belle bibliotheque qu’il laissa par son testament au sénat de Venise. Puisqu’on la conserve avec tant de soin qu’on n’en veut communiquer les manuscrits à personne, il faut regarder ce beau recueil comme un trésor enfoui & inutile à la république des lettres. Bessarion mourut à Ravenne en 1462, après une fort mauvaise réception que lui fit Louis XI. parce qu’il avoit rendu visite au duc de Bourgogne avant lui.


Amyrutzes, philosophe péripatéticien, vit aussi le jour à Trébisonde : il s’acquit une grande considération à la cour de l’empereur David son maître, & signala sa plume en faveur des Grecs contre les décisions du concile de Florence ; mais il ternit sa gloire par l’apostasie où il tomba. Il fut un de ceux qui accompagnerent l’empereur David à Constantinople, lorsque Mahomet II. l’y fit transporter après la prise de Trébisonde, en l’année 1461. Ce philosophe, se laissant gagner aux promesses du sultan, abjura le christianisme, & se fit turc avec ses enfans, l’un desquels, sous le nom de Mehemet-Beg, traduisit en arabe plusieurs livres des Chrétiens par ordre de Mahomet II. Ce prince donna des emplois considérables dans le serrail à Amyrutzes, & s’entretenoit quelquefois sur les sciences, & sur des matieres de religion avec lui, ou avec Mehemet-Beg. Amyrutzes a publié la relation du concile de Florence ; il assure dans un ouvrage que le patriarche de Constantinople fut étranglé pendant la tenue de ce concile, & que​les médecins attesterent ce fait sur l’examen du cadavre. Tantùm religio. . . . . (D. J.)​","[['alt'], [""40 34' N 53 37' E""], ['41 4\' N 62 49\' 15"" E']]",,"alt | 40 34' N 53 37' E | 41 4' N 62 49' 15"" E","40 34' N 53 37' E | 41 4' N 62 49' 15"" E"
v16-2396-0,TURQUESTAN,"TURQUESTAN, (Géog. mod.)​ ou TURKESTAN, grand pays d’Asie. Il est borné au nord par la riviere de Jemba ; à l’est par les états du Contaisch, grand chan des Callmoucks ; au sud par le pays de Charass’m, & la grande Boucharie ; à l’ouest par la mer Caspienne. Il peut avoir environ 70 lieues d’Allemagne de longueur ; & un peu moins en largeur ; mais ses limites étoient beaucoup plus étendues avant que Gingis-chan se fût rendu le maître de toute la grande Tartarie. Le Turquestan dans son état actuel, est partagé entre deux chans de Tartares, tous deux mahométans ainsi que leurs sujets. Le fleuve Sihon traverse tout le pays du sud-ouest au nord-ouest. La capitale se nomme aussi Turquestan. Long. 72-77. lat. 42. 46. (D. J.)​","[['42 N 72 E', '46 N 77 E']]",,42 N 72 E 46 N 77 E,42 46' N 72-77 E
v17-349-3,"Vicente, san, la capitainerie de","Vicente, san, la capitainerie de, (Géog. mod.)​ les François disent S. Vincent ;  province ou capitainerie maritime du Brésil. Elle est bornée au nord & à l’orient par celle de Rio Janéiro, & le Paraguai la borne au nord-ouest. Sa capitale lui donne son nom ; elle est située sur l’île de Los-Santos, à 40 lieues de Rio-Janéïro, avec un port. Latit. australe, suivant le Jarric, 24. (D. J.)​",[['24 S']],,24 S,24 S
v17-950-0,UPSAL,"UPSAL, (Géog. mod.)​ ville de Suede, dans l’Uplande, sur la riviere de Sala, à 12 lieues au nord-ouest de Stokholm.


Ubbon qui regna sur les Suedois, fonda la ville d’Upsal, & lui donna son nom ; elle donna ensuite le sien aux rois de Suede, qui se qualifierent rois d’Upsal ; elle devint ainsi la capitale du royaume, & c’est encore le lieu où l’on couronne les rois. Cette ville, dit un historien du pays, ne fut pas seulement dès ses commencemens, la demeure des hommes, des princes & des rois, mais encore celle des grands-prêtres des Goths, & celle de leurs dieux à qui elle fut consacrée.


Elle n’a d’autres fortifications qu’un château bâti sur un rocher. La Sala qui la partage en deux, s’y gele presque toujours assez fortement pour porter une grande quantité d’hommes, de bétail & de marchandises dans le tems de la foire qui s’y tient tous les ans sur la glace au mois de Février.


La cathédrale d’Upsal est la plus belle église du royaume. Le bâtiment tout couvert de cuivre est orné de plusieurs tours, & renferme les tombeaux de plusieurs rois, d’archevêques, d’évêques & de seigneurs.


S. Suffrid, archevêque d’York, que Eldre, roi d’Angleterre, envoya en Suede pour y prêcher l’évangile, le fit avec succès, & sacra Suerin, quatrieme évêque d’Upsal. L’église fut érigée en archevêché par le pape Aléxandre III. & Etienne qui mourut en 1185, en fut le premier archevêque.​ Les prélats de cette église n’ont aujourd’hui ni les richesses ni la pompe de ceux qui les ont précédés quand le pays étoit catholique ; mais les archevêques luthériens d’Upsal ne laissent pas que de jouir d’un revenu honnête, d’avoir séance & voix dans le sénat & dans les dietes, de prendre le pas sur tous les autres ecclésiastiques, & ce qui vaut mieux encore, d’être fort honorés dans le royaume.


Le college d’Upsal fondé pour quatre professeurs, par l’archevêque Jerler, du tems du roi Eric-le-Begue, donna naissance à l’université que le pape Sixte IV. honora en 1476 des mêmes immunités & privileges, dont jouit l’université de Boulogne. Charles IX. Gustave Adolphe, & la reine Christine, prirent soin de rendre cette université florissante, elle l’est encore. Long. suivant Cassini, 37. 25. latit. 59. 34. & suivant Celsius, 59. 50. 20.


« C’est à Upsal que fut inhumé Gustave Ericson, roi de Suede, mort à Stockolm dans la 70e année de son âge. Il mérita d’être adoré de ses sujets, soit que l’on considere la situation dont il les tira, ou celle dans laquelle il eut la gloire de les laisser. Sa fermeté fut admirable contre les malheurs. Il suivit toujours ses desseins en dépit des élémens, des lieux & des hommes les plus cruels & les plus puissans ; ses soldats étoient des volontaires sans solde, & qui n’avoient d’autre subordination que celle que leur dictoit leur vénération pour leur chef.


» Gustave établit la religion luthérienne dans ses états, il mit par-là des bornes au pouvoir & aux richesses immenses du clergé, & se fit un fonds suffisant pour les dépenses publiques, autre que celui des taxes qui ruinoient le peuple, en le privant du fruit de son labeur ; ennemi de toute esprit de persécution, il toléra les préjugés de ses sujets, & il aima mieux persuader leur raison, que de forcer leur conscience.


» Ses mœurs répondirent à ses sentimens, & les graces de sa personne inspirerent l’amour & le respect. Il étoit éloquent, insinuant, affable, & son exemple adoucit la férocité de ses sujets. Il les enrichit en étendant beaucoup leur commerce. Il recompensa les savans, fonda des magasins publics pour secourir les pauvres, & des hôpitaux pour les malades. Toutes ces choses ont éternisé la mémoire de ce prince. » (Le chev. de Jaucourt.)​","[['alt'], [""59 34' N 37 25' E""], ['59 50\' 20"" N']]",,"alt | 59 34' N 37 25' E | 59 50' 20"" N","59 34' N 37 25' E | 59 50' 20"" N 37 25' E"
v17-1018-0,"URUGUAY, l’","URUGUAY, l’ (Géog. mod.)​ riviere de l’Amérique méridionale, qui se décharge dans le Parana, un peu au-dessus de Buenos-Aires ; par le 34 d. de latitude australe : c’est ici que le Parana prend le nom de Rio-de-la-Plata. (D. J.)​",[['34 S']],,34 S,34 S
v17-1444-0,"WOLGA, le","WOLGA, le, (Géog. mod.)​ riviere de l’empire Russien, & l’une des plus grandes rivieres de l’univers. Elle est appellée Attel par les Tartares, & elle tire sa source du lac de Wronow, à une petite distance de la ville de Rzeva-Vslodimerskoi en Russie, vers les frontieres de la Lithuanie, à 56 d. 15′. de latitude.


Après un cours de deux lieues, elle passe par le lac de Wolgo, & en sortant de là, elle commence à prendre le nom de Wolga. Aupres de la ville de Twer, qui est environ à 20 lieues de sa source, elle porte déja de grands bateaux de charge. Cette riviere traverse presque toute la Russie, depuis Twer jusqu’à la ville de Niesna, où la riviere d’Occa, qui est une autre riviere considérable, vient s’y jetter du sud-ouest.


Son cours est à-peu-près de l’ouest à l’est, depuis Niesna jusqu’à soixante werstes au-delà de la ville de Casan, où la riviere de Kama vient s’y jetter du nord ; son cours est ici sud-est ; de là elle tourne tout-à fait au sud, & va se dégorger après un cours de plus de quatre cens lieues d’Allemagne, dans la mer Caspienne, à douze lieues de l’autre côté de la ville d’Altracan, à 45 d. 40′. de latitude.


Cette riviere fourmille de toutes sortes de poissons, & surtout de saumons, d’esturgeons & de brochets d’une grandeur extraordinaire & d’un goût exquis ; ses bords sont partout également fertiles, ce qui est quelque chose d’étonnant, vu la longueur de son cours, & la rigueur du climat des provinces qu’elle parcourt en deçà de la ville de Casan, & quoiqu’au sud de cette ville, les bords du Wolga ne soient pas trop cultivés à cause des fréquentes courses des Tartares Koubans ; ils ne laissent pas d’être d’une fertilité si extraordinaire, que les asperges y croissent d’elles-mêmes, & d’une grosseur toute particuliere ; sans parler de quantité d’autres herbes potageres que la nature seule y produit abondamment. (D. J.)​","[[""56 15' N""], [""45 40' N""]]",,56 15' N | 45 40' N,56 15' N | 45 40' N
v17-1615-0,YARMOUTH,"YARMOUTH, (Géog. mod.)​ ville d’Angleterre dans la province de Norfolck, à l’embouchure de l’Yare, d’où lui vient son nom, à 36 lieues au nord-est de Londres ; elle est grande, bien bâtie, & a quelques fortifications : son port est fort bon. La principale richesse de ses habitans consiste dans la pêche des harengs, qui est très-abondante sur la côte. Cette ville s’est accrue des ruines de l’ancienne Gariam nonum dont il est parlé dans la notice de l’empire ; car la riviere d’Yare, qui donnoit son nom à la ville, se nommoit en latin Gariam. Sa long. 18. 55. latit. 52. 3. Long. suivant Stréet, 19. 61. 30″. latit. 52. 55. (D. J.)​","[['alt'], [""52 3' N 18 55' E""], ['52 55\' N 19 61\' 30"" E']]",,"alt | 52 3' N 18 55' E | 52 55' N 19 61' 30"" E","52 3' N 18 55' E | 52 55' N 19 61' 30"" E"
v17-1748-0,"ZAIRE, le","ZAIRE, le, (Géog. mod.)​ riviere d’Afrique, au royaume de Congo. Elle sort principalement du lac Zambre, & va se rendre dans la mer, vers le 5 degré 40 minutes de latitude méridionale. Elle a dans son lit plusieurs îles habitées par des gens qui vivent indépendans du roi de Congo, & qui ne lui paient aucun tribut.","[[""5 40' N""]]",,5 40' N,5 40' S
v17-1793-0,ZANZIBAR,"ZANZIBAR, (Géog. mod.)​ île de la mer des Indes, sur la côte du Zanguebar, entre l’île de Pemba & celle de Monfia, à huit lieues de la terre-ferme ; elle a le titre de royaume ; le terroir produit beaucoup de riz, de mil, & de cannes de sucre ; on y trouve des forêts de citronniers ; les habitans sont tous mahométans. Latit. méridionale 7. (D. J.)​",[['7 S']],,7 S,7 S
