id-enccre,headword,text,coordinates,meridian,coordinates_txt,gpt_preds
v1-1051-0,ALBANOPOLI,"*​ ALBANOPOLI, (Géog.)​ ville de la Turquie Européenne dans l’Albanie. Long. 38. 4. lat. 51. 48.","[[""51 48' N 38 4' E""]]",,51 48' N 38 4' E,51 48' N 38 4' E
v1-109-0,ABENSPERG,"*​ ABENSPERG, petite ville d’Allemagne dans le cercle & Duché de Baviere. Long. 29. 25. lat. 48. 45.","[[""48 45' N 29 25' E""]]",,48 45' N 29 25' E,48 45' N 29 25' E
v1-1101-0,ALCALA LA REALE,"*​ ALCALA LA REALE, (Géog.)​ ville d’Espagne, dans l’Andalousie, près de la riviere de Salado. Long. 14. 30. lat. 37. 18.","[[""37 18' N 14 30' E""]]",,37 18' N 14 30' E,37 18' N 14 30' E
v1-1159-0,ALESSANA,"*​ ALESSANA, petite ville du Royaume de Naples dans la province d’Otrante. Longit. 36. latit. 40. 12.","[[""40 12' N 36 E""]]",,40 12' N 36 E,40 12' N 36 E
v1-1189-1,Alger,"*​ Alger, ville d’Afrique, dans la Barbarie, capitale du Royaume d’Alger, vis-à-vis l’Isle Minorque. Long. 21. 20. lat. 36. 30.","[[""36 30' N 21 20' E""]]",,36 30' N 21 20' E,36 30' N 21 20' E
v1-1190-0,ALGEZIRE,"*​ ALGEZIRE, ville d’Espagne dans l’Andalousie, avec port sur la côte du detroit de Gibraltar. On l’appelle aussi le vieux Gibraltar. Long. 12. 28. lat. 36.","[[""36 N 12 28' E""]]",,36 N 12 28' E,36 N 12 28' O
v1-1261-0,ALLEGRE ou ALEGRE,"*​ ALLEGRE ou ALEGRE, ville de France en​Auvergne, généralité de Riom, élection de Brioude, au pié d’une montagne au-dessus de laquelle il y a un grand lac. Lon. 21. 22. lat. 45. 10.","[[""45 10' N 21 22' E""]]",,45 10' N 21 22' E,45 10' N 21 22' E
v1-1319-0,ALMUNECAR,"*​ ALMUNECAR, ville d’Espagne au Royaume de Grenade, avec port sur la Mediterranée. Long. 14. 37. lat. 36. 50.","[[""36 50' N 14 37' E""]]",,36 50' N 14 37' E,36 50' N 14 37' E
v1-1362-0,ALTAMURA,"*​ ALTAMURA, ville du Royaume de Naples, dans la terre de Bari, au pié de l’Apennin. Long. 34. 13. lat. 41.","[[""41 N 34 13' E""]]",,41 N 34 13' E,41 N 34 13' E
v1-1413-0,AMADAN,"*​ AMADAN, ville d’Asie, dans la Perse. Long. 65. 25. lat. 35. 15.","[[""35 15' N 65 25' E""]]",,35 15' N 65 25' E,35 15' N 65 25' E
v1-1434-1,Amand (Saint),"*​ Amand (Saint), ville de France dans le Bourbonnois sur le Cher & les confins du Berry. Long. 20. 20. lat. 46. 32.","[[""46 32' N 20 20' E""]]",,46 32' N 20 20' E,46 32' N 20 20' E
v1-1520-0,AMBOINE,"AMBOINE, île d’Asie, l’une des Moluques, aux Indes orientales, avec ville de même nom. Long. 145. lat. mérid. 4.",[['4 S 145 E']],,4 S 145 E,4 S 145 E
v1-1521-0,AMBOISE,"*​ AMBOISE, ville de France, dans la Touraine, au confluant de la Loire & de la Masse. Long. 18d. 39′. 7″. lat. 47d. 24′. 56″.","[['47 24\' 56"" N 18 39\' 7"" E']]",,"47 24' 56"" N 18 39' 7"" E","47 24' 56"" N 18 39' 7"" E"
v1-1554-0,AMELIA,"*​ AMELIA, ville d’Italie, dans le Duché de Spolete. Long. 30 4. lat. 42. 33.","[[""42 33' N 30 4' E""]]",,42 33' N 30 4' E,42 33' N 30 4' E
v1-1629-0,AMOL,"*​ AMOL, ville d’Asie au pays des Usbecs, sur le Gihun. Long. 82. lat. 39. 20.","[[""39 20' N 82 E""]]",,39 20' N 82 E,39 20' N 82 E
v1-1861-1,Ancone,"*​ Ancone, (Geog. mod.)​ capitale de la Marche d’Ancone, sur la mer. long. 31. 15. lat. 43. 36.","[[""43 36' N 31 15' E""]]",,43 36' N 31 15' E,43 36' N 31 15' E
v1-1912-0,ANDRO,"*​ ANDRO, (Géog. mod.)​ île & ville de la Turquie en Europe, l’une des Cyclades dans l’Archipel. Long. 43. lat. 37. 50.","[[""37 50' N 43 E""]]",,37 50' N 43 E,37 50' N 43 E
v1-1944-3,"Ange, (Saint)","*​ Ange, (Saint) (Géog. mod.)​ ville d’Italie au royaume de Naples, dans la Capitanate. Long 33-38. lat. 41-43.


Il y a en Italie deux autres villes du même nom ; l’une dans la principauté ultérieure, au royaume de Naples, l’autre dans les terres du Pape & le duché d’Urbin.


Il y a encore deux châteaux appellés Château-Saint-Ange ; l’un à Rome qui n’est pas fort, l’autre à Malte qui passe pour imprenable.","[[""41 43' N 33 38' E""]]",,41 43' N 33 38' E,41-43 N 33-38 E
v1-1986-0,ANGOULEME,"*​ ANGOULEME, (Géog. mod.)​ ville de France, capitale de l’Angoumois, sur le sommet d’une montagne, au pié de laquelle coule la Charante, Long. 17d48′47″. lat. 45d39′3″.","[['45 39\' 3"" N 17 48\' 47"" E']]",,"45 39' 3"" N 17 48' 47"" E","45 39' 3"" N 17 48' 47"" E"
v1-2035-0,ANNAN,"*​ ANNAN, (Géog. mod.)​ ville, château & riviere de l’Ecosse meridionale, province d’Annandale. Long. 14. lat. 55. 10.","[[""55 10' N 14 E""]]",,55 10' N 14 E,55 10' N 14 O
v1-2201-0,"ANTIOCHE, ou ANTAKIA","*​ ANTIOCHE, ou ANTAKIA, (Géog. anc. & mod.)​ ville ancienne & célebre de Syrie ; il n’en reste presque plus que des ruines. Elle étoit sur l’Oronte, aujourd’hui l’Assi. Long. 55. 10. lat. 36. 20.","[[""36 20' N 55 10' E""]]",,36 20' N 55 10' E,36 20' N 55 10' E
v1-2508-0,APREMONT,"*​ APREMONT, (Géog. mod.)​ petite ville de France dans le Poitou, généralité de Poitiers. Lon. 15. 52. lat. 46. 45.","[[""46 45' N 15 52' E""]]",,46 45' N 15 52' E,46 45' N 15 52' E
v1-2553-0,AQUINO,"*​ AQUINO (Géog. anc. & mod.)​ ville d’Italie, au royaume de Naples, dans la terre de Labour. Long. 31. 23. lat. 41. 32.","[[""41 32' N 31 23' E""]]",,41 32' N 31 23' E,41 32' N 31 23' E
v1-2569-0,ARACAN,"* ARACAN, (Géog. mod.) royaume maritime des Indes proche l'embouchure du Gange, borné au midi par le golfe de Bengale, à l'orient & au septentrion par le royaume d'Ava, à l'occident par le royaume de Bengale. La ville d'Aracan, située sur la riviere de même nom, est la capitale de tout le royaume. Long. 110-30. lat. 20-30. Le commerce d'Aracan n'est pas fort considérable. Pour celui de Pégu il vaut mieux : on y porte des tolles, des mouchoirs, du poivre, de la canelle, de la muscade, des bois odoriférans, & on en tire du gingembre, de l'or, de l'argent, des pierreries & des perles. La maniere dont on y commerçoit dans les commencemens étoit assez singuliere. Les marchés se faisoient sans mot dire : l'acheteur & le vendeur se donnoient la main couverte d'un mouchoir, & ils convenoient de prix par le mouvement des doigts. Voilà un excellent moyen pour prevenir les encheres.","[[""20 30' N 110 30' E""]]",,20 30' N 110 30' E,20 30' N 110 30' E
v1-2625-0,ARBE,"*​ ARBE, (Géog. mod.)​ ville de la république de Venise, dans l’île de même nom, près des côtes de Dalmatie. Long. 32. 54. lat. 44. 55.","[[""44 55' N 32 54' E""]]",,44 55' N 32 54' E,44 55' N 32 54' E
v1-2647-0,ARBOURG,"*​ ARBOURG (Géog.)​ ville de Suisse, dans le canton de Berne, dans l’Argow, au bord de l’Aar. Long. 25. 25. lat. 47. 10.","[[""47 10' N 25 25' E""]]",,47 10' N 25 25' E,47 10' N 25 25' E
v1-2763-1,Ardes,"*​ Ardes, (Géog.)​ ville de France dans la basse-Auvergne, chef-lieu du duché de Mercœur. Longit. 20 40. lat. 45. 22.","[[""45 22' N 20 40' E""]]",,45 22' N 20 40' E,45 22' N 20 40' E
v1-2804-0,AREZZO,"*​ AREZZO, (Géog.)​ ancienne ville d’Italie, dans la Toscane, & le territoire de Florence. Long. 29. 32. lat. 43. 27.","[[""43 27' N 29 32' E""]]",,43 27' N 29 32' E,43 27' N 29 32' E
v1-2861-0,ARHUS ou ARHUSEN,"*​ ARHUS ou ARHUSEN, ville de Danemarck dans le nord Jutland, capitale du diocese d’Arhus, au bord de la mer Baltique, à l’embouchure de la riviere de Gude qui la traverse. Long. 27. 30. lat. 56. 10.","[[""56 10' N 27 30' E""]]",,56 10' N 27 30' E,56 10' N 27 30' E
v1-2899-0,ARLEUX,"*​ ARLEUX, petite & ancienne ville des Pays-Bas dans le Cambresis, sur les confins de la Flandre & du Hainaut. Long. 20. 46. lat. 50. 17.","[[""50 17' N 20 46' E""]]",,50 17' N 20 46' E,50 17' N 20 46' E
v1-2903-0,ARMAGH,"*​ ARMAGH, ville d’Irlande dans la province d’Ultonie & dans le comté d’Armagh ; elle est sur la riviere de Kalin. Long. 10. 46. lat. 54.","[[""54 N 10 46' E""]]",,54 N 10 46' E,54 N 10 46' O
v1-2943-0,ARMYDEN,"*​ ARMYDEN, (Géog.)​ ville des Provinces-Unies des Pays-Bas, dans l’île de Valcheren. Long. 21. 10. lat. 51. 30.","[[""51 30' N 21 10' E""]]",,51 30' N 21 10' E,51 30' N 21 10' E
v1-2959-0,ARNSTAD,"*​ ARNSTAD, petite ville d’Allemagne, dans la Thuringe, sur la riviere de Gera. Long. 28. 33. lat. 50. 54.","[[""50 54' N 28 33' E""]]",,50 54' N 28 33' E,50 54' N 28 33' E
v1-3006-0,ARQUES,"*​ ARQUES, (Géog.)​ petite ville de France, en Normandie, au pays de Caux, sur la petite riviere d’Arques. Long. 18. 50. lat. 49. 54.","[[""49 54' N 18 50' E""]]",,49 54' N 18 50' E,49 54' N 18 50' E
v1-3084-0,"ARTA, (L')","*​ ARTA, (l’) Géog.​ ville de la Turquie Européenne, dans la basse Albanie, proche la mer, sur la riviere d’Afdhas. Lon. 39. lat. 39. 28.","[[""39 28' N 39 E""]]",,39 28' N 39 E,39 28' N 39 E
v1-3145-0,ASAD-ABAD ou ASED-ABAD,"*​ ASAD-ABAD ou ASED-ABAD, ville d’Asie en Perse, dans l’Irac-Agemi. Long. 66. 5. lat. 36. 20.","[[""36 20' N 66 5' E""]]",,36 20' N 66 5' E,36 20' N 66 5' E
v1-3169-0,ASCHBOURKAN ou ASCHFOURKAN,"*​ ASCHBOURKAN ou ASCHFOURKAN, ville de la province de Chorasan. Long. 100. & lat. 36. 45.","[[""36 45' N 100 E""]]",,36 45' N 100 E,36 45' N 100 E
v1-3210-0,ASNA,"*​ ASNA, (Géog. anc. & mod.)​ ville de l’Egypte, sur le Nil ; on prétend que c’est l’ancienne Syenne. Long. 49. 10. lat. 38. 15.","[[""38 15' N 49 10' E""]]",,38 15' N 49 10' E,38 15' N 49 10' E
v1-3227-0,ASPEROSA,"*​ ASPEROSA, ville de la Turquie en Europe, dans la Romanie, sur la côte de l’Archipel. Lon. 42. 50. lat. 40. 58.","[[""40 58' N 42 50' E""]]",,40 58' N 42 50' E,40 58' N 42 50' E
v1-3390-0,ATACAMA,"*​ ATACAMA, (Géog. mod.)​ port de mer, dans l’Amérique méridionale, au Pérou, proche le tropique du Capricorne ; il y a un desert & des montagnes du même nom. Les montagnes séparent le Pérou du Chili ; il y fait si froid, que quelquefois on y meurt gelé. Le port est à 309d. 10′. de long. & 20. 30. de lat. mérid.","[[""20 30' S 309 10' E""]]",,20 30' S 309 10' E,20 30' S 309 10' O
v1-3392-0,ATALAVA,"*​ ATALAVA, petite ville de Portugal, dans l’Estramadure, proche le Tage. Long. 10. 5. lat. 39. 25.","[[""39 25' N 10 5' E""]]",,39 25' N 10 5' E,39 25' N 10 5' O
v1-3406-0,ATH,"*​ ATH, (Géog.)​ ville des Pays-bas dans le comté d’Hainaut, sur la Denre. Long. 21. 30. latit. 50. 35.","[[""50 35' N 21 30' E""]]",,50 35' N 21 30' E,50 35' N 21 30' E
v1-3427-0,ATHLONE,"*​ ATHLONE, (Géog.)​ ville d’Irlande, au comté de Roscommon, & sur le Shannon. Long. 9. 30. lat. 53. 20.","[[""53 20' N 9 30' E""]]",,53 20' N 9 30' E,53 20' N 9 30' O
v1-3524-0,AVALON,"*​ AVALON (Géographie.)​ ville de France en Bourgogne, dans l’Auxois, sur le Cousain. Long. 21. 22. lat. 47. 28.


Il y a dans l’île de Terre-Neuve, Amérique septentrionale, une province de même nom.","[[""47 28' N 21 22' E""]]",,47 28' N 21 22' E,47 28' N 21 22' E
v1-3557-0,AUBONNE,"*​ AUBONNE (Géog.)​ ville de Suisse, au canton de Berne sur la riviere de même nom, dans le pays de Vaux. Long. 23. 57. lat. 48. 30.","[[""48 30' N 23 57' E""]]",,48 30' N 23 57' E,48 30' N 23 57' E
v1-3564-0,AUCH,"*​ AUCH (Géog.)​ ville de France, capitale du comté d’Armagnac, & métropole de toute la Gascogne, proche la riviere de Gers. Long. 18. 10. lat. 43. 40.","[[""43 40' N 18 10' E""]]",,43 40' N 18 10' E,43 40' N 18 10' E
v1-3585-0,AVENCHE ou AVANCHE,"*​ AVENCHE ou AVANCHE (Géographie.)​ ville de​ Suisse, au canton de Berne. Long. 24. 37. lat. 46. 50.","[[""46 50' N 24 37' E""]]",,46 50' N 24 37' E,46 50' N 24 37' E
v1-3596-0,AVERSE,"*​ AVERSE, (Géog.)​ ville d’Italie, au royaume de Naples, dans la terre de labour. Long. 31. 50. lat. 41.","[[""41 N 31 50' E""]]",,41 N 31 50' E,41 N 31 50' E
v1-3761-0,AUTUN,"*​ AUTUN, (Géog.)​ ville de France au duché de Bourgogne, au pié de trois grandes montagnes, proche de l’Aroux. Long. 21. 58. 8. lat. 45. 56. 46.","[['45 56\' 46"" N 21 58\' 8"" E']]",,"45 56' 46"" N 21 58' 8"" E","45 56' 46"" N 21 58' 8"" E"
v1-3767-0,AUVILLARD,"*​ AUVILLARD (Géograghie.)​ ville de France, en Gascogne, dans la Lomagne, proche de la Garonne. Long. 18. 40. lat. 44. 7.","[[""44 7' N 18 40' E""]]",,44 7' N 18 40' E,44 7' N 18 40' E
v1-3777-0,AUXONNE,"*​ AUXONNE, ville de France au duché de Bourgogne, sur la Saonne. Long. 23. 3. 55. lat. 47. 11. 24.","[['47 11\' 24"" N 23 3\' 55"" E']]",,"47 11' 24"" N 23 3' 55"" E","47 11' 24"" N 23 3' 55"" E"
v1-3825-0,AZAY,"*​ AZAY, (Géog.)​ petite ville de France dans la Touraine, sur l’Indre. Long. 18. 5. lat 47. 18.","[[""47 18' N 18 5' E""]]",,47 18' N 18 5' E,47 18' N 18 5' E
v1-463-0,ACQUI,"*​ ACQUI, s. ville d’Italie, Duc. de Monferrat, sur la Bormia. Long. 26. 5. lat. 44. 40.","[[""44 40' N 26 5' E""]]",,44 40' N 26 5' E,44 40' N 26 5' E
v1-825-0,AGNADEL,"*​ AGNADEL, (Géog.)​ village du Milanez, dans la terre de Crémone, sur un canal entre l’Adda & Serio. Long. 27. lat. 45. 10.","[[""45 10' N 27 E""]]",,45 10' N 27 E,45 10' N 27 E
v1-85-0,ABBEVILLE,"*​ ABBEVILLE, ville considérable de France, sur la riviere de Somme qui la partage, dans la Basse-Picardie, capitale du Comté de Ponthieu. Long. 19 d. 19′. 40″. lat. trouvée de 50 d. 6′. 55″. par M. Cassini en 1688. Voyez Hist. Acad. page 56.","[['50 6\' 55"" N 19 19\' 40"" E']]",,"50 6' 55"" N 19 19' 40"" E","50 6' 55"" N 19 19' 40"" E"
v1-855-0,AGOSTA,"*​ AGOSTA, (Géog.)​ ville de Sicile, & port. Long. 33. lat. 37. 17.","[[""37 17' N 33 E""]]",,37 17' N 33 E,37 17' N 33 E
v1-875-0,AGRIA,"*​ AGRIA (Géog.)​ en Allemagne, ville de la haute Hongrie sur la riviere d’Agria. Longitude 37. lat. 47. 30.","[[""47 30' N 37 E""]]",,47 30' N 37 E,47 30' N 37 E
v1-907-0,AHUN,"*​ AHUN, petite ville de France dans la haute-Marche, Généralité de Moulins. Long. 19. 38. lat. 49. 5.","[[""49 5' N 19 38' E""]]",,49 5' N 19 38' E,49 5' N 19 38' E
v1-983-14,Aire,"*​ Aire, (Géog.)​ ville des Pays-Bas, comté d’Artois. Long. 20d3′28″. lat. 50d38′18″.","[['50 38\' 18"" N 20 3\' 28"" E']]",,"50 38' 18"" N 20 3' 28"" E","50 38' 18"" N 20 3' 28"" E"
v10-1019-37,Mer rouge,"Mer rouge, (Géog.)​ Oceanus ruber dans Horace ; golfe de l’Océan méridional, qui sépare l’Afrique de l’Asie, & s’engage dans les terres entre la côte d’Abeck, l’Egypte & l’Arabie, depuis le dé-​troit de Babel-Mandel, jusqu’à l’isthme de Suez.


Les anciens l’ont nommé sinus Arabicus, le golfe d’Arabie, parce que les Arabes en ont occupé les deux côtés. L’Ecriture-sainte l’appelle la mer du suph, c’est-à-dire la mer du jonc, à cause de la grande quantité de joncs, ou de mousse de mer, qui se trouve dans son fonds & sur ses bords. Les Turcs la nomment la mer de Suez, & plus communément la mer de la Meque, parce que cette ville, pour laquelle ils ont une singuliere vénération, est située près de cette mer.


On est en peine de savoir d’où vient ce nom de mer rouge. Pline liv. VI. c. 28, Strabon liv. XVI. pag. 520, & Quinte-Curse liv. X. avancent, sans aucune preuve, qu’on nomma cette mer Rouge, en grec Erythrea, d’un certain roi Erythros qui regna dans l’Arabie. Les modernes ont à leur tour cherché plusieurs étymologies de ce nom dont les plus savantes sont apparemment les moins vraies. Il en est de cette mer, comme de la mer Blanche, la mer Bleue, la mer Noire, la mer Vermeille, la mer Verte, &c. le hasard, la fantaisie, ou quelque événement particulier, a produit ces noms bizarres, qui ont ensuite fourni matiere à l’érudition des critiques.


Il est plus important de remarquer que l’on a quelquefois étendu le nom de mer Rouge au sein Persique & à la mer des Indes ; faute de cette attention, les interpretes ont repris fort mal-à-propos, plusieurs endroits des anciens auteurs qu’ils n’ont pas entendus.


M. de Lisle place la situation de la mer Rouge, selon sa longueur, à 51 degrés du méridien de Paris. Abulféda a donné la description la plus détaillée & la plus exacte de cette mer, qu’il nomme mer de Kolsum, parce que cette ville est située à l’extrémité de sa côte septentrionale, sous le 23. 45. de latitude.


Tout le monde sait le fameux miracle du passage de la mer rouge, lorsque le Seigneur ouvrit cette mer, la dessécha, & y fit passer à pié sec les Israélites, au nombre de six cent mille hommes, sans compter les vieillards, les femmes & les enfans.


Divers critiques, versés dans la connoissance du génie des langues orientales, ont cru pouvoir interpréter simplement le texte de l’Ecriture, quelque formel qu’il paroisse. Ils ont dit que Moïse, qui avoit été long-tems sur la mer Rouge dans le pays de Madian, ayant observé qu’elle avoit son flux & reflux reglé comme l’Océan, avoit sagement profité du tems du reflux, pour faire passer le peuple hébreu ; & que les Egyptiens qui ignoroient la nature de cette mer, s’y étant témérairement engagés dans le tems du flux, furent enveloppés dans ses eaux, & périrent tous, comme dit l’historien sacré. C’est du moins ainsi que les prêtres de Memphis le racontoient, au rapport d’Artapane, apud Euseb. præpar. liv. IV. c. xvij.


Josephe dans ses antiq. liv. II. ch. dernier, après avoir rapporté l’histoire du passage de la mer rouge, telle que Moïse l’a racontée, ajoute qu’on ne doit pas regarder ce fait comme impossible, parce que Dieu peut avoir ouvert un passage aux Hébreux, à travers les eaux de cette mer, comme il en ouvrit un, long-tems après, aux Macédoniens conduits par Alexandre, lorsqu’ils passerent la mer de Pamphilie. Or les historiens qui ont parlé de ce passage des Macédoniens, disent qu’ils entrerent dans la mer, & en cotoyerent les bords, en marchant tout le jour dans l’eau jusqu’à la ceinture. Arrien lib. I. de exped. Alexandri, remarque qu’on n’y sauroit passer quand le vent du midi soufle ; mais que le vent s’étant changé tout-à-coup, donna aux soldats le moyen d’y passer sans péril. C’est peut-être la réflexion de Josephe qui a fait croire à quelques anciens,​ & à divers modernes, à S. Thomas par exemple, à Tostat, à Grotius, à Paul de Burgos, à Génébrad, à Vatable & à plus d’un rabin, que les Israélites ne passerent pas la mer Rouge d’un bord à l’autre ; mais seulement qu’ils la cotoyerent, & remonterent pendant le flux, de l’endroit où ils étoient à un autre endroit un peu plus haut, en faisant comme un demi-cercle dans la mer.


On ne manque pas de savans qui se sont attachés à refuter cette opinion. Voyez les principaux commentateurs de l’Ecriture sur l’Exode, ch. xiv. Voyez en particulier la dissertation de M. Leclerc, & celle de dom Calmet, sur le passage de la mer Rouge. (D. J.)​","[[""23 45' N 51 E""]]",['Paris'],23 45' N 51 E,23 45' N | 51 E
v10-103-0,MANICA,"MANICA, (Géog.)​ contrée d’Afrique dans la Cafrerie. Il y a royaume, riviere, ville & mines de ce nom. La riviere est la même que celle de Laurent Marquez. Elle a sa source dans les montagnes de Lupara, vers les 42. 30. de longit. & par le 20. de lat. méridionale ; elle se perd dans un petit golfe, qui forme l’île d’Inhaqua. Le royaume s’étend à l’orient & au nord de cette riviere. Le roi du pays s’appelle Chicanga. Manica ou Magnica est sa ville capitale, & la seule qu’on connoît. Au midi de cette ville sont des mines d’or, connues sous le nom de mines de Manica. (D. J.)​","[[""20 S 42 30' E""]]",,20 S 42 30' E,20 S 42 30' E
v10-1033-0,MERCOEUR,"MERCŒUR, (Géog.)​ en latin moderne Mercorium, petite ville de France en Auvergne, avec titre de duché érigé en 1569 par Charles IX. en faveur de Nicolas de Lorraine. M. le prince de Conti en est aujourd’hui le seigneur. Mercœur est situé au pié des montagnes près d’Ardes, à 8 lieues de Clermont. Long. 20. 45. lat. 45. 46. (D. J.)​","[[""45 46' N 20 45' E""]]",,45 46' N 20 45' E,45 46' N 20 45' E
v10-1041-0,MERECZ,"MERECZ, (Géog.)​ ville du grand duché de Lithuanie, au confluent de la Meretz & du Mémen, à 12 lieues N. E. de Grodno, 19 S. E. de Vilna. Long. 43. 2. lat. 53. 55.","[[""53 55' N 43 2' E""]]",,53 55' N 43 2' E,53 55' N 43 2' E
v10-1083-0,MERY-SUR-SEINE,"MERY-SUR-SEINE, (Géog.)​ petite ville de France dans la Champagne, à 5 lieues au-dessous de Troyes. Il y a un bailliage royal, & un prieuré de l’ordre de S. Benoit. Long. 21. 40. lot. 48. 15.","[[""48 15' N 21 40' E""]]",,48 15' N 21 40' E,48 15' N 21 40' E
v10-1126-0,MESSINE,"MESSINE, (Géog.)​ en latin Messana, mot auquel nous renvoyons le lecteur. Messine est une très ancienne ville de Sicile, dans la partie orientale du Val de Démona sur la côte du Fare de Messine, vis-à-vis du continent de l’Italie, au midi occidental du fort de Faro.


Elle a un archevêché, une citadelle qui la commande, un vaste & magnifique port, qui la rendroit commerçante, si l’on savoit profiter de sa position ; mais elle ne brille que par ses monasteres. On y comptoit 80 mille habitans avant les vêpres siciliennes, on n’en compteroit pas aujourd’hui la moitié. Elle dispute avec Palerme le titre de capitale, le procès n’est point jugé, & le vice-roi de Sicile demeure six mois dans l’une, & six mois dans l’autre.


Elle est située sur la mer, au pié, & sur la pente de plusieurs collines qui l’entourent, à 40 lieues E. de Palerme, 17 N. E. de Catane, 100 S. E. de Rome, 60 S. E. de Naples. Long. selon de la Hire & des Places, 33, 47′, 45″, lat. 38, 21.


Cette ville est la patrie de quelques gens de lettres, dont les noms obscurs ne doivent point entrer dans l’Encyclopédie ; mais l’Italie a connu la peinture à l’huile par un de ses citoyens. Van Eyk de Bruges, inventeur de cette peinture, en confia le secret à Antoine de Messine, de qui le Bellin sut l’arracher par stratageme, & alors ce ne fut plus un mystere pour tous les peintres. (D. J.)​","[['38 21\' N 33 47\' 45"" E']]",,"38 21' N 33 47' 45"" E","38 21' N 33 47' 45"" E"
v10-1246-0,"MEULAN, Mellentum, ou Medlintum","MEULAN, Mellentum, ou Medlintum, (Géogr.)​ petite ville de l’Isle de France, bâtie en forme d’amphithéâtre sur la Seine. C’est une ville ancienne, puisque dans les premiers siecles de la monarchie elle a été le partage d’un fils de France, que l’on nommoit le comte Galeran de Meulan. Elle est régie conjointement avec Mantes par une même coutume particuliere, qui fut rédigée en 1556. Sa situation est à 3 lieues de Mantes & de Poissy, & à 8 au-dessous de Paris. Long. 19. 32. lat. 49. 1. (D. J.)​","[[""49 1' N 19 32' E""]]",,49 1' N 19 32' E,49 1' N 19 32' E
v10-1262-0,MEXAT-OCEM ou RERBESA,"MEXAT-OCEM ou RERBESA, (Géog.)​ ville de Perse, dans l’Irac-Rabi. Elle prend son nom d’une mosquée dédiée à Ocem, fils d’Aly. Elle est dans un terroir fertile, sur l’Euphrate. Long. 62. 40. lat. 32. 20. (D. J.)​","[[""32 20' N 62 40' E""]]",,32 20' N 62 40' E,32 20' N 62 40' E
v10-1295-3,Michel Saint,"Michel Saint, (Géog.)​ ville de l’Amérique septentrionale, dans la nouvelle Espagne, dans la province de Méchoacan ; elle est à 140 lieues de México. Long. 274. 40. lat. 21. 35. (D. J.)​","[[""21 35' N 274 40' E""]]",,21 35' N 274 40' E,21 35' N 274 40' O
v10-1329-0,MIGANA,"MIGANA, (Géog.)​ ville d’Afrique dans la province de Bugie, au royaume de Trémecen. Elle est à 4 lieues de la montagne de La-Abez. Ptolomée en parle sous le nom de Lare, & lui donne 17. 30. de long. & 30. 40. de latitude. (D. J.)​","[[""30 40' N 17 30' E""]]",,30 40' N 17 30' E,30 40' N 17 30' E
v10-1338-0,"MIGUEL, Saint","MIGUEL, Saint- (Géogr.)​ ville de l’Amérique dans la nouvelle Espagne, dans la province de Guatimala, sur une petite riviere à 60 lieues de Guatimala. Long. 289. 50 lat. 13.","[[""13 N 289 50' E""]]",,13 N 289 50' E,13 N 289 50' O
v10-1409-0,MINDORA,"MINDORA, (Géogr.)​ île de la mer des Indes, une des Philippines, à 18 lieues de Luçon. Elle a 20 lieues de tour, & une petite ville nommée Baco. Elle est remplie de montagnes qui abondent en pal-​miers. Les habitans sont tous idolâtres, & payent tribut aux Espagnols à qui l’île appartient. Long. 135. latit. 13. (D. J.)​",[['13 N 135 E']],,13 N 135 E,13 N 135 E
v10-1446-0,MINORBINO,"MINORBINO, (Géog.)​ petite ville d’Italie au royaume de Naples, dans la terre de Bari, avec un évêché suffragant de Bari, à 8 lieues N. O. de Cirenza. Long. 33. 45. latit. 40. 30. (D. J.)​","[[""40 30' N 33 45' E""]]",,40 30' N 33 45' E,40 30' N 33 45' E
v10-1474-3,Miranda de Ebro,"Miranda de Ebro, (Géog.)​ petite ville d’Espagne dans la vieille Castille. Elle est dans un terroir fertile en excellent vin, sur les deux bords de l’Ebre qui la traverse, sous un pont, à 64 lieues N. de Madrid, 14 S. O. de Bilbao. Long. 14. 25. lat. 42. 52. (D. J.)​","[[""42 52' N 14 25' E""]]",,42 52' N 14 25' E,42 52' N 14 25' O
v10-1475-0,"MIRANDE, la","MIRANDE, la, (Géog.)​ pauvre petite ville de France en Gascogne, capitale du comté d’Astarac. Elle fut bâtie en 1289, sur la Baise, à 6 lieues S. O. d’Ausch, 160 S. O. de Paris. Long. 17. 56. lat. 42. 33. (D. J.)​","[[""42 33' N 17 56' E""]]",,42 33' N 17 56' E,42 33' N 17 56' E
v10-1481-0,MIREMONT,"MIREMONT, (Géog.)​ petite ville ou plutôt bourg de France dans le Périgord, proche la Vézere, à 6 lieues de Sarlat, à 8 de Périgueux. On voit auprès une grande caverne appellée Cluseau, fort célebre dans le pays. Long. 18. 26. lat. 45. 12. (D. J.)​","[[""45 12' N 18 26' E""]]",,45 12' N 18 26' E,45 12' N 18 26' E
v10-1555-0,MITTAU,"MITTAU, (Géog.)​ petite ville du duché de Curlande, capitale de la Sémigalle & de la Curlande. Les Suédois la prirent en 1701, & les Moscovites en 1706. Elle est sur la riviere de Bodler, à 8 lieues S. O. de Riga, 96 N. de Varsovie. Long. 41. 45. lat. 56. (D. J.)​","[[""56 N 41 45' E""]]",,56 N 41 45' E,56 N 41 45' E
v10-1580-0,"MOCHA, ou MOKA","MOCHA, ou MOKA, (Géog.)​ ville de l’Arabie heureuse, avec un bon port, à l’entrée de la mer Rouge, à 15 lieues N. du détroit de Babel-Mandel. La chaleur y est excessive & les pluies fort rares. On fait à Mocha un commerce assez considérable de café qui y passe pour excellent. Long. 303. lat. mérid. 34.",[['34 S 303 E']],,34 S 303 E,34 S 303 E
v10-1615-0,"MOEN, ou MOONE, ou MOW, ou MUEN, ou MONE-DANOISE","MOEN, ou MOONE, ou MOW, ou MUEN, ou MONE-DANOISE, (Geog.)​ en latin Mona danica, île du royaume de Danemarck, dans la mer Baltique, Stege en est la capitale. Il y a dans cette île une forteresse & plusieurs villages. Long. 30. 40′. lat. 54. 56. à 55d. 8′. (D. J.)​","[[""54 56' N 30 40' E""]]",,54 56' N 30 40' E,54 56' N 30 40' E | 55 8' N 30 40' E
v10-1630-0,MOHILOW,"MOHILOW, (Géog.)​ ville de Pologne, dans la Lithuanie, au Palatinat de Mseislaw. Les Suédois y remporterent une grande victoire sur les Moscovites en 1707. Elle est sur le Nieper, à 14 lieues S. d’Orsa, 20 S. O. de Mseislaw. Long. 49. 20. lat. 53. 58. (D. J.)​","[[""53 58' N 49 20' E""]]",,53 58' N 49 20' E,53 58' N 49 20' E
v10-1671-0,MOLEFTTA,"MOLEFTTA, (Géog.)​ en latin Melsictum, petite ville d’Italie, dans le royaume de Naples, dans la terre de Bari, avec un évêché suffragant de Bari, & titre de duché. Elle est sur le golfe de Venise, à 3 lieues N. O. de Bari, 2 E. de Frani. Long. 31. 25. lat. 41. 28. (D. J.)​","[[""41 28' N 31 25' E""]]",,41 28' N 31 25' E,41 28' N 31 25' E
v10-1682-0,"MOLINGAR, ou MULINGAR","MOLINGAR, ou MULINGAR, (Géog.)​ ville forte d’Irlande, capitale du comté d’West-Méash, à 40 milles O. de Dublin, & à 13 de Batimore. Long. 10. 12. let. 53. 28. (D. J.)​","[[""53 28' N 10 12' E""]]",,53 28' N 10 12' E,53 28' N 10 12' O
v10-1720-0,MONACO,"MONACO, Monacum, (Géog.)​ petite, ancienne & forte ville d’Italie, dans la partie occidentale de la mer de Gènes, capitale d’une principauté de même nom, avec un château, une citadelle, & un port.


Elle est située sur un rocher qui s’étend dans la mer, & qui est fortifié par la nature. Sur ce rocher étoit autrefois le temple d’Hercule Monacus, qui donne encore le nom à la ville. Ce lieu étoit connu de Virgile, ainsi qu’il paroît par le vers 831 du liv. VI. de l’éneïde.



Aggeribus socer Alpinis, atque arce Monæci
Descendens.


La ville de Monaco est regardée comme une place importante, parce qu’elle est frontiere de France, à l’entrée de la mer de Provence. Son port, qui est au pié de la ville, a été décrit magnifiquement par Lucain, l. I. v. 405. & suiv.



Quæque sub Hercule sacratus nomine portus !
Urget rupe cavâ Pclagus. Non corus in illum
Jus habet, aut Zephirus ; solus sua littora turbat
Circius, & tutâ prohibet statione Monæci.


Le château est bâti sur un rocher escarpé que battent les flots de la mer. Il n’y a qu’une terrible montagne qui commande la ville, & qui diminue beaucoup de sa force.


La maison de Grimaldi, issue de Grimoald, maire du palais, sous Childebert II. a possédé la principauté de Monaco, depuis l’empire d’Othon I. jusques à la mort du dernier seigneur de cette maison, dont la fille aînée porta cette principauté dans la maison de Matignon, à la charge que le nom & les armes de Monaco se continueroient dans ses descendans.


On sait comment Honoré Grimaldi II. du nom, prince de Monaco, délivra sa ville, en 1641, du joug des Espagnols, qui en étoient les maîtres, & se mit sous la protection de la France. Son exploit a un grand rapport avec ceux de Pélopidas, & de Thrasybule.


Monaco est à 3 lieues S. O. de Vintimiglia, 2 N. E. de Villefranche, 3 N. E. de Nice, 170 S. E. de Paris. Long. 25. 8. lat. selon le P. Laval, 43. 43′. 40″. (D. J.)​","[['43 43\' 40"" N 25 8\' E']]",,"43 43' 40"" N 25 8' E","43 43' 40"" N 25 8' E"
v10-1739-0,MONCONTOUR,"MONCONTOUR, (Géog.)​ Mons Contorius, ou Mons Consularis ; petite ville de France, dans le Mirebalais, remarquable par la bataille que le duc d’Anjou y gagna contre l’amiral de Coligni en 1569. Elle est sur la Dive, à 4 lieues de Loudun, 9 de​ Saumur, 64 S. O. de Paris. Long. 17. 36. lat. 46. 20. (D. J.)​","[[""46 20' N 17 36' E""]]",,46 20' N 17 36' E,46 20' N 17 36' E
v10-1758-0,MONHEIM,"MONHEIM, (Géog.)​ petite ville d’Allemagne, ​ dans la Baviere, aux confins de la Souabe, à 3 lieues de Weisembourg, 2 de Donawert. Long. 28. 22. lat. 53. (D. J.)​","[[""53 N 28 22' E""]]",,53 N 28 22' E,53 N 28 22' E
v10-1764-0,MONMORILLON,"MONMORILLON, (Géog.)​ en latin moderne mons Morillio, ville de France, aux confins de la Marche & du Berri, au bord de la Gartampe, qu’on y passe sur un pont le pierre, à neuf lieues de Poitiers. Long. 18. 30. lat. 46. 28.","[[""46 28' N 18 30' E""]]",,46 28' N 18 30' E,46 28' N 18 30' E
v10-177-1,Mantoue,"Mantoue, Mantua, (Géog.)​ ancienne ville d’Italie, dans la Lombardie, capitale du duché auquel elle donne le nom, avec un archevêché, une université, & une bonne citadelle.


Mantoue, si l’on en croit Eusebe, est une des anciennes villes du monde, & avoit été bâtie 430 ans avant Rome. Virgile pour l’ennoblir encore davantage, déclare qu’elle fut fondée par Œnus fils du Tibre, & de la devineresse Manto, & qu’il la nomma du nom de sa mere.


Pline la place dans l’Istrie, & insinue qu’elle appartenoit aux Toscans.


Après la décadence de l’empire romain. Mantoue fut envahie par les Lombards, & ensuite conquise sur ceux-ci par Charlemagne : sous les descendans de cet empereur, l’Italie étant devenue le partage de divers princes, Mantoue passa de tirans en tirans, jusqu’à Louis de Gonzague, qui s’y établit en 1328. Son petit-fils Jean François fut créé marquis de Mantoue par l’empereur, en 1433 ; & Frédéric II. en fut fait duc par Charles-quint, en 1530. L’alliance de la France que le dernier duc de Mantoue crut devoir préférer à celle de la maison d’Autriche, devint fatale à ce prince dans la guerre de 1700. Il fut contraint de se retirer dans l’état de Venise où il mourut en 1708. L’empereur s’empara de sa succession, que les ducs de Lorraine & de Guastalla se disputoient.


Il y avoit déjà long-tems que le palais du duc de Mantoue, si renommé par ses ameublemens précieux, ses peintures, ses statues, ses vases, & ses autres raretés, avoit été pillé par les Impériaux, dans le sac de cette ville, en 1630.


Mantoue est bâtie dans un terrein bas & ferme, sur un côté du marais formé par le Mincio, & qui est dix fois plus long que large, à 14 lieues N. O. de Modène, & 36 N. O. de Florence. Long. selon de la Hire & Desplaces, 28. 30. 30. lat. 45. 11.


Mais cette ville est à jamais fameuse dans les écrits des anciens & des modernes, pour avoir donné la naissance à Virgile qui dit lui-même dans ses Géorgiques, l. III. ℣ xij.



Primus idumæas referam tibi Mantua palmas,

​ 
Et viridi campo templum de marmore ponam.


Marone felix Mantua, s’écrie Martial ! & Silius Italicus en fait ce magnifique éloge, en disant :



Nectat adoratas & Smyrna, & Mantua lauros.


Toutefois Virgile n’étoit pas né dans la ville de Mantoue, mais dans un village voisin nommé Andes, aujourd’hui Petula. Nous parlerons de l’excellence de sa muse, à l’article Poetes latins.


Il suffit de remarquer ici qu’il est ridicule que la majesté de l’Enéide ait été travestie par Scarron en burlesque, & décousue par des modernes pour former d’autres sens, en donnant aux vers du prince des poëtes, d’autres arrangemens.


Cependant Capilupi (Lélio), né à Mantoue en 1498, s’est rendu célebre en employant ses talens à se jouer des vers de Virgile, pour décrire satyriquement l’origine des moines, leurs regles & leur vie ; car voilà ce que c’est que le centon virgilien de Capilupi, dont tout le monde connoît le passage suivant :



Non absunt illi saltus, armentaque læta ;
Celati argenti sunt, aurique multa talenta.
Sacra Deûm, sanctique patres, & chara sororum
Pectore merentum tenebris, & carcere cæco
Centum ærei claudunt vectes ; & sæpè sine ullis
Conjugiis, vento gravidæ, mirabile dictu !
Religione sacræ ! Non hæc sine numine Divûm !
Jam nova progenies cœlo dimittitur alto ;
Credo equidem, nec vana fides, genus esse Deorum.


On vante ce morceau entre plusieurs autres comme très-heureux & très-ingénieux ; mais il est encore plus méchant ; & certainement Capilupi pouvoit mieux employer son esprit & ses veilles : il mourut dans sa patrie en 1560. (D. J.)​","[['45 11\' N 28 30\' 30"" E']]",,"45 11' N 28 30' 30"" E","45 11' N 28 30' 30"" E"
v10-1794-0,MONOPOLI,"MONOPOLI, (Géogr.)​ ville d’Italie, au royaume de Naples, dans la terre de Bari, avec un évêché suffragant de Bari, mais exempt de sa jurisdiction. Elle est sur le golfe de Venise, à 9 lieues S. E. de Bari, 3 S. E. de Polignano. Long. 35. 2. lat. 41. 10. (D. J.)​","[[""41 10' N 35 2' E""]]",,41 10' N 35 2' E,41 10' N 35 2' E
v10-1811-0,MONSTERBERG ou MUNSTERBERG,"MONSTERBERG ou MUNSTERBERG, (Géog.)​ ville de la basse Silésie dans la province de même nom. Elle a été fondée par l’Empereur Henri II. qui fit bâtir en ce lieu un monastere, d’où elle fut appellée Monsterberg. Elle est à 5 milles N. E. O. de Glatz, 8 S. de Breslau. Long. 34. 56. lat. 50. 38.","[[""50 38' N 34 56' E""]]",,50 38' N 34 56' E,50 38' N 34 56' E
v10-1819-0,MONTAGNIAC,"MONTAGNIAC, (Géog.)​ ville considérable d’Asie, en Natolie, dans la province de Bec-Sangil, sur la mer de Marmora. M. Vaillant prétend sur des inscriptions authentiques, trouvées sur les lieux, que Montagniac est l’ancienne Apamée. Pour se refuser à cette conjecture, il faut dire que les inscriptions qui l’autorisent, ont été transportées à Montagniac de quelque endroit voisin. Quoi qu’il en soit, le golfe sur les bords duquel est bâtie Montagniac, s’appelloit autrefois Cianus sinus, de l’ancienne ville de Cium, dont on voit encore quelques ruines. Par le moyen de ce golfe, cette ville a commerce avec Constantinople, dont elle est à 24 lieues, & avec Bursa, dont elle est à 5 lieues. Long. 46. 30. lat. 40. 10. (D. J.)​","[[""40 10' N 46 30' E""]]",,40 10' N 46 30' E,40 10' N 46 30' E
v10-1831-0,MONTARGIS,"MONTARGIS, (Géograph.)​ ville de France dans l’Orleanois. Son nom latin du moyen âge est Mons Argisus pour Mons Argisi. Le roi saint Louis donna Montargis & tout le pays voisin à son fils Philippe. Louis XIV. le donna en appanage à son frere Philippe ; & c’est à ce titre que M. le duc d’Orleans en est aujourd’hui possesseur. Son ancien château bâti par le roi Charles V. tombe en ruines.


Montargis a un bailliage, un présidial, une coûtume particuliere réformée en 1531, & une belle forêt composée de 8300 arpens.


M. de Valois pensoit que le Vellaunodunum de César étoit Montargis ; mais il n’y a rien qui puisse appuyer ce sentiment que la seule autorité de ce savant homme. Montargis est une cité nouvelle du moyen âge, dans laquelle on ne trouve aucune trace d’antiquité, & dont la position ne quadre point avec le passage entier de César.


Cette ville est sur le Loin à 6 lieues de Nemours, 20 de Nevers, & 24 de Paris. Long. selon Cassini, 20. 14′. 30″. lat. 47. 59′. 55″.


Madame Guyon (Jeanne-Marie-Bouvieres de la Mothe) si célebre par ses écrits & ses disgraces, naquit à Montargis le 13 Avril 1648. On sait ses avan-​tures. Elle abandonna ses biens à ses enfans pour devenir supérieure d’une communauté établie à Gex ; les regles de cette communauté n’ayant pas été de son goût, elle précha d’autres maximes, & se vit obligée de se retirer chez les Ursulines de Thonon, de-là à Turin, à Grenoble, à Verceil. Au milieu de toutes ses courses, elle composa plusieurs livres, entr’autres le Cantique des Cantiques, interpreté selon le sens mystique, & les Torrens spirituels. Elle se rendit à Paris pour sa santé, dogmatisa, & fut mise dans un couvent. Mais la protection toute-puissante de madame de Maintenon lui rendit la liberté ; elle vint à Versailles remercier sa bienfaitrice, vit l’abbé de Fénelon, alors précepteur des enfans de France, & gagna son amitié. Elle répandit bientôt dans Saint-Cyr ses sentimens, & madame de Maintenon l’abandonna. Alors elle fut renfermée au château de Vincennes, & ensuite à la Bastille ; elle en sortit, & se retira à Blois, où elle mourut le 9 Juin 1717, à 69 ans. Veuve dans une grande jeunesse, avec du bien, de la beauté & un esprit fait pour le monde, elle s’entêta, dt M. de Voltaire, de ce qu’on appelle la spiritualité, devint chef de secte, & finalement mit aux mains les deux plus grands hommes qui fussent alors dans l’Eglise, M. Bossuet & M. de Fénelon, qu’elle eut la gloire d’avoir pour disciple, & qu’elle appelloit son fils. (D. J.)​","[['47 59\' 55"" N 20 14\' 30"" E']]",,"47 59' 55"" N 20 14' 30"" E","47 59' 55"" N 20 14' 30"" E"
v10-1834-0,MONTBAZON,"MONTBAZON, (Géogr.)​ bourg ou petite ville de France en Tonraine, avec titre de duché-pairie, érigée en 1588. Elle est agréablement située au pié d’une colline, à 3 lieues de Tours, 54 S. O. de Paris. Long. 18d. 22′. 24″. latit. 47d. 17′. 7″.","[['47 17\' 7"" N 18 22\' 24"" E']]",,"47 17' 7"" N 18 22' 24"" E","47 17' 7"" N 18 22' 24"" E"
v10-1867-0,MONTE-PELOSO,"MONTE-PELOSO, (Géog.)​ petite ville d’Italie, au royaume de Naples, dans la Basilicate, vers les confins de la province de Bari, avec un évêché sufragant de Cirenza, mais exempt de sa jurisdiction. Long. 33. 58. lat. 40. 50.","[[""40 50' N 33 58' E""]]",,40 50' N 33 58' E,40 50' N 33 58' E
v10-1886-0,"MONTIVILLIERS, ou MONTIERSVILLIERS","MONTIVILLIERS, ou MONTIERSVILLIERS, en latin Monasterium vestus, (Géog.)​ petite ville de France en Normandie, au gouvernement du Havre-de-Grace. Elle est située sur la Lézarde, à une petite lieue d’Harfleur, deux du Havre-de Grace, six de Fécamp & de Lislebonne, seize de Rouen, trente-six N. O. de Paris. Il y a une riche, ancienne & célebre abbaye de bénédictins, fondée par le duc Warathon, maire du palais, & établie vers l’an 674. Long. 17. 58. lat. 49. 35. (D. J.)​","[[""49 35' N 17 58' E""]]",,49 35' N 17 58' E,49 35' N 17 58' E
v10-1889-0,"MONT L'HERI, ou MONT LE HÉRI","MONT L’HERI, ou MONT LE HÉRI, (Geog.)​ petite ville de l’île de France à 6 lieues de Paris, & à 3 de Corbeil. Son ancien nom latin est Mons-Letherici, corrompu dès le xij. siecle, en Mons Leherici, ou Leheri. Elle prit ce nom de son fondateur. Il se donna à Mont-l’Heri une sanglante bataille en 1465, entre Louis XI. & Charles de France, duc de Berri, son frere. Long-tems auparavant Louis-le-​Gros avoit ruiné le château de Mont-l’Héri, excepté la tour qui subsiste encore aujourd’hui. Long. selon Cassini, 19. 47′. 37″. lat. 48. 38′. 5″. (D. J.)​","[['48 38\' 5"" N 19 47\' 37"" E']]",,"48 38' 5"" N 19 47' 37"" E","48 38' 5"" N 19 47' 37"" E"
v10-1896-0,MONT-MERLE,"MONT-MERLE, (Géogr.)​ petite ville de France, dans la principauté de Dombes, & l’une de ses douzes chatellenies. Elle est située sur la Sône, & a un couvent de minimes sur une hauteur. Long. 22. 24. lat. 45. 55. (D. J.)​","[[""45 55' N 22 24' E""]]",,45 55' N 22 24' E,45 55' N 22 24' E
v10-1920-0,MONZA,"MONZA, (Géog.)​ ville d’Italie, dans le Milanez, sur le Lambro, à 11 milles N. E. de Milan, 21 S. O. de Bergame. Long. 26. 45. lat. 45. 33.","[[""45 33' N 26 45' E""]]",,45 33' N 26 45' E,45 33' N 26 45' E
v10-1940-0,MORAT,"MORAT, (Géogr.)​ petite ville de la Suisse, sur la route d’Avenche à Berne, capitale du bailliage du même nom, appartenant aux cantons de Berne & de Fribourg.


Morat est illustré par trois sieges mémorables, qu’il a soutenus glorieusement ; le premier en 1032, contre l’empereur Conrard le Salique ; le second en 1292, contre l’empereur Rodolphe de Habsbourg ; & le troisieme en 1476, contre Charles le Hardi dernier duc de Bourgogne. Ce dernier siege fut suivi de​ cette fameuse bataille, où les Suisses triompherent, & mirent l’armée du duc dans la déroute la plus complette. Les habitans de Morat célebrent encore de tems à autre ce grand événement par des fêtes & des réjouissances publiques. Ce fut-là l’aurore de leur liberté, que M. de Voltaire a peinte d’un si beau coloris dans les vers suivans :



Je vois la liberté répandant tous les biens,
Descendre de Morat en habit de guerriere,
Les mains teintes du sang des fiers Autrichiens,
Et de Charles le téméraire.
Devant elle on portoit ces piques & ces dards,
On traînoit ces canons, ces échelles fatales
Qu’elle-même brisa, quand ses mains triomphales
De</i> Morat <i>en danger, défendoit les remparts ;
Tout un peuple la suit, sa naïve allegresse
Fit à tout l’Appennin répéter ses clameurs ;
Leurs fronts sont couronnés de ces fleurs que la Grece
Aux champs de Marathon, prodiguoit aux vainqueurs.


A un quart de lieue de Morat, on voit sur le grand chemin d’Avence, une chapelle autrefois remplie d’ossemens des bourgignons qui périrent au siege & à la bataille de 1476. Au-dessous de la porte de la chapelle dont je parle, on lit cette inscription singuliere, que les Suisses y ont fait graver : Deo. Opt. Max. Caroli inclyti, & fortissimi Burgundiæ ducis, exercitus Muratum obsidens, ab Helvetiis cæsus, hoc sui monumentum reliquit, anno 1476.


Le territoire de Morat est un pays de vignes, de champs, de prés, de bois & de marais. Son lac joint à un canal qui se rend au lac d’Yverdun & de Neuchatel, y répand du commerce. Le lac de Morat peut avoir 25 brasses de profondeur, & nourrit du poisson délicat.


Le bailliage de Morat appartient en commun aux cantons de Berne & de Fribourg, & l’on y parle, comme dans la ville, les deux langues, l’allemand & le françois, ou romand ; mais tout le baillage est de la religion protestante. Elle fut établie dans Morat en 1530, à la pluralité des voix, en présence des députés de Berne & de Fribourg. Le reste du bailliage imita bientôt l’exemple des habitans de la ville.


Elle est en partie située sur une hauteur qui a une belle esplanade, en partie au bord du lac de son nom, à 4 lieues O. de Berne, & pareille distance N. E. de Fribourg. Long. 24. 56. lat. 47. (D. J.)​","[[""47 N 24 56' E""]]",,47 N 24 56' E,47 N 24 56' E
v10-1947-0,MORBEGNO,"MORBEGNO, (Géog.)​ gros bourg de la Valteline, chef-lieu de la premiere communauté du cinquieme gouvernement de la Valteline, & la résidence du gouverneur & de la régence. Il est sur l’Adda, à 5 lieues S. E. de Chiavenne, 8 N. E. de Lecco. Long. 26. 58. lat. 46. 7. (D. J.)​","[[""46 7' N 26 58' E""]]",,46 7' N 26 58' E,46 7' N 26 58' E
v10-1982-0,MORHANGE,"MORHANGE, (Géog.)​ en allemand Moerchingen, ancienne bourgade de la Lorraine allemande,​avec titre de comté. Les seigneurs de cette bourgade prennent la qualité de rhingraves, & ne relevent que de l’Empire. Elle est à 10 lieues N. E. de Nancy, 80 N. E. de Paris. Longit. 24. 17. 35. lat. 48. 55. 30. (D. J.)​","[['48 55\' 30"" N 24 17\' 35"" E']]",,"48 55' 30"" N 24 17' 35"" E","48 55' 30"" N 24 17' 35"" E"
v10-199-0,MAQUEDA,"MAQUEDA, (Géogr.)​ petite ville d’Espagne dans la nouvelle Castille, avec titre de duché, dans un terroir couvert d’oliviers, à trois lieues de Tolede, & à deux d’Escalona. Longit. 14. 17. lat. 39. 50. (D. J.)​","[[""39 50' N 14 17' E""]]",,39 50' N 14 17' E,39 50' N 14 17' O
v10-2020-1,Mortagne,"Mortagne, (Géog.)​ en latin moderne Moritania ; petite ville de la Flandre Wallone, au Tournésis, au confluent de la Scarpe avec l’Escaut, à 3 lieues au-dessus de Tournai. Long. 21. 10. lat. 50. 30. (D. J.)​","[[""50 30' N 21 10' E""]]",,50 30' N 21 10' E,50 30' N 21 10' E
v10-2060-1,"Moskow, le duché de","Moskow, le duché de, (Géog.)​ province de l’empire russien, appellé la Moscovie proprement dite, pour la distinguer de tout l’empire du czar.


Cette province particuliere a titre de duché ; car pendant long-tems les czars n’ont été connus que sous le titre de grands ducs de Moscovie. Elle prend son nom de sa capitale, qui elle-même le reçoit de la riviere qui l’arrose. Les autres rivieres principales sont l’Occa & la Clesma, qui vont grossir le Volga. Dans la partie occidentale du duché de Moskow est une grande forêt de vingt-cinq lieues, d’où sort le Borysthène, qui de-là passe par le duché de Smolencko, entre en Lithuanie, en Pologne, en Ukraine, &c. Long. du duché de Moskou 53. 63. lat. 52. 58. (D. J.)​","[[""52 58' N 53 63' E""]]",,52 58' N 53 63' E,52 58' N 53 63' E
v10-2129-1,Moulins en Gilbert,"Moulins en Gilbert, (Géog.)​ petite ville de France en Nivernois, au pié des montagnes du Morvant, à 2 lieues de Château-Chinon. Long. 21. 23. lat. 47. 2. (D. J.)​","[[""47 2' N 21 23' E""]]",,47 2' N 21 23' E,47 2' N 21 23' E
v10-2135-0,MOURA,"MOURA, (Géog.)​ ville de Portugal, dans la province d’Alentéjo, au confluent de l’Ardila & de la Guadiana, au nord de Serpa. C’est une ville ancienne, connue autrefois sous le nom d’Arucci nova, ou Nova civitas aruccitana, comme le prouvent des inscriptions qu’on y a découvertes. Elle est fortifiée avec un vieux château pour sa défense : sa position est à 33 lieues S. E. de Lisbonne. Long. 10. 36. lat. 38. (D. J.)​","[[""38 N 10 36' E""]]",,38 N 10 36' E,38 N 10 36' O
v10-2172-0,MOUZON,"MOUZON, (Géog.)​ en latin Mozomium, petite & ancienne ville de France en Champagne. Elle étoit très-forte, avant que Louis XIV. en eût fait démolir les ouvrages en 1671. Voyez l’histoire de cette ville dans l’abbé de Longuerre, & dans les Memoires de la Champagne, par Baugier. Il suffit de dire ici que la Meuse passe au pié de ses murailles, & qu’elle en a tiré son nom. Elle est située sur le penchant d’une colline étroite, mais fertile en grains & en vins, à 3 lieues de Sedan, 13 S. O. de Luxembourg, 5 S. de Bouillou, 50 N. E. de Paris. Il s’y est tenu deux conciles : l’un en 545, & l’autre en 948. Long. 22. 45. lat. 49. 52.


On peut regarder Mouzon comme la patrie de dom Mabillon, puisqu’il naquit dans son voisinage en 1632. Ce célebre bénédictin étoit un des plus savans hommes du xvij. siecle. C’est lui qui, après avoir fait sa profession monastique, se trouvant chargé par ses supérieurs, de montrer au public le trésor de S. Denys, demanda bientôt la permission de quitter cet emploi, parce qu’il n’aimoit point, disoit-il, à mêler la fable avec la vérité. On ne comprend pas comment dans la suite il prit le parti de justifier la sainte larme de Vendôme. M. Colbert instruit des ses talens, les tourna plus utilement. Il le chargea de rechercher avec soin les anciens titres. Il le fit voyager, dans ce dessein, en Allemagne & en Italie. Dom Mabillon, au retour de ce dernier voyage, remit dans la bibliotheque du Roi environ 3000 volumes de livres rares ou de manuscrits


Les Bénédictins lui doivent 4 volumes des Ananales de leur ordre, & 9 volumes d’Actes de leur​ saints, actes qui n’intéressent pas beaucoup le reste du monde. Mais la Diplomatique de dom Mabillon est un ouvrage vraiment nécessaire. Il a eu raison de soutenir que les moines doivent étudier ; des obligations accompagnées de délices, sont bien faciles à remplir. Dom Mabillon mit au jour avec une diligence incroyable, la vie de S. Bernard, en 2 vol. in-fol ; il auroit dû se moins hâter, & la donner en deux pages. Il est mort à Paris en 1707, à 75 ans. (D. J.)​","[[""49 52' N 22 45' E""]]",,49 52' N 22 45' E,49 52' N 22 45' E
v10-22-0,MANAR,"MANAR, (Géog.)​ île des Indes, sur la côte occidentale de Ceylan, dont elle est une dépendance, n’en étant séparée que par un canal assez étroit. Les Portugais s’emparerent de cette île en 1560 ; mais les Hollandois la leur enleverent en 1658. Long. 98. 20. lat. 9. (D. J.)​","[[""9 N 98 20' E""]]",,9 N 98 20' E,9 N 98 20' E
v10-2273-0,MUNIA ou MINIE,"MUNIA ou MINIE, (Géog.)​ ancienne ville d’Egypte, sur le bord occidental du Nil ; c’est vraissemblablement le Lycopolis de Strabon. On fait dans cette ville des bardaques ou pots à-l’eau, très-estimés au Caire pour leur façon & pour la qualité​qu’ils ont de rafraîchir l’eau : mais ce n’est pas le seul endroit du monde où l’on fabrique de pareils vaisseaux ; on en fait au Mexique, & mieux encore à Patna dans les Indes orientales. Voyez Gargoulette.


A une heure de Munia, en remontant le Nil, on découvre au haut de la montagne, du côté de l’orient, les fameuses grottes qui commencent de la basse Thébaïde, & qui continuent le long de cette montagne jusqu’à Momfallot. Le pere Vansleb dit qu’il compta trente-quatre de ces grottes de file, mais que l’entrée de la plûpart étoit bouchée par la terre qui étoit tombée d’en-haut. Long. de Munia, 49. 55. lat. 26. 15. (D. J.)​","[[""26 15' N 49 55' E""]]",,26 15' N 49 55' E,26 15' N 49 55' E
v10-2305-0,MURET,"MURET, (Géog.)​ petite ville de France dans le haut Languedoc. Les anciens actes écrivent le nom de cette ville en françois Murel, & en latin Murellum. Pierre d’Arragon ayant pris le parti des Albigeois, & étant assisté des comtes de Toulouse, de Foix & de Comminges, assiégea cette place avec une armée formidable ; mais elle fut taillée en pieces dans une sortie que fit Simon de Montfort, & le roi d’Arragon lui-même y perdit la vie. Muret ne contient guere aujourd’hui qu’un millier d’habitans. Elle est sur la Garonne à 3 lieues au-dessus de Toulouse. Long. 19. 5. lat. 43. 30. (D. J.)​","[[""43 30' N 19 5' E""]]",,43 30' N 19 5' E,43 30' N 19 5' E
v10-2351-0,MUSSIDAN,"MUSSIDAN, (Géogr.) petite ville de France dans le haut Périgord ; c'est un lieu fort ancien, car il étoit déja connu dans le jx. siecle, sous le nom latin Mulcedonum. Au commencement du xij. siecle on le nommoit dans la même langue Moysidanum, & elle avoit un seigneur particuiler. Cette place soutint un fameux siége en 1579, mais à present elle est entierement déchûe. Longit. 17. 55. latit. 43. 12.","[[""45 12' N 17 55' E""]]",,45 12' N 17 55' E,43 12' N 17 55' E
v10-258-0,MARCHIENNES au Pont,"MARCHIENNES au Pont, (Géog.)​ bourg des Pays bas, dans l’évêché de Liége, aux deux côtés de la Sambre, à huit lieues S. O. de Namur, une O. de Charleroi. Il ne faut pas confondre ce bourg, comme ont fait les auteurs du Dictionnaire de la France, avec Marchiennes abbaye de Flandres, sur la Scarpe, entre Douai & Orchies. Long. 22. lat. 50. 23.","[[""50 23' N 22 E""]]",,50 23' N 22 E,50 23' N 22 E
v10-288-0,MARENNES,"MARENNES, s. f. (Géog.)​ en latin Marina, petite ville de France en Saintonge, entre la riviere de Sendre, & le havre de Brouage. Elle est le siege de l’élection. Elle fournit du sel qu’on fait remonter jusqu’à Angoulême, mais sans utilité pour la province, à cause des droits dont il est chargé à Tonnai-Charente. Les huitres vertes qu’on pêche aux environs de Marennes ont une grande réputation, que nos gourmans ont établie. Long. 16. 27. lat. 45. 48. (D. J.)​","[[""45 48' N 16 27' E""]]",,45 48' N 16 27' E,45 48' N 16 27' E
v10-324-2,"Marie, Sainte","Marie, Sainte (Géogr.)​ ville d’Espagne dans l’Andalousie, sur la Guadalété, à 4 lieues N. E. de Cadix, 4 S. O. de Xérés de la Frontera. Long. 12. 2. lat. 36. 35. (D. J.)​","[[""36 35' N 12 2' E""]]",,36 35' N 12 2' E,36 35' N 12 2' O
v10-324-5,"Marie, Sainte","Marie, Sainte (Géogr.)​ île de l’Océan, aux environs de l’Afrique, à 5 milles de Madagascar. On lui donne 11 lieues de long sur 2 de large. Son terroir fertile est semé de riz, est coupé de petites rivieres, & bordé de rochers. Il y pleut presque toujours. On trouve sur ses côtes du corail & de l’ambre gris. Elle n’est habitée que par 4 ou 500 negres. Long. 63. lat. mérid. 16. 30. (D. J.)​","[[""16 30' S 63 E""]]",,16 30' S 63 E,16 30' S 63 E
v10-35-0,MANDAR,"MANDAR, (Géog.)​ province de l’île de Célèbes, dans la mer des Indes, au royaume de Macassar, dont elle occupe la partie septentrionale : la capitale porte le même nom que la province, & est à sept journées de chemin de la ville de Macassar : sa long. est à 137. lat. mérid. 7d5′. (D. J.)​","[[""7 5' S 137 E""]]",,7 5' S 137 E,7 5' S 137 E
v10-361-0,MALBOROUGH,"MALBOROUGH, (Géogr.)​ c’est le Cunetio des anciens, petite ville à marché d’Angleterre en Wiltshire, avec titre de duché, qu’elle a donné à un des plus grands héros du dernier siecle Elle envoie deux députés au parlement, & est sur le Kennet, à 60 milles S. O. de Londres. Long. 16. 10. lat. 51. 24. (D. J.)​","[[""51 24' N 16 10' E""]]",,51 24' N 16 10' E,51 24' N 16 10' O
v10-362-0,MARLE,"MARLE, (Géogr.)​ petite ville de France en Picardie, avec titre de comté, sur la Serre, dans la Thiérache, à trois lieues de Guise, 37 N. E. de Paris. Long. 21d 26′. 16″. lat. 49d 44′. 24″. (D. J.)​","[['49 44\' 24"" N 21 26\' 16"" E']]",,"49 44' 24"" N 21 26' 16"" E","49 44' 24"" N 21 26' 16"" E"
v10-383-3,Maroc,"Maroc, (Géogr.)​ capitale du royaume & de la province de même nom ; c’est une grande ville, la mieux située de toute l’Afrique, dans une belle plaine, à cinq ou six lieues du mont Atlas, environnée des meilleures provinces de la Mauritanie tangitane. On croit que c’est l’ancienne Bocanum Hemerum, où il y avoit un évêché avant la domination des Maures. Elle a été bâtie par Abu Téchifien, premier roi des Almoravides, environ l’an 1052, & 454 de l’hégire. Elle est fermée de bonnes murailles faites à chaux & à sable, avec une forteresse du côté du midi ; mais cette ville a bien déchu de son ancienne splendeur, & ne contient pas aujourd’hui 25 mille ames. Sa forteresse & sa mosquée, autrefois si fameuses, ne sont plus rien. Maroc est à environ 100 lieues S. O. de Fez, 50 N. E. de Sus. Long. 10. 50. lat. 30. 32. (D. J.)​","[[""30 32' N 10 50' E""]]",,30 32' N 10 50' E,30 32' N 10 50' O
v10-400-0,MARPOURG,"MARPOURG, (Géogr.)​ ville d’Allemagne au landgraviat de Hesse-Cassel, dont elle est la capitale, avec une université fondée en 1526.


Marpourg n’étoit anciennement qu’une forteresse des Mattiques, que Ptolomée, liv. II. chap. xj. appelle Mattiacum. Elle a été autrefois libre & impériale, mais les landgraves de Hesse la soumirent à leur obéissance.


Elle est dans un pays agréable, sur la Lohn, à 14 lieues S. O. de Waldeck, 18 N. E. de Francfort, 19 S. O. de Cassel. Long. 26. 28. lat. 50. 42.


Quoique cette ville soit une université, elle n’est pas féconde en gens de lettres, & je ne connois guere que Frédéric Sylburge qui mérite d’être nommé. C’étoit il est vrai un des savans hommes du xvj siecle, dans la connoissance de la langue grecque, comme le prouve sa Grammaire & autres ouvrages, où son érudition en ce genre n’est pas douteuse. Il eut grande part au trésor de cette langue morte, donné sous le nom d’Henri Etienne, & mourut à Heidelberg en 1569, à la fleur de son âge. (D. J.)​","[[""50 42' N 26 28' E""]]",,50 42' N 26 28' E,50 42' N 26 28' E
v10-401-0,MARPURG,"MARPURG, (Géogr.)​ ville d’Allemagne, dans la basse-Styrie. Lazius pense que c’est le Castra Marciana d’Ammien Marcellin, & c’est ce qu’il seroit bien embarrassé de prouver. Cette petite ville est sur la Drave, à 9 milles de Gratz. Long. suivant Street, 33. 26. lat. 48. 50. (D. J.)​","[[""48 50' N 33 26' E""]]",,48 50' N 33 26' E,48 50' N 33 26' E
v10-426-0,MARSALA,"MARSALA, (Geog.)​ ancienne & forte ville de Sicile dans le val de Mazzara proche la mer. Elle est bâtie des ruines de l’ancienne. Lilybæum, à 21 lieues S. O. de Palerme, 5 N. de Mazzara. Long. 30. 12. lat. 37. 52. (D. J.)​","[[""37 52' N 30 12' E""]]",,37 52' N 30 12' E,37 52' N 30 12' E
v10-434-0,MARSICO-NUOVO,"MARSICO-NUOVO, (Géog.)​ Marsicum, petite ville d’Italie au royaume de Naples, dans la principauté citérieure, avec un évêché suffragant de Salerne. Elle est au pié de l’Apennin, proche l’Agri, à 2 lieues de Marsico-vetere, bourg de la Basilicate, à 11 S. O. de Cirenza, 20 S. E. de Salerne. Long. 33. 24. lat. 40. 22. (D. J.)​","[[""40 22' N 33 24' E""]]",,40 22' N 33 24' E,40 22' N 33 24' E
v10-441-1,Martavan,"Martavan, (Géogr.)​ ville d’Asie, dans la presqu’île au-delà du Gange, capitale de la province de Martavan, auquel elle donne son nom. Elle est peuplée, riche, & la bonté de son port y contribue beaucoup. Long. 115. 25. lat. 15. 35. (D. J.)​","[[""15 35' N 115 25' E""]]",,15 35' N 115 25' E,15 35' N 115 25' E
v10-450-0,"MARTHE, Sainte","MARTHE, Sainte, (Géogr.)​ province de l’Amérique méridionale, sur la côte de terre ferme, vers le levant. Elle a 70 lieues de long, sur presque autant de large : il y fait extrèmement chaud du côté de la mer du nord, mais le dedans du pays est assez froid, à cause des hautes montagnes qui l’environnent. On y trouve des salines, des oranges, des grenades, des limons, & quelques mines d’or. Les Espagnols possédent seulement une partie de cette province, dont Sainte-Marthe la capitale, étoit assez considérable du tems que les flottes d’Espagne y abordoient ; mais ce n’est plus à-présent qu’un village de trente maisons. Long. de ce village 303. 45′. 30″. lat. 11. 26′40″. Mém. de l’acad. de Scienc. 1729.","[['11 26\' 40"" N 303 45\' 30"" E']]",,"11 26' 40"" N 303 45' 30"" E","11 26' 40"" S 303 45' 30"" O"
v10-464-0,MARTINIQUE île de la,"MARTINIQUE île de la, s. f. (Géogr.) c'est la principale des Antilles françoises ; elle est située par les 14d. 43'. & 9''. de latitude au nord de l'équateur, & sa longitude differe occidentalement de 63d. 18'. 45''. du méridien de l'observatoire de Paris ; ce qui fait 4h. 13'. & 15''. de différence. Cette île peut avoir 60 lieues de circuit, sa longueur est d'environ 25, sur une largeur inégale, étant découpée par de grandes baies, au fond desquelles sont de belles ances de sable, & de très-bons ports couverts par de longues pointes qui avancent beaucoup en mer ; les rivages de l'île sont défendus par des rochers & des falaises qui en rendent l'aspect formidable ; quant à l'intérieur du pays il est occupé par de très-hautes montagnes, dont les intervalles forment de grands vallons remplis d'épaisses forêts, & arrosés d'un grand nombre de rivieres & de torrens, dont l'eau est communément excellente. Quoique le climat par son excessive chaleur, soit souvent funeste aux étrangers intempérans, ceux qui y sont accoutumés y jouissent d'une aussi parfaite santé qu'en aucun lieu du monde ; la terre y produit abondamment des cannes à sucre, du café, du coton, de la casse, du manioc, des fruits délicieux, & une prodigieuse quantité de plantes & de beaux arbres, dont le bois, les résines & les gommes ont des propriétés qui peuvent être utilement employées tant en médecine que dans les arts méchaniques. La culture du sucre a fait négliger celle de l'indigo, du rocou & du tabac ; on commence depuis quelques années à reprendre avec succès celle du cacao, dont les arbres par une espece d'épidémie, étoient presque tous morts en 1728. La colonie que M. Dosnambuc, gouverneur de l'île de Saint-Christophe, fit passer à la Martinique en 1635, s'est considerablement augmentée malgré les guerres qu'elle fut obligée de soutenir contre les sauvages, & les difficultés de défricher un pays rempli de serpens venimeux & d'insectes fort incommodes. La Martinique est aujourd'hui très-florissante, sa ville capitale, que l'on nomme le Fort-Royal, est avantageusement située près d'un excellent port couvert d'une péninsule entierement occupée par une grande citadelle, où réside ordinairement le gouverneur général ; mais le lieu le plus considérable de l'île, tant par son étendue que par son commerce & ses richesses, est le Fort-Saint-Pierre, distant du Fort-Royal d'environ sept lieues. Sa situation s'étend en partie sur des hauteurs au pié d'une chaine de montagnes, & en partie sur les bords d'une grande plage courbée en croissant, au-devant de laquelle est une spatieuse rade, où nombre de vaisseaux expédiés de tous les ports du royaume abordent continuellement, excepté depuis le 15 de Juillet jusqu'au 15 d'Octobre, tems de l'hyvernage, que ces vaisseaux vont passer dans le carénage du Fort-Royal pour être plus en sureté contre les ouragans & les ras de marée, très-frequens pendant cette saison. Dans la partie orientale de l'île, sont situés le bourg & le fort de la Trinité, au fond d'un grand cul-de-sac, dans lequel les vaisseaux peuvent mouiller à l'abri des vents pendant la saison de l'hyvernage ; ce lieu est beaucoup moins considérable que les précédens. Outre ces trois principaux endroits, l'île est très-bien garnie dans toute sa circonférence d'un bon nombre de jolis bourgs, dont plusieurs jouissent d'une agréable situation. Les habitans de la Martinique, quoique moins opulens que ceux de Saint-Domingue, sont presque tous riches ; ils aiment le faste & la dépense ; leur affabilité envers les étrangers trouve peu d'exemple ailleurs ; ils sont naturellement généreux & très braves. On n'ignore pas la réputation que les corsaires de la Martinique se sont acquis pendant les guerres qui se sont succédées contre les ennemis de l'état. M. le Romain.","[['14 43\' 9"" N 63 18\' 45"" W']]",['Paris'],"14 43' 9"" N 63 18' 45"" W","14 43' 9"" N 63 18' 45"" O"
v10-488-0,MASCAREIGNE,"MASCAREIGNE, (Géog.)​ ou l’île de Bourbon, île d’Afrique dans l’Océan éthiopique à l’orient de l’île de Madagascar. Elle peut avoir 15 lieues de long, 10 de large & 40 de tour. Elle fut découverte par un Portugais de la maison de Mascarenhas. Les François s’y établirent en 1672 ; c’est l’entrepôt des vaisseaux de la compagnie des Indes. Elle est fertile, l’air y est sain, les rivieres poissonneuses, & les montagnes pleines de gibier. On recueille sur le rivage de l’ambre gris, du corail, des coquillages ; mais la fréquence & la violence des ouragans y désolent tous les biens qui sont sur terre. Long. 73 30. lat. mérid. 20. 30. (D. J.)​","[[""20 30' S 73 30' E""]]",,20 30' S 73 30' E,20 30' S 73 30' E
v10-495-0,MAS-D'AZIL,"MAS-D’AZIL, Mansum-Azilii, (Géog.)​ petite ville démantelée de France au comté de Foix, dans un beau vallon sur le torrent de la Rise, à 3 lieues de Pamiers, & à 4 de S. Lizier de Conserans. Elle étoit autrefois fort peuplée, mais elle n’offre que des mazures depuis la révocation de l’édit de Nantes. Long. 29. 16. lat. 43. 9.","[[""43 9' N 29 16' E""]]",,43 9' N 29 16' E,43 9' N 29 16' E
v10-524-0,MASSERANO,"MASSERANO, (Géogr.)​ petite place d’Italie enclavée dans le Piémont, entre le Verceillois, & le biellois ; c’est la capitale d’un petit état de même nom, avec titre de principauté. Elle est sur une montagne, à huit lieues N. O. de Verceil, dix-huit N. E. de Turin. Long. 25. 40. latit. 45. 32. (D. J.)​","[[""45 32' N 25 40' E""]]",,45 32' N 25 40' E,45 32' N 25 40' E
v10-549-0,MASULIPATAN,"MASULIPATAN, (Géog.)​ petite ville mal bâtie, mais très-peuplée, des Indes, sur la côte de Coromandel dans les états du mogol. Ses toiles peintes sont les plus estimées de toutes celles de l’orient. Il s’y fait un commerce prodigieux, & plusieurs nations d’Europe y ont des comptoirs. La chaleur y est cependant insupportable au mois d’Août, de Mai & de Juin. Les habitans ne mangent d’aucune chose qui ait vie, ce qui joint à la grande fertilité du pays, fait que tout y est presque pour rien. Masulipatan est à l’embouchure de la Crifna, à environ 80 lieues de Golconde. Long. 99. lat. 16. 30.","[[""16 30' N 99 E""]]",,16 30' N 99 E,16 30' N 99 E
v10-662-0,MAY,"MAY, (Géog.)​ ile d’Ecosse, à l’embouchure du Forth. Elle a un bon havre ; on y trouve quantité de poisson, de gibier, & de gras pâturages. Ses rochers à l’est le rendent inaccessible. Long. 15. 22. lat. 56. 23. (D. J.)​","[[""56 23' N 15 22' E""]]",,56 23' N 15 22' E,56 23' N 15 22' O
v10-664-2,Mayence,"Mayence, (Géog.)​ ancienne & considérable ville d’Allemagne, dans le cercle du bas Rhin, capitale de l’archevêché & de l’électorat de ce nom, avec une université fondée en 1477, & un archevêché érigé en 747.


Serrarius qui a beaucoup écrit sur cette ville, croit qu’elle a été fondée, ou du moins considérable-​ment aggrandie, dix ans avant la naissance de J. C. par Claudius-Drusus-Germanicus, beau-fils de l’empereur Auguste, & frere de Tibere. Il est certain que les Romains en firent une de leurs places d’armes, & que Drusus y séjourna long-tems.


Dans les écrits latins Mayence est nommée Magotia, Moguntia, Moguntiacum ; elle est appellée Mentz par les Allemands.


Quoique cette ville ne soit pas la plus féconde d’Allemagne en hommes de lettres, il y a néanmoins beaucoup d’apparence que l’invention de l’Imprimerie y a pris naissance Serrarius dit qu’on y conserve encore le premier essai de Guttemberg.


Mayence a jour assez long-tems de plusieurs grands privileges qui la rendoient florissante, mais en 1462, Adolphe, comte de Nassau, s’en empara & lui ôta sa liberté, de sorte que de ville impériale elle devint ville de province. Dans la suite des tems les Suédois, les Impériaux & les François s’en sont rendu maîtres plusieurs fois. Elle est à présent retournée sous la domination de ses archevèques, qui ont été déclarés par la bulle d’or, les premiers entre les électeurs ; foible consolation pour ses habitans !


Cette ville est à la vérité fortifiée, mais elle n’est pas en état de faire une longue défense, à cause des hauteurs qui la commandent. Elle est située sur la rive gauche du Rhin, vers l’endroit où ce fleuve reçoit le Mein, & où est un fort bâti par Gustave Adolphe, dont il porte le nom, & un pont de bateaux.


Sa distance est à 7 lieues N. O. de Worms, 6 S. E. de Francfort. 27 N. E. de Treves, 32 N. Est de Strasbourg, 30 S. E. de Cologne. Long. selon Cassini, 25. 51′. 30″. lat. 49. 54. (D. J.)​","[['49 54\' N 25 51\' 30"" E']]",,"49 54' N 25 51' 30"" E","49 54' N 25 51' 30"" E"
v10-679-0,MAZÈRES,"MAZÈRES, (Géog.)​ en latin castrum Mazeris, petite ville de France dans le comté de Foix ; les comtes de Foix y avoient anciennement un château où ils faisoient leur résidence. Long. 19. 17. lat. 43. 15. (D. J.)​","[[""43 15' N 19 17' E""]]",,43 15' N 19 17' E,43 15' N 19 17' E
v10-693-0,MEAUX,"MEAUX, (Géog.)​ ancienne ville de France, ca-​pitale de la Brie, avec un évêché suffragant de Paris. Le chœur de la cathédrale passe pour un chef d’œuvre.


L’ancien nom latin de Meaux est Gatimum, que Ptolomée place sous le peuple Meldæ. Elle a eu le sort de quantité d’autres villes qui ont quitté leur vrai nom pour prendre celui de leur peuple. On a dit avec le tems, Meldarum ou Meldorum urbs, & enfin Meldi ou Meldæ.


Le territoire de Meaux étoit d’abord de la Belgique, ensuite de la Gaule lyonnoise, enfin il appartint à la province de Sens, qui a été la métropole de Meaux jusqu’à la fin de l’année 1622, que Paris fut érigé en métropole.


Cette ville avoit une grande considération sous la premiere race des rois de France, & devint la premiere où le Calvinisme prit faveur, & par conséquent une de celles qui a le plus souffert des tristes guerres sacrées.


Elle est dans un pays fertile en blé, en prairies & en bétail, sur la Marne, à 4 lieues N. O. de Coulomiers, 7 N. O. de Rozay, 8 S. E. de Senlis, 10 N. E. de Paris. Long. selon Cassini, 20d. 24′. 45″. lat. 48. 57′. 36″. (D. J.)​","[['48 57\' 36"" N 20 24\' 45"" E']]",,"48 57' 36"" N 20 24' 45"" E","48 57' 36"" N 20 24' 45"" E"
v10-72-0,MANGALOR ou MANGUELOR,"MANGALOR ou MANGUELOR, (Géog.)​ ville de l’Inde sur la côte de Maiabar, appartenant au roi de Banguel. Long. 92, 45, lat. 13, 6, selon les PP. Thomas & Clava, jésuites. (D. J.)​","[[""13 6' N 92 45' E""]]",,13 6' N 92 45' E,13 6' N 92 45' E
v10-755-1,Medina de las Torrez,"Medina de las Torrez, (Géog.)​ en latin Methymna Turrium, petite ville d’Espagne, dans l’Estramadure, au pié d’une montagne, proche de Badajoz. Long. 11. 27. lat. 38. 35. (D. J.)​","[[""38 35' N 11 27' E""]]",,38 35' N 11 27' E,38 35' N 11 27' O
v10-804-0,"MÉGESVAR, ou MEDGIES & par les Allemands MIDWISW","MÉGESVAR, ou MEDGIES, (Géog.)​ & par les Allemands MIDWISW, ville de Transylvanie sur le Kokel, chef-lieu d’un comté de même nom ; elle est renommée par ses excellens vins. Long. 42. 55. lat. 46. 50. (D. J.)​","[[""46 50' N 42 55' E""]]",,46 50' N 42 55' E,46 50' N 42 55' E
v10-837-0,MÉLAZZO ou MÉLASSO,"MÉLAZZO ou MÉLASSO, (Géog.)​ ancienne ville de la Turquie asiatique, dans la Natolie. C’est l’ancienne Mylasa où l’on voyoit encore dans le dernier siecle de beaux monumens d’antiquité, entr’autres un petit temple de Jupiter, un grand temple dédié à Auguste, & la belle colonne érigée en l’honneur de Ménander, fils d’Euthydeme, un de ses plus célebres citoyens. Long. 45. 30. lat. 37. 23.","[[""37 23' N 45 30' E""]]",,37 23' N 45 30' E,37 23' N 45 30' E
v11-10-0,"NABEL, Nébel ou Nabis","NABEL, (Géogr.)​ autrement Nébel ou Nabis, comme les Maures l’appellent ; petite ville ou plûtôt bourgade de l’Afrique, dans la seigneurie de la Goulette. C’étoit autrefois une ville très-peuplée, & on n’y trouve aujourd’hui que quelques paysans. Ptolomée, l. IV. c. iij. en fait mention sous le nom de Neapolis colonia ; les habitans la nomment encore Napoli de Barbarie. Les Romains l’ont bâtie ; elle est située près de la mer Méditerranée, à trois lieues de Tunis, vers l’orient. Long. 28. 24. lat. 36. 40.","[[""36 40' N 28 24' E""]]",,36 40' N 28 24' E,36 40' N 28 24' E
v11-1003-0,OBERNDORFF,"OBERNDORFF (Géog.)​ petite ville d’Allemagne au cercle de Souabe, dans la forêt Noire. Elle appartient à la maison d’Autriche : on la divise en haute & en basse. Elle est sur le Necker. Long. 28. 18. lat. 48. 10. (D. J.)​","[[""48 10' N 28 18' E""]]",,48 10' N 28 18' E,48 10' N 28 18' E
v11-101-1,Nantes,"Nantes, (Géogr.)​ ancienne, riche & considérable ville de France, la seconde de la Bretagne, avec un évêché suffragant de Tours, & une université. Elle est à 15 lieues S. O. d’Angers, 27 N. O. de la Rochelle, 87 S. O. de Paris, 23 S. E. de Rennes. Long. suivant Cassini, 15. 52. 45. lat. 47. 13. 10.


Cette ville, que les Latins appellent Condivienum, civitas Namnetum, Namneta, est sur la Loire & l’Ardre, ce qui lui donne une heureuse situation pour le commerce, aussi en fait-elle un des plus considérables du royaume. C’est une ville fort ancienne, dont Strabon, César, Pline & Ptolomée font mention. Elle a été souvent la résidence des ducs de Bretagne : ils demeuroient dans le château S. Hermine, qui subsiste encore.


On dit que saint Clair fut le premier évêque de Nantes, vers l’an 277 ; cependant il n’est point parlé de ses successeurs avant Nonnechius, qui assista en 468 au concile de Vannes. Cet évêché vaut 35 à 40 mille livres de revenu. On y compte 212 paroisses & huit abbayes.


L’université de Nantes fut fondée vers l’an 1460, mais c’est l’université du commerce qui brille dans cette ville ; ils arment tous les ans plusieurs vaisseaux pour la traite des Negres dans les colonies françoises. Le débit de toutes sortes de marchandises est plus aisé & plus vif à Nantes que dans les autres villes du royaume. Ils ont avec les négocians de Bilbao une société particuliere qui s’appelle la contractation, & dont le tribunal réciproque est en forme de jurisdiction consulaire.


Le comté de Nantes est divisé en deux parties par la Loire ; l’une qu’on nomme la partie d’outre-Loire ; est à gauche en descendant la riviere, & celle d’en-deçà la Loire est à la droite.


On fait du sel en très-grande quantité dans le pays Nantois, soit à la baie de Bourgneuf, soit dans les marais salans de Guérande & du Croisic.


Anne de Bretagne, dont on connoît l’histoire, naquit à Nantes en 1476, & mourut en 1513. La destinée de cette princesse, comme le remarque M. le président Hénault, a été fort étrange. Elle fut femme de Charles VIII. en faisant une espece de divorce avec Maximilien, qu’elle avoit épousé par procureur, & elle ne se maria avec Louis XII. qu’après un autre divorce de ce prince avec Jeanne sa premiere femme. Il avoit épousé celle-ci avec des protestations de la violence que Louis XI. lui avoit faite. A la mort de Charles VIII. il demanda au pape que son mariage fût déclaré nul ; & sur l’affirmation que fit Louis XII. qu’il n’avoit eu aucun commerce avec Jeanne, la nullité fut prononcée. On a dit que l’inclination de Louis XII. avoit décidé son mariage​ avec Anne de Bretagne ; mais Varillas, dont il ne faut pas toujours rejetter l’autorité, pense que ce pouvoit bien être autant un coup politique qu’une affaire de passion. Il étoit porté, par le traité conclu avec les états de Bretagne, que si Charles VIII. mouroit sans enfans avant la duchesse, elle épouseroit son successeur.


On nous a beaucoup vanté l’esprit, la beauté (cela se peut) & la piété d’Anne de Bretagne ; c’est-là une autre affaire. Je sais bien qu’elle fonda les Bonshommes, & qu’elle blâma la guerre que le roi fit au saint Pere ; mais on m’avouera que sa haine implacable contre le maréchal de Gié & la comtesse d’Angoulême, n’étoit pas trop chrétienne.


M. Hénault parle d’une autre chose singuliere touchant Louis XII. & Anne de Bretagne. Elle avoit aimé Louis XII. qu’elle épousa après le décès de son mari ; & cependant elle fut si touchée à la mort de Charles VIII. qu’elle porta son deuil en noir, quoique jusque-là les reines l’eussent porté en blanc. D’un autre côté, Louis XII. son second mari, qui porta aussi son deuil en noir contre l’usage, se remaria l’année suivante avec Marie d’Angleterre, pour qui son amour lui coûta la vie. Anne de Bretagne, à la mort de Charles VIII. mit une cordeliere à ses armes, & cet usage s’est conservé.


Nantes n’a pas été trop fertile en gens de lettres, du-moins ma mémoire ne m’en fournit que deux dans le siecle passé, j’entends M. le Pays & M. de la Croze.


Pays (René le), poëte françois, naquit à Nantes en 1636. Son esprit étoit aisé, vif & agréable ; il composoit en vers & en prose avec facilité. En 1664 il publia des lettres & des poésies sous le titre d’amitiés, amours & amourettes. Il prit en galant homme la raillerie de M. Despréaux : Sans mentir le Pays est un bouffon plaisant ! Et il écrivit de Grenoble, où il étoit alors, une lettre badine & assez jolie sur ce sujet. Il fit plus ; étant de retour à Paris, il vint voir Despréaux, & soutint toujours son caractere enjoué. M. Despréaux fut d’abord embarrassé de la visite d’un homme qui avoit eu droit de se plaindre de lui ; mais M. le Pays le mit à son aise, & ils se séparerent fort amicalement. Il mourut à Paris en 1690, & fut enterré à S. Eustache, où Voiture, dont on le nommoit le singe, avoit aussi sa sépulture.


De Veissieres (Mathurin de la Croze) né à Nantes en 1661, bénédictin à Paris. Sa liberté de penser & un prieur contraire à cette liberté, lui firent quitter son ordre & sa religion. C’étoit une bibliotheque vivante, & sa mémoire passoit pour un prodige. Outre les choses utiles & agréables qu’il savoit, il en avoit étudié d’autres qu’on ne peut savoir, comme l’ancienne langue égyptienne. Il y a de lui un ouvrage fort estimé, c’est l’histoire du christianisme des Indes, en deux volumes in-12, imprimé en Hollande en 1724. On y trouve cent choses bien curieuses. Il nous a donné dans cet ouvrage une histoire exacte de la plûpart des communions orientales, entr’autres des chrétiens malabares, qui rejettent la suprématie du pape, nient la transubstantiation, le culte des images, & le purgatoire. Il nous apprend encore que les brachmanes croient l’unité d’un Dieu, & laissent les idoles au peuple. Quand on leur demande pourquoi ils ne rendent point de culte au souverain Créateur, ils répondent que c’est un être incompréhensible & sans figure, duquel l’homme ne peut se former d’idées corporelles. En même tems les guanigueuls, qui sont à proprement parler les sages des Indes, rejettent eux-mêmes le culte des idoles & les cérémonies extérieures. M. de la Croze est mort à Berlin en 1739. (D. J.)​","[['47 13\' 10"" N 15 52\' 45"" E']]",,"47 13' 10"" N 15 52' 45"" E","47 13' 10"" N 15 52' 45"" E"
v11-1327-0,OLESKO,"OLESKO, (Géog. mod.)​ petite ville de la Pologne au palatinat de Wolhinie, sur les confins des palatinats de Belz & de Russie, à l’orient de Busk, & au nord de Soloczow, assez près des sources du Bogh qui tombe dans la Vistule, & de celle de la riviere de Ster qui se perd dans le Borysthene, au levant d’été, & à 10 milles géographiques de Léopol. Long. 42. 47. lat. 49.


C’est dans le château d’Olesko que naquit en 1629 Jean Sobiesky roi de Pologne, & l’un des plus grands​guerriers du xvij. siecle. Il battit les Turcs en diverses occasions ; gagna sur eux la bataille de Choczin en 1673 ; fut élu roi de Pologne l’année suivante ; fit lever le siege de Vienne en 1683, & mourut à Varsovie. M. l’abbé Coyer nous a donné sa vie, & elle est très-bien écrite.","[[""49 N 42 47' E""]]",,49 N 42 47' E,49 N 42 47' E
v11-1340-0,OLITE,"OLITE, (Géog.)​ ville d’Espagne dans la Navarre, capitale d’une mérindade de même nom. Les rois de Navarre y faisoient autrefois leur résidence. Elle est dans un pays agréable & fertile, sur la route de Pampelune à Sarragoce, sur le Cidaço, à 8 lieues N. de Tudel, 8 N. E. de Calahorra.


Ce fut dans cette ville que mourut en 1425 Charles III. roi de Navarre, de la maison d’Evreux, & fils de Charles II. dit le mauvais. Long. 16. 12. lat. 42. 20. (D. J.)​","[[""42 20' N 16 12' E""]]",,42 20' N 16 12' E,42 20' N 16 12' O
v11-1341-0,OLIVA,"OLIVA, (Géog.)​ monastere dans la Prusse polonoise sur la côte, à un mille de Dantzick. Il est remarquable par le traité de paix qui y fut conclu en 1660 entre l’empereur & les rois de Suede & de Pologne. Long. 36. 32. lat. 54. 26.","[[""54 26' N 36 32' E""]]",,54 26' N 36 32' E,54 26' N 36 32' E
v11-136-0,NARENTA,"NARENTA, (Géog.)​ ville de Dalmatie, dans l’Herzegovine, avec un évêché suffragant de Raguse. Elle est sur le golfe de même nom à 20 lieues N. E. de Raguse, 21 S. E. de Spalatro.


Cette ville fut anciennement nommée Naro & Narona. Son territoire consiste en une vallée d’environ 30 milles de longueur, que le fleuve Narenta inonde & fertilise dans certains mois de l’année. Du tems de Ciceron, Narenta étoit une forteresse de​ conséquence, comme on le voit dans la lettre où Vatinius lui mande la peine qu’il avoit eu à emporter cette place. Elle fut une des villes où les Romains envoyerent des colonies après la conquête du royaume de l’Illyrie. Dans la suite, elle eut des souverains indépendans des rois des deux Dalmaties. L’Evangile n’y fut reçu que dans le onzieme siecle. Elle dépend aujourd’hui des Turcs. Long. 36. 4. lat. 43. 35. (D. J.)​","[[""43 35' N 36 4' E""]]",,43 35' N 36 4' E,43 35' N 36 4' E
v11-1363-0,OLTEN,"OLTEN, (Géog.)​ petite ville de Suisse, au canton de Soleure, capitale d’un bailliage. Elle est sur la Dieunere, où l’on pêche des écrévisses naturellement rouges. Long. 25. 10. lat. 47. 20.","[[""47 20' N 25 10' E""]]",,47 20' N 25 10' E,47 20' N 25 10' E
v11-1379-0,OMAN,"OMAN, (Géog.)​ pays & ville de l’Arabie heureuse. Abulféda la met sur la mer. Sa longitude, selon Jon-Said, est 81d. 15′. latit. 19d. 16′. (D. J.)​","[[""19 16' N 81 15' E""]]",,19 16' N 81 15' E,19 16' N 81 15' E
v11-1457-0,ONEILLE,"ONEILLE, (Géog.)​ les Italiens disent Onéglia ; ville d’Italie enclavée dans l’état de Gênes, avec titre de principauté & un port sur la Méditerranée. Elle appartient au roi de Sardaigne, aussi-bien que la principauté qui consiste en 3 vallées, le val d’Oneille, le val de Maro & le val de Prela. Elle abonde en oliviers. Les François bombarderent cette ville en 1692. Comme elle n’est pas fortifiée, elle a été souvent prise & reprise dans les guerres d’Italie. Elle est près de la riviere Impériale, à 12 lieues S. E. de Coni, 13 N. E. de Nice, 25 S. E. de Turin, 20 S. O. de Gênes. Long. 25. 36. lat. 43. 55.


Oneille est la patrie d’Andre Doria, l’un des plus grands capitaines du xvj. siecle, & d’une ancienne famille génoise, féconde en hommes très-célebres. Il eut tour-à-tour le commandement des forces navales de Gênes, de Naples, de François I. de Charles-Quint, &c. & la victoire marcha toujours sur ses pas. Il porta la terreur dans les mers d’Afrique & de Grece, battit les Turcs de tous côtés, & prit sur eux Patras & Coron, mais ce qui releve sa gloire encore davantage, c’est d’avoir refusé la domination de Gênes, & d’avoir mieux aimé d’en être le libérateur, le législateur & le protecteur, que d’en être le souverain. Il mourut à Gênes, le front ceint de tous les lauriers du héros, le 25 Novembre 1560, à l’âge de 94 ans. (D. J.)​","[[""43 55' N 25 36' E""]]",,43 55' N 25 36' E,43 55' N 25 36' E
v11-147-0,"NARSINGAPATAN, ou Narsingue","NARSINGAPATAN, (Géog.)​ ou Narsingue, ville de l’Inde, dans le golfe de Bengale, à l’extrémité de la côte de Coromandel, dans la partie orientale du royaume de Golconde, sur la riviere de Narsepille à la droite, & environ à 10 lieues de son embouchure, en tirant vers le nord. Long. suivant Harris, 103. 21 30. Lat. 18. 15.​","[['18 15\' N 103 21\' 30"" E']]",,"18 15' N 103 21' 30"" E","18 15' N 103 21' 30"" E"
v11-174-0,NATA,"NATA, (Géogr.)​ ville de l’Amérique méridionale dans le gouvernement de Panama. Elle est située sur la baie de Parita à 30 lieues de Panama vers l’ouest, dans un terrein fertile, plat & agréable. Long. 299. 10. lat. 8. 20.","[[""8 20' N 299 10' E""]]",,8 20' N 299 10' E,8 20' N 299 10' O
v11-1746-0,ORISTAGNI,"ORISTAGNI, (Géog.)​ ancienne ville de l’île de Sardaigne, avec un archevêché sur le golfe de même nom, à 17 lieues N. O. de Gagliari, 12 S. de Boza. Long. 26. 33. latit. 39. 55.


Cette ville est l’Usellis de Ptolomée, dont les habitans ont été appellés Usellitani. Le nom d’Oristagni ou Oristagne lui vient vraissemblablement d’un étang formé par la riviere Sacro, dans un lieu nommé Orès, d’où est venu le nom latin Ori-Stagnum, qui​a formé le nom Oristagni. Cette ville est dans une plaine à peu de distance de la mer, mais dans un air très-mal-sain, ce qui fait qu’elle est dépeuplée. (D. J.)​","[[""39 55' N 26 33' E""]]",,39 55' N 26 33' E,39 55' N 26 33' E
v11-1853-0,OSCHENFURT,"OSCHENFURT, (Géog.)​ petite ville d’Allemagne en Franconie, à six lieues au-dessus de Wurtzbourg sur le Mein qu’on y passe sur un pont de pierre. Long. 27. 36 lat. 49. 35. (D. J.)​","[[""49 35' N 27 36' E""]]",,49 35' N 27 36' E,49 35' N 27 36' E
v11-1876-0,OSMA,"OSMA, (Géog.)​ ancienne petite ville d’Espagne dans la vieille Castille, avec un évêché suffragant de Tolede. Elle est sur le Duero dans une plaine abondante en tout ce qui est nécessaire à la vie, à 45 lieues N. E. de Tolede, 32 N. E. de Madrid. Long. 15. 2. lat. 41. 34.


La cité d’Osma étoit connue des Romains sous le nom d’Uxama. Elle est nommée Oxoma dans les trois notices ecclésiastiques d’Espagne. Alphonse d’Arragon la conquit sur les Maures l’an 755. Les infideles la reprirent ensuite. Le roi Alphonse VI. s’en rendit le maître sur les Maures, & elle est restée au roi de Castille ; mais ce n’est plus qu’un gros bourg à-demi-ruiné. (D. J.)​","[[""41 34' N 15 2' E""]]",,41 34' N 15 2' E,41 34' N 15 2' E
v11-1885-0,OSS,"OSS, (Géog.)​ bourg du Brabant hollandois, dans la Mairie de Bois-le-Duc, au quartier de Maesland. Je parle de ce bourg, parce qu’il est aussi considérable que bien des villes, qu’il est le chef-lieu du quartier, qu’il jouit des privileges d’avoir des foires & marchés, que les habitans forment quatre confrairies, & qu’ils ont un tribunal d’échevins & de jurés, avec d’autres prérogatives. Long. 22. 45. latit. 51. 44.","[[""51 44' N 22 45' E""]]",,51 44' N 22 45' E,51 44' N 22 45' E
v11-1923-0,OSTERODE,"OSTERODE, (Géog)​ petite ville d’Allemagne de l’électorat d’Hanovre, dans la principauté de Grubenhagen. Long. 27. 32. lat. 51. 50.","[[""51 50' N 27 32' E""]]",,51 50' N 27 32' E,51 50' N 27 32' E
v11-1930-0,OSTIE,"OSTIE, (Géogr.)​ ancienne ville d’Italie dans la campagne de Rome, avec un évêché qui est uni à celui de Vélétri. Cette ville si fameuse du tems des Romains, est entierement détruite & ne consiste que dans une église, au-tour de laquelle il y a quelques misérables maisons en partie ruinées. Cet endroit est au milieu de l’isthme, borné au couchant par l’ancienne branche du Tibre, & à l’orient par un marais, à 5 lieues S. O. de Rome. Long. 29. 58. lat. 41. 47.


Denys d’Halicarnasse, l. III. ch. xlij. donne une longue description de la fondation d’Ostie, & Tite-Live, liv. I. ch. xxxiij. l’a faite en deux mots : Anco Martio regnante, in ore Tiberis Ostia urbs condita, salinæ circa factæ. Elle fut saccagée par Marius, mais elle se rétablit promptement. L’empereur Claude en fit un port fermé avec une haute tour, sur le modele de celle d’Alexandrie, pour servir de phare aux vaisseaux.


Une seule chose contribua à ruiner la grandeur de cette ville, son ancien canal se combla peu-à-peu, & rendit son port inutile. Malgré le nouveau port qu’y fit Trajan, Ostie tomba dans le dépérissement, à la chute de l’empire romain. Les barbares acheverent de la ruiner, & les Sarrazins n’y laisserent pierre sur pierre. Les habitans furent amenés en esclavage, & ceux qui échaperent au fer ou à la servitude, se retirerent bien loin de ce funeste lieu. En vain le pape Gregoire IV. voulut rétablir en 830 cette ancienne ville, les Corses qu’il y envoya périrent par le mauvais air de cet endroit inculte. Enfin le nom même de cette ville seroit perdu, si elle n’avoit été le titre du premier suffragant de Rome. (D. J.)​","[[""41 47' N 29 58' E""]]",,41 47' N 29 58' E,41 47' N 29 58' E
v11-1942-0,OSWIECZIN,"OSWIECZIN, (Géog.)​ en latin moderne Oswecimia ou Oswecinia, ville de Pologne, avec titre de duché, au Palatinat de Cracovie. Elle est sur la Vistule, à 7 milles au-dessus de Cracovie. Les maisons n’y sont que de bois & de terre, & c’est un château de bois qui sert de logement au gouverneur. Les Allemands nomment cette ville ainsi que le canton Aushwitz : Long. 37. 22. lat. 50. 1. (D. J.)​","[[""50 1' N 37 22' E""]]",,50 1' N 37 22' E,50 1' N 37 22' E
v11-1986-0,OUDENARDE,"OUDENARDE, (Géog.)​ forte ville des Bays-Bas, dans la Flandre autrichienne, capitale de la châtellenie du même nom ; Louis XIV. la prit en 1667, & la rendit au roi d’Espagne Charles II. par la paix de Nimegue. Le maréchal d’Humieres la bombarda en 1684. Les François y furent battus par les alliés en 1708. Elle est sur l’Escaut, dans une vallée, à 5 lieues S. de Gand, 6 N. E. de Tournai, 12 N. O. de Mons, 11 O.de Bruxelles. Long. 21. 16. lat. 50. 49.


Quoi que disent les auteurs flamands de l’antiquité d’Oudenarde, il paroît qu’elle ne doit son origine qu’aux comtes de Flandres. Elle s’est distinguée dans le dernier siecle par sa manufacture de tapisserie d’haute-lisse.


Cette ville est la patrie de Drusius (Jean), un des savans théologiens du xvj. siecle, & d’ailleurs très-versé dans les langues orientales. Son recueil des fragmens des Hexaples ; ses notes critiques sur l’Ecriture, & d’autres ouvrages de sa plume, lui ont fait une grande réputation. Il mourut en 1616, âgé de 66 ans. (D. J.)​","[[""50 49' N 21 16' E""]]",,50 49' N 21 16' E,50 49' N 21 16' E
v11-1988-0,OUDWATER,"OUDWATER, (Géog.)​ petite ville des Pays-Bas, dans la province de Hollande, sur l’Yssel, entre Gouda & Montfort, aux confins de la seigneurie d’Utrecht. Long. 22. 12. lat. 52. 2.


Cette petite ville a acquis plus de célébrité pour avoir donné la naissance à Arminius (Jacques), que par aucune autre particularité qui la concerne. Il y vit le jour l’an 1560, & devint professeur en théologie à Leiden l’an 1603. Ses écrits théologiques ont fait bien du bruit dans les sept Provinces-Unies, non-seulement il y condamne le supralapsaire Beze, mais de plus il établit qu’il ne faut reconnoître d’autre élection que celle qui a pour fondement l’obéissance des pécheurs à la vocation de Dieu par Jesus-Christ. Il se fit un grand nombre de partisans qui furent condamnés par le synode national ; mais leur condamnation n’a servi qu’à étendre leur secte, qui a finalement triomphé de ses adversaires ensevelis. Arminius est mort en 1609, avec tous les sentimens d’un homme dont la piété étoit véritablement éclairée. (D. J.)​","[[""52 2' N 22 12' E""]]",,52 2' N 22 12' E,52 2' N 22 12' E
v11-2001-0,OVIDOS,"OVIDOS, (Géog.)​ petite ville de Portugal dans l’Estramadure, sur une hauteur, à 9 lieues de Sautareu. Long. 9. 45. lat. 39. 5. (D. J.)​","[[""39 5' N 9 45' E""]]",,39 5' N 9 45' E,39 5' N 9 45' O
v11-2013-0,OUKCK,"OUKCK, (Géog.)​ ville d’Asie en Tartarie dans le Capschac, sur le Volga, à 15 lieues de Bulgares. Long. 84. lat. 57.",[['57 N 84 E']],,57 N 84 E,57 N 84 E
v11-2031-0,OUREM,"OUREM, (Géog.)​ petite ville de Portugal dans l’Estramadoure, sur une montagne, entre Leiria & Tomar. Long. 9. 50. lat. 39. 34. (D. J.)​","[[""39 34' N 9 50' E""]]",,39 34' N 9 50' E,39 34' N 9 50' O
v11-206-0,"NAVARIN, ou ZONCHIO","NAVARIN, ou ZONCHIO, (Géog.)​ ville de Grece dans la Morée, au Belvédere, au-dessus de Modon, en tirant vers le nord. Il y a apparence que c’est la même ville que Ptolomée, l. III. c. xvj. nomme Pylus. Navarin est à 10 milles de Coron, sur une hauteur, au pié de laquelle est un bon & vaste port, défendu par deux châteaux. Les Turcs ont enlevé pour la derniere fois cette place aux Vénitiens en 1715, avec toute la Morée. Long. 39. 26. lat. 37. 2.","[[""37 2' N 39 26' E""]]",,37 2' N 39 26' E,37 2' N 39 26' E
v11-2164-0,PADANG,"PADANG, (Géog. mod.)​ ville des Indes dans l’île de Sumatra, sur la côte occidentale, au midi de Priaman. Elle est sur une riviere. Long. 113. 40. lat. 5. 10. (D. J.)​","[[""5 10' N 113 40' E""]]",,5 10' N 113 40' E,5 10' N 113 40' E
v11-2215-0,PAGO,"PAGO, (Géog.)​ île de la mer d’Istrie, à une lieue de la côte de Croatie, dont elle n’est séparée que par un canal qui a 3 milles de large ; elle est sujette aux Vénitiens, & pour le spirituel à l’évêque d’Arbe. Elle a 60 milles de tour, & un château pour sa défense. L’air y est froid & le terroir stérile, mais on y trouve des salines qui font son seul revenu. Cette île a été connue de Pline sous le nom de Gissa, les Esclavons l’appellent Pagh. Venise y avoit deux de ses nobles, l’un pour la gouverner, & l’autre pour recevoir le produit. Long. 32. 40. lat. 44.","[[""44 N 32 40' E""]]",,44 N 32 40' E,44 N 32 40' E
v11-2261-0,PAITA,"PAITA, (Géog. mod.)​ petite ville de l’Amérique méridionale, au Pérou, dans l’audience de Quito, avec un port qui ne peut guère passer que pour une baie. Long. 296. 56. lat. 5. 12.


La ville de Paita est située dans un canton fort stérile, dont le terrein n’est composé que de sable & d’ardoise. Elle ne contient qu’environ deux cens familles ; les maisons n’y sont que d’un étage, & n’ont que des murs de roseaux refendus & d’argille, & des toîts de feuilles séches : cette maniere de bâtir, toute légere qu’elle paroît, est assez solide pour un pays où la pluie est un phénomène rare.


L’amiral Anson prit cette ville en 1741, avec cinquante soldats, la brûla, & partit avec un butin considérable qu’il enleva aux Espagnols. (D. J.)​","[[""5 12' N 296 56' E""]]",,5 12' N 296 56' E,5 12' S 296 56' O
v11-2272-0,PALACIOS,"PALACIOS, (Géog. mod.)​ ville ou bourg d’Espagne dans l’Andalousie, sur la route de Séville à Cadix. Long. 12. 24. lat. 37. 4. (D. J.)​","[[""37 4' N 12 24' E""]]",,37 4' N 12 24' E,37 4' N 12 24' O
v11-231-0,NAUMBOURG,"NAUMBOURG, (Géog.)​ ville d’Allemagne dans le cercle de haute Saxe, en Misnie, autrefois impériale, avec un évêché suffragant de Magdebourg, qui a été sécularisé. Elle est sur la Sale, à 15 lieues N. E. d’Erfort, 22 S. O. de Wittemberg, 25 O. de Dresde. Long. 29. 54. lat. 51. 12, Il y a aussi dans​la Silésie deux petites villes ou bourgs qui portent le nom de Naumbourg. (D. J.)​","[[""51 12' N 29 54' E""]]",,51 12' N 29 54' E,51 12' N 29 54' E
v11-2318-0,PALENCIA,"PALENCIA, (Géog. mod.)​ ville d’Espagne au royaume de Léon, avec un riche évêché suffragant de Burgos. Elle fut bâtie par le roi Sanche le grand dans un terroir fertile, aux frontieres de la Castille, à 17 lieues S. O. de Burgos, 25 S. E. de Léon, 46 N. de Madrid. Long. 13. 26. lat. 42. 11.


Vela, (Joseph) jurisconsulte espagnol naquit dans cette ville en 1588. Quoique ses ouvrages soient très-médiocres, ils ont été imprimés plusieurs fois, & ont un grand débit en Espagne, parce qu’ils roulent principalement sur des matieres ecclésiastiques qu’il a étayées des décisions de la rote de Rome. Les dernieres éditions ont été faites à Genève en 1726 & 1740. Vela mourut à Grenade en 1643, âgé de 55 ans. (D. J.)​","[[""42 11' N 13 26' E""]]",,42 11' N 13 26' E,42 11' N 13 26' E
v11-2405-0,PALOMERA,"PALOMERA, (Géog. mod.)​ petite ville d’Espagne dans l’île de Majorque, au Nord-est de l’île. Les anciens appelloient cette petite ville Palumbaria. Long. 20. 15. lat. 29. 30.","[[""29 30' N 20 15' E""]]",,29 30' N 20 15' E,29 30' N 20 15' E
v11-2423-0,PAMIERS ou PAMIEZ,"PAMIERS ou PAMIEZ, (Géog. mod.)​ en latin moderne Apamia ; ville de France dans le haut Languedoc, au pays de Foix, avec un évêché suffragant de Toulouse, érigé en 1296. Cette ville a souvent été saccagée, & ne contient gueres aujourd’hui que trois mille ames. Elle est sur l’Auriegue, à 3 lieues N. de Foix, 15 S. de Toulouse, 165 S. O. de Paris. Long. 19. 56. lat. 44. 7.","[[""44 7' N 19 56' E""]]",,44 7' N 19 56' E,44 7' N 19 56' E
v11-255-0,NAZARETH,"NAZARETH, (Géogr.)​ ce lieu, célebre par la demeure de Jesus-Christ jusqu’aux dernieres années de sa vie, n’est plus aujourd’hui qu’un petit village composé d’une soixantaine de maisons de pauvres gens tous habillés de toile. Il est sur le penchant d’une montagne, environnée d’autres petites collines : les religieux de saint François y ont un couvent. Long. 53. 15. lat. 32. 30.


Nazareth, du tems de Jesus-Christ, étoit une petite ville de la Palestine dans la tribu de Zabulon, au couchant du Thabor, & à l’orient de Ptolémaïde. Saint Epiphane dit que de son tems Nazareth n’étoit plus qu’une bourgade, uniquement habitée par les Juifs. Nous ne manquons pas de voyageurs qui ont eu la curiosité de s’y rendre dans le dernier siecle, & qui l’ont décrite : tels sont le pere Nau & Doubdan dans leur voyage de la Terre-sainte. Voyez aussi Coppin, Voyage de Phénicie. (D. J.)​","[[""32 30' N 53 15' E""]]",,32 30' N 53 15' E,32 30' N 53 15' E
v11-2627-1,Pappenheim,"Pappenheim, (Géogr. mod.)​ petite ville d’Allemagne, capitale du comté de même nom, entre Octing & Neubourg, en Franconie ; elle est à sept lieues N. O. de Neubourg, treize S. de Nureniberg. Long. 28. 30. lat. 48. 53. (D. J.)​","[[""48 53' N 28 30' E""]]",,48 53' N 28 30' E,48 53' N 28 30' E
v11-267-0,NÉATH,"NÉATH, (Géog.)​ petite ville ou bourg d’Angleterre dans le Glamorgan-Schire, sur la riviere de même nom à la gauche, & près de Landaff : quelques savans croient que c’est l’ancienne Nidum, cité des Silures. Long. 14. 25. lat. 51. 22.","[[""51 22' N 14 25' E""]]",,51 22' N 14 25' E,51 22' N 14 25' O
v11-280-0,NÉCAUS,"NÉCAUS, (Géog.)​ ancienne ville d’Afrique au royaume d’Alger, dans la province de Bugie sur les confins de la Numidie. Ptolomée, l. IV. c. iij. la nomme Vaga ; elle est à 20 lieues de Tetztéza, 50 de Constantine. Long. 21. 45. lat. 35. 20. (D. J.)​","[[""35 20' N 21 45' E""]]",,35 20' N 21 45' E,35 20' N 21 45' E
v11-2830-0,PARGA,"PARGA, (Géog. mod.)​ ville des états de Venise, sur la côte d’Albanie, vis-à-vis de l’île de Corfou, avec un port commode. Elle est habitée par des Grecs & des Albanois, & est située sur un rocher. Long. 38. 22. lat. 39. 28. (D. J.)​","[[""39 28' N 38 22' E""]]",,39 28' N 38 22' E,39 28' N 38 22' E
v11-340-0,NEISS ou NEISSE,"NEISS ou NEISSE, (Géogr.)​ ville d’Allemagne dans la basse Silésie, proche d’une riviere dont elle a pris le nom, & arrosée d’une autre riviere nommée Biélan. Elle est la résidence ordinaire de l’évêque de Breflau, & ne le cede point à Lignitz. Elle fut bombardée par le roi de Prusse en 1741. Sa situation est à 14 lieues S. E. de Breslau, 11 N. E. de Glatz. Long. 36. 10. lat. 50. 32.


La riviere de Neiss prend sa source dans la montagne du côté de Glatz, & va se perdre dans l’Oder à quelque distance de Bricg.","[[""50 32' N 36 10' E""]]",,50 32' N 36 10' E,50 32' N 36 10' E
v11-345-0,NELLENBOURG,"NELLENBOURG, (Géog.)​ petite ville d’Allemagne, capitale du landgraviat de même nom, dans la Suabe autrichienne, entre Constance, le canton de Schaffhouse, & la principauté de Furstemberg. Elle est à 8 lieues N. E. de Schaffhouse, 9 S. de Constance. Long. 26. 40. lat. 47. 54.


Le landgraviat de Nellenbourg s’appelloit autrefois le Hegow, & avoit une étendue beaucoup plus grande qu’il n’a présentement ; car il comprenoit la ville de Schaffhouse, & plusieurs terres qui appartiennent à la ville de Constance, & à la maison de Furstemberg.","[[""47 54' N 26 40' E""]]",,47 54' N 26 40' E,47 54' N 26 40' E
v11-435-0,NERZINSKOI,"NERZINSKOI, (Géog.)​ ville des états du grand duc de Moscovie en Sibérie, capitale de la province de Daousi sur la Nerza. Elle est fortifiée, munie d’une bonne garnison, & habitée par des payens qui y vivent sous la protection du czar. Long. 136. 20. lat. 51. 30.","[[""51 30' N 136 20' E""]]",,51 30' N 136 20' E,51 30' N 136 20' E
v11-453-4,Neubourg ou Nyborg,"Neubourg, ou Nyborg, (Géog.)​ ville forte de Danemark, sur la côte orientale de l’île de Funen, fondée en 1175. C’est dans le port de cette ville qu’on s’embarque pour traverser le Belt, & passer de l’île de Funen dans celle de Sélande. Les Suédois y furent défaits par les troupes de l’Empereur & de ses alliés en 1549. Cette victoire pro-​cura toute l’île de Funen aux Danois. Neubourg est à 21 lieues S. O. de Copenhague. Long. 28. 36. lat. 55. 30. (D. J.)​","[[""55 30' N 28 36' E""]]",,55 30' N 28 36' E,55 30' N 28 36' E
v11-453-5,Neubourg,"Neubourg, (Géog.)​ bourg de France, en Normandie, entre la Rille & la Seine, au milieu d’une belle plaine, à 6 lieues de Rouen, & à 4 d’Elbeuf. Il a donné le nom à un très-petit pays fertile en grains. Long. 18. 36. lat. 49. 14.","[[""49 14' N 18 36' E""]]",,49 14' N 18 36' E,49 14' N 18 36' E
v11-456-0,NEVERS,"NEVERS, (Géog.)​ ville de France, capitale du Nivernois, avec titre de duché, un ancien château, & un évêché suffragant de Sens. Elle est bâtie en forme d’amphitéâtre sur la Loire, qui y passe sous un pont au bout duquel est une levée du côté de Moulins. Nevers est à 12 lieues N. O. de Moulins, 10 S. E. de Bourges, 30 S. E. d’Orléans, 34 S. O. de Dijon, 55 S. E. de Paris. Long. 20. 49′. 25″. latit. 59. 13.


Nevers n’est point la Noviodunum de César, située dans le pays des Eduens ; son plus ancien nom est celui de Nivernum, qui a été formé à cause de la riviere de Nievre, qui se jette en cet endroit dans la Loire.


Après l’irruption des Barbares, Nevers resta sous la domination de ceux auxquels Autun appartenoit, & ce ne fut qu’ensuite qu’il fut érigé en cité & en ville épiscopale depuis le regne de Clovis. Après le déclin de la race de Charlemagne, les gouverneurs s’étant rendu absolus dans les villes où ils commandoient, le comte Guillaume devint propriétaire du comté de Nevers vers le milieu du x. siecle, sous le regne de Lothaire.


François de Cleves fut le premier duc de Nevers, après que cette ville eut été érigée en duché par François I. Le comté de Nevers est la premiere pairie créée en faveur d’un prince étranger.


On ne compte dans Nevers qu’environ 7000 ames,​& son principal commerce consiste en verrerie & en fayance.


Cette ville a produit au xvj. siecle un célebre avocat du parlement de Paris, Marion (Simon), qui devint président aux enquêtes, puis avocat général. M. de Thou & les autres savans de son tems, en font les plus grands éloges. Les plaidoyers qu’il mit au jour en 1594, ne sont point tombés dans l’oubli. Il mourut à Paris en 1605, âgé de 65 ans.


Marigny (Jacques Carpentier de), poëte françois du xvij. siecle, étoit de Nevers ; il avoit beaucoup voyagé, & embrassa le parti de M. le prince de Condé. Son poëme du pain-beni renferme une satyre assez délicate contre les marguillers de Saint Paul, qui vouloient le forcer à rendre le pain-beni. Gui-Patin s’est trompé en lui attribuant le traité politique contre les tyrans, vindiciæ contra tyrannos. Il mourut à Paris en 1670.


Ravisius-Textor, grammairien françois du xv. siecle, étoit aussi natif de Nevers. On estimoit encore ses ouvrages au commencement du siecle suivant, parce que la France sortoit à peine de la barbarie. Il mourut à Paris en 1522.


Mais il ne faut pas oublier Billaut (Adam), connu sous le nom de maître Adam, menuisier de Nevers sa patrie, vivant sur la fin du regne de Louis XIII. Cet homme singulier, sans lettres & sans études, devint poëte dans sa boutique. On l’appelloit de son tems le Virgile au rabot. En effet, ses principaux ouvrages sont le rabot, les chevilles, le vilebrequin, & les autres outils de son métier. Enfin, dit M. de Voltaire, on ne peut s’empêcher de citer de lui le rondeau suivant, qui vaut mieux que beaucoup de rondeaux de Benserade.



Pour te guérir de cette sciatique,
Qui te retient comme un paralitique
Entre deux draps sans aucun mouvement ;
Prends-moi deux brocs d’un fin jus de sarment,
Puis lis comment on les met en pratique :
Prends-en deux doigts & bien chaud les applique
Sur l’épiderme où la douleur te pique,
Et tu boiras le reste promptement
Pour te guérir.
Sur cet avis ne sois point hérétique ;
Car je te fais un serment autentique
Que si tu crains ce doux médicament,
Ton médecin, pour ton soulagement,
Fera l’essai de ce qu’il communique
Pour te guérir.


Maître Adam étant venu à Paris pour un procès, au lieu de plaider, fit des vers à la louange du cardinal de Richelieu, dont il obtint une pension. Gaston, frere de Louis XIII. répandit aussi sur lui ses liberalités. Il mourut en 1662. (D. J.)​","[['59 13\' N 20 49\' 25"" E']]",,"59 13' N 20 49' 25"" E","59 13' N 20 49' 25"" E"
v11-463-0,NEUHAUS,"NEUHAUS, (Géogr.)​ autrement Ilradetz, en Bohémien, ville de Bohème, dans le cercle de Béchyn : les Suédois la prirent en 1645. Long. 32. 56. lat. 48. 8.","[[""48 8' N 32 56' E""]]",,48 8' N 32 56' E,48 8' N 32 56' E
v11-488-0,NEWCASTLE,"NEWCASTLE, (Géogr.)​ ville d’Angleterre, capitale du Northumberland, avec titre de duché. Elle est grande, bien peuplée, négociante, riche & bâtie sur le penchant d’une colline avec un quai sur la riviere pour la commodité des vaisseaux qui y abordent.


On nommoit anciennement le lieu où l’on a bâti Newcastle, Girviorum regio. Cambden dit qu’elle s’appelloit autrefois Monkester, & qu’elle ne prit le nom de Newcastle, qui signifie château neuf, que d’un château qui y fut élevé pour sa défense par le prince Robert, fils de Guillaume le Conquérant. On en voit encore quelques pans de murailles.


C’est à Newcastle que se rait le grand négoce du charbon de-terre, cette ville étant presque toute environnée de mines de charbon qu’on y prend pour l’usage. Londres seule en consomme 600 mille chaldrons par année à 26 boisseaux le chaldron. De-là vient qu’on voit presque toujours à Newcastle des flottes de vaisseaux charbonniers, dont le rendez vous est à Shelas, à l’embouchure de la Tyne. C’est en particulier ce négoce qui rend Newcastle opulente.


Elle jouit d’ailleurs de grands privileges, qu’elle obtint sous la reine Elisabeth. Elle est du nombre de​celles qui se gouvernent elles-mêmes(couunti-towns), indépendamment du lieutenant de la province. Elle est sur la Tyne, à 7 milles de la mer & 212 N. O. de Londres. Long. selon Street, 20. 11. 15. lat. 55. 3.


Newcastle est la patrie du vénérable Bede, qui y naquit en 672, & mourut en 755 à 63 ans, après avoir été l’ornement de l’Angleterre, & l’un des plus savans hommes de son siecle. Il s’appliqua également à l’étude des sciences sacrées & profanes. Ses ouvrages ont été imprimés à Bâle & à Cologne en 8. vol. infol. Le plus précieux de tous est l’histoire ecclésiastique d’Angleterre ; car ses commentaires ne sont que des passages des Peres liés ensemble dans un style plus simple qu’élégant. (D. J.)​","[['55 3\' N 20 11\' 15"" E']]",,"55 3' N 20 11' 15"" E","55 3' N 20 11' 15"" O"
v11-491-0,NEWPLYMOUTH,"NEWPLYMOUTH, (Géogr.)​ ville & colonie angloise dans l’Amérique septentrionale sur la côte de la nouvelle Angleterre, où elle est la capitale d’une province nommée aussi Plymouth. Cette province s’étend l’espace de 100 milles le long de la mer, sur environ 50 milles de largeur, & elle forme la plus ancienne colonie de la nouvelle Angleterre. La capitale consiste en quatre ou cinq cens familles. Long. 306. 35. lat. 41. 30.","[[""41 30' N 306 35' E""]]",,41 30' N 306 35' E,41 30' N 306 35' O
v11-496-0,NEWTOWN,"NEWTOWN, (Géog.)​ ville d’Irlande au comté de Down, à une lieue S. de Bangoo, sur le côté septentrional du lac de Strancfort. Elle envoie deux députés au parlement du Dublin. Long. 11. 55. lat. 54. 40.","[[""54 40' N 11 55' E""]]",,54 40' N 11 55' E,54 40' N 11 55' E
v11-497-0,NEW ZOL,"NEW-ZOL (Géog.)​ ville de la haute Hongrie, la troisieme des sept villes des montagnes, avec titre de comté. Il y a dans cette ville & aux environs les plus belles mines de cuivre qui soient en Hongrie ; mais comme il est fort attaché à la pierre qui est dans la mine, on a bien de la peine à l’en tuer. Quand on en est venu à bout, on le fait brûler & fondre quatorze fois avant qu’on puisse s’en servir. New-zol est située sur la riviere de Grau, à 14 lieues N. E. de Léopolistad. Long. 37. 24. lat. 48. 40.","[[""48 40' N 37 24' E""]]",,48 40' N 37 24' E,48 40' N 37 24' E
v11-538-0,NICOMÉDIE,"NICOMÉDIE, (Géog. anc. & mod.)​ ville d’Asie, capitale & métropole de la Bithynie, sur la Propontide, entre Chalcédoine & Nicée ; elle est aujourd’hui nommée Comidia par les Italiens.


Nicomède, grand-pere de Prusias, la bâtit vis-à-vis d’Astaque, & lui donna son nom. Cette ville plus d’une fois assiégée, éprouva les malheurs de la guerre, jusqu’à ce qu’une colonie d’Athéniens étant venus la repeupler, elle se releva de ses pertes, & devint très-florissante.


Ce fut à Nicomédie qu’Annibal, après avoir perdu la bataille de Zama, se réfugia vers Antiochus & Prusias, rois de Bithynie : cependant cet infortuné capitaine, craignant que ces princes ne le remissent entre les mains des Romains qui l’avoient envoyé demander, se donna la mort à l’âge de 64 ans, 183 ans avant J. C.


Ammian Marcellin appelle Nicomédie la mere des villes de Bithynie. Pausanias dit que c’étoit la plus grande des villes de ce royaume. Pline l’historien lui donne le titre d’Urbs præclara ; & Pline son neveu, qui fut préteur de Bithynie, ne parle pas de cette ville avec moins d’éloge.


Elle a été une des premieres qui ait reçu la foi chrétienne ; & c’est par celle que commença la persécution sous Dioclétien. Ce fut près de cette ville dans un bourg nommé Acciron, que Constantin, âgé de 66 ans, mourut d’une fievre chaude l’an de J. C. 340. Quelques auteurs prétendent que cet empereur avoit alors adopté l’arianisme, & qu’il étoit venu à Nicomédie, où il reçut le second bâpteme que les Ariens exigeoient.


Quoi qu’il en soit, Nicomédie disputa long-tems à Nicée la primatie de la province de Bithynie. Mais l’un & l’autre sont également tombées sous la puissance de l’empire ottoman.


Nicomédie est toujours une ville considérable d’Asie, dans la Natolie, capitale de Becsangial, avec un archevêque grec, suffragant de Constantinople. On y compte 25 à 30 mille ames grecs, arméniens, juifs & turcs, qui y commercent. Elle est située très-avantageusement​ pour le trafic sur le golfe du même nom ; & elle couvre tout le penchant d’une petite colline embellie de fontaines, & chargée d’arbres fruitiers, de vignes, & de grains. On y trouvoit encore en inscriptions dans le dernier siecle, de quoi satisfaire sa curiosité.


La plupart des vaisseaux, saïques, barques & autres bateaux des marchands de Constantinople, se fabriquent à Nicomédie ; mais les turcs ne réussissent pas mieux dans la construction des bâtimens de mer, que dans l’architecture civile & militaire.


Cette ville est à 14 lieues N. O. d’Isnich, 20 S. E. de Constantinople. Long. 47. 28. long. 40. 46.


Arrien, célèbre philosophe & historien, né à Nicomédie, fleurissoit sous les empereurs Adrien, Antonin & Marc-Aurele. Il fut dans sa partie prêtre de Cérès & de Proserpine. Epictète l’instruisit dans la morale ; & son mérite éminent lui valut l’amitié de Pline le jeune. Adrien lui donna le commandement de la Cappadoce, dans lequel il se distingua par ses talens militaires.


Nous avons de lui en 7 livres une histoire d’Alexandre le Grand ; la bonne édition est Lugd. Batav. en 1740, in-fol. Nous avons une traduction françoile par M. d’Ablancourt. A Paris, chez Augustin Courbé, 1651, in-8°. Elle est fort bonne. Il n’y a que quelques expressions qui ont un peu vieilli. C’est un ouvrage très-estimable que celui d’Arrien, quoiqu’on n’y trouve point ces graces & cette douceur dans le style, qui ont pu faire appeller son auteur un second Xenophon. Il écrivit plusieurs autres ouvrages qui ne nous sont pas parvenus. Photius le fait auteur d’une histoire de Bithynie, d’une histoire des Alains, & d’une histoire des Parthes, en 17 livres, dont on doit regretter la perte. (D. J.)​","[[""40 46' N 47 28' E""]]",,40 46' N 47 28' E,40 46' N 47 28' E
v11-54-0,NAJAC,"NAJAC, (Géog.)​ petite ville de France en Rouergue, diocèse de Rhodez, élection de Ville-Franche. Elle est située sur la riviere d’Avéirou, à 6 lieues au nord d’Albi. Long. 19. 45. lat. 43. 55. (D. J.)​","[[""43 55' N 19 45' E""]]",,43 55' N 19 45' E,43 55' N 19 45' E
v11-543-0,NICOSIE ou LEUCOSIA,"NICOSIE ou LEUCOSIA, (Géogr.)​ anciennement Leucothæa, & par d’autres Leucosia, capitale de l’île de Chypre. Elle est située dans la grande plaine de Massarée à une journée de la mer, & bâtie à la façon des Orientaux. Il y a de belles mosquées & un achevêque grec. C’est la résidence d’un bacha. Long. 51. 10. lat. 35. 2.","[[""35 2' N 51 10' E""]]",,35 2' N 51 10' E,35 2' N 51 10' E
v11-551-0,NIDAU ou NIDOW,"NIDAU ou NIDOW, (Géog.)​ ville de Suisse dans le canton de Berne, capitale d’un bailliage de même nom, avec un château. Elle est dans un terrein bas & fertile sur le lac de Bienne, à 6 lieues N. O. de Berne, 21 S. O. de Zurich. Longit. 24. 55. latit. 47. 12.


Le bailliage de Nidau comprend une dixaine de paroisses. Il a été autrefois un comté, dont l’abbé de Longuerue donne l’histoire dans sa description de la France.","[[""47 12' N 24 55' E""]]",,47 12' N 24 55' E,47 12' N 24 55' E
v11-555-0,NIDECK,"NIDECK, (Géog.)​ petite ville d’Allemagne au duché de Juliers, sur la Roer ou Ruhr, entre Duren & Zulpich. Elle est capitale d’un bailliage de même nom dans le duché de Brunswick-Lunébourg. Long. 24. 20. lat. 50. 36.","[[""50 36' N 24 20' E""]]",,50 36' N 24 20' E,50 36' N 24 20' E
v11-565-0,NIENBOURG,"NIENBOURG, (Géog.)​ forte ville d’Allemagne au duché de Brunswick-Lunébourg : son commerce consiste en blé, en laine, en lin, en miel, & en bestiaux. Elle a été prise & reprise plusieurs fois dans le dernier siecle ; enfin elle a été rendue à Louis duc de Brunswic-Lunebourg en 1650 ; elle est sur le Weser, à 10 lieues N. O. d’Hanovre, 15 S. E. de Brême. Long. 27. 2. lat. 52. 44.","[[""52 44' N 27 2' E""]]",,52 44' N 27 2' E,52 44' N 27 2' E
v11-572-0,NIEUPORT,"NIEUPORT, (Géog.)​ ville forte des Pays-bas autrichiens, dans la Flandres, avec un port & des écluses, dont on peut inonder en un instant tous les environs. Elle soutint un siege contre Philippe duc de Cleves en 1488 ; le duc de Parme la prit en 1583 ; l’archiduc Albert d’Autriche y fut défait en​1600 par le prince Maurice de Nassau. Elle est sur la riviere d’Yperlée qui la traverse à un quart de lieue de la mer, 2 lieues de Furnes, 3 d’Ostende, 5 de Dunkerque, 65 de Paris. Long. selon Cassini 20. 16. 30. lat. 51. 7. 58.


C’est en 1168 qu’on nomma cette ville Nieuport, à cause d’un port que Philippe d’Alsace y fit. Voyez Longuerue, Description de la France.


C’est la patrie de Clicthone (Josse) docteur de Sorbonne au xvj. siecle, mort en 1543 : ses ouvrages de controverse, en grand nombre, sont tous tombés dans l’oubli.","[['51 7\' 58"" N 20 16\' 30"" E']]",,"51 7' 58"" N 20 16' 30"" E","51 7' 58"" N 20 16' 30"" E"
v11-586-0,NIKOPING,"NIKOPING, (Géogr)​ ville de Danemark sur la côte occidentale de l’île de Falster, vis-à vis celle de Laland, avec une bonne forteresse. Elle est à 19 lieues S. O. de Copenhague. Long. 29. 58. lat. 54. 50. (D. J.)​​","[[""54 50' N 29 58' E""]]",,54 50' N 29 58' E,54 50' N 29 58' E
v11-605-0,NINOVE,"NINOVE, (Géog.)​ ancienne petite ville des Paysbas dans la Flandre autrichienne, sur la Deure, à 2 lieues d’Alost. Long. 21. 36. lat. 50. 50.


Jean Despautere, célebre grammairien latin du seizieme siecle, étoit de cette ville ; & après avoir enseigné en plusieurs lieux, il mourut à Comines en 1520. (D. J.)​","[[""50 50' N 21 36' E""]]",,50 50' N 21 36' E,50 50' N 21 36' E
v11-626-0,"NISIBE, ou NISIBIS","NISIBE, ou NISIBIS, (Géog. anc.)​ ville très ancienne & très-célebre dans la partie septentrionale de la Mésopotamie. Elle étoit située sur le Mygdonius, à deux journées du Tigre. Les Grecs l’appelloient Antioche de Mygdonie, à cause de la beauté de son terroir, qu’ils comparoient à celui de l’Antioche de Syrie qui étoit délicieux. Strabon dit que Nisibis étoit située au pié du mont Masius.


Tigranes étoit possesseur de Nisibe du tems de la guerre de Mithridate, & Lucullus la lui enleva. Elle devint alors le boulevard de l’empire d’orient, tant contre les Parthes, que contre les Perses ; mais l’empereur Jovien la rendit à ces derniers.


Dans l’inscription d’une médaille de Julie Paulle, on lit ces mots : ce… Κολω Necibi, c’est-à-dire, septimæ coloniæ Nesibitanæ. Le nom moderne de Nisibe est Nesbin, ou Nassibin, ou Naïsibin, car on écrit ce nom très-diversement : c’est un lieu du Diarbek, qui dépend du bacha de Merdin. Mais ce lieu n’est plus qu’un misérable village, éloigné de Moussail de 50 lieues, & de 28 S. O. de Diarbeckir. Le pays est presque par tout désert & inhabité : de l’autre côté, c’est une large campagne où l’on ne voit sur la terre que de la grande pimprenelle, des tulipes, des anemones, des narcisses & autres fleurs. Long. 57. 25. lat. 36.


S. Ephrem, pere de l’Église & diacre d’Edesse, au quatrieme siecle, étoit de Nisibe. Il se fit extrèmement estimer de S. Basile & de S. Grégoire de Nice. Il embrassa d’abord la vie monastique, & dans la suite fut ordonné diacre par S. Jacques de Nisibe. Sozomene rapporte qu’ayant été élu évêque, il feignit d’avoir perdu l’esprit pour éviter d’être ordonné. On sait qu’il écrivit contre les erreurs de Sabellius, d’Arius, d’Apollinaire, des Manichéens, &c. Il mourut en 399. La meilleure édition de ses ouvrages est celle de Rome depuis 1732 jusqu’en 1746,​en grec, en syriaque & en latin. 6 vol. in-fol. (D. J.)​","[[""36 N 57 25' E""]]",,36 N 57 25' E,36 N 57 25' E
v11-645-0,NIVELLE,"NIVELLE, (Géog.)​ petite ville des Pays-bas autrichiens, dans le Brabant wallon, diocèse de Namur. On l’entoura de murailles l’an 1220 : elle est remarquable par son abbaye de chanoinesses, filles nobles, qui peuvent sortir & se marier. Elles s’habillent le matin en religieuses, & l’après-dinée en séculieres : on nomme leur abbêsse, la princesse de Nivelle. Sa nomination appartient au souverain, après que les chanoinesses lui ont présenté trois sujets de leur corps. Jean de Nivelle, dont on fait tant de contes, n’est autre chose qu’un homme de fer au haut d’une tour auprès de l’horloge de la ville, & qui sonne les heures avec un marteau. Nivelle est à cinq lieues de Bruxelles, sept de Namur, & à neuf de Louvain. Il y a comme dans les autres villes du Brabant, peu de peuple, & nombre de couvens. Long. 21. 54. lat. 50. 36. (D. J.)​","[[""50 36' N 21 54' E""]]",,50 36' N 21 54' E,50 36' N 21 54' E
v11-663-1,Nocera,"Nocera, (Géogr.)​ ancienne ville d’Italie dans l’Ombrie, au duché de Spolete, avec un évêché suffragant du pape. Strabon la nomme Nuceria, & dit qu’il s’y fabriquoit des vases de bois qui étoient estimés. Ptolomée, l. III. c. j. lui donne le nom de colonie. Elle est au pié de l’Apennin, à 7 lieues N E. de Spolete. Long. 30. 30. lat. 43. 2.","[[""43 2' N 30 30' E""]]",,43 2' N 30 30' E,43 2' N 30 30' E
v11-685-3,Nogent-sur-Seine,"Nogent-sur-Seine, (Géog.)​ petite ville de France, en Champagne, sur la Seine, à 9 lieues de Montereau, 12 de Troyes & à 22 de Paris.​ Il y a bailliage, maréchaussée, & grenier à sel. Long. 21. 3. lat. 48. 25.","[[""48 25' N 21 3' E""]]",,48 25' N 21 3' E,48 25' N 21 3' E
v11-707-0,NOMANIAH,"NOMANIAH, (Géog.)​ ville de l’Irac arabique ou babylonienne, qui est la Chaldée. Elle a été bâtie par le roi Noman-Ben-Mondic, & est située sur le Tigre, à peu de distance de Bagdad. Long. 63. lat. 33. (D. J.)​",[['33 N 63 E']],,33 N 63 E,33 N 63 E
v11-719-0,NOMENY,"NOMENY, (Géog.)​ petite ville de Lorraine sur la Seille, avec titre de marquisat, & un bailliage, à 5 lieues de Nanci, 6 de Metz. Elle a été une des principales places de l’évêché de cette derniere ville. L’abbé de Longuerue vous en donnera toute l’histoire dans sa description de la France. Long. 23. 50. lat. 48. 52. (D. J.)​","[[""48 52' N 23 50' E""]]",,48 52' N 23 50' E,48 52' N 23 50' E
v11-733-0,NONA,"NONA, (Géog.)​ petite ville de la Dalmatie dans l’ancienne Liburnie. On l’appelloit anciennement Œnona ou Œnonum. Elle n’a guere aujourd’hui que 600 habitans, quoiqu’elle soit un évêché suffragant de Spalatro. Les Vénitiens en sont les maîtres, & la mer l’entoure de tous côtés lorsque ses eaux sont hautes. Elle est à 3 lieues N. E. de Zara. Long. 33. 10. lat. 44. 25.","[[""44 25' N 33 10' E""]]",,44 25' N 33 10' E,44 25' N 33 10' E
v11-790-0,NORWICH,"NORWICH, (Géog.)​ ville d’Angleterre, capitale de la province de Norfolck, avec un évêché suffragant de Cantorbery. Il y a une manufacture d’étoffes qui la rend très-florissante. Elle est au centre de la province, au confluent de Winsder & de la Yare, à 16 lieues N. E. de Cambridge, 23 S. E. de Lincoln, 30 N. E. de Londres. Long. selon Street, 19. 45. 45. lat. 52. 44. (D. J.)​","[['52 44\' N 19 45\' 45"" E']]",,"52 44' N 19 45' 45"" E","52 44' N 19 45' 45"" E"
v11-83-1,Namur,"Namur, (Géog.)​ en latin moderne Namucum, & dans la suite Namurcum, forte ville des Pays-Bas, capitale du comté de Namur, avec un évêché suffragant de Cambray. Louis XIV. la prit en 1692. Guillaume III. roi d’Angleterre la reprit en 1695 ; le feld-maréchal Auwerkerque la bombarda en 1704.​Elle fut cédée à la maison d’Autriche par la paix d’Utrecht en 1713, & la garde en fut confiée aux Etats-Généraux par le traité de Barrieres ; Louis XV. la prit en 1746, & la rendit par le traité d’Aix-la-Chapelle. Elle est entre deux montagnes, au confluent de la Meuse & de la Sambre, à cinq lieues S. O. de Huy, six N. de Dinant, 10 S. O. de Liége, 10 S. E. de Bruxelles, 10 de Louvain, 12 E. de Mons, 58 N. E. de Paris. Long. 22. 32. lat. 50. 25. (D. J.)​","[[""50 25' N 22 32' E""]]",,50 25' N 22 32' E,50 25' N 22 32' E
v11-850-0,NOVIGRAD ou NOVEGRADI,"NOVIGRAD ou NOVEGRADI, (Géog.)​ petite ville de Dalmatie sur la rive méridionale du lac de même nom, près du golfe de Venise, à 8 lieues N. O. de Tara, 7 O. de Nona. Long. 34. 20. lat. 44. 30. (D. J.)​","[[""44 30' N 34 20' E""]]",,44 30' N 34 20' E,44 30' N 34 20' E
v11-905-1,Nuestra segnora de la vittoria,"Nuestra segnora de la vittoria, (Géog.)​ ville de l’Amérique septentrionale au Méxique, sur la côte de la baie de Campêche, dans la province de Tabasco, dont elle reçoit aussi le nom ; Cortez prit cette ville en 1519, & la saccagea. Long. 285. lat. 18. (D. J.)​",[['18 N 285 E']],,18 N 285 E,18 N 285 O
v11-912-0,NUITS,"NUITS, (Géog.)​ ville de France en Bourgogne, sur le ruisseau de Muzin. Elle est située dans une plaine, au pié d’une montagne, à quatre lieues de Dijon & à trois de Beaune, sur la grande route de l’une de ces villes à l’autre. Ses vins sont fort estimés ; & le voisinage de la riviere de Saône lui favorise le commerce de quelques denrées qui se transportent à Lyon. Long. 22. 28. lat. 47. 10. (D. J.)​","[[""47 10' N 22 28' E""]]",,47 10' N 22 28' E,47 10' N 22 28' E
v11-94-0,"NANKIN, autrement Kiangning","NANKIN, (Géogr.)​ autrement Kiangning, fameuse ville de la Chine dans la province du même nom, dont elle est la premiere métropole. Selon les Chinois, elle surpassoit toutes les villes du monde en magnificence, en beauté & en grandeur, quand les empereurs y tenoient leur cour. Aujourd’hui elle est fort déchûe de son ancien état, quoiqu’on dise qu’il y a autant de monde qu’à Pekin : on en fait monter le nombre à un million d’habitans. Le palais impérial, qui avoit une lieue de circuit, n’est plus qu’une masure de ruines. Long. suivant Cassini, 155. 55′. 30″. lat. 32. 7′. 45″.","[['32 7\' 45"" N 155 55\' 30"" E']]",,"32 7' 45"" N 155 55' 30"" E","32 7' 45"" N 155 55' 30"" E"
v11-971-0,NYON,"NYON, (Géog.)​ petite ville de Suisse au canton de Berne, chef-lieu du petit bailliage de même nom, près du lac de Genève, & à quatre lieues de cette ville.


Nyon est fort ancienne, comme le prouvent des inscriptions romaines, qui marquent qu’il y a eu des romains établis dans son territoire. Pline la nomme colonia equestris, parce qu’elle avoit été peuplée de cavaliers vétérans. Elle est appellée simplement equestris dans l’itinéraire d’Antonin. Elle est située pour la plus grande partie sur une colline qui s’éleve au bord du lac de Genève, & en partie dans la plaine qui s’étend le long du lac au pié de la colline. Elle a bien de la peine à se relever de l’incendie qui la réduisit en cendres l’an 1399. Longit. 23. 44. latit. 46. 25.","[[""46 25' N 23 44' E""]]",,46 25' N 23 44' E,46 25' N 23 44' E
v11-973-0,NYSLOT,"NYSLOT, (Géog.)​ forteresse de l’empire Russien dans la Livonie, sur la rive occidentale de la Narva, à 8 lieues S. O. de Narva. Longit. 46. 30. latit. 58. 46.","[[""58 46' N 46 30' E""]]",,58 46' N 46 30' E,58 46' N 46 30' E
v11-979-0,OAKHAM,"OAKHAM, (Géog.)​ ville d’Angleterre dans le Rutland, au diocèse de Péterberoug. Elle est dans la belle & riche vallée de Cathmoss, à 74 milles de Londres. Long. 16. 45. lat. 52. 38.","[[""52 38' N 16 45' E""]]",,52 38' N 16 45' E,52 38' N 16 45' E
v12-1107-0,PFREIMBD,"PFREIMBD, (Géog. mod.)​ petite ville d’Allemagne, au cercle de Baviere, dans le Nord-Gow. Long. 29. 57. lat. 49. 30.","[[""49 30' N 29 57' E""]]",,49 30' N 29 57' E,49 30' N 29 57' E
v12-1108-0,PFULLENDORFF,"PFULLENDORFF, (Géog. mod.)​ petite ville impériale d’Allemagne, au cercle de Suabe, dans le Hégow, sur la riviere d’Omdelspach, à 7 lieues nord de Constance, 12 sud-ouest d’Ulm, 4 nord d’Uberlingen. Long. 26. 58. lat. 48.","[[""48 N 26 58' E""]]",,48 N 26 58' E,48 N 26 58' E
v12-1138-0,PHALTZBOURG,"PHALTZBOURG, (Géog. mod.)​ petite ville de France, entre l’Alsace & la Lorraine, avec titre de principauté. C’est une place d’importance pour la communication des trois évêchés de Mets, Toul & Verdun. Elle est sur une hauteur au pré des montagnes de Vosge, à 2 lieues de Saverne, 11 N. O. de Strasbourg, 92. E. de Paris. Long. 34. 56. 17. lat. 48. 46.


La ville de Phaltzbourg appartenoit aux ducs de Lorraine, mais elle a été cédée à la France avec ses dépendances, par le traité de Vincennes, en 1661, ensuite par celui de Ryswik en 1697, & finalement par celui de Paris en 1718. (D. J.)​","[['48 46\' N 34 56\' 17"" E']]",,"48 46' N 34 56' 17"" E","48 46' N 34 56' 17"" E"
v12-1217-0,PHILADELPHIE,"PHILADELPHIE, (Géog. mod.)​ ville de l’Amérique septentrionale, capitale de la Pensylvanie ; c’est aujourd’hui une des plus belles, des plus riches & des plus florissantes villes que les Anglois ayent dans le nouveau monde. Elle est située entre deux rivieres navigables, à deux milles de leur jonction. Elle a trente rues, dont il y en a dix de deux milles de long, qui traversent d’une riviere à l’autre. Les vingt autres qui les coupent à angles droits, ont la moitié de la longueur des premieres. On a laissé autour du centre de ce parallélogramme, un carré de dix arpens (acres) ; & au milieu de chacun des quatre quartiers de ce parallélogramme, il y en a un de cinq. Ces places sont destinées à y élever des églises, des écoles, d’autres édifices publics, & à servir de promenade aux habitans, comme font les mourfields à Londres.​


C’est le fameux Guillaume Pen qui a tracé les alignemens de sa ville de Philadelphie. Les Anglois ne sauroient trop honorer sa memoire ; & en mon particulier, je lui ai déja rendu mes hommages en parlant de la Pensylvanie. Il y a trois à quatre mille maisons bâties dans la capitale de cette province de l’Amérique septentrionale angloise. Sa position est très-avantageuse pour le commerce, à cause des deux rivieres qui y amenent les vaisseaux, par celle de la Ware, dans laquelle elles se déchargent, à deux milles de-là. On pourroit dans la suite, pour exécuter le plan du fondateur, former un carré parfait des deux côtés du parallélogramme ; & pour-lors Philadelphie ressembleroit à Babylone, excepté ses murailles & la grandeur de son enceinte ; mais elle la surpasseroit de beaucoup pour la commodité de sa situation. Long. 301. 40. latit. 39. 50. (D. J.)​","[[""39 50' N 301 40' E""]]",,39 50' N 301 40' E,39 50' N 301 40' O
v12-1237-0,PHILISBOURG ou PHILIPSBOURG,"PHILISBOURG ou PHILIPSBOURG, (Géog. mod.)​ ville d’Allemagne, dans le cercle du haut-Rhin, sur la rive orientale du Rhin, à l’embouchure de la Saltza, à 2 lieues au midi de Spire, 5 est de Landaw, 9 est de Worms, 16 nord-est de Strasbourg, & 110 sud de Paris.


Ce n’étoit autrefois qu’un village appellé Udenheim, ou Jean Georges, comte palatin, bâtit un palais pour l’évêque de Spire en 1313. Philippe-Christophe de Sotteren, évéque de Spire, fortifia ce lieu de sept bastions, & l’appella Philippo-burgum. Ensorte que cet endroit est devenu une place très-importante qui appartient à l évêque de Spire, mais où l’empereur a droit de mettre garnison en tems de guerre : c’est aussi pour cela qu’elle a souvent été prise & reprise ; par les Suédois, en 1633 ; par les Impériaux, en 1635 ; par Louis de Bourbon, alors duc d’Enghien, en 1644 ; par les Alliés, en 1676 ; par Louis, dauphin de France, en 1688 ; par les François, en 1734 ; mais cette place fut rendue bien-tôt après à l’empereur par le traité de Vienne. Long. 26. 8′. 15″. latit. 49. 13′. 50″. (D. J.)​","[['49 13\' 50"" N 26 8\' 15"" E']]",,"49 13' 50"" N 26 8' 15"" E","49 13' 50"" N 26 8' 15"" E"
v12-125-0,PASSAIE,"PASSAIE, (Géog. mod.)​ petite ville d’Espagne dans la Guipuscoa, près de S. Sebastien, avec un port ; le roi d’Espagne y tient une escadre. Long. 15. 42. lat. 43. 25. (D. J.)​","[[""43 25' N 15 42' E""]]",,43 25' N 15 42' E,43 25' N 15 42' E
v12-1416-0,PICO,"PICO, (Géogr. mod.)​ îles de l’Océan, l’une des Açores, à 3 lieues sud-est de Traial, à 4 sud-ouest de Saint-Georges, & à 12 sud-ouest quart à l’ouest de Tercere. Cette île a environ 15 lieues de circuit, & est exposée à des volcans ; elle produit de meilleurs vins que toutes les autres Açores. Son nom lui vient d’une haute montagne qui y est, & qu’on appelle le Pie ou Pic des Açores. Long. de l’île, 349. 21. lat. 38. 35. (D. J.)​","[[""38 35' N 349 21' E""]]",,38 35' N 349 21' E,38 35' N 349 21' O
v12-1671-0,PITHA ou PITHEA,"PITHA ou PITHEA, (Géog. mod.)​ province de la Laponie Suédoise, bornée au nord par la Laponie de Luhlea, au midi par celle d’Uhma, au levant par la Bothnie occidentale, & au couchant par la Norwege. Elle est traversée par une riviere de même nom, & a pour chef-lieu une bourgade qui s’appelle aussi de même. Long. de cette bourgade, 38. 50. lat. 65. 5.","[[""65 5' N 38 50' E""]]",,65 5' N 38 50' E,65 5' N 38 50' E
v12-1688-0,PITSCHEN,"PITSCHEN, (Géog. mod.)​ ancienne petite ville de Silésie, dans la principauté de Brieg. Elle étoit autrefois épiscopale, mais son siége fut transféré à Breslau en 1052. Maximilien d’Autriche, élu roi de Pologne en 1588, fut assiégé dans cette ville, fait prisonnier, & forcé de renoncer à son élection ; tout y fut au pillage, ainsi qu’en 1627. Long. 35. 56. lat. 51. 12. (D. J.)​","[[""51 12' N 35 56' E""]]",,51 12' N 35 56' E,51 12' N 35 56' E
v12-173-0,PASSE WALCK,"PASSEWALCK, (Géog. mod.)​ petite ville d’Allemagne, au cercle de la haute Saxe, dans les états de l’électeur de Brandebourg, sur l’Ucker. Long. 38. 30. lat. 53. 29.","[[""53 29' N 38 30' E""]]",,53 29' N 38 30' E,53 29' N 38 30' E
v12-1797-1,Plasencia,"Plasencia, (Géog. mod.)​ ville d’Espagne, dans le Guipuscoa ; elle est dans la vallée de Marquina, au bord de la riviere de Deva, à 3 lieues au-dessous de Mondragon, à 12 au sud-ouest de Bilbao, & à 25 nord ouest de Pampelune. Il y a beaucoup de mines de fer aux environs, & on y fabrique toutes sortes d’armes. Long. 15. 3. lat. 43. 15.","[[""43 15' N 15 3' E""]]",,43 15' N 15 3' E,43 15' N 15 3' E
v12-1803-1,"Plata, la, autrement Chuquisata","Plata, la, autrement Chuquisata, (Géog. mod.)​ ville de l’Amérique méridionale au Pérou, capitale de l’audience de Los-Charcas au nord-est du Potosi sur la petite riviere de Cachimayo. Elle fut bâtie l’an 1539 par Pedro-Anzurés, frere de François Pizarro, & il la nomma la Plata, c’est-à-dire l’argent, à cause des mines de ce métal qui sont dans le voisinage. Elle a environ dix mille habitans, tant indiens qu’espagnols, au nombre desquels se trouvent plusieurs religieux & religieuses. Son évêché, établi en 1553, fut érigé en archevêché en 1608. Long. 313. lat. merid. 19.32.","[[""19 32' S 313 E""]]",,19 32' S 313 E,19.32 S 313 O
v12-1834-0,PLAVEN,"PLAVEN, (Géog. mod.)​ ville d’Allemagne, au cercle de la basse Saxe, dans le duché de Meckelbourg, sur les confins de la marche de Brandebourg, sur le bord septentrional de l’Elde, à neuf milles de Swerin, près d’un lac qui en prend le nom de Plavencée. Long. 30. 18. lat. 53. 39. (D. J.)​","[[""53 39' N 30 18' E""]]",,53 39' N 30 18' E,53 39' N 30 18' E
v12-1902-0,PLOEN,"PLOEN, (Géog. mod.)​ ville du duché de Holstein, dans la Wagrie, chef-lieu de la principauté de même nom, sur le lac de Ploen qui l’environne presque de tous les côtés, à 4 milles au sud-est de Kiel, & à 6 au nord-ouest de Lubeck, avec un château. Ses deux portes répondent à deux ponts, par lesquels la ville communique avec le continent.


Elle est très-ancienne, car elle existoit déja dans le tems que les Vénedes, maîtres de la Wagrie, reconnurent pour prince Crucon, qui étoit idolâtre comme eux. Adolphe, comte de Holstein, y éleva une citadelle, & en 1151, S. Vicolin y fit bâtir la premiere église. Ploen a été plusieurs fois réduite en cendres, tantôt comme en 1534, par les habitans de Lubeck, & tantôt par des incendies fortuits, comme en 1574. La pêche est le seul commerce des habitans. Long. 28. 4. lat. 54. 14. (D. J.)​","[[""54 14' N 28 4' E""]]",,54 14' N 28 4' E,54 14' N 28 4' E
v12-1913-0,PLOMBIERES,"PLOMBIERES, (Géog. mod.)​ petite ville de Lorraine ; dans la Voge, & sans murailles ; elle est à 2 lieues de Remiremont, à 4 de Luxeulx, & à 15 au-dessous de Langres, entre deux montagnes escarpées, sans rochers ni bois qui lui servent de clôture. Les bains qui ont rendu Plombieres renommée, sont les eaux chaudes qui sortent de ces deux montagnes. Il y en a de trois sortes, savoir pour le bain, pour suer, & pour boire ; mais c’est-là l’objet d’un article particulier. Il suffit de dire que Plombieres est un lieu bas, étroit, qui ne contient qu’une petite paroisse, & un couvent de capucins. On y trouve deux grands bains ; le particulier qui est ouvert, & ordinairement réservé pour les femmes, appartient aux chanoinesses de Remiremont, comme dames & patrones de ce lieu. Long. 24. 14. lat. 47. 58. (D. J.)​","[[""47 58' N 24 14' E""]]",,47 58' N 24 14' E,47 58' N 24 14' E
v12-2094-0,POLIGNY,"POLIGNY, (Géog. mod.)​ petite ville de France, dans la Franche-Comté, chef-lieu d’un bailliage de même nom sur un ruisseau qui va se perdre dans le Doux, à 6 lieues au sud-ouest de Salins, & à douze de Besançon. Elle est jolie, & composée d’environ 3000 habitans. Il y a une collégiale exempte de la jurisdiction archiépiscopale, une maison des PP. de l’Oratoire, quatre couvens d’hommes, & un d’Ursulines.


Poligny est appellé Polemniacum dans le partage de Lothaire, entre Louis le germanique & Charles le chauve en l’année 870. Dans le siecle suivant, il est nommé Poliniacum ; c’est un lieu ancien qui étoit situé dans le pays de Warasche, pagus Warascus, ainsi nommé des peuples Warasci, qui faisoient partie des Séquaniens, & étoient établis sur le Doux des deux côtés de la riviere. Long. de Poligny, 23. 21. latit. 46. 50.


Oucin (Gad de) dominicain, poëte & écrivain du quatorzieme siecle, étoit de Poligny, & traduisit en vers françois la consolation philosophique de Boëce en 1336 ; traduction que divers écrivains de nos jours attribuent, je crois, mal-à-propos à un autre dominicain du même tems nommé frere Regnault de Louens, poëte inconnu à Fauchet, la Croix du Maine, du Verdier, Sorel, Goujet, & autres bibliothéquaires françois.


C’est par une assez plaisante équivoque que les PP. Quetif & Echard, les plus récens bibliographes des écrivains de leur ordre de S. Dominique, ont fait Gad de Oucin polonois, au lieu de françois & bourguignon. F. Gad de Oucin, disent-ils, natione polonus, nostris nomenclatoribus hactenùs incognitus, hoc eodem anno M. CCC. XXXVI. in Galliis agebat. Parisios forte de more pro ratione provinciæ suæ missus ad Gymnasium san-jacobeum, linguam gallicam, qualem tunc loquebantur, familiarem sibi fecit ; & cela en conséquence de ces vers qu’ils ont lûs à la fin d’un ouvrage qu’ils lui attribuent :



Fut cil romans à Poloignie
Dont li freres s’est pourloignie,
Qui le romans en rime a mis,
Dieu gart au frere ses amis.


Or ce Pouloignie pris pour la Pologne par les PP. Quetif & Echard, n’est autre chose que la petite ville de Poligny en Franche-Comté. Cette bévue est d’autant plus surprenante de la part de ces deux habiles bibliographes, qu’ils n’ignoroient point avoir une maison ou un couvent de leur ordre à Poligny, domus polinianensis, & qu’ils en ont fait eux-mêmes mention deux ou trois fois dans leurs écrits ; c’est d’ailleurs ce qu’ils auroient appris de Borel & de du Verdier, qui ayant vû le Boëce en manuscrit, dit qu’il est d’un moine de Poligny, & en copie ses six vers de la fin.



L’an mil trois cens six avec trente,
Le derrain jour de Mai prenez,
Si sçaurez quand à fin menez
Fut ce roman à Poligny.
Donc le frere est de Poligny,
Qui ce romans en rime a mis.


Au reste, la tradition en vers françois de Boëce, par le frere Oucin, n’est pas la premiere, car elle​avoit été précédée de tout un siecle par celle qu’avoit faite de cet ouvrage Jean de Meun, surnommé Clopinel, parce qu’il clopinoit ou boitoit, mais plus connu encore par sa continuation du fameux roman de la Rose commencé par Guillaume de Lorris ; il dédia sa traduction de la consolation philosophique de Boëce à Philippe le Bel, en ces termes : « A ta royale majesté..... jaçoit ce que entendes bien le latin, » &c. (Le Chevalier de Jaucourt.)​","[[""46 50' N 23 21' E""]]",,46 50' N 23 21' E,46 50' N 23 21' E
v12-210-1,Patane ou Patany,"Patane ou Patany, (Géog. mod.)​ royaume des Indes dans la presqu’île de Malaca, sur la côte orientale, entre le royaume de Siam & de Paha. Les habitans sont en partie mahométans & en partie payens. Les Chinois font avec eux un grand commerce ; on n’y distingue que deux saisons, l’hiver & l’été ; l’hiver dure pendant les mois de Novembre, Décembre & Janvier, pendant lesquels il pleut sans cesse. Les bois sont remplis d’éléphans, de sangliers & de guenons. Le royaume, dit Gervaîse, releve du roi de Siam, & est gouverné par une reine qui ne peut se marier, mais qui peut avoir des amans tant qu’elle veut. La lubricité des femmes y est si grande, que les hommes sont contraints de se faire de certaines garnitures pour se mettre à l’abri de leurs entreprises. C’est là, c’est aux Maldives, c’est à Bantan, que la nature a une force & la pudeur une foiblesse qu’on ne peut comprendre ; c’est-là, dit M. de Montesquieu, qu’on voit jusqu’à quel point les vices du climat laissés dans la liberté, peuvent porter le désordre. Long. 119. lat. 7. (D. J.)​",[['7 N 119 E']],,7 N 119 E,7 N 119 E
v12-351-0,"PAUTZKE ou Putzko, ou Pardubitz","PAUTZKE, ou Putzko, ou Pardubitz, (Geog. mod.)​ petite ville de la Prusse polonoise, dans la Pomerellie, à 10 lieues de Dantzig. Long. 36. 6. lat. 54. 42.","[[""54 42' N 36 6' E""]]",,54 42' N 36 6' E,54 42' N 36 6' E
v12-399-0,PECHLARN,"PECHLARN, (Géogr. mod.)​ ville d’Allemagne dans la basse Autriche, sur la rive droite du Danube, à l’endroit où la riviere d’Erlaph se jette dans ce fleuve. La ressemblance du mot Erlaph avec celui d’Arélape ou Arlape, fait croire que Pechlarn est l’Arélape des anciens, mot qui vient par corruption de Ara lapidea ; comme le Danube est fort large dans cet endroit, les Romains y tenoient une flote. Pechlarn appartient à l’évêque de Ratisbonne ; elle est à deux milles au-dessous d’Ips, & à un grand mille de Melek. Long. 33. 24. lat. 48. 14.","[[""48 14' N 33 24' E""]]",,48 14' N 33 24' E,48 14' N 33 24' E
v12-442-0,PEDIR,"PEDIR, (Géog. mod.)​ ville des Indes, capitale d’un royaume de même nom, dans l’île de Sumatra. Le roi d’Achem s’en est emparé. Long. 214. 15. lat. 5. 40.","[[""5 40' N 214 15' E""]]",,5 40' N 214 15' E,5 40' N 214 15' E
v12-466-0,PEGNA-MACOR,"PEGNA-MACOR, (Géog. mod.)​ petite ville de Portugal, dans la province de Beira, au midi de Sabagal, & à l’orient de Cobilliana ; elle est défendue par un château. Long. 10. 25. lat. 40. 24.","[[""40 24' N 10 25' E""]]",,40 24' N 10 25' E,40 24' N 10 25' O
v12-572-0,PEMBROKE,"PEMBROKE, (Géog. mod.)​ ville d’Angleterre, au pays de Galles, capitale de Pembroke-shire, avec titre de comté. Elle a deux paroisses, est fortifiée d’un château, & est située sur une pointe du port de Milfort, à 195 milles de Londres : elle envoie deux députés au parlement. Long. 12. 45. lat. 51. 48.


C’est dans le château de cette ville que naquit Henri VII. roi d’Angleterre, dont il faut lire la vie par Bacon.


La bataille de Bosworth en 1485, mit fin aux désolations dont la rose rouge & la rose blanche avoient rempli l’Angleterre. Le trône toujours ensanglanté & renversé, fut enfin ferme & tranquille. Henri VII. ayant su vaincre, sut gouverner ; son regne qui fut de vingt-quatre ans, & presque toujours paisible, humanisa les mœurs de la nation. Les parlemens qu’il assembla & qu’il ménagea firent de sages lois : le commerce qui avoit commencé à fleurir sous le grand Edouard III. ruiné pendant les guerres civiles, commença à se rétablir. Henri VII. eût été sage s’il n’eût​été qu’économe ; mais une lésine honteuse, & des rapineries fiscales ternirent sa gloire : il tenoit un registre secret de tout ce que lui valoient les confiscations.


Son historien nous a laissé un trait fort singulier de son avarice. Le comte d’Oxford étoit, de tous les seigneurs de son royaume, celui en qui il avoit le plus de confiance, & qui lui avoit rendu les plus grands services. Un jour le roi étant allé le voir dans la maison de campagne, il le reçut avec toute la splendeur dont il put s’aviser. Quand le roi fut prêt à partir, il vit en haie un grand nombre de gens de livrée magnifiquement vêtus : le comte avoit peut-être oublié que plusieurs actes du parlement défendoient de donner des livrées à d’autres qu’à des domestiques en service, mais le roi n’en avoit point perdu la mémoire. Lorsqu’il apperçut ce grand nombre de gens portant la même livrée : « Mylord, dit-il au comte, j’avois beaucoup oui parler de votre magnificence, mais elle surpasse extrèmement ce qu’on m’en a dit ; tous ces gens-là que je vois en haie sont apparamment vos domestiques ordinaires » ? Le comte qui ne comprit pas le but du roi, répondit en souriant, « qu’il n’avoit pas à sa livrée un si grand nombre de gens : Par ma foi, mylord, répondit le roi brusquement, je vous remercie de votre bonne chere, mais je ne souffrirai point que sous mes propres yeux on viole ainsi mes lois ». Il en coûta quinze cens marcs au comte d’Oxford pour cette contravention. (D. J.)​","[[""51 48' N 12 45' E""]]",,51 48' N 12 45' E,51 48' N 12 45' E
v12-615-0,PENISCOLA,"PENISCOLA, (Géog. mod.)​ ou Penoscola, ville d’Espagne au royaume de Valence, vers le bord de la mer, au nord d’Oropesa, & sur une pointe de terre fort élevée. Long. 13. 6. lat. 39. 15. (D. J.)​","[[""39 15' N 13 6' E""]]",,39 15' N 13 6' E,39 15' N 13 6' E
v12-632-0,PENRITH,"PENRITH, (Géog. mod.)​ ou Panreth, ville à marché d’Angleterre, dans le comté de Cumberland, près de la riviere d’Eden, qui la sépare du Westmorland. Elle envoie deux députés au parlement, & est à 214 milles S. O. de Londres. Long. 12. 30. latit. 50. 10. (D. J.)​","[[""50 10' N 12 30' E""]]",,50 10' N 12 30' E,50 10' N 12 30' O
v12-872-1,Perne,"Perne, (Géog. mod.)​ petite ville, ou plutôt bourg de France dans la Provence, au diocese de Carpentras. Long. 22. 41. lat. 44. 2.


Cet endroit est la patrie d’Esprit Flechier, évêque de Lavaur en 1685, & puis de Nismes en 1687. II avoit été reçu à l’académie françoise en 1673. Il étoit, dit M. de Voltaire, poëte françois & latin, historien, prédicateur, mais connu sur-tout par ses belles oraisons funebres. Il a traduit du latin d’Antoine-Marie Gratiani, la vie du cardinal Commendon ; il a donné celle du cardinal Ximenès ; & son histoire de l’empereur Théodose, a été faite pour l’éducation de M. le duc de Bourgogne. Il mourut le 16 Février 1710, à 78 ans.","[[""44 2' N 22 41' E""]]",,44 2' N 22 41' E,44 2' N 22 41' E
v12-882-0,PERONNE,"PÉRONNE, (Géog. mod.)​ ville de France, dans la Picardie, capitale du Santerre, sur le bord septentrional de la Somme, à 12 lieues au-dessus, & au levant d’Amiens, à 10 au S. O. de Cambray, & à 32 de Paris, parmi des marais, qui avec ses fortifications en font une très-forte place.


Elle est ancienne, car les premiers rois Mérovingiens y avoient un domicile. Clovis II. ayant donné cette place à Archinoald, maire de son palais, il y bâtit un monastere pour des moines Ecossois. Le premier abbé fut S. Wltan, neveu de S. Furcy, abbé de Lagny ; lequel S. Furcy est enterré à Péronne, où il est devenu depuis ce tems-là le patron de la ville.


Héribert, Comte de Vermandois, s’empara de Pérone, & enferma dans la forteresse Charles III. dit le Simple, qui y finit ses jours en 929. âgé de cinquante ans. Il est vrai que ce malheureux prince se fit toujours mépriser de son peuple pendant sa vie, par sa foiblesse & son manque de courage. N’ayant pas su faire valoir ses droits à l’Empire, après la mort de Louis IV. l’Empire sortit de la maison de France, & devint électif. Charles le Simple fut enterré à Péronne. Il avoit eu trois femmes ; de la pre-​miere dont on ne sait pas le nom, il eut Gisele, mariée en 912 à Rollon, premier duc de Normandie ; de la seconde, nommée Fréderune, morte en 917, on doute s’il eut des enfans ; de la troisieme, nommée Ogine, il eut Louis, depuis appellé d’Outremer. Cette Ogine, fille d’Edouard I, roi des Anglois, après avoir marqué un grand courage dans presque tout le cours de sa vie, finit par se marier par amour, après la mort de son mari, avec Héribert, comte de Troyes, second fils d’Héribert, comte de Vermandois, qui avoit tenu son mari prisonnier les sept dernieres années de sa vie.


Les successeurs d’Heribert, jouirent de Péronne & de ses dépendances, jusqu’au tems de Philippe Auguste. En 1466 Louis X I. donna cette ville & ses annexes à Charles, duc de Bourgogne, & s’en resaisit ensuite après la mort de ce prince.


L’église collégiale de cette ville, a été bâtie & dotée par le même Archinoald dont nous avons parlé ; cette collégiale est aujourd’hui de soixante petites prébendes, toutes à la nomination du roi.


Péronne est surnommée la pucelle, parce qu’elle n’a jamais été prise, quoiqu’assiégée quelquefois, & entr’autres par le comte Henri de Nassau en 1536. Elle a sa coutume particuliere, qui est suivie à Mont-Didier & à Roye. Il y a dans cette ville, une élection & un bailliage auquel la prevôté est unie ; mais elle est sur-tout redoutable par les véxations des commis des fermes. Long. 20. 35. 44. lat. 49. 55. 30.


Frassen (Claude) natif de Péronne ou de Vire, s’est distingué par son savoir dans l’ordre de S. François, dont il devint définiteur général en 1682. Il a fait plusieurs ouvrages, & entr’autres des dissertations sur la bible intitulées : Disquisitiones publicæ, 2 vol. in-4°. Il mourut à Paris en 1711, à quatre-vingt onze ans.


Longueval (Jacques) laborieux jésuite, naquit à Péronne en 1680 ; il a publié les huit premiers volumes de l’histoire de l’église Gallicane, & avoit presque mis la derniere main au neuvieme & au dixieme volume de cet ouvrage, lorsqu’il mourut à Paris d’apoplexie en 1735 à cinquante-quatre ans. (D. J.)​","[['49 55\' 30"" N 20 35\' 44"" E']]",,"49 55' 30"" N 20 35' 44"" E","49 55' 30"" N 20 35' 44"" E"
v13-1161-0,"PRZEMISLA, ou PRÉMISLA","PRZEMISLA, ou PRÉMISLA, (Géog. mod.)​ ville de Pologne, capitale du district de même nom, dans le palatinat de Russie, sur la riviere de San, à 56 lieues au levant de Cracovie. Cette ville, dès le XIe siecle, étoit assez considérable. Boleslas II. roi de Pologne, ne s’en rendit le maître qu’après un long siege, l’an 1070. Cette ville aujourd’hui est peu de choses ; son évêque est suffragant de Léopold.​ Longitude, 41. 7. latitude, 49. 40. (D. J.)​","[[""49 40' N 41 7' E""]]",,49 40' N 41 7' E,49 40' N 41 7' E
v13-121-0,PONTREMOLI,"PONTREMOLI, (Géog. mod.)​ ville fortifiée d’Italie dans la Toscane, aux confins du Parmesan, du Plaisantin, & des terres de la république de Gènes. Elle est sur la riviere de Magra, au pié de l’Appenin, à 28 lieues au nord de Florence. Le grand duc de Toscane Ferdinand II. l’acheta des Espagnols en 1650. On croit que c’est l’ancienne Apua. Long. 27. 30. lat. 44. 26′.","[[""44 26' N 27 30' E""]]",,44 26' N 27 30' E,44 26' N 27 30' E
v13-122-0,PONT-SAINTE-MAIXENCE,"PONT-SAINTE-MAIXENCE, (Géogr. modern.)​ petite ville de l’île de France, sur l’Oise, au diocèse de Beauvais, à deux lieues de Senlis. On y passe la riviere sur un pont fort caduc, pour entrer en Picardie ; cependant la ville est marchande, peuplée, & forme un gouvernement particulier. Long. 20. 14′. lat. 49. 18′.​


Cette petite ville s’appelloit Sancta-Maxentia du tems de l’auteur des gestes de nos rois de la premiere race, qui dit qu’Ebroin, aussi-tôt après la mort du roi Childéric, vint à Sainte-Maixence, y tua les gardes du pont, & passa au-delà du côté d’Amiens. Il y a apparence que c’est le plus ancien des passages de l’Oise avec Pontoise, & qu’il est plus ancien que celui de Creil & de Beaumont. Ce pourroit être celui que tenoient les troupes romaines lorsqu’elles venoient de Beauvais ou Amiens à Senlis. Une vierge chrétienne appellée Maxentia, y souffrit le martyre dans le tems des persécutions. Il y a sur la route de Senlis une chapelle sous son invocation ; cette chapelle a été rebâtie & dédiée en 1706.


Pont-Sainte-Maixence est la patrie de Guérin, chevalier de l’ordre de S. Jean de Jérusalem, évêque de Senlis, & chancelier de France sous le regne de Philippe-Auguste. Les historiens de son siecle lui donnent la principale gloire de la journée de Bouvines, où il rangea l’armée du roi en bataille en qualité de lieutenant général ; mais en qualité d’évêque de Senlis, il se mit en prieres dans l’oratoire du roi pendant tout le tems que dura le combat. (D. J.)​","[[""49 18' N 20 14' E""]]",,49 18' N 20 14' E,49 18' N 20 14' E
v13-1229-0,PTOLÉMAIS,"PTOLÉMAIS, (Géog. anc.)​ nom commun à plusieurs villes. 1°. Ptolémais étoit une ville d’Egypte dans la Thébaïde. Strabon, l. XVII. p. 813. dit qu’elle étoit la plus grande ville de la Thébaïde, qu’elle ne le cédoit pas même à Memphis à cet égard, & que son gouvernement avoit été établi sur le modele des républiques de la Grece.


2°. Ptolémaïs ville d’Afrique dans la Cyrénaïque, que l’on appelloit auparavant Barce.


3°. Ptolémaïs, ville d’Ethiopie sur le golfe arabique. Elle est surnommée Epitheras par Pline, l. VI. c. xxjx. & Theron par Strabon, l. II. On la surnommoit aussi Troglodytica : ce dernier surnom avoit été occasionné par le pays des Troglodytes où on l’avoit bâtie ; & le premier & le second, dont l’un signifie pour la chasse, & l’autre des bêtes farouches, avoient rapport au dessein du fondateur qui avoit eû en vue la commodité de la chasse des éléphans. Ptolémaide, dit Strabon, l. XVI. fut bâtie dans le lieu de la chasse des éléphans par Eumède, à qui Philadelphe avoit ordonné d’aller prendre de ces animaux. Pline, l. VI. c. xxjx. qui la met sur le bord du lac Monoleus, dit qu’elle fut bâtie par Philadelphe. Il ajoûte, l. II. c. lxxv. qu’elle étoit à quatre mille huit cens vingt stades de Bérénice sur le bord de la mer Rouge.


4°. Ptolémaïs, ville de la Pamphylie.


5°. Enfin, Ptolémaïs en Phénicie, autrement nommée en Latin Acra, & en François S. Jean d’Acre. Elle est située à 66. 50′ de longitude, & à 32. 40′ de latitude. Elle est nommée Acco au liv. des Juges c. j. v. 31. Les écrivains romains l’appellent tous Ptolémaïs. On a une médaille de cette ville avec l’ins-​cription Col. Cæsarea Ptolemais ; l’Empereur Claudius l’avoit reparée, & c’est pour cette raison qu’elle eut le surnom de Cæsarea. Josephe a décrit cette ville dans son histoire des Juifs.


Les Sarrasins s’en rendirent maîtres, & s’y maintinrent jusqu’à l’an 1104. Saladin en fut dépossedé l’an 1190. par les croisés qui étoient au nombre de trois cens mille combattans ; mais la discorde qui devoit nécessairement s’élever entre deux rivaux de gloire & d’intéréts, tels que Philippe Auguste & Richard surnommé cœur de lion, fit plus de mal que ces trois cens mille combattans ne firent d’exploits heureux. Ptolémaïs ne demeura qu’un siecle entre les mains des chrétiens. Devenue la retraite de bandits fameux par leurs crimes, elle ne put résister aux forces du soudan d’Egypte, Melaséraph ; il la prit en 1291, & la saccagea de maniere qu’elle ne s’est pas relevée. Tous ceux qui y étoient renfermés, furent exterminés ou réduits en esclavage. Alors, dit un célebre historien moderne, il ne resta plus dans toute l’Asie de traces des deux millons de chrétiens qui y avoient passé pendant le cours des croisades. (D. J.)​","[[""32 40' N 66 50' E""]]",,32 40' N 66 50' E,32 40' N 66 50' E
v13-1264-0,PUENTE DEL-ARCHOBISPO,"PUENTE DEL-ARCHOBISPO, (Géogr. mod.)​ c’est-à-dire le pont de l’Archevêque, ville d’Espagne dans l’Estramadure, sur le Tage, qu’on y passe sur un pont, à 10 lieues sud-ouest de Tolede ; & c’est à l’archevêque de Tolede à qui elle appartient. Il y a des verreries dans son voisinage. Long. 13. 12. lat. 39. 48.","[[""39 48' N 13 12' E""]]",,39 48' N 13 12' E,39 48' N 13 12' E
v13-1277-0,PUICELSY,"PUICELSY, (Géog. mod.)​ en latin du moyen âge Podium celsum, petite ville de France, dans le haut Languedoc, au diocèse d’Alby, sur une hauteur ; c’est une ancienne châtellenie qui est le siege d’un bailliage. Long. 19, 41. latit. 43. 49′.","[[""43 49' N 19 41' E""]]",,43 49' N 19 41' E,43 49' N 19 41' E
v13-1315-0,PULTAUSK,"PULTAUSK, (Géog. mod.)​ petite ville de la grande Pologne, dans le palatinat de Mazovie, sur le Narew, à 3 lieues au-dessus de son confluent, avec le Boug. Long. 39. 22. lat. 52. 36. (D. J.)​","[[""52 36' N 39 22' E""]]",,52 36' N 39 22' E,52 36' N 39 22' E
v13-1338-0,PUNTA-DEL-GUDA,"PUNTA-DEL-GUDA, (Géogr. mod.)​ ville capitale de l’île de Saint-Michel, une des Açores, avec un port & un château où les Portugais entretiennent une petite garnison. Long. 354. lat. 38.​",[['38 N 354 E']],,38 N 354 E,38 N 354 O
v13-1639-0,QUEEN'S-TOWN,"QUEEN’S-TOWN, (Géog. mod.)​ petite ville d’Irlande, dans la province de Leinster, capitale du Queen’s-county, avec titre de baronnie. Elle tient marché public, & envoie deux députés au parlement d’Irlande. Long. 11. 18. lat. 53. 36.​","[[""53 36' N 11 18' E""]]",,53 36' N 11 18' E,53 36' N 11 18' O
v13-1706-0,QUILLEBOEUF,"QUILLEBOEUF, (Géog. mod.)​ en latin Henricopolis, selon Baudrand, terme qui ne répond pas mal au mot Erricarville, qui étoit l’ancien nom de Quillebœuf. C’est une petite ville de France dans la haute Normandie, au diocèse de Rouen, sur la rive gauche de la Seine, à 7 lieues au-dessus du Havre-de-Grace, & à trois de Ponteau-de-mer. Cette ville étoit assez importante sous Louis XIII. mais ses fortifications ont été rasées. C’est la capitale du petit pays de Roumois. Long. 17. 46. latit. 49. 30. (D. J.)​","[[""49 30' N 17 46' E""]]",,49 30' N 17 46' E,49 30' N 17 46' E
v13-1714-0,QUIMPERLÉ,"QUIMPERLÉ, (Géog. mod.)​ On écrit aussi Quimperley & Quimperlay ; petite ville de France dans la basse-Bretagne, au diocèse de Quimper-Corentin, sur le ruisseau de l’Yssot, à 2 lieues de la mer, & à 8 de Quimper, avec une abbaye d’hommes ordre de S. Benoît, fondée l’an 1029. Long. 14. 11. lat. 47. 52. (D. J.)​","[[""47 52' N 14 11' E""]]",,47 52' N 14 11' E,47 52' N 14 11' E
v13-1727-0,QUINGÉ ou QUINGEY,"QUINGÉ ou QUINGEY, (Géogr. mod.)​ petite ville de France, dans la Franche-Comté, chef-lieu d’un bailliage de même nom, sur la Louve, ruisseau qui grossit le Doux ; cette petite ville est presque ruinée par le passage des troupes, & n’est connue que​ par la grotte de congellation qui en est voisine, & qui en porte le nom ; voyez-en l’article. Long. 23d. 15′. lat. 47d. 8′.","[[""47 8' N 23 15' E""]]",,47 8' N 23 15' E,47 8' N 23 15' E
v13-1777-0,QUIRIEU,"QUIRIEU, (Géog. mod.)​ petite ville de France dans le bas Dauphiné au Viennois, près du Rhône, à 7 lieues de Lyon. Long. 23. lat. 45. 46. (D. J.)​","[[""45 46' N 23 E""]]",,45 46' N 23 E,45 46' N 23 E
v13-1959-0,RAGUSE,"RAGUSE, (Géog. mod.)​ ville capitale de la république de même nom, dans la Dalmatie proche la mer, à 26 lieues au nord-ouest de Scutari, avec un port défendu par un fort appellé S. Nicolas. Elle fut presqu’entierement détruite par un tremblement de terre en 1667. On l’a rebâtie depuis, plus belle & plus grande qu’auparavant ; elle est ornée de beaux édifices, fortifiée de bons ouvrages, & munie d’une forteresse qui met son port en sureté contre les entreprises de ses ennemis. L’évêché qui étoit à Epidaure (aujourd’hui Raguse la vieille), fut transféré à Raguse dans le septieme siecle & érigée en archevêché dans le dixieme. Long. de cette ville, 36. lat. 42. 48.


Raguse a été autrefois connue sous les noms d’Hybla minima, d’Hera, ou d’Heroea, d’où l’on a lieu de conjecturer que les monts Hérées de Diodore de Sicile & de Vibius Sequester, sont ceux qu’on trouve près de Raguse. Fazellus & Cluvier se sont persuadés par enthousiasme, que c’étoient les Monti-Sori.


Tout le monde sçait que Raguse est une très-petite république, située sur les côtes de la mer Adriatique ; sa foiblesse l’oblige de ménager toutes les puissances, & même d’acheter du sultan des Turcs, par une espece de tribut, une protection qui la met à couvert des courses des Dulcignotes : ce sont des pirates qui désolent les côtes du golphe adriatique, comme les corsaires de Barbarie désolent celles de la Méditerranée.


Les habitans de Raguse sont riches, parce qu’ils font tous le commerce ; ils se gouvernent à-peu-près comme à Venise, mais conformément à leur petit état. Le grand conseil est composé des nobles qu’on y reçoit à l’âge de vingt-quatre ans ; un noble ne sçauroit découcher sans en avoir donné avis au sénat. Les étrangers qui se trouvent dans la ville, y sont enfermés à clef durant la nuit : les portes se ferment au coucher du soleil & s’ouvrent à son lever.


Le chef de la république de Raguse qu’on nomme recteur, change tous les mois ; les autres officiers toutes les semaines ; le gouverneur du château tous les jours. Cette forme d’administration ne peut être excusée que dans une petite république environnée de puissances formidables, qui corromproient aisément de petits magistrats : car, comme le dit M. de Montesquieu, quoiqu’il soit vrai que dans toute magistrature il faille compenser la grandeur de la puissance par la briéveté de sa durée, cependant il ne faut pas si fort diminuer cette briéveté, qu’elle en devienne une cause de corruption. Qui est-ce qui voudroit gouverner ainsi ses affaires domestiques ?


Banduri (D. Anselme) bénédictin, a fait honneur à Raguse sa patrie. On lui doit une espece de corps complet des antiquités de Constantinople ; il en composa deux volumes in-folio, qui parurent à Paris en 1711, sous le titre d’Imperium orientale. Il y ajouta, outre divers plans topographiques, deux cartes relatives à l’état de l’empire de Constantino-​ple, sous Constantin Porphyrogenète, dressées toutes les deux par Guillaume Delisle, & le bas relief de la colonne historiée de Théodose, gravé d’après les desseins originaux de Gentile Bellini, qui sont conservés dans le cabinet de l’académie de peinture & de sculpture.


On doit encore à D. Anselme une collection de toutes les médailles des empereurs romains, depuis Trajan Dece jusqu’au dernier Paléologue, c’est-à-dire jusqu’à la prise de Constantinople. L’ouvrage parut à Paris en 1718 ; il est dédié à M. le Duc d’Orléans, & forme deux volumes in-fol. L’auteur a mis à la tête de ce recueil, sous le titre de Bibliotheca nummaria, un catalogue ample, raisonné & très bien fait, de tous les ouvrages qui ont quelque rapport à la connoissance des médailles.


D. Anselme avoit été nommé en 1715 de l’académie des inscriptions. Il mourut à Paris en 1743, âgé de 72 ou 73 ans.


Hodierna (Jean-Baptiste) naquit aussi à Raguse en 1597, & mourut à Palerme en 1660, à 63 ans. Il étoit versé dans l’astronomie, comme il paroît par quelques ouvrages qu’il a publiés en ce genre. (Le chevalier de Jaucourt.)​","[[""42 48' N 36 E""]]",,42 48' N 36 E,42 48' N 36 E
v13-2016-0,"RAMBERVILLIERS, ou plutôt RAMBERVILLERS","RAMBERVILLIERS, ou plutôt Rambervillers, (Géog. mod.)​ petite ville de Lorraine, chef-lieu d’une des plus belles châtellenies de l’évêché de Metz ; c’étoit une ancienne seigneurie qui appartenoit à des seigneurs particuliers, il y a 650 ans. Etienne de Bar, qui fut fait évêque de Metz vers l’an 1120, acquit Rambervillers, & le ferma de murailles. Le même évêque y fonda une abbaye de chanoines réguliers. Long. 24. 19. lat. 48. 22.


Serarius (Nicolas), savant jésuite, interprete de l’Ecriture, naquit à Rambervillers en 1558, & mourut à Mayence en 1609. On a de lui, 1°. des commentaires sur plusieurs livres de la Bible : 2°. des prolégomenes estimés sur l’Ecriture-sainte : 3°. un livre des trois plus fameuses sectes des Juifs ; savoir, des Pharisiens, des Saducéens & des Esséniens. Il a mêlé trop d’érudition inutile dans ses questions & dans ses commentaires ; mais il regne plus de briéveté & de jugement dans ses prolégomenes sur la Bible.","[[""48 22' N 24 19' E""]]",,48 22' N 24 19' E,48 22' N 24 19' E
v13-2093-0,RAPERSWIL,"RAPERSWIL, (Géog. mod.)​ ville de Suisse aux confins du canton de Zurich, sur une langue de terre qui s’avance dans le lac de Zurich. Elle fut bâtie l’an 1091, & a eu long-tems ses comtes particuliers. Elle est à présent sous la domination des cantons de Zurich & de Berne, qui s’en rendirent les maîtres en 1712, & sous la protection de qui le traité d’Aran régla qu’elle demeureroit à l’avenir, en conservant ses droits & ses privileges.


On a trouvé dans son territoire en 1689 & 1690, quantité de médailles romaines. Il y en avoit entr’autres de Valérien, de Claude II. d’Aurélien, de Sévérine sa femme, de Probus, & de quelques-uns des trente tyrans. Long. 26. 30. lat. 17. 22.


Je ne connois que deux hommes de lettres nés à Raperswil ; un théologien, protestant, du xvj. siecle, nommé Placius (Conrad-Wolfgang), mais dont on ne lit plus les ouvrages ; & Spener (Philippe-Jacques), qui a donné plusieurs livres de piété en allemand, outre son opus heraldicum. Il est mort à Berlin en 1705, âgé de 70 ans. (D. J.)​","[[""17 22' N 26 30' E""]]",,17 22' N 26 30' E,17 22' N 26 30' E
v13-2105-0,RAPOÉ ou RAPHOÉ,"RAPOE ou RAPHOE, (Géog. mod.)​ petite ville d’Irlande, presque abandonnée, dans la province d’Ulster, au comté de Dunnegal, à 8 milles, au sud de Saint-John’s-Town. Elle a eu autrefois un évêché, dont le siége a été réuni à celui de Londonderry. Long. 10. lat. 54. 58.","[[""54 58' N 10 E""]]",,54 58' N 10 E,54 58' N 10 O
v13-2144-0,RASEBORG,"RASEBORG, (Géogr. mod.)​ petite ville de Suede, au canton de même nom, dans la Finlande, & sur le golfe de Finlande. Long. 42. 61. lat. 60. 18. (D. J.)​","[[""60 18' N 42 61' E""]]",,60 18' N 42 61' E,60 18' N 42 61' E
v13-2207-0,"RATZEBOURG, ou RAZEBOURG","RATZEBOURG, ou RAZEBOURG, (Géograp. mod.)​ ville d’Allemagne dans la basse Saxe, sur une hauteur environnée d’un lac, à quatre milles au sud-est de Lubec, & à égale distance de Lunebourg. Son évêché fut sécularisé par la paix de Westphalie, & cédé au duc de Mekelbourg. Ratzebourg appartient aujourd’hui avec le duché de Lawembourg à l’électeur d’Hanover. Long. 28. 35. lat. 53. 46. (D. J.)​","[[""53 46' N 28 35' E""]]",,53 46' N 28 35' E,53 46' N 28 35' E
v13-2208-0,RAVA,"RAVA, (Géog. mod.)​ ville de la grande Pologne, capitale du palatinat de même nom, à 15 milles au sud ouest de Varsovie, sur la riviere de Rava qui l’environne de tous côtés, & qui joint à un château où on tient garnison, en fait une place de défense. La ville est assez peuplée, mais les maisons ne sont bâties que de bois. Sigismond Auguste, roi de Pologne, fit enfermer dans le château le duc de Mekelbourg, l’an 1564. Le palatinat de Rava est entre ceux de Lencicza & de Mazovie. Long. 37. 56. lat. 51. 48.


Zaluski (André-Chrysostome), évêque de Plocko, puis de Warnie, & grand chancelier de Pologne, naquit dans le palatinat de Rava en 1650. Il eut beaucoup de part à toutes les affaires importantes du royaume, & mourut à Gutotadt en 1711, à 61 ans. Il a traduit en polonois l’histoire du vieux & du nouveau Testament de Royaumont, & cette traduction a été imprimée à Braunsberg en 1709, in-4°. mais son principal ouvrage est un recueil curieux de lettres latines, intitulé : Epistolæ historico-familiares a morte Ludovicæ reginæ & abdicatione regis Casimiri usque ad nostra tempora. Braunsberg, 1709-1711, en quatre vol. in-fol. Ces lettres contiennent une infinité de faits intéressans sur l’histoire de Pologne.


Les neveux du chancelier Zaluski, dont l’un est aussi grand-chancelier, & l’autre grand-référendaire de la couronne, se sont distingués de notre tems par leur goût & leur zele pour les sciences. Le grand-référendaire a publié non-seulement les œuvres po-​sthumes de son oncle, mais encore les œuvres du comte Potocki, imprimées en 1747, in-fol. De plus l’un & l’autre ont établi à Varsovie une bibliotheque publique, qu’on nomme la bibliotheque zaluskienne. (D. J.)​","[[""51 48' N 37 56' E""]]",,51 48' N 37 56' E,51 48' N 37 56' E
v13-2342-0,RECCANATI,"RECCANATI, (Géog. mod.)​ ville d’Italie, dans la marche d’Ancône, sur une montagne, près de Musotte, à trois milles au sud-ouest de Lorette. Son évêché érigé en 1240, a été transféré à Lorette dans le xvj siecle. Long. 31. 20′. lat. 43. 25′. (D. J.)​","[[""43 25' N 31 20' E""]]",,43 25' N 31 20' E,43 25' N 31 20' E
v13-2383-0,RECHLINGHAUSEN,"RECHLINGHAUSEN, (Géogr. mod.)​ petite ville d’Allemagne dans l’archevêché de Cologne, sur la Lippe, capitale du comté de même nom. Il y a dans cette ville un chapitre de dames, dont la seule abbesse fait des vœux, & c’est un bel exemple à suivre. Long. 24. 56. lat. 51. 34. (D. J.)​","[[""51 34' N 24 56' E""]]",,51 34' N 24 56' E,51 34' N 24 56' E
v13-2540-0,REDONDELA,"REDONDELA, (Géog. mod.)​ petite ville d’Espagne dans la Galice, au fond d’un petit golphe, à 6 lieues de Pontevedra. Il n’y a dans cette ville qu’une paroisse, un couvent de cordeliers, & un de filles. On pêche sur la côte beaucoup d’anchois. Long. 9. 18. latit. 42. 7. (D. J.)​","[[""42 7' N 9 18' E""]]",,42 7' N 9 18' E,42 7' N 9 18' O
v13-291-0,PORTO-GRUARO,"PORTO-GRUARO, (Géog. mod.)​ petite ville, ou plutôt bourg d’Italie, dans le Frioul, sur la riviere de Leme, à trois milles de Concordia, dont l’évêque réside à Porto-Gruaro, parce que Concordia est ruinée. Le bourg de Gruaro est un lieu où l’on charge sur des bateaux les marchandises d’Allemagne qui doivent être portées à Venise. Long. 30. 31. latit. 45. 54.","[[""45 54' N 30 31' E""]]",,45 54' N 30 31' E,45 54' N 30 31' E
v13-294-0,PORTO-LONGONE,"PORTO-LONGONE, (Géog. mod.)​ petite ville d’Italie, dans l’île d’Elve, près du port d’où elle re-​çoit son nom. Elle est bâtie sur la côte orientale de l’île, en tirant vers le nord, & elle a une forteresse sur le haut d’un rocher, où le roi d’Espagne tient garnison, quoique la place soit au prince de Piombino. Cette petite ville a soutenu deux siéges, l’un en 1646, & l’autre en 1650.


Son port en latin portus Longonis, est fort long, d’où lui vient son nom ; son entrée est étroite, & sa profondeur a plus de trois milles. Les gros bâtimens peuvent y mouiller, & y être à couvert des vents ; le fonds en est bon par-tout. Long. 28. 14. latit. 42. 50.","[[""42 50' N 28 14' E""]]",,42 50' N 28 14' E,42 50' N 28 14' E
v13-300-0,PORTO-SANTO,"PORTO-SANTO, (Géog. mod.)​ île d’Afrique, au nord oriental de celle de Madere, découverte en 1418 par Gonzalés Lançao, & Tristan Vaz, portugais : ils la trouverent peuplée ; mais ils y porterent des bestiaux, & y semerent des grains de toute espece. Cette île a cinq lieues de tour, n’a point de port, mais un golfe commode pour les vaisseaux qui viennent des Indes, ou pour ceux d’Europe qui vont en Afrique. Preston armateur anglois, s’empara de cette île en 1585 ; on y recueille le sang-dragon ; elle est à deux degrés & demi du premier méridien, sous les 32. 30. de latitude septentrionale. (D. J.)​","[[""32 30' N 2 30' E""]]",,32 30' N 2 30' E,32 30' N 2 30' O
v13-303-0,PORTO-VENERE,"PORTO-VENERE, (Géog. mod.)​ port d’Italie, sur la côte de Gènes, à l’entrée du golfe de Specia. Il y a sur ce port, à sa pointe occidentale, un bourg mal-bâti, sale, pauvre, & de même nom qu’il ne merite guere ; cependant les Italiens l’honorent ce bourg du nom de ville. Long. 27. 29. latit. 44. 3.","[[""44 3' N 27 29' E""]]",,44 3' N 27 29' E,44 3' N 27 29' E
v13-347-0,POSTDAM ou POTZTEIN,"POSTDAM ou POTZTEIN, (Géog. mod.)​ ville & maison de plaisance du roi de Prusse, dans la moyenne marche de Brandebourg, à 4 milles de Berlin, dans une île que forment le Havel & la Sprée, & qui a 4 lieues de tour. La maison de plaisance est agréable, & la ville s’augmente tous les jours. Long. 31. 13′. latit. 52. 36′. (D. J.)​","[[""52 36' N 31 13' E""]]",,52 36' N 31 13' E,52 36' N 31 13' E
v13-466-0,"POURÇAIN, saint","POURÇAIN, saint, (Géog. mod.)​ petite ville de France dans la basse-Auvergne, aux confins du Bourbonnois, à 8 lieues au midi de Moulins, entre cette ville & Clermont, sur le bord de la Sioule. Elle doit son origine à une abbaye de l’ordre de S. Benoit, qui n’est plus aujourd’hui qu’un prieuré. Il y a une paroisse, des cordeliers, des bénédictins, des bénédictines & un hôpital. Son commerce consiste en vins. Long. 20. 48. lat. 46. 14.


C’est la patrie de Vigenere (Blaise), connu par un grand nombre d’ouvrages & de traductions françoises, entr’autres des commentaires de César, de l’histoire de Tite-Live, de Chalcondyle, de Philostrate, de Tacite, &c. avec des notes qui ne sont pas à mépriser. Il a aussi donné quelques traités singuliers, comme un traité des chiffres, un autre des cometes, un troisieme de l’or & du verre, un traité du feu & du sel qui est estimé, & un ouvrage sur les lampes des anciens. Quoiqu’il eût vécu long-tems à la cour, il s’en retira volontairement pour les Lettres qu’il a cultivées avec honneur jusqu’à sa mort, arrivée en 1599, à l’âge de 68 ans.","[[""46 14' N 20 48' E""]]",,46 14' N 20 48' E,46 14' N 20 48' E
v13-566-0,PRATS DE MOLO ou PRATS DE MOULIOU,"PRATS DE MOLO ou PRATS DE MOULIOU, (Géog. mod.)​ en latin du douzieme siecle Forcia de Pratis ; petite ville ou place forte de France dans le Roussillon, sur le Tec au milieu des montagnes ; elle appartenoit en 1232 à Nunio Sanche, comte de Roussillon. Elle est à 10 lieues au sud-est de Mont-Louis ; elle fut fortifiée, mais très-irrégulierement, par les ordres de Louis XIV. qui y fit bâtir le fort de la Garde, lequel contient trois corps de casernes, la maison du gouverneur, & quelques cantines. Long. 20. 10. lat. 12. 26.","[[""12 26' N 20 10' E""]]",,12 26' N 20 10' E,12 26' N 20 10' E
v13-63-0,PONFERRADA,"PONFERRADA, (Géog. mod.)​ on croit que c’est l’Interamnium Flavium des anciens : petite ville d’Espagne, au royaume de Léon, dans sa partie septentrionale, à quatorze lieues au nord-ouest d’Astorga, au milieu de hautes montagnes. Long. 12. 5. latit. 42. 22. (D. J.)​","[[""42 22' N 12 5' E""]]",,42 22' N 12 5' E,42 22' N 12 5' O
v13-732-0,PRESTON,"PRESTON, (Géog. mod.)​ ville d’Angleterre, dans le Lancashire, sur la Ribble, à 206 milles au nord-ouest de Londres. Elle envoye deux députés au parlement. Le prétendant fut défait sous ses murailles en 1715. Long. 14. 46. lat. 53. 45. (D. J.)​","[[""53 45' N 14 46' E""]]",,53 45' N 14 46' E,53 45' N 14 46' E
v13-75-0,PONT-à-Mousson,"PONT-À-MOUSSON, (Géog. mod.)​ en latin du moyen âge Mussi-Pontum, ville de France dans la Lorraine, avec titre de marquisat, sur la Moselle qui la divise en deux parties, dont une est du diocese de Toul, & l’autre du diocese de Metz, à 6 lieues au N. O. de Nancy, & à 5 au S. O. de Metz.


L’empereur Charles IV. qui dès l’an 1354 avoit érigé le Pont-à-Mousson en marquisat, la créa bientôt après cité de l’empire, avec les prérogatives des autres cités ; il confirma cette création à Prague en 1373, déclarant qu’il n’entendoit pas que l’honneur qu’il faisoit à cet endroit affoiblît les droits du comte ou duc de Bar, marquis du Pont-à-Mousson.


Cette ville s’est accrue dès-lors, & sur-tout depuis que Charles III. duc de Lorraine y fonda une uni-​versité en 1572. Les jésuites y occupent la belle maison des religieux de S. Antoine le Viennois. Il y a dans la même ville des capucins qui s’y sont établis en 1607, des carmes en 1623, & des minimes en 1632. Il y a aussi quelques maisons de religieuses ; mais comme le commerce manque dans cette ville, elle est peu riche & peu peuplée. Longit. 23. 40′. latit. 48. 56′.


C’est ici qu’est né en 1582 Jean Barclay, homme d’esprit, comme le prouvent ses ouvrages ; il fit un séjour de dix années à Londres, où le roi Jacques le combla de faveurs. Il revint ensuite en France, & de-là il passa à Rome en 1617, sous le pontificat du pape Paul V. Il y trouva d’illustres protecteurs, & y mourut en 1620. Ses principaux ouvrages sont 1° Argenis, 2° un recueil de poésies en trois livres, 3° Satyricon Euphormionis, 4° Notæ in statii Thebaïdem, &c. Sa prose est plus estimée que ses vers : on lui reproche d’avoir trop affecté d’imiter Pétrone dans son argenis, aussi-bien que dans sa poésie. Bayle, Baillet & le P. Nicéron ont fait son article, consultez-les. (D. J.)​","[[""48 56' N 23 40' E""]]",,48 56' N 23 40' E,48 56' N 23 40' E
v13-81-0,PONT-DE-L'ARCHE,"PONT-DE-L’ARCHE, (Géog. mod.)​ en latin du moyen âge Pons-Arcus, Pons Arcuensis ou Pons-Arcuatus ; petite ville de France dans la haute Normandie au diocèse d’Evreux, sur la Seine, qu’on y passe sur un beau pont, à trois lieues au-dessus de Rouen, à quatre d’Andely au nord-ouest, à deux au nord de Louviers, & à vingt-six au nord-ouest de Paris. Elle fut bâtie par l’empereur Charles-le-chauve. Elle est munie d’un château. Il y a vicomté, bailliage, grenier à sel, maîtrise des eaux & forêts, & un gouverneur. C’est la premiere ville qui se soumit à Henri IV à son avénement à la couronne. Long. 18. 46. latit. 49. 18. (D. J.)​","[[""49 18' N 18 46' E""]]",,49 18' N 18 46' E,49 18' N 18 46' E
v13-843-0,PRIVAS,"PRIVAS, (Géogr. mod.)​ petite ville de France dans le Vivarais sur un côteau, à une lieue du Rhône. Elle a été la retraite des calvinistes de la province. Louis XIII. en fit le siége en personne, & la soumit le 27 Mai 1629. Long. 22. 15. latit. 44. 46. (D. J.)​","[[""44 46' N 22 15' E""]]",,44 46' N 22 15' E,44 46' N 22 15' E
v13-93-0,PONTE-STURA,"PONTE-STURA, (Géog. mod.)​ bourgade d’Italie, dans le Montferrat, au confluent de la Stura & du Pô, à quatre milles sud-est de Casal, & à dix sud-ouest de Verceil. Long. 25. 56. latit. 45. 7. (D. J.)​","[[""45 7' N 25 56' E""]]",,45 7' N 25 56' E,45 7' N 25 56' E
v14-1002-0,RINTLEN,"RINTLEN, (Géogr. mod.)​ ville d’Allemagne dans la Westphalie, au comté de Schawenbourg sur le Weser, entre Menden & Hambourg. Ernest, prince de Holstein, établit en 1612, une académie en cette ville, à laquelle l’empereur Ferdinand II. accorda des privileges. Long. 26. 45. latit. 52. 16.


Henichius (Jean) théologien, naquit à Rintlin en 1616, & mourut en 1671, à 55 ans. Ses principaux​ouvrages sont des institutions théologiques, & une histoire ecclésiastique & civile, en latin. (D. J.)​","[[""52 16' N 26 45' E""]]",,52 16' N 26 45' E,52 16' N 26 45' E
v14-1009-0,RIO-de-JUNEKO,"RIO-de-JUNEKO, (Géog. mod.)​ petite riviere d’Afrique, dans la Guinée. Son embouchure est à 9d10′ de long. & à 5d50′ de lat. nord. (D. J.)​","[[""5 50' N 9 10' E""]]",,5 50' N 9 10' E,5 50' N 9 10' E
v14-1021-0,RIO-SANGUIN,"RIO-SANGUIN, (Géog. mod.)​ riviere d’Afrique, dans la Guinée, & dont l’embouchure est à 12 lieues de celle de Rio-Sextos. Les François ont eu un établissement sur les côtes de cette riviere, dont les Portugais s’emparerent, jusqu’à ce qu’ils en aient été chassés eux-mêmes par les Anglois & les Hollandois en 1604. L’embouchure de Rio-Sanguin est à 12 degrés de longit. & à 5. 12 de latitude septentrionale. (D. J.)​","[[""5 12' N 12 E""]]",,5 12' N 12 E,5 12' N 12 O
v14-1026-0,RIPA,"RIPA, (Géog. mod.)​ autrement Ripa trassonia, ou Ripa transone ; petite ville d’Italie, dans l’état de l’Eglise, Marche d’Ancône, & dans les teries. Elle est à 5 milles de la côte du golfe de Venise, à égale​ distance de Monte Alto, & environ à 6 milles de Fermo. Elle est passablement peuplée, & a quelques fortifications. Son évéché fondé en 1570, est suffragant de Fermo. Long 31. 36. lat. 45. 55. (D. J.)​","[[""45 55' N 31 36' E""]]",,45 55' N 31 36' E,45 55' N 31 36' E
v14-1028-0,RIPAILLE,"RIPAILLE, (Géog. mod.)​ bourg de Savoie, dans le Chablais, sur le bord du lac de Geneve, environ à une lieue de Thonon. Long. 24. 10. latit. 46. 23.


Ripaille que fonda Amédée VIII. pour six hermites & lui, a acquis de la célébrité par la retraite agréable & momentanée qu’y fit ce prince, dans le tems qu’il se crut guéri de toute ambition, & que laissant flotter les renes de la souveraineté entre les mains de son fils, il ne songeoit pas à briguer la thiare pontificale contre aucun cardinal, & ne s’occupoit que des plaisirs de la vie tranquille. M. de Voltaire a joliment dépeint son caractere dans les vers qui suivent :



O bisarre Amédée !
De quel caprice ambitieux
Ton ame est-elle possédée ?
Ah ! pour quoi t’échapper à ta douce carriere ?
Comment as-tu quitté ces bords délicieux,
Ta cellule, ton vin, ta maîtresse & tes jeux,
Pour aller disputer la barque de S. Pierre ?


(D. J.)​","[[""46 23' N 24 10' E""]]",,46 23' N 24 10' E,46 23' N 24 10' E
v14-1038-0,RIQUIER saint,"RIQUIER saint, (Géog. mod.)​ on écrit aussi S. Ricquier, ville de France en Picardie, au diocese d’Amiens, dans le comté de Ponthieu, sur la petite riviere de Cardon, ou plutôt à la source de ce ruisseau, à 2 lieues au nord-est d’Abbeville, & à 7, au nord-est d’Amiens.


Cette ville étoit déja un bourg considérable nommé Centule, avant le regne de Charlemagne ; & du tems de Louis le débonnaire, c’étoit une ville plus considérable qu’elle n’est aujourd’hui ; car elle avoit deux mille six cens maisons. S. Riquier y naquit sous le regne de Clotaire II. vers le commencement du vij. siecle, & en 640 il y jetta les fondemens du monastere qui subsiste encore, & qui porte aujourd’hui son nom. Il y établit pour abbé S. Oualde. Les moines eurent la seigneurie temporelle de la ville ; les comtes de Ponthieu & ceux d’Amiens se l’approprierent ensuite ; & elle revint en 1225 à Louis VIII. roi de France. Le roi & l’abbé de S. Riquter en sont aujourd’hui co-seigneurs. La taille y est personnelle, & c’est le siege d’une prévôté royale. Son terroir produit du blé, du lin & du chanvre. Long. 19. 25′. latit. 50. 12′. (D. J.)​","[[""50 12' N 19 25' E""]]",,50 12' N 19 25' E,50 12' N 19 25' E
v14-1110-0,"ROCHE-BERNARD, la","ROCHE-BERNARD, la, (Géog mod.)​ bourg & baronnie de France, en Bretagne, diocèse de Nantes, sur la Vilaine, à 4 lieues de son embouchure, avec un petit port. Ce bourg fut érigé en duché-pairie, sous le nom de Coaslin en 1663, & éteint en 1738. Celui qui possede la baronnie de la Roche-Bernard préside au corps de la noblesse, quand il se trouve aux états de la province. Long. 15. 15. lat. 47. 25. (D. J.)​","[[""47 25' N 15 15' E""]]",,47 25' N 15 15' E,47 25' N 15 15' E
v14-1113-0,ROCHEFORT,"ROCHEFORT, (Géog. mod.)​ en latin du moyen âge Rupifortium ; mais ce n’étoit qu’un bourg. C’est aujourd’hui une nouvelle ville de France, au pays d’Aunis, sur la Charente, à une lieue & demie de son embouchure, à 3 de Brouage, à 6 au sud-est de la Rochelle, & à 100 au sud-ouest de Paris, avec un port très-commode.


Louis XIV. a fait bâtir dans cette ville en 1664 un magnifique arsenal, un hôpital & des casernes ; il y a fait établir une fonderie de canons, une corderie & un magasin pour l’équipement des vaisseaux ; c’est un siege royal, & le magasin général des autres ports voisins. L’entrée de la riviere est défendue par plusieurs forts ; ainsi dans l’espace d’un demi-siecle Rochefort est devenu un endroit considérable, sur lequel on a fait un ouvrage imprimé à Paris en 1757, in-4°.


L’arsenal de cette ville est le premier qui fut élevé par les soins de M. Colbert ; mais sa position avantageuse à bien des égards, ne sauroit cependant dédommager de l’air mal-sain qui regne à Rochefort, de la mauvaise qualité des eaux, & des sommes immen-​ces qu’a coûté cette entreprise. Longit. 16. 42. latit. 46. 3.


Rochefort dans la Beauce, diocèse de Chartres ; Rochefort dans le Forez, élection de Rouanne, & Rochefort dans l’Auvergne, diocèse de Clermont, sont trois bourgs, que Piganiol de la Force qualifie du nom de petites villes. (D. J.)​","[[""46 3' N 16 42' E""]]",,46 3' N 16 42' E,46 3' N 16 42' E
v14-1133-0,ROCROY,"ROCROY, (Géog. mod.)​ ville de France, dans la Champagne, au Rhételois, à deux lieues & demi de la Meuse, sur les confins du Hainaut, à 12 lieues au nord de Rhetel, dans une plaine environnée de forêts. Elle est fortifiée de cinq bastions, & a un état major : ce fut dans cette plaine que le prince de Condé, alors duc d’Enguien, & âgé de 22 ans, gagna le 19 Mars 1643 sur les Espagnols, une fameuse bataille fort chantée par tous nos poëtes. Long. 22. 12. latit. 49. 56. (D. J.)​","[[""49 56' N 22 12' E""]]",,49 56' N 22 12' E,49 56' N 22 12' E
v14-1138-0,"RODE-MACHEREN, ou RODEMARCK","RODE-MACHEREN, ou RODEMARCK, (Géog. mod.)​ ville des Pays-bas, dans le duché de Luxembourg, entre Luxembourg & Thionville, avec un fort château que les François, sous les ordres du duc de Guise, pillerent en 1639 : elle dépend de la maison d’Autriche. Long. 24. latit. 46. 35. (D. J.)​","[[""46 35' N 24 E""]]",,46 35' N 24 E,46 35' N 24 E
v14-1168-0,ROHAN,"ROHAN, (Géog. mod.)​ bourg de France en Bretagne, au diocèse de Vannes, sur la petite riviere d’Ouste, à 12 lieues au nord de Vannes, avec titre de duché-pairie. Long. 14. 55. latit. 47. 56. (D. J.)​","[[""47 56' N 14 55' E""]]",,47 56' N 14 55' E,47 56' N 14 55' O
v14-1212-0,ROMNEY,"ROMNEY, (Géog. mod.)​ ou Rumney, bourg à marché d’Angleterre, dans la province de Kent, sur une élévation assez considérable de gravier & de sable. C’est un des cinq ports du royaume, & qui étoit fort bon & fort fréquenté avant que la mer eût détourné l’embouchure de la Rother. Depuis ce tems-là, Romney a beaucoup perdu de son premier lustre ; il a cependant encore cinq églises paroissiales, un prieuré, & un hôpital ; il a aussi conservé l’honneur d’envoyer ses députés au parlement. Long. 18. 42. lat. 50. 56. (D. J.)​","[[""50 56' N 18 42' E""]]",,50 56' N 18 42' E,50 56' N 18 42' E
v14-1287-0,ROSÈS,"ROSÈS, (Géog. mod.)​ ville d’Espagne, dans la Catalogne, au Lampurdam, sur la Méditerranée, au fond d’un golfe de même nom, à 8 lieues au nord-est de Gironne. Elle est munie d’une bonne citadelle, qui est sur le bord de la mer près du port. Les vaisseaux mouillent au milieu de la baie par quinze ou dix-huit brasses d’eau, fond d’herbe vaseux.


Selon Silva, Poblæ de Espana, p. 250. la ville de Rosès doit sa fondation aux Rhodiens, qui sortis de leur île, passerent en Espagne, 910 ans avant la naissance de Jesus-Christ, & y bâtirent cette ville, à laquelle ils donnerent le nom de Rhodé, en mémoire de leur patrie. Selon la vérité de l’histoire, Rosès n’étoit qu’une abbaye, lorsque Charles-Quint y fit bâtir une ville & une forteresse, à trente-cinq toises de la mer, en rase campagne. Cette ville a la mer Méditerranée à son midi, la plaine de Lampurdan à son couchant, les Pyrénées à son levant & à son septentrion. La forteresse qui la défend, est à cinq bastions, revêtus de pierre de taille.


Cette ville se glorifie d’avoir été la seule de Catalogne qui ait toujours été fidele au roi Philippe V. Elle a été prise & reprise plusieurs fois dans le dernier siecle ; enfin elle est restée à l’Espagne par le traité de Riswick, l’an 1697. Long. 20. 47. lat. 42. 11. (D. J.)​","[[""42 11' N 20 47' E""]]",,42 11' N 20 47' E,42 11' N 20 47' E
v14-1294-0,ROSIENNE,"ROSIENNE, (Géogr. mod.)​ petite ville de Pologne au grand duché de Lithuanie, dans la Samogitie, à 22 lieues au sud de Mittau, sur une petite riviere qui se rend dans le Némen. Long. 41. 56. latit. 55. 28. (D. J.)​","[[""55 28' N 41 56' E""]]",,55 28' N 41 56' E,55 28' N 41 56' E
v14-1296-0,"ROSIERES, ou Rosieres-aux-Salines","ROSIERES, ou Rosieres-aux-Salines, (Géog. mod.)​ ville de Lorraine dans le bailliage de Nancy, sur la Meurte, à deux lieues de Nancy, & à quatre lieues au sud-ouest de Lunéville. Ses salines sont d’un bon produit. Long. 24. 3. lat. 48. 30. (D. J.)​","[[""48 30' N 24 3' E""]]",,48 30' N 24 3' E,48 30' N 24 3' E
v14-1323-0,ROSTOCK,"ROSTOCK, (Géog. mod.)​ ville d’Allemagne, dans le cercle de la Basse-Saxe, au duché de Mecklenbourg sur la Warna, à une lieue de la mer baltique, à douze au nord-est de Wismar & à trente de Lubeck.


L’origine de cette ville est fort obscure. Quelques savans prétendent qu’elle se nommoit Lacinium ou Laciburgum, du tems que les Varni occupoient le pays avant l’irruption des Vandales. Quoi qu’il en soit, Rostock n’étoit qu’un village habité par des pêcheurs en 329. Ce village s’aggrandit insensiblement ; & Primislas II. d’autres disent Burevin II. ceignit Rostock de murailles en 1262. Cette ville a éprouvé dans la suite différentes révolutions. Le duc de Mecklenbourg en est présentement reconnu le seigneur ; mais la ville jouit des mêmes droits & franchises que Lubeck, & elle est gouvernée par divers corps de magistrature. Son université a été fondée en 1490 ; les évêques de Swerin en sont chanceliers perpétuels. Long. suivant Harris, 30. 16. 15. latit. 54. 10.


Pauli (Simon,) qui devint premier médecin du roi de Danemarck naquit à Rostock en 1603, & mourut en 1680, âgé de soixante-dix-sept ans. Il a fait plusieurs ouvrages qui ne sont pas d’un grand mérite ; & je mets dans cette classe, sa Flora Diana & son quadripartitum botanicum. (D. J.)​","[['54 10\' N 30 16\' 15"" E']]",,"54 10' N 30 16' 15"" E","54 10' N 30 16' 15"" E"
v14-1362-0,ROTWYL,"ROTWYL, (Géog. mod.)​ c’est la même ville d’Allemagne dont il est question dans l’article précédent. Elle est située dans la forêt noire, à huit lieues au sud-ouest de Tubingen, & à 10 au nord de Schafhouse. Elle est libre, impériale, & alliée des cantons suisses depuis 1463. Ses habitans sont catholiques. Le maréchal de Guesbrian prit cette place en 1643. Long. 26. 11. lat. 48. 12.


Deux hommes célebres, l’un par une suite de traverses & d’infortunes, c’est Sébastien Sicler ; l’autre par son savoir, c’est Melchior Wolmar, sont nés à Rotwyl.


Sicler, après avoir éprouvé toutes les horreurs d’un cachot, au sujet d’un vol dont il n’étoit point coupable, se fit hermite, & mourut dans sa retraite en 1695, âgé de 66 ans. Sa vie, imprimée à Lyon en 1698, in-12. est attendrissante ; mais comme elle n’a point de rapport aux sciences, c’est assez de l’indiquer ici.


Wolmar, né en 1497, prit à Bourges le degré de docteur en droit sous Alciat. Il enseigna la langue greque à Calvin, qui lui en témoigna sa reconnoissance en lui dédiant son commentaire sur la seconde​ épître de S. Paul aux Corinthiens. Wolmar fut aussi précepteur de Beze. Il devint en 1535 professeur en droit à Tubingue, & mourut à Eisenar en 1561, âgé de 64 ans. Il a donné à Paris en 1523 de savans commentaires in-4°. sur les deux premiers livres de l’Iliade d’Homere. La préface qu’il a mise à la tête de sa grammaire greque de Démétrius Chalcondile, est un chef-d’œuvre en ce genre. (D. J.)​","[[""48 12' N 26 11' E""]]",,48 12' N 26 11' E,48 12' N 26 11' E
v14-1367-1,Rouane,"Rouane, (Géog. mod.)​ on écrit aussi Roane & Rohane ; ville de France, dans le bas-Forez, sur la Loire, qui commence ici à porter bateau, à 12 lieues au nord-ouest de Feurs, & à 84 de Paris. Rouanne est ancienne ; car elle est marquée dans Ptolomée comme une des principales places des Ségusiens. Il l’appelle Rodumna, & on trouve encore ce mot dans la carte de Peutinger. Il y a dans cette ville une élection & un collége. Elle est capitale d’un pays appellé Roannois. Longit. 21. 45. latit. 36. 3. (D. J.)​","[[""36 3' N 21 45' E""]]",,36 3' N 21 45' E,36 3' N 21 45' E
v14-1396-0,ROVIGNO,"ROVIGNO, (Géog. mod.)​ ville d’Italie, en Istrie, sur sa côte occidentale, dans une presque île, d’où l’on tire de belles pierres pour les édifices de Venise, dont elle dépend depuis l’an 1330, qu’elle se soumit à cette république : les vins qu’on y recueille sont estimés. Long. 31. 27. latit. 45. 15. (D. J.)​","[[""45 15' N 31 27' E""]]",,45 15' N 31 27' E,45 15' N 31 27' E
v14-1438-0,ROUYON,"ROUYON, (Géog. mod.)​ ville de Perse, dans la province de Mazandéran. Long. selon Tavernier, 71. 36. latit. 36. 15. (D. J.)​","[[""36 15' N 71 36' E""]]",,36 15' N 71 36' E,36 15' N 71 36' E
v14-1467-0,RUBIERA,"RUBIERA, (Géog. mod.)​ en latin Herbaria ; ville d’Italie, dans le Modénois, sur la Secchia, à 7 milles de Modène ; c’est une forte place, qui est regardée comme la clé du Modénois. Long. 28. 32. lat. 44. 35.


Urceus (Antoine), un des savans malheureux du xv. siecle, naquit à Rubiera, en 1446, & mourut à Bologne en 1516, âgé de 70 ans. Il fut surnommé Codrus, à cause que le prince de Forli le rencontrant un jour, lui dit, Jupiter Codro se commendat. De-là vint qu’il fit pour lui cette bonne & courte épitaphe, Codrus eram, j’étois Codrus.


Cet écrivain vécut pauvrement pendant toute sa vie, ayant une chambre si sombre, que sans le secours d’une lampe, il ne pouvoit étudier que quelques heures de la journée. Etant une fois sorti sans éteindre cette lampe, le feu prit à ses papiers, & les brûla avec tous ses meubles. Désesperé de la perte de ses manuscrits, il proféra des blasphèmes exécrables, & se retira comme un sauvage dans les forêts, où il passa quelque tems. Ensuite revenant à la ville, il se cacha dans la maison d’un menuisier, où il demeura six mois seuls & sans livres ; enfin il reprit insensiblement ses études. Mais Pierius Valérianus pretend qu’il fut tué par des assassins.


Ses ouvrages contiennent des harangues, des lettres & des poésies. Ils ont été imprimés quatre fois ; savoir, d’abord à Boulogne, en 1502, & finalement à Bâle, en 1540, in-4°. c’est la meilleure édition, & elle est précédée de la vie de l’auteur. Le P. Niceron a fait aussi son article dans ses mémoires des hommes illustres, tom. IV. (D. J.)​","[[""44 35' N 28 32' E""]]",,44 35' N 28 32' E,44 35' N 28 32' E
v14-1506-0,RUFFEC,"RUFFEC, (Géog. mod.)​ petite ville de France, dans l’Angoumois, au diocese, & à 7 lieues d’Angouleme, sur le ruisseau nommé le Lieu. Il s’est tenu dans cette petite ville, en 1327, un concile nommé rosiacense concilium. Longitude 17. 48. latit. 46. 41. (D. J.)​","[[""46 41' N 17 48' E""]]",,46 41' N 17 48' E,46 41' N 17 48' E
v14-1585-0,RUVO,"RUVO, (Géog. mod.)​ ville d’Italie au royaume de Naples, dans la terre de Bari, à 5 milles au midi de Biseglia, avec un évêché fondé dans le x. siecle & suffragant de Bari. Ruvo est l’ancienne Rubi d’Horace, l. I. sat. v. Long. 34. 12. latit. 40. 56. (D. J.)​","[[""40 56' N 34 12' E""]]",,40 56' N 34 12' E,40 56' N 34 12' E
v14-1591-0,RYEGATE,"RYEGATE, (Géogr. mod.)​ ville d’Angleterre, dans la province de Surrey, à 12 lieues au sud-ouest de Londres. Elle envoye deux députés au parlement. Long. 17. 10. latit. 51. 24. (D. J.)​","[[""51 24' N 17 10' E""]]",,51 24' N 17 10' E,51 24' N 17 10' E
v14-1600-0,SAADCH,"SAADCH, (Géogr. mod.) ville d'Asie, dans l'Yémen, à environ 120 lieues de Sanaa. Elle est très peuplée, selon Alazizi, fertile, & a des manufactures pour la préparation des cuirs, & leur teinture. Long. dans les tables d'Abulféda 66d. 30'. lat. 15d. 140'. (D. J.)","[[""15 140' N 66 30' E""]]",,15 140' N 66 30' E,15 140' N 66 30' E
v14-1803-0,SAHRAI-MOUCH,"SAHRAI-MOUCH, (Géog. mod.)​ petite ville d’Asie, au Curdistan, à trois journées d’Eclat. Long. suivant les géographes orientaux, 74. 30. lat. 39. 30. (D. J.)​","[[""39 30' N 74 30' E""]]",,39 30' N 74 30' E,39 30' N 74 30' E
v14-1871-0,SALAMANQUE,"SALAMANQUE, (Géog. mod.)​ ville d’Espagne au royaume de Léon, sur la riviere de Tormes, qu’on y passe sur un ancien pont de pierre bâti par les Romains ; elle est à 40 lieues au midi de Léon, & à 36 au nord-ouest de Madrid. Long. suivant Harris, 18. 11. 45. lat. 41. 12.


C’est une des plus anciennes villes d’Espagne, ornée d’églises magnifiques, & peuplée de religieux & d’écoliers nobles & roturiers, qui y jouissent de grands privileges. Les couvents y sont nombreux & très riches, sur-tout celui de S. Dominique, de S. François, & de S. Bernard.


On trouve hors de Salamanque un beau chemin, large & pavé, fait par les Romains, & qui conduisoit à Mérida, & de là à Séville ; ce chemin fut reparé par l’empereur Adrien, comme il paroît par l’inscription suivante qu’on y a découverte. Imp. Cæsar. divi. Trajani parthici. F. divi Nervæ nepos Trajanus. Hadrianus aug. pontif. max. trib. pot. V. cos. iij. restituit.


L’évêché de Salamanque, fondé sur la fin du vj. siecle, & détruit sous la domination des Maures, s’étend aujourd’hui sur deux cent quarante paroisses, & l’évêque jouit de quatorze mille ducats de revenu.


L’université de Salamanque, la plus fameuse de toute l’Espagne, sut fondée par Ferdinand III. vers le milieu du xiij. siecle, des débris de celle de Palencia. Elle est composée, dit-on, de quatre-vingt professeurs, qui ont chacun mille écus de pension. Le recteur de cette université jouit de grands privileges, & est assis sous un dais dans les assemblées publiques. Le maître des écoles crée tous les officiers de l’université, est toujours ecclésiastique, & a huit mille ducats d’appointement. On dit que l’université est riche de quatre-vingt mille écus de rente.


Malgré tant de richesses & de splendeur apparentes, il ne sort pas de cette université un seul savant connu dans le reste de l’Europe ; toutes les sciences qu’on y cultive, se bornent au droit canon, à la théologie, & à la philosophie scholastique ; on enseigne dans les deux principales chaires, la doctrine de S. Thomas d’Aquin, le docteur angélique, & celle de Jean Scot, le docteur subtil, qui établit le premier l’immaculée conception de la sainte Vierge. La bibliotheque de cette université est presque vuide de livres, & ceux qui s’y trouvent sont tous enchaînés.


Aguirre, (Joseph Saëns de) cardinal, de l’ordre des bénédictins, naquit à Salamanque en 1630, & mourut à Rome en 1699. Ses principaux ouvrages sont, 1°. une histoire des conciles d’Espagne. 2°. Une collection des conciles de la même nation. 3°. Une philosophie scholastique, en 3. vol. in-fol. 4°. Une défense de la chaire de S. Pierre, contre la déclaration de l’assemblée du clergé de France de 1682, touchant la puissance ecclésiastique & politique. C’est cette défense qui lui valut le chapeau que le pape Innocent lui donna en 1686. Dans sa collection des conciles d’Espagne, il y a joint plusieurs dissertations pour soutenir le fausses décrétales des papes, ou pour m’expliquer plus clairement, une cause insoutenable. Il paroît qu’il avoit plus d’étude & de lecture, que de génie & de critique. (D. J.)​​","[['41 12\' N 18 11\' 45"" E']]",,"41 12' N 18 11' 45"" E","41 12' N 18 11' 45"" E"
v14-1897-1,Salé,"Salé, (Géog. mod.)​ ville d’Afrique en Barbarie, sur la côte occidentale du royaume de Fez, & sous l’autorité du roi de Maroc. Cette ville est remarquable par son antiquité ; mais elle est encore plus connue par ses corsaires nommés Saletins, & par son commerce, quoique son havre ne soit propre que pour de petits bâtimens. Elle a de bonnes forteresses pour sa défense, & est divisée comme Fez, en ville vieille & en ville nouvelle, qui sont seulement séparées par la riviere de Garrou. Le roi de France a un consul à Salé ; mais ce caractere est assez infructueux, parce que celui qui en est revêtu n’est​ guere moins exposé qu’un simple marchand aux caprices des habitans. On compte qu’ils sont environ vingt mille. Ils se qualifient Andalous, comme ceux de Tetouan. Salé est situé à environ 45 lieues au couchant de Fez. Long. 11. 6. lat. 34. 2. (D. J.)​","[[""34 2' N 11 6' E""]]",,34 2' N 11 6' E,34 2' N 11 6' O
v14-1957-0,SALMES,"SALMES, (Géog. mod.)​ on écrit aussi Salme, petite ville ou bourg de Lorraine au pays de Vosge, sur les frontieres de la basse Alsace, près de la riviere de Brusch, à 8 lieues de Strasbourg, à 22 de Nancy & à 14 de Marsal, avec titre de comté. Long. 24. 56′. latit. 48. 35′. (D. J.)​","[[""48 35' N 24 56' E""]]",,48 35' N 24 56' E,48 35' N 24 56' E
v14-1967-1,"Salomon, les îles de","Salomon, les îles de, (Géog. mod.) îles de la mer du sud, ainsi nommées par Alvaro de Mendoça, qui les découvrit en 1567. Les principales sont, dit-on, au nombre de dix-huit. La plus grande se nomme l'île Isabelle, à laquelle on donne plus de cent lieues de tour. Ce qu'il y a de sûr, c'est que la plûpart des îles de Salomon ne sont point découvertes, & que celles qui le sont, ne sont pas connues. Tout ce qu'on en sait, c'est qu'en général l'air y est assez tempéré; mais on ne connoît ni le terroir, ni les habitans de ces îles. Long. selon Dudley, 162. 204. latit. 7. 23. (D. J.)",[['7 23\' N 162 20' E']],,7 23' N 162 20' E,7 N 162 E | 23 N 204 E
v14-1969-0,SALONA,"SALONA, (Géog. mod.)​ ville de Grece, dans la Livadie, près du golphe du même nom, sur une petite riviere, à dix-huit lieues au nord-est de Lépante. Elle est habitée en partie par les Turcs, qui y ont sept mosquées, & par les Grecs, qui y ont six églises, avec un évêque suffragant d’Athènes.


Salona n’est point l’ancienne Delphes, ville de la Phocide ; mais c’est Amphisa, comme M. Spon l’a prouvé par une belle & grande inscription latine, qu’il trouva dans une des églises de la ville ; cette inscription étoit un rescrit du proconsul romain Decimius Secundinus, qu’il adressoit aux habitans d’Amphisa. Long. 40. 35. latit. 38. 50. (D. J.)​","[[""38 50' N 40 35' E""]]",,38 50' N 40 35' E,38 50' N 40 35' E
v14-2010-0,SALUCES,"SALUCES, (Géog. mod.)​ en latin du moyen âge Salutiæ, ville d’Italie, dans le Piémont, marquisat de même nom, au pié des Alpes, à un mille du Pô, à 10 de Fossano au couchant, à pareille distance du Mont Vise, à 18 milles au sud-est de Pignerol, & à 24 de Tutin vers le midi ; son évêché est suffragant de Turin, depuis l’an 1511. On croit qu’elle occupe les ruines de l’ancienne Augusta Vagiennorum. C’est une place très-importante au roi de Sardaigne. Long. 25. 20. latit. 44. 27.


Blandrata (George) naquit à Saluces dans le xvj. siecle ; il vint à Geneve, & embrassa le Calvinisme. De Genève il se rendit en Pologne, où il combattit le mystere de la Trinité, avec moins de crainte qu’ailleurs ; il fut d’abord arien, & ensuite embrassa les opinions de Paul de Samosate ; il eût bien mieux fait de ne s’attacher qu’à la Médecine, qu’il pouvoit exercer avec d’autant plus de gloire, qu’il étoit médecin de Sigismond, d’Etienne, & de Christophe Battori, princes de Transsylvanie. Il mourut vers l’an 1590, & s’avisa sur la fin de ses jours de thésauriser, d’abandonner les intérêts des Unitaires, & de favoriser les Jésuites. (D. J.)​","[[""44 27' N 25 20' E""]]",,44 27' N 25 20' E,44 27' N 25 20' E
v14-203-0,REM-HORMOUS,"REM-HORMOUS, (Géog. mod.)​ ville de Perse, que Tavernier met à 74d. 45′. de longitude, & à 31d. 45′. de latitude. (D. J.)​","[[""31 45' N 74 45' E""]]",,31 45' N 74 45' E,31 45' N 74 45' E
v14-2314-0,SARLAT,"SARLAT, (Géogr. mod.)​ ville de France dans le Périgord, à une lieue & demie de la rive droite de la Dordogne, à 10 lieues au sud-est de Périgueux, à 15 au nord-ouest de Cahors, à 125 de Paris. Il y a présidial, sénéchaussée, bailliage, élection, & un évêché d’un modique revenu ; il a été démembré de​ celui de Périgueux, suffragant de Bourdeaux, & fut érigé par le pape Jean XXII.


Cette ville doit son origine à une abbaye d’hommes, ordre de saint Benoît, fondée du tems de Charlemagne. Ses habitans sont très-pauvres, & n’ont d’autre commerce que l’huile de noix. Long. 18. 50. latit. 46. 6.


Trois gentilshommes, hommes de lettres, & c’est une chose rare dans ce royaume, MM. Amelin, de la Boëtie & de la Calprenede, sont nés à Sarlat.


Amelin (Jean d’) a composé une histoire de France, & a publié une traduction de quelques livres de Tite-Live sur les guerres puniques. Cette version n’est pas mauvaise, outre que l’auteur a eu soin d’y marquer à la marge le nom moderne des villes, des rivieres & des provinces. Il vivoit sous le regne d’Henri II.


Boëtie (Etienne de la) mort en 1563 à 33 ans, a laissé un traité curieux, intitulé de la servitude volontaire, ouvrage qu’il fit à l’âge de 18 ans ; tout le monde le connoît, car il est imprimé à la suite des œuvres de Montagne son intime ami.


Calprenede (Gautier de Coste sieur de la) naquit à deux lieues de Sarlat. Il servit d’abord cadet, ensuite officier dans le régiment des gardes, & devint enfin gentilhomme ordinaire du roi. Il mourut en 1661 d’un coup de tête que lui avoit donné son cheval, qu’il avoit relevé trop vivement dans un faux pas.


Il avoit dès sa jeunesse beaucoup de talens pour narrer agréablement. Aussi montoit-il assez volontiers étant cadet au régiment des gardes, dans la salle de l’appartement de la reine, où il débitoit plusieurs petites histoires agréables, qui attiroient du monde de l’un & l’autre sexe autour de lui. La reine se plaignant un jour à ses femmes de chambre de ce qu’elles ne se rendoient pas exactement à leur devoir, elles répondirent qu’il y avoit dans la premiere salle de son appartement, un jeune militaire qui contoit des histoires si amusantes, qu’on ne pouvoit se lasser de l’écouter. La reine voulut le voir, & elle fut si satisfaite de son esprit & de ses manieres, qu’elle lui donna une pension.


Il est auteur des tragédies de la mort de Mithridate, du comte d’Essex, de la mort des enfans d’Hérode, & de plusieurs autres. Elles eurent peu de succès. Le cardinal de Richelieu s’en étant fait lire une, dit que la piece étoit bonne, mais que les vers en étoient lâches. « Comment lâches ! s’écria la Calprenede, quand on lui rapporta la décision du cardinal ; cadedis, il n’y a rien de lâche dans la maison de la Calprenede ».


C’est à ses romans qu’il dut toute sa réputation dans le dernier siecle ; mais le nôtre ne la lui a pas confirmée. Le premier ouvrage qu’il publia en ce genre, est Cassandre : le second est Cléopatre, qu’il acheva en 1645. Le premier est plus intéressant, & le second plus varié pour les événemens. M. Despréaux cependant trouvoit que les caracteres s’y ressembloient trop, car c’est le roman de Cléopatre qu’il censure, quand il dit dans l’art poétique,



Souvent, sans y penser, un écrivain qui s’aime,
Forme tous ses héros semblables à soi-même ;
Tout a l’humeur gascone, en un auteur gascon ;
Calprenede & Juba parlent du même ton.


Il est certain que ces deux ouvrages sont écrits avec noblesse, mais avec beaucoup de négligence. Son dernier roman est Pharamond, dont il n’a travaillé que les sept premiers tomes. Comme il en vouloit faire son chef-d’œuvre, il le composoit à loisir. Il est en effet mieux écrit, & conduit avec plus d’art que les deux autres. Vaumoriere l’a fini, mais il s’en faut beaucoup que la fin vaille le commencement.


La tragédie de Mithridate de la Calprenede fut re-​présentée pour la premiere fois, le jour des rois 1635. A la fin de la piece Mithridate prend une coupe empoisonnée, & après avoir délibéré quelque tems, il dit en avalant le poison : mais c’est trop différer… un plaisant du parterre acheva le vers, en criant à haute voix : le roi boit, le roi boit. (Le chevalier de Jaucourt.)​","[[""46 6' N 18 50' E""]]",,46 6' N 18 50' E,46 6' N 18 50' E
v14-2349-0,SARVERDEN,"SARVERDEN, (Géog. mod.)​ petite ville de France, dans la Lorraine Allemande, à 4 lieues au-dessous de Sarbruch, & à 2 de Fenestrange. Elle a pris son nom de sa situation sur la Saare, & elle l’a donné au comté dont elle est le chef-lieu ; ce comté est un fief qui a relevé de Metz, dès le douzieme siecle. Long. 24. 46. lat. 48. 57. (D. J.)​","[[""48 57' N 24 46' E""]]",,48 57' N 24 46' E,48 57' N 24 46' E
v14-2357-0,SAS-DE-GAND,"SAS-DE-GAND, (Géog. mod.)​ ville des Pays-bas, dans la Flandre hollandoise, au quartier de Gand, au bailliage d’Assenede, à une lieue au sud-ouest de Philippine, & à trois lieues au nord de Gand. Cette petite ville qui est très-forte, a été ainsi nommée, à cause d’une écluse qu’on appelle Sas en flamand, & que les habitans de Gand, avec la permission de Philippe II. firent construire pour retenir les eaux de la Liese, ou du nouveau canal qu’ils creuserent entre leur ville & ce lieu, pour communication avec la mer. Long. 21. 18. lat. 51. 14.


Au commencement des troubles des Pays-bas, les Gantois firent construire au Sas-de-Gand, un fort pour servir de boulevard à leur ville. Le duc de Parme prit cette place en 1583 ; mais Frédéric Henri, prince d’Orange, la lui enleva en 1644. Depuis ce tems-là, les Etats généraux en ont toujours été les maîtres, & s’en sont assurés la possession par le traité de Munster. Il y a une bonne garnison sous les ordres d’un commandant & d’un major de la place : le con-​seil d’état y a établi un receveur pour la recette du verponding, & des droits de consomption. (D. J.)​","[[""51 14' N 21 18' E""]]",,51 14' N 21 18' E,51 14' N 21 18' E
v14-2375-0,SASSUOLO,"SASSUOLO, (Géog. mod.)​ ville d’Italie, au duché de Modène, dans la principauté de Carpi, sur la Secchia, entre Reggio & Modène. Long. 28. 25. latit. 44. 30. (D. J.)​","[[""44 30' N 28 25' E""]]",,44 30' N 28 25' E,44 30' N 28 25' E
v14-2461-0,SAUMUR,"SAUMUR, (Géog. mod.)​ ville de France en Anjou, dans le Saumurois, sur le bord méridional de la Loire, qu’on y traverse sur un pont de bois, & qui est un passage important, à 10 lieues au sud-est d’Angers, à 16 au sud-ouest de Tours, & à 66 de Paris. Long. suivant Cassini, 17d. 25′. lat. 47d. 15′. 12″.


Saumur étoit autrefois situé sur la riviere de Vienne, qui se jettoit dans la Loire, un peu au-dessus de Saint-Maur. M. de Valois ne donne à cette ville que cinq ou six cens ans d’antiquité ; mais Ménage a prétendu prouver par plusieurs témoignages, qu’elle existoit déjà dès l’an 400, & que pour-lors elle ne consistoit à la vérité que dans le château & dans la rue qui est au-dessus.


L’an 775, Pepin, pere de Charlemagne, fonda à Saumur une église sous l’invocation de saint Jean-Baptiste, laquelle fut ensuite achevée par Pepin, roi d’Aquitaine, son petit-fils, qui y mit des prétendues reliques de saint Jean ; & c’est de cette ancienne église de Saumur, que Saumur est appellée dans quelques chartes Joannisvilla. L’ancien château de Saumur étoit nommé Truncus, le Tronc ; mais il n’étoit pas dans le lieu où est le château d’aujourd’hui.


Foulques de Nere, comte d’Anjou, se rendit maître de cette place en 1026, & l’unit au domaine d’Anjou dont elle fait encore une partie. Elle fut engagée en 1549, à François de Lorraine, duc de Guise, des mains duquel Charles IX. la retira en 1570, moyennant la somme de 64991 livres.


Il y a aujourd’hui à Saumur sénéchaussée, élection, prevôté, grenier à sel, maréchaussée, trois paroisses, quelques couvens, un college dirigé par les peres de l’Oratoire, un gouverneur de la ville, & un lieutenant de roi du château, avec une garnison de cinquante hommes.


L’église de Notre-Dame des Ardillers, & celle de Notre-Dame de Nantillé, sont en grande réputation dans le pays. On voit dans la nef de cette derniere église un tombeau de pierre, sur lequel est couchée la figure d’une femme qui tient deux enfans entre ses bras ; c’est le tombeau de Thiephaine la Magine, nourrice de Marie d’Anjou, née en 1404, & de René, duc d’Anjou, roi de Sicile, qui naquit en 1408. Thiephaine mourut en 1458, & son épitaphe qui est fort plaisante, a été gravée sur son tombeau.


Le château étoit déjà fort dans le dixieme siecle, lorsque Gibaud, comte de Blois, y établit les moines de S. Florent, chassés de leur monastere. Du tems des guerres civiles, Henri IV. étant roi de Navarre, & venant au secours d’Henri III. opprimé pas les ligueurs, voulut qu’on lui donnât pour sa sureté Saumur & son château, où il établit pour gouverneur en chef Duplessis-Mornay ; cet homme célebre fit fleurir le calvinisme à Saumur, & y forma une académie de toutes les sciences.


Cette ville n’est plus que l’ombre de ce qu’elle étoit alors ; il y reste à peine cinq mille ames ; cette grande diminution vient de la suppression des temples, du college & de l’académie, qui y attiroit beaucoup de religionnaires étrangers, la population & le commerce. Toutes les fabriques qu’ils y avoient fondées, n’existent plus ; les rafineries de salpètre y​ sont tombées ; & le débit des vins, qui étoit autrefois fort grand, a cessé. Le marché de la ville est mediocre, à cause du droit que l’abbêsse de Fontevrault y prend du vingtieme boisseau de blé ; enfin les foires qu’on y tient sont misérables, parce qu’elles ne sont pas franches.


Si Saumur est aujourd’hui dans la décadence, c’est une raison de plus que j’ai de ne pas oublier les noms des personnes illustres dans les lettres, dont elle est la patrie.


Cappel (Louis), qui y est né, a fait paroître dans tous ses ouvrages beaucoup de jugement, de littérature, de critique, & d’érudition. Il est un des premiers qui a démontré invinciblement la nouveauté du point voyelle du texte hébreu ; & il a eu raison d’intituler son ouvrage, arcanum punctuationis revelatum. Sa critica sacra, imprimée à Paris en 1650, fit aussi beaucoup de bruit. Sa chronologie sacrée, & sa description du temple de Salomon, ont été publiées dans les prolégomènes de la Polyglotte d’Angleterre. On a imprimé à Amsterdam en 1689, ses commentaires latins sur le vieux Testament : ce savant homme mourut dans sa patrie en 1658, âgé de 63 ans.


La célebre Anne le Fevre, fille de Tannegui le Fevre, qui épousa M. Dacier, naquit à Saumur en 1651. Après avoir perdu son pere, elle vint à Paris, & donna pour son premier ouvrage les oeuvres de Callimaque, qui furent suivis d’une belle édition de Florus. Sa renommée s’étendit par toute l’Europe, & Christine, reine de Suede, lui en fit faire des complimens par le comte de Konigsmark.


Au commencement de l’année 1683, elle épousa M. L’acier, avec lequel elle avoit été élevée dès sa premiere jeunesse, & tous deux se firent catholiques ; ce changement de religion valut à M. Dacier une pension de quinze cens livres, & à son épouse une de cinq cens. Se trouvant plus à leur aise, ils reprirent leurs travaux littéraires, & M. le duc de Montausier qui les protégeoit de tout son crédit, engagea madame Dacier à travailler aux livres qu’on nomme Dauphins.


Elle mit au jour, 1°. Dictys cretensis & Dares phrygius, ad usum delphini, Paris 1684, in-4°. 2°. Sexti Aurelii Victoris, historia romana ad usum delphini ; 3°. Eutropii historia romana, ad usum delphini.


Cette savante dame, fort supérieure à son mari pour l’esprit, pour le goût, & par la maniere d’écrire, a encore donné ; 1°. les poésies d’Anacréon & de Sapho, traduites du grec ; 2°. le Plutus & les Nuées d’Aristophane ; 3°. trois comédies de Plaute ; 4°. celles de Térence ; 5°. l’Iliade & l’Odyssée d’Homère. Ces deux derniers ouvrages lui font un honneur infini ; on ne pouvoit lui reprocher que trop d’admiration pour les auteurs qu’elle avoit traduits du grec. M. de la Motte ne l’attaqua qu’avec de l’esprit, & elle ne combattit qu’avec de l’érudition ; elle oublia même les égards qu’elle devoit à un adversaire estimable, & la politesse qui sied si bien à toutes sortes de personnes, & principalement à une dame.


Elle fut plus honnête vis-à-vis des étrangers, qui admiroient comme elle les anciens, & qui venant à Paris, ne manquoient pas de lui rendre visite ; un d’eux suivant la coutume d’Allemagne, lui présenta son livre (album), en la priant d’y mettre son nom & une sentence. Elle vit dans ce livre les noms des plus savans hommes de l’Europe, & elle le rendit aussi-tôt en lui disant, qu’elle rougiroit de mettre son nom parmi tant de noms célebres ; enfin vaincue​par les sollicitations de l’étranger, elle prit la plume & écrivit ce vers de Sophocle.


Γυναιζίν ἠ σιγἡ φέρει χόσμον. Le silence est l’ornement des femmes.


Elle est morte au louvre en 1720, à 69 ans.


Superville (Daniel), se destina de bonne heure à l’étude de la Théologie, & sortit de France à la révocation de l’édit de Nantes. Les magistrats de Rotterdam le nommerent pasteur de l’église Walonne de leur ville, où il mourut en 1728, âgé de près de 71 ans. Il a écrit des livres de piété qui sont estimés, entre autres cinq volumes de sermons in-8°. outre un sage traité sur les vérités & les devoirs de la religion en forme de catéchisme ; ces deux ouvrages ont été imprimés plusieurs fois, en divers lieux. (Le chevalier de Jaucourt.)​","[['47 15\' 12"" N 17 25\' E']]",,"47 15' 12"" N 17 25' E","47 15' 12"" N 17 25' E"
v14-2693-0,SCHEHER-HORMOUZ,"SCHEHER-HORMOUZ, (Géog. mod.)​ ville de Perse dans la province de Khouzistan, qui est la Suziane des anciens. Elle a tiré son nom de Hormouz, fils de Sapor, troisieme roi de Perse de la dynastie des Sassanides, qui en est le fondateur. Long. suivant les tables arabiques, 85. 45. latitude septentrionale, 31. (D. J.)​","[[""31 N 85 45' E""]]",,31 N 85 45' E,31 N 85 45' E
v14-2707-0,"SCHENCK, le fort de, ou Schenckenschans","SCHENCK, le fort de, ou Schenckenschans, (Géog. mod.)​ fort des Pays-bas, à une lieue de Clèves, à quatre de Nimegue, & à cinq d’Arnheim. Il est situé à la pointe du Betuwe, dans l’endroit où le Rhin se partage en deux bras, dont celui qui coule à gauche se rend à Nimegue, & s’appelle le Wahal ; l’autre se porte à Arnheim, & conserve le nom de Rhin. Le fort de Schenck a été bâti en 1586 par Martin Schenck, hollandois, d’après la résolution des Provinces-Unies ; il a été pris par les Espagnols en 1636, & par Louis XIV. en 1672. Il appartient à présent au roi de Prusse. Long. 23. 44. latit. 51. 48. (D. J.)​","[[""51 48' N 23 44' E""]]",,51 48' N 23 44' E,51 48' N 23 44' E
v14-2711-0,"SCHER, ou Scheer","SCHER, ou Scheer, (Géog. mod.)​ petite ville d’Allemagne dans la Suabe, à la droite du Danube, qu’on passe sur un pont, au-dessous de Sigmaringen. Long. 26. 46. latit. 48. 6. (D. J.)​","[[""48 6' N 26 46' E""]]",,48 6' N 26 46' E,48 6' N 26 46' E
v14-2734-0,SCHIPPENPEIL,"SCHIPPENPEIL, (Géogr. mod.)​ petite ville de Prusse dans le cercle de Natangen à la droite de l’Alba, qu’on passe sur un pont au levant de Bartestein, & au midi de Fridland. Long. 39. 23. latit. 54. 15. (D. J.)​","[[""54 15' N 39 23' E""]]",,54 15' N 39 23' E,54 15' N 39 23' E
v14-2772-0,"SCHONGAW, ou SCHONGA","SCHONGAW, ou SCHONGA, (Géog. mod.)​ petite ville d’Allemagne, dans la haute Baviere, sur le Lech, à 12 lieues au-dessus d’Augsbourg. Long. 28. 32. latit. 47. 50. (D. J.)​","[[""47 50' N 28 32' E""]]",,47 50' N 28 32' E,47 50' N 28 32' E
v14-2777-0,SCHORNDORFF,"SCHORNDORFF, (Géog. mod.)​ ville d’Allemagne, en Suabe, au duché de Wittemberg, sur la rive gauche du Rhin, à six lieues au nord-est de Stutgard : elle est défendue par un château que les François prirent en 1647, & 1707. Long. 28. 4. latit. 48. 45.


Scherdin (Sébastien) l’un des plus grands généraux du xvj. siecle, naquit à Schorndoff en 1495, de simples bourgeois. Après avoir servi l’empereur, le sénat d’Augsbourg, & les troupes du cercle de Suabe, Charles-Quint le nomma capitaine général de ses troupes contre François I. Il accompagna Henri II. dans ses expéditions du Rhin & des Pays-bas. Enfin, il servit avec gloire l’empereur Ferdinand I. & mourut comblé d’honneurs & de pensions, en 1577, à 82 ans. (D. J.)​","[[""48 45' N 28 4' E""]]",,48 45' N 28 4' E,48 45' N 28 4' E
v14-2801-0,SCHWEINFURT,"SCHWEINFURT, (Géog. mod.)​ ville impériale d’Allemagne dans la Franconie, sur le Mein à droite, dans un terroir fertile en vin & en blé, à 10 lieues au nord-est de Wurtzbourg ; elle est libre & impériale. C’est une des places d’Allemagne des mieux fortifiées. Long. 33. lat. 50. 48.


Cuspinien (Jean), écrivain du xvj. siecle, naquit à Schweinfurt, & mourut à Vienne en Autriche. Il a publié, 1°. un commentaire des consuls, des césars & des empereurs romains ; 2°. une histoire d’Autriche ; 3°. une histoire de l’origine des Turcs, & d’autres ouvrages. Nicolas Gerbel a écrit sa vie. (D. J.)​","[[""50 48' N 33 E""]]",,50 48' N 33 E,50 48' N 33 E
v14-2841-0,"SCIOLI, ou SICLI","SCIOLI, ou SICLI, (Géog. mod.)​ petite ville de Sicile, dans le val de Noto, sur le torrent de Sicli,​ au voisinage de Modica, à 10 milles ouest de la ville de Noto. Long. 32. 41. latit. 37. 3. (D. J.)​","[[""37 3' N 32 41' E""]]",,37 3' N 32 41' E,37 3' N 32 41' E
v14-2988-0,"SÉBASTIEN, saint","SÉBASTIEN, saint, (Géog. mod.)​ ville d’Espagne, dans la province de Guipuscoa, au pié d’une montagne qui lui sert de digue. Elle a un port sur l’Océan, à l’embouchure de la petite riviere Guruméa, appellée par les anciens Menanum.


Cette ville est à 18 lieues au levant de Bilbao, & à 84 de Madrid ; sa grandeur est médiocre, mais les rues en sont larges, longues, droites, & bien pavées ; les dehors en sont agréables : on y a d’un côté la vûe de la mer, & de l’autre on voit en éloignement les Pyrénées au bout d’une campagne sablonneuse.


Sur le haut de la montagne est une citadelle qui commande la ville, avec une garnison qu’on y tient. Le port est un bassin formé par l’Océan, & agrandi par l’art : les bâtimens y sont généralement en sûreté au pié de la montagne, qui les couvre ; cependant les vaisseaux de guerre du roi d’Espagne sont à un autre port situé à un quart de lieue de la ville, tirant vers Fontarabie.


Saint-Sébastien est peuplé, & fait un grand commerce de fer, d’excellent acier, & des laines de la Castille vieille. D’ailleurs le séjour de cette ville est gracieux ; c’est un pays de bonne chere. Le poisson & les fruits y sont admirables. La ville est sous la dépendance de l’archevêque de Burgos. Long. 15. 35. latit. 43. 24. (D. J.)​","[[""43 24' N 15 35' E""]]",,43 24' N 15 35' E,43 24' N 15 35' E
v14-3028-0,SECKAW,"SECKAW, (Géog. mod.)​ ou Seckow, bourg d’Allemagne, dans la haute Stirie, sur une petite riviere nommée Gayl, à 3 lieues au nord de Iudenburg. Cette place a été érigée en évêché en 1219 par le pape Honoré III. C’est l’archevêque de Saltzbourg qui en a le droit de présentation & d’investiture ; de-là vient que l’évêque de Seckaw n’a point d’entrée dans les dietes. Long. 32. 52. lat. 47. 17. (D. J.)​","[[""47 17' N 32 52' E""]]",,47 17' N 32 52' E,47 17' N 32 52' E
v14-3097-0,"SEGESTAN, Sedgestan, Segistan, Sigestan, Sagestan, Sitzistan, Sostan, Sistan","SEGESTAN, Sedgestan, Segistan, Sigestan, Sagestan, Sitzistan, Sostan, Sistan, (Géog. mod.)​ car ce nom d’un pays de Perse, s’écrit de toutes ces manieres différentes ; & c’est une homonymie dont il faut se ressouvenir, pour n’en pas faire autant d’articles différens.


Le Ségestan est une province de Perse, qui a le Khorassan à l’occident, le Makeran à l’orient, le desert de Fars au midi, & le Sind au septentrion : c’étoit autrefois la demeure des peuples appellés Drongæ : ses villes principales sont Ségestan capitale, Schaluk, & Ketz. Houssain-Schah fut dépouillé de cette province par Tamerlan, qui en fit la conquête l’an de l’hégire 785. Le Schah fut envoyé à Samarcande, ainsi que les généraux d’armée & les gouverneurs des provinces. La capitale du pays est située sur la riviere Senarond, à 97 degrés de longitude, & à 32. 20. de latitude.


C’est dans cette capitale qu’est né le grand Rostan, si célebre dans l’histoire de Perse, & le principal héros des romans persans. C’est encore dans la même ville, que naquit Aboulfarah, célebre poëte persan, qui composa plusieurs traités de l’art poétique ; il s’étoit attaché au service des princes de la famille de Samgiour, & avoit mis au jour de beaux ouvrages à leur gloire, dans lesquels il laissa échapper quelques traits piquans contre le sultan Mahmoud, qui l’ayant fait prisonnier, vouloit le punir de son insolence ; mais Onseri, le prince des poëtes persans, éleve d’Aboulfarah, obtint sa grace, & partagea sur le champ avec lui un présent considérable qu’il venoit de recevoir de la libéralité du sultan. (D. J.)​","[[""32 20' N 97 E""]]",,32 20' N 97 E,32 20' N 97 E
v14-3110-1,Segni,"Segni, (Géog. mod.)​ en latin Signia ; ville d’Italie, dans l’état de l’Eglise, & dans la campagne de Rome, à 12 lieues au sud-est de Rome, & à 6 au sud-est de Palestrina, avec un évêché qui ne releve que du pape. Longitude 30. 42. latitude 51. 40. (D. J.)​","[[""51 40' N 30 42' E""]]",,51 40' N 30 42' E,51 40' N 30 42' E
v14-3201-0,SELLES ou CELLES,"SELLES ou CELLES, (Géog. mod.)​ petite ville de France, en Berry, au diocèse de Bourges, sur le Cher avec un pont, à neuf lieues au sud-est d’Amboise, à pareille distance de Blois, à quatre au levant de Romorantin, & à 18 de Bourges. Selles doit son origine à une ancienne abbaye, fondée vers l’an 572, par Childebert, & occupée par les Feuillans depuis 1672. Il y a dans cette ville un hôpital, un couvent d’Ursulines, & un marché par semaine. Long. 19. 16. lat. 47. 14. (D. J.)​","[[""47 14' N 19 16' E""]]",,47 14' N 19 16' E,47 14' N 19 16' E
v14-3205-0,SELMAZ,"SELMAZ, (Géog. mod.)​ ville de Perse dans l’Azerbijane. Long. selon M. Petit de la Croix, 82. lat. 3. 20. (D. J.)​","[[""3 20' N 82 E""]]",,3 20' N 82 E,3 20' N 82 E
v14-321-0,RENNES,"RENNES, (Géog. mod.)​ en latin condate Rhedonum ; ville de France, capitale de la Bretagne, au confluent de Lille & de la Vilaine, dans les terres, à 22 lieues au nord de Nantes, à 18 au sud-est de S. Malo, & à 80 de Paris. Long. suivant Cassini, 15. 46. 30. latit. 48. 3. 10.


Le nom de Rennes a été tiré des peuples Rhedones, célébres parmi les Armoriques, & dont le territoire devoit s’étendre jusqu’à la mer ; d’où l’on voit que le diocese de Rennes est aujourd’hui bien moins considérable.


Cette ville vint au pouvoir des Francs, lorsqu’ils s’emparerent de celles des pays voisins de l’embouchure de la Loire, après qu’ils eurent vaincu les Saxons qui s’y étoient établis. Dans le jx siecle, Numenojus se rendit maître de Rennes, qui passa à ses successeurs, & qui depuis a subi le même sort que les autres villes de la Bretagne. Marmodus qui vivoit dans le xj siecle, & qui fut depuis évêque de Rennes, a fait de cette capitale une peinture des plus satyriques, & dont voici quelques traits.



Urbs Rhedonis, spoliata bonis, viduata colonis,
Plena dolis, odiosa polis, sine lumine solis ;
In tenebris vacat illecebris, gaudetque latebris :
Desidiam putat egregiam, spernitque sophiam.


Rennes moderne ne ressemble point à cette description, excepté que ses rues sont étroites, mal-propres, que la plûpart de ses maisons sont de bois & si hautes que cette ville est toujours comme du tems de Marmode, sine lumine solis ; mais elle est aujourd’hui le siege d’un parlement, d’une cour des aides, d’une cour des monnoies, d’un présidial, d’une intendance, d’une table de marbre & d’une jurisdiction consulaire. La faculté de droit qui étoit à Nantes, y a été transférée, & elle y sied mieux que dans une ville de pur commerce. On y compte neuf paroisses, en y comprenant les fauxbourgs qui sont très-éten-​dus ; les jésuites y avoient un college ; la riviere de Vilaine divise la ville en deux parties, & on passe cette riviere sur trois ponts.


De notre tems, en 1720, Rennes a été désolée par un terrible incendie qui dura six à sept jours, & qui consuma, dit-on, huit cens cinquante maisons ; la perte des meubles, de l’argent comptant, & des titres d’une bonne partie des familles de la province, augmenta la consternation de tous les habitans.


Son évêché est un des plus anciens de la Bretagne ; on prétend qu’il fut établi dans le troisieme siecle, & ses prélats ont eu quelquefois l’honneur de couronner leur souverain ; ils sont conseillers nés du parlement de cette province, & seigneurs d’une partie de la ville ; le revenu de l’évêque n’est cependant que d’une quinzaine de mille livres ; son diocese renferme quatre abbayes & deux cens soixante-trois paroisses. On y recueille des grains, & on y nourrit dans les pâturages quantité de vaches qui donnent d’excellent beurre, dont on fait un assez grand trafic.


Tournemine, (René-Joseph) jésuite celébre par sa belle érudition, naquit à Rennes en 1661, d’une illustre & ancienne maison de Bretagne. Il avoit une foiblesse singuliere pour un savant & pour un religieux, c’est qu’il étoit très-flatté que personne n’ignorât sa naissance ; on ne pouvoit pas mieux lui faire sa cour que de lui en parler ; il se plaisoit à relever les avantages de la noblesse, & l’on s’appercevoit aisément que son amour-propre s’approprioit une partie des éloges qu’il donnoit là-dessus à ceux qui jouissoient de ce don du hasard ; une mémoire heureuse, une imagination féconde, un goût délicat, un esprit étendu, lui acquirent un nom dans la littérature ; il possedoit les belles lettres, l’histoire, la fable, la chronologie, & sur-tout la science des médailles.


Il travailla longtems au journal de Trévoux, & ce travail le mit en correspondance avec un grand nombre de savans des plus distingués ; son style est aisé, noble, brillant, varié ; il a su mettre beaucoup de netteté & d’agrément même dans la sécheresse des discussions. Il fut fait bibliothécaire des jésuites de la maison professe à Paris, & il forma pour lui-même une bibliotheque choisie d’environ sept mille volumes ; il supportoit avec peine les opinions différentes des siennes, & a fait voir un zèle amer contre tous les ouvrages du P. Hardouin son confrere. Il mourut à Paris en 1739, à 78 ans.


Presque tous ses écrits se trouvent semés dans les différens volumes du journal de Trévoux, auquel il a travaillé pendant dix-neuf ans ; on lui doit encore une nouvelle édition des commentaires de Ménochius, à laquelle il ajouta douze dissertations curieuses ; cette édition nouvelle, Joannis-Stephani Menochii, S. J. commentarii totius S. Scripturæ, parut à Paris en 1719, en 2 vol. in-fol. On pourroit rassembler en un corps plusieurs écrits du P. Tournemine, ou du-moins tous ceux qui concernent l’art numismatique.


Dom Lobineau, (Gui-Alexis) bénédictin, étoit aussi natif de Rennes ; il se livra tout entier à la seule étude de l’histoire, & mourut en 1727 dans une abbaye près de S. Malo, à 61 ans ; il a fini l’histoire de la ville de Paris, que Dom Félibien avoit déja très avancé ; elle a paru en 1725, en cinq volumes in-fol. il a pareillement achevé l’histoire de Bretagne, à laquelle le P. le Gallois avoit longtems travaillé ; cette histoire de Bretagne est en 2 vol. in-fol. on lui a attribué les avantures de Pomponius, chevalier romain ; mais cette brochure satyrique est de M. de Themiseuil. (le chevalier de Jaucourt.)​","[['48 3\' 10"" N 15 46\' 30"" E']]",,"48 3' 10"" N 15 46' 30"" E","48 3' 10"" N 15 46' 30"" E"
v14-3231-0,SEMENDRIAH,"SEMENDRIAH, (Géog. mod.)​ ville de la Turquie européenne, capitale de la Rascie ou Servie, sur le Danube, au-dessous de Belgrade. Elle appartient aux Turcs depuis qu’Amurat II. s’en empara en 1472. Long. 39. lat. 45. 6. (D. J.)​","[[""45 6' N 39 E""]]",,45 6' N 39 E,45 6' N 39 E
v14-370-0,"RÉOLE, la","REOLE, la, (Géog. mod.)​ petite ville de France, dans le Bazadois, sur la droite de la Garonne, à neuf lieues au-dessus de Bourdeaux ; elle doit son origine à une ancienne abbaye d’hommes, ordre de S. Benoît, fondée en 970. Louis XIV. transfera pendant quelques années le parlement de Bourdeaux dans cette petite ville. L’abbaye de la Réole (ou la Réaule), est située dans la plaine de Bigorre, & son abbé a entrée aux états du pays. Long. de la ville, 17. 34. latit. 44. 36. (D. J.)​","[[""44 36' N 17 34' E""]]",,44 36' N 17 34' E,44 36' N 17 34' E
v14-498-0,RESCHT,"RESCHT, (Géog. mod.)​ ville de Perse, capitale de la province de même nom, dans la province de Ghilan, le long de la mer Caspienne, où elle forme une espece de croissant, & dont elle est éloignée de deux lieues. Elle est grande, ouverte, & toute plantée d’arbres, qui y présentent comme l’aspect d’une forêt. Long. 68. 27. latit. 37. 2 4. (D. J.)​​","[['37 2\' 4"" N 68 27\' E']]",,"37 2' 4"" N 68 27' E","37 2' 4"" N 68 27' E"
v14-620-0,RETFORD,"RETFORD, (Géog. mod.)​ petite ville à marché d’Angleterre, dans la province de Nottingham, à 140 milles de Londres ; elle envoie deux députés au parlement. Long. 16. 36. latit. 53. 15. (D. J.)​","[[""53 15' N 16 36' E""]]",,53 15' N 16 36' E,53 15' N 16 36' E
v14-632-0,RETIMO,"RETIMO, (Géog. mod.)​ Ῥίθυμνα  dans Ptolomée, & Rithymna dans Pline, liv. IV. ch. xij. ville de l’ile de Candie sur la côte septentrionale, à 18 lieues au couchant de la capitale. Elle a une citadelle bâtie sur un roc escarpé, & qui commande un fort ruiné ; son port qui a été très-bon, est aujourd’hui tout-à-fait négligé. Retimo est la troisieme place du pays ; les Turcs la prirent en 1647, & depuis ce tems-là elle est gouvernée par un pacha, soumis au viceroi de Candie. Long. 42. 18. lat. 35. 24. (D. J.)​","[[""35 24' N 42 18' E""]]",,35 24' N 42 18' E,35 24' N 42 18' E
v14-684-0,REVEL,"REVEL, (Géog. mod.)​ grande ville de l’empire russien, dans la haute-Livonie, & capitale de l’Estonie, sur la côte de la mer Baltique, partie dans une plaine, & partie sur une montagne, avec une forteresse, à 56 lieues au nord de Riga, à 38 au couchant de Narva, & à 60 au couchant de S. Pétersbourg. Long. 42. 40. lat. 59. 24.


Waldemar II. roi de Danemark, jetta les fondemens de cette ville au commencement du xij. siecle. Elle a été anséatique jusqu’en 1550. Les Suédois la posséderent ensuite, & aujourd’hui les Moscovites à qui elle appartient, y entretiennent un beau commerce de grains. On l’échange sur-tout contre le sel que les Hollandois amenent dans ce port, & dont il se consomme une grande quantité en Russie, où tout le pain est avec du sel.


La partie de Revel qui est sur la montagne, est oc-​cupée par des maisons neuves ; la partie d’en-bas est habitée par les petites gens. Le château domine la ville, & la Russie y entretient toujours une nombreuse garnison.


Revel étoit déjà très-forte dans le xvj. siecle, car elle soutint alors deux sieges mémorables ; un en 1470, & l’autre en 1577, contre les Moscovites qui se retirerent avec perte. L’évêque qui est du rit grec, est suffragant de Riga.


Cette ville jouit encore des mêmes privileges dont elle jouissoit sous Charles XII. Elle ne paye presqu’aucun impôt ; elle conserve ses anciennes lois ; elle entretient une compagnie de soldats à elle, qui fait le service conjointement avec la garnison russe ; mais les paysans sont comme en Pologne & en Russie, les esclaves de leurs seigneurs, qui les vendent comme les bestiaux.


Revel est gouvernée par trois conseils ; celui du czar, qui a la puissance exécutrice ; celui des nobles, dont l’emploi est de veiller aux intérêts de la province ; & celui des magistrats de la ville, qui regle la police & les affaires civiles. (D. J.)​","[[""59 24' N 42 40' E""]]",,59 24' N 42 40' E,59 24' N 42 40' E
v14-751-0,REYNA,"REYNA, (Géog. mod.)​ en latin Regina ; ville d’Espagne, dans l’Estramadure de Léon, sur les frontieres de l’Andalousie. Elle est située dans une plaine, avec un château sur une hauteur. Elle fut fondée par les Romains sous le nom de Regina, qu’on a changé en celui de Reyna. On y trouve encore quelques restes d’antiquité. Elle fut prise sur les Maures, en 1185, par le roi dom Alphonse IX. & elle appartient aujourd’hui à l’ordre de S. Jacques. Long. 11. 45. latit. 38. 15. (D. J.)​","[[""38 15' N 11 45' E""]]",,38 15' N 11 45' E,38 15' N 11 45' E
v14-76-0,REICHENSTEIN,"REICHENSTEIN, (Géog. mod.)​ petite ville d’Allemagne, dans la Silésie, à 2 milles de Glatz, & à 4 de Neisse. Elle a des mines dans ses environs. Long. 24. 32. latit. 50. 27. (D. J.)​","[[""50 27' N 24 32' E""]]",,50 27' N 24 32' E,50 27' N 24 32' E
v14-810-0,RHENEN,"RHENEN, (Géog. mod.)​ ville ancienne des Pays-bas, dans la province d’Utrecht, à 4 milles de cette ville, sur le Rhein. Lon. 22. 58. lat. 52. (D. J.)​","[[""52 N 22 58' E""]]",,52 N 22 58' E,52 N 22 58' E
v14-911-0,RIBADÉO,"RIBADÉO, (Géog. mod.)​ petite ville d’Espagne, dans la Galice, sur le bord occidental de la riviere de même nom, à 10 lieues de Luarca ; elle est sur la pente d’un rocher, & c’est le dernier port de la province du côté de l’orient ; elle a été assez long-tems la résidence de l’évêque de Mondonnedo. Long. 10. 45. lat. 43. 42. (D. J.)​","[[""43 42' N 10 45' E""]]",,43 42' N 10 45' E,43 42' N 10 45' E
v14-937-0,RICHELIEU,"RICHELIEU, (Géogr. mod.)​ ville de France, dans le bas Poitou, au diocèse de Poitiers, sur les rivieres d’Amable & de Veude, à 10 lieues au nord de Poitiers, & à 60 au sud-ouest de Paris. Elle fut bâtie par le cardinal de Richelieu en 1637, qui l’embellit d’un magnifique château. Ses rues sont allignées ; c’est le lieu d’une élection & d’un grenier à sel. Le duché-pairie de Richelieu, dont cette ville est le chef-lieu, fut érigé en 1631. Long. 17. 51. lat. 47. (D. J.)​","[[""47 N 17 51' E""]]",,47 N 17 51' E,47 N 17 51' E
v14-94-0,REINFREW,"REINFREW, (Géog. mod.)​ ville d’Ecosse, cheflieu d’une baronie de même nom, sur la Clyde, dans la province de Cuningham, à 70 milles au couchant d’Edimbourg. Long. 13. 26. latit. 55. 50. (D. J.)​","[[""55 50' N 13 26' E""]]",,55 50' N 13 26' E,55 50' N 13 26' O
v14-964-0,RIETI,"RIETI, (Géog. mod.)​ en latin Reatæ ; ville d’Italie, dans l’état de l’Eglise, au duché de Spolete, près du lac de même nom, sur le Vélino, aux confins de l’Abruzze, à 8 lieues de Spolete, & à 14 de Rome. Son évêché fondé dans le v. siecle, releve immédiatement du pape. Long. 30. 40. latit. 42. 23. (D. J.)​","[[""42 23' N 30 40' E""]]",,42 23' N 30 40' E,42 23' N 30 40' E
v14-992-0,RIMINI,"RIMINI, (Géogr. mod.)​ en latin Ariminum, ville d’Italie dans l’etat de l’Eglise & dans la Romagne, située à l’embouchure de la Marecchia dans la mer Adriatique, à 25 milles au sud-est de Ravenne, & à 20 milles au nord ouest de Pesaro. Long. 30. 15. lat. suivant des Places, 43. 59. 28.


Cette ville étoit anciennement dans le pays des Sénonois d’Italie, & devint ensuite colonie romaine. Tite-Live, l. XXVII. la met au nombre des dix-huit colonies qui assisterent la république de Rome dans le tems des prospérités d’Annibal. Il paroît qu’elle étoit chérie des Romains par les beaux restes d’antiquité qui s’y voyent encore. Auguste y fit bâtir le magnifique pont sur lequel on passe la Marecchia. Il joignit à Rimini la voie Flaminienne avec la voie Emilienne. Tibere contribua de son coté à la construction de ce pont, c’est-à-dire qu’il le finit. Les autres antiquités de Rimini sont les ruines d’un amphithéatre, celles d’un arc triomphal érigé pour Auguste, & la tour de briques, qui étoit le phare de l’ancien port ; mais la mer s’étant retirée à un demi-mille de cet endroit, le phare est présentement environné de jardins.


Rimini fut sujette aux empereurs romains jusqu’à la fin de leur empire. Elle obéit aux exarques de Ravenne tant qu’ils se maintinrent ; ensuite elle subit le joug des Lombards : après que ceux-ci eurent été défaits par les François, elle reconnut les rois d’Italie, & puis les Malatestes, vicaires de ceux-ci. Pandolfe l’un d’eux, vendit la ville aux Vénitiens ; mais l’armée de ces derniers ayant été défaite à Rivolta-Secca par les troupes de Louis XII. roi de France, ce prince mit le pape en possession de Rimini, possession qu’il a gardée jusqu’à ce jour.


Cette ville est aujourd’hui petite, dépeuplée, pauvre & sans fortification ; elle n’a jamais été féconde en savans, mais en quelques théologiens scholastiques, tel a été Grégoire dit de Rimini, surnommé le docteur authentique, & qui étoit général des Augustins en 1357.


Battaglini (Marc) né à Rimini en 1645, s’est un peu distingué de ses confreres par quelques ouvrages italiens, & entre autres par son istoria universale di tulli i concilii generali particolari di santa Chiesa. Le pape Clément XI. le nomma à l’évêché de Cesène en 1716 ; mais il mourut peu de tems après âgé de 71 ans. Le P. Niceron a mis cet évêque au rang des hommes illustres. (D. J.)​","[['43 59\' 28"" N 30 15\' E']]",,"43 59' 28"" N 30 15' E","43 59' 28"" N 30 15' E"
v15-1086-0,SOMMIERES,"SOMMIERES, (Géog. mod.)​ en latin vulgaire Sumerium ; petite ville de France, dans le Languedoc, sur la Vidourle, à deux lieues de Nîmes. Les calvinistes en avoient fait une forte place ; c’est encore aujourd’hui un gouvernement particulier dans le Languedoc. Long. 21. 43. latit. 43. 55. (D. J.)​","[[""43 55' N 21 43' E""]]",,43 55' N 21 43' E,43 55' N 21 43' E
v15-1102-0,SONCINO,"SONCINO, (Géog. mod.)​ petite ville d’Italie, dans le Crémonois, sur la droite de l’Oglio, à sept lieues au sud-ouest de Crémone. Long. 27. 20. latit. 45. 23. (D. J.)​","[[""45 23' N 27 20' E""]]",,45 23' N 27 20' E,45 23' N 27 20' E
v15-1228-0,SOUBISE,"SOUBISE, (Géog. mod.)​ petite ville de France, dans la Saintonge, sur la Charente, à 2 lieues au nord de Brouage, & à 5 de la Rochelle. Elle a donné le nom à une branche de l’illustre maison de Rohan ; c’est une principauté de vingt mille livres de rente. Elle comprend sept grosses paroisses, qui forment un petit pays. Longitude 16. 34. latitude 45. 49. (D. J.)​","[[""45 49' N 16 34' E""]]",,45 49' N 16 34' E,45 49' N 16 34' E
v15-1319-1,Sousa,"Sousa, (Géog. mod.)​ ville d’Afrique, au royaume de Tunis, capitale de la province de son nom, sur un rocher, près de la mer. C’est la résidence du gouverneur de la province, à 25 milles de Tunis, à l’opposite de l’île de Pantalarée, & plus près de la Sicile qu’aucune autre ville d’Afrique. Elle a un bon port, où les corsaires de Tunis se mettent à l’ancre. Son terroir rapporte de l’orge, des figues & des olives, & il est fertile en pâturages. Ce fut dans le voisinage de cette place, qui n’est à-présent qu’une bourgade, que le prince Philibert de Savoie fut autrefois défait, & qu’un grand nombre de chevaliers de Malte périrent. Long. 28. 47. lat. 35. 54. (D. J.)​","[[""35 54' N 28 47' E""]]",,35 54' N 28 47' E,35 54' N 28 47' E
v15-1711-0,STAVELLO,"STAVELLO, (Géog. mod.)​ petite ville d’Allemagne, entre le pays de l’évêque de Liége, & les duchés de Limbourg & de Luxembourg, sur la riviere d’Ambleve, à une lieue au-dessus de Malmédie, & à 4 de Limbourg. Elle a une ancienne abbaye de l’ordre de S. Benoît, fondée dans le septieme siecle ; son abbé est prince de l’Empire, & souverain de la ville. Long. 23. 34. lat. 50. 25. (D. J.)​","[[""50 25' N 23 34' E""]]",,50 25' N 23 34' E,50 25' N 23 34' E
v15-1716-0,STAWANGER ou STAVANGER,"STAWANGER ou STAVANGER, (Géog. mod.)​ ville de Norwege, dans le gouvernement de Bergen, capitale de la contrée de même nom, sur le Buckenfiord, à 30 lieues au midi de Bergen, avec un évêché suffragant de Drontheim. Long. 22. 48. lat. 58. 44. (D. J.)​","[[""58 44' N 22 48' E""]]",,58 44' N 22 48' E,58 44' N 22 48' E
v15-1736-0,STEINHEIM,"STEINHEIM, (Géog. mod.)​ petite ville d’Allemagne dans l’archevêché de Mayence, sur la gauche du Mein, près de Selingstad. Long. 26. 3. lat. 50. 4.


Reineccius (Reinier), l’un des savans hommes d’Allemagne du xvj. siecle dans la connoissance de l’histoire, naquit à Steinheim, & y finit ses jours en 1595. On a de lui un grand nombre d’ouvrages latins sur les différens peuples de l’antiquité, & en particulier sur les Juifs, les Grecs, les Romains, les familles des rois de Macédoine, celles des Arsacides, des Séleucides, des Lagides, des rois d’Arménie & de Pergame, des rois de Messénie, des rois de Médie & de Bactriane, des rois d’Athènes & de Mycène, &c. On fait un cas particulier de son historia Julia. Son traité de la méthode de lire & d’étudier l’histoire, methodus legendi historias, est encore estimé. (D. J.)​","[[""50 4' N 26 3' E""]]",,50 4' N 26 3' E,50 4' N 26 3' E
v15-1774-2,Sterling,"Sterling, (Géog. mod.)​ ville de l’Ecosse méridionale, capitale de la province de même nom, sur la pente d’un rocher, dont le Forth mouille le pié, & qu’on passe sur un pont de pierre, à 12 lieues au​nord-ouest d’Edimbourg. Elle a été la demeure de plusieurs rois d’Ecosse. On y voit un beau & fort château. Long. 13. 55. lat. 56. 5.


Les anciens appelloient cette ville Binobara ; mais Ptolomée l’appelle Vindovara. C’étoit une des bornes de l’empire romain dans la Grande-Bretagne, comme il paroît par une inscription qu’on trouve vers le pont au bas du château, & qui marque qu’une des aîles de l’armée romaine faisoit garde dans cette place. Du tems de la religion catholique, il y avoit près de cette ville une abbaye magnifique qui portoit le nom de Cambuskenneth.


A deux milles au nord de Sterling, est une terre nommée Arthrey ou Airthrey, dans laquelle on trouve une mine de cuivre au côté méridional d’une montagne. La matiere qu’on tire de la mine est couverte d’une croute métallique, & le reste est bigarré de couleurs vives, de verd, de violet, & de bleu. Un quintal de cette matiere rend trente livres de cuivre ; une fontaine sort de la même montagne ; & comme elle passe à-travers une terre minérale, elle en prend une légere teinture, & on la croit bonne pour guérir quelques maux externes.


Quoi qu’il en soit, la ville de Sterling est la patrie de Marie Lambrun, femme qui mérite d’occuper sa place dans l’histoire du xvj. siecle. Elle avoit épousé un françois nommé Lambrun, qui lui donna le nom sous lequel elle est connue ; tous les deux entrerent fort jeunes au service de Marie Stuart qu’ils adoroient. L’époux de mademoiselle Lambrun fut si touché de la fin tragique de cette princesse, qu’il en mourut de douleur au bout de quelques mois, & sa femme desespérée résolut aussi-tôt de venger l’un & l’autre par un terrible crime. Elle s’habille en homme, prend le nom d’Antoine Sparch, & se rend à Londres, portant sur elle deux pistolets chargés, l’un pour tuer la reine Elisabeth, & l’autre pour se tuer tout de suite, afin d’éviter l’échafaut.


En perçant la foule avec vivacité pour s’approcher de la reine qui se promenoit dans ses jardins, elle laisse tomber un de ses pistolets ; les gardes accourent, la saisissent, & ne songent qu’à la traîner en prison ; mais Elisabeth voulant sur le champ l’interroger elle-même, lui demanda son nom, sa patrie, & sa qualité.


Mademoiselle Lambrun répondit d’un ton ferme : « Madame, je suis écossoise & femme, quoique je porte cet habit : je m’appelle Marguerite Lambrun. J’ai vécu plusieurs années auprès de la reine Marie, que vous avez injustement fait périr ; & par sa mort, vous avez été cause de celle de mon mari, qui n’a pu survivre au trépas d’une reine innocente, à laquelle il étoit dévoué. De mon côté, aimant l’un & l’autre avec passion, j’avois résolu au péril de ma vie, de venger leur mort par la vôtre. Tous les efforts que j’ai faits pour abandonner ce dessein, n’ont abouti qu’à m’apprendre qu’il n’y a rien qui soit capable d’empêcher une femme irritée de se venger, lorsqu’un double amour enflamme sa haine & son ressentiment ».


Quoique la reine Elisabeth eût grand sujet d’être émue d’un tel discours, elle ne laissa pas de l’écouter de sens froid, & de repartir tranquillement : « Vous avez donc cru faire votre devoir, & rendre à l’amour que vous avez pour votre maîtresse & pour votre mari, ce qu’il exigeoit : mais quel pensez-vous que doit être maintenant mon devoir à votre égard » ?


Cette femme répondit à la reine avec grandeur : « Je dirai franchement à votre majesté mon avis, pourvu qu’il lui plaise de me dire premierement, si elle me fait cette question en qualité de reine, ou en qualité de juge ». Elisabeth lui déclara que c’étoit en qualité de reine. « Votre majesté doit m’ac-​corder grace », repartit Marguerite Lambrun.


« Mais quelle assurance me donnerez-vous, répliqua la reine, que vous n’en abuserez pas, & que vous n’entreprendrez pas une seconde fois un attentat semblable ? » A quoi la Lambrun repartit encore : « Madame, la grace que l’on veut accorder avec tant de précaution, n’est plus, selon mon idée, une véritable grace : ainsi votre majesté peut agir contre moi comme juge ».


Alors la reine s’étant retournée vers quelques membres de son conseil qui étoient présens, leur dit : « Il y a trente ans que je regne ; mais je ne me souviens pas d’avoir trouvé personne qui m’ait jamais fait une pareille leçon. Allez (continua-telle, en s’adressant à mademoiselle Lambrun), je vous accorde la grace pure, entiere, & sans aucune condition ».


Marie Lambrun se prosterna aux genoux de la reine, en la priant d’avoir la générosité de la faire conduire sûrement hors des royaumes de la grande-Bretagne jusqu’aux côtes de France. Elisabeth le lui accorda volontiers ; & l’on regarda cette requête de Marie Lambrun, comme un trait singulier de prudence & de sagesse. (Le chevalier de Jaucourt.)​","[[""56 5' N 13 55' E""]]",,56 5' N 13 55' E,56 5' N 13 55' O
v15-186-0,SERIR-EL-LAN,"SERIR-EL-LAN, (Géog. mod.)​ ville de Perse. Long. 63. 15. lat. 45. 15.","[[""45 15' N 63 15' E""]]",,45 15' N 63 15' E,45 15' N 63 15' E
v15-190-0,SERMEGHON,"SERMEGHON, (Géog. mod.)​ ville de Perse. Les géographes du pays la mettent à 87. 37. de longitude,​ sous les 37. 32. de latitude. (D. J.)​","[[""37 32' N 87 37' E""]]",,37 32' N 87 37' E,37 32' N 87 37' E
v15-1911-0,STRENGNES,"STRENGNES, (Géog. mod.)​ petite ville de Suede, dans la Sudermanie, sur la rive méridionale du lac Maler, & à 15 lieues au sud-ouest d’Upsal. Le roi Charles IX. est inhumé dans la cathédrale. Long. 35. 14. lat. 59. 28.


Peringskiold (Jean), savant antiquaire suédois, naquit à Strengnes en 1618, & mourut en 1720, âgé de 102 ans ; c’étoit le patriarche des hommes de lettres. Il a mis au jour de beaux & grands ouvrages pendant le cours de cette longue vie. On lui doit entre autres celui qui est intitulé, Historia regum septentrionalium, & qui forme 14 vol. in-fol. Voyez le pere Nicéron, Mém. des hommes illustres, t. I. p. 66. & suiv. (D. J.)​","[[""59 28' N 35 14' E""]]",,59 28' N 35 14' E,59 28' N 35 14' E
v15-1956-0,"STUBN, ou Stuben, ou Stubn-bad","STUBN, ou Stuben, ou Stubn-bad, (Géog. mod.)​ petite ville de la haute Hongrie, aux confins du comté de Zoll, à trois milles de Neu-Zoll, & à deux de Cremnitz ; elle est remarquable par ses bains chauds, & par les mines d’argent & de cuivre qu’on trouve dans des montagnes de son voisinage, du côté de l’orient. Long. 27. 31. lat. 48. 37. (D. J.)​","[[""48 37' N 27 31' E""]]",,48 37' N 27 31' E,48 37' N 27 31' E
v15-2013-0,SUBBIACO ou SUBIACO,"SUBBIACO ou SUBIACO, (Géog. mod.)​ ville d’Italie, dans la campagne de Rome. Elle est bâtie sur une colline, près du Teverone, vers les frontieres du royaume de Naples, à 10 milles de Palestrine, à 18 de Segni & d’Anagni, & à 35 de Rome : c’est l’ancienne Sublaqueum, bâti peut-être des ruines de la maison de plaisance de Néron. Long. 30. 32. latit. 41. 35. (D. J.)​","[[""41 35' N 30 32' E""]]",,41 35' N 30 32' E,41 35' N 30 32' E
v15-2186-0,"SULLY, ou Sully sur Loire","SULLY, (Géog. mod.)​ ou Sully sur Loire, petite ville de France dans le Gatinois sur la Loire, à 8 lieues au-dessus d’Orleans, avec titre de duché-pairie érigé en 1606 en faveur de la maison de Béthune. Il y a une collégiale dédiée à St. Ythier, & le duc de Sully nomme aux bénéfices du chapitre. Long. 20. 4, latit. 47. 48.


Sully, (Maurice de) célébre évêque de Paris, nâquit à Sully dans le xij. siecle, & prit le nom du lieu de sa naissance. Sa famille étoit obscure, mais sa science & sa vertu lui procurerent l’évêché de Paris après la mort de Pierre Lombard. Il étoit magnifique, car non-seulement il jetta les fondemens de l’église de Nôtre Dame de Paris, mais il est encore le fondateur des abbayes de Herivaux & de Hermieres. Il mourut l’an 1196, & fut enterré dans l’abbaye de S. Victor, où l’on lit son épitaphe. (D. J.)​","[[""47 48' N 20 4' E""]]",,47 48' N 20 4' E,47 48' N 20 4' E
v15-2193-0,SULTANIE ou SULTANIA,"SULTANIE ou SULTANIA, (Géog. mod.)​ ville de Perse, dans l’Irac-Agémi, sur les frontieres de l’Azerbijane, dans une plaine terminée par une montagne. Sultan Mahomet Chodabande fit bâtir Sultanie des ruines de l’ancienne ville de Tigranocerta, & en fit le siege de son empire ; c’est de là qu’elle a pris le nom de Sultanie, qui veut dire ville royale. Elle devint très-considérable, & les prédécesseurs d’Ismaël sophi y firent souvent leur résidence ; mais cette ville ayant été saccagée par Tamerlan, & par d’autres princes turcs & tartares, n’a conservé de son ancien lustre qu’une belle mosquée dans laquelle est le tombeau de Chodabande. On en peut voir la description dans l’histoire de Timur-Bec, l. III. c. xxj. Long. de Sultanie, suivant Tavernier, 76. 15. latit. 39. 40. (D. J.)​","[[""39 40' N 76 15' E""]]",,39 40' N 76 15' E,39 40' N 76 15' E
v15-2411-0,SUSDAL,"SUSDAL, (Géog. mod.)​ province de l’empire russien, avec titre de duché. Elle est bornée au nord par le Volga, au midi par le duché de Moskou, au levant par celui de Wolodimer, & au couchant par ceux de Jéroslaw & de Rostow ; c’est un pays en friche, & tout couvert de forêts remplies de bêtes fauves. La capitale & la seule ville de cette province, en a pris le nom ; elle a titre d’archevêché, & est située dans la partie méridionale du pays, mais toutes​ses maisons sont en bois, & ceux qui les habitent dans la pauvreté ou la servitude, tant l’empire russe est encore barbare. Long. 59. 38. latit. 56. 14. (D. J.)​","[[""56 14' N 59 38' E""]]",,56 14' N 59 38' E,56 14' N 59 38' E
v15-243-0,SERRES ou CERES,"SERRES ou CERES, (Géogr. mod.)​ ville de la Turquie européenne, dans la Macédoine au territoire de Jamboli, dans les terres, près de Tricala, avec un archevêché. Quelques savans prennent cette ville pour l’Apollonie en Mygdonie de Pline & de Ptolomée, & cette conjecture paroît fort plausible. Long. 40, 18. Latit. 40, 45. (D. J.)​","[[""40 45' N 40 18' E""]]",,40 45' N 40 18' E,40 45' N 40 18' E
v15-2617-0,SZUCZA,"SZUCZA, (Géograp. mod.)​ les François disent Choueza, ville de la Prusse polonoise au palatinat de Culm, sur le bord de la Vistule, à trois lieues de Culm ; elle est bâtie en briques, & a été long-tems possédée par les chevaliers teutoniques. Long. 36. 44. lat. 53. 15. (D. J.)​","[[""53 15' N 36 44' E""]]",,53 15' N 36 44' E,53 15' N 36 44' E
v15-2727-1,Tafilet,"Tafilet, (Géog. mod.)​ ville d’Afrique, capitale du royaume, & sur une riviere de même nom. Elle est peuplée d’environ deux mille béréberes, & son terroir produit les meilleures dattes de Barbarie. Long. 16. 5. lat. 28. 30. (D. J.)​","[[""28 30' N 16 5' E""]]",,28 30' N 16 5' E,28 30' N 16 5' E
v15-2786-0,TAINE,"TAINE, (Géog. mod.)​ bourg à marché de l’Ecosse septentrionale, dans la presqu’île de Cromarty, proche le golfe de Dornock, à quarante-cinq lieues au nord-ouest d’Edimbourg. Long. 14. 5. latit. 57. 48. (D. J.)​","[[""57 48' N 14 5' E""]]",,57 48' N 14 5' E,57 48' N 14 5' E
v15-2805-0,TALAVERA,"TALAVERA, (Géog. mod.)​ ville d’Espagne, dans la nouvelle Castille, sur le bord septentrional du Tage, à 20 lieues au sud-ouest de Madrid. Cette ville fut prise sur les maures l’an 949 par Ramire II. Il s’y est tenu un synode l’an 1498 ; les archevêques de Tolede en jouissent, & y ont un vicaire général ; cependant cette ville est gouvernée par un juge de police, & douze recteurs perpétuels. Elle est grande, fortifiée, contient 7 paroisses & plusieurs couvens. Long. 13. 27. lat. 39. 45.


Mariana (Jean), célebre jésuite, & l’un des plus habiles hommes de son siecle. naquit à Talavera en 1537, & mourut à Tolede en 1624, à 87 ans. Son traité du changement des monnoies, lui fit des affaires à la cour d’Espagne, car il y découvrit si bien la déprédation des finances, en montrant les voleries qui se commettoient dans la fabrique des especes, que le duc de Lerne qui se reconnut là visiblement, ne put retenir sa colere. Il ne lui fut pas mal-aisé de chagriner l’auteur, parce que Philippe III. étoit censuré dans cet ouvrage comme un prince oisif qui se reposoit du soin de son royaume sur la conduite de ses ministres. Mariana sortit de prison au bout d’un an ; mais il ne s’étoit pas trompé en annonçant que les abus qu’il représentoit, plongeroient l’Espagne dans de grands desordres.


On auroit eu bien plus de raison de l’inquietter au​ sujet d’un autre livre, que l’Espagne & l’Italie laisserent passer sans blâme, & qui fut brûlé à Paris par arrêt du parlement, à cause de la pernicieuse doctrine qu’il contenoit. Ce livre a pour titre, de rege & regis institutione, & parut à Tolede l’an 1598 avec privilege du roi, & avec les approbations ordinaires. C’est un ouvrage capable d’exposer les trônes à de fréquentes révolutions, & la vie des princes au couteau des assassins, parce que l’auteur affecte de relever le courage intrépide de Jacques Clément, sans ajouter un mot qui tende à le rendre odieux au lecteur. Ce livre valut aux jésuites de France mille sanglans reproches, & des insultes très-mortifiantes.


Un autre traité de Mariana a fait bien du bruit, c’est celui où il remarque les défauts du gouvernement de sa compagnie ; mais ses confreres ne demeurent pas d’accord qu’il soit l’auteur de cet ouvrage, intitulé del governo de la compania di Jesus. Il se trouve tout entier en espagnol & en françois, dans le second tome du mercure jésuitique, imprimé à Genève en 1630. Il a aussi paru à Bordeaux en espagnol, en françois, en italien & en latin ; l’édition est de 1625, in-8°.


Les scholies du P. Mariana sur l’Ecriture, ont mérité l’approbation de M. Simon, & l’on ne peut disconvenir qu’il n’y regne beaucoup de jugement & de savoir. Il choisit d’ordinaire le meilleur sens, & il n’est point ennuyeux dans les différentes interprétations qu’il rapporte.


Son histoire d’Espagne en XXX livres, est son ouvrage le plus important, & le plus généralement estimé dans la république des lettres. Il nous seroit facile d’en indiquer les différentes éditions, les traductions, les continuations, les critiques & les apologies. Mais pour en abréger le détail nous nous contenterons de remarquer


1°. Que l’édition latine la plus ample, est celle de la Haye, en 1733, in-fol. 4. vol. cependant on auroit pu rendre cette édition encore plus belle & plus complette, en y ajoutant le summarium de Mariana, qui l’auroit conduite jusqu’en 1621. les tables chronologiques des souverains des divers états de l’Espagne, l’explication des mots difficiles qui se trouvoient dans les anciennes éditions, & sur-tout les additions & corrections de l’édition espagnole de 1608, soit dans le texte entre des crochets, soit à la marge par des renvois.


2°. Que les traductions espagnoles sont de l’auteur même, qui nous apprend qu’entre les raisons qui le déterminerent à ce nouveau travail, la principale fut l’ignorance où les Espagnols étoient alors de la langue latine. Mariana mit au jour son ouvrage dans cette langue, à Tolede, en 1601. in-fol. 2. vol. & l’enrichit de quantité de corrections & d’augmentations, qui rendent la traduction préférable à l’original latin. Cette traduction fut réimprimée à Madrid en 1608, 1617, 1623, 1635, 1650, 1670, 1678. Cette derniere est la meilleure de toutes, ou quelqu’autre postérieure, bien entendu qu’elle ait été faite exactement sur celle de 1608, à laquelle l’auteur donnoit la préférence, en quoi il a été suivi par les savans de son pays ; mais cette édition de 1608, ne va que jusqu’en 1516 ; au-lieu que celle de 1678, continuée par dom Felix de Luzio Espinoza, va jusqu’en 1678.


3°. Qu’il y en a deux traductions françoises, l’une par Jean Rou, non encore imprimée ; & l’autre par le pere Joseph-Nicolas Charenton, jésuite. Cette derniere, tout-à-fait semblable au manuscrit de la premiere, a été très-bien reçue du public, & a paru à Paris en 1725, in-4°. en cinq gros vol.


4°. Que la traduction angloise faite sur l’espagnole, par le capitaine Stevens, & publiée à Londres, en 1699, in-fol, 2 vol. est beaucoup plus complette​que la traduction françoise, parce qu’elle renferme les deux continuations de Ferdinand Camargo, & de F. Basil de Soto, jusqu’en 1669.


5°. Enfin, nous remarquerons que pour faire à l’avenir une bonne édition de l’histoire de Mariana, dans toutes les langues dont nous venons de parler, il conviendroit de suivre le plan de la traduction angloise, y joindre Miniana, & Luzio Espinoza, avec les critiques de Pedro Mantuano, & de Cohon-Truel, ou Ribeyro de Macedo, &c. suivie de l’apologie de Tamaio de Vargas ; & mettre à la tête du tout, la vie de Mariana, composée par ce dernier auteur. (Le chevalier de Jaucourt.)​","[[""39 45' N 13 27' E""]]",,39 45' N 13 27' E,39 45' N 13 27' E
v15-3011-0,TARAGALE,"TARAGALE, (Géog. mod.)​ ville d’Afrique au royaume de Tafilet, dans la province, sur la gauche de la riviere de même nom. Cette ville a pour défense un château fortifié, où on tient garnison. Son terroir est planté de palmiers, & fertile en pâturages. Long. 11. 48. lat. 27. (D. J.)​","[[""27 N 11 48' E""]]",,27 N 11 48' E,27 N 11 48' E
v15-3059-0,TARIFFE,"TARIFFE, (Géog. mod.)​ ville d’Espagne, dans l’Andalousie, sur le détroit de Gibraltar, à 5 lieues au sud-ouest de la ville de ce nom ; elle est pauvre & dépeuplée, quoique dans un climat doux, tempéré & fertile. Long. 12. 25. lat. 35. 50. (D. J.)​","[[""35 50' N 12 25' E""]]",,35 50' N 12 25' E,35 50' N 12 25' E
v15-31-0,SENLIS,"SENLIS, (Géog. mod.)​ par les Romains Augustomagus, Augustomagum, Atrebatum civitas ; ville de l’île de France, sur la petite riviere de Nonnette, à deux lieues de Chantilly, & à dix de Paris. Il y a dans cette ville six paroisses, bailliage, prevôté royale, présidial, élection, grenier à sel, maréchaussée​ & capitainerie de chasse. Cette ville est reglée en partie par la coutume de son nom, qui fut redigée en l’an 1530, & en partie par la coutume du Vexin françois. Le château où le présidial tient ses séances, a été bâti par S. Louis, & quelques enfans de France y ont été élevés.


L’évêché de Senlis est suffragant de Rheims, & a été établi, à ce qu’on dit, vers le milieu du iij. siecle. Le chapitre de la cathédrale est composé de trois dignités & de vingt-quatre canonicats ; ce chapitre a le privilege de committimus, par lettres patentes du mois de Janvier 1550, registrées au parlement le 20 Mai 1560.


Senlis est aujourd’hui un gouvernement particulier de l’île de France. Elle étoit autrefois de la seconde Belgique, & les Romains qui l’ont bâtie, lui attribuerent un territoire. Hugues Capet étoit déjà propriétaire de cette ville, lorsqu’il fut élu roi. Longit. suivant Cassini, 19. 36. 30. lat. 49. 12. 26.


Goulart (Simon), un des plus infatigables écrivains d’entre les Protestans, étoit natif de Senlis, & fut ministre à Genève. Peu de gens ont exercé cet emploi aussi long-tems que lui, car il succéda à Calvin l’an 1564, mourut l’an 1628, âgé de 86 ans, & il avoit prêché sept jours avant sa mort. Il étoit tellement au fait de tout ce qui se passoit en matiere de librairie, qu’Henri III. desirant connoître l’auteur qui se déguisa sous le nom de Stephanus Junius Brutus, pour débiter sa doctrine républicaine, envoya un homme exprès à Simon Goulart, afin de s’en informer ; mais Goulart qui savoit en effet tout le mystère, n’eut garde de le découvrir.


La Croix du Maine vous indiquera plusieurs traductions françoises composées par notre senlisien. Ajoutez-y la version de toutes les œuvres de Séneque, & les méditations historiques de Camérarius.


Scaliger estimoit beaucoup les ouvrages de M. Goulart. Son Cyprien est si bien & si joliment travaillé, dit-il, que je l’ai lu tout d’une haleine. Quand il ne mettoit pas son nom à un livre, il le désignoit par ces trois lettres initiales S. G. S. qui vouloient dire, Simon Goulart senlisien. C’est à cette marque que le P. Labbe croit, avec raison, l’avoir reconnu pour l’auteur des notes marginales, & des sommaires qui accompagnent les annales de Nicetas Choniates, dans l’édition de Genève 1593.


Pajot (François), plus connu sous le nom du poëte Liniere, étoit surnommé de son tems l’athée de Senlis. Il étoit bien fait de sa personne, & né avec d’agréables qualités. Il avoit de l’esprit, de la vivacité & du talent pour la poésie aisée ; mais satyrique, libertin, débauché. Il acheva de se gâter par sa crapule. Il ne réuississoit pas mal à des couplets satyriques, & sur-tout à des chansons impies, ce qui fit que Despréaux lui dit un jour, qu’il n’avoit de l’esprit que contre Dieu.


Madame Deshoulieres, qui prend quelquefois le parti des mauvais poëtes, s’est efforcée autant qu’elle l’a pu, de justifier Liniere du reproche d’irréligion & de libertinage, quoiqu’il eût entrepris une critique abominable du nouveau Testament. Voici les propres vers de cette dame.



On le croit indévot, mais, quoique l’on en die,
Je crois que dans le fond Tirsis n’est pas impie.
Quoiqu’il raille souvent des articles de foi,
Je crois qu’il est autant catholique que moi…


Ce dernier vers ne donneroit pas une haute idée de la catholicité de la belle muse françoise ; mais Liniere lui-même n’en avoue pas tant dans son propre portrait, où il s’explique ainsi sur les sentimens qu’il avoit de la religion.



La lecture a rendu mon esprit assez fort
Contre toutes les peurs que l’on a de la mort ;

​
Et ma religion n’a rien qui m’embarrasse ;
Je me ris du scrupule, & je hais la grimace, &c.


Il mourut en 1704, âgé de 76 ans. On voit de lui diverses pieces dans les volumes de poésies choisies, imprimées chez Serci. Il en court aussi beaucoup de manuscrites. (D. J.)​","[['49 12\' 26"" N 19 36\' 30"" E']]",,"49 12' 26"" N 19 36' 30"" E","49 12' 26"" N 19 36' 30"" E"
v15-3145-1,Tatah ou Tata,"Tatah ou Tata, (Géog. mod.)​ ville des Indes, dans les états du grand-mogol, dans la province de Tatah, ou de Sinde, dont elle est la capitale ; elle est située sur le bras occidental de l’Inde, & dans un terroir fertilisé par la riviere. Les Portugais y faisoient autrefois un grand commerce. Long. 86. 10. lat. 23. 15. (D. J.)​","[[""23 15' N 86 10' E""]]",,23 15' N 86 10' E,23 15' N 86 10' E
v15-3178-0,TAVIRA ou TAVILA,"TAVIRA ou TAVILA, (Géog. mod.)​ ville de Portugal, dans la province d’Algarve, dont elle est la capitale. Elle est située sur le bord de la mer, à l’embouchure du Gilaon, entre le cap de S. Vincent & le détroit de Gibraltar. Elle n’a que deux paroisses, un hôpital & quatre ou cinq couvens. Sa forteresse a été bâtie par le roi Sébastien. Son port est un des meilleurs du royaume, & la campagne des environs est également agréable & fertile. Long. 9. 55. latit. 37. 10. (D. J.)​","[[""37 10' N 9 55' E""]]",,37 10' N 9 55' E,37 10' N 9 55' O
v15-32-1,Sennar,"Sennar, (Géogr. mod.)​ ville d’Afrique, capitale du royaume de même nom, sur une hauteur, au couchant & près du Nil. Ses maisons n’ont qu’un étage & sont mal bâties ; celles des fauxbourgs ne sont que de méchantes cabanes faites de cannes : mais la situation de la ville est très-favorable, & tous les vivres y sont à grand marché. Long. 50. 24. latit. septentrionale, suivant les observations du P. Brevedent, 13. 4. (D. J.)​","[[""13 4' N 50 24' E""]]",,13 4' N 50 24' E,13 4' N 50 24' E
v15-3211-0,TAURIS ou TABRITZ,"TAURIS ou TABRITZ, (Géog. mod.)​ ville de Perse, capitale de la province d’Adherbigian qui fait partie de l’ancienne Médie. Elle est située au bout d’une plaine, & environnée de montagnes de trois côtés, de la même maniere qu’Erzeron, & elle jouit d’un air aussi inconstant qu’Erivan. Un ruisseau, ou plutôt un torrent, baigne une partie de cette ville.


Le circuit de Tauris est, dit-on, de 30 milles ; ce qu’il y a de sûr, c’est qu’elle est remplie de jardins & de grandes places publiques, qui sont de vrais champs. Les mosquées sont belles & nombreuses. Les vivres sont à grand marché dans cette ville. Ses habitans y font un commerce continuel avec les Turcs, les Arabes, les Géorgiens, les Mingréliens, les Indiens, les Moscovites & les Tartares. Ses Bazars sont couverts & garnis de riches marchandises, entr’autres d’étoffes de soie, & de belles peaux de chagrin. On compte dans Tauris plus de cent mille ames. On estime sa fondation à l’an de l’hégire 175. Tamerlan s’empara de Tauris l’an 795. de l’hégire. Soliman s’en rendit maître sur Schah Thamas, roi de Perse, l’an 955. de l’hégire. Amurat III. sultan des Turcs, reprit la même ville que Soliman avoit abandonnée, l’an 992 de l’hégire.


Tauris est la Gabris de Ptolomée, nom qui convient fort bien à la situation de Tauris, que les Arabes appellent Tabris.


Je sai que l’opinion commune est que Tauris répond à la ville d’Ecbatane ; Chardin, Oléarius, Herbert & autres, sont de cette opinion, qui a aussi été adoptée par de célébres géographes ; mais elles ne peut subsister, si l’on a égard à tout ce que les anciens nous ont dit de la Médie, & aux distances qu’ils nous ont données de cette capitale aux autres villes de ce pays. D’ailleurs, si Ecbatane avoit été à la partie septentrionale de la Médie, comme est la ville de Tauris, elle n’auroit pas été à portée d’envoyer du secours à Babylone, comme le dit Xénophon, & auroit aussi été trop éloignée vers le nord, pour avoir été sur la route d’Alexandre, qui alloit d’Opis aux portes Caspiennes, comme il paroît par les historiens qui ont décrit les expéditions de ce prince. Ces particularités reviennent parfaitement à la situation de la ville d’Amadan, qui est la seconde ville de Perse, pour la grandeur : ce qui est d’autant plus vraissemblable, que lorsque l’Ecriture-Sainte parle d’Ecbatane, la version syriaque rend le nom de cette ville par le nom d’Amathan, très-approchant du nom d’Amadan.


Les tables arabiques de Nassir-Eddin & d’Ulug-Beg, donnent à Tauris 82. degrés de longitude, & 38. degrés de latitude septentrionale. (D. J.)​",[['38 N 82 E']],,38 N 82 E,38 N 82 E
v15-348-0,SEVERINO san,"SEVERINO san, (Géog. mod.)​ il y a deux villes de ce nom en Italie, dans le royaume de Naples. La premiere est entre des collines, à six milles de Tolentin, à seize de Macerata, & à douze de Camerino. Elle a été bâtie en 1198, près des ruines de l’ancienne Septempeda, que les Goths avoient détruite en 543. Son évêché est suffragant de Fermo, & a été érigé par Sixte V. en 1586. Long. 30. 54. latit. 43. 10.


La seconde San-Severino est dans la principauté citérieure, au nord de la ville de Salerne, près de la riviere de Sarno. Elle appartient au prince d’Avellino de la maison Caraccioli. (D. J.)​","[[""43 10' N 30 54' E""]]",,43 10' N 30 54' E,43 10' N 30 54' E
v15-428-0,"SHREWSBURY, ou SALOP","SHREWSBURY (Géog. mod.)​ ou SALOP, en latin Salopia, ville d’Angleterre, capitale de la province du même nom, avec titre de duché. Elle s’appelle autrement Shrowsbury, du saxon Shrobbes-birig. Les Gallois la nomment Pengwern, à cause d’un bois d’aube qui étoit dans son voisinage.


Cette ville est l’une des plus belles, des plus peuplées, des plus riches & des plus marchandes du royaume. Elle est située sur une colline, dans une presqu’île que forme la Saverne, à 150 milles de Londres. Elle est ceinte de bonnes murailles, & partagée en belles & larges rues, qui composent cinq grandes paroisses. Deux ponts de pierre, l’un à l’orient, & l’autre à l’occident, servent à entrer dans la ville.


Le voisinage du pays de Galles contribue beaucoup à rendre cette ville florissante. Ses habitans sont en partie anglois, en partie gallois ; & comme ils entendent également les deux langues, leur ville devient le bureau du commerce de tout le pays de Galles. Les manufactures y regnent, & leurs frises se débitent dans les autres provinces du royaume. Le lord Charles Talbot, auparavant comte de Shrewsbury, reçut le titre de duc du roi Guillaume, avec la dignité de secrétaire d’état. Long. 14. 48. lat. 54. 44. (D. J.)​","[[""54 44' N 14 48' E""]]",,54 44' N 14 48' E,54 44' N 14 48' E
v15-580-0,SIKINO,"SIKINO, (Géog. mod.)​ Σίκινος, île de la mer Egée, entre celles de Milo & Amorgos, proche de Policandro, à huit milles de Nio. Elle a environ vingt milles de tour, & n’a point de port, ce n’est proprement qu’une montagne, mais qui ne laisse pas de produire le meilleur froment de l’Archipel.


Pline, Apollonius de Rhodes, ainsi qu’Etienne le géographe, assurent qu’elle se nommoit anciennement Œnoé, l’île au vin, à cause de la fertilité de ses vignobles ; sur quoi le scholiaste d’Apollonius remarque qu’elle prit le nom de Sikinus, d’un fils de Thoas, roi de Lemnos, seule personne de l’île qui se sauva par l’adresse de sa fille Hypsipyle, dans cette cruelle expédition où toutes les femmes égorgerent non-seulement leurs maris pendant la nuit, mais tous les garçons du pays, enragées de ce qu’ils leur préféroient les esclaves qu’ils venoient de faire en Thrace. Thoas donc aborda dans l’île dont nous parlons, & fut très-bien reçu d’une nymphe qui lui fit part de ses faveurs ; Sikinus en naquit, beau garçon, qui donna son nom au pays.


Sikino a été du domaine des ducs de Naxie ; il n’y a dans l’île qu’un bourg de même nom, & qui n’a guere plus de deux cens habitans qui sont presque tous grecs. Long. 43. 26. latit. 36. 35. (D. J.)​","[[""36 35' N 43 26' E""]]",,36 35' N 43 26' E,36 35' N 43 26' E
v15-640-0,SIMANCAS,"SIMANCAS, (Géog. mod.)​ en latin Septimanca, petite ville d’Espagne, au royaume de Léon, sur le Douëro, à trois lieues au midi de Valladolid, avec un château fortifié. Long. 13. 33. latit. 41. 45. (D. J.)​","[[""41 45' N 13 33' E""]]",,41 45' N 13 33' E,41 45' N 13 33' E
v15-749-0,SIOUTH ou SIUTH,"SIOUTH ou SIUTH, (Géogr. mod.)​ ville d’Afrique, dans la haute-Egypte, au pié d’une montagne, & à demi-lieue du Nil, qu’on passe dans cet endroit sur un pont de pierre, le seul qui soit sur ce fleuve. Cette ville est une des plus grandes & des plus peuplées de l’Egypte. Il y a plusieurs mosquées, & minarets. Le cascief y réside, & l’on y fabrique les toiles les mieux façonnées de toute l’Egypte. Long. 49. 28. latit. 26. 52. (D. J.)​","[[""26 52' N 49 28' E""]]",,26 52' N 49 28' E,26 52' N 49 28' E
v15-752-0,SIPHANTO,"SIPHANTO, (Géogr. mod.)​ île de l’Archipel connue des anciens sous le nom de Siphnus. Voyez Siphnus.


Elle est à 36 milles de Milo, & sous un très-beau ciel ; l’air, les eaux, les fruits, le gibier, la volaille, tout y est excellent ; les raisins y sont merveilleux, mais la terre qui les produit est trop forte, & les vins n’y sont pas délicats. On y compte environ cinq mille ames, cinq villages, & quelques couvens. Le principal port de l’île est Faro, qui sans doute a retenu son nom d’un ancien phare qui servoit à guider les vaisseaux. On voit dans Goltzius une médaille, où d’un côté est représentée une tour avec un homme placé au haut. De l’autre côté est la tête de quelque dieu, peut-être de Neptune.


Les mœurs des habitans de Siphanto, ne sont point décriées comme celles de leurs ancêtres, hommes & femmes. Les dames même de Siphanto quand elles sont à la campagne, couvrent pour n’être pas connues, leur visage avec des bandes de linge qu’elles roulent si adroitement, qu’on ne voit que leur bouche, leur nez, & le blanc de leurs yeux. Certainement elles n’ont pas l’air conquérantes avec ce masque, & ressemblent plutôt à des mumies ambulantes : aussi sont-elles plus soigneuses d’éviter les étrangers, que celles de Milo & de l’Argentiere n’ont d’empressement à les accueillir. Il y a un archevêque grec dans cette petite île. Long. 42. 48. latit. 38.","[[""38 N 42 48' E""]]",,38 N 42 48' E,38 N 42 48' E
v15-789-0,"SIRT, la","SIRT, la, (Géog. mod.)​ riviere de Turquestan. Elle a sa source dans les montagnes qui séparent les états de Contousch (Khan des Calmoucks) de la grande Boucharie, à 44. 40. de latitude & à 95. de longitude. Après un cours d’environ cent lieues d’Allemagne, elle se dégorge dans le lac d’Arall, qui est situé sur les frontieres du Turquestan, à trois journées de la mer Caspienne. (D. J.)​","[[""44 40' N 95 E""]]",,44 40' N 95 E,44 40' N 95 E
v15-881-0,SLUCZK,"SLUCZK, (Géog. mod.)​ ville de Pologne, dans le grand duché de Lithuanie, au palatinat de Novogrodeck, capitale du duché de même nom, sur la riviere de Sluczk. Elle est toute bâtie en bois, à l’exception de quelques édifices publics & du palais ducal. Long. 45. 58. latit. 57. 37. (D. J.)​","[[""57 37' N 45 58' E""]]",,57 37' N 45 58' E,57 37' N 45 58' E
v15-899-0,SMOLENSKO,"SMOLENSKO, (Géog. mod.)​ ville de l’empire russien, capitale du duché de même nom, sur la rive droite de Nieper, sur les confins de la Moscovie, à 78 lieues au sud-ouest de Moscou. Elle est grande & fortifiée d’un bon château, qu’on voit sur une montagne. Son évêché est suffragant de Gnesne. Cette ville a été souvent le théâtre de la guerre. Elle appartenoit d’abord aux grands ducs de Russie, fut ensuite conquise par le grand duc de Lithuanie, au commencement du xv. siecle, & reprise, cent ans après, par ses anciens maîtres. Sigismond III. roi de Pologne, s’en empara en 1611. Le czar Alexis, pere de Pierre le grand, la recouvra en 1654. Les Polonois lui céderent toutes leurs prétentions sur cette place, en 1687, & depuis lors, elle a toujours fait partie de l’empire de Russie. Long. 50. 38. latit. 54. 52. (D. J.)​","[[""54 52' N 50 38' E""]]",,54 52' N 50 38' E,54 52' N 50 38' E
v15-902-0,"SNEECK, SNEK, ou SNITZ","SNEECK, SNEK, ou SNITZ, (Géog. mod.)​ ancienne ville des Pays Bas, dans la Frise, au Westorgoo, à trois lieues de Zuyderzée, de Lewarde & de Trancker, dans un terrein marécageux. Elle est bien bâtie, défendue par de bons remparts, peuplée & marchande. Il y a des écoles latines pour l’instruction de la jeunesse. Long. 23. 10. latit. 53. 6.


Hopper (Joachim), savant jurisconsulte, connu par plusieurs ouvrages de droit, écrits en latins, naquit à Sneeck en 1523, & mourut à Madrid en 1573, auprès de Philippe II. roi d’Espagne, qui l’avoit nommé son conseiller d’état au conseil de Malines.


Baart (Pierre), illustre poëte flamand, & compatriote de Hopper, s’est extrèmement distingué par ses ouvrages en vers. On fait cas de son poëme héroïque, intitulé le Triton de Frise, dans lequel il décrit la prise d’Olinde, ville du Brésil, dans la capitainerie de Fernambouc ; mais les gens de goût estiment encore plus le poëme de cet auteur, intitulé les Géorgiques de Frise. On vante la douceur & l’harmonie des vers, la beauté & la variété des images. (D. J.)​","[[""53 6' N 23 10' E""]]",,53 6' N 23 10' E,53 6' N 23 10' E
v15-908-0,"SOANA, SUANA, SUANE. SOANE","SOANA, SUANA, SUANE. SOANE, (Géog. mod.)​ petite ville d’Italie, dans la Toscane au Siennois, sur une montagne, proche de la riviere de Fiore, à seize lieues au midi de Sienne, dont son évêché, érigé dès le septieme siecle, est suffragant ; mais le mauvais air qu’on respire dans cette ville l’a rendue presque deserte. Long. 29. 14. latit. 42. 44.


Grégoire VII. connu sous le nom d’Hildebrand, moine de Cluni, fils d’un charpentier, naquit à Soana ; il fut élevé à la tiare pontificale en 1073, & mourut en 1085 à Salerne, comme je l’ai dit dans l’article de cette ville.


Il eut la hardiesse d’excommunier, de déposer l’empereur Henri IV. & déclara ses sujets libres du serment de fidélité. Entreprenant, audacieux, mêlant souvent l’artifice à l’ardeur de son zele pour les prétentions de l’Eglise, successeur d’Alexandre II. dont il gouvernoit le pontificat, il laissa, après son décès, une mémoire chere au clergé romain, mais odieuse à tout bon citoyen qui considérera les effets​ de son ambition inflexible. L’Eglise, dont il fut le vengeur & la victime, l’a mis au nombre des saints, comme faisoient les peuples de l’antiquité en déifiant leurs héros.


Mais tous les portraits, ou flatteurs, ou odieux, que tant d’écrivains ont fait de lui, se retrouvent dans le tableau d’un peintre de Naples, qui peignit ce pontife tenant une houlette dans une main & un fouet dans l’autre, foulant des sceptres à ses piés, & ayant à côté de lui les filets & les poissons de saint Pierre.


Benoît XIII. ayant donné une bulle pour introduire dans le bréviaire romain (qu’on dit assez ordinairement en France) la fête & l’office de Grégoire VII. quelques évêques éclairés & le parlement s’y opposerent vigoureusement, & la nation leur en sut bon gré. Voltaire, essai sur l’histoire générale. (D. J.)​","[[""42 44' N 29 14' E""]]",,42 44' N 29 14' E,42 44' N 29 14' E
v16-1094-0,TITMONING,"TITMONING, (Géog. mod.)​ ville d’Allemagne dans l’archevêché de Saltzbourg, proche de la ri-​viere de Saltza, sur les confins de l’électorat de Baviere, & à six milles de la ville de Saltzbourg. La peste y fit de grands ravages en 1310, & elle fut incendiée en 1571. Long. 30. 25. lat. 47. 54. (D. J.)​","[[""47 54' N 30 25' E""]]",,47 54' N 30 25' E,47 54' N 30 25' E
v16-1141-0,"TOCAL, ou TOCCAL","TOCAL, ou TOCCAL, (Géog. mod.)​ ville de la Turquie asiatique, dans l’Amasie, au pié d’une haute montagne, proche la riviere de Tosanlu, à 15 lieues au sud-est d’Amasie. Elle est bâtie en forme d’amphithéatre ; ses maisons sont à deux étages ; les rues sont pavées, ce qui est rare dans le Levant. Chaque maison a sa fontaine : on compte dans Tocat vingt mille turcs, quatre mille arméniens, quatre cens grecs qui ont un archevêque, & trois cens juifs. C’est la résidence d’un vaivode, d’un cadi & d’un aga. Le commerce y consiste en soie, dont on fait beaucoup d’étoffes, en vaisselle de cuivre, en toiles peintes & en maroquins.


Il faut regarder Tocat comme le centre de l’Asie mineure. Les caravanes de Diarbequir y viennent en dix-huit jours ; celles de Tocat à Sinope y mettent six jours. De Tocat à Pruse les caravanes emploient vingt jours ; celles qui vont en droiture de Tocat à Smyrne, sans passer par Angora, ni par Pruse, sont vingt-sept jours en chemin avec des mulets, mais elles risquent d’être maltraitées par les voleurs.


Tocat dépend du gouvernement de Sivas, où il y a un bacha & un janissaire aga. Tous les grecs du pays prétendent que l’ancien nom de Tocat étoit Eudoxia, ou Eutochia. Ne seroit-ce point la ville d’Eudoxiane que Ptolomée marque dans la Galatie pontique ? Paul Jove appelle Tocat, Tabenda, apparemment qu’il a cru que c’étoit la ville que cet ancien géographe appelle Tebenda. On trouveroit peut-être le véritable nom de Tocat sur quelques-unes des inscriptions qui sont, à ce qu’on dit, dans le château ; mais les turcs n’en permettent pas aisément l’entrée.


Après la sanglante bataille d’Angora, où Bajazet fut fait prisonnier par Tamerlan, le sultan Mahomet I., qui étoit un des fils de Bajazet, passa à l’âge de 15 ans, le sabre à la main, avec le peu de troupes qu’il put ramasser, au travers des tartares qui occupoient tout le pays, & vint se retirer à Tocat, dont il jouissoit avant le malheur de son pere ; ainsi cette ville se trouva la capitale de l’empire des Turcs ; & Mahomet I. ayant défait son frere Musa, fit mettre dans la prison de Tocat Mahomet Bey & Jacob Bey, qui étoient engagés dans le parti de son frere. Il paroît par ce récit que cette ville ne tomba pas alors en la puissance de Tamerlan ; mais ce fut sous Mahomet II. que Jusuf-Zez-Beg, général des troupes d’Uzum-Cassan, roi des Parthes, ravagea cette grande ville, & vint fondre sur la Caramanie. Sultan Mustapha, fils de Mohomet, le défit en 1473, & l’envoya prisonnier à son pere qui étoit à Constantinople.


La campagne de Tocat produit de fort belles plantes, & sur-tout des végétations de pierres qui sont d’une beauté surprenante. On trouve des merveilles en cassant des cailloux & des morceaux de roches creuses revêtues de crystallisations tout-à-fait ravissantes : il y en a qui sont semblables à l’écorce de citron confite ; quelques-unes ressemblent si fort à la nacre de perle, qu’on les prendroit pour ces mêmes coquilles pétrifiées ; il y en a de couleur d’or qui ne différent que par leur dureté de la confiture que l’on fait avec de l’écorce d’orange coupée en filets.


M. de Tournefort remarque que la riviere qui passe à Tocat n’est pas l’Iris ou le Casalmac, comme les géographes, sans en excepter T. de Lisle, le supposent ; mais que c’est le Tosanlu qui passe aussi à Néocésarée ; & c’est sans doute le Loup, Lupus, dont Pline a fait mention, & qui va se jetter dans l’Iris. Cette riviere fait de grands ravages dans le tems des pluies, & lorsque les neiges fondent. On assure qu’il y a trois rivieres qui s’unissent vers Amasia ; le Couleisar-Son, ou la riviere de Chonac, le Tosanlu, ou​la riviere de Tocat, & le Casalmac qui retient son nom. Long. de Tocat, 53. 28. lat. 39. 32. (D. J.)​","[[""39 32' N 53 28' E""]]",,39 32' N 53 28' E,39 32' N 53 28' E
v16-1205-0,TOLOSA,"TOLOSA, (Géog. mod.)​ ville d’Espagne, capitale de Guipuscoa, dans une vallée agréable, sur les rivieres de l’Araxe & d’Oria, à 16 lieues au sud-ouest de Bayonne. Cette ville a été fondée par Alphonse le sage, roi de Castille. Son fils Sanche acheva de la peupler en 1290, & lui accorda de grands privileges. On y garde encore les archives de la province de​Guipuscoa ; cependant cette ville n’a guere prospéré ; car elle n’a qu’une seule paroisse. Long. 15. 30. latit. 43. 10. (D. J.)​","[[""43 10' N 15 30' E""]]",,43 10' N 15 30' E,43 10' N 15 30' E
v16-1239-0,TONDEREN ou TUNDERN,"TONDEREN ou TUNDERN, (Géog. mod.)​ ville de Danemarck, dans le duché de Sleswig, sur la rive méridionale du Widaw, à quatre milles de Ripen, d’Apenrade & de Fleusbourg, à cinq de Sleswig, & à sept d’Hadersleben. Abel, duc de Sleswig, & depuis roi de Danemarck, donna à Tonderen le titre de ville en 1243. Elle est aujourd’hui bien fortifiée & dans un terrein fertile. Longit. 26. 44. latit. 54. 52.","[[""54 52' N 26 44' E""]]",,54 52' N 26 44' E,54 52' N 26 44' E
v16-1250-0,TONGRES,"TONGRES, (Géog. mod.)​ Atuaticum Tongrorum, ensuite Tongri, en flamand Tongeren ; ville des Pays-bas, dans l’évêché & à trois lieues au nord-ouest de Liege, au pays nommé la Hasbaye, sur le Jecker. Elle a eu des les premiers siecles un évêché qui fut ensuite transféré à Mastricht, & de-là à Liege. Tongres avoit de la célébrité du tems de Jules-César, & étoit la capitale d’un grand pays. Guichardin la donne pour la premiere des villes de France & de l’Allemagne qui ait été convertie au christianisme ; mais Attila la ruina dans ses incursions ; elle n’a fait que languir depuis ; & pour comble de maux, les François la démantelerent en 1673. Long. 23. 4. latit. 50. 54. (D. J.)​","[[""50 54' N 23 4' E""]]",,50 54' N 23 4' E,50 54' N 23 4' E
v16-1321-0,TORDESILLAS,"TORDESILLAS, (Géog. mod.)​ en latin vulgaire, Turris-Sillana, ville d’Espagne au royaume de Léon, sur la droite du Duero, à huit lieues au sud-ouest de Valladolid. On y compte six paroisses dépeuplées & quatre couvens. Son territoire abonde néanmoins en blé & en vin. Long. 13. 12. lat. 41. 38. (D. J.)​","[[""41 38' N 13 12' E""]]",,41 38' N 13 12' E,41 38' N 13 12' E
v16-1329-0,TORGAU,"TORGAU, (Géog. mod.)​ ville d’Allemagne, dans le cercle de haute-Saxe, sur la gauche de l’Elbe, à 10 lieues au nord-est de Leipsick. Les Hussites la brûlerent par représailles en 1429, & elle ne s’est pas relevée de ce malheur. Long. 30. 48. latit. 51. 36.


Horstius (Jacques & Grégoire) oncle & neveu, tous deux natifs de Torgau, se sont distingués dans la Médecine, ainsi que tous ceux de leur famille.


Jacques, né en 1537, & mort en 1592, fut non seulement grand médecin, mais eut l’honneur d’être sept fois bourguemestre dans sa patrie. Il publia des lettres, epistolæ philosophicæ & medicinales, qui contiennent de très-bonnes choses ; mais il étoit trop crédule, & se laissa lourdement tromper à la prétendue dent d’or ; si vous voulez savoir comment on reconnut cette imposture, vous n’aurez qu’à lire M. Van-Dale au dernier chapitre du premier livre de oraculis, page 423, édit. 1700.


Grégoire Horstius se fit une telle réputation par la pratique de la Médecine, qu’on l’appelloit l’Esculape de l’Allemagne. On dit qu’il possédoit les trois qualités d’un bon médecin, la probité, la doctrine & le bonheur. Il publia beaucoup de livres, & eut deux fils qui marcherent sur ses traces. Il mourut de la goutte en 1636, âgé de 58 ans. (D. J.)​","[[""51 36' N 30 48' E""]]",,51 36' N 30 48' E,51 36' N 30 48' E
v16-1353-1,Torre de Moncorvo,"Torre de Moncorvo, (Géogr. mod.)​ petite ville de Portugal, dans la province de Tra-los-montes, dans une vallée, sur la pente d’une montagne, aux confins du royaume de Léon, à une lieue au levant de la riviere Sabor. Sa campagne est fertile en blé, en vin, & en fruits. Long. 10. 35. latit. 41. (D. J.)​","[[""41 N 10 35' E""]]",,41 N 10 35' E,41 N 10 35' O
v16-1421-0,TOULOUBAN,"TOULOUBAN, (Géog. mod.)​ ville des Indes dans la province de Multan, à trente milles de la ville de ce nom, & sur le bord de la riviere de Multan. Long. suivant le P. Gaubil, 116. 52. latit. 30. 50. (D. J.)​","[[""30 50' N 116 52' E""]]",,30 50' N 116 52' E,30 50' N 116 52' E
v16-1480-0,TOURNON,"TOURNON, (Géog. mod.)​ en latin Tauredunum, par Grégoire de Tours, petite ville de France, dans le haut Vivarais, au penchant d’une montagne, sur la rive droite du Rhône, vis-à-vis de Thain, à trois lieues de Valence, & à quatre d’Annonay ; les jésuites y avoient un college : la terre de Tournon est dans la maison de Rohan-Soubise. Long. 22. 24. lat. 45. 7.


Daviti (Pierre), né à Tournon en 1592, mort à Paris en 1655, est auteur d’une grande Description du monde, en 6 vol. in-fol. c’est un ouvrage où l’on trouve çà & là des choses amusantes. (D. J.)​","[[""45 7' N 22 24' E""]]",,45 7' N 22 24' E,45 7' N 22 24' E
v16-16-0,TECKLENBOURG,"TECKLENBOURG, (Géog. mod.)​ bourg d’Allemagne, dans la Westphalie, à quatre milles de Munster ; c’est le chef-lieu du petit comté de même nom, & il a un ancien château bâti sur une colline. Long. 25. 42. lat. 52. 21. (D. J.)​","[[""52 21' N 25 42' E""]]",,52 21' N 25 42' E,52 21' N 25 42' E
v16-1629-0,TRANCOSO,"TRANCOSO, (Géog. mod.)​ ville de Portugal, dans la province de Tra-los-Montes, à trois lieues de Pinhel. Elle a titre de duché, & est située dans une vaste & délicieuse campagne. Cette ville est entourée de murs, & a droit de suffrage dans les assemblées des états. Ferdinand I. roi de Castille, la prit sur les Maures l’an 1033. Long. 11. 3. latit. 40. 37. (D. J.)​","[[""40 37' N 11 3' E""]]",,40 37' N 11 3' E,40 37' N 11 3' O
v16-1633-0,TRANI,"TRANI, (Géog. mod.)​ ville d’Italie, au royaume de Naples, dans la terre de Bari, sur le golfe de Venise, entre Barlette & Biseglia. Il y a un château bâti par l’empereur Frédéric II. Son port a été bouché par les sables. Son évêché est du x. siecle. Long. 34. 50. latit. 41. 10. (D. J.)​","[[""41 10' N 34 50' E""]]",,41 10' N 34 50' E,41 10' N 34 50' E
v16-1715-0,TRAVEMUNDE,"TRAVEMUNDE, (Géog. mod.)​ ville d’Allemagne en basse-Saxe, dans le duché de Holstein, à l’embouchure de la Trave, qui lui donne son nom. Elle appartient aux habitans de Lubeck, qui y tiennent garnison. Il y a un fanal où on allume de la lumiere pour éclairer les vaisseaux qui sont en mer pendant la nuit. Long. 28. 42. latit. 54. 6. (D. J.)​","[[""54 6' N 28 42' E""]]",,54 6' N 28 42' E,54 6' N 28 42' E
v16-1768-0,TRÉGUIER,"TRÉGUIER, (Géogr. mod.)​ en latin du moyen âge, Trecorium ; ville de France, en Bretagne, dans une presqu’île, à 10 lieues au nord-ouest de Saint-Brieux, à 23 au nord-est de Brest, & à 100 au couchant de Paris. Il y a un petit port, & un évêché suffragant de Tours. On y commerce en chevaux, en blé, en lin & en papier. L’évêché de Tréguier paroît avoir été érigé dans le x. siecle. Il occupe toute l’étendue de la côte depuis la riviere de Morlaix, jusques au-près de la ville de Saint-Brieux. Son revenu est​ d’environ vingt-deux mille livres. Long. 14. 25. lat. 48. 47. (D. J.)​","[[""48 47' N 14 25' E""]]",,48 47' N 14 25' E,48 47' N 14 25' O
v16-1856-0,TREVES,"TREVES, (Géog. mod.)​ ville d’Allemagne en deçà du Rhin, capitale de l’archevêché & électorat du même nom, au bord de la Moselle, qu’on y passe sur un pont, à dix lieues d’Allemagne au nord-est de Luxembourg, à treize au nord-est de Metz, & à dix-sept au sud de Mayence.


Quoiqu’elle ne soit plus si fameuse que lorsque cinq des principales villes situées sur le Rhin lui étoient soumises, elle tient pourtant encore son rang parmi les villes peuplées, à quoi la fertilité de son terroir, son vignoble & la Meuse qui y passe, contribuent beaucoup. Sa situation est au bord de la Moselle entre deux montagnes, & la petite riviere Olebia, en allemand Weberbach, passe au milieu de la ville. On y compte un grand nombre d’églises & plusieurs maisons religieuses. Long. 24. 15. latit. 49. 47.


Treves fut connue anciennement sous le nom de Trevirorum civitas, ou Treviti, du nom des peuples qui l’habitent. Après qu’Auguste l’eut érigée en métropole de la seconde Belgique, elle prit en son honneur le nom d’Augusta Trevirorum. Tacite fait beaucoup mention de cette ville. Ammien Marcellin l’appelle une seconde Rome, à cause de son autorité, de son pouvoir, de la magnificence de ses bâtimens à la romaine, & pour avoir été la plus grande ville en-deçà des Alpes. Quelques empereurs romains & ensuite quelques rois de France, y ont fait plusieurs fois leur séjour. On y voit encore des restes d’antiquité, entr’autres des piliers & des colonnes de son pont sur la Moselle, des vestiges d’anciennes tours & d’un amphithéatre ; mais les Huns, les Francs & les Normands ont détruit par leurs ravages ses autres monumens antiques.


On prétend que Salvien, prêtre de Marseille au cinquieme siecle, étoit originaire de Treves ; ce qu’il y a de sûr, c’est qu’il mourut à Marseille dans un âge fort avancé. Il nous reste de lui deux traités qui sont écrits d’un style assez orné, l’un sur la providence de​ Dieu, & l’autre contre l’avarice. Les meilleures éditions des ouvrages de Salvien ont été données par M. Baluze à Paris, & par Conrad Ritterhusius à Nuremberg, en deux volumes in-8°.


Drusille (Julie), fille de Germanicus & d’Agrippine, naquit à Treves, & dégénera de l’exemple de ses pere & mere ; car sa vie fut très-scandaleuse. Elle épousa Lucius Cassius ; mais Caligula son frere l’enleva à ce mari, & vécut incestueusement avec elle comme avec sa femme légitime. Il l’aimoit déjà follement n’ayant pas encore la robe virile ; & quand elle fut morte l’an 791 de Rome, il fit des extravagances impies pour honorer sa mémoire. Il donna à ce sujet des decrets semblables à ceux que l’on avoit faits pour Livie femme d’Auguste, indépendamment de son decret public qui déclaroit Drusille au nombre des immortels.


On la mit en statue d’or dans le sénat : on lui éleva une autre statue dans le forum pareille à celle de Vénus, & sous les mêmes honneurs que l’on rendoit à cette déesse. On lui dédia un temple particulier : on ordonna que les hommes & les femmes lui consacreroient des images, que les femmes jureroient par son nom quand elles attesteroient quelque fait, & que son jour natal seroit destiné à des jeux tels que ceux de Cybele. Elle fut appellée la Panthéa, c’est à-dire, la toute-divine, & on lui rendit les honneurs divins dans tout l’empire. Caligula, dans les choses même de la derniere importance, ne juroit jamais ni au sénat ni à l’armée, que par la divinité de Drusille. Livius Geminus non content de déclarer qu’il l’avoit vu monter au ciel & converser avec les dieux, fit des imprécations contre lui-même & contre ses propres enfans, si ce qu’il disoit n’étoit pas véritable. Cette basse flatterie lui valut une grosse fortune ; les Romains se trouverent alors fort embarrassés ; car s’ils paroissoient tristes, on les accusoit de méconnoitre la divinité de Drusille ; s’ils paroissoient gais, on les accusoit de ne pas regretter sa mort. Enfin c’étoit un crime de pleurer Drusille, parce qu’elle étoit déesse, & de ne la pas pleurer, parce qu’elle étoit la sœur de Caligula. Voyez à ce sujet Dion, Suétone & Séneque. (D. J.)​","[[""49 47' N 24 15' E""]]",,49 47' N 24 15' E,49 47' N 24 15' E
v16-1920-0,TRICHIRAPALI,"TRICHIRAPALI, (Géogr. anc.)​ ville des Indes, sur la rive droite du Caveri, entre Tanjaour au levant, & Mayssour au couchant. Elle est devenue capitale du royaume de Maduré, depuis que les rois des Mayssouriens y ont transporté leur cour. Elle contient plus de cent mille ames, & doit être regardée pour la plus grande forteresse qu’il y ait depuis le cap de Comorin jusqu’à Golconde. Ses murailles forment une double enceinte fortifiée chacune de tours quarrées, éloignées les unes des autres d’environ cent pas.


La garnison de cette forteresse est d’environ six mille hommes, & l’on fait toutes les nuits trois rondes dans la place. Longitude 94. 52. latitude. 12. 16. (D. J.)​","[[""12 16' N 94 52' E""]]",,12 16' N 94 52' E,12 16' N 94 52' E
v16-2127-0,TROJA,"TROJA, (Géog. mod.)​ ville d’Italie, au royaume de Naples, dans la Capitanate, au pié de l’Apennin, sur le Chilaro, à 10 milles de Bovino, & à 30 au sud-ouest de Manfredonia, avec un évêché suffragant de Bénévent. Long. 32. 56. latit. 41. 20. (D. J.)​","[[""41 20' N 32 56' E""]]",,41 20' N 32 56' E,41 20' N 32 56' E
v16-2176-0,TROPPAU,"TROPPAU, (Géog. mod.)​ en latin moderne, Oppavia, ville d’Allemagne, dans la Silésie, capitale du duché de même nom, sur la riviere d’Oppa, & sur celle de Mohr, dans une agréable plaine, à 30 lieues au sud-est de Breslau. Les Danois prirent cette ville en 1626 ; les Impériaux, en 1627 ; les Suédois, en 1642. Long. 35. 44. lat. 50. 6. (D. J.)​","[[""50 6' N 35 44' E""]]",,50 6' N 35 44' E,50 6' N 35 44' E
v16-2297-1,Tuere,"Tuere, (Géog mod.)​ ville de l’empire russien, capitale du duché de même nom, au confluent du Wolga & de la Tuertza. Long. 53. 50. lat. 56. 15.","[[""56 15' N 53 50' E""]]",,56 15' N 53 50' E,56 15' N 53 50' E
v16-2382-0,TURENNE,"TURENNE, (Géog. mod.)​ petite ville de France dans le Bas-Limousin, à deux lieues de Brive, & à quatre de Tulle, avec titre de vicomté & un château.​Cette vicomté, qui a huit lieues de long sur sept de large, a long-tems appartenu en toute souveraineté à la maison de Bouillon, & finalement a été vendue en 1738 au roi, qui l’a réunie à la couronne. Long. 19. 17. latit. 45. 10. (D. J.)​","[[""45 10' N 19 17' E""]]",,45 10' N 19 17' E,45 10' N 19 17' E
v16-2396-1,Turquestan ou Turkestan,"Turquestan ou Turkestan, (Géog. mod.)​ ville d’Asie, capitale du pays de même nom, sur le fleuve Sirr. Elle a la résidence d’un chan des Tartares pendant l’hiver, quoique ce ne soit qu’un méchant trou. Long. 74. 25. latit. 45. 30. (D. J.)​","[[""45 30' N 74 25' E""]]",,45 30' N 74 25' E,45 30' N 74 25' E
v16-2436-0,TUY,"TUY, (Géog. mod.)​ ville d’Espagne dans la Galice, sur une montagne, au pié de laquelle coule le Minho, vis-à-vis & tout proche de Valence, à 24 lieues au midi de Compostel, & à 100 au nord-ouest de Madrid. Elle a titre de cité, avec un évêché suffragant de Compostelle, & son évêque jouit de quatre milles ducats de revenu. Comme c’est une place frontiere, on y tient toujours bonne garnison. Son territoire est très agréable & très-fertile, outre que l’air y est tempéré. Long. 8. 55. latit. 41. 54. (D. J.)​","[[""41 54' N 8 55' E""]]",,41 54' N 8 55' E,41 54' N 8 55' E
v16-258-0,TERASSON,"TERASSON, (Géog. mod.)​ bourg que nos géographes nomment ville de France, dans le haut Périgord, à quatre lieues de Sarlat, sur la riviere de Vezère. Il y a une abbaye de l’ordre de S. Benoît. Long. 18. 56. latit. 45. 9. (D. J.)​","[[""45 9' N 18 56' E""]]",,45 9' N 18 56' E,45 9' N 18 56' E
v16-2604-2,Valence,"Valence, (Géog. mod.)​ ville de France dans le Dauphiné, capitale du Valentinois, sur la rive gauche du Rhône, à 7 lieues au nord-ouest de Die, à 9 lieues de Viviers, à 12 au midi de Vienne, & à 120 de Paris.


Les maisons de Valence sont fort vilaines ; mais le palais épiscopal est bien bâti. L’évêché établi dès le iij. siecle est suffragant de Vienne. Cet évêché vaut environ 16000 liv. de revenu, & a dans son diocese une centaine de paroisses, deux abbayes d’hommes, & deux de filles.


L’université avoit d’abord été fondée à Grenoble par le Dauphin Humbert II. & fut transférée à Valence par Louis XI. l’an 1454. Elle est composée de trois facultés, & n’a pas soutenu sa premiere réputation. Long. 22. 28. latit. 44. 55.


Valence est une des plus anciennes villes des Gaules ; car elle étoit déjà colonie romaine du tems de Pline le naturaliste. Après l’institution des nouvelles provinces, elle demeura sous la premiere viennoise ; & après la ruine de l’empire romain, elle fut soumise aux Bourguignons, & ensuite aux François Mérovingiens ; sous les Carlovingiens elle fut du royaume de Bourgogne & d’Arles, & reconnut ceux qui n’étant pas de la race de Charlemagne, jouirent de ce royaume.


Baro (Balthazar) né à Valence en 1600, & reçu à l’académie françoise en 1633, fut gentilhomme de mademoiselle Anne-Marie-Louise d’Orléans,​ fille de Gaston. Il mourut en 1650. L’ouvrage qui lui a fait le plus d’honneur, est le cinquieme tome d’Astrée, qui en formoit la conclusion, & qui ne fut guere moins bien reçu que les quatre autres volumes donnés par M. d’Urfé, dont Baro avoit été secrétaire. Le grand succès de ce roman produisit ceux de Gomberville, de la Calprenede, de des-Marais, & de Scudery. Que de différence entre les romans de ce tems-là, & ceux de Richardson ! Baro fit aussi neuf pieces de théatre imprimées ; dont la moins mauvaise est Parthénie tragédie.


Joubert (Laurent), médecin ordinaire du roi, naquit à Valence en 1530, & se rendit célebre par ses leçons. On étoit si prévenu de ses lumieres, qu’Henri III. souhaitant avec passion d’avoir des enfans, le fit venir à Paris, dans l’espérance que l’habileté de ce médecin leveroit tous les obstacles qui rendoient son mariage stérile ; mais son espérance fut trompée. Joubert avoit cependant traité cette matiere dans ses erreurs populaires, & même il l’avoit fait avec une indécence inexcusable ; cet ouvrage devoit contenir six parties, divisées chacune en cinq livres ; mais le public n’en a vu que la premiere, & quelque chose de la seconde ; les ouvrages latins forment deux volumes in-fol. dans les éditions de Francfort, 1582, 1599, & 1645. Il mourut à Lombez en 1582, à 52 ans.


Sautel (Pierre-Juste), jésuite, né en 1613, à Valence, s’est distingué par ses petites pieces en vers latins, lesquelles sont délicates & ingénieuses. On estime son élégie sur une mouche tombée dans une terrine de lait ; son essain d’abeilles distillant du miel dans le carquois de l’Amour ; sa querelle des mouches ; son oiseau mis en cage ; son perroquet qui parle, &c. Il mourut à Tournon, en 1662, âgé de 50 ans. (D. J.)​","[[""44 55' N 22 28' E""]]",,44 55' N 22 28' E,44 55' N 22 28' E
v16-2605-0,VALENCÉ ou VALENCEY,"VALENCE ou VALENCEY, (Géog. mod.)​ petite ville de France, dans le Berry, sur la rive gauche du Nahon, au midi de Selles, avec un château​qui n’est point achevé, & qui cependant a autrefois mérité d’être regardé comme une des belles maisons de France. Long. 19. 16. latit. 47. 7. (D. J.)​","[[""47 7' N 19 16' E""]]",,47 7' N 19 16' E,47 7' N 19 16' E
v16-2621-1,"Valette, la","Valette, la, (Géog. mod.)​ anciennement Villebois ; petite ville de France dans l’Angoumois, à quatre lieues au midi d’Angouleme, érigée en duché-pairie en 1622. Long. 17. 46. lat. 45. 41. (D. J.)​","[[""45 41' N 17 46' E""]]",,45 41' N 17 46' E,45 41' N 17 46' E
v16-2631-1,Valladolid,"Valladolid, (Géog. mod.)​ ville de l’Amérique méridionale, au Pérou, dans l’audience de Quito, entre Loxa au nord, & Loyola au midi, sur la riviere de Chinchipé. Cette ville autrefois opulente, n’est plus qu’un petit hameau habité par quelques indiens ou métifs. Long. 301. 40. lat. mérid. 4. 31. (D. J.)​","[[""4 31' S 301 40' E""]]",,4 31' S 301 40' E,4 31' S 301 40' O
v16-2678-0,VANNES,"VANNES, (Géog. mod.)​ ville de France dans la Bretagne, à deux lieues de la mer, avec laquelle elle communique par le canal de Morbihan, à 20 lieues de Nantes, à 22 de Quimper, à 23 de Rennes, & à une centaine de Paris.


Cette ville est arrosée par deux petites rivieres qui rendent son port capable de contenir plusieurs vaisseaux. Le faubourg de Vannes surpasse la ville en étendue ; il en est séparé par des murailles & par un large fossé ; il a ses paroisses, ses couvens, ses places, & un hôpital.


Saint Paterne est le premier évêque de Vannes qui nous soit connu ; cet évêché vaut environ 25000 livres de revenu, & l’évêque est en partie seigneur de Vannes. On ne compte dans son diocese que 168 paroisses.


Le principal commerce de Vannes est en blé & en seigle pour l’Espagne. On y trafique aussi en sardines & en congres. Les marchands achetent les sardines au bord de la mer, les salent & les arrangent dans des barriques, où on les presse pour en tirer l’huile, qui sans cela les feroit corrompre. Long. suivant Cassini, 14. 35. lat. 47. 40.


Vannes, aujourd’hui le chef-lieu d’une recette, d’un présidial, & d’une jurisdiction de juges-consuls, tire son nom des anciens peuples Veneti, qui étoient des plus célebres des Gaules du tems de Jules César. Ptolomée la nomma civitas Dariorigum.


Lorsque les Bretons s’établirent dans l’Armorique, ils n’occuperent pas cette ville qui demeura à ses anciens habitans romains ou gaulois. Elle vint ensuite au pouvoir des Francs, lorsqu’ils se rendirent les maitres de cette partie des Gaules. L’an 577 Varor, prince des Bretons, s’en empara sur Gontran, l’un des rois françois. Pepin s’en rendit maître l’an 553 ; mais Numénoïus, prince des Bretons, la reprit ensuite ; enfin elle a passé à la couronne avec le reste de la Bretagne. Cette ville avoit été érigée en comté par ses anciens souverains, & réunie à leur domaine par Alain surnommé le Grand. (D. J.)​","[[""47 40' N 14 35' E""]]",,47 40' N 14 35' E,47 40' N 14 35' E
v16-2768-0,VASSETH ou VASSITH,"VASSETH ou VASSITH, (Géog. mod.)​ ville d’Asie, dans l’Iraque babylonienne, sur le Tigre, entre Confah & Bassorah. C’est une ville moderne, bâtie l’an 83 de l’hégire par Hégiah, gouverneur de l’Irac, sous le regne de Abdal-Maleck, cinquieme calife de la race des Omniades. Long. 81. 30. latit. septentrionale 32. 20. (D. J.)​","[[""32 20' N 81 30' E""]]",,32 20' N 81 30' E,32 20' N 81 30' E
v16-28-0,TECULET,"TECULET, (Géog. mod.)​ ville d’Afrique, dans la province de Héa, au royaume de Maroc, proche de l’embouchure de la Diure, où elle a un petit port. Les maisons n’y sont que de terre. Long. 8. 32. latit. 30. 43. (D. J.)​","[[""30 43' N 8 32' E""]]",,30 43' N 8 32' E,30 43' N 8 32' O
v16-2865-1,"Veit, Saint","Veit, Saint, (Géog. mod.)​ ville d’Allemagne, dans la basse Carinthie, au confluent des rivieres de Glan & de Wunich, au nord-ouest & à 4 lieues de Clagenfurt. Elle est entre quatre montagnes. Long. 31. 47. latit. 46. 51.","[[""46 51' N 31 47' E""]]",,46 51' N 31 47' E,46 51' N 31 47' E
v16-2912-0,VELSBILLICH,"VELSBILLICH, (Géog. anc.)​ petite ville d’Allemagne, dans l’électorat de Trèves, à deux lieues au nord de Trèves, sur une petite riviere. Longit. 24. 12. lat. 49. 50. (D. J.)​","[[""49 50' N 24 12' E""]]",,49 50' N 24 12' E,49 50' N 24 12' E
v16-449-0,TÉTUAN,"TÉTUAN, (Géog. mod.)​ ville d’Afrique au royaume de Fez, sur la riviere de Cus, à une lieue de la côte de la mer. Elle est ancienne & commandée par un château ; c’est une des plus agréables villes de la Barbarie. Les Juifs y sont en assez grand nombre, & y font un bon commerce. Long. 12. 20. lat. 35. (D. J.)​","[[""35 N 12 20' E""]]",,35 N 12 20' E,35 N 12 20' E
v16-471-0,TEWKSBURY,"TEWKSBURY, (Géog. mod.)​ petite ville d’Angleterre, en Glocester-Shire, au confluent de l’Avon & de la Saverne, à neuf milles au nord de Glocester. Elle fait un commerce considérable en manufactures de draps. Elle députe au parlement, & a droit de marché public. On croit que c’est la Theocicuria des anciens. Long. 15. 30. latit. 51. 48. (D. J.)​","[[""51 48' N 15 30' E""]]",,51 48' N 15 30' E,51 48' N 15 30' E
v16-682-0,THIERS,"THIERS, (Géog. mod.)​ ville de France, dans l’Auvergne, au diocese de Clermont, frontiere du Forez, sur la Durole, à 10 lieues au couchant de Clermont, avec titre de vicomté. Il y a un séminaire, une collégiale, justice royale ; enfin une abbaye​ d’hommes de l’ordre S. Benoît. Il s’y faisoit autrefois beaucoup de commerce en quinquaillerie, papier, cartes & cartons. Long. 21. 12. latit. 45. 50.


Guillet (George), écrivain spirituel, naquit dans cette ville vers l’an 1625, & mourut à Paris en 1705. Son livre intitulé les arts de l’homme d’épée, ou le dictionnaire du gentilhomme, a été imprimé partout ; mais on fait encore plus de cas de son Athenes & de sa Lacédémone ancienne & nouvelle. Ce sont deux livres charmans, & qui deviennent rares. (D. J.)​","[[""45 50' N 21 12' E""]]",,45 50' N 21 12' E,45 50' N 21 12' E
v16-738-0,THOUARS,"THOUARS, (Géog. mod.)​ en latin du moyen âge Toarcis castrum, Toarcium, Toarcius, ville de France, dans le Poitou, sur la riviere de Thoué, entre Argenton-le-Château au couchant, & Loudun au levant, au midi de Saumur, à 12 lieues au sud est d’Angers. Il y a une élection, une maréchaussée, trois paroisses & plusieurs couvens des deux sexes. Thouars a été anciennement pendant plus de 400 ans dans la maison de ce nom. Louis, seigneur de la Trimouille, traita de ses droits sur ce vicomté avec Louis XI. qui le réunit à la couronne. Charles IX. éleva Thouars en duché en 1563, & Henri IV. l’érigea en duché-pairie en 1595, en faveur de la maison de la Trimouille. Les lettres de pairie furent vérifiées au parlement en 1599. Long. 17. 20. latit. 46. 57.


Bertram (Corneille Bonaventure) né dans cette ville en 1531, se rendit recommandable par ses connoissances des langues orientales. Il mourut à Lausanne l’an 1594, âgé de 63 ans. On a de lui 1°. une république des Hébreux qui est courte & méthodique, 2°. un parallele de la langue hébraïque avec la syriaque, 3°. une révision de la bible françoise de Genève faite sur le texte hébreu, 4°. une nouvelle édition du trésor de Pagninus, 5°. un traité latin de la police des Juits, &c. (D. J.)​","[[""46 57' N 17 20' E""]]",,46 57' N 17 20' E,46 57' N 17 20' E
v16-839-0,TIANO,"TIANO, (Géog. mod.)​ en latin Teanum, ancienne petite ville d’Italie, au royaume de Naples, dans la terre de Labour, à quatre lieues au couchant de Capoue. Elle a des eaux minérales dans son voisinage. Long. 31. 45. latit. 41. 36. (D. J.)​","[[""41 36' N 31 45' E""]]",,41 36' N 31 45' E,41 36' N 31 45' E
v16-870-0,"TIDOR, TIDORE, TYDOR","TIDOR, TIDORE, TYDOR, (Géog. mod.) en arabe Tubara, île de la mer des Indes, dans l'Archipel des Moluques, à l'orient de celle de Gibolo, au midi oriental de Ternate, & au nord de l'île Motir. Elle produit, comme l'île de Ternate, le clou de girofle & la noix muscade : son circuit est d'environ sept lieues. Il y a un volcan du côté du sud. Les Hollandois ont chassé les Portugais de cette île, & en sont depuis long-tems les maîtres au moyen des forts qu'ils y ont élevés, quoiqu'il y ait un roi qui fait sa résidence à Tidor, capitale de l'île, & qui est sur sa côte orientale. Long. suivant Harris, 116d. 46'. 15"". lat. 0. 36'. (D. J.)","[['0 36\' N 116 46\' 15"" E']]",,"0 36' N 116 46' 15"" E","0 36' N 116 46' 15"" E"
v16-964-0,TINIAN,"TINIAN, (Géog. mod.)​ île de l’Océan oriental, au sud-est de Saipan, & à l’ouest d’Acapulco. C’est une des principales îles Marianes ; elle s’étend du sud sud-ouest, au nord nord-est ; sa longueur est d’environ 12 milles, & sa largeur va à-peu-près à la moitié. Elle est sans habitans ; les Espagnols l’appellent Buona Vista, à cause de la beauté de sa vûe. En effet, cette île offre de tous côtés, en bois, en eau pure, en animaux domestiques, bœufs, cochons sauvages, & en légumes, tout ce qui peut servir à la nourriture, aux commodités de la vie, & au radoub des vaisseaux. L’amiral Anson y trouva même en 1742. une espece d’arbre, dont le fruit ressemble pour le goût au meilleur pain ; trésor réel, dit M. de Voltaire, qui transplanté, s’il se pouvoit, dans nos climats, seroit bien préférable a ces richesses qu’on va ravir parmi tant de périls au bout de la terre. L’île de Tinian gît à 15 deg. 8 min. de lat. septent. & à la longit. de 114 deg. 50. min. (D. J.)​","[[""15 8' N 114 50' E""]]",,15 8' N 114 50' E,15 8' N 114 50' E
v16-974-0,TINZEDA,"TINZEDA, (Géog. mod.)​ ville de l’Afrique, dans la province de Darha, sur la riviere de même nom ; son territoire abonde en indigo, en orge & en dattes. Long. 11. 38. lat. 26. 52.","[[""26 52' N 11 38' E""]]",,26 52' N 11 38' E,26 52' N 11 38' E
v17-1073-0,UTRECHT,"UTRECHT, (Géog. mod.)​ ville des Pays-bas, capitale de la province de même nom, sur l’ancien canal du Rhin, au centre, entre Nimegue, Arnheim, Leyde, & Amsterdam. Elle est à environ huit lieues de distance de chacune de ces villes, & à douze lieues nord-ouest de Bois-le-duc.


On croit qu’elle a été bâtie par les Romains, qui la nommerent Trajectum, parce qu’on y passoit le Rhin. De l’ancien nom Trajectum, on a fait Trecht, & on la nommoit encore ainsi sur la fin du treizieme siecle, comme on le voit par l’historien Froissart. Pour distinguer néanmoins cette ville de celle de Maestricht, nommée Trajectum superius, on appella l’autre Trajectum Rheni, Trajectum inferius, & ulterius Trajectum ; comme on le voit par la chronique de Saint-Tron. Enfin de ulterius Trajectum, on a fait Ultrajectum, d’où est venu le mot Utrecht. Longitude, suivant Harris, 22. 26. 15. latit. 52. 50.


Après la ruine de l’empire romain, cette place qui n’étoit alors qu’un château (castellum), fut tantôt occupée par les Francs, & tantôt par les Frisons. Sur la fin du septieme siecle, Pepin, maire du palais, s’empara d’Utrecht, & y établit pour évêque S. Willibrod. Au commencement du neuvieme siecle, cet évêché fut mis sous la métropole de Cologne, & a subsisté de cette maniere jusqu’au seizieme siecle.


La ville d’Utrecht avoit d’abord été bâtie sur le bord septentrional du Rhin, du côté de la Frise ; mais le nombre des habitans s’étant augmenté, on bâtit la nouvelle ville sur le bord meridional du Rhin, dans l’ile & le territoire des Bataves. La puissance de ses évêques s’accrut aussi par la libéralité des empereurs. En 1559, le pape Paul IV. érigea cet évêché en métropole, & lui donna pour suffragant les nouveaux évêchés de Harlem en Hollande, de Middelbourg en Zélande, de Leuwarde en Frise, de Déventer dans l’Over-Issel, & de Groningue dans la province de même nom. Le premier archevêque fut Frédéric Skenk de Tautenberg, président de la chambre impériale de Spire en 1561. Après sa mort, arrivée en 1580, les états généraux appliquerent à divers usages les revenu, de cet archevêché qui se trouvoient dans l’étendue de la généralité.


La ville d’Utrecht s’est extrémement agrandie, embellie, & peuplée, depuis la réformation, ensorte qu’on peut la mettre actuellement au rang des belles villes de l’Europe ; elle est de figure ovale, & peut avoir cinq milles de circuit ; elle a quatre gros faux-bourgs, & quatre paroisses ; mais elle n’est pas forte, quoique munie de quelques bastions & demi-lunes pour sa défense ; ses environs sont charmans, & le long du canal qui mene de cette ville à Amsterdam, on ne voit qu’une suite de belles maisons de plaisance, & de jardins admirablement entretenus.


La magistrature de cette ville est composée d’un grand bailli, de deux bourgmestres, de douze échevins, d’un trésorier, d’un intendant des édifices, d’un président, de trois commissaires des finances, & d’un sénateur ; cette magistrature est renouvellée tous les ans le 12 d’Octobre, & tient ses assemblées à la maison de ville, qui est un bel hôtel.


Utrecht est remarquable par le traité d’union des Provinces Unies, qui s’y fit en 1579 ; par le congrès qui s’y tint en 1712, & dans lequel la paix de l’Europe fut conclue, le 11 d’Avril 1713, le 13 de Juillet suivant, & le 16 de Juin 1714 ; enfin par son université, l’une des plus célebres de l’Europe. Les états de la province l’érigerent le 16 de Mars 1636 ; & elle a produit un grand nombre d’hommes illustres dans les sciences.


Hadrien VI. nommé auparavant Hadrien Florent, naquit à Utrecht l’an 1459, ou d’un tisserand, ou d’un​ brasseur de biere, ou d’un faiseur de barques, qui s’appelloit Florent Boyens. Ce pere destina son fils aux études, quoiqu’il n’eût pas le moyen de l’entretenir dans les écoles ; mais l’université de Louvain suppléa à cette indigence domestique ; elle donna gratis à Florent le bonnet de docteur en théologie, l’an 1491, & dans la suite il devint vice-chancelier de l’université.


En 1507, on le tira de cette vie collégiale pour le faire précepteur de l’archiduc Charles, alors âgé de sept ans ; cette place lui valut des recompenses magnifiques, car il fut envoyé ambassadeur en Espagne auprès du roi Ferdinand ; & selon quelques historiens, il ménagea les choses avec plus d’adresse que l’on n’en devoit attendre d’un homme qui avoit humé si long-tems l’air de l’université. Après la mort de Ferdinand il eut une petite part à la régence avec le cardinal Ximenes ; & dans la suite son autorité devint plus grande que celle de ce fameux ministre. L’archiduc Charles partant pour l’Allemagne, lui donna le gouvernement de ses royaumes d’Espagne, en lui associant pour collegues le connétable & l’amirante d’Espagne. Léon X. le nomma cardinal en 1517, & Charles-quint eut le crédit de l’élever à la papauté l’an 1622, après la mort de Léon X.


Le sacré college lui-même en fut surpris, & le peuple de Rome ne goûta point l’élection d’un barbare, qui témoignoit en toutes choses un éloignement du faste & des voluptés contre lequel la prescription étoit déja surannée. Les Italiens disoient publiquement que ce n’étoit qu’un tartufe incapable de gouverner l’Eglise. Il n’est pas jusqu’à sa sobriété dont on n’ait fait des railleries. La cour de Rome passa sous son pontificat d’une extrémité à l’autre. On sait qu’il n’y eut jamais de pape dont la table fut aussi délicate que celle de Léon X. On s’insinuoit dans ses bonnes graces par l’invention des ragoûts, & il y eut quatre grands maîtres en bon morceaux qui devinrent ses mignons ; ils inventerent une sorte de saucisse qui jetta dans l’étonnement Hadrien VI. lorsqu’il examina la dépense de son prédécesseur en ce genre. Il se garda bien de l’imiter, & prit tellement le contrepié, qu’il ne dépensoit que douze écus par jour pour sa table. On ne se mocqua pas moins de la préférence qu’il donnoit à la biere sur le vin, que de celle qu’il donnoit à la merluche sur tous les autres poissons.


Une autre chose le décria chez les Italiens, c’est qu’il n’estimoit ni la poésie, ni la beauté du style ; deux talens dont on se piquoit le plus dans ce pays-là depuis cinquante ans. La fable dont les poëtes embellissoient leurs ouvrages, ne contribua pas peu à la froideur que ce pape leur témoigna, car il n’entendoit point raillerie là-dessus. Il détourna les yeux lorsqu’on lui montra la statue de Laocoon, & dit que c’étoit un simulacre de l’idolatrie du paganisme. Jugez si les amateurs des beaux arts, si les Italiens qui admiroient ce chef-d’œuvre de sculpture, pouvoient concevoir de l’estime pour un tel homme. Les poëtes lui prouverent qu’on n’avoit pas dit sans raison, genus irritabile vatûm. Voici une épigramme dont Sannazar le régala.



Classe, virisque potens, domitoque oriente superbus
Barbarus in latias dux quatit arma domos,
In vaticano noster latet ; hune tamen alto,
Christe, vides cælo (proh dolor !) & pateris.


Tous les savans de son tems se promettoient de l’avancement à son avènement au pontificat, à cause qu’il devoit aux lettres son exaltation, & ce qu’il avoit de bonne fortune ; mais ils demeurerent confondus en voyant qu’il étoit plein de mauvaise volonté contre ceux qui se plaisoient à la belle littérature, les appellant Terentianos, & les traitant de telle sor-​te qu’on croit qu’il eût rendu les lettres tout-à-fait barbares, s’il ne fût mort dans la deuxieme année de sa suprème dignité. Valérianus dit gentiment, qu’il usoit de ce mauvais traitement contre les plus beaux esprits de son siecle, avec le même goût dont il préféroit la merluche de ses Pays-bas, aux meilleurs poissons qui se mangeassent en Italie.


Autre sujet de haine, c’est qu’il ne dissimula point les abus introduits dans l’Eglise, & qu’il les reconnut publiquement dans son instruction au nonce qui devoit parler de sa part à la diete de Nuremberg. Il y déplora la mauvaise vie du clergé, & la corruption des mœurs qui avoit paru dans la personne de quelques papes. Quand il canonisa Antonin & Bennon, non-seulement il retrancha les dépenses ordinaires dans ces sortes de cérémonies, mais il les défendit comme contraires à la sainteté de l’Eglise. Ses successeurs n’ont pas été de son sentiment, ils ont toléré dans les canonisations la pompe mondaine jusqu’à des excès qui ont choqué le menu peuple.


L’histoire nous apprend, pour en citer un exemple, que tout le monde fut scandalisé dans Paris, l’an 1622, de la magnificence avec laquelle les carmes déchaussés y célébrerent la canonisation de sainte Thérese. Voyez le petit livre qui parut alors, & qui est intitulé le caquet de l’accouchée. « Pour moi, (dit dans ce livre la femme d’un avocat du grand conseil) j’eusse été d’avis de mettre toutes ces superfluités à la décoration de l’église de ces moines ; à tout le moins cela leur fût demeuré, & les eût-on estimé davantage ; sans faire évaporer tant de richesses en fumée, cela eût allumé le feu de dévotion dans le cœur de ceux qui les eussent visités ».


On peut dire qu’à tous égards, Hadrien eut très peu de satisfaction de la couronne papale ; elle étoit pour lui très-pesante, & il connoissoit trop mal le génie des Italiens, pour ne leur pas déplaire en mille choses. Les nouvelles qu’il apprenoit tous les jours des progrès des Ottomans, & son peu d’expérience dans les affaires, le chagrinerent au point de s’écrier qu’il avoit eu plus de plaisir à gouverner le college de Louvain, que toute l’égsise chrétienne. L’ambassadeur de Ferdinand lui ayant demandé audience, commença ainsi sa harangue : Fabius maximus, sanctissime pater, rem romanam cunctando restituit, tu verò pariter cunctando, rem romanam, simulque europam perdere contendis. Ce début déconcerta le pontife, & les cardinaux qui ne l’aimoient pas penserent éclater de rire. Il mourut le 14 de Septembre 1523. Sa vie a été amplement décrite par Moringus, théologien de Louvain.


Hadrien a mis au jour, avant son exaltation, quelques ouvrages, entr’autres un commentaire sur le maitre des sentences. Il soutenoit dans ce commentaire que le pape peut errer même dans les choses qui appartiennent à la foi, & l’on prétend qu’il ne changea point d’opinion quand il fut assis sur la chaire de S. Pierre (comme fit Pie II.) car il laissa subsister cet endroit de son livre, dans l’édition qui s’en fit à Rome durant son pontificat.


Henri V. est mort à Utrecht en 1125, à 44 ans, sans laisser de postérité. Voici le précis de sa vie par M. de Voltaire. Après avoir détrôné & exhumé son pere, en tenant une bulle du pape à la main, il soutint dès qu’il fut empereur, les mêmes droits de Henri IV. contre l’Eglise. Réuni d’intérêt avec les princes de l’empire, il marche à Rome à la tête d’une armée, fait prisonnier le pape Paschal II. & l’oblige de lui rendre les investitures, avec serment sur l’évangile de les lui maintenir. Paschal étant libre, fait annuller son serment par les cardinaux ; nouvelle maniere de manquer à sa parole. Henri se propose d’en tirer vengeance ; il est excommunié ; les Saxons​ se soulevent contre lui, & taillent ses troupes en pieces près de la forêt de Guelphe. Enfin craignant de périr aussi misérable que son pere, & le méritant bien davantage, il s’accommode en 1523, avec le pape Calixte II. & lui cede ses prétentions. Cet accommodement consistoit en ce que l’empereur consentit à ne plus donner l’investiture que par le sceptre, c’est-à-dire par la puissance royale, au-lieu qu’auparavant il la donnoit par la crosse & par l’anneau.


Ayant terminé à son préjudice cette longue querelle avec les pontifes de Rome, il entre en Champagne, pour se venger d’un affront qu’il prétendoit y avoir reçu dans un concile tenu à Rheims, où il avoit été excommunié à l’occasion des investitures. Le roi rassemble tous ses vassaux : tout marcha, jusqu’aux ecclésiastiques ; & Suger, abbé de saint-Denis, s’y trouva avec les sujets-de cette abbaye ; l’armée étoit de plus de deux cens mille hommes ; l’empereur n’ose pas se commettre contre de si grandes forces ; il se retire à la hâte, & se rend à Utrecht, où il finit ses jours, détesté de tout le monde, accablé des remords de sa conscience, & rongé d’un ulcère gangréneux qu’il avoit au bras droit.


Je me hâte de passer aux savans nés à Utrecht ; mais je dois me borner à faire un choix entre eux, dont M. Gaspard Burman a donné la vie dans son ouvrage intitulé : Trajectum eruditum, Traj. ad Rhenum, 1738. prem. édit. & 1750. in-4°. Cet ouvrage est plein de recherches, & personne n’ignore combien messieurs Burman, tous nés à Utrecht, brillent dans la littérature.


Heurnius (Jean & Otto), pere & fils, étoient deux savans médecins du seizieme siecle. Jean naquit à Utrecht en 1543, & mourut de la pierre en 1601, âgé de cinquante-huit ans. Il étudia à Louvain, à Paris, à Padoue, à Pavie, & revint dans sa patrie après une absence de douze années. Lorsque l’université de Leyde eut été fondée en 1581, Heurnius y fut appelle pour remplir une chaire de médecine ; & c’est dans ce poste qu’il a passé les vingt dernieres années de sa vie, avec beaucoup de réputation.


Un historien hollandois rapporte une anecdote curieuse sur son esprit dans la pratique de la médecine. Il s’agissoit de la princesse Emilie, qui épousa dom Emanuel de Portugal, fils du roi Antoine de Portugal, dépossedé par Philippe II. roi d’Espagne. Ce prince Emanuel, qui étoit catholique, gagna l’esprit d’Emilie de Nassau, par ses cajolleries & par sa gentillesse ; elle le prit pour mari, tout pauvre qu’il étoit, & de religion contraire ; & quoique le prince Maurice son frere s’opposât fortement à ce mariage, qu’il ne croyoit pas avantageux ni à l’un ni à l’autre.


Après l’avoir fait, la princesse tomba malade, refusant de prendre aucune nourriture, de-sorte qu’on craignit qu’elle ne se laissât mourir de faim. Les états généraux appellerent Heurnius, pour veiller à la vie de la princesse. Il ne gagna d’abord rien sur son esprit ; mais comme il étoit doux, honnête & ingénieux, il tint à la princesse le discours suivant.


Je suis désesperé, madame, de votre état & du mien ; V. G. qui est pleine de bonté, pourroit me rendre un service, & s’en rendre à elle-même. En quoi ? lui dit-elle. Ce seroit, reprit-il, en suivant mes avis ; je souhaiterois que V. G. voulût prendre quelque chose pour se fortifier, & qu’elle se mît l’esprit en repos, pour rétablir sa santé. Hé quel avantage vous en reviendroit-il, repliqua la princesse ? Très-grand, madame, répondit l’adroit médecin ; c’est une opinion générale que l’amour est une espece de phrénesie incurable ; de-sorte que si V. G. goûtoit mon conseil, votre cure me mettroit en réputation ; bientôt tous les amoureux auroient recours à​moi, & je guérirois la plûpart de ceux qui suivroient mes ordonnances. Je crois bien, mon bon docteur, que vous pourriez réussir sur plusieurs gens, lui répliqua la princesse ; mais personne ne peut guérir mon mal que le prince de Portugal, mon légitime époux, qu’on tient éloigné de moi contre tout droit, & par la plus grande tyrannie du monde, puisque je suis une personne libre, d’un âge mûr, & qui ne dépends de personne. J’ai choisi un époux qui ne déshonore point ma famille ; s’il a le malheur d’être privé de ce qui lui appartient, j’en suis contente, & je saurai me borner, jusqu’à ce qu’il plaise à Dieu d’en disposer autrement ; cependant voulant vous faire plaisir, je prendrai de la nourriture en attendant l’arrivée de mon frere, pour voir s’il en agira envers moi en frere, ou en tyran.


Il ne s’agit point ici de parler des suites de ce mariage d’amour, mais seulement des conseils d’Heurnius, qui réussirent effectivement à rétablir la princesse. Elle se retira à Genève l’an 1623, avec six filles qu’elle avoit, & l’année suivante elle y mourut de mélancholie. Voilà tout ce qu’en rapportent les auteurs ordinaires ; mais il faut lire l’historien hollandois, dont j’ai parlé, & qui est inconnu à ceux qui n’entendent pas la langue du pays. Cet historien est P. Bor, Ver volg van de Nederlantsche Oorlogen, l. XXXIV. fol. 22. & suiv.


Les œuvres médicinales de Jean Heurnius ont paru à Leyde en 1609, en deux volumes in-4°. à Amsterdam, en 1650, in-fol. & à Geneve, en 1657, in-fol. Il y a dans ce recueil une dissertation qui fait honneur à l’auteur ; elle regarde l’épreuve de l’eau pour ceux qui sont accusés de sortilége, & la décision de ce médecin fit abolir cette épreuve par la cour de Hollande.


Heurnius (Otto), fils de Jean, naquit à Utrecht en 1577. Il pratiqua la médecine avec honneur, & prit pour devise cito, tuto, jucunde, morbi curandi ; on doit guérir promptement, sûrement, & agréablement ; mais le tuto seul est une assez belle besogne. Heurnius le fils a mis au jour une histoire de la philosophie barbare, de barbaricâ philosoph â, libri duo. Leydæ 1600, in-12 ; cet ouvrage n’a pas eu l’approbation des connoisseurs ; il est rempli de choses communes ou étrangeres au sujet.


Leusden (Jean) naquit à Utrecht l’an 1624, & mourut en 1699, âgé de 75 ans. Il s’attacha particulierement à l’étude des langues orientales, & mit au jour un grand nombre d’ouvrages. Ses éditions de la Bible en hébreu, & du nouveau Testament en grec, sont estimées. Il a eu soin de l’édition du synopsis criticorum de Polus, faite à Utrecht ; il a partagé avec Villemandius la peine de l’édition des œuvres de Lightfoot ; sans parler du nouveau Testament syriaque imprimé à Leyde en 1708, en deux tomes in-4°. auquel il a travaillé conjointement avec Schaaf.


De Roy (Henri), en latin Regius, médecin & philosophe cartésien, naquit à Utrecht en 1598, & mourut en 1679. Il enseigna la nouvelle philosophie de Descartes, mais d’une maniere qui lui attira la haine des théologiens, & des partisans d’Aristote. Les curateurs de l’université furent obligés de se mêler de cette querelle, & eurent bien de la peine à l’appaiser. Regius eut encore des disputes avec Primerose & Silvius sur la circulation du sang qu’il admettoit ; cette question médicinale fut traitée de part & d’autre par des discours injurieux & outrageans ; aujourd’hui l’on rit des disputes élevées sur un fait aussi démontré.


Schoockius (Martin), littérateur, naquit à Utrecht en 1614, & mourut à Francfort-sur-l’Oder l’an 1665, âgé de 51 ans. Il a publié quantité de dissertations sur des sujets assez curieux ; par exemple, de naturâ soni ; de ovo & pullo ; de hellenistis ; de harengis ; de scepticismo ; de inundationibus ; de turfis, seù de cespitibus​ bituminosis ; de butyro ; de ciconiis ; de extasi ; de cerevisiâ ; de sternutatione ; de lino ; de tulippis, &c. Voyez le pere Niceron, mém. des homm. illustres, tom. XII. p. 364. 388.


Mais les Tollius freres (Corneille, Jacques & Alexandre), se sont acquis dans la littérature une réputation fort supérieure à celle de Schoockius.


Tollius (Corneille), mort en 1662, a donné quelques ouvrages, & entr’autres, I. palæphat. de incredibilibus cùm notis, Amsterdam, 1649, in-12. II. Joannis Cinnami de rebus gestis imperat. Constantinop. comnenorum histor. l. IV. Utrecht, 1652, in-4°. Tollius a été le premier qui ait publié cet auteur avec une version latine ; mais du Fresne en a donné une magnifique édition à Paris, 1670, in fol. de l’imprimerie royale.


Tollius (Jacques) mena une vie fort errante, tantôt en Hollande, tantôt en Allemagne, tantôt en Italie ; enfin il mourut très-pauvre dans sa patrie en 1696 ; voici ses ouvrages. I. Une édition d’Ausone, Gondæ, 1668 ; II. Fortuita, Amsterdam, 1687, in-8°. L’auteur se propose de faire voir dans ce livre, que presque toute la mythologie de l’antiquité, ne contient que des mysteres de la chimie ; rien n’est comparable à cette folie, & à son entêtement pour la pierre philosophale. III. En 1694, il publia à Utrecht son Longin. in-4°. Cette édition est très-belle & très bonne. Tollius s’est servi d’un exemplaire collationné sur un ms. de la bibliotheque du roi à Paris, & des leçons des trois mss. de la bibliotheque du Vatican. La version latine est entierement de lui. En 1710, M. Hudson donna à Oxford une nouvelle édition de Longin, in-8°. dans laquelle il a conservé la version de Tollius corrigée en quelques endroits. L’année suivante Lchurtzfleisch publia une nouvelle édition de Longin, Wittebergæ, 1711, in-4°. & cette derniere mérite la préférence pour les choses sur celle d’Angleterre, mais l’impression en est détestable.


En 1696, Jacques Tollius donna un ouvrage de Bacchini, traduit de l’italien, de sistris, eoiumque figuris, cum notis, Utrecht, in-4°. inséré dans le trésor d’antiquités romaines de Grævius, tome VI. La même année notre savant publia : insignia itinerarii Italici, quibus continentur antiquitates sacræ, Utrecht, 1696. Ce volume contient cinq anciennes pieces importantes, tirées des bibliotheques de Vienne & de Léipzig. Quatre ans après sa mort, M. Henninius a donné au public la relation des voyages de Tollius sous ce titre : Jacobi Tollii epistolæ itinerariæ, Amsterdam, 1700, in-4°. Il y a bien des choses curieuses dans ces lettres, sur-tout dans la cinquieme, qui contient la relation du voyage de Hongrie.


Tollius (Alexandre), mort en 1675, est connu par son édition d’Appien : Appiani Alexandrini roman. histor. Amsterdam 1670, in-8°. deux volumes. Cette édition d’Appien est belle, & d’un caractere fort net.


Utenbogaert (Jean), célebre théologien parmi les remonstrans, naquit à Utrecht en 1557, & mourut à la Haye en 1644, dans la 88e année de son âge. C’étoit un homme très-savant, dont l’esprit, la conduite & les manieres gagnerent d’abord le cœur de Maurice ; mais ce prince finit par le maltraiter sans aucun sujet légitime, ainsi qu’il paroît en ce que Louise de Coligni, & Fréderic Henri son fils, eurent toujours une estime singuliere pour Utenbogaert, étant bien convaincus que le prince d’Orange lui avoit fait tort.


Utenbogaert écrivoit en sa langue avec beaucoup de sagesse & de précision ; c’est ce qui se prouve par son histoire des contreverses d’alors, par sa vie, & par plusieurs autres écrits hollandois qu’il publia. S’il n’avoit pas l’étendue & la pénétration de génie d’Episcopius, il le surpassoit peut-être en netteté & en simplicité de style. Mais ils eurent toute leur vie une​très-grande déférence l’un pour l’autre, & il n’y eut jamais aucnne diminution dans leur amitié, parce que la vertu en serroit les nœuds.


Il nous reste diverses lettres françoises d’Utenbogaert à Louise de Coligni. Si on les compare avec des lettres écrites en ce même tems par nos françois, on les trouvera aussi-bien tournées, & peut-être mieux ; & pour les choses même, on verra qu’il n’y a rien que de sage, & qui ne convienne au caractere d’un homme de bien, prudent & retenu.


Il a publié un grand nombre d’ouvrages tous en hollandois : les deux principaux sont, son histoire ecclésiastique, depuis l’an 400, jusqu’en 1619, imprimée en 1646 & 1647, in-fol. & l’histoire de sa vie, qu’il acheva en sa 82e année, en 1638. Cet ouvrage a paru après sa mort, en 1645, in-4°. & a été réimprimé en 1646. L’article de ce savant théologien, si long-tems persécuté dans sa patrie, a été fait avec grand soin par M. de Chaufepié dans son dictionnaire historique, & c’est un article extrémement curieux.


Je finis cette courte liste par un homme de goût, écrivain poli, Van-Effen (Juste), né à Utrecht en 1684, & mort à Bois-le-Duc en 1735, étant alors inspecteur des magasins de l’état dans cette ville. Il cultiva de bonne heure la langue françoise, dans laquelle il a composé tous ses ouvrages, & qu’il écrit aussi-bien que peut le faire aucun étranger. Un esprit philosophique, des connoissances diversifiées, une assez grande vivacité d’imagination, & beaucoup de facilité, mirent M. Van-Effen en état de travailler avec distinction sur toutes sortes de matieres. Il a eu beaucoup de part au journal littéraire ; & comme il entendoit fort bien l’anglois, il a donné la traduction entiere du Mentor moderne. Son parallele d’Homere & de Chapelain, qui se trouve à la suite du chef d’œuvre de l’Inconnu, par M. de Saint-Hyacinthe, est un badinage heureux, & très-bon dans son genre ; mais le principal ouvrage de cet ingénieux écrivain, est son Misantrope, qu’il fit à l’imitation du spectateur anglois. Cet ouvrage est mêlé de prose & de vers, & l’on peut dire qu’en général, le jugement y domine partout. La meilleure édition est celle de la Haye, en 1726, en deux volumes in-8°. (Le Chevalier de Jaucourt.)​","[['52 50\' N 22 26\' 15"" E']]",,"52 50' N 22 26' 15"" E","52 50' N 22 26' 15"" E"
v17-1118-0,UZEL,"UZEL, (Géog. mod.)​ petite ville de France, en Bretagne, au diocèse de S. Brieux, dont elle est à 8 lieues, avec un bailliage & une châtellenie. Il s’y fait quelque commerce en toiles. Long. 14. 42. latit. 48. 15. (D. J.)​","[[""48 15' N 14 42' E""]]",,48 15' N 14 42' E,48 15' N 14 42' E
v17-1132-0,WAGENINGEN ou WAGUENINGUEN,"WAGENINGEN ou WAGUENINGUEN, (Géog. mod.)​ petite ville des Pays-bas, dans la Gueldre, au quartier d’Arnheim, aux confins de la seigneurie d’Utrecht, sur la rive droite du Rhein, à deux lieues de Nimegue, & à pareille distance d’Arnheim, mais dans un terroir fort ingrat. Cette petite place fut fermée de murailles, & érigée en ville en 1230 par Othon, comte de Gueldre. Long. 23. 22. latit. 51. 37. (D. J.)​","[[""51 37' N 23 22' E""]]",,51 37' N 23 22' E,51 37' N 23 22' E
v17-1204-0,WASSERBOURG,"WASSERBOURG, (Géogr, mod.)​ ville d’Allemagne, dans la Suabe, sur le bord du lac de Constance, entre Langen & Lindaw. Longit. 27. 5. latit. 47. 36.


Hungerus (Wolffgang), jurisconsulte allemand du xvj. siecle, naquit à Wasserbourg, & mourut en 1555. On publia à Bâle en 1561 les notes qu’il avoit faites sur les Césars de Cuspinien, annotationes in Cæsares Cuspiniani, auctore Wolff. Hungero, aquiburgensi. Ces notes rectifient & éclaircissent plusieurs choses qui avoient été avancées faussement ou confusément dans cette histoire des empereurs, ou dans quelques autres livres. (D. J.)​","[[""47 36' N 27 5' E""]]",,47 36' N 27 5' E,47 36' N 27 5' E
v17-1208-0,WATERFORD,"WATERFORD, (Géog. mod.)​ ville d’Irlande, dans la province de Munster, capitale du comté de Waterford, sur la Shure, vers les frontieres de Kilkenni, à 3 milles de la mer, & à 75 au sud-est de Limerick. Elle a un siege épiscopal, suffragant de Cashel, le privilege de tenir marché public, & celui d’envoyer deux députés au parlement de Dublin. Elle est grande, riche & peuplée, quoique l’air y soit mal-sain. La jonction du Barrow & de la Shure y forme un port excellent, défendu par un château. Les plus gros vaisseaux mouillent près du quai. Long. 10. 45. latit. 52. 12. (D. J.)​","[[""52 12' N 10 45' E""]]",,52 12' N 10 45' E,52 12' N 10 45' E
v17-1244-0,WEISSENFELS,"WEISSENFELS, (Géog. mod.)​ petite ville d’Allemagne, en Misnie, au cercle de Leipsick, sur la Saala. Long. 30. 25. latit. 51. 23.","[[""51 23' N 30 25' E""]]",,51 23' N 30 25' E,51 23' N 30 25' E
v17-1246-0,WEITZEN ou VEITZEN ou VATZEN,"WEITZEN ou VEITZEN ou VATZEN, (Géog. mod.)​ ville de la haute Hongrie, sur la gauche du Danube, à cinq milles au nord de Bude ; c’est une ville épiscopale dépendante de l’archevêché de Strigonie. Le prince de Lorraine enleva cette place aux Turcs l’an 1684 ; mais le séraskier bacha la reprit sur les Impériaux, & en fit sauter les fortifications. Long. 36. 50. latit. 47. 15.","[[""47 15' N 36 50' E""]]",,47 15' N 36 50' E,47 15' N 36 50' E
v17-1261-1,Werben ou Warben,"Werben ou Warben, (Géog. mod.)​ petite ville d’Allemagne, dans le cercle de basse-Saxe, au duché de Poméranie, sur le bord d’un lac. Long. 30. 5. latit. 53. 5.","[[""53 5' N 30 5' E""]]",,53 5' N 30 5' E,53 5' N 30 5' E
v17-1283-0,WESEL,"WESEL, (Géog. mod.)​ ville d’Allemagne, au cercle de Westphalie, dans le duché de Clèves, sur la droite du Rhin, à l’embouchure de la Lippe, à 12 lieues au sud-ouest de Clèves, à 6 au nord de Gueldres. Cette ville qui a été impériale se gouverne selon les lois, quoiqu’elle reconnoisse le roi de Prusse pour son souverain. Elle est munie d’une bonne citadelle & d’ouvrages extérieurs. Long. 24. 15. Latit. 51. 36.


Heshusius (Tilemannus) théologien de la confession d’Augsbourg, né à Wesel l’an 1526, fit beaucoup​ parler de lui par son humeur impétueuse. Il se brouilla à Hidelberg, à Jene, à Konisberg, & ailleurs, avec tout le monde. Chassé de lieu en lieu, il se retira à Helmestad, où il fut fait professeur en théologie, & y mourut en 1588. Il est auteur d’un commentaire sur les pseaumes, sur Isaïe, & sur toutes les épîtres de S. Paul, mais tous ses ouvrages sont tombés dans l’oubli. (D. J.)​","[[""51 36' N 24 15' E""]]",,51 36' N 24 15' E,51 36' N 24 15' E
v17-1317-0,WETZLAR,"WETZLAR, (Géog. mod.)​ ville libre & impériale d’Allemagne, dans la Wettéravie, au con-​fluent de la Lohn & de la Disle, à 9 lieues au nord de Francfort, & à 6 au sud-ouest de Marpourg. La chambre impériale qui étoit à Spire, y a été transférée, & lui donne tout le lustre qu’elle peut avoir. La prevôté de cette ville appartient au landgrave de Hesse-Darmstad, qui nomme le prévôt pour présider à la justice en son nom. Long. 24. 15. latit. 50. 29. (D. J.)​","[[""50 29' N 24 15' E""]]",,50 29' N 24 15' E,50 29' N 24 15' E
v17-1329-0,WHITHERN ou WHITE-HERNE,"WHITHERN ou WHITE-HERNE, (Géog. mod.)​ ville d’Ecosse, dans la province de Galloway, à environ 100 milles au midi d’Edimbourg, & à 3 de Vightown. Elle a été autrefois épiscopale, & plus considérable qu’elle n’est à présent. On croit que Withern, est l’ancienne Leucopidia de Ptolomée. Long. 12. 43. lat. 55. 14. (D. J.)​","[[""55 14' N 12 43' E""]]",,55 14' N 12 43' E,55 14' N 12 43' E
v17-1333-0,WIBORG ou WIBURG,"WIBORG ou WIBURG, (Géog. mod.)​ ville de Danemarck, capitale du nord Jutland, & du diocèse de même nom, sur le lac Water ; c’est le siége du conseil supérieur de la province. Cette ville étoit anciennement la capitale des Cimbres, & se nommoit à ce qu’on croit, dans le moyen âge Cimbrisberga. Long. 27. 48. lat. 56. 29.


Aagard (Nicolas & Chrétien) deux freres, nés à Wibourg, au commencement du dernier siecle, se sont faits l’un & l’autre de la réputation dans la littérature.


Aagard (Nicolas) donna plusieurs ouvrages dont voici les principaux : Animadversiones in Ammianum Marcellinum, Sorae 1654, in-4°. In Cornelium Tacitum Prolusiones, Sorae, in-4°. On a aussi de lui les traités suivans : De optimo genere oratorum. De ignibus subterraneis. De stylo novi Testamenti. De nido Phœnicis, &c. il mourut l’an 1657 à 45 ans.


Aagard (Chrétien) est mis au rang des poëtes latins, les plus purs & les plus coulans de son pays ; on trouvera toutes ses poésies rassemblées dans le recueil de poëtes danois, delicia poetarum danorum. Lugd. Batav. 1693, en 2 vol. in-12. Il mourut à Rypen en 1664, âgé de 48 ans. (D. J.)​","[[""56 29' N 27 48' E""]]",,56 29' N 27 48' E,56 29' N 27 48' E
v17-135-0,VERMANTON ou VERMENTON,"VERMANTON ou VERMENTON, (Géog. mod.)​ petite ville de France, en Bourgogne, sur la riviere de Cure, dans l’Auxerrois, à cinq lieues au midi d’Auxerre. C’est une prevôté royale, qui députe aux états de Bourgogne alternativement avec les autres villes de l’Auxerrois. Longit. 21. 16. latit. 47. 40. (D. J.)​","[[""47 40' N 21 16' E""]]",,47 40' N 21 16' E,47 40' N 21 16' E
v17-1355-0,WIGHTOWN,"WIGHTOWN, (Géog. mod.)​ petite ville d’Ecosse, dans la province de Galloway, avec un assez bon port. Long. 13. 4. latit. 54. 57. (D. J.)​","[[""54 57' N 13 4' E""]]",,54 57' N 13 4' E,54 57' N 13 4' O
v17-1370-0,WILNA,"WILNA, Géog. mod.)​ par les Lithuaniens Wiletzky, & par les Allemands, Wilde ; ville capitale du duché de Lithuanie, au palatinat du même nom, sur la Wilia, à cent lieues au nord-est de Gnesne. Elle est grande & mal-bâtie ; ses maisons sont de bois & mal-disposées ; c’est encore pire dans les fauxbourgs, car les maisons n’ont qu’une seule chambre qui est commune à tout le monde, aux chevaux & aux autres animaux domestiques. Cette ville est toujours ouverte en tems de paix ; elle a pour sa défense un arsenal & deux châteaux. Son évêché est suffragant de Gnesne. Son université a été établie en 1579. Wilna est habitée par différentes nations, polonois, russiens, allemands, tartares, &c. Long. suivant Streel, 34. 56. 15. lat. 54. 30. (D. J.)​","[['54 30\' N 34 56\' 15"" E']]",,"54 30' N 34 56' 15"" E","54 30' N 34 56' 15"" E"
v17-1383-0,WINCHELSEY,"WINCHELSEY, (Géog. mod.)​ petite ville d’Angleterre, dans le comté de Sussex, sur le bord de la mer, à l’embouchure de la Rye. Cette ville a titre de comté, & c’est un des cinq ports du royaume. Long. 18. 23. latit. 50. 52. (D. J.)​","[[""50 52' N 18 23' E""]]",,50 52' N 18 23' E,50 52' N 18 23' O
v17-1385-0,"WINDA, ou WINDAW","WINDA, ou WINDAW, (Géog. mod.)​ ville du duché de Courlande, sur la mer Baltique, à l’embouchure de la Weta, où elle a un petit port, à quinze milles de Memmel, & à trente de Riga. Long. 39. 24. latit. 57. 10. (D. J.)​","[[""57 10' N 39 24' E""]]",,57 10' N 39 24' E,57 10' N 39 24' E
v17-1429-0,WITZEHAUSEN,"WITZEHAUSEN, (Géog. mod.)​ petite ville d’Allemagne dans le landgraviat de Hesse-Cassel, capitale d’un quartier de même nom, sur la riviere gauche du Weser, entre Munden & Allendord. Long. 27. 8. latit. 51. 16.","[[""51 16' N 27 8' E""]]",,51 16' N 27 8' E,51 16' N 27 8' E
v17-1432-0,"WLADISLAW, ou WROICZLAWEK, ou INOWLADISLOW","WLADISLAW, ou WROICZLAWEK, ou INOWLADISLOW, (Géog. mod.)​ ville de la grande Pologne, sur la Vistule, entre Dobzin & Thorn. C’est la résidence de l’Evêque de Cujavie, & la capitale de la Cujavie, avec une forteresse. Long. 37. 16. latit. 52. 36.","[[""52 36' N 37 16' E""]]",,52 36' N 37 16' E,52 36' N 37 16' E
v17-1433-0,WLODZIMIERS,"WLODZIMIERS, (Géog. mod.)​ ville de la petite Pologne dans la Wolhinie, sur le ruisseau de Lug, près de son confluent avec le bourg, à 25 lieues au nord-est de Limbourg, avec un château : dès le commencement du onzieme siecle, cette ville étoit déja fortifiée ; cependant elle fut prise l’an 1073 par Boleslas, onzieme roi de Pologne. Long. 42. 55. latit. 50. 46. (D. J.)​","[[""50 46' N 42 55' E""]]",,50 46' N 42 55' E,50 46' N 42 55' E
v17-1438-0,WOLAW,"WOLAW, (Géog. mod.)​ ville d’Allemagne dans la Silésie, capitale de la principauté de même nom. Elle a été bâtie dans des marais, à quelque distance de l’Oder, à 12 lieues au sud-est de Glogaw. Long. 34. 23. latit. 51. 25.","[[""51 25' N 34 23' E""]]",,51 25' N 34 23' E,51 25' N 34 23' E
v17-1451-1,Wolodimer,"Wolodimer, (Géog. mod.)​ ville de l’empire Russien, capitale du duché de même nom, proche la riviere de Clesma-Reca, sur une montagne, à cent cinquante werstes au nord de Moscou. Elle fut fondée dans le commencement du dixieme siecle, & a été la résidence des ducs de Moscovie. Long. 60. 38. latit. 55. 44. (D. J.)​","[[""55 44' N 60 38' E""]]",,55 44' N 60 38' E,55 44' N 60 38' E
v17-1467-0,WORINGEN,"WORINGEN, (Géog. mod.)​ petite ville d’Allemagne, dans l’électorat de Cologne, sur la rive gauche du Rhein, à trois lieues de Cologne. Il s’y livra en 1297 une grande bataille, entre les troupes de l’électeur & celles de la ville de Cologne, pour savoir à qui des deux partis resteroient les clés de Woringen, qu’on y avoit portées sur un chariot ; la victoire décida pour la ville de Cologne. Long. 24. 46. lat. 50. 48.","[[""50 48' N 24 46' E""]]",,50 48' N 24 46' E,50 48' N 24 46' E
v17-1469-0,WORKUM ou WORCUM,"WORKUM ou WORCUM, (Géog. mod.)​ anciennement Voudriken, petite ville des Pays Bas, dans la Hollande méridionale, sur la rive gauche de la Meuche, au confluent du Vahal, à 5 lieues au dessus de Dort. Elle est entourée de bonnes murailles, & défendue par quatre bastions. L’air qu’on y respire est meilleur que dans le reste de la Hollande, & les eaux y sont plus saines. Philippe de Montmorency, comte de Horn, à qui cette ville appartenoit, ayant été décapité à Bruxelles en 1568, sans laisser de postérité, sa veuve vendit Workum aux états généraux pour 90 mille florins. Long. 22. 57. lat. 52. 48. (D. J.)​","[[""52 48' N 22 57' E""]]",,52 48' N 22 57' E,52 48' N 22 57' E
v17-1485-0,WYCK-TE-DUERSTEDE,"WYCK-TE-DUERSTEDE, (Géog. mod.)​ en latin du moyen âge Durostadium, petite ville des Pays-bas, dans la province d’Utrecht, sur le Rhin, au commencement de la riviere de Leck, à environ quatre lieues d’Utrecht, & à deux au-dessous de Rheven. Charlemagne fit donation de cette ville & de son territoire à Harmacarus, sixieme évêque d’Utrecht. Jean Erithème raconte qu’elle avoit autrefois trois lieues de circonférence, & cinquante-cinq églises paroissiales ; mais que les Normands & les Danois la ruinerent jusqu’à trois fois.​


Cette petite ville fut bâtie sur le bord du Rhin, par Gisbert d’Abconde, évêque d’Utrecht, en 1300. On lui donna le nom de Dursted, parce qu’elle étoit voisine des ruines de l’ancienne ville de Durestat, autrefois la capitale du comté de Teysterband. Durestat étoit une place importante, & qui ayant été plusieurs fois saccagée par les Normands & par d’autres barbares, fut entierement abandonnée, il y a près de neuf cens ans. Longit. 32. 2. latit. 51. 50.","[[""51 50' N 32 2' E""]]",,51 50' N 32 2' E,51 50' N 32 2' E
v17-1523-0,XAUXA,"XAUXA, (Géog. mod.)​ ou la riviere de Maragnan, riviere de l’Amérique méridionale, & une des plus considérables. Sa principale source est dans le lac Cincha-Cocha, vers les 304, 20 de longitude, & les 10 d. de latitude méridionale. Elle prend ensuite le nom d’Ucayalé, & va se rendre dans l’Amazone à S. Joachim d’Omaguas. La vallée de Xauxa où court cette riviere, a 24 lieues de long, & 5 ou 6 de large. Elle étoit peuplée de plus de vingt mille habitans quand les Espagnols y arriverent. On n’y trouve aujourd’hui çà & là que quelques chetives bourgades d’Indiens. (D. J.)​","[[""10 S 304 20' E""]]",,10 S 304 20' E,10 S 304 20' O
v17-1525-0,XELVA,"XELVA, (Géog. mod.)​ petite ville d’Espagne, au royaume de Valence, près du Guadalaviar, à sept lieues de Ségorbe, & à dix lieues au-dessus de Valence. Long. 17. 16. latit. 39. 42. (D. J.)​","[[""39 42' N 17 16' E""]]",,39 42' N 17 16' E,39 42' N 17 16' E
v17-1579-0,XUITCHEU,"XUITCHEU, (Géog. mod.)​ ville de la Chine dans le Kiangsi, elle est voisine du fleuve Hoayang. Long. suivant le P. Noël, 152d. 46.’30″. latit. 28. 52. (D. J.)​","[['28 52\' N 152 46\' 30"" E']]",,"28 52' N 152 46' 30"" E","28 52' N 152 46' 30"" E"
v17-1608-0,YANG-CHEU,"YANG-CHEU, (Géog. mod.)​ ville de la Chine, dans la province de Nankin, & sa septieme métropole ; elle est marchande, riche & peuplée. Long. suivant le p. Noël, 156. 39. 30″. latit. 33. 6. (D. J.)​","[['33 6\' N 156 39\' 30"" E']]",,"33 6' N 156 39' 30"" E","33 6' N 156 39' 30"" E"
v17-1656-0,YORCK,"YORCK, (Géog. mod.)​ en latin Eboracum ou Brigantium oppidum ; ville d’Angleterre, dans la province de même nom, sur la riviere d’Ouze, à 60 milles au nord-ouest de Lincoln, & à 150 de Londres.


Cette ville étoit déjà célebre du tems des Romains, & elle l’est encore, car elle s’est relevée de tout ce qu’elle a souffert dans les fréquentes révolutions de l’état des Saxons, des Danois, & des Normands. Yorck est aujourd’hui belle, grande, riche, bien peuplée, & la ville la plus considérable d’Angleterre après Londres. L’on y compte jusqu’à 28 églises, & elle est le siege d’un archevêque de son nom. Egbert, qui occupoit ce siege, y érigea, l’an 740, une grande bibliotheque, où Alcuin, précepteur de Charlemagne, & fondateur de l’université de Paris, puisa ses connoissances. Un autre ornement d’Yorck est sa cathédrale ; qui est une des belles églises de l’Europe. Enfin, le maire de cette ville porte, par courtoisie, le titre de lord, comme celui de Londres. Long. 16. 24. lat. 53. 52.


Dans le nombre des savans dont Yorck est la patrie, je me contenterai d’en citer quatre, Herbert (Thomas), Maruel (André), Morton (Thomas), & Poole (Matthieu).


Herbert naquit en 1607. Guillaume, comte de Pembroke son parent, lui fournit de l’argent pour voyager, & il employa quelques années à visiter divers pays de l’Europe, de l’Afrique, & de l’Asie. En 1647, il fut nommé avec Jacques Harrington, auteur de l’Oceana, valet-de-chambre du lit de sa majesté Charles, & demeura toujours auprès du roi jusqu’à la mort de ce prince. Il finit lui-même ses jours à Yorck, en 1683, âgé de 76 ans. La relation de ses voyages en Afrique, en Asie, & sur-tout en Perse, a été imprimée à Londres, en 1634, 1638 & 1677, in-fol. cette derniere édition est la plus ample. Outre sa Threnodia Carolinæ, qui contient l’histoire des deux dernieres années de la vie de Charles I. il a écrit les dernieres heures de ce prince, que Wood a publiées dans ses Athenæ Oxonienses.


Maruell, ingénieux & vertueux auteur du xvij. siecle naquit en 1620, & après avoir étudié à Cambridge, il voyagea dans les pays les plus policés de l’Europe. A son retour, il entra dans les emplois, & servit de second à Milton, en qualité de secrétaire pour les dépêches latines du protecteur. Dans la suite il se lia intimement avec le prince Robert, qui lui faisoit de fréquentes visites en habit de particulier. Le roi desirant de se l’attacher, lui envoya le grand trésorier Danby, pour lui offrir de l’argent & des emplois ; mais M. Maruell répondit au grand-trésorier, qu’il étoit très-sensible aux bontés de sa majesté, qu’il connoissoit parfaitement les cours, & que tout homme qui recevoit des graces du prince, devoit opiner en faveur de ses intérêts ; enfin les offres les plus pressantes de mylord Danby, ne firent aucune impression sur lui. Il persista à lui déclarer qu’il ne pouvoit les accepter avec honneur, parce qu’il faudroit ou qu’il fût ingrat envers le roi, en opinant contre lui, ou infidele à sa patrie, en entrant dans les mesures de la cour. Que la seule grace qu’il demandoit donc à sa majesté, c’étoit de le regarder comme un sujet aussi fidele qu’aucun qu’il eût, & qu’il étoit plus dans ses véritables intérêts, en refusant ses offres, que s’il les avoit acceptées. Mylord Danby voyant qu’il ne pouvoit absolument rien gagner, lui dit que le roi​avoit ordonné de lui compter mille livres sterlings, qu’il espéroit qu’il accepteroit, jusqu’à ce qu’il jugeât à-propos de demander quelqu’autre chose à sa majesté. Cette derniere offre fut rejettée avec la même fermeté que la premiere, quoi qu’il fût obligé, immédiatement après le départ du grand trésorier, d’envoyer emprunter une guinée chez un ami. En un mot, comme les plus puissantes tentations du côté des honneurs & des richesses ne purent jamais lui faire abandonner ce qu’il croyoit être le véritable intérêt de sa patrie, les plus éminens dangers ne purent aussi l’effrayer ; & l’empêcher d’y travailler. Il mourut, non sans soupçon de poison, en 1678, dans la cinquante-huitieme année de son âge. Ses écrits sont en grand nombre, & roulent principalement sur la religion. M. Cooke a donné à Londres, en 1726, en deux volumes in-8°. les poésies de cet écrivain.


Morton, savant évêque anglois du xvij. siecle, naquit en 1564, & fut promu au siege de Chester, en 1615 ; en 1618 il obtint l’évêché de Conventry & Lichfield, & en 1632 celui de Durham. Dans toutes ces places, il s’occupa sans cesse à l’étude, & mourut comblé d’années en 1659. Il a publié plusieurs ouvrages, qui concernent presque tous la défense de l’église anglicane contre la doctrine romaine. Ses manuscrits passerent à sa mort entre les mains du docteur Barwick.


Poole, savant critique & théologien, naquit en 1624, & pensa perdre la vie dans la célebre conspiration d’Oates, parce qu’il écrivit contre les catholiques romains un livre intitulé nullité de la foi romaine. Depuis ce tems-là la crainte du risque qu’il couroit toujours, s’empara tellement de lui, qu’il prit le parti de se retirer à Amsterdam, où il mourut en 1679, dans sa 56 année.


Il travailla pendant dix ans à sa synopsis criticorum, dont les deux premiers volumes parurent à Londres en 1669, in-fol. & les trois autres ensuite. Outre cette édition de Londres, il s’en est fait une à Francfort, en 1678, une à Utrecht 1686, une seconde à Francfort, 1694, in-4°. & une troisieme, beaucoup meilleure, en 1709, in-fol. en six volumes.


Poole a très-bien choisi les écrivains qui devoient entrer dans son ouvrage, outre ceux qui étoient déja dans les critiques sacrées qu’il abrégeoit ; mais il n’a pas pris garde qu’en donnant les différentes versions dans la bible, comme elles sont dans les traductions latines, il ne pouvoit que commettre une infinité d’erreurs. La grande multitude d’interprétations qu’il a recueillies sur le texte, cause de la confusion ; l’on a bien de la peine à joindre tous les mots ensemble quand ils sont bien éloignés, & qu’on les a expliqués en tant de manieres différentes.


De plus, l’auteur se contentant ordinairement de rapporter les diverses explications, sans juger quelles sont les meilleures, n’instruit pas assez le lecteur qui a de la peine à se déterminer, principalement quand il ne voit point de raisons qui le portent à préférer un sentiment à un autre.


Cependant on ne peut trop louer dans cet abrégé des critiques, le travail de Poole, qui a ramassé avec beaucoup de soin & de peine ce qui étoit répandu en différens ouvrages, & l’a placé aux lieux où il devoit être, en l’abrégeant utilement pour la commodité des lecteurs.


Enfin, les difficultés de la chronologie, éclaircies par les meilleurs critiques, se trouvent ici rapportées en abrégé ; & de cette maniere, la plûpart des matieres difficiles de l’Ecriture, sur lesquelles on a composé des livres entiers, sont expliquées dans ce recueil, où l’auteur a pris la peine d’insérer les extraits qu’il avoit faits lui-même des meilleurs ouvrages en ce genre.​


On a encore de lui en anglois, un volume de remarques sur la bible, qui ont été jointes à celles d’autres savans auteurs ; & le tout a paru à Londres en 1685, en 2 vol. in-fol. (Le chevalier de Jaucourt.)​","[[""53 52' N 16 24' E""]]",,53 52' N 16 24' E,53 52' N 16 24' O
v17-1664-0,"YPRES, ou IPRES","YPRES, ou IPRES, (Géog. mod.)​ ville des Pays-Bas, au comté de Flandres, dans une fertile plaine, sur le ruisseau d’Yper, à 7 lieues sud-est de Nieuport, à 9 de Dunkerque, de Saint-Omer, & de Bruges, à treize de Gand, à 6 de Lille, & 55 de Paris.


C’étoit autrefois une grande ville qui avoit trois fois le circuit qu’elle a aujourd’hui. Vers l’an 800, les Normands la saccagerent ; Baudouin la répara en 880 ; elle fut brulée l’an 1240, & malgré cela, au dénombrement qui s’en fit deux ans après, on y compta deux cens mille habitans ; mais à peine y en compte-t-on aujourd’hui douze mille. Elle contient quatre paroisses, dix-huit couvens, & plusieurs hopitaux.


Son évêché, suffragant de Malines, fut érige en 1559, par le pape Paul IV. Le prince de Condé prit Ypres en 1648, & la perdit l’année suivante. Louis XIV. la reprit en 1678, & elle lui fut cedée par le traité de Nimègue ; mais elle passa à la maison d’Autriche, par les traités d’Utrecht, de Radstat, & de Bade. Louis XV. la prit en 1744, & l’a rendue démantelée, par la paix d’Aix-la-Chapelle. Longitude, suivant Cassini & Scheuchzer, 26. 51. 30. latitude 47. 22.


Hyperius (Gérard-André) théologien protestant, naquit à Ypres en 1511, & mourut professeur à Marpourg, en 1564, à 53 ans. Il composa beaucoup de livres tant sur la théologie que sur les sciences humaines. Un moine espagnol, nommé Laurentius a Villavicentio, en fit imprimer deux sous son nom, au rapport de Keckerman & de Colomies.


Lupus (Chrétien), savant religieux augustin, & l’un des célebres théologiens de son ordre, naquit à​Ypres dans le dernier siecle, & mourut à Louvain en 1681, à 70 ans. On a de lui plusieurs ouvrages en latin, & quelques-uns ne manquent pas d’érudition ; tels sont, 1°. des commentaires sur l’histoire des canons des conciles ; 2°. un recueil de monumens concernant les conciles d’Ephèse & de Calcédoine.


Rupert, bénédictin du douzieme siecle, qui devint abbé de Deutsch, étoit né dans le territoire d’Ypres, & mourut en 1155, à 44 ans. Toutes ses œuvres ont été imprimées à Paris en 1638, en 2 vol. in-fol. On pourra juger de leur mérite, en considérant qu’elles consistent en quarante-deux livres sur la Trinité, & en commentaires sur l’Ecriture, par les principes de la dialectique, & de la théologie scholastique. (D. J.)​","[['47 22\' N 26 51\' 30"" E']]",,"47 22' N 26 51' 30"" E","47 22' N 26 51' 30"" E"
v17-1709-0,ZABUL,"ZABUL, (Géog. mod.)​ ville d’Asie, capitale du Zablestan. Long. selon M. Petit de la Croix, 102. latit. 33. (D. J.)​",[['33 N 102 E']],,33 N 102 E,33 N 102 E
v17-1771-0,ZAMIN,"ZAMIN, (Géog. mod.)​ ville du pays de Mavaralnahar, ou province de Transoxane, située sur les confins du territoire de Samarcande, & qui est des dépendances de celles d’Osrouschah. On la trouve sur le chemin de Farganah à la Sogde. Elle est à 89 d. 40 de longitude, & à 40 d. 30 de latitude septentrionale. L’on recueille dans son terroir la manne la plus exquise de tout l’orient, que les Persans & ensuite les Arabes appellent Terengia-bin Alzamini. (D. J.)​","[[""40 30' N 89 40' E""]]",,40 30' N 89 40' E,40 30' N 89 40' E
v17-1776-0,ZAMOSKI ou ZAMOSCH,"ZAMOSKI ou ZAMOSCH, (Géog. mod.)​ ville de Pologne, au palatinat de Belz, avec titre de principauté, dans un fond environné de marais, à 15 lieues de Lemberg, & à 25 de Lubsin, entre ces deux villes. Elle est fortifiée. Longit. 41. 34. latit. 50. 38. (D. J.)​","[[""50 38' N 41 34' E""]]",,50 38' N 41 34' E,50 38' N 41 34' E
v17-1788-0,ZANTE,"ZANTE, (Géog. mod.)​ ville capitale de l’île de même nom, le long de la côte, & regardant le couchant. On y compte environ quinze mille ames ; elle n’est point murée, mais défendue par une forteresse bâtie sur une éminence. Son port qui est au midi est très-bon. Il y a dans cette ville un évêque du rit latin, suffragant de Corfou, mais la plûpart des habitans font profession du rit grec, sous la direction d’un protopapa, & ils relevent de l’évêque de Céphalonie. Les Vénitiens, en qualité de maîtres de Zante, y tiennent un provéditeur. Les Anglois y ont un comptoir, conduit par un consul. Les Hollandois y ont pareillement un consul, & les François n’y ont qu’un commis. Long. 36. 55. lat. 37. 56. (D. J.)​","[[""37 56' N 36 55' E""]]",,37 56' N 36 55' E,37 56' N 36 55' E
v17-1829-0,ZAUZAN,"ZAUZAN, (Géog. mod.)​ ville du Khorassan, entre Hérat & Nischabour. Long. 80. 30. latit. septentrionale. 35. 20. (D. J.)​","[[""35 20' N 80 30' E""]]",,35 20' N 80 30' E,35 20' N 80 30' E
v17-1848-0,ZEITZ,"ZEITZ, (Géog. mod.)​ en latin du moyen âge, Mamilla ; petite ville d’Allemagne, au cercle de la haute-Saxe, & au duché de Naumbourg, dans la Misnie, sur l’Ester, à 12 lieues au sud-est de Léipsick. Elle est presque deserte. Son évêché a été transféré à Naumbourg, & sa translation confirmée par le pape Jean XIX. Long. suivant Cassini, 29. 43. 45. latitude 51. 71.


Herculicius (David), médecin & astrologue, naquit à Zeitz, en 1557, & mourut en 1636. Il gagna sa vie à pratiquer la médecine, à écrire divers ouvrages en allemand, & à faire des horoscopes ; mais comme il ne manquoit pas d’esprit, il se ménageoit le plus qu’il pouvoit, afin de ne pas trop faire connoître l’incertitude de son art. Sa maison & tout le recueil de ses observations astrologiques (dont la perte n’est pas grande) périrent dans l’incendie qui mit en cendres la ville de Stargard, le 7 d’Octobre 1635. (D. J.)​","[['51 71\' N 29 43\' 45"" E']]",,"51 71' N 29 43' 45"" E","51 71' N 29 43' 45"" E"
v17-2023-0,ZOUR,"ZOUR, (Géog. mod.)​ ville de Perse, dans la province de Belad-Coressam. Long. suivant les géographes persiens, au rapport de Tavernier, 70. 20. lat. 35. 32. (D. J.)​","[[""35 32' N 70 20' E""]]",,35 32' N 70 20' E,35 32' N 70 20' E
v17-2044-0,ZUREND,"ZUREND, (Géog. mod.)​ ville de Perse, dans la province de Kerman. Long. suivant les Géographes persans, 73. 40. latit. 35. 13. (D. J.)​","[[""35 13' N 73 40' E""]]",,35 13' N 73 40' E,35 13' N 73 40' E
v17-2051-1,Zutphen,"Zutphen, (Géog. mod.)​ ville des Provinces-Unies, dans la province de Gueldre, sur le bord oriental de l’Yssel, capitale du comté de même nom, à deux lieues au sud-est de Déventer, à quatre d’Arnheim, à six au nord-est de Nimegue, & à vingt au levant d’Amsterdam. Cette ville bâtie depuis plus de huit siecles, est aujourd’hui bien fortifiée, & a été souvent attaquée. Elle fut prise d’assaut l’an 1572, par Frédéric de Tolede, fils du duc d’Albe, qui traita les habitans avec la derniere barbarie. Le comte Maurice de Nassau reprit cette ville sur les Espagnols en 1591 ; & depuis lors elle est restée sous la puissance des Provinces Unies. Il est vrai que les François s’en rendirent maîtres en 1672 ; mais ils furent obligés de l’abandonner, ainsi que toute la Gueldre, en 1674. Le nom de Zulphen vient du mot veenen, qui dans la langue du pays signifie des prairies, & de celui de zudt, midi ; c’est donc comme qui diroit prairies méridionales. Long. 23. 45. latit. 52. 10.


Pitiscus (Samuel), littérateur, naquit à Zulphen, & mourut à Utrecht en 1717, à 90 ans. Il s’est fait connoître très-honorablement par son Lexicon antiquitatum romanarum, deux vol. in-fol. (D. J.)​","[[""52 10' N 23 45' E""]]",,52 10' N 23 45' E,52 10' N 23 45' E
v17-23-0,VENOSA,"VENOSA, (Géog. mod.)​ en latin Venusia, ville d’Italie, au royaume de Naples, dans la Basilicate, sur une petite riviere, au pié de l’Apennin, avec un évêché suffragant d’Acereuza. Elle a titre de principauté. Long. 33. 28. latit. 40. 46.


Luca (Jean-Baptiste), qui devint cardinal, étoit né à Venosa de parens obscurs, & mourut en 1683, âgé de 66 ans. Il a mis au jour une relation de la cour de Rome, relatio curiæ romanæ, où il traite amplement de routes les congrégations, tribunaux & autres jurisdictions de cette cour. (D. J.)​","[[""40 46' N 33 28' E""]]",,40 46' N 33 28' E,40 46' N 33 28' E
v17-230-0,VERTUS,"VERTUS, (Géog. mod.)​ ville de France, dans la Champagne, élection de Châlons, à six lieues au sud-ouest de Châlons, & à trente au nord-est de Paris, avec titre de comté-pairie, & justice royale. Cette ville est dans une plaine, au pié d’une montagne. Elle a dans son enceinte une collégiale & deux abbayes, l’une de bénédictins de la congrégation de S. Vanne, & l’autre de chanoines réguliers. Long. 21. 42. latit. 48. 53. (D. J.)​","[[""48 53' N 21 42' E""]]",,48 53' N 21 42' E,48 53' N 21 42' E
v17-239-0,VERVINS,"VERVINS, (Géogr. mod.)​ ville de France, dans la Picardie, en Thiérache, au voisinage de Laon, entre la Chapelle au nord, & Marle au midi, sur une hauteur. Henri IV. & Philippe II. roi d’Espagne, y conclurent un traité de paix, l’an 1598. Elle commerce en blé. Long. 21. 35. latit. 49. 51.


Lescarbot (Marc) naquit à Vervins en 1550, & mourut à Paris l’an 1625, à 75 ans. Il a publié une histoire de la nouvelle France, où il avoit séjourné quelque tems ; cet ouvrage imprimé à Paris en 1611,​ est assez agréable, parce que l’auteur y a entremêlé des remarques de littérature. Il suivit en Suisse Pierre de Castille ambassadeur de Louis XIII. & comme il se plaisoit à donner des relations des pays où il voyageoit, il fit le tableau de celui-ci en vers héroïques, & le publia en 1618. La plus ample édition de ses œuvres, est celle de Paris, en 1652. in-4°. (D. J.)​","[[""49 51' N 21 35' E""]]",,49 51' N 21 35' E,49 51' N 21 35' E
v17-326-1,Viana,"Viana, (Géog. mod.)​ ville d’Espagne dans la Navarre, capitale d’une principauté de même nom, avec titre de cité, sur la gauche de l’Elbe, vis-à-vis de Logrogno, à 12 lieues au sud-ouest de Pampelune. Ses environs abondent en blé, en vin, en fruits & en gibier. Long. 15. 32. lat. 42. 27.","[[""42 27' N 15 32' E""]]",,42 27' N 15 32' E,42 27' N 15 32' E
v17-335-1,Viatka,"Viatka, (Géog. mod.)​ ville épiscopale de l’empire russien dans la province du même nom, sur une petite riviere qui se rend dans celle de Viatka. Elle est munie d’un château pour la garantir des incursions des Tartares. Long. 69. 48. latit. 58. 24. (D. J.)​","[[""58 24' N 69 48' E""]]",,58 24' N 69 48' E,58 24' N 69 48' E
v17-352-0,VICHI,"VICHI, (Géog. mod.)​ petite ville de France, dans le Bourbonnois, sur la droite de l’Allier, à 16 lieues de Moulins, à 6 de Gannat, avec châtellenie, un corps de ville, un grenier à sel, une église paroissiale, & une maison de Célestins ; cependant cette petite ville n’est connue que par ses eaux minérales & par ses bains, sur lesquels on peut consulter leur article dans ce dictionnaire & les mémoires de l’académie des Sciences. Long. 21. 8. latit. 46. 2. (D. J.)​","[[""46 2' N 21 8' E""]]",,46 2' N 21 8' E,46 2' N 21 8' E
v17-442-12,Villa-hermosa,"Villa-hermosa, (Géog. mod.)​ ville d’Espagne, au royaume de Valence, sur un ruisseau qui se perd dans la riviere de Milas, à 15 lieues au nord de Valence. Elle a titre de duché érigé l’an 1470. Long. 17. 22. latit. 40. 21. (D. J.)​","[[""40 21' N 17 22' E""]]",,40 21' N 17 22' E,40 21' N 17 22' E
v17-442-22,Villa Réal,"Villa Réal, (Géog. mod.)​ ville d’Espagne, au royaume de Valence, sur le bord de la riviere de Milles ou de Mijarès, à une lieue de la mer, & à quatre au nord d’Alménara. Cette ville a été saccagée, brûlée & rasée par le général de las Torrès en 1706, parce qu’elle avoit embrassé le parti de l’archiduc. Long. 17. 45. latit. 40. (D. J.)​","[[""40 N 17 45' E""]]",,40 N 17 45' E,40 N 17 45' E
v17-442-24,Villa-Rubia,"Villa-Rubia, (Géog. mod.)​ petite ville d’Espagne, dans la nouvelle Castille, près du Tage au midi, au nord-est de Tolede. Long. 14. 18. lat. 39. 55. (D. J.)​","[[""39 55' N 14 18' E""]]",,39 55' N 14 18' E,39 55' N 14 18' E
v17-442-26,Villa-Viciosa ou Villa-Visoza,"Villa-Viciosa, (Géog. mod.)​ ou plutôt Villa-Visoza, c’est-à-dire vallée agréable à voir ; ville de Portugal dans la province d’Alentéjo, à 8 lieues au sud-ouest d’Elvas, & à 35 au sud-est de Lisbonne. Cette ville est fortifiée à la moderne, & a droit de députer aux états ; elle renferme deux églises paroissiales, huit couvens, & à peine deux mille ames. Les ducs de Bragance y ont autrefois résidé, & par cette raison c’est un propre du roi de Portugal. Il y a dans le fauxbourg de cette ville un temple, qui étoit anciennement consacré à Proserpine, comme il paroît par l’inscription suivante qu’on y a trouvée.



Proserpinæ servatrici,
C. Vettius, Syvinus
Pro. Eunoide. Plautilla
Conjuge. Sibi Restituta
V. S. A. L. P.


Ces dernieres lettres signifient, votum solvens animo libens posuit. Le terroir de Villa-Viciosa a des carrieres d’un beau marbre verd, & est très-fertile en toutes sortes de denrées. Long. 10. 13. latit. 38. 37. (D. J.)​​","[[""38 37' N 10 13' E""]]",,38 37' N 10 13' E,38 37' N 10 13' O
v17-464-0,VILVORDE,"VILVORDE, (Géog. mod.)​ ville des Pays-Bas, dans le Brabant, au quartier de Bruxelles, à deux lieues de cette ville, sur le canal, & à la même distance de Malines. Elle est traversée par la riviere de Senne. Il y a un hopital, un beguinage, un château où le châtelain fait sa demeure, & quelques couvens. Les dominicains y enseignent les humanités. Long. 22. 4. latit. 50. 48. (D. J.)​","[[""50 48' N 22 4' E""]]",,50 48' N 22 4' E,50 48' N 22 4' E
v17-553-0,VIRTON ou VERTON,"VIRTON ou VERTON, (Géog. mod.)​ petite ville des Pays-Bas, dans le duché de Luxembourg, à 8 lieues à l’ouest de Luxembourg, à 3 au sud-ouest d’Arlon, & à égale distance au nord-est de Montmédy. Elle est sujette pour le spirituel à l’électeur de Treves. Long. 23. 15. latit. 49. 52. (D. J.)​","[[""49 52' N 23 15' E""]]",,49 52' N 23 15' E,49 52' N 23 15' E
v17-597-0,"VISSOGROD, ou VISCHGROD","VISSOGROD, ou VISCHGROD, (Géog. mod.)​ petite ville de la grande Pologne, dans le palatinat de Mazovie, aux confins de celui de Ploczko, sur la Vistule à la droite, & à six lieues de la ville de Ploczko. Long. 37. 40. latit. 52. 38. (D. J.)​","[[""52 38' N 37 40' E""]]",,52 38' N 37 40' E,52 38' N 37 40' E
v17-625-2,Vitri-le-François,"Vitri-le-François, (Géog. mod.)​ ville de France, dans la Champagne, sur la droite de la Marne, à 6 lieues au sud-est de Châlons, à 12 au couchant de Bar-le-Duc, & à 46 au levant de Paris. Long. 22. 16. lat. 48. 39.


On appelle cette ville Vitri-le-François, en latin barbare Victoriacum Francisci I. parce que François I. la fit bâtir, & lui donna son nom & sa devise, après le saccagement de Vitri-le-Brûlé, ou Vitri en Pertois, par les troupes de Charles-quint, en 1544. François I. y transfera les jurisdictions qui étoient dans l’autre. Henri II. y fit élever sur la grande place le palais dans lequel lesdites jurisdictions tiennent leurs séances.


Cette ville est aujourd’hui très-peuplée, & fait un gros commerce en grains ; ses places sont assez belles, quoique les maisons n’y soient que de bois. Elle a pour sa défense huit bastions sans maçonnerie, mais entourés de fossés d’eau vive.


Il y a à Vitri un chapitre de fondation royale, un collége des peres de la doctrine chrétienne, deux hôpitaux, un couvent de minimes, un autre de récollets, & des religieuses de la congrégation.


Cette ville a aussi un bailliage, un présidial créé en 1551, & régi par sa coutume particuliere, un maître des eaux & forêts, un grenier à sel, & une châtellenie pour les domaines du roi.


Mais la principale gloire de Vitri-le-François est​d’avoir donné naissance, en 1667, à M. Moivre (Abraham). Il entrevit de bonne heure les charmes des mathématiques, & en fit son étude favorite. Il eut pour maître à Paris le célebre Ozanam, avec lequel il lut non-seulement les livres d’Euclide, qui lui parurent trop difficiles à entendre sans le secours d’un maître, mais encore les sphériques de Théodose.


La révocation de l’édit de Nantes obligea M. Moivre à changer de religion ou de pays. Il opta sans balancer pour ce dernier parti, & passa en Angleterre, comptant, avec raison, sur ses talens, & croyant cependant encore trop légerement avoir atteint le sommet des mathématiques. Il en fut bientôt & bien singulierement désabusé.


Le hazard le conduisit chez le lord Devonshire, dans le moment où M. Newton venoit de laisser à ce seigneur un exemplaire de ses principes. Le jeune mathématicien ouvrit le livre, & séduit par la simplicité apparente de l’ouvrage, se persuada qu’il alloit l’entendre sans difficulté ; mais il fut bien surpris de le trouver hors de la portée de ses connoissances, & de se voir obligé de convenir, que ce qu’il avoit pris pour le faîte des mathématiques, n’étoit que l’entrée d’une longue & pénible carriere qui lui restoit à parcourir. Il se procura promptement ce beau livre, & comme les leçons qu’il étoit obligé de donner l’engageoient à des courses presque continuelles, il en déchira les feuillets pour les porter dans sa poche, & les étudier dans les intervalles de ses travaux. De quelque façon qu’il s’y fût pris, il n’auroit jamais pu offrir à Newton un hommage plus digne, ni plus flatteur, que celui qu’il lui rendoit en déchirant ainsi ses ouvrages.


M. Moivre parcourut toute la géométrie de l’infini avec la même facilité & la même rapidité, qu’il avoit parcouru la géométrie élémentaire ; il fut bien-tôt en état de figurer avec les plus illustres mathématiciens de l’Europe ; & par un grand bonheur, il devint ami de M. Newton même.


En 1697, il communiqua à la Société royale, une méthode pour élever ou pour abaisser un multinome infini à quelque puissance que ce soit, d’où il tira depuis une méthode de retourner les suites, c’est-à-dire d’exprimer la valeur d’une des inconnues par une nouvelle suite, composée des puissances de la premiere. Ces ouvrages lui procurerent sur le champ une place dans la Société.


Il avoit donné en 1707 différentes formules pour résoudre, à la maniere de Cardan, un grand nombre d’équations, où l’inconnue n’a que des puissances impaires ; ces formules étoient déduites de la considération des secteurs hyperboliques, & comme l’équation de l’hyperbole ne differe que par les signes de celle du cercle, il appliqua les mêmes formules aux arcs du cercle ; par ce secours, & celui de certaines suites, il résolut des problèmes qu’il n’eût osé tenter sans cela. Ces succès lui attirerent les plus grands éloges de la part de M. Bernouilli & de M. Leibnitz.


M. de Montmort ayant publié son analyse des jeux de hazard, on proposa à M. Moivre quelques problèmes plus difficiles & plus généraux, qu’aucun de ceux qui s’y rencontrent : comme il étoit depuis long-tems au fait de la doctrine, des suites & des combinaisons, il n’eut aucune peine à les résoudre ; mais il fit plus, il multiplia ses recherches, & trouva ses solutions & la route qu’il avoit prise si différentes de celles de M. de Montmort, qu’il ne craignit point qu’on pût l’accuser de plagiat ; aussi de l’aveu de la Société royale qui en porta le même jugement, son ouvrage fut imprimé dans les transactions Philosophiques, sous le titre de mensura sortis.


M. Moivre donna depuis deux éditions angloises​ de son ouvrage, dans lesquelles il renchérit beaucoup sur les précédentes ; la seconde sur-tout qui parut en 1738, est précédée d’une introduction qui contient les principes généraux de la maniere d’appliquer le calcul au hazard ; il y indique le fondement de ses méthodes, & la nature des suites qu’il nomme récurrentes, dans lesquelles chacun des termes a un rapport fixe avec quelques-uns des précédens ; & comme elles se divisent toujours en un certain nombre de progressions géométriques, elles sont toujours aussi facilement sommables.


Les recherches de M. Moivre sur les jeux de hazard, l’avoient tourné du côté des probabilités : il continua de travailler sur ce sujet, & résolut la question suivante : « si le nombre des observations sur les événemens fortuits peut être assez multiplié, pour que la probabilité se change en certitude ». Il trouve qu’il y a effectivement un nombre de faits, ou d’observations assignables, mais très-grand, après lequel la probabilité ne differe plus de la certitude ; d’où il suit qu’à la longue le hazard ne change rien aux effets de l’ordre, & que par conséquent, où l’on observe l’ordre & la constante uniformité, on doit reconnoître aussi l’intelligence & le choix ; raisonnement bien fort contre ceux qui osent attribuer la création au hazard & au concours fortuit des atomes.


L’âge de M. Moivre commençant à s’avancer, il se trouva successivement privé de la vûe & de l’ouie ; mais ce qu’il y eut de plus singulier, c’est que le besoin de dormir augmenta chez lui à un tel point, que vingt heures de sommeil par jour, lui devinrent habituelles. Enfin, en 1754 il cessa de s’éveiller, étant âgé de quatre-vingt-sept ans. L’académie des Sciences de Paris, l’avoit nommé cinq mois auparavant à la place d’associé étranger, & il se flattoit même alors, de pouvoir payer cet honneur par quelque tribut académique. (Le chevalier de Jaucourt.)​","[[""48 39' N 22 16' E""]]",,48 39' N 22 16' E,48 39' N 22 16' E
v17-667-0,ULA,"ULA, (Géog. mod.)​ lac, île & ville de Suede, dans la Bothnie orientale. Le lac a treize milles de longueur sur dix de largeur ; il se dégorge dans le golphe de Bothnie, par le moyen d’un émissaire ou de la riviere qui porte son nom. L’île est au milieu du lac. Elle a cinq milles de longueur & trois de largeur. La ville, qui est fort petite, est sur la côte du golphe de Bothnie, près de l’endroit où se décharge le lac. Sa long. 42. 35. latit. 65. 16. (D. J.)​","[[""65 16' N 42 35' E""]]",,65 16' N 42 35' E,65 16' N 42 35' E
v17-684-0,ULM,"ULM, (Géog. mod.)​ ville d’Allemagne dans la Suabe, sur la gauche du Danube qu’on y passe sur un pont, à quinze lieues au couchant d’Augsbourg, vingt-six nord-est de Munich, & cent quinze ouest de Vienne. Elle est grande, bien peuplée, la premiere des villes impériales de Suabe, & la dépositaire des archives du cercle. Le Danube & le Blaw contribuent à son embélissement, à sa propreté, & sur-tout à son commerce, qui est très-considérable en étoffes, en toiles, en futaines, & sur-tout en quincaillerie. Long. 27. 45. latit. 48. 24.


Ulm a été ainsi nommée à cause de la grande quantité d’ormes qui l’environnoient ; ce n’étoit qu’un petit bourg du tems de Charlemagne, & ce prince en fit donation à l’abbaye de Reichnaw ; l’empereur Lothaire II. ruina ce bourg pendant la guerre qu’il soutint contre Conrard & Frédéric duc de Suabe, qui lui disputoient la couronne : ceux du pays le rebâtirent, l’aggrandirent, & l’entourerent de murailles vers l’an 1200. Ensuite Frédéric II. le gratifia​ de plusieurs privileges, & Frédéric III. mit Ulm au rang des villes impériales. Son territoire est presque environné du duché de Wirtemberg, & le Danube l’arrose au midi oriental. La disposition de son gouvernement est la même qu’à Augsbourg, la religion luthérienne y regne depuis l’an 1531.


Freinshemius (Jean) naquit dans cette ville en 1608. Il se distingua par sa connoissance des langues mortes, & de presque toutes les langues vivantes de l’Europe. La reine Christine l’appella près d’elle, le fit son bibliothécaire & son historiographe ; mais la froideur du climat qui nuisoit à sa santé, l’obligea de renoncer à tous ces honneurs ; il se retira à Heidelberg, où il mourut cinq ans après en 1660. On a de lui des supplémens de Tacite, de Quinte-Curce, & de Tite-Live, avec des notes sur plusieurs auteurs latins, auxquelles il a joint d’excellentes tables.


Si Freinshemius s’est distingué dans la connoissance de la langue latine & des langues vivantes, Widmanstadius (Jean-Albert), & Hutterus (Elie), tous deux natifs de Ulm, avoient déja dans le seizieme siecle consacré leurs jours à l’étude des langues orientales. Le premier acquit une gloire encore rare dans le monde chrétien, par son édition du nouveau Testament syriaque. Elle parut à Vienne en Autriche en 1555. in-4°. 2. vol. Impensis regiis. On en tira mille exemplaires, dont l’empereur garda cinq cens, & les autres passerent en Orient.


On ne peut rien voir de plus beau (dit M. Simon, Hist. crit. des versions du nouveau Testament, c. xiv.), ni de mieux proportionné que les caracteres de cette édition, qui imitent les manuscrits, en ce qu’on n’y a mis aucune partie des points voyelles qu’on ajoute ordinairement aux mots, pour les lire plus facilement. Les Orientaux négligent pour l’ordinaire le plus souvent dans leurs manuscrits, ces sortes de points, & ceux qui les y ajoutent, n’y mettent que les plus nécessaires. C’est ce que Widmanstadius a aussi observé dans son édition, & il a suivi les manuscrits en plusieurs autres choses, principalement dans une table des leçons que les églises syriennes récitent pendant toute l’année. On trouve de plus dans cette édition, le titre de chaque leçon, marqué dans le corps du livre en des caracteres appellés estranguelo ; & le nombre des sections est indiqué à la marge. Comme ce nouveau Testament syriaque avoit été imprimé à la sollicitation de quelques chrétiens du Levant, & qu’il devoit même servir à leurs usages ; il eût été inutile d’y joindre une interprétation latine.


Hutterus (Elie) doit être né vers l’an 1554, & mérite par ses ouvrages & par son savoir dans les langues orientales, d’être plus connu qu’il ne l’est. Son édition de la bible en hébreu, parut pour la premiere fois à Hambourg en 1587, & lui donna des peines infinies. Elle est intitulée, Via sancta, sive biblia sacra hebræa veteris Testamenti, eleganti & majusculâ caracterum formâ, quâ primo statim intuitu, litteræ radicales & serviles, deficientes & quiescentes, è situ & colore discerni possunt. La même bible se trouve sans aucune différence avec la note des années 1588, 1595, & 1603, qui ne sont sans doute que de nouveaux titres mis à l’édition de 1687. A la fin de cette bible on trouve le pseaume 117, en trente langues différentes, pour servir d’essai de la polyglotte que l’auteur se proposoit de publier.


Ce qu’il y a de singulier dans cette bible, & ce qui la distingue de toutes les autres, c’est qu’en faveur de ceux qui apprennent l’hébreu, les lettres radicales sont imprimées en caracteres noirs & pleins, au-lieu que les lettres serviles sont d’un caractere creux & blanc ; & les déficientes, ainsi que celles qu’on ne prononce pas (quiescentes), sont au-dessus de la ligne en plus petit caractere.​


Quelque savans ont cru que cette méthode étoit fort utile pour les jeunes gens qui apprennent l’hébreu ; mais d’autres personnes éclairées la trouvent plus nuisible qu’avantageuse, en ce qu’elle n’est d’aucun usage, attendu qu’on peut apprendre à lire l’hébreu en quelques jours de tems, sans un pareil secours. A l’égard de l’accentuation, en louant l’exactitude de Hutterus, on lui reproche d’avoir, sur-tout dans les endroits difficiles, consulté son génie plus que les exemplaires, & mis des choses qui ne sont appuyées d’aucune autorité.


Lorsque Hutterus eut achevé sa bible, il entreprit de donner diverses éditions polyglotes des livres de l’ancien & du nouveau Testament, en réunissant avec le texte original, toutes les versions orientales & occidentales : car il entendoit presque toutes ces langues, & il exécuta en partie cette prodigieuse entreprise.


On a de lui deux bibles polyglotes, & diverses parties séparées de l’Ecriture-sainte, en diverses langues. La premiere de ses bibles est en quatre langues, & à paru à Hambourg, in-fol. cinq volum. en 1596. La seconde est en six langues ; M. Bayle ne distingue pas assez nettement cette seconde bible de la premiere ; comme aussi d’un autre côté dom Calmet ne paroît pas avoir connu celle qui est en quatre langues.


La bible en six langues, Biblia hexaglotta quadruplica, parut à Nuremberg en 1599. Hutterus fut aidé par quelques collegues dans son entreprise ; cependant les polyglottes, ainsi que les autres ouvrages de ce genre, qu’il a mis au jour avec le secours de David Woderus, ne lui ont pas fait autant d’honneur qu’il en espéroit. Les savans n’y ont pas trouvé assez de choix pour les versions, & même ils accusent Hutterus d’avoir corrigé trop hardiment le travail des autres. D’ailleurs les polyglottes de Paris & de Londres ont tellement effacé celles d’Allemagne, qu’elles ont trouvé peu d’acheteurs, & moins encore d’admirateurs & de panégyristes : aussi sont-elles extrêmement rares. Hutterus mourut à Nuremberg, peu de tems après l’an 1602. Les inquisiteurs ont trouvé ces ouvrages dignes d’avoir place dans leur catalogue des livres défendus ; mais il y a long-tems que leurs indices expurgatoires servent à illustrer la plûpart des livres qu’ils condamnent. (Le chevalier de Jaucourt.)​","[[""48 24' N 27 45' E""]]",,48 24' N 27 45' E,48 24' N 27 45' E
v17-717-0,UMBRIATICO,"UMBRIATICO, (Géog. mod.)​ petite ville d’Italie, au royaume de Naples, dans la Calabre citérieure, sur le Lipuda, à 20 milles au nord de Sancta-Severina, dont son évêché est suffragant. Longit, 34. 52. lat. 39. 27. (D. J.)​","[[""39 27' N 34 52' E""]]",,39 27' N 34 52' E,39 27' N 34 52' E
v17-73-0,VERCEIL,"VERCEIL, (Géog. mod.)​ en latin Vercella ; ville d’Italie dans le Piémont, sur les confins du Milanès, au confluent de la Sessia & de la Cerva, à 15 lieues au sud-ouest de Milan, & à égale distance au nord-est de Turin. Elle est la capitale d’une seigneurie de son nom, & est honorée d’un siege épiscopal. On y voit plusieurs couvens de l’un & de l’autre sexe. Son hôpital est un des beaux d’Italie ; ses rues sont larges ; ses fortifications sont régulieres, & composent quatorze bastions tous revêtus : cependant les François prirent cette ville en 1704. Elle a eu différens maîtres, après avoir été libre & république ; enfin elle tomba sous la domination des ducs de Milan, & delà sous celle des ducs de Savoie qui la possedent aujourd’hui. Long. 25. 48. lat. 45. 19.


Baranzano (Redemptus), religieux, a été dans le xvij. siecle l’un des premiers de son pays, qui ait osé s’écarter de la route d’Aristote en philosophant. Cependant la Mothe le Vayer rapporte que ce bon barnabite l’avoit assuré plusieurs fois, & toujours sous le bon plaisir de Dieu, qu’il se feroit revoir à lui, s’il partoit le premier de ce monde. Il ne tint pas sa parole, quoiqu’il soit mort plus de 40 ans avant M. le Vayer ; & il vérifia la sentence de Catulle, Epigr. iij.



Qui nunc it per iter tenebricosum,
Illuc undè negant redire quemquam.


Pantalion, auteur presqu’inconnu du xv. siecle, naquit à Verceil ; il devint premier médecin de Philibert I. quatrieme duc de Savoie, vers l’an 1470. Il a fait un livre de lacticiniis, imprimé à Lyon en 1525, in-4°. (D. J.)​","[[""45 19' N 25 48' E""]]",,45 19' N 25 48' E,45 19' N 25 48' E
v17-859-0,VOLO,"VOLO, (Géog. mod.)​ ville de la Turquie européenne, dans la province de Janna, entre Démétriade & Armiro, sur un golphe de son nom, où elle a un assez bon port défendu par une forteresse, à 14 lieues sud-est de Larisse.


La forteresse est à cent pas de la marine, & les Turcs y tiennent garnison ; c’est à Volo qu’on fait le biscuit pour les flottes du grand-seigneur, & on l’y tient dans des magasins particuliers. Le territoire de la ville consiste en plaines fertiles, & en collines chargées de vignes. Volo fut surpris & pillé par l’armée navale des Vénitiens en 1655, mais les Turcs l’ont fortifié depuis ce tems-là d’une nouvelle citadelle.


Tout concourt à justifier que Volo est la Pagasa des anciens, où Jason fit bâtir & mettre à l’eau pour la premiere fois cette nef célebre, qui au retour de Colchos, fut placée parmi les étoiles du firmament, & c’est dans le port voisin appellé par les anciens aphetæ, que se fit l’embarquement des argonautes, selon le témoignage de Strabon. Le même géographe ajoute qu’on y voyoit des sources très-abondantes ; c’est toujours la même chose, il n’y a point dans toute cette côte de sources plus fécondes que celles de Volo, & c’est ici que la plûpart des bâtimens qui se trouvent en parage, viennent faire de l’eau. Long. 41. 16. lat. 39. 36. (D. J.)​","[[""39 36' N 41 16' E""]]",,39 36' N 41 16' E,39 36' N 41 16' E
v17-9-0,VÉNÉZUELA,"VÉNÉZUELA, (Géog. mod.)​ province de l’Amérique méridionale. Elle est bornée au septentrion par la mer du Nord, au midi par la nouvelle Grenade, au levant par la province de Cumana, & au couchant par celle de Rio de la Hacha, sur un golfe de même nom. Le terroir produit en quelques endroits deux recoltes. Cette province a été découverte en 1499, par Alphonse Ojéda qui avoit sur son bord Améric Vespuce, riche marchand florentin. Sa capitale se nomme Macaraïbo, dont la longitude est 309. latit. 10. 12.


Ojéda & Vespuce ayant découvert en Amérique par les onze degrés de latitude septentrionale, un grand golfe, le nommerent Vénézuela ou petite Venise, à cause d’un village qu’ils y trouverent bâti sur pilotis, dans des petites îles, avec des especes de ponts de communication de l’une à l’autre.


Quelques années après, le facteur royal Jean d’Amquez eut ordre, en 1527, d’aller s’y etablir avec 60 hommes qu’on lui donna. Il débarqua à l’endroit où Ojéda avoit trouvé cette bourgade, bâtie à la maniere de Venise, au milieu d’une lagune ; & il s’allia avec Manauré, cacique puissant, ce qui lui facilita l’exécution des ordres dont il étoit chargé. Il bâtit la ville de Coro dans une situation très avantageuse, & il se rendit maître sans beaucoup de peine de toute cette belle province, comme aussi des iles de Curacao ou Coraçol, d’Otuba, & de Bonayre, qui ne sont qu’à 14 lieues.


Les Velses, riches marchands d’Augsbourg, qui avoient fait de grandes avances à Charles-Quint, ayant oui parler de Vénézuela, comme d’un pays abondant en or, en obtinrent de cet empereur le domaine à titre de paiement, pendant un tems limité, & à de certaines conditions. Ils confierent l’exécution de leur entreprise à un allemand nommé Affinger, qui arriva à Vénézuela, en 1529, avec trois navires qui portoient quatre cens hommes de pié ; mais cette colonie périt bientôt, parce qu’Affinger au lieu de gagner l’amitié des Indiens, ne songea qu’à satisfaire son avarice par toutes sortes d’actions barbares, ce qui revolta les peuples qui le tuerent, & lui couperent la tête, juste récompense de ses cruautés. (D. J.)​","[[""10 12' N 309 E""]]",,10 12' N 309 E,10 12' N 309 O
v17-989-0,"URIEZ, détroit d'","URIEZ, détroit d’, (Géog. mod.)​ détroit de l’Asie au nord du Japon, par les 45 degrés de latitude septentrionale, & les 170 degrés de longitude. Ce détroit peut avoir quatorze lieues d’étendue. (D. J.)​",[['45 N 170 E']],,45 N 170 E,45 N 170 E
v2-1065-2,Berne,"Berne, (Géog.)​ ville de Suisse, capitale du canton de même nom, dans une longue presqu’île formée par l’Aar. Long. 25. 10. lat. 47.","[[""47 N 25 10' E""]]",,47 N 25 10' E,47 N 25 10' E
v2-1073-0,BERRE,"*​ BERRE, (Géog.)​ petite ville de France, en Provence, avec titre de baronie, au diocese d’Arles. Long. 22. 52. lat. 43. 32.","[[""43 32' N 22 52' E""]]",,43 32' N 22 52' E,43 32' N 22 52' E
v2-1116-0,BETHUNE,"*​ BETHUNE, (Géog.)​ ville de France au comté d’Artois, sur la petite riviere de Biette. Long. 20. 18. 8. lat. 50. 31. 66.","[['50 31\' 66"" N 20 18\' 8"" E']]",,"50 31' 66"" N 20 18' 8"" E","50 31' 66"" N 20 18' 8"" E"
v2-1117-0,BETLIS,"*​ BETLIS, (Géog.)​ ville d’Asie, capitale du Curdistan, sur la riviere de Bendmahi. Long. 60. 10. lat. 37. 20.","[[""37 20' N 60 10' E""]]",,37 20' N 60 10' E,37 20' N 60 10' E
v2-1152-0,BIAFARA,"*​ BIAFARA, (Géog.)​ royaume d’Afrique, dans la basse Ethiopie, dont les habitans sont idolatres. Long. 35. 50. lat. 6. 10.","[[""6 10' N 35 50' E""]]",,6 10' N 35 50' E,6 10' N 35 50' E
v2-1155-0,BIALOGROD,"*​ BIALOGROD, (Géog.)​ ville de la Bessarabie, sur le Niester, appartenante aux Turcs ; cette ville s’appelle aussi Akerman. Long. 49. 20. lat. 46. 24.","[[""46 24' N 49 20' E""]]",,46 24' N 49 20' E,46 24' N 49 20' E
v2-118-0,BAGDAD,"*​ BAGDAD, (Géog.)​ ville d’Asie, sur la rive orientale du Tigre. Long. 63. 15. lat. 37. 15.


C’est aussi une partie de la Turquie en Asie, & un de ses gouvernemens généraux.","[[""37 15' N 63 15' E""]]",,37 15' N 63 15' E,37 15' N 63 15' E
v2-1210-0,BIECZ,"*​ BIECZ (Géog.)​, petite ville de Pologne, dans le Palatinat de Cracovie, sur la riviere de Wiseloke ; elle est remarquable par ses mines de Vitriol. Long. 38. 53. lat. 49. 50.","[[""49 50' N 38 53' E""]]",,49 50' N 38 53' E,49 50' N 38 53' E
v2-1218-0,BIELSKO,"*​ BIELSKO (Géog.)​ grande ville de la Pologne, dans le Palatinat, & sur la riviere de même nom. Long. 41. 41. lat. 52. 40.","[[""52 40' N 41 41' E""]]",,52 40' N 41 41' E,52 40' N 41 41' E
v2-1263-0,BIHACH ou WIHICZ,"*​ BIHACH ou WIHICZ, (Géog.)​ ville forte de la Croatie appartenante aux Turcs, sur la riviere d’Unna. Long. 33. 52. lat. 44. 35.","[[""44 35' N 33 52' E""]]",,44 35' N 33 52' E,44 35' N 33 52' E
v2-1276-0,BILHON ou BILLON,"*​ BILHON ou BILLON, (Géog.)​ petite ville de France, dans l’Auvergne. Long. 21. lat. 45. 36.","[[""45 36' N 21 E""]]",,45 36' N 21 E,45 36' N 21 E
v2-130-0,BAGNOLS,"*​ BAGNOLS, (Géog.)​ petite ville de France dans le bas Languedoc, proche de la Cese. Longit. 22. 13. lat. 44. 10.","[[""44 10' N 22 13' E""]]",,44 10' N 22 13' E,44 10' N 22 13' E
v2-1315-0,BINAROS,"*​ BINAROS, (Géog.)​ petite ville du royaume de Valence en Espagne, sur les frontieres de Catalogne. Long. 17. 55. lat. 40. 24.","[[""40 24' N 17 55' E""]]",,40 24' N 17 55' E,40 24' N 17 55' E
v2-1321-0,BINGASI,"*​ BINGASI, (Géog.)​ ville maritime d’Afrique, au royaume de Tripoli. Long. 37. 40. lat. 32. 20.","[[""32 20' N 37 40' E""]]",,32 20' N 37 40' E,32 20' N 37 40' E
v2-1343-0,BIRCKENFELD,"*​ BIRCKENFELD, ville & principauté d’Allemagne dans le Hundsruck, appartenante au prince Palatin, duc de Deux-ponts. Longit. 24. 39. latit. 49. 35.","[[""49 35' N 24 39' E""]]",,49 35' N 24 39' E,49 35' N 24 39' E
v2-1348-0,BIRMINGHAM,"BIRMINGHAM, (Géog.)​ ville d’Angleterre dans la province de Warwick, remarquable par son commerce en fer. Long. 16. lat. 52. 35.","[[""52 35' N 16 E""]]",,52 35' N 16 E,52 35' N 16 O
v2-1389-0,BISNAGAR,"BISNAGAR, (Géog.)​ grande ville d’Asie, dans les Indes, capitale d’un royaume de même nom, appellée aussi Carnate. Longit. 95. 30. lat. 13. 20.","[[""13 20' N 95 30' E""]]",,13 20' N 95 30' E,13 20' N 95 30' E
v2-1452-0,BLAMONT,"*​ BLAMONT, (Géog.)​ petite ville de Lorraine sur la riviere de Vezaize. Long. 24. 20. lat. 48. 35.","[[""48 35' N 24 20' E""]]",,48 35' N 24 20' E,48 35' N 24 20' E
v2-1453-22,Blanc (le),"*​ Blanc (le), Géog.​ petite ville de France, en Berry, sur la Creuse. Longitude 18. 43. latitude 46. 38.","[[""46 38' N 18 43' E""]]",,46 38' N 18 43' E,46 38' N 18 43' E
v2-1543-0,BOBIO,"BOBIO, (Géog.)​ ville d’Italie dans le Milanès, au territoire de Pavie sur la Trébia. Long. 27. lat. 44. 48.","[[""44 48' N 27 E""]]",,44 48' N 27 E,44 48' N 27 E
v2-1640-0,BOLZANO ou BOZZEN,"BOLZANO ou BOZZEN, (Géog.)​ ville d’Allemagne au comté de Tirol, sur la riviere d’Eisach, proche l’Adige. Long. 28. 46. lat. 46. 42.","[[""46 42' N 28 46' E""]]",,46 42' N 28 46' E,46 42' N 28 46' E
v2-1691-0,BONNE,"BONNE, (Géog.)​ ville maritime d’Afrique dans la Barbarie, au royaume d’Alger. Long. 25. 28. lat. 37.","[[""37 N 25 28' E""]]",,37 N 25 28' E,37 N 25 28' E
v2-1698-0,BONNESTABLE,"BONNESTABLE, (Géog.)​ ville de France, dans le Maine, à 6 lieues du Mans ; il s’y fait un grand commerce de blé. Long. 18. 5. lat. 48. 11.","[[""48 11' N 18 5' E""]]",,48 11' N 18 5' E,48 11' N 18 5' E
v2-1720-0,BOPFINGEN,"BOPFINGEN, (Géog.)​ petite ville libre & impériale d’Allemagne dans la Soüabe, sur l’Eger. Lon. 27. 30. lat. 48. 51.","[[""48 51' N 27 30' E""]]",,48 51' N 27 30' E,48 51' N 27 30' E
v2-1721-0,BOPPART,"BOPPART, (Géog.)​ petite ville d’Allemagne du cercle du bas Rhin, dans l’archevêché de Treves, autrefois impériale, mais unie à l’électorat de Treves en 1494. Elle est au pié d’une colline sur les bords du Rhin, près des monts de Pedernach, à 3 lieues de Coblentz. Long. 25. 10. lat. 50. 19.","[[""50 19' N 25 10' E""]]",,50 19' N 25 10' E,50 19' N 25 10' E
v2-1738-0,BORCKELOO,"BORCKELOO, (Géog.)​ place forte des Provinces-Unies au comté de Zutphen, & à 4 lieues de la ville de ce nom, sur la riviere de Borckel. Long. 24. 5. lat. 52. 15.","[[""52 15' N 24 5' E""]]",,52 15' N 24 5' E,52 15' N 24 5' E
v2-1849-0,BOTZENBOURG,"BOTZENBOURG, (Géog.) ville d'Allemagne située sur l'Elbe, dans le duché de Meckelbourg. Lon. 28. 23. lat. 53. 34.","[[""53 34' N 28 23' E""]]",,53 34' N 28 23' E,53 34' N 28 23' E
v2-1945-3,"Bourbon-l'Archambaut, ou les Bains","Bourbon-l’Archambaut, ou les Bains, (Géog.)​ petite ville de France, dans le Bourbonnois, à 6 lieues de Moulins, remarquable par ses bains ; les eaux en sont salées, & laissent sur les bords du vase une couleur jaunâtre, avec une odeur de soufre : elles sont si chaudes au toucher, qu’on ne sauroit y tenir long-tems la main ; on en boit cependant sans se brûler. Long. 20d. 43′. 29″. lat. 46. 35′. 22″.","[['46 35\' 22"" N 20 43\' 29"" E']]",,"46 35' 22"" N 20 43' 29"" E","46 35' 22"" N 20 43' 29"" E"
v2-1961-1,Bourg-en-Bresse,"Bourg-en-Bresse, (Géog.)​ ville de France, capitale de la Bresse, presqu’au centre de cette contrée, sur la riviere de Resousse. Long. 22. 53. 55. lat. 46. 12. 31.","[['46 12\' 31"" N 22 53\' 55"" E']]",,"46 12' 31"" N 22 53' 55"" E","46 12' 31"" N 22 53' 55"" E"
v2-1975-0,BOURMONT,"BOURMONT, (Géog.)​ petite ville de France au duché de Bar, à sept lieues de Nancy, près de la Meuse. Long. 23. 18. lat. 48. 10.","[[""48 10' N 23 18' E""]]",,48 10' N 23 18' E,48 10' N 23 18' E
v2-200-0,BALAGUER,"*​ BALAGUER, (Géog.)​ ville d’Espagne dans la Catalogne sur la Segre. Long. 18. 28. lat. 41. 38.","[[""41 38' N 18 28' E""]]",,41 38' N 18 28' E,41 38' N 18 28' E
v2-2127-0,"BRASLAW, ou BRACKLAW","BRASLAW, ou BRACKLAW, (Géog.)​ ville & palatinat, ou province de la petite Russie, sur les frontieres de la Tartarie ; la ville est située sur la riviere de Bog. Long. 47. 15. lat. 48. 49.","[[""48 49' N 47 15' E""]]",,48 49' N 47 15' E,48 49' N 47 15' E
v2-2166-0,BRECHKNOCK,"BRECHKNOCK, (Géog.)​ ville d’Angleterre au midi de la province de Galles, dans un petit pays appellé Brecknockshire. Long. 14. 12. lat. 52. 8.","[[""52 8' N 14 12' E""]]",,52 8' N 14 12' E,52 8' N 14 12' E
v2-2167-0,BREDA,"BREDA, (Géog.)​ ville forte avec titre de baronie, située dans le Brabant Hollandois, dans un lieu fort marécageux, sur la Merck. Long. 22. 20. lat. 51. 35.","[[""51 35' N 22 20' E""]]",,51 35' N 22 20' E,51 35' N 22 20' E
v2-2221-0,BRESLAU,"BRESLAU, (Géog.)​ grande & riche ville, avec titre de principauté ; elle est la capitale de la Silésie, sur l’Oder : elle est fortifiée, & fort commerçante. Il y a un évêché & une université ; elle appartient aujourd’hui au roi de Prusse. Long. 34. 40. lat. 51. 4.","[[""51 4' N 34 40' E""]]",,51 4' N 34 40' E,51 4' N 34 40' E
v2-2269-0,BRIDGENORTH,"BRIDGENORTH, (Géog.)​ petite ville d’Angleterre, dans le Shropshire, sur la Saverne. Long. 15. 5. lat. 52. 34.​","[[""52 34' N 15 5' E""]]",,52 34' N 15 5' E,52 34' N 15 5' O
v2-2270-0,BRIDGETOWN,"BRIDGETOWN, (Géog.)​ ville d’Amérique, dans l’île de la Barbade, aux Anglois ; elle est forte & bien peuplée. Long. 318. 40. lat. 13. 24.","[[""13 24' N 318 40' E""]]",,13 24' N 318 40' E,13 24' N 318 40' O
v2-2276-1,Brie-Comte-Robert,"Brie-Comte-Robert, (Géog.)​ petite ville de France dans la Brie, à 6. lieues de Paris. Long. 20d. 16′. 24″. lat. 48d. 41′. 26″.","[['48 41\' 26"" N 20 16\' 24"" E']]",,"48 41' 26"" N 20 16' 24"" E","48 41' 26"" N 20 16' 24"" E"
v2-2312-0,BRINN,"BRINN, (Géog.)​ ville forte d’Allemagne, en Moravie, au confluent des rivieres de Schwart & de Schwitt. Long. 24. 43. lat. 49. 8.","[[""49 8' N 24 43' E""]]",,49 8' N 24 43' E,49 8' N 24 43' E
v2-2326-0,"BRISACH, (le vieux)","BRISACH, (le vieux) (Géogr.)​ ville d’Allemagne, autrefois capitale du Brisgaw, sur le Rhin. Long. 25. 28. lat. 48. 8.","[[""48 8' N 25 28' E""]]",,48 8' N 25 28' E,48 8' N 25 28' E
v2-2407-0,BROUAGE,"BROUAGE, (Géog.)​ ville forte de France, en Saintonge, avec un havre, fameuse par ses salines. Long. 16d. 35′. 26″. lat. 45d. 50′. 11″.","[['45 50\' 11"" N 16 35\' 26"" E']]",,"45 50' 11"" N 16 35' 26"" E","45 50' 11"" N 16 35' 26"" E"
v2-2527-0,BUCHORN,"BUCHORN, (Géog.)​ petite ville libre & impériale d’Allemagne, au cercle de Souabe, sur le lac, & à cinq lieues de Constance. Long. 27. 16. latit.  47. 41.","[[""47 41' N 27 16' E""]]",,47 41' N 27 16' E,47 41' N 27 16' E
v2-2544-0,BUDE ou OFFEN,"BUDE ou OFFEN, (Géog.)​ grande & forte ville, capitale de la basse Hongrie & de tout ce royaume, avec une bonne citadelle : la situation en est agréable, & le terrein de ses environs est fertile en vins excellens. Il y a des sources d’eau chaude, où l’on​cuit des œufs en très-peu de tems, quoiqu’on y voye nager des poissons vivans. Diction. géog. de M. Vosgien. Elle est sur le Danube. Long. 36. 45. lat. 47.  20.","[[""47 20' N 36 45' E""]]",,47 20' N 36 45' E,47 20' N 36 45' E
v2-2550-0,BUDWEISS,"BUDWEISS, ville d’Allemagne en Boheme, sur la Moldaw, à 29 lieues de Prague. Lon. 32. 37. lat.  42. 15. Il y a encore une ville de ce nom en Moravie, entre Trebitz & Znaim.","[[""42 15' N 32 37' E""]]",,42 15' N 32 37' E,42 15' N 32 37' E
v2-2606-0,BUNTZEL ou BUNTZLAU,"BUNTZEL ou BUNTZLAU, (Géog.)​ Il y a deux villes en Boheme de ce nom ; l’ancienne qui est sur l’Elbe ; la nouvelle (c’est la plus considérable) est sur la Gizare, à huit lieues de Lignitz. Long. 33. 25.  lat. 51. 12. Il y en a outre cela encore une de ce nom en Silésie, dans la principauté de Jauer.​","[[""51 12' N 33 25' E""]]",,51 12' N 33 25' E,51 12' N 33 25' E
v2-2651-0,BURICK,"BURICK, (Géog.)​ petite ville d’Allemagne, au cercle de Westphalie, dans le duché de Cleves, appartenant au roi de Prusse. Lon. 24. 20. lat. 51. 38.","[[""51 38' N 24 20' E""]]",,51 38' N 24 20' E,51 38' N 24 20' E
v2-2677-0,BUST ou BOST,"BUST ou BOST, (Géog.)​ ville forte d’Asie, en Perse, capitale du Sablestan. Long. 87. 50. lat. 31.  50.","[[""31 50' N 87 50' E""]]",,31 50' N 87 50' E,31 50' N 87 50' E
v2-2728-0,CAANA,"CAANA, (Géog.)​ ville d’Egypte sur le bord oriental du Nil, agréable par sa situation, & curieuse par beaucoup de monumens. Long. 49. 58. lat. 25.  30.","[[""25 30' N 49 58' E""]]",,25 30' N 49 58' E,25 30' N 49 58' E
v2-2754-0,CABES ou GABES,"CABES ou GABES, (Géog.)​ ville d’Afrique au royaume de Tunis, assez près du golfe du même nom. Long. 28. 30. lat. 33. 40.","[[""33 40' N 28 30' E""]]",,33 40' N 28 30' E,33 40' N 28 30' E
v2-2786-0,CABRA,"CABRA, (Géog.)​ ville d’Afrique au royaume de Tombut dans la Nigritie, sur le bord du Sénégal. Long. 18. 25. lat. 15. 10.","[[""15 10' N 18 25' E""]]",,15 10' N 18 25' E,15 10' N 18 25' O
v2-2945-0,CAIRE (le),"CAIRE, (le) Géog.​ grande ville d’Afrique, capitale de l’Egypte ; elle passe pour l’une des plus consi-​dérables de la domination des Turcs : elle est sur la rive orientale du Nil. Lon. 49d. 6′. 15″. lat. 30d. 2′. 30″.","[['30 2\' 30"" N 49 6\' 15"" E']]",,"30 2' 30"" N 49 6' 15"" E","30 2' 30"" N 49 6' 15"" E"
v2-2946-0,CAIROAN,"CAIROAN, (Géog.)​ ville d’Afrique, au royaume de Tunis. Lon. 29. lat. 35. 40.","[[""35 40' N 29 E""]]",,35 40' N 29 E,35 40' N 29 E
v2-2958-0,CALAA,"CALAA, (Géog.)​ ville d’Afrique au royaume de Tremecen. Long. 12. 30. lat. 31. 10.","[[""31 10' N 12 30' E""]]",,31 10' N 12 30' E,31 10' N 12 30' E
v2-296-0,BANCOK,"*​ BANCOK (Géog.)​, fort d’Asie, au royaume de Siam, dans les Indes. Long. 119. lat. 13. 25.","[[""13 25' N 119 E""]]",,13 25' N 119 E,13 25' N 119 E
v2-2995-0,CALATAYUD,"CALATAYUD, (Géog.)​ ville d’Espagne dans le royaume d’Arragon, au confluent du Xalon & du Xiloca. Long. 16. 10. lat. 41. 22.","[[""41 22' N 16 10' E""]]",,41 22' N 16 10' E,41 22' N 16 10' E
v2-3052-0,CALI,"CALI, (Géog.)​ ville de l’Amérique méridionale, au Popayan, sur le bord de la riviere Cauca. Long.  304. 30. lat. 3. 15.","[[""3 15' N 304 30' E""]]",,3 15' N 304 30' E,3 15' N 304 30' O
v2-3058-0,CALICUT ou CALECUT,"CALICUT ou CALECUT, (Géog.)​ ville & royaume des Indes sur la côte de Malabar. La ville de ce nom est une des plus grandes de l’Inde. Le samorin ou roi du pays y fait sa résidence. On dit que lorsque ce prince se marie, les prêtres commencent par coucher avec sa femme, & qu’ensuite il leur fait un présent pour leur marquer sa reconnoissance de la faveur signalée qu’ils ont bien voulu lui faire : ce ne sont point ses enfans qui lui succedent, mais ceux de sa sœur. A l’exemple de leur souverain, les habitans de ce royaume ne font point difficulté de communiquer leurs femmes à leurs amis. Une femme peut avoir jusqu’à sept maris : si elle devient grosse, elle adjuge l’enfant à qui bon lui semble, & on ne peut appeller de son jugement. Les habitans de Calicut croient un Dieu : mais ils prétendent qu’il ne se mêle point du gouvernement de l’univers, & qu’il a laissé ce soin au diable, à qui conséquemment ils offrent des sacrifices. Il se fait un grand commerce à Calicut : il consiste en poivre, gingembre, bois d’aloès, canelle, & autres épiceries. La ville de Calicut est au degré de long. 93. 10. lat. 11. 21.","[[""11 21' N 93 10' E""]]",,11 21' N 93 10' E,11 21' N 93 10' E
v2-3090-0,CALMAR,"CALMAR, (Géog.)​ grande ville fortifiée de Sue-​de, dans la province de Smaland, avec un port sur la mer Baltique, sur le détroit auquel on donne le nom de Calmar-Sund. Long. 34. 33. lat. 56. 48.","[[""56 48' N 34 33' E""]]",,56 48' N 34 33' E,56 48' N 34 33' E
v2-3156-0,CAMBOYE ou CAMBOGE,"CAMBOYE ou CAMBOGE, (Géog.)​ ville & royaume d’Asie dans les Indes, borné au nord par le royaume de Laos, à l’orient par la Cochinchine, au sud & à l’ouest par le royaume & le golfe de Siam. Long. 122. 30. lat. 12. 40.","[[""12 40' N 122 30' E""]]",,12 40' N 122 30' E,12 40' N 122 30' E
v2-3161-0,CAMBRIDGE,"CAMBRIDGE, (Géog.)​ ville considérable d’Angleterre, capitale du Cambridgshire, avec titre de duché, fameuse par son université. Elle est sur la riviere de Cam. Long. 17. 28. lat. 52. 10.","[[""52 10' N 17 28' E""]]",,52 10' N 17 28' E,52 10' N 17 28' E
v2-3178-0,CAMERINO,"CAMERINO, (Géog.)​ petite ville d’Italie, dans l’état de l’Église, proche de l’Apennin, sur la riviere de Chiento. Long. 30. 42. lat. 43. 5.","[[""43 5' N 30 42' E""]]",,43 5' N 30 42' E,43 5' N 30 42' E
v2-3184-0,CAMIN ou CAMMIN,"CAMIN ou CAMMIN, (Géog.)​ ville d’Allemagne dans la Poméranie ultérieure, proche de la mer Bal-​tique, à l’embouchure de l’Oder. Long. 32. 45. lat.  54. 4.","[[""54 4' N 32 45' E""]]",,54 4' N 32 45' E,54 4' N 32 45' E
v2-3264-0,CANDAHAR,"CANDAHAR, (Géog.)​ grande & forte ville d’Asie, capitale de la province de même nom, sous la domination du roi de Perse, aux frontieres des états du Mogol. Long. 85. lat. 33.",[['33 N 85 E']],,33 N 85 E,33 N 85 E
v2-3285-0,Canée (la),"Canée, (la) Géog.​ ville forte de l’île de Candie, avec un port. Long. 41. 43. lat. 35. 28.","[[""35 28' N 41 43' E""]]",,35 28' N 41 43' E,35 28' N 41 43' E
v2-3391-7,Cap de Bonne-Espérance,"Cap de Bonne-Espérance : ce cap est à l’extrémité méridionale de l’Afrique ; les Portugais le découvrirent ; depuis les Hollandois y bâtirent un fort & s’y établirent ; ensorte qu’ils exigent des péages des autres nations qui y abordent. Il y croît du froment & de l’orge en abondance, ainsi que différentes sortes de légumes & de fruits ; il y croît aussi du vin de liqueur très-estimé. Long. 37. 45. lat. mérid. 34. 40.","[[""34 40' S 37 45' E""]]",,34 40' S 37 45' E,34 40' S 37 45' E
v2-3409-0,CAPELLE (la),"CAPELLE, (la) Géog.​ petite ville de France, en Picardie, dans la Tierache, à cinq lieues de Guise. Long. 21. 34. lat. 49. 58.","[[""49 58' N 21 34' E""]]",,49 58' N 21 34' E,49 58' N 21 34' E
v2-348-4,Bar-sur-Aube,"*​ Bar-sur-Aube, (Géog.)​ ville de France en Champagne, capitale du Vallage. Long. 22. 20. lat. 48. 14.","[[""48 14' N 22 20' E""]]",,48 14' N 22 20' E,48 14' N 22 20' E
v2-3588-0,CARCASSONE,"CARCASSONE, (Géog.) ville de France, en Languedoc : il y a beaucoup de manufactures de draps ; elle est sur l'Aude. Longit. 20d. 0'. 49"". lat. 43d. 10'. 51"".","[['43 10\' 51"" N 20 0\' 49"" E']]",,"43 10' 51"" N 20 0' 49"" E","43 10' 51"" N 20 0' 49"" E"
v2-361-0,"BARANCA DE MELAMBO, (la)","*​ BARANCA DE MELAMBO, (la) Géog.​ ville de l’Amérique, dans la province de Sainte-Marthe, en terre-ferme, sur la riviere de la Magdeleine. Long. 306. lat. 11.",[['11 N 306 E']],,11 N 306 E,11 N 306 O
v2-3610-0,CARDIGAN,"CARDIGAN, (Géog.)​ ville d’Angleterre, capitale d’une province qu’on nomme Cardigan-shire, avec titre de comté, dans la province de Galles. Long. 12. 50. lat. 52. 13.","[[""52 13' N 12 50' E""]]",,52 13' N 12 50' E,52 13' N 12 50' E
v2-3667-0,CARLILE,"CARLILE, (Géog.)​ ville d’Angleterre assez forte, capitale du duché de Cumberland, sur l’Eden. Long. 14. 17. lat. 55.","[[""55 N 14 17' E""]]",,55 N 14 17' E,55 N 14 17' E
v2-3678-1,Carlstadt,"Carlstadt, (Géog.)​ ville forte de Suede, dans la West-Gothie, sur une île. Long. 31. 40. lat. 59. 16.","[[""59 16' N 31 40' E""]]",,59 16' N 31 40' E,59 16' N 31 40' E
v2-3692-0,CARMONE,"CARMONE, (Géog.)​ ville d’Espagne, dans l’Andalousie. Long. 12. 52. lat. 37. 24.","[[""37 24' N 12 52' E""]]",,37 24' N 12 52' E,37 24' N 12 52' E
v2-3736-0,CARRAVEIRA,"CARRAVEIRA, (Géog.)​ ville de la Turquie, en Europe, dans la Macédoine. Long. 40. lat 40. 27.","[[""40 27' N 40 E""]]",,40 27' N 40 E,40 27' N 40 E
v2-3775-1,Carthagene,"Carthagene, (Géog.)​ grande ville de l’Amérique méridionale, capitale de la province de même nom. Il s’y fait un commerce très-considérable. Son port passe pour le meilleur du Nouveau-monde. Lon. 302. 10. lat. 10d. 30′. 25″.","[['10 30\' 25"" N 302 10\' E']]",,"10 30' 25"" N 302 10' E","10 30' 25"" N 302 10' O"
v2-3794-1,Casal-maggiore,"Casal-maggiore, petite ville forte d’Italie située sur le Pô, au duché de Milan. Long. 27. 50. lat. 45. 6.","[[""45 6' N 27 50' E""]]",,45 6' N 27 50' E,45 6' N 27 50' E
v2-3818-0,CASHEL ou CASSEL,"CASHEL ou CASSEL, (Géog.)​ ville d’Irlande au comté de Tipperary. Long. 9. 52. lat. 52. 36.","[[""52 36' N 9 52' E""]]",,52 36' N 9 52' E,52 36' N 9 52' O
v2-3837-1,Cassano ou Cossano,"Cassano ou Cossano, (Géog.)​ petite ville d’Italie, au royaume de Naples, dans la Calabre citérieure, à deux lieues du golfe de Tarente. Long. 34. 5. lat. 39. 55.","[[""39 55' N 34 5' E""]]",,39 55' N 34 5' E,39 55' N 34 5' E
v2-3885-0,CASTELLANE,"CASTELLANE, (Géog.)​ ville de France en Provence, au diocese de Senez. Lon. 24. 24. lat. 43. 55.","[[""43 55' N 24 24' E""]]",,43 55' N 24 24' E,43 55' N 24 24' E
v2-3903-0,CASTILLON,"CASTILLON, (Géog.)​ ville de France dans la Guienne, au Périgord, sur la Dordogne. Long. 17. 43. lat. 44. 52.","[[""44 52' N 17 43' E""]]",,44 52' N 17 43' E,44 52' N 17 43' E
v2-3908-1,Castle-Rising,"Castle-Rising, (Géog.)​ petite ville d’Angleterre dans le duché de Norfolck. Long. 17. 51. lat. 52. 45.","[[""52 45' N 17 51' E""]]",,52 45' N 17 51' E,52 45' N 17 51' E
v2-3916-0,CASTRES,"CASTRES, (Géog.)​ ville de France en Languedoc. Long. 19. 55. lat. 43d. 37′. 10″.","[['43 37\' 10"" N 19 55\' E']]",,"43 37' 10"" N 19 55' E","43 37' 10"" N 19 55' E"
v2-3917-1,Castro,"Castro, (Géog.)​ petite ville d’Italie dans la Campagne de Rome, sur le Garigliano, à deux milles de Fondi, avec titre de duché. Long. 29. 15. lat. 42. 33.","[[""42 33' N 29 15' E""]]",,42 33' N 29 15' E,42 33' N 29 15' E
v2-4324-0,CERVIA,"CERVIA, (Géog.)​ ville d’Italie dans la Roma-​gne, sur le golfe de Venise, entre les rivieres de Savio & de Pisatello. Long. 30. lat. 44. 16.","[[""44 16' N 30 E""]]",,44 16' N 30 E,44 16' N 30 E
v2-4337-0,CESARÉE,"CESARÉE, s. f. (Géog. anc. & mod.)​ ville de Palestine, d’une situation très-avantageuse le long de la mer, auparavant appellée la tour de Straton ; dans la suite Flavie Auguste Césarée. Long. 66. 15. lat. 32. 20.","[[""32 20' N 66 15' E""]]",,32 20' N 66 15' E,32 20' N 66 15' E
v2-446-0,BAREITH,"*​ BAREITH (Géog.)​ petite ville d’Allemagne, en Franconie, dans le margraviat de Culmbach. Long. 29. 20. lat. 50.","[[""50 N 29 20' E""]]",,50 N 29 20' E,50 N 29 20' E
v2-458-0,BARI,"*​ BARI (Géog.)​ ville d’Italie, au royaume de Naples, capitale de la terre de même nom. Long. 34. 32. lat. 41. 31.","[[""41 31' N 34 32' E""]]",,41 31' N 34 32' E,41 31' N 34 32' E
v2-757-0,BEAUFORT,"*​ BEAUFORT, (Géog.)​ petite ville d’Anjou. Lon. 17. 26. lat. 47. 26.","[[""47 26' N 17 26' E""]]",,47 26' N 17 26' E,47 26' N 17 26' E
v2-766-0,BEAUMARIS,"*​ BEAUMARIS, (Géog.)​ ville d’Angleterre, capitale de l’ile d’Anglesey, sur le détroit de Menay. Long. 13. 4. lat. 53. 20.","[[""53 20' N 13 4' E""]]",,53 20' N 13 4' E,53 20' N 13 4' O
v2-767-1,Beaumont-le-Roger,"Beaumont-le-Roger, (Géog.)​ ville de haute Normandie. Long. 18. 26. lat. 49. 2.","[[""49 2' N 18 26' E""]]",,49 2' N 18 26' E,49 2' N 18 26' E
v2-811-0,BEDFORD,"*​ BEDFORD, (Géog.)​ ville d’Angleterre, dans la province de même nom, avec titre de duché sur l’Ouse. Long. 17. lat. 52. 8.","[[""52 8' N 17 E""]]",,52 8' N 17 E,52 8' N 17 E
v2-840-0,BEICHLINGEN,"*​ BEICHLINGEN, (Géog.)​ ville d’Allemagne, au comté de même nom, dans le cercle de haute Saxe. Long. 29. 20. lat. 51. 20.","[[""51 20' N 29 20' E""]]",,51 20' N 29 20' E,51 20' N 29 20' E
v2-860-0,BELCASTRO,"*​ BELCASTRO, (Géog. anc. & mod.)​ ville d’Italie, au royaume de Naples, dans la Calabre ultérieure, sur une montagne. Long. 34. 45. lat. 39. 6.


On la prend pour la Chonia des anciens : mais il y a peu d’apparence qu’elle ait été bâtie sur les ruines de la Petilia, dont il est parlé dans Strabon, Pline, Ptolomée, & Pomponius Méla.","[[""39 6' N 34 45' E""]]",,39 6' N 34 45' E,39 6' N 34 45' E
v2-93-0,BADE ou BADEN,"*​ BADE ou BADEN (Géographie.)​ ville de Suisse, dans le canton de même nom, sur le Limat. Long. 25. 55. lat. 47. 27.","[[""47 27' N 25 55' E""]]",,47 27' N 25 55' E,47 27' N 25 55' E
v2-982-0,BENTIVOGLIO,"*​ BENTIVOGLIO, (Géog.)​ petite ville & château d’Italie dans le Bolonois. Lon. 29. 4. lat. 44. 37.","[[""44 37' N 29 4' E""]]",,44 37' N 29 4' E,44 37' N 29 4' E
v2-995-0,BERAY,"*​ BERAY, (Géog.)​ ville de France dans la haute-Normandie, avec titre de comté, sur la Carantone. Long. 18. 20. lat. 49. 6.","[[""49 6' N 18 20' E""]]",,49 6' N 18 20' E,49 6' N 18 20' E
v3-1044-0,CIVIDAL-DI-FRIULI,"CIVIDAL-DI-FRIULI, (Géog.)​ petite ville d’Italie au Frioul, dans l’état de Venise, sur la Natisone. Long. 31. lat. 46. 15.","[[""46 15' N 31 E""]]",,46 15' N 31 E,46 15' N 31 E
v3-1059-0,CIVITA-VECCHIA,"CIVITA-VECCHIA, (Géog.)​ petite ville forte d’Italie dans l’état de l’Eglise, sur le bord de la mer. Long. 29. 25. lat. 42. 5.


Il y a encore une ville de ce nom dans l’île de Malte, que les habitans nomment Medine.","[[""42 5' N 29 25' E""]]",,42 5' N 29 25' E,42 5' N 29 25' E
v3-1160-0,CLERAC ou CLAIRAC,"CLERAC ou CLAIRAC, (Géog. mod.)​ ville de France en Agenois, sur le Lot. Longit. 18. 8. latit. 44. 28.","[[""44 28' N 18 8' E""]]",,44 28' N 18 8' E,44 28' N 18 8' E
v3-1175-0,CLEVES,"CLEVES, (Géog. mod.)​ ville assez grande d’Allemagne au cercle de Westphalie, capitale du duché de même nom, remarquable par ses eaux minérales. Long. 23. 45. lat. 51. 48.","[[""51 48' N 23 45' E""]]",,51 48' N 23 45' E,51 48' N 23 45' E
v3-1239-0,CLUNY,"CLUNY, (Hist. eccl.) abbaye célebre de Bénédictins située dans le Mâconnois en Bourgogne sur la riviere de Grone, dans une petite ville à laquelle elle donne son nom, & qui a de long 22. 8. & de lat. 46. 24. C'est le chef lieu d'une congrégation de Bénédictins qu'on nomme l'ordre ou la congrégation de Cluny. L'abbaye de Cluny fut fondée sous la regle de S. Benoît en 910, par Bernon abbé de Gigniac, sous la protection & par les libéralités de Guillaume I. duc d'Aquitaine & comte d'Auvergne. Quelques auteurs modernes ont voulu faire remonter sa fondation à l'an 826; mais leur opinion est destituée de preuves solides. La congrégation de Cluny a donné à l'Eglise trois papes, plusieurs cardinaux, prélats, &c. L'abbaye fut unie dans son érection sous la protection immédiate du S. Siége, avec défense expresse à tous les séculiers ou ecclésiastiques de troubler les moines dans leurs priviléges, & sur-tout dans l'élection de leur abbé. Ils prétendirent par cette raison être exemts de la jurisdiction de l'évêque, ce qui donna lieu peu-à-peu à d'autres abbés de former les mêmes prétentions. Cette contestation vient d'être terminée depuis quelques années au conseil en faveur de l'évêque de Mâcon. Cette abbaye est tenue en commande par un abbé nommé par le R oi : c'est aujourd'hui M. le Cardinal de la Rochefoucauld archevêque de Bourges qui en est titulaire. On regarde la congrégation de Cluny comme la plus ancienne de toutes celles qui se sont unies sous un chef en France, afin de ne composer qu'un seul corps de divers monasteres sous la même regle. La maison chef d'ordre étoit autrefois d'une étendue immense ; puisqu'on raconte qu'en 1245, après la célébration du premier concile de Lyon, le pape Innocent IV. alla à Cluny avec les deux patriarches d'Antioche & de Constantinople, douze cardinaux, trois archevêques, quinze évêques, & plusieurs abbés, tous accompagnés d'une suite convenable, & & qu'ils y furent logés sans qu'aucun des religieux qui étoient en grand nombre se dérangeât ; quoique S. Louis, la reine Blanche sa mere, le comte d'Artois son frere, sa soeur, l'empereur de Constantinople, les fils des rois d'Arragon & de Castille, le duc de Bourgogne, six comtes, & quantité d'autres seigneurs s'y trouvassent en même tems. Elle a souffert des malheurs des guerres civiles ; les Calvinistes l'ont pillée, & ont brûlé la bibliotheque en 1562. (G)","[[""46 24' N 22 8' E""]]",,46 24' N 22 8' E,46 24' N 22 8' E
v3-1355-0,COERBACH,"COERBACH, (Géog. mod.)​ ville d’Allemagne capitale de la principauté de Waldeck, près du pays de Hesse-Cassel. Long. 26. 30. lat. 57. 15.","[[""57 15' N 26 30' E""]]",,57 15' N 26 30' E,57 15' N 26 30' E
v3-1444-0,COLIOURE,"COLIOURE, (Géog. mod.)​ petite ville de France fortifiée dans le Roussillon, au pié des Pyrenées, avec un petit port. Long. 20d45′2″. lat. 42d31′45″.","[['42 31\' 45"" N 20 45\' 2"" E']]",,"42 31' 45"" N 20 45' 2"" E","42 31' 45"" N 20 45' 2"" E"
v3-1498-0,COLMOGOROD,"COLMOGOROD, (Géog. mod.)​ ville de l’empire Russien, dans une île formée par la Dwina. Long. 58. 25. lat. 64. 10.","[[""64 10' N 58 25' E""]]",,64 10' N 58 25' E,64 10' N 58 25' E
v3-1503-0,COLOCZA,"COLOCZA, (Géog. mod.)​ ville de la haute Hongrie, capitale du comté de Bath sur le Danube. Lon. 36. 55. lat. 46. 33.","[[""46 33' N 36 55' E""]]",,46 33' N 36 55' E,46 33' N 36 55' E
v3-1507-0,COLOMAY,"COLOMAY, (Géog. mod.)​ petite ville de Pologne dans la Russie rouge, sur la Pruth. Long. 44. lat. 48. 45.","[[""48 45' N 44 E""]]",,48 45' N 44 E,48 45' N 44 E
v3-1513-0,COLOMBO,"COLOMBO, (Géog. mod.)​ ville forte & considérable des Indes, dans l’île de Ceylan, en Asie, avec une citadelle : elle est aux Hollandois. Longit. 98. latit. 7.",[['7 N 98 E']],,7 N 98 E,7 N 98 E
v3-1718-1,"Compostelle, (la nouvelle)","Compostelle, (la nouvelle) Géog. mod.​ ville de l’Amérique septentrionale, dans la nouvelle Espagne, dans la province de Xalisco. Long. 270. 15. lat. 21.","[[""21 N 270 15' E""]]",,21 N 270 15' E,21 N 270 15' O
v3-1824-0,CONDRIEU,"CONDRIEU, (Géog. mod.)​ petite ville de France au Lyonnois, près du Rhône, remarquable par ses vins. Long. 22. 28. lat. 45. 28.","[[""45 28' N 22 28' E""]]",,45 28' N 22 28' E,45 28' N 22 28' E
v3-234-0,CHAOURE,"CHAOURE, (Géog.)​ petite ville de France en Champagne, à la source de la riviere d’Armance. Long. 21. 40. lac. 48. 6.","[[""48 6' N 21 40' E""]]",,48 6' N 21 40' E,48 6' N 21 40' E
v3-305-0,CHARLEMONT,"CHARLEMONT, (Géog.)​ ville forte d’Irlande, dans la province d’Ulster, sur la riviere de Blaekwater. Long. 10. 40. lat. 54. 20.","[[""54 20' N 10 40' E""]]",,54 20' N 10 40' E,54 20' N 10 40' E
v3-388-10,Chateau-du-Loir,"Chateau-du-Loir, (Géog.)​ petite ville de France dans le Maine, sur le Loir. Long. 18. lat. 47. 40.","[[""47 40' N 18 E""]]",,47 40' N 18 E,47 40' N 18 E
v3-388-11,Chateau-Dun,"Chateau-Dun, (Géog.) ville de France dans l'Orléanois, capitale du Dunois, près du Loir. Long. 19. 0'. 2"". lat. 48d. 4'. 12"".","[['48 4\' 12"" N 19 0\' 2"" E']]",,"48 4' 12"" N 19 0' 2"" E","48 4' 12"" N 19 0' 2"" E"
v3-451-0,CHAUMONT,"CHAUMONT, (Géog.)​ ville de France en Champagne, dans le Bassigni, près de la Marne. Long. 22. 46. lat. 48. 6.","[[""48 6' N 22 46' E""]]",,48 6' N 22 46' E,48 6' N 22 46' E
v3-453-0,CHAUNI,"CHAUNI, (Géog.)​ petite ville de France en Picardie, sur l’Oise. Long. 20. 52′. 44″. lat. 49. 36′. 52″.","[['49 36\' 52"" N 20 52\' 44"" E']]",,"49 36' 52"" N 20 52' 44"" E","49 36' 52"" N 20 52' 44"" E"
v3-484-0,CHEGO ou KECIO,"CHEGO ou KECIO, (Géog.)​ grande ville d’Asie, capitale du royaume de Tunquin, & la résidence du roi. Long. 123. 30. lat. 22.","[[""22 N 123 30' E""]]",,22 N 123 30' E,22 N 123 30' E
v3-639-2,Chiapa de los Indios,"Chiapa de los Indios, (Géog.)​ grande ville de l’Amérique septentrionale au Mexique, dans la province de Chiapa. Long. 284. lat. 15. 6.","[[""15 6' N 284 E""]]",,15 6' N 284 E,15 6' N 284 O
v3-646-0,CHIAVENNE,"CHIAVENNE, (Géog.)​ grande ville de Suisse au pays des Grisons, près du lac de Come. Long. 27. 4. lat. 46. 15.","[[""46 15' N 27 4' E""]]",,46 15' N 27 4' E,46 15' N 27 4' E
v3-706-0,CHINGTU,"CHINGTU, (Géog.)​ ville considérable de la Chine dans la province de Suchuen. Long. 130. 47. lat. 21. 30.","[[""21 30' N 130 47' E""]]",,21 30' N 130 47' E,21 30' N 130 47' E
v3-718-0,CHIOURLIC,"CHIOURLIC, (Géog.)​ ville de la Turquie en Europe, dans la Romanie, sur la riviere de même nom. Long. 45. 22. lat. 41. 28.","[[""41 28' N 45 22' E""]]",,41 28' N 45 22' E,41 28' N 45 22' E
v3-760-0,CHIUSI,"CHIUSI, (Géog.)​ petite ville d’Italie au grand duché de Toscane, dans le Siennois. Long. 29. 30. lat. 43.","[[""43 N 29 30' E""]]",,43 N 29 30' E,43 N 29 30' E
v3-845-0,CHRISTOPHE (Saint),"CHRISTOPHE, (Saint) Géog.​ île de l’Amérique, l’une des Antilles, appartenant aux Anglois, qui y ont plusieurs forts. Long. 315. lat. 17. 30.​","[[""17 30' N 315 E""]]",,17 30' N 315 E,17 30' N 315 O
v3-938-0,CINAN,"CINAN, (Géog.)​ ville considérable de la Chine dans la province de Channton. Long. 134. 50. lat. 37.","[[""37 N 134 50' E""]]",,37 N 134 50' E,37 N 134 50' E
v3-967-0,CIRCESTER ou CIRENCESTER,"CIRCESTER ou CIRENCESTER, (Géog. mod.)​ ville d’Angleterre en Glocestershire, sur le Schurn. Long. 15. 47. lat. 51. 24.","[[""51 24' N 15 47' E""]]",,51 24' N 15 47' E,51 24' N 15 47' E
v4-1042-0,CRÉMONE,"CRÉMONE, (Géog. mod.)​ grande & forte ville d’Italie au duché de Milan, capitale du Crémonois, sur le Pô. Long. 27. 30. lat. 45. 8.","[[""45 8' N 27 30' E""]]",,45 8' N 27 30' E,45 8' N 27 30' E
v4-1058-0,CREPI,"CREPI, (Géog. mod.)​ ville de France dans l’île de France, capitale du Valois. Long. 20. 28. lat. 49. 12.","[[""49 12' N 20 28' E""]]",,49 12' N 20 28' E,49 12' N 20 28' E
v4-1486-0,DABUL,"DABUL, (Géog. mod.)​ grande ville d’Asie au royaume de Visapour, sur la côte de Malabar. Lat. 18. long. 91.",[['18 N 91 E']],,18 N 91 E,18 N 91 E
v4-1525-3,Dam,"Dam, (Géog. mod.)​ ville d’Allemagne à la Poméranie : elle appartient aux Suédois. Elle est située sur l’Oder. Long. 32. 40. lat. 53. 4.","[[""53 4' N 32 40' E""]]",,53 4' N 32 40' E,53 4' N 32 40' E
v4-1558-0,DANDA,"DANDA, (Géog. mod.)​ ville des Indes au royaume de Scéan. Long. 88. 50. lat. 18. 20.","[[""18 20' N 88 50' E""]]",,18 20' N 88 50' E,18 20' N 88 50' E
v4-1569-0,DANNEBERG,"DANNEBERG, (Géog. mod.)​ ville d’Allemagne​au cercle de basse Saxe, sur le Tetze. Long. 29. 20. lat. 53. 18.","[[""53 18' N 29 20' E""]]",,53 18' N 29 20' E,53 18' N 29 20' E
v4-1585-0,DARDA,"DARDA, (Géog. mod.)​ fort de la basse Hongrie sur la Drawe. Long. 36. 45. lat. 45. 55.","[[""45 55' N 36 45' E""]]",,45 55' N 36 45' E,45 55' N 36 45' E
v4-1950-0,DEKENDORF,"DEKENDORF, (Géog. mod.)​ ville d’Allemagne dans la basse Baviere, entre Straubing & Wilshosfen, non loin du Danube. Long. 30. 40. lat. 48. 46.","[[""48 46' N 30 40' E""]]",,48 46' N 30 40' E,48 46' N 30 40' E
v4-2051-1,Démona ou Demont,"Démona ou Demont, fort d’Italie, au marquisat de Saluces, dans le Piémont ; il est situé sur la Stur. Long. 25. 1. lat. 44. 18.","[[""44 18' N 25 1' E""]]",,44 18' N 25 1' E,44 18' N 25 1' E
v4-2075-0,DENIA,"DENIA, (Géog. mod.)​ ville d’Espagne au royaume de Valence ; elle est située au pié d’une montagne proche la mer, vis-à-vis l’île d’Yrica. Long. 18. 8. lat. 39.","[[""39 N 18 8' E""]]",,39 N 18 8' E,39 N 18 8' E
v4-2079-0,DENIS (Saint),"DENIS, (Saint) Géog. mod.​ petite ville de l’île de France, le tombeau des rois françois. Elle est située sur le ruisseau de Crould. Long. 20. 1. 22. lat. 48. 56. 8.


Il y a dans le bas Languedoc, au diocèse de Carcassonne, une petite ville de même nom.","[['48 56\' 8"" N 20 1\' 22"" E']]",,"48 56' 8"" N 20 1' 22"" E","48 56' 8"" N 20 1' 22"" E"
v4-2324-0,DEVENTER,"DEVENTER, (Géog. mod,)​ ville des pays-bas Hollandois, capitale de la province d’Overissel : elle est située sur l’Issel, au confluent de cette riviere & de la Sisipbeck. Long. 23. 43. lat. 52. 18.","[[""52 18' N 23 43' E""]]",,52 18' N 23 43' E,52 18' N 23 43' E
v4-2483-0,DIE,"DIE, (Géogr. mod.)​ capitale du Diois dans le Dauphiné, province de France. Elle est située sur la Drome. Long. 22. 58. lat. 44. 44.","[[""44 44' N 22 58' E""]]",,44 44' N 22 58' E,44 44' N 22 58' E
v4-2484-0,"DIÉ, (S.)","DIÉ, (S.) (Géogr. mod.)​ ville de Lorraine, située sur la Meurtre. Long. 24. 45. lat. 48. 20.","[[""48 20' N 24 45' E""]]",,48 20' N 24 45' E,48 20' N 24 45' E
v4-2490-0,DIEPPE,"DIEPPE, (Géog. mod.)​ ville de la haute Normandie en France, au pays de Caux ; elle est située à l’embouchure de la riviere d’Arques. Long. 49. 55. 17. lat. 18. 44. 12.


Il y a dans la Guinée en Afrique, sur la côte de Maniguette, un lieu appartenant aux François, qui l’ont nommé le petit Dieppe.","[['18 44\' 12"" N 49 55\' 17"" E']]",,"18 44' 12"" N 49 55' 17"" E","18 44' 12"" N 49 55' 17"" E"
v4-2497-0,DIEST,"DIEST, (Géog. mod.)​ ville du Brabant sur la Demer. Long. 22. 35. lat. 50. 59.","[[""50 59' N 22 35' E""]]",,50 59' N 22 35' E,50 59' N 22 35' E
v4-2499-0,DIETZ,"DIETZ, (Géog. mod.)​ ville de la Vétéravie en Allemagne : elle est sitaée sur la Lohn. Long. 25. 35. lat. 50. 22.","[[""50 22' N 25 35' E""]]",,50 22' N 25 35' E,50 22' N 25 35' E
v4-2523-0,DIGNE,"DIGNE, (Géog. mod.)​ ville de Provence en France. Elle est située sur la Mardaric. Long. 23. 2. lat. 44. 5.","[[""44 5' N 23 2' E""]]",,44 5' N 23 2' E,44 5' N 23 2' E
v4-2573-0,DINGWAL,"DINGWAL, (Géogr. mod.)​ ville d’Ecosse au comté de Rosse ; elle est située sur la riviere de Connel. Long. 13. 40. lat. 57. 46.","[[""57 46' N 13 40' E""]]",,57 46' N 13 40' E,57 46' N 13 40' O
v4-407-0,CORBEIL,"CORBEIL, (Géog. mod.)​ ville de France dans l’île de France sur la Seine. Long. 20. 6. lat. 28. 38.","[[""28 38' N 20 6' E""]]",,28 38' N 20 6' E,28 38' N 20 6' E
v4-475-0,CORK,"CORK, (Géog. mod.)​ ville forte & considérable d’Irlande dans la province de Munster, capitale du comté de Cork sur la riviere de Leo, avec un bon port. Long. 9. 10. lat. 51. 48.","[[""51 48' N 9 10' E""]]",,51 48' N 9 10' E,51 48' N 9 10' O
v4-602-0,CORWEY,"CORWEY, (Géog. mod.)​ petite ville d’Allemagne en Westphalie, avec une abbaye célebre dont l’abbé est prince de l’Empire. Longit. 27. 1. lat. 51. 50.","[[""51 50' N 27 1' E""]]",,51 50' N 27 1' E,51 50' N 27 1' E
v4-634-0,COSNE,"COSNE, (Géog. mod.)​ ville de France dans l’Auxerrois, sur la Loire. Long. 20. 35. 26. lat. 47. 24. 40. Il y a une autre ville de même nom en France, dans l’Orléanois.","[['47 24\' 40"" N 20 35\' 26"" E']]",,"47 24' 40"" N 20 35' 26"" E","47 24' 40"" N 20 35' 26"" E"
v4-656-0,COTATIS,"COTATIS, (Géog. mod.)​ ville d’Asie dans la Géorgie, capitale du pays d’Imirette, sur le Phase. Long. 61. 20. lat. 43. 10.","[[""43 10' N 61 20' E""]]",,43 10' N 61 20' E,43 10' N 61 20' E
v4-905-0,COUTRAS,"COUTRAS, (Géog.)​ petite ville de France dans le Périgord, sur la Dordogne. Long. 17. 32. latit. 46. 4.","[[""46 4' N 17 32' E""]]",,46 4' N 17 32' E,46 4' N 17 32' E
v5-107-0,DORDRECHT ou DORI,"DORDRECHT ou DORI, (Géog. mod.)​ ville des Provinces-Unies, au comté de Hollande ; elle est située dans une île, où la Merwe se jette dans la Meuse. Long. 22. 8. lat. 51. 50.","[[""51 50' N 22 8' E""]]",,51 50' N 22 8' E,51 50' N 22 8' E
v5-1379-0,"ENO, ENOS, AENOS","ENO, ENOS, ÆNOS, (Géogr. mod.)​ ville de la Romanie dans la Turquie européenne ; elle est située proche du golfe de même nom. Long. 43. 50. latit. 40. 46.","[[""40 46' N 43 50' E""]]",,40 46' N 43 50' E,40 46' N 43 50' E
v5-1586-0,EPERIES,"EPERIES, (Géog. mod.)​ ville de la haute Hongrie ; c’est la capitale du comté de Saros : elle est située sur la Tarza. Long. 38. 36. lat. 48. 50.","[[""48 50' N 38 36' E""]]",,48 50' N 38 36' E,48 50' N 38 36' E
v5-1811-0,ERFORT,"ERFORT, (Géog. mod.)​ ville d’Allemagne ; elle est capitale de la haute Hongrie : elle est située sur le Gere. Long. 28. 55. lat. 51. 4.","[[""51 4' N 28 55' E""]]",,51 4' N 28 55' E,51 4' N 28 55' E
v5-1992-0,ESSEN,"ESSEN, (Géog. mod.)​ ville de la Westphalie en Allemagne. Long. 24. 42. lat. 51. 25.","[[""51 25' N 24 42' E""]]",,51 25' N 24 42' E,51 25' N 24 42' E
v5-2015-0,ESTAIN,"ESTAIN, (Géog. mod.)​ ville du duché de Bar, en France. Long. 23. 18. lat. 49. 15.","[[""49 15' N 23 18' E""]]",,49 15' N 23 18' E,49 15' N 23 18' E
v5-2042-0,ESTEPA,"ESTEPA, (Géog. mod.)​ ville de l’Andalousie, en Espagne ; elle est située sur une montagne. Longit. 13. 25. lat. 37. 10.","[[""37 10' N 13 25' E""]]",,37 10' N 13 25' E,37 10' N 13 25' E
v5-230-0,DRESDE,"DRESDE, (Géog. mod.)​ ville d’Allemagne dans le cercle de haute-Saxe, capitale de la Misnie & de l’électorat de Saxe : elle est sur l’Elbe, qui la divise en vieille & en neuve. Long. 31. 26. lat. 51. 12.","[[""51 12' N 31 26' E""]]",,51 12' N 31 26' E,51 12' N 31 26' E
v5-248-0,DROGHEDA,"DROGHEDA, (Géog. mod.)​ ville de la comté de Houth, dans la province d’Ulster, en Irlande : elle est sur la Boine. Long. 11. 20. lat. 53. 53.","[[""53 53' N 11 20' E""]]",,53 53' N 11 20' E,53 53' N 11 20' E
v5-262-0,DROMORE,"DROMORE, (Géog. mod.)​ ville du comté de Dow, dans la province d’Ulster, en Irlande. Longit. 15. 26. lat. 52. 50.","[[""52 50' N 15 26' E""]]",,52 50' N 15 26' E,52 50' N 15 26' E
v5-301-0,DUDERSTADT,"DUDERSTADT, (Géog. mod.)​ ville d’Allemagne sur la Wipper, au duché de Brunswick ; elle est à l’électeur de Mayence. Long. 28. 1. lat. 51. 34.","[[""51 34' N 28 1' E""]]",,51 34' N 28 1' E,51 34' N 28 1' E
v5-318-0,DUNBAR ou DUMBAR,"DUNBAR ou DUMBAR, (Géog. mod.)​ ville d’Ecosse, dans la province de Lothian. Long. 15. 23. lat. 56. 12.","[[""56 12' N 15 23' E""]]",,56 12' N 15 23' E,56 12' N 15 23' E
v5-319-0,DUNBARTON ou DUNBRITTON,"DUNBARTON ou DUNBRITTON, (Géogr. mod.) ville de l'Ecosse méridionale, capitale du comté de Lenox ; elle est au confluent du Leven & de la Clyde. Long. 13. 15. lat. 56. 38r","[[""56 38' N 13 15' E""]]",,56 38' N 13 15' E,56 38' N 13 15' O
v5-331-0,DUNKEL,"DUNKEL, (Géog. mod.)​ ville d’Ecosse, en Pertshire ; elle est sur le Tay. Long. 14. 10. lat. 56. 55.","[[""56 55' N 14 10' E""]]",,56 55' N 14 10' E,56 55' N 14 10' O
v5-351-0,DURAVEL,"DURAVEL, (Géog. mod.)​ ville du Quercy en France ; elle est sur le Lot, aux confins de l’Agénois. Long. 18. 40. lat. 45. 40.","[[""45 40' N 18 40' E""]]",,45 40' N 18 40' E,45 40' N 18 40' E
v5-398-0,EAUSE,"EAUSE, (Géog. mod.)​ ville d’Armagnac en Gascogne. C’est la capitale de l’Eausan. Long. 17. 42. lat. 43. 56.","[[""43 56' N 17 42' E""]]",,43 56' N 17 42' E,43 56' N 17 42' E
v5-6-0,DOCKUM,"DOCKUM, (Géog. mod.)​ ville des Provinces-Unies, dans l’Ostergou en Frise. Elle est située à l’embouchure de l’Avert. Long. 23. 28. lat. 53. 18.","[[""53 18' N 23 28' E""]]",,53 18' N 23 28' E,53 18' N 23 28' E
v5-688-0,EDMONDSBURY,"EDMONDSBURY, (Géograph. mod.)​ ville de la province de Suffolk en Angleterre. Longit. 18. 30. latit. 52. 20.","[[""52 20' N 18 30' E""]]",,52 20' N 18 30' E,52 20' N 18 30' E
v5-807-0,EISLEBEN,"EISLEBEN, (Géog. mod.)​ ville de haute Saxe au​ comté de Mansfeld en Allemagne. Lon. 29. 45. lat. 55. 40.","[[""55 40' N 29 45' E""]]",,55 40' N 29 45' E,55 40' N 29 45' E
v5-832-0,ELCHE,"ELCHE, (Géog. mod.)​ ville du royaume de Valence en Espagne. Elle est située sur la Segre. Long. 17. 25. lat. 38. 10.","[[""38 10' N 17 25' E""]]",,38 10' N 17 25' E,38 10' N 17 25' E
v5-872-0,ELHAMMA,"ELHAMMA, (Géog. mod.)​ ville de la province de Tripoli propre en Afrique. Long. 28. 26. lat. 34.","[[""34 N 28 26' E""]]",,34 N 28 26' E,34 N 28 26' E
v5-910-0,ELTEMAN,"ELTEMAN, (Géog. mod.)​ ville de Franconie, en Allemagne ; elle est située sur le Mein. Long. 28.21. lat. 49.58.","[[""49 58' N 28 21' E""]]",,49 58' N 28 21' E,49.58 N 28.21 E
v5-912-0,ELVAS,"ELVAS, (Géog. mod.)​ ville de l’Alentejo, en Portugal : elle est située sur une montagne, proche de la Guadiana. Long. 11. 16. lat. 38. 44.","[[""38 44' N 11 16' E""]]",,38 44' N 11 16' E,38 44' N 11 16' E
v5-915-0,ELWANGEN,"ELWANGEN, (Géog. mod.)​ ville de la Soüabe, en Allemagne ; elle est située sur le Jart. Long. 28. 53. lat. 49. 2.","[[""49 2' N 28 53' E""]]",,49 2' N 28 53' E,49 2' N 28 53' E
v5-98-0,DONZY,"DONZY, (Géog. mod.)​ ville de France, capitale du Donziois, petite contrée du Nivernois. Lon. 20. 35. lat. 47. 22.


Il y a une autre ville du même nom, dans l’élection de Roanne, généralité de Lyon.","[[""47 22' N 20 35' E""]]",,47 22' N 20 35' E,47 22' N 20 35' E
v6-229-0,EVREUX,"EVREUX, (Géog. mod.)​ ville de la haute Normandie, en France ; elle est située sur l’Iton. Long. 17. 48. 39. lat. 49. 1. 24.","[['49 1\' 24"" N 17 48\' 39"" E']]",,"49 1' 24"" N 17 48' 39"" E","49 1' 24"" N 17 48' 39"" E"
v6-277-0,EXCESTER,"EXCESTER, (Géog. mod.)​ ville d’Angleterre, située sur la riviere d’Ex. Long 14. 10. lat. 50. 52.","[[""50 52' N 14 10' E""]]",,50 52' N 14 10' E,50 52' N 14 10' O
v6-544-0,FANTIN,"FANTIN, (Géogr.)​ petit état d’Afrique, sur la Côte d’or de Guinée. Il est peuplé, riche en or, en esclaves & en grains. Il est gouverné par un chef appellé braffo, & par le conseil des vieillards, qui a beaucoup d’autorité. Les Anglois & les Hollandois y ont des forts. Voyez Bosman, voyage de Guinée ; la Croix, relation d’Afrique. Fantin & Annamabo font les lieux principaux du pays. Long. 15d. 25′. lat. 7d. 10′. (D. J.)​","[[""7 10' N 15 25' E""]]",,7 10' N 15 25' E,7 10' N 15 25' E
v6-573-0,FARO,"FARO, s. m. (Géog.)​ ville de Portugal, au royaume d’Algarve, avec un port sur la côte du golphe de Cadix, & un évêché suffragant d’Eyora. Alphonse roi de Portugal la prit sur les Maures en 1249 : elle est à six milles sud de Tavira, quatorze est de Lagos, quarante sud-oüest d’Evora, neuf de l’embouchure de la Guadiana. Long. 9d48′. lat. 36d54′. Article de M. le Chevalier de Jaucourt​.","[[""36 54' N 9 48' E""]]",,36 54' N 9 48' E,36 54' N 9 48' O
v6-679-0,FELTRI,"FELTRI, Feltria ; (Géog.)​ ancienne ville d’Italie, dans la marche Trévisane, capitale d’un petit pays de même nom, avec un évêque suffragant d’Aquilée. Les Vénitiens possedent le Feltrin, & Feltri depuis 1404. Elle est sur l’Arona, à 12 lieues N. de Padoüe, 7 S. O. de Belluno, 16 N. O. de Venise. C’est la patrie de Victorin, l’un des premiers restaurateurs de l’ancienne latinité. Long. 29. 26. lat. 46. 3. (D. J.)​","[[""46 3' N 29 26' E""]]",,46 3' N 29 26' E,46 3' N 29 26' E
v6-693-0,FENESTRELLES,"FENESTRELLES, (Géogr.)​ petit bourg dans la vallée des Vaudois sur le Cluson, avec une forte-​resse qui appartient au roi de Sardaigne ; elle est entre Suze & Pignerol. Longit. 24. 45. latit. 44. 58. (D. J.)​","[[""44 58' N 24 45' E""]]",,44 58' N 24 45' E,44 58' N 24 45' E
v6-703-13,Fer (L'île de),"Fer (L'île de) Géog. L'île de Fer, autrement Ferro, ou comme les Espagnols à qui elle appartient la nomment, la isla de Hierro, est une île d'Afrique la plus occidentale des Canaries, d'environ sept lieues de long, six de large, & vingt-deux de tour. Elle n'est guere remarquable que parce que les géographes françois placent leur premier méridien à l'extrémité occidentale de cette île, par ordonnance de. Louis XIII. Les Hollandois placent le leur d'ordinaire au pié de l'île Ténériffe, l'une des Canaries. Le P. Riccioli met le sien à l'île de Palma : il est fâcheux qu'on ne soit pas généralement convenu de prendre le même méridien, quoiqu'on remédie à cette diversité par une conciliation des divers méridiens. Voyez Méridien. L'île de Fer est à environ dix-huit lieues de Ténériffe. Sa différence du méridien de Paris, est, suivant M. Cassini, 1 heu. 19'26''. Sa latitude 27d. 47'51''.","[['27 47\' 51"" N 19 51\' 30"" W']]",,"27 47' 51"" N 19 51' 30"" W","27 47' 51"" N"
v6-709-0,FERE (la),"FERE, (la) Géog.​ petite ville de France dans le comté de Thiérache en Picardie, entre Noyon & Saint-Quentin, sur l’Oise, remarquable par un moulin à poudre, où l’on en fabrique quelquefois 120 milliers par an. Le roi Eudes mourut à la Fere en 898. Long. 21. 2. lat. 49. 40.


Le mot de Fere est originairement Franc, & signifie l’habitation de plusieurs personnes d’un même pays ; de-là vient que le nom de Fere, tiré de Fara, est resté dans beaucoup de noms de villes & bourgs.","[[""49 40' N 21 2' E""]]",,49 40' N 21 2' E,49 40' N 21 2' E
v6-931-0,"FIORENZO, (San)","FIORENZO, (San) Géog.​ petite ville de Cerse, près du golfe de même nom, avec un port. Long. 27d5′. Lat. 42d35′. (D. J.)​","[[""42 35' N 27 5' E""]]",,42 35' N 27 5' E,42 35' N 27 5' E
v6-948-0,FIUM,"FIUM, (Géog.)​ grande ville d’Afrique, capitale de la province de même nom, dans la moyenne Egypte. Cette province est coupée par un grand nombre de canaux artificiels, & de ponts pour la communication. C’est la seule où il y ait des raisins. Si la ville de Fium est l’ancienne Abydos, elle a été fameuse dans l’antiquité. Là étoit le palais de Memnon ; le sépulcre d’Osiris, qui avoit aussi un temple célebre ; & les tombeaux des grands, qui aimoient à s’y faire inhumer, pour avoir leur sépulture près de celle d’Osiris, comme Plutarque nous l’apprend. Fium est située sur un canal qui communique au Nil, à 12 lieues S. O. du Caire. Longit. 49. 4. latit. 29. (D. J.)​","[[""29 N 49 4' E""]]",,29 N 49 4' E,29 N 49 4' E
v7-1025-0,GHNIEF,"GHNIEF, (Géog.)​ ville de la Prusse polonoise au palatinat de Culm, sur la Vistule, avec une citadelle. Le nom polonois de cette ville s’écrit Gniew. Les Allemands l’appellent Meve, car presque tous les lieux de la Prusse ont deux noms. Cellarius la nomme en latin Meva, Gnevum, & Gnievum. Ghnief a été prise & reprise plusieurs fois sur les Polonois par les chevaliers de l’ordre teutonique, & par les Suédois. C’est une starostie du roi de Pologne, à quatre lieues de Graudentz. Longit. 37. 2. latit. 53. 24. (D. J.)​","[[""53 24' N 37 2' E""]]",,53 24' N 37 2' E,53 24' N 37 2' E
v7-1040-1,Gibraltar,"Gibraltar, Colpa, (Géog.)​ ville d’Espagne, dans l’Andalousie, située près d’une montagne escarpée de toutes parts, du sommet de laquelle on découvre plus de quarante lieues en mer, & sur la côte septentrionale du détroit de même nom, qui fait la communication de l’Océan & de la Méditerranée. Son port est défendu par plusieurs forts. Les Anglois prirent cette ville en 1704, & elle est demeurée à l’Angleterre par le traité d’Utrecht. Elle est à deux lieues N. de Ceuta, 18 S. E. de Cadix : on voit à une lieue de cette ville Gibraltar Véjo, qui n’est autre chose que les ruines de l’ancienne Héraclea. Le nom de Gibraltar s’est fait par corruption de Gibel Tarif, terme arabe qui signifie montagne de Tarif ;​ & ce nom vient des Maures. Ce fut en 1303 que Ferdinand IV. leur enleva Gibraltar, qui n’étoit pas si difficile à conquérir qu’aujourd’hui. Longit. 12. 35. lat. 36. (D. J.)​","[[""36 N 12 35' E""]]",,36 N 12 35' E,36 N 12 35' E
v7-1042-0,GIENGEN,"GIENGEN, Gienga, (Géog.)​ petite ville libre & impériale d’Allemagne, dans la Soüabe, sur la riviere de Brentz, entre Ulm & Nordlingen. Long. 28. 2. lat. 48. 38. (D. J.)​","[[""48 38' N 28 2' E""]]",,48 38' N 28 2' E,48 38' N 28 2' E
v7-1045-0,GIESSEN,"GIESSEN, Giessa, (Géog.)​ ville forte d’Allemagne dans la haute Hesse, avec une université fondée en 1607, un château & un arsenal ; elle est dans le partage de la maison de Darmstadt, dans un terrein fertile, sur la riviere de Lohn, à deux lieues de Wetzlar, à quatre S. O. de Marpurg, neuf S. E. de Francfort. Voyez Zeyler, Harsiæ. topog. Long. 26. 26. lat. 50. 30.


Hertius (Jean Nicolas) jurisconsulte, mort en 1710 à 59 ans, étoit de Giessen. Il est connu par quelques ouvrages estimés, & entr’autres par des opuscules écrits en latin sur l’histoire & la géographie de l’ancienne Germanie. (D. J.)​","[[""50 30' N 26 26' E""]]",,50 30' N 26 26' E,50 30' N 26 26' E
v7-1071-0,GIOVENAZZO,"GIOVENAZZO, (Géog.)​ Juvenacium, petite ville d’Italie au royaume de Naples, dans la terre de Bari. Elle est sur une montagne près de la mer, mais sans port, avec une simple plage à une lieue E. de Molsetta, deux N. O. de Bari, quatre E. de Trani. Long. 34. 25. lat. 41. 33. (D. J.)​​","[[""41 33' N 34 25' E""]]",,41 33' N 34 25' E,41 33' N 34 25' E
v7-1153-0,GLOCESTER,"GLOCESTER, Claudia Castra, (Géog.)​ & le Glevum des anciens ; ville d’Angleterre, capitale du comte du même nom, avec un évêché suffragant de Cantorberi, fondé par Henri VIII. en 1554. La cathédrale est très-belle. Glocester est sur la Severne, à 28 lieues N. O. de Londres, 8 S. de Worcester. Lon. 15. 26. lat. 51. 56. (D. J.)​","[[""51 56' N 15 26' E""]]",,51 56' N 15 26' E,51 56' N 15 26' O
v7-1155-1,"Glogaw, (le grand)","Glogaw, (le grand) Géog.​ Il y a deux villes de ce nom en Silésie, qu’on distingue par les épithetes de grand & de petit Glogaw.


Le grand Glogaw, Glogaria, anciennement Lugidunum, est une ville forte en Silésie, capitale du duché du même nom. Elle est l’étape & le grenier des​provinces voisines, à cause de la fertilité de son terrein, qui n’est guere inférieur à celui de Breslaw : c’est aussi la ville la plus peuplée & la mieux située de toute la Silésie. Elle est sur l’Oder, à 18 lieues N. O. de Breslaw, 20 N. E. de Gorlitz, 46 N. E. de Prague. Long. 33. 48. lat. 51. 40.


Le petit Glogaw est à deux lieues du grand Glogaw, & ne mérite aucun détail. (D. J.)​","[[""51 40' N 33 48' E""]]",,51 40' N 33 48' E,51 40' N 33 48' E
v7-1277-0,GORLITZ,"GORLITZ, Gorlitium, (Géog.)​ ville d’Allemagne, capitale de la haute Lusace, & sujette à l’électeur de Saxe. Elle a été cent fois incendiée, comme il arrive à la plûpart des villes d’Allemagne. Voyez l’histoire que Zeyler en a donnée dans sa topographie de Saxe. Gorlitz est sur la Neiss à 20 lieues de Dresde, 6 de Budissen, 28 N. E. de Prague. Longit. 32. 50. lat. 51. 10. (D. J.)​","[[""51 10' N 32 50' E""]]",,51 10' N 32 50' E,51 10' N 32 50' E
v7-1287-0,GOTHA,"GOTHA, Gotha, (Géogr.)​ ville fortifiée d’Allemagne dans la Thuringe, capitale du duché de même nom, sujette à un prince de la maison de Saxe. Zeyler dit qu’elle doit ses commencemens à Guillaume archevêque de Mayence, qui la fit bâtir vers l’an 964, sur la riviere de Leine, à trois lieues d’Erfurt, à six nord-oüest de Mulhausen. Long. 23. 35. latit. 51. 4.​


Gotha est la partie de deux savans medecins & littérateurs du siecle passé, Gaspard Hofman & Thomas Reynesius. Le premier né en 1572 ; & mort en 1649, a fait entr’autres livres un excellent traité latin des médicamens officinaux. Le second mourut à Leipsick en 1667 à l’âge de 80 ans, & s’est distingué dans la carriere de l’érudition par son ouvrage de variis lectionibus. (D. J.)​","[[""51 4' N 23 35' E""]]",,51 4' N 23 35' E,51 4' N 23 35' E
v7-1297-0,GOUDA,"GOUDA, Gondæ ou Tergow, (Géogr.)​ ville considérable de la Hollande méridionale, remarquable par son église cathédrale & par ses écluses. Elle est sur l’Issel, au confluent de la petite riviere de Gow, à trois lieues de Rotterdam, cinq de Leyde. Long. 22. 12. latit. 52. 2.


Cette ville est la patrie de quelques gens de lettres, entre lesquels je peux nommer Schonæus (Corneille), & Hartsoëker (Nicolas.) Le premier s’est distingué dans son pays par des comédies saintes, où il a tâché d’imiter le style de Térence. Il est mort en 1611 à 71 ans. Le second est connu de tous les Physiciens par ses ouvrages en ce genre ; son éloge est dans l’hist. de l’acad. des Sc. Il est mort à Utrecht le 10 Déc. 1725, âgé de 69 ans. (D. J.)​","[[""52 2' N 22 12' E""]]",,52 2' N 22 12' E,52 2' N 22 12' E
v7-131-0,FORLI,"FORLI, (Géog.)​ Forum Livii, sur la route que les Romains nommoient voie flaminienne ; ancienne petite ville d’Italie dans la Romagne, avec un évêché suffragant de Ravenne. Cette ville fut appellée Forum Livii, parce qu’elle fut fondée 208 ans avant J. C. par Marcus Livius Salinator, après avoir vaincu Asdrubal sur le Metauro. Elle fut aggrandie par Livie femme d’Auguste ; d’où vient qu’elle est souvent nommée Livia dans les auteurs. Après la chûte de l’empire romain, elle se gouverna en république, & a eu ensuite divers maitres, selon les révolutions de l’Italie. Enfin cette ville est revenue au saint-siége sous le pontificat de Jules II. On y comptoit en 1579 plus de vingt mille habitans ; à-présent elle n’en a pas dix mille. Elle est située dans un terrein sain & fertile, à quatre lieues S. E. de Faenza, huit N. de Ravenne, dix-huit N. E. de Florence. Longit. 36d. 10′. lat. 44d. 17′. suivant le P. Riccioli. (D. J.)​","[[""44 17' N 36 10' E""]]",,44 17' N 36 10' E,44 17' N 36 10' E
v7-1317-0,GOURA,"GOURA, Gura, (Géogr.)​ ville de Pologne au palatinat de Mazovie, appartenant à l’évêque de Posnanie. Celui qui vivoit du tems de Jean Sobieski, peupla cette ville de monasteres, éleva des autels dans tous les bois des environs ; & d’une butte de sable, entourée d’épaisses forêts, il en fit une parfaite Jérusalem polonoise. Elle est sur la Vistule à cinq lieues de Warsovie, & prend son nom de sa situation sur une hauteur ; car les Polonois appellent gouri tout côteau, toute montagne, tous lieux un peu élevés ; on écrit d’ordinaire gura. Long. 39. 25. lat. 52. 4. (D. J.)​","[[""52 4' N 39 25' E""]]",,52 4' N 39 25' E,52 4' N 39 25' E
v7-1363-1,Gradisca,"Gradisca, Gratiana, (Géogr.)​ ville forte de Hongrie, dans la Croatie, prise sur les Turcs par les Impériaux en 1691. Elle est sur la Save, aux frontieres de la Bosnie, à 8 lieues S. O. de Zagrab. Long. 40. 10. latit. 45. 38. (D. J.)​","[[""45 38' N 40 10' E""]]",,45 38' N 40 10' E,45 38' N 40 10' E
v7-1364-0,GRADO,"GRADO, Gradus, (Géog.)​ petite ville d’Italie, située dans une île de même nom, sur la côte du Frioul, dans l’état de Venise, à 4 lieues S. d’Aquilée, 22 N. E. de Venise. Elle doit sa fondation aux ravages d’Attila en 454. Elle a été presque réduite en cendres en 1374, & elle ne s’est pas relevée de ce desastre ; son patriarchat est uni à l’évêché de Venise. Long. 31. 10. latit. 45. 52. (D. J.)​","[[""45 52' N 31 10' E""]]",,45 52' N 31 10' E,45 52' N 31 10' E
v7-1370-0,GRAFFEN,"GRAFFEN, (Géog.)​ ville de l’Indoustan, au royaume de Visapour, sur la riviere de Coutour, entre la ville de Visapour & le port de Dabul. Lon. 92. 25. lat. 18. 36. (D. J.)​","[[""18 36' N 92 25' E""]]",,18 36' N 92 25' E,18 36' N 92 25' E
v7-1426-0,GRAUDENTZ,"GRAUDENTZ, Grudentum, (Géog.)​ petite ville de Pologne au palatinat de Culm sur la Vistule, avec un bon château, à 14 lieues de Dantzig, 8 de Thorn, 30 N. O. de Warsovie. Long. 37. 2. lat. 53. 20. (D. J.)​","[[""53 20' N 37 2' E""]]",,53 20' N 37 2' E,53 20' N 37 2' E
v7-1513-0,GRIMSBY,"GRIMSBY, (Géog.)​ ville à marché d’Angleterre dans Lincolnshire, sur l’Humber, à huit lieues E. de Lincoln. Elle députe au parlement. Long. 16. 54. lat. 53. 10. (D. J.)​","[[""53 10' N 16 54' E""]]",,53 10' N 16 54' E,53 10' N 16 54' E
v7-1531-0,GRODNO,"GRODNO, Grodna, (Géog.)​ ville de Pologne en Lithuanie, au palatinat de Troki. Elle est remarquable par une citadelle, par l’assemblée de la diete qui s’y tient tous les trois ans, & pour avoir souffert en 1753 un incendie qui l’a presque entierement réduite en cendres : sa position est dans une plaine sur le Niémen, à trente lieues sud-oüest de Troki, cinquante N. E. de Varsovie, vingt-quatre oüest de Novogrodeck. Longit. 42. 45. latit. 53. 18. (D. J.)​","[[""53 18' N 42 45' E""]]",,53 18' N 42 45' E,53 18' N 42 45' E
v7-1540-1,Groningue,"Groningue, (Géog.)​ ville des Pays-Bas, capitale de la province ou seigneurie de même nom, l’une des Provinces-Unies, avec une citadelle, une université fondée en 1614, & autrefois un évêché qui étoit suffragant d’Utrecht ; elle est sur les rivieres de Hunnes & d’Aa, à quatre lieues de la mer, onze est de Leeuwarden, vingt-deux nord-est de Deventer, trente-quatre nord-est d’Amsterdam. Long. 24. latit. 53. 13.


Cette ville subsistoit déjà l’an 1040 ; on croit qu’elle est bâtie dans le même lieu où Corbulon général des Romains, fit construire une citadelle pour s’assûrer de la fidélité des Frisons : c’est la conjecture d’Altingius.


Entre les savans que cette ville a produits, je n’en citerai que trois qu’il n’est pas permis d’oublier, Wesselus, Trommius, & Schultens.


Vesselus, (Jean) l’un des plus habiles hommes du quinzieme siecle, naquit à Groningue vers l’an 1419, & doit être regardé comme le précurseur de Luther : ses manuscrits furent brûlés après sa mort ; mais ceux qui échapperent des flammes furent imprimés à Groningue en 1614, & puis à Amsterdam en 1617. Le pape Sixte IV. avec lequel cet homme rare avoit été autrefois fort lié, lui offrit toutes sortes d’honneurs & de faveurs, & des bénéfices & des mitres : Vesselus refusa tout, & n’accepta que deux exemplaires de la bible, l’un en grec & l’autre en hébreu ; il revint chargé de ces deux livres plus chers à ses yeux que les dignités de la cour de Rome, & il en fit ses delices dans son pays.


Trommius, (Abraham) a immortalisé son nom par ses concordances flamande & greque de l’ancien testament de la version des Septante. Il est mort en 1719 âgé de quatre vingt-six ans.


Schultens, (Albert) réunit dans tous ses ouvrages la saine critique à la plus grande érudition. Le dix-huitieme siecle n’a point eu de savant plus versé dans les langues orientales que l’étoit M. Schultens ; il a fini ses jours à Leyde en 1741. (D. J.)​","[[""53 13' N 24 E""]]",,53 13' N 24 E,53 13' N 24 E
v7-1583-2,"Guadalajara, ou Guadalaxara","Guadalajara, ou Guadalaxara, (Géogr.)​ ville considérable de l’Amérique septentrionale, capitale de la riche & fertile province de même nom, dans la Nouvelle-Espagne, avec un évêché suffragant de Mexico. Nuno de Gusman la fit bâtir en 1531 ; elle est à 87 lieues O. N. O. de Mexico. Long. 271. 40. latit. N. 20. 2. (D. J.)​","[[""20 2' N 271 40' E""]]",,20 2' N 271 40' E,20 2' N 271 40' O
v7-1589-0,GUADEL,"GUADEL, (Géog.)​ ville de Perse dans la province de Mékran, sur la côte orientale, avec un assez bon port. Long. 80. 30. lat. 25. (D. J.)​","[[""25 N 80 30' E""]]",,25 N 80 30' E,25 N 80 30' E
v7-1600-0,"GUALÉOR, ou GOUADÉOR selon de Lisle","GUALÉOR, ou GOUADÉOR selon de Lisle,​ (Géog.)​ grande ville de l’empire du Mogol en Asie, capitale de la province du même nom, avec une bonne forteresse où le grand Mogol tient ses trésors, à vingt lieues S. d’Agra. Long. 93. 18. latit. 25. 5. (D. J.)​","[[""25 5' N 93 18' E""]]",,25 5' N 93 18' E,25 5' N 93 18' E
v7-1610-0,GUANIMA,"GUANIMA, (Géog.)​ petite île de l’Amérique septentrionale dans la mer du Nord, & l’une des Lucayes ; elle s’étend en long l’espace de 12 lieues ; Christophe Colomb qui la découvrit, la nomma Sainte-Marie de la Conception. Long. 32. 30. lat. 24. 12. (D. J.)​","[[""24 12' N 32 30' E""]]",,24 12' N 32 30' E,24 12' N 32 30' E
v7-1618-0,GUARGALA ou GUERGUELA,"GUARGALA ou GUERGUELA, (Géog.)​ ville d’Afrique, capitale d’un petit royaume de même nom, dans le Bilédulgerid, au S. du mont Atlas ; on s’y nourrit de dattes, de chair de chameau & d’autruche. Elle est à 140 lieues S. d’Alger. Long. 37. 30. lat. 25. 50. (D. J.)​","[[""25 50' N 37 30' E""]]",,25 50' N 37 30' E,25 50' N 37 30' E
v7-1621-0,GUASTALLA,"GUASTALLA, Guardastallum, (Géog.)​ petite, mais forte ville d’Italie, en Lombardie, au duché de Mantoüe, sur la frontiere du duché de Modene. Elle est près du Pô, à 6 lieues N. O. de Reggio, 8 S. O. de Mantoüe. Long. 28. 8. lat. 44. 45. (D. J.)​","[[""44 45' N 28 8' E""]]",,44 45' N 28 8' E,44 45' N 28 8' E
v7-1645-0,"GUERCHE, (la) ou GUIERCHE, (la)","GUERCHE, (la) ou GUIERCHE, (la) Géog.​ ville de France en Touraine sur la Creuse. Longit. 18. 28. lat. 46. 48. (D. J.)​","[[""46 48' N 18 28' E""]]",,46 48' N 18 28' E,46 48' N 18 28' E
v7-1699-0,GUIMARAENS,"GUIMARAENS, Vimananum, (Géog.)​ ancienne, forte, & considérable ville du Portugal, dans la province d’entre Duéro-e-Minho, & dans la Comarca. Elle a été souvent le séjour des rois de Portugal, & ce qui en est une suite, les édifices publics modernes ont de l’éclat. Elle est à 3 lieues de Brague, 11 de Porto, 16 N. O. de Lamégo, 66 N. E. de Lisbonne. Long. 9. 46. latit. 41. 25.


Guimaraens donna le jour au pape Damase, successeur de Libere en 366 ; ce pape tint plusieurs conciles, excommunia les Lucifériens, introduisit l’usage de chanter l’alleluia, & eut un illustre secrétaire en la personne de S. Jérôme.


Cette ville est encore la patrie d’Alphonse, premier roi de Portugal, qui défit cinq rois Maures confédérés, a la bataille d’Ourique en 1139, & mourut à Coimbre en 1185, âgé de 76 ans. (D. J.)​","[[""41 25' N 9 46' E""]]",,41 25' N 9 46' E,41 25' N 9 46' E
v7-23-0,FOLIGNY,"FOLIGNY, (Géog.)​ ou comme écrivent les Italiens Fulginium, ancienne petite ville de l’état de l’Eglise dans le duché de Spolete, entre Spolete & Assise, avec un évêché suffragant du saint-siége. Ca-​ton, Cicéron, César, & autres auteurs, font mention de Foligny. C’étoit une ville libre sous la protection des Romains. Elle est remarquable par les savans hommes qu’elle a produits. Sa situation est dans une plaine fertile au bord du Topino, à cinq lieues N. E. de Spolete, 27 N. E. de Rome. Long. 30. 18. lat. 42. 55. (D. J.)​","[[""42 55' N 30 18' E""]]",,42 55' N 30 18' E,42 55' N 30 18' E
v7-303-0,"FRANKENBERG, & par les François Framont","FRANKENBERG, & par les François Framont,​ (Géog.)​ montagne de la Vosge, la plus haute de toutes celles qui séparent la Lorraine de l’Alace, située à environ six lieues de Molsheim, au pié de laquelle on rencontre un grand chemin qui la traverse. Plusieurs prétendent que Pharamond a été inhumé sur cette montagne ; & si le fait n’est pas vrai, du moins la tradition n’est pas nouvelle ni même sans quelque fondement. Voyez dom Mabillon, disc. sur les anc. sépul. des rois de France, dans les mémoires de l’acad. des Inscript. tom. II. Longit. 25. 10. lat. 48. 35. (D. J.)​","[[""48 35' N 25 10' E""]]",,48 35' N 25 10' E,48 35' N 25 10' E
v7-321-0,FRAWENFELD,"FRAWENFELD, (Géog.)​ petite ville de Suisse, capitale du Thurgow sur une hauteur, près la riviere de Murg. Voyez Longuerue. Long. 30. 42. latit. 47. 28. (D. J.)​","[[""47 28' N 30 42' E""]]",,47 28' N 30 42' E,47 28' N 30 42' E
v7-374-0,"FRIDERICKS-HALL, ou FRIDERICKSTADT","FRIDERICKS-HALL, ou FRIDERICKSTADT, (Géog.) ville forte de Norwége, mais commandée par une montagne dans la préfecture d'Aggerhus ; elle est à l'embouchure du Glammen dans la Manche du Dannemarck sur la côte du Cattegal, à 20 lieues S. E. d'Anslo, 26 N. O. de Bahus, 11 S. E. d'Aggerhus. Long. 28. 20. lat. 59. 2. Ce fut au siége de cette ville, le 11 Décembre 1718, que fut tué Charles XII. roi de Suede, d'une balle qui l'atteignit à la tempe droite, & qui pacifia le nord de l'Europe. (D. J.)","[[""59 2' N 28 20' E""]]",,59 2' N 28 20' E,59 2' N 28 20' E
v7-449-0,FULDE,"FULDE, Fulda, (Géog.)​ ville & abbaye célebre d’Allemagne érigée en évêché depuis peu d’années, au cercle du haut Rhin, sur une riviere de même nom. L’évêque abbé de Fulde est le dernier des princes évêques d’Allemagne, mais le premier des princes abbés de l’Empire ; il porte le titre d’archi-chancelier de l’impératrice : comme abbé, il relevoit immédiatement du S. Siége. L’abbaye de Fulde est très-​riche ; elle fut fondée par S. Boniface, apôtre de l’Allemagne & archevêque de Mayence ; elle est de l’ordre de S. Benoît. Il faut faire preuve de noblesse pour être admis dans cette maison d’humilité ; & les moines, devenus chanoines aujourd’hui, élisent un d’entre eux pour remplir la place d’évêque-abbé, lorsqu’elle est vacante. Long. 27. 28. latit. 50. 40.","[[""50 40' N 27 28' E""]]",,50 40' N 27 28' E,50 40' N 27 28' E
v7-505-0,"FURSTENBERG, (Comté de-)","FURSTENBERG, (Comté de-) Géog. état souverain d'Allemagne en Soüabe, qui s'étend d'orient en occident depuis l'evêché de Constance jusqu'au Brisgow. Il ne renferme que quelques bourgs ou petites villes ; mais il est possédé par une des plus anciennes maisons d'Allemagne, avec le château de Furstenberg, qui donne le nom à tout le pays. Long. 25d. 46'. latit. 48d. 32'. (D. J.)","[[""48 32' N 25 46' E""]]", ,48 32' N 25 46' E,48 32' N 25 46' E
v7-507-0,FURSTENWALD,"FURSTENWALD, (Géog.)​ petite ville d’Allemagne, dans la moyenne marche de Brandebourg, sur la Sprée, à 8 lieues O. de Francfort, sur l’Oder. Long. 32d5′. lat. 52d23′.


Elle a produit deux savans illustres : Hoffman (Maurice) célebre medecin y naquit en 1621, & mourut en 1698 ; Mentzel (Chrétien) né à Furstenwald en 1622, mort en 1701, est fort connu des Botanistes. Il a laissé manuscrit 4 vol. in-fol. des choses naturelles du Brésil, & 10 vol. in-fol. aussi manuscrit, tirés du lexicon chinois, intitulés Caguey ; il est à souhaiter que de tels ouvrages paroissent un jour. (D. J.)​","[[""52 23' N 32 5' E""]]",,52 23' N 32 5' E,52 23' N 32 5' E
v7-56-0,FONDI,"FONDI, (Géog.)​ en latin Fundi ; petite ville de la terre de Labour dans le royaume de Naples en Italie, avec un évêché suffragant de Capoue. Elle est dans une plaine fertile, mais en mauvais air, auprès du petit lac de même nom, à 5 lieues de Terracine ; 15 lieues N. O. de Capoue ; 18 N. O. de Naples ; 20 S. E. de Rome. Longit. 31. 3. latit. 41. 25.


Fundi étoit une ancienne ville municipale de Latium dans le canton des Ausones, dont Strabon, liv. III. Silius Italicus, liv. VIII. v. 530. Martial, liv ;​XIII. épigramm. 114. & Horace, serm. l. III. sat. V. v. 34. ont parlé. Vitruve, suivant quelques-uns, naquit dans cette ville. (D. J.)​","[[""41 25' N 31 3' E""]]",,41 25' N 31 3' E,41 25' N 31 3' E
v7-592-0,GAILLON,"GAILLON, (Géog.)​ bourg de France en Normandie, au diocèse d’Evreux, renommé par sa situation, par un palais appartenant aux archevêques de Roüen, & par la Chartreuse qui en est voisine. Il est dans un lieu charmant près de la Seine, à 2 lieues d’Andely, & 7 de Roüen. Long. 19. lat. 49. 18. (D. J.)​","[[""49 18' N 19 E""]]",,49 18' N 19 E,49 18' N 19 E
v7-654-0,"GALL, (Saint)","GALL, (Saint) fanum Sancti-Galli, Géog.​ ville de Suisse dans le haut-Thurgow, avec une riche & célebre abbaye. Cette ville forme depuis long-tems une petite république indépendante. Elle s’allia l’an 1454 avec les cantons de Zurich, de Berne, de Lucerne, de Schwits, de Zug & de Glaris ; & elle embrassa la réformation l’an 1529. Sa situation est dans un vallon étroit & stérile, entre deux montagnes, & sur deux petites rivieres, à 14 lieues N. E. de Zurich, deux du lac de Constance, 46 N. de Berne, 25 N. E. de Lucerne. Long. 27. 10. lat. 47. 38.


Cette ville a produit quelques gens de Lettres connus, comme Vadianus (Joachim) littérateur du seizieme siecle, dont on a des commentaires sur Pomponius Mela. Il naquit à Saint-Gall en 1484, & mourut en 1551.


L’abbaye de Saint-Gall a pris son nom d’un moine​ irlandois, qui en 646 vint s’établir dans ce pays-là, y bâtit un petit monastere dans lequel il vécut religieusement, & qu’on appella par cette raison après sa mort, la cella de Saint-Gall. Cette cella s’accrut comme il arrive à tous les monasteres, & finalement son abbé devint prince de l’Empire. Depuis la réformation, il fait sa résidence à Wyle, bourg de Thurgow. (D. J.)​","[[""47 38' N 27 10' E""]]",,47 38' N 27 10' E,47 38' N 27 10' E
v7-656-0,"GALLÉ, (Punta de)","GALLÉ, (Punta de) Géog.​ fort de l’île de Ceylan, appartenant aux Hollandois qui en ont chassé les Portugais en 1640. Il est sur un rocher dans un territoire assez fertile, mais infecté de fourmis blanches. Long. 97. lat. 6. 30. (D. J.)​","[[""6 30' N 97 E""]]",,6 30' N 97 E,6 30' N 97 E
v7-665-0,GALLIPOLI,"GALLIPOLI, (Géog.)​ petite ville d’Italie, au royaume de Naples, dans la terre d’Otrante, avec un évêché suffragant d’Otrante, un fort, & un port. Elle est sur un rocher toute environnée de la mer, à 12 lieues d’Otrante, & 18 de Tarente. Long. 35. 45. lat. 40. 20. (D. J.)​​","[[""40 20' N 35 45' E""]]",,40 20' N 35 45' E,40 20' N 35 45' E
v7-665-1,Gallipoli,"Gallipoli, (Géog.)​ ville de la Turquie européenne, dans la Romanie, à l’embouchure de la mer de Marmara, avec un havre, & un évêché suffragant d’Héraclée. Elle est habitée par des turcs, des grecs, & des juifs. Soliman la prit en 1357 ; c’est la résidence d’un pacha. Elle est sur le détroit de même nom, autrement appellé le détroit des Dardanelles, à 16 lieues de Rodisto, 42 de Constantinople, 18 d’Imbro. Voyez sur Gallipoli, (car c’est son ancien nom) Thévenot, Tournefort, & Wheler. Longit. 44d34′. lat. 40d30′12″. (D. J.)​","[['40 30\' 12"" N 44 34\' E']]",,"40 30' 12"" N 44 34' E","40 30' 12"" N 44 34' E"
v7-704-0,GANKING,"GANKING, (Géog.)​ ville de la Chine, riche & marchande, dans la province de Nanking, dont elle étoit la dixieme métropole : elle est de 20 degrés plus orientale que Peking, c’est-à-dire au 31d20′ de latitude sur le bord septentrional du fleuve Kiang, & aux confins de la province Kiansi. (D. J.)​","[[""31 20' N 20 E""]]",['Pékin'],31 20' N 20 E,31 20' N
v7-71-0,FONTARABIE,"FONTARABIE, (Géog.)​ Fons rapidus ; les Espagnols disent Fuenterabia ; petite, mais forte ville d’Espagne dans la province de Guipuscoa en Biscaye, avec un bon château. Elle est regardée comme la clé d’Espagne de ce côté-ci, & est proche la mer, à l’embouchure de Bidassoa ou Vidouze, à 9 lieues S. O. de Bayonne, 25 E. de Bilbao, 175 S. O. de Paris. Long. 15. 51. 53. latit. 43. 23. 20. (D. J.)​","[['43 23\' 20"" N 15 51\' 53"" E']]",,"43 23' 20"" N 15 51' 53"" E","43 23' 20"" N 15 51' 53"" E"
v7-716-0,GAOGA,"GAOGA, s. m. (Géogr.)​ Quelques-uns écrivent Kangha, province du Desert, à l’extrémité orientale de la Nigritie, qui a pour ville unique connue Goaga. Au nord de cette ville, on voit encore quelques vestiges de l’ancienne Cyrene, capitale de la Lybie cyrénaïque, & qui étoit autrefois une des villes principales du fameux Pentapolis. Le lac de Gaoga est par le 43d. de long. & le 16d. de lat. septentrionale. (D. J.)​",[['16 N 43 E']],,16 N 43 E,16 N 43 E
v7-719-0,GARAC,"GARAC, (Géog.)​ île du golfe persique, à-peu-près également éloignée des côtes de Perse & de l’Arabie, à 18 lieues ou environ de l’embouchure de l’Euphrate ; on y fait la pêche des perles. Long. 67. 15. lat. 28. 45. (D. J.)​","[[""28 45' N 67 15' E""]]",,28 45' N 67 15' E,28 45' N 67 15' E
v7-810-0,"GAUDENS, (Saint-)","GAUDENS, (Saint-) fanum Sancti-Gaudentii, (Géog.)​ petite ville de France, capitale du Nébousan. Les états du pays s’y tiennent. C’est la patrie de S. Rémond, fondateur de l’ordre de Calatrava, en Espagne. Elle est sur la Garonne, à deux lieues N. de Saint-Bertrand. Longit. 18d. 36′. latit. 43d. 8′. (D. J.)​","[[""43 8' N 18 36' E""]]",,43 8' N 18 36' E,43 8' N 18 36' E
v7-873-0,GEMMINGEN,"GEMMINGEN, Gimminga, (Géog.)​ petite ville d’Allemagne dans le palatinat du Rhin, sujette à l’électeur Palatin, entre Hailbron & Philisbourg. Lon. 26. 56. lat. 9. 7.. (D. J.)​","[[""9 7' N 26 56' E""]]",,9 7' N 26 56' E,9 7' N 26 56' E
v7-875-2,Gemund,"Gemund, (Géog.)​ petite ville d’Allemagne au cercle de Franconie, dans l’évêché de Wurtzbourg, sur le Mein. Long. 27. 20. lat. 50. 8.


Il y a encore d’autres lieux de ce nom dont il est inutile de parler dans ce Dictionnaire. (D. J.)​","[[""50 8' N 27 20' E""]]",,50 8' N 27 20' E,50 8' N 27 20' E
v7-878-0,GENAP ou GENEP,"GENAP ou GENEP, Genapium, (Géog.)​ petite ville franche & mairie du Brabant autrichien : elle est sur la Dyle à une lieue de Nivelle, sept de Louvain, six de Bruxelles. Longit. 22. 4. latit. 50. 36. (D. J.)​","[[""50 36' N 22 4' E""]]",,50 36' N 22 4' E,50 36' N 22 4' E
v7-887-0,GÉNEP,"GÉNEP, (Géogr.)​ Genepum, ville d’Allemagne, dans le cercle de Westphalie, au duché de Cleves, sujette au roi de Prusse, avec un château & titre de​comté. Les Hollandois la prirent en 1641, & les François en 1672 ; elle est sur la Néers, proche la Meuse, à deux lieues sud-oüest de Cleves, cinq sud-oüest de Nimegue, dix nord-oüest de Venlo. Long. 23. 25. lat. 51. 52. Voyez Genap. (D. J.)​","[[""51 52' N 23 25' E""]]",,51 52' N 23 25' E,51 52' N 23 25' E
v7-91-0,FORCALQUIER,"FORCALQUIER, Forum calcorium, (Géog.) petite ville de Provence, capitale du comté de même nom. Elle est sur une hauteur, à six lieues de Manosque, 8 S. O. de Sisteron, 12 N. E. d'Aix. Lon. 23d. 32l. latit. 43d. 58l. Le comté de Forcalquier avoit autrefois ses comtes particuliers, qui dans les anciens titres sont aussi appellés comtes d'Arles, comites Arelatensium ; parce qu'Arles étoit la capitale de leurs états. Le roi prend le titre de comte de Provence, de Forcalquier, &c. dans les actes qui concernent la province. (D. J.)","[[""43 58' N 23 32' E""]]", ,43 58' N 23 32' E,43 58' N 23 32' E
v7-958-0,GEPPING,"GEPPING, (Géog.)​ petite ville impériale d’Allemagne dans la Soüabe, sur la riviere de Wits, à 12 lieues E. de Stutgard, 9 S. O. de Gernund, 9 N. O. d’Ulm. Long. 33. 20. lat. 48. 24. (D. J.)​","[[""48 24' N 33 20' E""]]",,48 24' N 33 20' E,48 24' N 33 20' E
v7-959-0,GÉRA,"GÉRA, (Géog.)​ petite ville d’Allemagne au cercle de la haute Saxe, dans la Misnie, sur l’Elster. Les Bohémiens la ravagerent en 1449. Long. 29. 55. lat. 50. 51. (D. J.)​","[[""50 51' N 29 55' E""]]",,50 51' N 29 55' E,50 51' N 29 55' E
v7-980-0,GERMANO (Saint-),"GERMANO, (Saint-) Géog.​ petite ville d’Italie au royaume de Naples, dans la terre de Labour, au pié du Mont-Cassin. Elle appartient à l’abbé du Mont-Cassin. Long. 31d. 28. lat. 41. 33. (D. J.)​","[[""41 33' N 31 28' E""]]",,41 33' N 31 28' E,41 33' N 31 28' E
v7-982-0,GERMERSHEIM,"GERMERSHEIM, (Géog.)​ vicus julius, petite ville d’Allemagne au Palatinat du Rhin, chef-lieu d’un baillage de même nom, sujet à l’électeur palatin. Elle est près du Rhin, à 2 lieues O. de Philisbourg, & 3 S. E. de Landau, Long. 27. 2. lat. 49. 10. (D. J.)​","[[""49 10' N 27 2' E""]]",,49 10' N 27 2' E,49 10' N 27 2' E
v8-1029-0,HOMARA,"HOMARA, (Géog.)​ petite ville d’Afrique au royaume de Fez, dans la province de Habat, entre Arzile & Alcazarquivir, à cinq lieues de chacune. Long. 12. lat. 35. 10. (D. J.)​","[[""35 10' N 12 E""]]",,35 10' N 12 E,35 10' N 12 O
v8-103-0,"HAILBRON, ou HEILBRON","HAILBRON, ou HEILBRON, (Géog.)​ selon Zeiler, Alisum, ville libre, impériale, fortifiée, & frontiere d’Allemagne dans la Soüabe ; son nom qui signifie sources salutaires, lui vient des eaux médicinales qu’elle possede dans son territoire. Il est vraissemblable que l’an 1240, sous Fréderic II, elle​acquit le nom de ville, fut entourée de murailles, & déclarée ville impériale ; elle suit la confession d’Augsbourg. Les Suédois la prirent en 1631, les Impériaux en 1634, & les François en 1688. Elle est dans une situation avantageuse sur le Necker, à 10 lieues N. E. de Stutgard, 12 S. E. d’Heidelberg, 12, E. de Philisbourg, 28 N. E. de Strasbourg. Long. 26. 58. lat. 49. 10.


Faber, (Jean) théologien de l’ordre de S. Dominique, naquit à Hailbron sur la fin du seizieme siecle ; il prêcha & écrivit quantité d’ouvrages contre les Luthériens & les Calvinistes. On en a fait une édition en trois gros volumes qu’on ne lit plus aujourd’hui ; un de ses livres est intitulé le marteau des Hérétiques, malleus Hæreticorum. Dans un autre de ses ouvrages, il s’attache à prouver que la foi peut être sans la charité ; mais c’est ce dont personne ne doute. Il mourut en 1541. (D. J.)​","[[""49 10' N 26 58' E""]]",,49 10' N 26 58' E,49 10' N 26 58' E
v8-105-0,"HAIMBOURG, ou HAMBOURG","HAIMBOURG, ou HAMBOURG, Hamburgum Austriæ. (Géog.)​ Quelques auteurs prétendent qu’elle est le Comagenum, que les anciens mettoient en Pannonie. C’est une ancienne petite ville d’Allemagne dans la basse-Autriche, prise par Mathias Corvin, roi de Hongrie, en 1482. Elle est située sur le Danube, à six milles S. O. de Presbourg, & à huit E. de Vienne. Long. 35. 10. latit. 48. 20. (D. J.)​","[[""48 20' N 35 10' E""]]",,48 20' N 35 10' E,48 20' N 35 10' E
v8-1093-0,HOOGSTRATE,"HOOGSTRATE, (Géog.)​ petite ville des Pays-Bas, dans le Brabant hollandois, au quartier d’Anvers, avec titre de comté. Elle est à 6 lieues N. E. d’Anvers, 3 S. O. de Breda. Long. 22. 16. latit. 51. 25.


Cette ville est la patrie du Dominicain Jacques Hoogstraten, inquisiteur général en Allemagne, au commencement du xvj. siecle ; son nom s’est conservé dans l’Histoire, pour la violence avec laquelle il exerça sa charge, & par ses injustes procédures contre le savant Reuchlin, un des premiers qui se soit appliqué à l’étude de la langue hébraïque. Hoogstraten surprit de Maximilien un édit pour brûler tous les livres des Juifs, qui furent trop heureux d’obtenir la suspension de l’édit. L’empereur qui n’avoit pas osé le refuser à Hoogstraten, demanda l’avis des universités d’Allemagne, avec celui de Reuchlin. Cet habile homme opina sincerement, qu’il ne convenoit pas de brûler tous les livres de ce peuple, dont plusieurs étoient utiles, mais seulement ceux qui attaquoient directement la Religion Chrétienne ; il soûtint son opinion dans un livre intitulé, le Miroir oculaire : Hoogstraten fulmina contre le livre & l’auteur. Le procès fut évoqué à Rome, & la faculté de Théologie de Paris déclara le 2 Août 1514, que le Miroir oculaire devoit être jetté au feu, & l’auteur suspect d’hérésie, contraint à se rétracter. (D. J.)​","[[""51 25' N 22 16' E""]]",,51 25' N 22 16' E,51 25' N 22 16' E
v8-1176-0,HOUAT,"HOUAT, (Géog.)​ petite isle de France sur l’Océan, près des côtes de Bretagne, à trois lieues de Belle-Isle. Elle a quatre lieues de tour. Long. 14, 36. lat. 47, 20. (D. J.)​","[[""47 20' N 14 36' E""]]",,47 20' N 14 36' E,47 20' N 14 36' E
v8-1233-0,HUBET,"HUBET, (Géog.)​ ville d’Afrique au royaume de Tremecen, sur une montagne, à une demie-lieue de Tremecen. Long. 17. 15. lat. 34. 32. (D. J.)​","[[""34 32' N 17 15' E""]]",,34 32' N 17 15' E,34 32' N 17 15' E
v8-1298-0,HUNDSFELD,"HUNDSFELD, (Géog.)​ c’est-à-dire la campagne du chien, petite ville d’Allemagne dans la Silésie, dans la province d’Oels, sur la Weide, à 3 lieues de Breslaw. Long. 34. 50. lat. 51. 8. (D. J.)​","[[""51 8' N 34 50' E""]]",,51 8' N 34 50' E,51 8' N 34 50' E
v8-1305-0,HUNINGUE,"HUNINGUE, Hunninga, (Géog.)​ petite, mais forte ville de la haute Alsace dans le Suntgow. Les fortifications sont du maréchal de Vauban ; elle est sur le Rhin, aux frontieres de la Suisse, à une lieue N. de Bâle, 7 S. de Brisach. Long. 25. 15. lat. 47. 42. (D. J.)​","[[""47 42' N 25 15' E""]]",,47 42' N 25 15' E,47 42' N 25 15' E
v8-1310-0,HUNTINGTON ou HUNDINGTON,"HUNTINGTON ou HUNDINGTON, (Géog.)​ ville d’Angleterre, capitale de l’Hundingtonshire, sur l’Ouse, à 50 milles de Londres ; elle envoie deux députés au Parlement. Longit. 17. 15. latit. 52. 15.


C’est à Huntington que naquit Cromwell en 1599.​Les nations de l’Europe, dit M. de Voltaire, « crurent la grande Bretagne ensevelie sous ses ruines, lorsqu’elle devint tout-à-coup plus formidable que jamais sous la domination de Cromwell, qui l’assujettit en portant l’évangile dans une main, l’épée dans l’autre, le masque de la religion sur le visage, & qui, dans son gouvernement, couvrit des qualités d’un grand roi tous les crimes d’un usurpateur ».


Né avec un courage & des talens extraordinaires, il fut le plus habile politique & le premier capitaine de son tems, fit fleurir le commerce de sa patrie, en étendit la domination, & mourut à l’âge de 59 ans, craint & courtisé de tous les souverains. Avant que d’expirer, il nomma Richard Cromvell son successeur, & conserva son autorité jusqu’au dernier soupir. Le conseil d’état lui ordonna des funérailles plus magnifiques que pour aucun roi d’Angleterre. Raguenet & Gregoire Léti ont écrit sa vie, mais il lui falloit d’autres historiens ; Waller a fait son éloge funebre, chef-d’œuvre de l’art, qu’il convient de transcrire ici par cette seule raison. J’y joindrai la traduction libre de M. de Voltaire en faveur de ceux à qui la langue angloise n’est pas connue. Il s’agit seulement, pour entendre ce beau morceau, de savoir que Cromwell mourut le jour d’une tempête extraordinaire dans la grande Bretagne.



We must resign ! Heav’n his great soul does claim,
In storm as loud as his immortal fame :
His dying groans, his last breath, shakes our isle.
And trees uncut for his fun’ral pile :
About his palace their broad roots are tost
Into the air. So Romulus was lost !
New Rome in such a tempest miss’d her king,
And from obeying fell to worshipping :
On Oeta’s top thus Hercules lay dead,
With ruin’d oaks and pines about him spread.
Nature herself took notice of his death,
And sighing, swell’d the sea with such a breath,
That to remotest shores her billows roll’d,
The approching fate of their great ruler told.


Voici l’imitation de M. de Voltaire :



Il n’est plus, c’en est fait, soumettons-nous au sort,
Le ciel a signalé ce jour par des tempêtes ;
Et la voix du tonnerre éclatant sur nos têtes,
A déclaré sa mort.
Par ses derniers soupirs, il ébranle cette île,
Cette île, que son bras fit trembler tant de fois,
Quand, dans le cours de ses exploits,
Il brisoit la tête des rois,
Et soumettoit un peuple à son joug seul docile.
Mer, tu t’en es troublée : ô mer ! tes flots émus
Sembloient dire en grondant aux plus lointains rivages,
Que le roi de ces lieux & ton maître n’est plus.
Tel au ciel autrefois s’envola Romulus,
Tel il quitta la terre au milieu des orages,
Tel d’un peuple guerrier il reçut les hommages.
Obéi dans sa vie, à sa mort adoré,
Son palais fut un temple.

(D. J.)​","[[""52 15' N 17 15' E""]]",,52 15' N 17 15' E,52 15' N 17 15' O
v8-1322-0,HURMON,"HURMON, (Géog.)​ petite ville de Perse, dont le territoire abonde en dattes, & où les chaleurs sont excessives. Long. selon Tavernier, 85d. 15′. latit. 32. 30. (D. J.)​","[[""32 30' N 85 15' E""]]",,32 30' N 85 15' E,32 30' N 85 15' E
v8-1330-0,HUSUM,"HUSUM, (Géog.)​ ville de Danemarck dans la partie méridionale du Sleswig, au baillage de Husum, dont elle est le chef-lieu. Elle n’est pas ancienne, & n’a gueres commencé que vers l’an 1450, mais elle fleurissoit déja beaucoup en 1520, & depuis lors elle a éprouvé tous les malheurs possibles, incendies, pillages, inondations ; elle est située à environ 2 milles de la petite riviere de l’Ow, à 4 de Sleswig, à 10 de Ripen, à 16 de Hambourg, à 18 de Lubeck. Long. 42. 33. lat. 54. 22. (D. J.)​","[[""54 22' N 42 33' E""]]",,54 22' N 42 33' E,54 22' N 42 33' E
v8-147-1,Halle,"Halle, Hala Magdeburgica, (Géog.)​ ville d’Allemagne dans la haute-Saxe, au duché de Magdebourg, avec une fameuse université fondée en 1694. Son nom lui vient des salines que les Hermandures y trouverent, & qui subsistent toûjours ; elle appartient par le traité de Westphalie à l’électeur de Brandebourg ; elle est dans une grande plaine agréable sur la Saale, à 5 milles N. O. de Leipsick, 8 S. O. de Wirtemberg, 11 S. E. de Magdebourg. Long. 30. 8. latit. 51. 36.


C’est la patrie de Balthasar Brunner, & de Paul Herman : le premier voyagea beaucoup, cultiva la Medecine & la Chimie, & mourut en 1604 âgé de 71 ans ; le dernier est un des célebres botanistes du dix-septieme siecle. Il fut reçû professeur dans cette science à Leyde, après avoir exercé la Medecine à Ceylan, & mourut en 1695. On a publié la vie de plusieurs autres savans nés à Halle, ou qui en ont été professeurs ; j’y renvoye les curieux en Biographie. (D. J.)​","[[""51 36' N 30 8' E""]]",,51 36' N 30 8' E,51 36' N 30 8' E
v8-147-2,Halle,"Halle, (Géog.)​ ville libre & impériale d’Allemagne dans la Suabe, avec des salines sur la riviere de Koher, entre des rochers & des montagnes. Elle est située aux confins du Palatinat, de la Franconie, & du Duché de Wirtemberg, à neuf de nos lieues, E. d’Heilbron, quinze N. E. de Stutgard. Elle doit sa fondation aux sources sallées. Long. 27. 30. latit. 49. 6. (D. J.)​","[[""49 6' N 27 30' E""]]",,49 6' N 27 30' E,49 6' N 27 30' E
v8-1609-0,JAEN,"JAEN, (Géog.)​ ville d’Espagne, capitale d’un canton appellé Royaume, dans l’Andalousie, avec un évêché suffragant de Tolede, riche de 20 mille ducats de revenu fixe. Ferdinand III. roi de Castille prit Jaen sur les Maures en 1243 ; elle est dans un​terrein abondant en fruits exquis, & très-riche en soie, au pié d’une montagne, à 16 lieues N. de Grenade, 6 S. O. de Bacca, 46 N. E. de Seville, 72 S. E. de Madrid. Long. 14. 45. lat. 37. 38. (D. J.)​","[[""37 38' N 14 45' E""]]",,37 38' N 14 45' E,37 38' N 14 45' O
v8-1615-0,JAGERNDORFF,"JAGERNDORFF, (Géog.)​ ville & château de Silésie, sur l’Oppa, à 6 lieues O. de Tropaw, 26 S. E. de Breslaw. Long. 35. 22. lat. 50. 4.


C’est la patrie de Georges Frantzkius, savant jurisconsulte d’Allemagne ; il devint par son mérite chancelier d’Ernest, duc de Gotha, fut annobli, & gratifié du titre de comte Palatin par l’empereur, perdit dans un incendie sa bibliotheque & ses manuscrits, & mourut en 1659, âgé de 65 ans. La plûpart de ses ouvrages, entr’autres ses Commentarii in pandectas juris civilis, & ses Exercitationes juridicæ, ont été réimprimés plusieurs fois. (D. J.)​","[[""50 4' N 35 22' E""]]",,50 4' N 35 22' E,50 4' N 35 22' E
v8-1618-3,"Iago de las Valles, Sant","Iago de las Valles, Sant, (Géog.)​ petite ville presque deserte de l’Amérique septentrionale, dans l’audience de Mexico ; elle est sur la riviere de Panuco, à 30 lieues de Panuco. Long. 276. 40. lat. 23. (D. J.)​","[[""23 N 276 40' E""]]",,23 N 276 40' E,23 N 276 40' O
v8-1788-0,JAVER,"JAVER, (Géog.)​ ville d’Allemagne, capitale d’une province considérable de même nom, dans la basse Silesie, avec une citadelle & une grande place environnée de portiques ; elle est à 5 lieues S. E. de Schweidnitz, 12 S. O. de Breslaw, 35 N. E. de Prague. Long. 34. 4′. lat. 50. 66. (D. J.)​","[[""50 66' N 34 4' E""]]",,50 66' N 34 4' E,50 66' N 34 4' E
v8-180-0,"HAM, ou HAMM","HAM, ou HAMM, en latin Hammona, (Géog.)​ petite ville d’Allemagne en Westphalie, capitale du comté de la Marck, sur la Lippe, sujette au roi de Prusse, à trois milles de Soëst, à six lieues S. E. de Munster, dix-huit N. E. de Cologne. Longit. 25. 28. latit. 51. 42. (D. J.)​","[[""51 42' N 25 28' E""]]",,51 42' N 25 28' E,51 42' N 25 28' E
v8-1885-0,IDRIA,"IDRIA, (Géog.)​ ville d’Italie dans le Frioul, au comté de Goritz, avec un château. Cette ville, célebre par sa mine de vif-argent, appartient à la maison d’Autriche ; elle est de tous côtés entourée de montagnes, à 7 lieues N. E. de Goritz, 10 N. de Trieste. Long. 31. 35. lat. 46. 16.


La riche mine de vif-argent que cette ville possede dans son propre sein, est une chose bien curieuse. L’entrée de cette mine n’est point sur une montagne, mais dans la ville même ; elle n’a pas plus de 120 ou 130 brasses de profondeur. On en tire du vif-argent vierge & du simple vif-argent, & c’étoit certainement autrefois une des plus riches mines du monde en ce genre ; car il s’y trouvoit d’ordinaire moitié pour moitié, c’est-à-dire de deux livres une, & quelquefois même lorsqu’on en tiroit un morceau qui pesoit trois livres, on en trouvoit encore deux après qu’il étoit rafiné. Le détail que Brown en a fait comme témoin oculaire, en 1669, mérite d’être lû.


Etant descendu dans cette mine par une échelle qui avoit 89 brasses de long, il vit dans un endroit où l’on travailloit à la purification du vif-argent par le feu seize mille barres de fer, qu’on avoit achetées dans la Carinthie ; on employoit aussi quelquefois au même usage 800 barres de fer tout-à-la-fois, pour purifier le vif-argent dans seize fournaises ; on en mettoit 50 dans chaque fournaise, 25 de chaque côté, 12 dessus & 13 au-dessous ; le produit étoit tel, que M. Brown vit emporter un jour 40 sacs de vif-argent purifié pour les pays étrangers, objet de 40 mille ducats. On en envoyoit jusqu’à Chremnits, en Hongrie, pour s’en servir dans cette mine d’or ; chaque sac pesoit 315 livres. Il y avoit encore alors dans le château trois mille sacs de vif-argent purifié en réserve ; enfin, à force d’exploitations précipitées, on a presque épuisé la mine & le bois nécessaire pour le travail. (D. J.)​","[[""46 16' N 31 35' E""]]",,46 16' N 31 35' E,46 16' N 31 35' E
v8-1892-3,"Jean, S.","Jean, S. (Géog.)​ petite ville de France au Vasgau, aux confins de la Lorraine, sur la Sarre, dans le Comté de Sarbruck ; elle est à 5 lieues O. de Deux-Ponts. Long 25. 47. lat. 49. 16. (D. J.)​","[[""49 16' N 25 47' E""]]",,49 16' N 25 47' E,49 16' N 25 47' E
v8-1892-7,"Jean de Luz, S.","Jean de Luz, S. (Géog.)​ Lucius Vicus ; le nom basque est Loitzun, petite ville de France en Gascogne, la deuxieme du pays de Labour, & la derniere du côté de l’Espagne, avec un port. Elle est sur une petite riviere, que Piganiol de la Force nomme la Ninette, & M. de Lisle le Nivelet, à 4 lieues N. E. de Fontarabie, 4 S. O. de Bayonne, 174 S. O. de Paris. Long. 15. 59. 28. lat. 43. 23. 15. (D. J.)​","[['43 23\' 15"" N 15 59\' 28"" E']]",,"43 23' 15"" N 15 59' 28"" E","43 23' 15"" N 15 59' 28"" E"
v8-1892-9,"Jean-pied-de-Port, S.","Jean-pied-de-Port, S. (Géog.)​ ville de France en Gascogne, à une lieue des frontieres d’Espagne, autrefois capitale de la basse Navarre, avec une citadelle sur une hauteur. Antonin appelle ce lieu imus Pyrenæus, le pié des Pyrénées, parce qu’en effet il est au pié de cette chaîne de montagnes ; dans ce pays-là on appelle port les passages ou défilés par où l’on peut traverser les Pyrénées, & comme cette ville de S. Jean est à l’entrée de ces ports ou passages, on la nomme S. Jean-pied-de port ; elle est sur la Nive, à l’entrée d’un des passages des​Pyrénées, à 8 lieues S. E. de Bayonne, 12 N. E. de Pampelune, 176 S. O. de Paris. Long. 16. 22. lat. 43. 8. (D. J.)​","[[""43 8' N 16 22' E""]]",,43 8' N 16 22' E,43 8' N 16 22' E
v8-1912-0,JENJAPOUR,"JENJAPOUR, (Géog.)​ ville de l’Indoustan, dans les états du Grand-Mogol, capitale d’une petite contrée de même nom, sur la riviere de Chaul, à 50 lieues nord ouest de Déhly, long. 49. lat. 30. 30. (D. J.)​","[[""30 30' N 49 E""]]",,30 30' N 49 E,30 30' N 49 E
v8-1914-0,"JÉNISESKOI, autrement JÉNISCÉA, ou JÉNISEISK","JÉNISESKOI, autrement JÉNISCÉA, ou JÉNISEISK, (Géog.)​ ville assez peuplée de l’empire russien dans la Tartarie, en Sibérie, sur la riviere dont elle prend le nom, aux confins des Ostiaques & des Tunguses. On y a du bled, de la viande de boucherie, & de la volaille. Les Tunguses payens qui habitent le long de la riviere, y payent au souverain de Russie un tribut de toutes sortes de pelleteries. La grande riviere qu’on nomme la Jeniscéa, se déborde comme le Nil, l’espace de 70 milles, & fertilise les terres qu’elle inonde. Ce fleuve ne peut être navigé fort loin, à cause de neuf poroges ou chutes d’eau qui étant à quelque distance les unes des autres, interrompent la navigation ; il forme l’isle de Gansko à son embouchure, & après un très long cours, il se jette dans la mer Glaciale, au midi de la nouvelle Zemble. Long. de Jéniseskoi, suivant le P. Gaubil, 100. 42. 45. lat. 53.


Le froid qui y regne empêche que les arbres fruitiers n’y portent de fruit ; il n’y croît que des especes de groseilles sauvages, rouges & noires, mais ce n’est pas tout : il faut ajouter que le plus grand froid observé jusqu’à ce jour par le thermometre, l’a été dans cette ville de Siberie, où, le 16 Janvier 1735, le mercure du thermometre baissa pendant quelques heures à 70 dégrés au dessous de la congélation.


On sait que le dégré de froid de 1709 à Paris, exprimé par 15 dégrés $\scriptstyle\frac{1}{2}$ au-dessous de la congélation, a passé long-tems pour le plus considérable dont on ait eu connoissance dans nos climats. On sait que MM. les académiciens qui en 1737 allerent​ en Laponie pour déterminer la figure de la terre, éprouverent un froid tout autrement violent, puisque lorsqu’on ouvroit la chambre chaude dans laquelle ils s’étoient enfermés, l’air du dehors convertissoit en neige la vapeur qu’on exhaloit ; le thermometre qui mesuroit ce froid descendit au trente-septieme dégré de celui de M. de Réaumur ; mais 37 dégrés comparés à 70 dégrés, font qu’on peut regarder ce terrible froid de Tornéo comme médiocre, relativement à celui de Jéniseskoi en 1735.


 Cependant si l’on juge du froid par ses effets, on en trouvera peut-être d’aussi cruels rapportés dans plusieurs voyages. Quand, par exemple, les Hollandois cherchant le chemin de la Chine par la mer septentrionale, furent obligés de passer l’hyver à la nouvelle Zemble en 1596, ils ne se garantirent de la mort, qu’en s’enfermant bien couverts d’habits & de fourrures, dans une hutte qui n’avoit aucune ouverture, & dans laquelle, avec un feu continuel, ils eurent bien de la peine à s’empêcher de périr de froid ; leur vin de Chérès y étoit si parfaitement gelé en masses, qu’ils se le distribuoient par morceaux. Voyez encore l’article Hudson, baie de. (Géog.) (D. J.)​","[['53 N 100 42\' 45"" E']]",,"53 N 100 42' 45"" E","53 N 100 42' 45"" E"
v8-2000-0,ILANTZ,"ILANTZ, (Géog.)​ ville des Grisons, capitale de la quatrieme communauté de la ligue grise ; elle a à son tour les assemblées des trois ligues du pays. Elle est sur le Rhin, à 7 lieues S. O. de Coire. Long. 26. 45. lat. 46. 38. (D. J.)​","[[""46 38' N 26 45' E""]]",,46 38' N 26 45' E,46 38' N 26 45' E
v8-2011-0,ILHEOS,"ILHEOS, (Géog.)​ ville maritime de l’Amérique méridionale, capitale de la capitainerie de Rio dos Ilhéos au Brésil. Elle appartient aux Portugais, & est dans un pays fertile. Long. 340. 10. lat. mérid. 15. 40. (D. J.)​","[[""15 40' S 340 10' E""]]",,15 40' S 340 10' E,15 40' S 340 10' O
v8-216-0,HANAU,"HANAU, Hanovia, (Géog.)​ ville d’Allemagne au cercle du Haut-Rhin, dans la Wétéravie, capitale d’un comté de même nom, appartenant à son pro-​pre prince, avec un château ; on la divise en vieille & en nouvelle. Il y a eu autrefois dans cette ville une imprimerie célebre. Le comté de Hanau est borné par le comté d’Isembourg & par l’abbaye de Fulde au nord, par le comté de Reinech à l’est, par l’archevêché de Mayence au sud, & par la Wétéravie à l’oüest. La capitale est dans une vaste plaine, sur la riviere de Kuenh, à deux milles E. de Francfort, trois N. E. de Darmstadt. Long. 26. 35. latit. 49. 58. (D. J.)​","[[""49 58' N 26 35' E""]]",,49 58' N 26 35' E,49 58' N 26 35' E
v8-2492-0,INOWLADISLOW,"INOWLADISLOW, Inniuladislovia, (Géog.)​ ville de Pologne, capitale de la Cujavie, avec un fort & un château où réside l’évêque de Gnesne ; elle est située sur le bord méridional de la Vistule, à 32 lieues N. O. de Warsowie, 15 N. O. de Lembourg. Long. 37. 15. lat. 52. 38. (D. J.)​","[[""52 38' N 37 15' E""]]",,52 38' N 37 15' E,52 38' N 37 15' E
v8-2708-0,JOCELIN,"JOCELIN, (Géogr.)​ petite ville de France en Bretagne, dans l’évêche de saint Malo ; elle députe aux états, & est à 8 lieues N. E. de Vannes, 18 S. O. de Rennes, 29. N. O. de S. Malo. Long. 14. 56. lat. 48. 2. (D. J.)​","[[""48 2' N 14 56' E""]]",,48 2' N 14 56' E,48 2' N 14 56' E
v8-275-0,"HARLEM, ou HAARLEM","HARLEM, ou HAARLEM, (Géog.)​ ville des Provinces-Unies dans la Hollande ; l’ancien nom est Haralhem. On ne sait ni quand, ni par qui cette ville fut commencée ; mais du tems de Thierry VI. en 1155, elle étoit déjà peuplée & assez fortifiée : en 1217, les bourgeois de Harlem accompagnerent Guillaume I. qui partoit pour la Terre-sainte.


Harlem est dans le territoire des Marsatiens, ancien peuple dont le pays de Kennemerland a pris son nom ; elle a été la capitale de ce pays, qui est partagé entre plusieurs villes ; & sa partie occidentale est toûjours de la jurisdiction de Harlem. Autrefois la ville étoit seulement au bord méridional de la Spare, riviere qui se jette dans l’Ye à Sparemdam : mais en 1400, on aggrandit la ville, & on l’étendit au-delà de cette riviere, qui la traverse à présent. En 1310, les chevaliers de l’Hôpital de S. Jean de Jérusalem furent reçûs à Harlem :  aussi possede-t-elle dans ses archives bien des choses curieuses sur l’ordre des chevaliers de Malte, dont il auroit été à souhaiter que M. l’abbé de Vertot eût eu connoissance.


Cette ville a été incendiée plusieurs fois dans la suite des tems ; savoir en 1347, en 1351, & en 1587. En 1571, les Harlemois se soûmirent au prince d’Orange, ou plûtôt s’y donnerent. En 1573, elle fut obligée, après une défense admirable, de se rendre aux Espagnols à discrétion : ceux-ci firent pendre les magistrats, les pasteurs, & plus de quinze cents citoyens ; ils traiterent & cette ville & les Pays-Bas comme ils avoient traité le Nouveau-monde. La plume tombe des mains quand on lit les horreurs qu’ils exercerent : on en conserve encore les planches gravées en bois dans le pays.


Paul IV. avoit érigé Harlem en évêché ; mais elle n’a eu que deux évêques ; elle se glorifie de l’invention de l’Imprimerie : c’est ce qu’on examinera au mot Imprimerie.


Harlem est située à trois lieues O. d’Amsterdam, six N. E. de Leyde, & sept S. E. d’Alckmar. Long. 22. 5. lat. 52. 23. 58.


Entre les gens de lettres dont Harlem est la patrie, je me contenterai pour abréger, de nommer Hoornbeck, Scriverius & Trigland, qui ont acquis de la célébrité dans les Sciences qu’ils ont cultivées. J’ai parlé ailleurs des artistes.


Hoornbeck (Jean) a été un des fameux théologiens calvinistes du dix-septieme siecle ; il fut consécutivement professeur en Théologie à Utrecht & à Leyde. Il publia un grand nombre de livres didactiques, polémiques, pratiques, & historiques, tant en flamand qu’en latin. Il mourut fort considéré en 1666, n’ayant encore qu’environ quarante-neuf ans. On trouvera son article dans Bayle.


Scriverius (Pierre) a rendu service à la littérature par les éditions qu’il a données de Végece, de Frontin, & d’autres auteurs sur l’Art militaire ; il publia le premier les Fables d’Hygin : mais l’histoire de Hollande lui a des obligations plus particulieres par deux grands ouvrages, dont l’un s’appelle Batavia illustrata, & l’autre, Bataviæ comitumque omnium historia. Il mourut en 1653 âgé de soixante-trois ans, selon Hoffmann.


Trigland (Jacques) fut professeur à Leyde en Théologie & en antiquités ecclésiastiques ; il a mis au jour divers petits traités sur des sujets curieux & choisis, comme de Dodone, de Koerœis, de corpore Mosis, de origine rituum Mosaïcorum, &c. Il mourut en 1705, à cinquante-quatre ans. (D. J.)​","[['52 23\' 58"" N 22 5\' E']]",,"52 23' 58"" N 22 5' E","52 23' 58"" N 22 5' E"
v8-2760-0,JORGIANE,"JORGIANE, (Géog.) riviere d'Asie dans la Perse, qui donne son nom à une ville qu'elle arrose, & se décharge dans la mer Caspienne, à 89d de long. & à 38 de latit. La ville de son nom qu'elle baigne est dans la Corassane. Long. 85. latit. 37. (D. J.)","[['38 N 89 E'], ['37 N 85 E']]",,38 N 89 E' | '37 N 85 E,38 N 89 E | 37 N 85 E
v8-2810-0,IRKEN,"IRKEN, (Géogr.)​ grande ville de Tartarie, capitale de la petite Bucharie, avec un château ; c’est le dépôt de tout le commerce qui se fait entre les Indes & le nord de l’Asie ; les Calmoucks qui en sont les maîtres, quoique Mahométans, se font une affaire de conscience de n’inquiéter personne au sujet de la religion, principe que le bon sens ou l’expérience suggéreront finalement à tous les peuples du monde. Irken est à 32 lieues N. de Cazchgar ; long. suivant le P. Gaubil, 101d. 7′. 30″. lat. 38. 20. (D. J.)​","[['38 20\' N 101 7\' 30"" E']]",,"38 20' N 101 7' 30"" E","38 20' N 101 7' 30"" E"
v8-2874-0,ISIGNI,"ISIGNI, (Géog.)​ Isiniacum, gros bourg de France dans la basse Normandie, à six lieues de Bayeux, avec un petit port & un siége de l’Amirauté. Il est fort connu dans la province, à cause de ses salines, des salaisons de son beure, & du cas que l’on fait de son cidre. Long. 16. 35. lat. 49. 20. (D. J.)​","[[""49 20' N 16 35' E""]]",,49 20' N 16 35' E,49 20' N 16 35' E
v8-2882-0,ISLEB,"ISLEB, (Géog.)​ petite ville d’Allemagne dans le cercle de la Haute Saxe, au comté de Mansfeld. Long. 29. 28. lat. 51. 45.


Isleb n’est mémorable que pour avoir été le lieu de la naissance & de la mort de Luther ; je ne dirai rien de sa vie, M. Bossuet entre les Catholiques, Seckendorf, Jean Muller, Christian Juncker & Bayle entre les Réformés, vous en instruiront complettement.


Mais M. de Voltaire va vous peindre, ou plutôt je vais donner l’esquisse du tableau qu’il a fait de cette grande révolution dans l’esprit & dans le système politique de l’Europe, qui commença par un moine augustin.


« A peine eut-il pris l’habit de son ordre à l’âge de 22 ans, que ses supérieurs le chargerent de prêcher contre la marchandise qu’ils n’avoient pu vendre. La querelle ne fut d’abord qu’entre les Augustins & les Dominicains ; on ne prévoyoit pas qu’elle iroit jusqu’à détruire la religion romaine dans la moitié de l’Europe.


» Luther, après avoir décrié les indulgences, examina le pouvoir de celui qui les donnoit aux Chré-​tiens ; un coin du voile fut levé. Les peuples plus éclairés voulurent juger ce qu’ils avoient adoré ; ils requirent une réforme qui n’étoit pas possible ; ils se séparerent de l’église. Pour parvenir à cette scission, il ne falloit qu’un prince qui la secondât ; le vieux Frédéric électeur de Saxe, surnommé le sage, celui-là même qui, à la mort de Maximilien, eut le courage de refuser l’empire, protégea Luther ouvertement. Cette révolution dans l’église eut un cours semblable à celles par qui les peuples ont détrôné leurs souverains ; on présenta des requêtes, on exposa des griefs ; on finit par renverser le trône. Il n’y avoit point encore néanmoins de séparation marquée, en se moquant des indulgences, en demandant à communier avec du pain & du vin ; en parlant intelligiblement sur la justification & sur le libre arbitre ; en voulant abolir le monachisme ; en offrant de prouver que l’Ecriture-sainte ne dit pas un mot du purgatoire, &c.


» Léon X. qui dans le fond méprisoit ces choses, fut obligé comme chef de l’Eglise, d’anathématiser & Luther, & ses propositions. Luther anathématisé ne garda plus de mesure, il composa son livre de la captivité de Babylone ; il exhorta les princes à secouer le joug de Rome. On brûla ses livres, & Léon X. fulmina une nouvelle bulle contre lui. Luther fit brûler la bulle du pape & les décrétales dans la place publique de Wittemberg. On voit par ce trait si c’étoit un homme hardi ; mais on voit aussi qu’il étoit déja bien puissant : dès-lors une partie de l’Allemagne fatiguée de la grandeur pontificale, embrassoit les intérêts du réformateur, sans trop examiner les questions de l’école qui se multiplioient tous les jours.


» Les thèses les plus vaines se mêloient avec les plus profondes, tandis que les fausses imputations, les injures atroces, les anathêmes nourrissoient l’animosité des deux partis. Les grossiertés du moine augustin, aujourd’hui si dégoutantes, ne révoltoient point des esprits assez grossiers ; & Luther avec le ridicule d’un style bas, triomphoit dans son pays de toute la politesse romaine.


» Le théâtre de cette guerre de plume étoit chez les Allemans & chez les Suisses, qu’on ne regardoit pas alors pour les hommes de la terre les plus déliés, & qui passent pour circonspects. La cour de Rome savante & polie, ne s’attendoit point que ceux qu’elle traitoit de barbares pourroient, la bible comme le fer à la main, lui ravir la moitié de l’Europe, & ébranler l’autre.


» Cependant Luther ayant pour ennemi son empereur, le roi d’Angleterre, le pape, tous les évêques & tous les religieux, ne s’en étonna pas. Caché dans une forteresse de Saxe, il brava l’empereur, irrita la moitié de l’Allemagne contre le souverain pontife ; répondit au roi d’Angleterre comme à son égal, posa, fortifia, étendit son église naissante, & mourut le 18 Février 1546, à 63 ans, trois mois, huit jours, regardé par son parti comme une illustre réformateur de l’Eglise, & par les Catholiques romains comme un insigne hérésiarque ».


Les savans préferent les éditions qu’il a données lui-même de ses œuvres depuis 1517 jusqu’à sa mort, à toutes les éditions postérieures. (D. J.)​","[[""51 45' N 29 28' E""]]",,51 45' N 29 28' E,51 45' N 29 28' E
v8-2885-0,ISNE,"ISNE, (Géog.)​ ville impériale d’Allemagne en Souabe, dans l’Algow, sur le ruisseau d’Isne, à 6 lieues S. O. de Kempten, 7 N. E. de Lindaw, 25 S. O. d’Ausbourg. Long. 27. 45. lat. 47. 33. (D. J.)​","[[""47 33' N 27 45' E""]]",,47 33' N 27 45' E,47 33' N 27 45' E
v8-2904-0,ISSOIRE,"ISSOIRE, (Géog.)​ ancienne petite ville de France dans la basse-Auvergne sur la Gouze, proche l’Allier, à 7 lieues S. E. de Clermont, 13 N. E. de S. Flour, 95 S. E. de Paris. Long. 20d55′11″. lat. 45d33′56″.


Ici naquit Antoine du Prat, chancelier de France, & depuis cardinal, ayant embrassé l’état ecclésiastique après la mort de sa femme. Il sera long-tems connu dans notre histoire, pour avoir établi le concordat, & avoir aboli la pragmatique sanction ; de plus, & c’est le pire, il persuada, par ses conseils, à François I. de rendre vénales les charges de judicature, d’augmenter les tailles, & de créer de nouveaux impôts, sans attendre l’octroi des états du royaume ; je ne veux point prévenir les réflexions qui naissent en foule contre les auteurs de pareils projets, c’est assez de dire, que ce ministre de France emporta au tombeau la haine publique en 1535, à l’âge de 72 ans. (D. J.)​","[['45 33\' 56"" N 20 55\' 11"" E']]",,"45 33' 56"" N 20 55' 11"" E","45 33' 56"" N 20 55' 11"" E"
v8-2917-0,"ISTRIE, l'","ISTRIE, l'(Géog.) presqu'île d'Italie dans l'état de Venise, entre le golfe de Trieste & le golfe de Quarner. Les Colques y fonderent autrefois le fameux port de Pola, si connu depuis chez les Romains sous le nom de Julia pietas ; & d'autres colonies greques qui s'y etablirent, y porterent le culte d'Isis. L'air y est mal-sain, & le pays dépeuplé; la plus grande partie de l'Istrie est aux Vénitiens ; la maison d'Autriche y possede seulement la principauté & le port de Trieste : il ne faut pas dire avec Magin, que l'Istrie répond à la Japidie des anciens, cela n'est vrai que d'une partie de l'Istrie & de la Japidie. Capo d'Istria est la capitale de cette contrée. Voyez Capo-d'Istria. J'ajouterai qu'elle est sur une petite île nommée. AEgida par les anciens, & que le P. Coronelli met à 36. 36. de long. & à 45. 31 de lat. septen. Elle quitta le nom d'AEgida & de Copraria qu'elle avoit eu depuis, pour celui de Justinopolis qu'elle garde encore dans les actes publics. L'évêché de Capo-d'Istria fut fondé en 756 ; elle a d'assez belles églises ; sa maison de ville étoit un temple de Pallas ; son principal revenu consiste en salines qui produisent par an plus de sept mille muids de sel ; la mer lui fournit du poisson en abondance, & la terre ferme d'alentour est couverte d'oliviers & de vignes qui donnent d'excellent vin. Mathias Francowitz plus connu sous le nom de Mathias Flaccus Illyricus, l'un des plus savans & des plus turbulens théologiens de la confession d'Ausgbourg, nâquit dans l'Istrie le 3 de Mars 1520; il s'éleva avec force contre l'interim de Charles-Quint, eut des démêlés très-vifs avec les Catholiques, & mourut le 11 Mars 1575, à 55 ans. Il tira de la poussiere des bibliotheques, une vieille messe qu'il fit imprimer en 1557, & compila l'ouvrage fameux intitulé, Catalogus testium veritatis, Basileoe 1556, premiere édition, suivie de celles de 1597 & 1608, & à Francfort 1666 in-4°. & 1672. Le plus considérable de ses travaux, fut sans doute cette histoire ecclésiastique latine, qu'on a nommée les Centuries de Magdebourg, dont il eut la principale direction ; il y a 13 centuries. Les trois premieres parurent en 1559, & la derniere en 1574. L'édition de Basle en 1624, 3 vol. in-fol. est la bonne de ce grand ouvrage ; mais le clavis sacroe scripturoe d'Illyricus, est un de ses meilleurs livres : Bayle a donné un excellent article critique de ce célebre auteur. (D. J.)","[[""45 31' N 36 36' E""]]",,45 31' N 36 36' E,45 31' N 36 36' E
v8-307-0,HARTZGERODE,"HARTZGERODE, (Géogr.)​ petite ville d’Allemagne de la haute-Saxe, dans la principauté d’Anhalt, sur la Selke, entre Schwarsburg & Falkenstein, dans les états de la branche de Bernbourg. Long. 30. 6. latit. 51. 4. (D. J.)​","[[""51 4' N 30 6' E""]]",,51 4' N 30 6' E,51 4' N 30 6' E
v8-344-0,HATZFELD,"HATZFELD, (Géog.)​ gros bourg & château d’Allemagne, chef-lieu d’un comté de même nom, en Vétéravie, au cercle du haut-Rhin. Long. 26. 58. lat. 50. 43. (D. J.)​","[[""50 43' N 26 58' E""]]",,50 43' N 26 58' E,50 43' N 26 58' E
v8-362-0,HAVERFORD-WEST,"HAVERFORD-WEST, (Géog.)​ ville à marché d’Angleterre, en Pembrokeshire : elle envoye deux députés au Parlement, & est à 65 lieues O. de Londres. Long. 12. 40. lat. 51. 56. (D. J.)​","[[""51 56' N 12 40' E""]]",,51 56' N 12 40' E,51 56' N 12 40' O
v8-365-1,Havre-de-Grace (le),"Havre-de-Grace (le), Géog​. ville maritime de France dans la haute-Normandie, au pays de Caux, avec un excellent port, une citadelle, & un arsenal pour la marine. Elle doit son origine à François I. qui la fit bâtir & fortifier ; les Anglois la bombarderent en 1694. Elle est à l’embouchure de la Seine, dans un endroit marécageux, à 12 lieues de Caën, 18 N. O. de Roüen, 8 S. O. de Fécamp, 2 d’Harfleur, 45 N. O. de Paris. Long. 17. 40. 10. lat. 49. 29. 9.


M. & Mademoiselle de Scudery sont de cette ville ; M. de Scudery (Georges) y naquit en 1603. Favori du cardinal de Richelieu, il balança quelque tems la réputation de Corneille ; son nom est aujourd’hui plus connu que ses ouvrages, sur lesquels on sait les vers satyriques de Despréaux. Il mourut à l’âge de 64 ans.


Scudery (Magdelaine) sa sœur, est née en 1607 ; elle publia quelques vers agréables, & les énormes romans de Clélie, d’Artamène, de Cyrus, & autres, outre dix volumes d’entretiens. Elle remporta en 1671 le premier prix d’éloquence fondé par l’académie françoise ; elle a joüi d’une pension du cardinal Mazarin, d’une autre du chancelier Boucherat sur le sceau, & d’une troisieme de deux mille livres que Louis XIV. lui donna en 1683.


On nous a conservé son aventure dans un voyage qu’elle fit en Provence ; elle causoit avec son frere dans l’hôtellerie de son roman de Cyrus, & lui demandoit ce qu’il pensoit qu’on devoit faire du prince Mazart, un des héros du roman, dont le dénoüement l’embarrassoit. Ils convinrent de le faire assassiner ; des gens qui étoient dans la chambre voisine ayant entendu la conversation, crurent que c’étoit la mort de quelque prince appellé Mazart, dont on complotoit la perte ; ils en avertirent la Justice du lieu ; M. & Mademoiselle de Scudery furent mis en prison, & eurent besoin de quelque tems pour prouver leur innocence : cette Dame mourut en 1701. (D. J.)​","[['49 29\' 9"" N 17 40\' 10"" E']]",,"49 29' 9"" N 17 40' 10"" E","49 29' 9"" N 17 40' 10"" E"
v8-489-0,HEILSPERG,"HEILSPERG, (Géogr.)​ Heilsperga, ville ruinée de la Prusse Polonoise sur l’Alle, avec un château où l’évêque de Warmie fait sa résidence. Long. 39. 11. lat. 54. 6. (D. J.)​","[[""54 6' N 39 11' E""]]",,54 6' N 39 11' E,54 6' N 39 11' E
v8-54-0,HADÉQUIS,"HADÉQUIS, (Géog.)​ petite ville d’Afrique située dans une plaine, au royaume de Maroc, dans la province d’Héa, à trois lieues de Técule. Les Portugais la prirent d’assaut en 1514, & en emmenerent pour esclaves les plus belles femmes. Long. 8. 30. lat. 30. 44. (D. J.)​","[[""30 44' N 8 30' E""]]",,30 44' N 8 30' E,30 44' N 8 30' O
v8-547-0,HELMSTADT,"HELMSTADT, (Géog.)​ ville d’Allemagne au duché de Brunswick, bâtie par Charlemagne en 782, avec une université fondée par le duc Jules de Brunswig en 1576. Les Professeurs sont de la confession d’Augsbourg. Helmstadt est à 3 milles N. E. de Brunswick, 4 N. E. de Wolfenbutel. Long. 28. 45. lat. 52. 20.


Cette ville a fourni quelques gens de lettres nés dans son sein, comme Frédéric Ulric Calixte, théologien, mort en 1701, âgé de 79 ans ; Christ-Henri Rittmeyer, qui cultiva les langues orientales, mort en 1719 ; Valentin Henri Vogler medecin, qui a donné l’histoire physiologique de la Passion de J. C. mort en 1677 âgé de 55 ans ; Herman Conringius, littérateur, historien & medecin, connu par un grand nombre d’ouvrages : un des plus curieux, est celui de Antiquitatibus academicis, à Gottingue, en 1739. in-4°. Il mourut en 1681. à 75. ans. (D. J.)​","[[""52 20' N 28 45' E""]]",,52 20' N 28 45' E,52 20' N 28 45' E
v8-609-0,HENLEY,"HENLEY, (Géog.)​ petite ville d’Angleterre, au comté d’Oxford sur la Tamise, remarquable par son commerce de grains germés, pour faire de la biere. Elle est à 4 lieues d’Oxford & de Windsor, 12. O. de Londres. Long. 16. 45. lat. 51. 32. (D. J.)​","[[""51 32' N 16 45' E""]]",,51 32' N 16 45' E,51 32' N 16 45' O
v8-642-2,Héraclée du Pont,"Héraclée du Pont, Heraclea Pontica, (Géog. anc.)​ ville d’Asie en Bithynie sur les fleuves Lycus & Hyppius. Les Milésiens la fonderent, & les Mégariens y envoyerent ensuite une colonie. Tous les​ anciens, Diodore, Pausanias, Xénophon, Eustathe, Arrien, Denys le Périégete, Ptolomée, Strabon, Pomponius Méla, Pline & tant d’autres nous parlent beaucoup de cette ville. En effet, au dire de M. Tournefort, elle devoit être une des plus belles de l’orient, s’il en faut seulement juger par les ruines, & sur-tout par les vieilles murailles bâties de gros quartiers de pierre qui étoient encore sur le bord de la mer au commencement de ce siecle.


La médaille de Julia Domna que possede le Roi de France, & dont le revers représente un Neptune, qui de la main droite tient un dauphin & de la gauche un trident, marque bien la puissance que cette ville avoit sur mer. Mais rien ne fait plus d’honneur à son ancienne marine, que la flotte qu’elle envoya au secours de Ptolomée, après la mort de Lysimachus, un des successeurs d’Alexandre. Ce fut par ce secours que Ptolomée battit Antigonus. Il y avoit dans cette flotte un vaisseau nommé le Lion, d’une beauté surprenante & d’une grandeur si prodigieuse, qu’il contenoit plus de trois mille hommes d’équipage. L’histoire est remplie d’autres traits qui prouvent la puissance des Héracliens sur mer, & par conséquent la bonté de leur port, qui n’existe plus aujourd’hui.


La caverne par laquelle on a supposé qu’Hercule descendit aux enfers pour enlever le Cerbere, & que l’on montroit encore du tems de Xénophon, dans la péninsule d’Achérusie, n’est plus trouvable, quoiqu’elle eût deux stades, c’est-à-dire deux cens cinquante pas de profondeur. Elle doit s’être abîmée depuis ce tems-là ; car il est certain qu’il y a eu une caverne de ce nom, laquelle a donné lieu à la fable du Cerbere représentée sur plusieurs médailles.


Si Hercule n’a pas été le fondateur d’Héraclée, il y a du-moins été en grande vénération : Pausanias nous apprend qu’on y célébroit tous les travaux de ce héros. Quand Cotta eut pris la ville d’Héraclée, il y trouva dans le marché une statue d’Hercule dont tous les attributs étoient d’or pur. Pour marquer la fertilité de leurs campagnes, les Héracliens avoient fait frapper des médailles avec des épis & des cornes d’abondance : & pour exprimer la bonté des plantes médicinales que produisoient les environs de leur ville, on avoit représenté sur une médaille de diadumène, un Esculape appuyé sur un bâton autour duquel un serpent étoit entortillé.


Cette ville ne fut pas seulement libre dans son origine, mais recommandable par ses colonies ; elle se soutint avec éclat jusqu’au tems que les Romains se rendirent formidables en Asie. Elle refusa d’abord l’entrée de son port à l’armée de Mithridate ; ensuite, à la persuasion d’Archélaüs, les Héracliens lui accorderent cinq galeres & couperent la gorge aux Romains qui se trouverent dans leur ville.


Luculle ayant batu Mithridate, fit assiéger Héraclée par Cotta, qui l’ayant prise par trahison & entierement pillée, la réduisit en cendres. Il en obtint le nom de Pontique à Rome ; mais les richesses qu’il avoit acquises au sac d’Héraclée lui attirerent de cruelles affaires. Un sénateur lui dit : « Nous t’avions ordonné de prendre Héraclée, mais non pas de la détruire ». Le sénat indigné renvoya tous les captifs, & rétablit les habitans dans la possession de leurs biens ; on leur permit l’usage de leur port & la faculté de commercer. Britagoras n’oublia rien pour la repeupler, & fit long-tems sa cour à Jules César, pour obtenir la premiere liberté de ses citoyens ; mais il ne put réussir. Auguste après la bataille d’Actium, la mit du département de la province de Pont jointe à la Bithynie. Voilà comment cette ville fut incorporée à l’empire Romain, sous lequel elle florissoit encore.


Héraclée vint ensuite à passer dans l’empire des Grecs ; & lors de la décadence de cet empire, on lui​donna le nom de Pendérachi, lequel même, suivant la prononciation, paroît un nom corrompu d’Héraclée du Pont. Théodore Lascaris l’enleva à David Commene empereur de Trébizonde. Les Génois se saisirent de Pendérachi dans leurs conquêtes d’orient, & la garderent jusqu’à ce que Mahomet II. les en chassa. Depuis elle est restée aux Turcs ; ils l’appellent Eregri : un seul cadi y exerce la justice. Un waivode y exige la taille & la capitation des Grecs. Les Turcs y payent seulement les droits du prince, trop heureux de fumer tranquillement parmi ces belles masures, sans s’embarrasser de ce qui s’y est passé autrefois.


L’ancienne Héraclée, ou, si l’on aime mieux, Eregri, est située près de la mer à vingt lieues S. O. de Constantinople, 22 N. O. de Gallipoli, & 26 S. E. de Trajanopoli. Long. 45. 23. latit. 40. 57. (D. J.)​","[[""40 57' N 45 23' E""]]",,40 57' N 45 23' E,40 57' N 45 23' E
v8-691-0,HERFORDEN,"HERFORDEN, (Géog.)​ ville libre & impériale d’Allemagne, capitale du comté de Ravensberg en Westphalie, avec une fameuse Abbaye de la confession d’Ausbourg, dont l’abbesse est princesse de l’Empire, & a voix & rang à la diete. Cette ville est sur l’Aa & le Wehre, à trois lieues E. de Ravensberg, sept S. O. de Minden. Long. 26. 22. lat. 52. 12. (D. J.)​","[[""52 12' N 26 22' E""]]",,52 12' N 26 22' E,52 12' N 26 22' E
v8-799-0,HEUKELUM,"HEUKELUM, (Géog.)​ petite ville des Provinces-unies, dans la Hollande sur la Linge, au-dessous de Léerdam, à deux lieues de Gorcum. Long. 22. 6. lat. 51. 55. (D. J.)​","[[""51 55' N 22 6' E""]]",,51 55' N 22 6' E,51 55' N 22 6' E
v8-823-0,HIAOY,"HIAOY, (Géogr.) ville de la Chine dans la province de Xansi, au département de Fuenchu, cinquieme métropole de cette province. Auprès de cette ville est la montagne de Castang, abondante en sources d'eaux chaudes & minérales, différentes de goût & de couleur, de sorte que ces fontaines bouillantes en font un pays assez semblable à celui de Pouzzoles au royaume de Naples. Cette ville de Hyaoi est de 6d 11'plus occidentale que Pekin, à 38d 6'de latitude. (D. J.)","[[""38 6' N 6 11' W""]]",['Pékin'],38 6' N 6 11' W,38 6' N 6 11' O
v8-881-0,HINDOO,"HINDOO, (Géog.)​ ville des Indes, sur la route d’Amadabar à Agra, dans les états du Mogol, remarquable par son excellent indigo. Long. 100. lat. 26. 30. (D. J.)​","[[""26 30' N 100 E""]]",,26 30' N 100 E,26 30' N 100 E
v8-901-1,Hippolyte Ste ou St. Plit,"Hippolyte Ste. ou St. Plit, (Géog.)​ petite ville de France en Lorraine, sur les confins de l’Alsace, au pié du mont de Voge. La France qui l’avoit eu par le traité de Westphalie, la céda au duc de Lorraine par le traité de Paris en 1718. Elle est à deux lieues de Schelestadt. Long. 25. 6. lat. 48. 16. (D. J.)​","[[""48 16' N 25 6' E""]]",,48 16' N 25 6' E,48 16' N 25 6' E
v8-979-0,HOGHLANDE l'Isle de,"HOGHLANDE (l’Isle de) Géog.​ petite île du golfe de Finlande, par les 60d. de latit. & vers le 45. 30. de long. On n’y voit que des sapins, des rochers, des broussailles, & quelques liévres blancs, comme par-tout ailleurs en Livonie. (D. J.)​","[[""60 N 45 30' E""]]",,60 N 45 30' E,60 N 45 30' E
v9-1025-0,LAVANT-MUND ou LAVAND-MYND,"LAVANT-MUND ou LAVAND-MYND, (Géog.)​ petite ville d’Allemagne au cercle d’Autriche, en Carinthie, à l’embouchure du Lavant dans la Drave.​Elle a titre d’évêché, & appartient à l’archevêque de Saltzbourg, dont elle est suffragante ; sa position est à 16 lieues N. O. de Pettaw. Long. 32. 45. latit. 46. 44. (D. J.)​","[[""46 44' N 32 45' E""]]",,46 44' N 32 45' E,46 44' N 32 45' E
v9-1111-0,LÉAOYANG,"LÉAOYANG, (Géog.)​ c’étoit dans le dernier siecle la capitale du Léaotung ; à présent Chan-Yang a pris sa place. Léaoyang est une grande ville assez peuplée. Long. 5. 33. lat. 39. 40.","[[""39 40' N 5 33' E""]]",,39 40' N 5 33' E,39 40' N 5 33' E
v9-1114-0,"LEBEDA, Leptis","LEBEDA, Leptis, (Géog.)​ ancienne ville d’Afrique, au royaume de Tripoli, avec un assez bon port sur la mer Méditerranée, à 34 lieues de Tripoli. On en a tiré pour la France de belles colonnes de marbre ; celles du grand autel de S. Germain-des-​Prés à Paris, sont de ce marbre. Plusieurs croyent que Lebada est la patrie de l’empereur Severe, & de S. Fulgence : Leptis est l’ancien nom de cette ville. Long. 32. 25. lat. 32. 10.","[[""32 10' N 32 25' E""]]",,32 10' N 32 25' E,32 10' N 32 25' E
v9-1129-0,LECCO,"LECCO, (Géog.)​ petite ville d’Italie, en Lombardie, dans le Milanez, vers la frontiere de l’état de Venise, & du Bergamasque, sur l’Addar, à 9 milles de Come. Long. 26. 33. lat. 45. 46.","[[""45 46' N 26 33' E""]]",,45 46' N 26 33' E,45 46' N 26 33' E
v9-1187-0,"LEICESTER, Licestria","LEICESTER, Licestria, (Géog.)​ ville à marché d’Angleterre, capitale du Leicestershire. La qualité de comte de Leicester est plus ancienne que la conquête d’Angleterre par les Normands ; car il y a eu trois comtes de Leicester, savoir, Leofrike, Algar, & Edwin, du tems que les Saxons regnoient. La ville est riche, commerçante, bien peuplée, & dans une agréable situation, à 80 milles nord-ouest de Londres. Long. 16. 25. lat. 52. 35. (D. J.)​","[[""52 35' N 16 25' E""]]",,52 35' N 16 25' E,52 35' N 16 25' E
v9-1207-0,LEMGOW,"LEMGOW, (Géog.)​ Lemgovia, petite ville d’Allemagne en Westphalie sur la riviere de Bège, au comté de la Lippe. Elle étoit autrefois impériale, mais présentement elle appartient au comté de la Lippe. Elle est à 4 milles S. O. de Minden. Longit. 26. 30. lat. 52. 8.


Kœmpfer (Engelbert), docteur en Médecine, naquit à Lemgow en 1651, & mourut en 1716. Il voyagea pendant dix ans dans les Indes orientales, à Siam & au Japon, & nous a donné l’histoire naturelle & civile, la plus vraie & la plus intéressante que nous ayons de ce dernier pays ; il l’avoit écrite en allemand, mais elle parut en françois en 1729 en 2 vol. in-folio, d’après la version angloise de Scheuchzer ; ses aménités exotiques, écrites en latin, sont pleines de choses curieuses, & mériteroient d’être traduites dans notre langue. (D. J.)​","[[""52 8' N 26 30' E""]]",,52 8' N 26 30' E,52 8' N 26 30' E
v9-1239-0,LENTZBOURG,"LENTZBOURG, (Géog.)​ petite ville de Suisse, capitale d’un bailliage de même nom, au canton de Berne, dans l’Argaw. Elle est dans une vaste plaine, à deux lieues d’Arau, au pié d’un mont fort-élevé où est le château du bailli, qui étoit autrefois la résidence des comtes de Lentzbourg ; ce château est fort, & situé très-avantageusement ; on dit qu’il y a un puits taillé dans le roc, à la profondeur de 300 piés. Le bailliage de Lentzbourg est un des plus grands & des plus riches de la république de Berne : c’est dans ce bailliage que sont les bains de Schinzenach. Long. de la ville de Lentzbourg 25. 31. latit. 54. 25. (D. J.)​","[[""54 25' N 25 31' E""]]",,54 25' N 25 31' E,54 25' N 25 31' E
v9-1244-0,"LÉONARD, le noble Saint","LÉONARD, le noble Saint, (Géog.)​ Nobiliacum, ancienne petite ville de France dans le Limousin, avec une manufacture de papier, & une autre de drap. Elle est sur la Vienne, à 5 lieues N. E. de Limoges, 78 S. O. de Paris. Long. 19. 10. latit. 45. 50.","[[""45 50' N 19 10' E""]]",,45 50' N 19 10' E,45 50' N 19 10' E
v9-1263-0,"LEOPOLSTADT, Leopoldistadium","LEOPOLSTADT, Leopoldistadium, (Géog.)​ petite, mais forte ville de la haute Hongrie, bâtie par l’empereur Leopold en 1665. Les mécontens de Hongrie l’assiegerent en 1707, mais le comte de Staremberg leur fit lever le siege. Elle est sur la Waag, à 18 lieues N. O. de Neuhausel, 22 N. E. de Presbourg, 40 N. O. de Bude, 34 N. E. de Vienne : Long. 36. 10. lat. 18. 45.","[[""18 45' N 36 10' E""]]",,18 45' N 36 10' E,18 45' N 36 10' E
v9-1283-0,LÉRIDA,"LÉRIDA, (Géog.)​ ancienne & forte ville d’Espagne, dans la Catalogne, avec un évêché considérable suffragant de Tarragone, une université, & un bon château. Il s’y tint un concile en 528. Jacques I. roi d’Aragon, s’en empara sur les Maures, en 1238. Le grand Condé fut obligé d’en lever le siege dans le dernier siecle. Les Catalans la prirent en 1705. Elle est proche la riviere de Segre, dans un terroir fertile, à 6 lieues sud-ouest de Balaguer, 16 nord-ouest de Tarragone, 30 nord-ouest de Barcelone, 76 nord-est de Madrid.


Les Anciens ont connu Lérida, sous le nom d’Ilerda, dont le nom moderne n’est qu’une espece d’anagramme ; elle se rendit célebre dans l’antiquité, par son commerce, & par la victoire que Jules-César y remporta sur les lieutenans du grand Pompée. Long. 18. 10. lat. 41. 31. (D. J.)​","[[""41 31' N 18 10' E""]]",,41 31' N 18 10' E,41 31' N 18 10' E
v9-1304-0,LESQUEMIN,"LESQUEMIN, (Géog.)​ île & port de l’Amérique en Canada sur le fleuve S. Laurent, près de Tadousac : l’ile est peu de chose, & le port mal sûr n’est fréquenté que par quelques Basques qui y viennent à la pêche de la baleine. Long. 309. lat. 48. 25.","[[""48 25' N 309 E""]]",,48 25' N 309 E,48 25' N 309 O
v9-1315-0,LESTWITHIEL,"LESTWITHIEL, (Géog.)​ ville à marché d’Angleterre, dans la province de Cornouaille, sur le Fowey, à 188 milles O. de Londres. Elle députe au parlement. Speed écrit Lesitethiel, Cambden Lishtyei dans sa carte, & Lost-Uthiel dans sa table. Ce nom, selon lui, signifie une colline élevée, parce que ce bourg à marché, situé maintenant dans la plaine, étoit autrefois sur la colline où est aujourd’hui Lestormiu. Il étoit alors habité par les Dammoniéns. Long. 12. 58. lat. 50. 24. (D. J.)​","[[""50 24' N 12 58' E""]]",,50 24' N 12 58' E,50 24' N 12 58' O
v9-1337-0,LEUCADE Isle,"LEUCADE Isle, (Géog. anc.)​ en latin Leucadia, dans Tite-Live, Leucas dans Florus & Ovide, & par les Grecs modernes Leucada ; île célebre située dans la mer Ionienne, sur la côte de l’Acarnanie, à l’entrée septentrionale du détroit qui sépare l’île de Céphalonie de la terre-ferme.


On place communément l’île Leucade vers le 38 degré de latitude, & le 47 de longitude. Son circuit est de cinquante mille pas ; elle a au nord le fameux promontoire d’Aetium, & au midi l’île de Céphalonie.


Elle étoit jointe originairement à la terre-ferme ; Homere l’a désignée par ces mots, rivage d’Epire, ἀκτὴν Ἠπειρώτου, en donnant le nom d’Epire à tout le continent, qui est vis-à-vis des îles d’Ithaque & de Céphalonie : ce poëte y met trois villes, Neritum, Crocylée, & Agylipe.​


On lit dans Pline, qu’elle a été séparée de la terre-ferme par un coup de mer ; il est le seul de cette opinion, & il adopte dans un autre endroit le sentiment général des historiens & des géographes, qui conviennent tous qu’une colonie de corinthiens, envoyée par Cypsélus & Gargasus, tyrans de Corinthe, vint s’établir sur la côte de l’Acarnanie, & coupa l’isthme qui joignoit le territoire de Leucade au continent. Ils transporterent sur le bord du canal qu’ils creuserent, la petite ville de Néricum ou Néritum, qui étoit à l’autre bout de l’île sur le bord de la mer, & donnerent à cette nouvelle ville, le nom de Leucade, qui depuis long-tems étoit celui de la petite contrée, & qui lui fut conservé lorsqu’on en fit une île.


Quoique cette île ait toûjours été séparée de la terre-ferme depuis que les Corinthiens s’en emparerent, plusieurs écrivains ont continué de lui donner le nom de presqu’île, parce que le canal qui la sépare du continent est étroit, & qu’il n’a jamais été fort profond.


Nous recueillons d’un passage de Tite-Live, que Leucade étoit encore réellement une presqu’île l’an de Rome 557 ; & M. Dodwel conjecture qu’on n’en fit une île, que lorsque les Romains ôterent Leucade de la jurisdiction de l’Acarnanie, c’est-à-dire l’an de Rome 587, selon Varron ; cette conjecture est très-vraissemblable. De-là vient que tous les écrivains qui ont vécu depuis ce tems-là, l’appellent une île. Ovide en en parlant dit :



Leucada continuam veteres habuêre coloni,
Nunc freta circumeunt.


On la nomme aujourd’hui Sainte-Maure. Voyez Sainte-Maure.",[['38 N 47 E']],,38 N 47 E,38 N 47 E
v9-1384-0,LEUSE,"LEUSE, (Géog.)​ Lutosa ; petite ville des pays-bas Autrichiens, dans le Hainaut, à 2 lieues d’Ath, 3 de Condé, 5 de Mons, sur un petit ruisseau. Le prince de Waldeck y fut battu par le maréchal de Luxembourg en 1691. Long. 21. 18. lat. 50. 34. (D. J.)​","[[""50 34' N 21 18' E""]]",,50 34' N 21 18' E,50 34' N 21 18' E
v9-1395-0,"LEYDE, Lugdunum Batavorum","LEYDE, Lugdunum Batavorum, (Géog.)​ ville des Provinces-unies, capitale du Rheinland ; elle est grande, riche, agréable, & la plus peuplée des Provinces-unies, après Amsterdam. C’est aussi une des six premieres villes de la Hollande, ayant 45 bourgs ou villages qui dépendent de son territoire ; mais son académie ou son université, fondée en 1565 par le prince d’Orange & les états de la province, est ce qui contribue le plus à son illustration.


On convient assez généralement du nom latin de Leyde : les Géographes la reconnoissent pour le Lugdunum Batavorum, dont Ptolomée fait une mention honorable, & que l’Itinéraire d’Antonin appelle Lugdunum ad Rhenum caput Germanorum. A l’égard de ses anciens noms du pays, Alting vous en instruira.


Il n’est pas aussi facile de décider du tems de sa fondation, quoiqu’il soit prouvé qu’elle est plus ancienne qu’Harlem, fondée en 406 par Lémus fils de Dibbald, roi des Frisons ; elle est même plus ancienne que Dort, puisque nous avons vu qu’elle étoit déja fameuse du tems de Ptolomée qui vivoit sous Antonin Pie, fondateur de Dort. Enfin, dans l’année 1090, on la regardoit pour une seigneurie considérable, & les comtes de Hollande lui donnerent des seigneurs héréditaires avec le titre de Burggraves.


Mais pour passer à des siecles moins reculés, ses citoyens se comblerent de gloire dans le siege que les Espagnols firent de leur ville en 1572, & qu’ils renouvellerent l’année suivante. Cette défense est un des plus grands témoignages historiques de ce que peut sur les hommes l’amour de la liberté. Les habitans de Leyde, souffrirent alors tout ce qu’il est possible d’imaginer de plus cruel. La famine & la peste les réduisirent à l’extrémité, sans leur faire perdre courage. Ils manderent leur triste état au prince d’Orange par le moyen des pigeons, pratique ordinaire en Asie, & peu connue des Européens ; en-​suite, ils firent la même chose que les Hollandois mirent en usage en 1672, lorsque Louis XIV étoit aux portes d’Amsterdam, ils percerent les digues ; les eaux de l’Issel, de la Meuse & de l’Océan, inonderent les campagnes, & une flotte de deux cens bateaux apporta du secours dans leur ville par-dessus les ouvrages des Espagnols. Vainement ceux-ci entreprirent de saigner cette vaste inondation, ils n’y purent réussir, & Leyde célebre encore aujourd’hui tous les ans, le jour de sa délivrance. La monnoie de papier qu’elle fabriqua avec la légende admirable qui peignoit les sentimens qui l’animoient, libertatis ergò, fut toute échangée pour de l’argent quand la ville se trouva libre.


Elle est très-avantageusement située sur le Rhin, dans une plaine, au milieu des autres villes de la Hollande, à une lieue de la mer, 3 de Delft, 6 S. E. de Harlem, 7 O. d’Utrecht, 8 S. O. d’Amsterdam, 6 N. O. de Rotterdam, & 9 de Dort. Long. suivant Zumbac, 22d8′48″. lat. 52d12′.


L’académie de Leyde est la premiere de l’Europe. Il semble que tous les hommes célebres dans la république de lettres, s’y sont rendus pour la faire fleurir, depuis son établissement jusqu’à nos jours. Jean Douza, Joseph Scaliger, Saumaise, Adrien Junius, Pierre Forest, Rember Dodonée, François Rapheleng, Jean Cocceius, François Gomar, Paul Merula, Charles Cluvius, Conrard Vorstius, Philippe Cluvier, Jacques Arminius, Jacques Golius, Daniel Heinsius, Dominique Baudius, Paul Herman, Gerard Noodt, Sebultens, Burman, Vitriarius, S’gravesande & Boerhaave, dont les grands éleves sont devenus les médecins des nations ; je ne dois pas oublier de joindre à cette liste incomplete, les Gronovius & les Vossius nés dans l’académie.


Les Gronovius nous ont donné tous les auteurs classiques, cum notis variorum ; mais nous devons à Jacques, mort en 1716 âgé de 71 ans, un nombre étonnant d’autres ouvrages, dont vous trouverez le catalogue dans les Mém. du P. Niceron tit. II. Je me contenterai de citer le Trésor des antiquités grecques, Lug. Bat. 1697. en 13. vol. in-folio. Les meilleures éditions des anciens Géographes, Scylax, Agathamer, Palmerius, Manéthon, Etienne de Byzance, Pomponius Méla, Arrien, & la belle édition de Marcellin, Lug. Bat. 1693. in-fol. & celle d’Hérodote, Lug. Bat. 1715. in-folio. sont le fruit des veilles de cet illustre littérateur.


(Gérard Jean) Vossius, doit appartenir à Leyde, quoique né dans le Palatinat, parce que son pere l’emmena en Hollande, n’ayant que six mois, & qu’il y mourut en 1649 âgé de 72 ans. On connoît ses ouvrages latins sur l’origine de l’idolâtrie, les sciences mathématiques, les arts populaires, l’histoire du pélagianisme ; les historiens grecs & latins, les poëtes grecs & latins, le recueil étymologique de la langue latine, &c. On les a rassemblés à Amsterdam en 6 vol. in-folio. Il laissa cinq fils, Denis, François, Gérard, Matthieu, & Isaac, qui entre eux & leur pere ont rempli le xvij. siecle de leurs ouvrages. C’est à Isaac que M. Colbert écrivit en 1663 : « Monsieur, quoique le roi ne soit pas votre souverain, il veut néanmoins être votre bienfaiteur, & m’a commandé de vous en voyer la lettre de change ci-jointe, comme une marque de son estime, & un gage de sa protection. Chacun sait que vous suivez l’exemple du fameux Vossius votre pere, & qu’ayant reçu de lui un nom qu’il a rendu illustre par ses écrits, vous en conservez la gloire par les vôtres, &c. » Isaac Vossius mourut à Windsor en 1648, à 71 ans.


Pour ce qui est de Jean Douza (Jan Vander Does) que j’ai mis à la tête des hommes qui nés dans le sein de Leyde, ont fait fleurir cette ville ; il faut ajou-​ter ici que son nom lui est doublement cher, non seulement comme celui d’un aimable poëte & d’un savant, qu’on nommoit pour son érudition le Varron de la Hollande ; mais sur-tout celui d’un grand capitaine, au génie duquel elle fut redevable de sa liberté. Le prince d’Orange lui confia la défense de cette place, dans le fameux siege des Espagnols dont j’ai parlé, & que Requésens commandoit. Vander Doës, ne trompa point l’opinion favorable qu’on avoit de lui, il défendit constamment sa patrie avec la même valeur & la même sagesse. Doué d’un sang froid admirable, au milieu des plus grands dangers, il soutenoit le courage de ses compatriotes, & répondoit en vers au bas des lettres que le général espagnol lui adressoit pour se rendre, tout ce que l’esprit pouvoit dicter d’ingénieux, & de propre à tromper son ennemi. Il mourut comblé de gloire en 1597 à l’âge de 52 ans. (D. J.)​","[['52 12\' N 22 8\' 48"" E']]",,"52 12' N 22 8' 48"" E","52 12' N 22 8' 48"" E"
v9-1518-1,Liesina,"Liesina, (Géog.)​ ville de Dalmatie, capitale de l’isle de même nom, avec titre de comté, & un évêché suffragant de Spalatro. Elle est batie au pié de deux montagnes, n’a point d’enceinte de murailles, & est dominée par une forteresse. Longit. 34. 58. lat. 43. 30. (D. J.)​","[[""43 30' N 34 58' E""]]",,43 30' N 34 58' E,43 30' N 34 58' E
v9-1556-0,LILLE,"LILLE, (Géog.)​ grande, belle, riche & forte ville​de France, capitale de la Flandre françoise, & d’une châtellenie considérable, avec une citadelle construite par le maréchal de Vauban, qui est la plus belle de l’Europe.


Lille a commencé par un château, qu’un des comtes de Flandres fit bâtir avant l’an 1054. Baudouin, comte de Flandres, en fit une ville, qu’il appelle Isla dans ses lettres, & nomme son territoire Islense territorium. Rigord dans les gestes du roi Auguste, ad ann. 1215, la nomme Insula. Guillaume le Breton lui donne aussi ce dernier nom dans les vers suivans.



Insula, villa placens, gens callida, lucra sequendo ;
Insula, quæ nitidis se mercatoribus ornat,
Regna coloratis illuminat extera pannis.


Les François disent l’Isle, ou Lille, & les Allemands Ryssel. Elle a été appellée Insula, à cause de sa situation entre deux rivieres, la Lys & la Deule, qui l’environnent de toutes parts.


Louis XIV. s’est emparé de Lille par droit de conquête ; il l’enleva à l’Espagne en 1667. Les alliés la prirent en 1708, & la rendirent à la France par le traité d’Utrecht ; Longuerue, Corneille, Piganiol de la Force, Savary, & la Martiniere, vous instruiront de tous les détails qui concernent cette ville, ses manufactures, son commerce, son administration, sa châtellenie, &c.


Sa position est à 5 lieues N. O. de Tournai, 7 N. de Douai, 13 S. O. de Gand, 15 S. O. de Dunkerque, 15 N. O. de Mons, 52 N. E. de Paris. Long. selon Cassini, 20d. 36′. 30″. lat. 50. 38.


On sait peut-être qu’Antoinette Bourignon, cette célèbre visionnaire du siecle passé, naquit à Lille en 1616. Comme elle étoit riche, elle acheta sous le nom de son directeur l’île de Nordstrand, près de Holstein, pour y rassembler ceux qu’elle prétendoit associer à sa secte. Elle fit imprimer à ses frais dix-huit volumes in-8°. de pieuses rêveries, où il ne s’agit que d’inspirations immédiates, & dépensa la moitié de son bien à s’acquérir des prosélytes ; mais elle ne réussit qu’à se rendre ridicule, & à s’attirer des persécutions, attachées d’ordinaire à toute innovation. Enfin, desespérant de s’établir dans son île, elle la revendit aux Jansénistes, qui ne s’y établirent pas davantage. Elle mourut à Francker en 1680.


Dominique Baudius, grand poëte latin, étoit aussi né à Lille ; mais il fut nommé professeur dans l’université de Leyden, où il donna plusieurs ouvrages estimés, & y mourut en 1613, à cinquante-deux ans. Le vin & les femmes ont été les deux écueils sur lesquels sa réputation fit naufrage. Ses lettres dont on fait tant de cas, procurent, ce me semble, plus de plaisir & d’utilité aux lecteurs, que d’honneur à la mémoire de l’auteur. Il est vrai qu’elles sont pleines d’esprit & de politesse, mais elles le sont aussi d’amour-propre, & l’auteur s’y montre en même tems trop gueux, trop intéressé, & trop importun à ses amis.


Matthias de Lobel, botaniste, compatriote de Baudius, eut une conduite plus sage que lui dans les pays étrangers. Il mourut à Londres en 1616, âgé de soixante-dix-neuf ans ; le meilleur ouvrage qu’il ait donné sont ses Adversaria, & la meilleure édition est d’Angleterre en 1655, in-4°.


La ville de Lille a encore produit, dans le dernier siecle, quelques artistes de merite, comme Monnoyer, aimable peintre des fleurs, & les Vander-Méer, qui ont excellé à représenter le païsage, les vûes de marine, & les moutons. (D. J.)​","[['50 38\' N 20 36\' 30"" E']]",,"50 38' N 20 36' 30"" E","50 38' N 20 36' 30"" E"
v9-163-0,KAIEN,"KAIEN, (Géogr.)​ petite ville de Perse, remarquable par la bonté de son air & l’excellence de ses​fruits. Long. selon Tavernier, 83. 20. lat. 36. 22. (D. J.)​","[[""36 22' N 83 20' E""]]",,36 22' N 83 20' E,36 22' N 83 20' E
v9-1693-0,LISMORE,"LISMORE, (Géog.)​ petite ville d’Irlande, dans la province de Munster, au comté de Waterford ; elle envoie deux députés au parlement ; sa situation est sur la riviere de Blackwater, à 5 milles S. de Tallagh, & 13 O. de Dungarvan. Long. 10. 9. lat. 52. 1.


Quoique Lismore tombe en décadence, sur-tout depuis que le siege de son évêché a été réuni à celui de Waterford, cependant elle se ressouvient toujours d’avoir produit dans le dernier siecle un citoyen célebre, l’illustre Robert Boyle, que Charles II. le roi Jacques, & le roi Guillaume considérerent également. Il est si connu par ses travaux & ses importantes découvertes en Physique, que je suis dispensé des détails. Je dirai seulement qu’il mourut en 1691, à l’âge de 65 ans. On a donné à Londres, en 1744, une​magnifique édition de ses œuvres en 5 vol. in-folio. D. J.)​","[[""52 1' N 10 9' E""]]",,52 1' N 10 9' E,52 1' N 10 9' O
v9-1762-0,LIVADIA,"LIVADIA, (Geog.)​ ville de la Turquie Européenne, en Livadie. Les anciens l’ont connue sous le nom de Lebadia, Lebadea, & il y subsiste encore des inscriptions dans lesquelles on lit πόλις λεϐαδεῶν. Elle est partagée par une riviere que Wheeler nomme Hercyna, qui sort par quelques passages de l’Hélicon, & qui se rend dans le lac de Livadie. Cette ville est habitée par des Turcs, qui y ont des mosquées, & des Grecs qui y ont des églises. Son trafic​ consiste en laine, en blé & en ris. Elle est située à 23 lieues N. O. d’Athènes, & 25 S. E. de Lépante. Long. 41. 4. lat. 38. 40. (D. J.)​","[[""38 40' N 41 4' E""]]",,38 40' N 41 4' E,38 40' N 41 4' E
v9-1780-0,LIZIER,"LIZIER, S. (Géog.)​ sanctus Lycerius, & dans les tems reculés Austria ; ancienne ville de France en Guienne, capitale du Cousérans, avec un évêché suffragant d’Ausch. Elle a pris son nom de S. Lizier, un de ses évêques, qui mourut en 752. Le diocèse a seulement quatre-vingt-deux paroisses, & vaut 18000 liv. de rentes à son prélat. Ce n’est que dans le douzieme siecle, que les évêques de cette ville ont quitté le nom d’évêques d’Austrie. S. Lizier est sur le Salat, à 7 lieues de Pamiers, à 20 S. E. d’Ausch, 175 S. O. de Paris. Long. 18. 48. lat. 43. 1. (D. J.)​","[[""43 1' N 18 48' E""]]",,43 1' N 18 48' E,43 1' N 18 48' E
v9-1792-0,LOBAW,"LOBAW, (Géog.)​ Lobavia, petite place de la Prusse polonoise, qui donne son nom au canton circonvoisin. Lobaw est à 13 milles S. de Culm. Long. 37. 3. lat. 52. 38.","[[""52 38' N 37 3' E""]]",,52 38' N 37 3' E,52 38' N 37 3' E
v9-183-0,KALISCH,"KALISCH, (Géog.)​ Calisia, province de la basse Pologne, avec titre de palatinat, sur la riviere de Warte. Ses lieux les plus remarquables sont Gnesne & Kalisch, ville qui donne son nom au palatinat. Long. 35. 55. lat. 51, 55, (D. J.)​​","[[""51 55' N 35 55' E""]]",,51 55' N 35 55' E,51 55' N 35 55' E
v9-1853-0,"LOJOWOGOROD, Loiovogrodum","LOJOWOGOROD, Loiovogrodum, (Géogr.)​ petite ville de Pologne dans la basse Volhinie, fameuse par la bataille de 1649. Elle est sur la rive occidentale du Nieper, à environ 20 lieues N. O. de Kiovie. Long. 49. 22. lat. 50. 48. (D. J.)​","[[""50 48' N 49 22' E""]]",,50 48' N 49 22' E,50 48' N 49 22' E
v9-1869-0,LOMBEZ,"LOMBEZ, (Géog.)​ en latin Lumbaria, petite ville de France, en Gascogne, dans la Cominges, avec un évêché suffragant de Toulouse. Elle est sur la Seve, à 8 lieues S. O. de Toulouse, 4 S. E. d’Ausch, 5 N. O. de Rieux, 166 S. O. de Paris. Long. 18. 33. lat. 43. 33. (D. J.)​​","[[""43 33' N 18 33' E""]]",,43 33' N 18 33' E,43 33' N 18 33' E
v9-1910-0,LORCA,"LORCA, (Géog.)​ ancienne ville d’Espagne, au royaume de Murcie. Elle est fort délabrée, quoique située dans un pays fertile, sur une hauteur, au pié​de laquelle coule le Guadalentin, à 6 lieues de la mer, 14 lieues S. O. de Murcie, 12. N. O. de Carthagène. Long. 16. 32. lat. 37. 25. (D. J.)​","[[""37 25' N 16 32' E""]]",,37 25' N 16 32' E,37 25' N 16 32' E
v9-1948-0,LOUDUN,"LOUDUN, (Géog.)​ ville de France en Poitou. On la nomme en latin, castrum Lausdunense, Losdunum, Lavesdunum, Laucidunum, & Laudunum.


Macrin & les freres Sainte-Marthe sont les premiers qui, par une licence poétique, ont donné à cette ville le nom de Juliodunum, que Chevreau & quelques autres ont tâché de lui conserver.


Il est certain qu’on doit la mettre au rang des anciennes villes, puisqu’avant l’an 1000, elle figuroit déja comme un lieu considérable, & la principale place du Loudunois soumis à l’obéissance des comtes d’Anjou. Voyez à ce sujet ce qu’en dit Longuerue, dans sa description de la France, I. partie, pag. 151.


Cette ville se fit considérer dans les guerres civiles du seizieme siecle, & par sa situation, & par son château, que Louis XIII. démolit en 1633. Le​ couvent des Ursulines de Loudun se rendit célebre dans la même année, par l’histoire de la possession imaginaire de plusieurs de ses religieuses, & par la condamnation d’Urbain Grandier, qui fut une des malheureuses victimes de la haine du cardinal de Richelieu. On pourroit opposer ce seul trait de la vie du grand ministre de Louis XIII. à tous les éloges si fades & si bas que lui prodiguent nos académiciens lors de leur réception à l’académie françoise.


Loudun est située sur une montagne à douze lieues N. O. de Poitiers, quinze S. O. de Tours, soixante-deux S. O. de Paris. Long. 17. 42. lat. 47. 2.


Il me reste à dire que cette ville est la patrie de plusieurs gens de lettres, parmi lesquels je ne dois pas oublier de nommer Mrs. Bouilland, Chevreau, Macrin, Renaudot, & les freres de Sainte-Marthe.


Bouilland (Ismael) possédoit la Théologie, l’Histoire, les belles-Lettres, & les Mathématiques ; j’en ai pour preuve les divers ouvrages qu’il a publiés, & le journal des savans, tom. XXIII. pag. 126. Ses voyages en Italie, en Allemagne, en Pologne, & au Levant, lui procurerent des connoissances qu’on n’acquiert que par ce moyen. Il mourut à Paris en 1694, âgé de quatre-vingt-neuf ans. Son éloge se trouve parmi les hommes illustres de Perrault.


Chevreau (Urbain) savant & bel esprit, qui a eu beaucoup de réputation, mais elle ne s’est pas soutenue ; l’histoire du monde, son meilleur ouvrage, souvent réimprimé, fourmille de trop de fautes pour qu’on puisse le louer. M. Chevreau est mort en 1701, à quatre-vingt huit ans.


Macrin (Jean) un des meilleurs poëtes latins du seizieme siecle, au jugement de M. de Thou, qui a fait son éloge ; son vrai nom étoit Maigret : il s’appella Macrinus dans ses poésies latines, d’où lui vint le nom de Macrin en françois, qui lui est demeuré. Il mourut de vieillesse dans sa patrie en 1555.


Renaudot (Théophraste) medecin, mort en 1653 à soixante dix ans, commença le premier en 1631, à publier les nouvelles publiques si connues sous le nom de gazettes. Il a eu pour petit-fils, l’abbé Renaudot, savant dans l’histoire & les langues orientales, mort à Paris en 1720 âgé de soixante-quatorze ans.


Mais les freres jumeaux, Scévole & Louis de Sainte-Marthe, fils du premier Scévole, enterrés tous les deux à Paris a S. Severin dans le même tombeau, furent très-illustres par leur savoir. On a d’eux l’histoire généalogique de la maison de France, la Gallia Christiana pleine d’érudition, & plusieurs autres ouvrages. Scévole mourut à Paris en 1650 à soixante-dix-sept ans, & Louis en 1656.


Leur pere Scévole leur avoit servi d’exemple dans la culture des sciences. C’est lui qui réduisit Poitiers sous l’obéissance d’Henri IV. & qui sauva la ruine de Loudun, où il finit ses jours en 1623, âgé de soixante-dix-huit ans. On doit le mettre au rang des meilleurs poëtes latins de son siecle. C’est une famille bien noble que celle de Sainte-Marthe, car elle n’a produit que des gens de mérite, qui tous ont prolongé leur carriere dans le sein des Muses, jusqu’à la derniere vieillesse. Aucun d’eux n’est mort avant l’âge de soixante dix ans. Nous ne voyons plus de familles aussi heureusement organisées que l’étoit celle des Sainte-Marthe. (D. J.)​","[[""47 2' N 17 42' E""]]",,47 2' N 17 42' E,47 2' N 17 42' E
v9-196-0,KAMINIECK,"KAMINIECK, (Géog.)​ Camenecia, forte ville de Pologne, capitale de la Podolie, avec deux châteaux & un évêché suffragant de Lemberg. Quelques-uns croient que c’est la clepidava des anciens. Les Turcs la prirent en 1672, & la rendirent par la paix de Carlowitz en 1690. Elle est sur une roche escarpée, au pié de laquelle passe le Smotrziez, qui tombe dans le Niester, à 36 lieues de Lemberg, 122 S. E. de Cracovie, 130 S. E. de Warsovie, 40 O. de Braclaw. Long. 45. 5. lat. 48. 58. (D. J.)​","[[""48 58' N 45 5' E""]]",,48 58' N 45 5' E,48 58' N 45 5' E
v9-1963-0,"LOURDE, Laperdum","LOURDE, Laperdum, (Géog.)​ petite ville de France en Gascogne, ville unique, & chef-lieu du Lavedan, avec un ancien château sur un rocher. Elle est sur le Gave de Pau, à 4 lieues de Bagnieres. Long. 17. 30. lat. 43. 8. (D. J.)​","[[""43 8' N 17 30' E""]]",,43 8' N 17 30' E,43 8' N 17 30' E
v9-1978-0,LOUVIERS,"LOUVIERS, (Géog.)​ en latin moderne Lupapariæ ; ville de France dans la haute Normandie, avec titre de comté. Il y a une manufacture de draperies qui est assez considérable. Louviers est d’ailleurs située favorablement dans une plaine fertile, à 4 lieues N. d’Evreux, 2 S. du Pont-de-l’arche, 8 S. E. de Rouen, 22 N. O. de Paris. Long. 18. 50. lat. 49. 10.","[[""49 10' N 18 50' E""]]",,49 10' N 18 50' E,49 10' N 18 50' E
v9-1994-0,"LUBEN, Lubena","LUBEN, Lubena, (Géog.)​ petite ville d’Allemagne, capitale de la basse Lusace sur la Sprée. Long. 31. 50. lat. 51. 58.","[[""51 58' N 31 50' E""]]",,51 58' N 31 50' E,51 58' N 31 50' E
v9-1994-1,Luben,"Luben, (Géog.)​ petite ville de Silésie au duché de Lignitz, sur le ruisseau de Kaltzback, & faisant un cercle à part, selon Zeyler. Elle est à 3 milles de Bokowitz sur la route de Breslau à Francfort sur l’Oder : long. 33. 49. lat. 51. 27. (D. J.)​","[[""51 27' N 33 49' E""]]",,51 27' N 33 49' E,51 27' N 33 49' E
v9-2002-3,"Lucar de Guadiana, San","Lucar de Guadiana, San, (Géog.)​ ville forte d’Espagne dans l’Andalousie, aux confins de l’Algarve & du Portugal, & sur la rive orientale de la Guadiana. Long. 10. 36. lat. 37. 20.","[[""37 20' N 10 36' E""]]",,37 20' N 10 36' E,37 20' N 10 36' E
v9-2006-0,LUCAYONEQUE,"LUCAYONEQUE, (Géogr.)​ l’une des grandes îles Lucayes dans l’Amérique septentrionale. Elle est deserte, toute entourée d’écueils au nord, à l’orient & au couchant. Long. 300. lat. 26. 27. (D. J.)​","[[""26 27' N 300 E""]]",,26 27' N 300 E,26 27' N 300 O
v9-2128-0,"LUXIM, ou LIXIM, Luximum","LUXIM, ou LIXIM, Luximum, (Géog.)​ petite ville de la principauté de Platzbourg, à 4 lieues de Saverne. Long. 26. 2. lat. 48. 49. (D. J.)​","[[""48 49' N 26 2' E""]]",,48 49' N 26 2' E,48 49' N 26 2' E
v9-2168-0,LYN,"LYN, (Géogr.)​ ville à marché & fortifiée d’Angleterre, dans le comté de Norfolck ; elle envoie deux députés au parlement, & est située à l’embouchure de l’Ouse, où elle jouit d’un grand port de mer, à 75 milles N. E. de Londres. Long. 17. 50. lat. 52. 43. (D. J.)​","[[""52 43' N 17 50' E""]]",,52 43' N 17 50' E,52 43' N 17 50' E
v9-2276-0,MACON,"MACON, (Géog.)​ ancienne ville de France en Bourgogne, capitale du Mâconnois, avec un évê-​ché suffragant de Lyon. César en parle dans ses commentaires, l. VII. & l’appelle Matisco. Les tables de Peutinger en parlent aussi ; mais Strabon & Ptolomée n’en disent rien. Il y a cinq à six cens ans, que par une transposition assez ordinaire, on changea Matisco en Mastico ; & c’est de-là, qu’est venue la vicieuse orthographe qui écrit Mascon.


Cette ville appartenoit anciennement aux Eduéens, Ædui ; on ne sait pas précisément le tems où elle en a été séparée ; mais elle étoit érigée en cité, lorsque les Bourguignons s’en rendirent les maîtres.


L’évêché de Mâcon vaut environ vingt mille livres de rente, & n’est composé que de deux cens paroisses. On ignore le tems de cet établissement ; on sait seulement que le premier de ses évêques, dont on trouve le nom, est Placidus, qui assista au troisieme concile d’Orléans.


Cette petite ville où l’on ne compte qu’environ huit mille ames, se sentit cruellement des desordres que les guerres sacrées causerent en France dans le xvj. siecle ; siecle abominable, auprès duquel la génération présente, toute éloignée de la vertu qu’elle est, peut passer pour un siecle d’or, au-moins par son esprit de tolérance en matiere de religion ! Il n’est pas possible d’abolir la mémoire des jours d’aveuglement, de sang, & de rage, qui nous ont précédés. Quelque fâcheux qu’en soit le récit pour l’honneur du nom françois & du nom chrétien, les seules sauteries de Mâcon, exécutées par Saint-Point, sont mieux immortalisées, que celles que Tibere mit en usage dans l’île de Caprée, quoiqu’un célebre historien, traduit dans toutes les langues, & cent fois imprimé, les ait insérées dans la vie de cet empereur odieux.


Mâcon est situé sur le penchant d’un côteau, proche de la Sône, à quatre lieues S. de Tournus, quatre E. de Cluny, 15 N. de Lyon, 90 S. de Paris. Long. 22. 23. lat. 46. 20. (D. J.)​","[[""46 20' N 22 23' E""]]",,46 20' N 22 23' E,46 20' N 22 23' E
v9-2342-1,Maduré,"Maduré, (Géogr.)​ ville fortifiée des Indes orientales, qui étoit la capitale du pays de même nom. Le pagode où on tient l’idole que les habitans adorent, est au milieu de la forteresse ; mais cette ville a perdu toute sa splendeur depuis que les Massuriens se sont emparés du royaume, & qu’ils ont transporté leur cour à Trichirapali. Long. de Maduré est 98. 32. lat. 10. 20.​","[[""10 20' N 98 32' E""]]",,10 20' N 98 32' E,10 20' N 98 32' E
v9-2354-0,MAESECK,"MAESECK, (Géog.)​ Masacum, ville de l’évêché de Liége, sur la Meuse, à 5 lieues de Mastricht, 3 S. O. de Ruremonde, 12 N. E. de Liége ; long. 23. 25. lat. 51. 5. (D. J.)​","[[""51 5' N 23 25' E""]]",,51 5' N 23 25' E,51 5' N 23 25' E
v9-2375-1,"Magdebourg, Magdeburgum","Magdebourg, Magdeburgum, (Géog.)​ ancienne, forte, belle & commerçante ville d’Allemagne, capitale du cercle de la basse Saxe & du duché de même nom, autrefois impériale & anséatique, avec un archevêché dont l’archevêque étoit souverain, & prenoit la qualité de primat de Germanie ; mais en 1666 cette archevêché a été sécularisé par le traité de Westphalie, & cédé au roi de Prusse, outre que la ville avoit déjà embrassé la confession d’Augsbourg.


Quelques auteurs prennent cette ville pour le Mesovium de Ptolomée. Bertius est même fondé à tirer son étymologie de Magd, vierge, & de Burg ; car Othon en fit un présent de nôces à Edithe sa femme, l’entoura de murs, lui donna des privileges, & obtint du pape que son évêché seroit érigé en siége archiépiscopal ; ce qui fut fait en 968.


On ne sçauroit dire combien cette ville a souffert par les guerres & autres accidens, non-seulement avant le regne d’Othon, mais depuis même qu’elle eut monté par les soins de ce monarque, à un haut degré de splendeur. Avant lui, Charlemagne avoit pris plaisir à l’embellir ; mais les Wendes la ravagerent à diverses reprises. En 1013 elle fut ruinée par Boleslas, roi de Pologne ; réduite en cendres par un incendie en 1180 ; ravagée en 1214 par l’empereur Othon IV. assiégée en 1547 & 1549 ; saccagée en 1631 par les Impériaux qui la prirent d’assaut, y commirent tous les desordres imaginables, & finirent par la brûler.


Elle est sur l’Elbe, à 9 milles d’Halberstad, 11 de Brandebourg, 12 N. E. de Wittemberg, 35 S. O. d’Hambourg, & 98 N. E. de Vienne. Long. selon Bertius, 83. 50. lat. 62. 18.


Magdebourg est la patrie d’Othon de Guérike & de Georges-Adam Struve. Guérike devint bourguemestre de cette ville, lui rendit de grands services par ses négociations, & se fit un nom célebre par son invention de la pompe pneumatique. Il décéda en 1686, âgé de 84 ans. Struve est connu des jurisconsultes par des ouvrages estimés, & en particulier par son Syntagma Juris civilis. Il mourut en 1692, âgé de 73 ans.","[[""62 18' N 83 50' E""]]",,62 18' N 83 50' E,62 18' N 83 50' E
v9-2380-0,"MAGELLAN, Détroit de","MAGELLAN, Détroit de (Géog.)​ celebre dans l’Amérique septentrionale.


Ce fut en 1519, dans le commencement des conquêtes espagnoles en Amérique, & au milieu des grands succès des Portugais en Asie & en Afrique, que Ferdinand Magalhaens, que nous nommons Magellan, découvrit pour l’Espagne le fameux détroit qui porte son nom ; qu’il entra le premier dans la mer du Sud ; & qu’en voguant de l’occident à l’orient, il trouva les îles qu’on nomme depuis Mariannes, & une des Philippines, où il perdit la vie. Magellan étoit un portugais auquel on avoit refusé​une augmentation de paye de six écus. Ce refus le détermina à servir l’Espagne, & à chercher par l’Amérique un passage, pour aller partager les possessions des Portugais en Asie.


Le détroit de Magellan est selon Acosta, sur 42 degrés ou environ de la ligne vers le sud. Il a de longueur 80 ou 100 lieues d’une mer à l’autre, & une lieue de large dans l’endroit où il est le plus étroit.


Nous avons plusieurs cartes estimées du détroit de Magellan ; mais la meilleure au jugement de milord Anson, est celle qui a été dressée par le chevalier Narborough. Elle est plus exacte dans ce qu’elle contient, & est à quelques égards supérieure à celle du docteur Halley, particulierement dans ce qui regarde la longitude de ce détroit & celle de ses différentes parties.


Les Espagnols, les Anglois, & les Hollandois ont souvent entrepris de passer ce détroit malgré tous les dangers. Le chevalier François Drake étant entré dans la mer du Sud, y éprouva une si furieuse tempête pendant cinquante jours, qu’il se vit emporté jusques sur la hauteur de cinquante sept degrés d’élévation du pole antarctique, & fut contraint par la violence des vents de regagner la haute mer.


Les difficultés que tous les Navigateurs conviennent avoir éprouvées à passer ce détroit, ont ensuite engagé quelques marins à essayer si vers le midi ils ne trouveroient point un passage moins long & moins dangereux. Brant hollandois prit sa route plus au sud, & donna son nom au passage qui est à l’orient de la petite île des états.


Enfin, depuis ce tems là on a découvert la nouvelle mer du Sud au midi de la terre de Feu, où le passage de la mer du Nord dans l’ancienne mer du Sud est très-libre, puisqu’on y est toujours en pleine mer. C’est ce qui a fait négliger le détroit de Magellan, comme sujet à trop de périls & de contre-tems. Néanmoins ce détroit est important à la Géographie, parce que sa position sert à d’autres déterminations avantageuses aux navigateurs. Voyez donc dans les Mém. de l’acad. des Scienc. année 1716, les observations de M. de Lisle sur la longitude du détroit de Magellan, que M. Halley suppose être dans sa partie orientale, de 75 degrés plus occidentale que Londres ; & M. de Lisle pense que M. Halley se trompe de 10 degrés. (D. J.)​",[['42 S 75 W']],['Londres'],42 S 75 W,42 S 75 O | 57 S
v9-2383-0,MAGHIAN,"MAGHIAN, (Géog.)​ ville de l’Arabie Heureuse en Asie, située dans une plaine, à six stations de Sanan, & à trois de Zabid. Long. 61. 50. lat. 16. 3. (D. J.)​","[[""16 3' N 61 50' E""]]",,16 3' N 61 50' E,16 3' N 61 50' E
v9-2433-0,MAHALEU,"MAHALEU, (Géog.)​ considérable ville d’Egypte, capitale de la Garbie, l’une des deux provinces du Deltha. Il s’y fait un grand commerce de toiles de lin, de toiles de coton, & de sel ammoniac. Il y a des fours à faire éclore des poulets par la chaleur, à la façon des anciens Egyptiens. Elle est près de la mer. Long. 49. 56. lat. 31. 4. (D. J.)​","[[""31 4' N 49 56' E""]]",,31 4' N 49 56' E,31 4' N 49 56' E
v9-2448-0,MAIDSTONE,"MAIDSTONE, (Géogr.)​ en latin Madus & Vagniacum, ville à marché d’Angleterre au pays de Kent, sur Medway. Elle est assez considérable, bien peuplée ; elle envoie deux députés au parlement, & est à 9 lieues E. S. de Londres. Long. 18. 20. lat. 51. 21.","[[""51 21' N 18 20' E""]]",,51 21' N 18 20' E,51 21' N 18 20' E
v9-2481-0,MAINUNGEN,"MAINUNGEN, (Géog.)​ ville d’Allemagne en Franconie, sur la Werre, chef-lieu d’un petit état dont jouit une branche de la maison de Saxe-Gotha. Elle est à trois lieues N. E. d’Henneberg. Long. 28. 10. lat. 50. 36. (D. J.)​","[[""50 36' N 28 10' E""]]",,50 36' N 28 10' E,50 36' N 28 10' E
v9-2518-2,"Malacca, Péninsule de","Malacca, Péninsule de, (Géog.)​ grande presqu’île des Indes, au midi du royaume de Siam, entre le golfe de Siam à l’orient, celui de Bengale & le détroit de Malacca à l’occident. On estime que la longueur de cette péninsule, le long de la côte, est d’environ 250 lieues. Cette étendue de terre renferme le royaume de Malacca, & six autres. Les habitans de cette presqu’île sont noirs, petits, bien proportionnés dans leur petite taille, & redoutables lorsqu’ils ont pris de l’opium, qui leur cause une espece d’ivresse furieuse. Ils vont tous nuds de la ceinture en haut, à l’exception d’une petite écharpe qu’ils portent tantôt sur l’une, tantôt sur l’autre épaule. Ils sont fort vifs, fort sensuels, & se noircissent les dents par le fréquent usage qu’ils font du bétel. Long. 119. lat. 3. 40. (D. J.)​","[[""3 40' N 119 E""]]",,3 40' N 119 E,3 40' N 119 E
v9-2542-0,MALATHIA,"MALATHIA, (Géogr.) ville d'Asie sur l'Euphrate, à 72 degrés de long. & à 37 de lat. Elle dépend de la Syrie, & en est frontiere.",[['37 N 72 E']],,37 N 72 E,37 N 72 E
v9-2543-0,MALATHIAH,"MALATHIAH, (Géogr.)​ ville d’Asie en Turquie dans l’Aladulie, sur la riviere d’Arzu. C’est la Mélitene des anciens. Elle est située à 61 degrés de long. & à 39. 8. de latitude.","[[""39 8' N 61 E""]]",,39 8' N 61 E,39 8' N 61 E
v9-2548-0,MALCHIN,"MALCHIN, (Géogr.)​ prononcé Malkin, petite ville d’Allemagne en basse Saxe, au duché de Meckelbourg dans la Vandalie, à l’entrée de la riviere de la Pene, dans le lac de Cummerow. Long. 30. 18. lat. 53. 58. (D. J.)​","[[""53 58' N 30 18' E""]]",,53 58' N 30 18' E,53 58' N 30 18' E
v9-259-0,KATIF el,"KATIF el, (Géog.)​ ville de l’Arabie heureuse, dans la province de Bahrain, du côte de Ahsa, sur la côte du golfe Persique. Les hautes marées vont jusqu’au pié de ses murs, & il y a un golfe ou canal, par lequel les plus gros navires s’approchent de la ville avec la marée. Long. selon Abulféda, 73. 55. lat. 22. 35. (D. J.)​","[[""22 35' N 73 55' E""]]",,22 35' N 73 55' E,22 35' N 73 55' E
v9-2613-1,Malthe,"Malthe, (Géogr.)​ autrement dite la cité notable, la ville notable, capitale de l’isle de Malthe, & l’ancienne résidence de son évêque. Elle est située dans le fond des terres, & au milieu de l’isle, éloignée d’environ six milles du bourg & du grand port. Les anciens l’ont nommée Melita, Malite, du nom commun à toute l’isle, dont elle étoit à proprement parler, la seule place importante, oppidum ; c’est maintenant une ville considérable, que les Catholiques ont pour ainsi dire en commun, & qu’on peut regarder comme le triste centre d’une guerre perpétuelle contre les ennemis du nom chrétien. On l’a si bien fortifiée, qu’elle passe pour imprenable : son hôpital est aussi beau que nécessaire à l’ordre de Malthe.


Une ancienne tradition veut que les Carthaginois soient les fondateurs de cette ville. Il est au-moins certain qu’ils l’ont possédée, que les Romains après avoir détruit Carthage, chasserent ces Africains de l’isle, & que les Arabes mahométans s’en emparerent à leur tour, & lui donnerent le nom de Medina.


Diodore de Sicile, l. V. c. xij. après avoir loué la bonté des ports de l’isle de Malthe, fait mention de sa capitale. Il dit qu’elle étoit bien bâtie, qu’il y avoit toutes sortes d’artisans, & principalement des ouvriers qui faisoient des étoffes extrémement fines, ce qu’ils avoient appris des Phéniciens qui avoient peuplé l’isle. Cicéron raconte à-peu-près la même chose : il reproche à Verrès de n’être jamais entré dans Malthe, quoique pendant trois ans il y eût occupé lui seul un métier à faire une robe de femme. Il parle ensuite d’un temple consacré à Junon, qui n’étoit pas loin de cette ville, & qui avoit été pillé par les gens de Verrès ; tel maître, tels valets. Long. de cette ville 33. 40. lat. 35. 54. (D. J.)​","[[""35 54' N 33 40' E""]]",,35 54' N 33 40' E,35 54' N 33 40' E
v9-274-0,KAYSERBERG,"KAYSERBERG, (Géog.)​ c’est-à-dire mont de l’empereur, Cæsaris mons ; petite & pauvre ville de France en Alsace, au bailliage d’Hagueneau. Elle appartient à la France depuis 1648, & est située dans un pays agréable, à 10 lieues N. O. de Bâle, 2 N. O. de Colmar. Long. 25. lat. 48. 10.


Lange (Joseph) Langius, auteur du fameux Polyanthæa, étoit natif de cette ville. Cette grande rapsodie fut imprimée pour la premiere fois à Geneve en 1600 in-fol. ensuite à Lyon en 1604, à Francfort en 1607, & plusieurs fois depuis. La cin-​quieme édition parut sous le nom de Florilegium magnum, seu Polyanthæa, à Francfort en 1624 en trois vol. in-fol. avec des supplémens tirés de Gruter, & c’est là la meilleure édition de ce vaste répertoire. (D. J.)​","[[""48 10' N 25 E""]]",,48 10' N 25 E,48 10' N 25 E
v9-291-0,KELLS,"KELLS, (Géog.)​ ville d’Irlande dans la province de Linster, au comté d’Est-Meath, avec titre de baronie, sur le Blackwater. On dispute si le Laberus des anciens est Kells ou Kildare, qui sont tous deux dans la même province. Long. 10. 14. lat. 53. 45. (D. J.)​","[[""53 45' N 10 14' E""]]",,53 45' N 10 14' E,53 45' N 10 14' O
v9-293-0,KELSO,"KELSO, (Géog.)​ ville à marché d’Ecosse, au comté de Roxbourg, sur le Tweed, à 10 lieues S. E. d’Edimbourg, 109 N. E. de Londres. Long. 15. 10. lat. 55. 40. (D. J.)​","[[""55 40' N 15 10' E""]]",,55 40' N 15 10' E,55 40' N 15 10' E
v9-310-0,KENOQUE (le fort de),"KENOQUE (le fort de), Géograph.​ fort des Pays bas dans la Flandre Autrichienne, entre Ypres & Furnes, à 2 lieues & demie de Dixmude. Long. 20. 26. lat. 50. 58. (D. J.)​","[[""50 58' N 20 26' E""]]",,50 58' N 20 26' E,50 58' N 20 26' E
v9-325-0,KERMASIN,"KERMASIN, (Géog.)​ ville d’Asie en Perse, dans l’Irac-Adgend, au Midi de Hamadan. Nassir-Eddin,​& Ulug-Beg, lui donnent 83d. de long. & 34 30 de latitude. (D. J.)​","[[""34 30' N 83 E""]]",,34 30' N 83 E,34 30' N 83 E
v9-337-0,KESSEL,"KESSEL, (Géog.)​ gros village des Pays bas dans la haute Gueldre, avec un château ; c’est le chef-lieu du pays de Kessel sur la Meuse, entre Ruremonde & Venlo. Il fut cédé au roi de Prusse par la paix d’Utrecht. Long. 23. 48. lat. 51. 22. (D. J.)​","[[""51 22' N 23 48' E""]]",,51 22' N 23 48' E,51 22' N 23 48' E
v9-360-0,KHOVAREZM,"KHOVAREZM, (Géog.)​ grand pays d’Asie, qui tient lieu de la Chorasmie des anciens. Ce pays, dans l’état où il est présentement, confine, du côté du nord, au Turquestan & aux états du grand khan des Calmoucks ; à l’orient, à la grande Boukarie ; au midi, aux provinces d’Astarabat & de Korasan, dont il est séparé par la riviere d’Amn, si fameuse dans l’antiquité sous le nom d’Oxus, & par des déserts sablonneux d’une grande étendue ; enfin il se termine à l’occident par la mer de Mazandéran, autrement la mer Caspienne. Il peut avoir environ 80 milles d’Allemagne en longueur, & à-peu-près autant en largeur ; & comme il est situé entre le 38 & le 43 deg. de lat. il est extrèmement fertile par-tout où il peut être arrosé. Ce pays est habité par les Sartes, les Turcomans & les Usbecks. Nassir-Eddin a donné une table géographique des villes de cette région, qu’il nomme Chow aresm dans l’édition d’Oxford. La capitale, appellée Korcang, est à 94. 30. de long. & à 42. 17. de lat. (D. J.)​","[[""38 N"", ""43 N""], [""42 17' N 94 30' E""]]",,"38 N"", ""43 N"" | ""42 17' N 94 30' E",42 17' N 94 30' E
v9-374-0,KIELL,"KIELL, (Géogr.)​ en latin Chilonium par Bertius ; Kiela, par Hermanides ; & Kilo, onis, par d’autres auteurs ; ville forte & considérable d’Allemagne, dans la basse-Saxe, capitale du duché de Holstein-Gottorp, avec un château & une université fondée en 1665.


Le continuateur de la chronique d’Hermold, attribue la fondation de la ville & du château au comte Adolphe IV. qui fut ensuite religieux. Il lui accorda le droit de Lubec, y bâtit un monastere, où il prit l’habit, & y fut enterré en 1261. Il s’y tient tous les ans une foire célebre après la fête des rois.


Kiell est située au fond du golphe de Killer-wick, d’où elle a peut-être pris son nom, à l’embouchure du Schwentin, dans la mer Baltique. Caspard Danckwerth a donné une description complette de Kiell, dans son livre intitulé : New Lands Beschreibung der Zwey Hert Zogs-Humer Seleswich, und Holstein. Il croit que le golphe est le sinus Chalusus, & que le Schwentin est le fluvius Chalusus de Ptolomée. Quoi qu’il en soit, Kiell est à 9 milles N. O. de Lubeck, à 6 S. E. de Scleswig, à 11 N. E. de Hambourg, &​ à 2 de Pretz. Long. 20. 44. 30. lat. 54. 25. (D. J.)​","[['54 25\' N 20 44\' 30"" E']]",,"54 25' N 20 44' 30"" E","54 25' N 20 44' 30"" E"
v9-376-0,KIERNOW,"KIERNOW, (Géogr.)​ ville de Lithuanie sur la Vilie. Les ducs de Lithuanie y faisoient autrefois leur résidence. Long. 42. lat. 54. 50. (D. J.)​","[[""54 50' N 42 E""]]",,54 50' N 42 E,54 50' N 42 E
v9-386-0,KILIA-NOVA,"KILIA-NOVA, (Géog.)​ Callatia, bourg fortifié de la Turquie européenne dans la Bessarabie, à l’embouchure du Danube. On l’appelle Nova, pour la distinguer de Kilia l’ancien, qui est une bourgade & une île formée par le Danube, à 36 lieues S. O. de Bialogrod, 121 N. E. de Constantinople. Long. 47. 55. lat. 45. 35. (D. J.)​","[[""45 35' N 47 55' E""]]",,45 35' N 47 55' E,45 35' N 47 55' E
v9-408-0,KINGTUNG,"KINGTUNG, (Géog.)​ ville de la Chine, septieme métropole de la province d’Iunnan, à dix lieues de la ville de ce nom, entre de hautes montagnes fort serrées, & au-dessus d’une vallée très profonde. Longitude 119. 40. lat. 26. 10. (D. J.)​","[[""26 10' N 119 40' E""]]",,26 10' N 119 40' E,26 10' N 119 40' E
v9-411-0,KINROSSE,"KINROSSE, (Géog.)​ ville d’Ecosse, capitale du comté de même nom, à 18 milles N. O. d’Edimbourg, 116 lieues N. O. de Londres. Long. 14. 22. lat. 56. 15. (D. J.)​","[[""56 15' N 14 22' E""]]",,56 15' N 14 22' E,56 15' N 14 22' O
v9-442-0,KIVAC,"KIVAC, (Géog.)​ ville d’Asie dans le pays de Khovaresem, au sud-ouest du Gihon, à 95. 35. de long. & à 39. 20. de lat. (D. J.)​","[[""39 20' N 95 35' E""]]",,39 20' N 95 35' E,39 20' N 95 35' E
v9-451-0,KNARESBOROUG,"KNARESBOROUG, (Géog.)​ ville à marché d’Angleterre, en Yorchshire, à 50 lieues N. E. de Londres. Elle envoie deux députés au parlement. Long. 15. 59. lat. 53. 56. (D. J.)​","[[""53 56' N 15 59' E""]]",,53 56' N 15 59' E,53 56' N 15 59' E
v9-511-0,KORSOÉ ou KORSOR,"KORSOÉ ou KORSOR, (Géog.)​ petite ville de Danemark dans l’isle de Sélande, avec un fort sur le grand Belt, à 14 lieues O. de Coppenhague. Long. 28. 55. lat. 55. 22. (D. J.)​","[[""55 22' N 28 55' E""]]",,55 22' N 28 55' E,55 22' N 28 55' E
v9-562-0,KURAB,"KURAB, (Géogr.)​ petite ville de Perse à demi-lieue de la mer Caspienne, & presque cachée dans ses arbres. Quelques-uns l’appellent Kesker, du nom de la province dont elle est la capitale. Long. 67. 50. lat. 37. 36. (D. J.)​","[[""37 36' N 67 50' E""]]",,37 36' N 67 50' E,37 36' N 67 50' E
v9-612-2,Lac des Iroquois,"Lac des Iroquois, (Géog.)​ c’est le nom d’un grand lac de l’Amérique septentrionale, au Canada, dans le pays des Iroquois, au couchant de la Nouvelle Angleterre. Il est coupé dans sa pointe occidentale par le 305e degré de longitude, & dans sa partie septentrionale par le 45e degré de latitude. (D. J.)​",[['45 N 305 E']],,45 N 305 E,45 N 305 O
v9-68-0,JUNGGHANG,"JUNGGHANG, (Géog.)​ grande ville de la Chine, huitieme métropole de la province de Junnan : elle est dans un pays abondant en cire, miel, ambre, soie, & lin. Long. 119. 55. lat. 24. 58. (D. J.)​","[[""24 58' N 119 55' E""]]",,24 58' N 119 55' E,24 58' N 119 55' E
v9-686-0,LAGNIEU,"LAGNIEU, (Géog.)​ petite ville de France dans le Bugey, au diocèse de Lyon, sur le bord du Rhône, avec une église collégiale érigée en 1476. Long. 23. 20. lat. 45. 44. (D. J.)​","[[""45 44' N 23 20' E""]]",,45 44' N 23 20' E,45 44' N 23 20' E
v9-688-0,LAGO-NEGRO,"LAGO-NEGRO, (Géog.)​ petite ville d’Italie au royaume de Naples, dans la Basilicate, au pié de l’Apennin. Long. 34. 57. lat. 41. 12. (D. J.)​","[[""41 12' N 34 57' E""]]",,41 12' N 34 57' E,41 12' N 34 57' E
v9-825-0,LANDAFF,"LANDAFF, (Géog.)​ petite ville & évêché d’Angleterre, au pays de Galles, dans le comté de Glamorgan, sur la Tave, un peu au-dessus de Cardiff, à 30 milles de Bristol au couchant, & à 123 milles de Londres. Long. 14. 20. latit. 51. 32. (D. J.)​","[[""51 32' N 14 20' E""]]",,51 32' N 14 20' E,51 32' N 14 20' E
v9-836-0,LANDRECI,"LANDRECI, (Géograph.)​ dans les titres latins Landericiacum, Landericia, petite & forte ville de France dans le Hainault. François I. s’en étant rendu maître, Charles V. la reprit en 1543. Louis XIV. la prit en 1655. Elle fut cédée à la France par le traité des Pyrénées. Ses fortifications sont du chevalier de Ville & du maréchal de Vauban. Elle est dans une plaine sur la Sambre, à 6 lieues N. E. de Maubeuge, 7 S. E. de Cambrai, 11 S. O. de Mons, 35 N. E. de Paris, Long. 21. 28. lat. 50. 4. (D. J.)​","[[""50 4' N 21 28' E""]]",,50 4' N 21 28' E,50 4' N 21 28' E
v9-84-1,"Jura, l'ile de","Jura, l’ile de (Géog.)​ petite île d’Ecosse, l’une des Westernes, de huit lieues de long sur deux de large ; elle abonde en pâturages, & on y pêche de bons saumons. Long. 11 deg. 12 min. 50 sec. lat. 56 deg. 15 min. 53. sec. (D. J.)​","[['56 15\' 53"" N 11 12\' 50"" E']]",,"56 15' 53"" N 11 12' 50"" E","56 15' 53"" N 11 12' 50"" O"
v9-843-0,LANDSTUL,"LANDSTUL, (Géogr.)​ bourg d’Allemagne avec un fort château sur un rocher dans le Wasgow, entre Deux-Ponts & Keysers-Lautern. Long. 26. 20. lat. 49. 25.","[[""49 25' N 26 20' E""]]",,49 25' N 26 20' E,49 25' N 26 20' E
v9-857-0,LANGON,"LANGON, (Géogr.)​ petite ville ou bourg de France en Gascogne dans le Bazadois, sur la Garonne, près de Cadillac, à 5 lieues au-dessus de Bordeaux. Long. 16. 46. lat. 44. 51.","[[""44 51' N 16 46' E""]]",,44 51' N 16 46' E,44 51' N 16 46' E
v9-877-0,LANION,"LANION, (Géogr.)​ petite ville de France, en basse Bretagne, vers la côte de la Manche, au diocèse de Treguier, à trois lieues de cette ville, en allant à Morlaix. Long. 14. 20. lat. 48. 42. (D. J.)​","[[""48 42' N 14 20' E""]]",,48 42' N 14 20' E,48 42' N 14 20' E
v9-899-1,Laodicée,"Laodicée, près du Liban, ville d’Asie en Syrie, dans un pays qui en prenoit le nom de Laodicene, selon Ptolomée, l. V. c. xv. qui la distingue par le nom de Cabiosa Laodicea. Elle étoit sur l’Oronte, entre Emese & Paradisus, peu loin du Liban. Elle est nommée sur les médailles d’Antonin, de Caracalla, & de Severe, Δαοδικ. προς. Λιβαν ; elle est aussi nommée dans le Digeste, lege I. de Censibus, §. 3. où il est dit, qu’elle étoit dans la Cælésyrie, & que l’empereur Severe lui avoit accordé les droits attachés aux villes d’Italie, à cause des services qu’elle avoit rendus pendant la guerre civile. Long. selon Ptolomée, 69. 40. lat. 33. 45.","[[""33 45' N 69 40' E""]]",,33 45' N 69 40' E,33 45' N 69 40' E
v9-90-0,IVRÉE,"IVRÉE, (Géog.)​ ville d’Italie en Piémont, capitale du Canavez, avec une forteresse, un évêché suffragant de Turin, & titre de marquisat qui commença sous Charlemagne, & qui ne subsiste plus. Cette ville est très-ancienne : Velleius Paterculus, l. I. c. xvj. rapporte que sous le consulat de Marius & de Valerius Flaccus, les Romains y envoyerent une colonie. Brutus en parle dans ses lettres à Ciceron, & Antonin en fait mention dans son itinéraire ; elle appartient au roi de Sardaigne, & est plus remarquable par son ancienneté que par sa beauté & par sa grandeur, ne contenant que cinq ou six mille ames.


La Doria qui l’arrose, y est fort rapide ; on la passe sur un pont qui n’a qu’une arche. Le nom latin d’Eporedia qu’avoit cette ville, s’est changé avec le tems en Eborcia, Ivorcia, jusque-là qu’on est parvenu à dire Ivrée.


Les Romains lui donnerent le nom d’Eporedia, parce qu’au témoignage de Pline, les Gaulois appelloient Eporedicos, ceux qui s’entendoient à dompter & à dresser les chevaux, soit que les habitans d’Ivrée s’occupassent de ce métier, soit que les Romains entretinssent dans ce pays-là un grand nombre de chevaux aux dépens du public, & les y fissent exercer. Dans le théatre du Piémont on écrit Ivrée : elle est située en partie dans la plaine, en partie sur une colline d’une montée douce, à 8 lieues N. E. de Turin, 13 S. E. de Suze, 10 S. O. de Ver-​ceil. Long. 25. 23. lat. 45. 12. (D. J.)​","[[""45 12' N 25 23' E""]]",,45 12' N 25 23' E,45 12' N 25 23' E
v1-201-0,ABRUZZE,"*​ ABRUZZE, s. f. Province du Royaume de Naples en Italie. Long. 30. 40. 32. 45. lat. 41. 45. 42. 52.","[[""41 45' N 30 40' E"", ""42 52' N 32 45' E""]]",,41 45' N 30 40' E 42 52' N 32 45' E,41 45' N 30 40' E | 42 52' N 32 45' E
v1-768-0,AFRIQUE,"*​ AFRIQUE, (Géog.)​ l’une des quatre parties principales de la Terre. Elle a depuis Tanger jusqu’à Suez environ 800 lieues ; depuis le Cap-verd jusqu’au cap Guardafui 1420 ; & du cap de Bonne-Espérance jusqu’à Bone 1450. Long. 1-71. lat. mérid. 1-35. & lat. sept. 1-37. 30.


On ne commerce gueres que sur les côtes de l’Afrique ; le dedans de cette partie du monde n’est pas encore assez connu, & les Européens n’ont gueres commencé ce commerce que vers le milieu du XIVe siecle. Il y en a peu depuis les Royaumes de Maroc & de Fés jusqu’aux environs du Cap-verd. Les établissemens sont vers ce cap & entre la riviere de Sénegal & de Serrelionne. La côte de Serrelionne est abordée par les quatre Nations : mais il n’y a que les Anglois & les Portugais qui y soient établis. Les Anglois seuls résident près du cap de Misérado. Nous faisons quelque commerce sur les côtes de Malaguette ou de Greve : nous en faisons davantage au petit Dieppe & au grand Sestre. La côte d’Ivoire ou des Dents est fréquentée par tous les Européens ; ils ont presque tous aussi des Habitations & des Forts à la côte d’Or. Le cap de Corse est le principal établissement des Anglois : on trafique peu à Asdres. On tire de Benin & d’Angole beaucoup de Negres. On ne fait rien dans la Cafrerie. Les Portugais sont établis à Sofala, à Mozambique, à Madagascar. Ils font aussi tout le commerce de Melinde. Nous suivrons les branches de ces commerces sous les différens articles Cap-verd, Sénegal, &c.","[[""37 30' N 1 E"", '35 S 71 E']]",,37 30' N 1 E 35 S 71 E,"1 35' S 1 71' E | 1 37' 30"" N 1 71' E"
v1-878-0,AGRIGNON,"*​ AGRIGNON, (Géog.)​ l’une des îles des Larrons ou Mariannes. Lat. 19. 40.","[[""19 40' N""]]",,19 40' N,19 40' N
v1-1880-0,ANDALOUSIE,"*​ ANDALOUSIE, subst. f. (Géog. mod.)​ grande province d’Espagne partagée en deux par le Guadalquivir ; Seville en est la capitale. Long. 11-16. lat. 36-38.


L’Andalousie est la contrée la plus agréable & la plus riche de toute l’Espagne.","[['36 N 11 E', '38 N 16 E']]",,36 N 11 E 38 N 16 E,36 38' N 11 16' O
v1-1974-0,ANGLETERRE,"*​ ANGLETERRE, royaume d’Europe, borné au nord par l’Ecosse, dont il est séparé par les rivieres de Solvay & de Tuwed, environné de tous les autres côtés par la mer. Ses rivieres principales sont la Tamise, le Humberg, la Trente, l’Ouse, le Medway, & la Saverne. Elle se divise en cinquante-deux provinces : Pembrock, Carmarden, Glamorgan, Breknok, Radnor, Cardigan, Montgomery, Merioneth, Carnarvan, Danbigh, Flinte, île d’Anglesey, Norfolck, Suffolck, Cambridge, Harfort, Midlesex, Essex, Chester, Darby, Stafford, Warwick, Shrop, Worcester, Hereford, Montmouth, Glocester, Oxford, Buckingham, Bedford, Huntington, Northampton, Rutland, Leicester, Nortingham, Lincoln, Kent, Sussex, Surrey, Southampton, Barck, Wilt, Dorset, Sommerset, Devon, Cornouailles, Northumberland, Cumberland, Westmorland, Durham, Yorck, Lancastre, l’île de Man. Londres est la capitale. Longit. 12-19. latit. 50-56.


Il ne manque à l’Angleterre que l’olive & le raisin : elle a des grains, des pâturages, des fruits ; des métaux, des minéraux, des bestiaux, de très-belles laines, des manufactures au-dedans, des colonies au-dehors ; des ports commodes sur ses côtes ; de riches comptoirs au loin. Elle n’a commencé à joüir pleinement de tous ces avantages que sous le regne d’Elisabeth, fille de Henri VIII. Ses principales marchandises, y compris celles de l’Ecosse & de l’Irlande, sont les laines & l’étain ; les autres sont la couperose, le fer, le plomb, le charbon, l’alun, le vitriol, les chairs salées, les cuirs verds, l’aquifou, l’amydon ; les ardoises, les bœufs, les vaches, les ouvrages en laine & soie ; les verres, des chapeaux, des dentelles, des chevaux, de l’ivoire, de la quincaillerie ; des ouvrages en acier, fer & cuivre ; de la litharge, de la calamine, &c. voilà ce qui est de son cru : mais que ne lui vient-il pas de ses colonies, & des magasins qu’elle a dans presque toutes les contrées du nord ? On verra ailleurs ce qu’elle tire des Indes orientales : elle commerce sur la Méditerranée, aux Echelles du levant, & presque partout elle a des compagnies de commerce. Elle abonde en vaisseaux, & presque tous sont sans cesse occupés ; qu’on juge donc de la richesse des retours.","[['50 N 12 E', '56 N 19 E']]",,50 N 12 E 56 N 19 E,50 56' N 12 19' O
v1-1974-1,Angleterre (la nouvelle),"*​ Angleterre (la nouvelle), province de l’Amérique septentrionale, près du Canada & de la mer Septentrionale. lat. 41-45.


Jean Varazan, Florentin, la découvrit, en prit possession pour François I. en 1524, & les Anglois y porterent des habitans en 1607 & 1608. Cette premiere tentative ne réussit pas ; & ce ne fut qu’en 1621 que cette contrée fut appellée la nouvelle Angleterre, New-England : il en vient des fourrures, castors & orignaux, des matures, des fromens, des farines, du biscuit, des grains, des légumes, des viandes salées, du poisson, de la morue verte & seche, du maquereau salé, du chanvre, du lin, de la poix, du gaudron, & même de l’ambre. Ce sont les Sauvages qui fournissent les pelleteries ; on leur donne en échange du plomb, de la poudre, & des armes à feu.","[['41 N', '45 N']]",,41 N 45 N,41 45' N
v1-3603-0,"AVES, (l’Isle d’) ou DES OISEAUX","*​ AVES, (l’Isle d’) ou DES OISEAUX, petite île de l’Amérique méridionale, vers le 11d. 45′. de latitude, au sud de Porto Rico, & au sud-est de l’île de Bonair.


Il y a une autre île de même nom au nord de la précédente, vers le 15e degré de latitude.


Et une troisieme dans l’Amérique septentrionale, proche la côte orientale de Terre-neuve, au 50d. 5′. de latitude.","[[""11 45' N""], ['15 N'], [""50 5' N""]]",,11 45' N | 15 N | 50 5' N,11 45' S | 15 N | 50 5' N
v1-3733-0,AUTAN-KELURAN,"*​ AUTAN-KELURAN, (Géog.)​ ville du Turquestan. Long. 110d. & lat. 46. 45. selon Uluhbeg ; & long. 116. & lat. 45. selon Nassiredden.","[['alt'], [""46 45' N 110 E""], ['45 N 116 E']]",,alt | 46 45' N 110 E | 45 N 116 E,46 45' N 110 E | 45 N 116 E
v2-30-0,BABEL-MANDEL,"*​ BABEL-MANDEL, (Géog. mod.)​ détroit ainsi appellé de l’Arabe, bab-al-mandab, porte de deuil, parce que les Arabes prenoient le deuil pour ceux qui le passoient. Il est à 12. 40. de latit. entre une île & une montagne de même nom, & joint la mer Rouge à l’Océan.","[[""12 40' N""]]",,12 40' N,12 40' N
v2-275-0,BAMBERG,"*​ BAMBERG, (Géog.)​ ville d’Allemagne dans la Franconie, au confluent du Mein & du Rednitz. Long. 28. 40. lat. 50.


Il y a en Boheme une ville du même nom. Long. 34. 20. lat. 49. 53.","[[""50 N 28 40' E""], [""49 53' N 34 20' E""]]",,50 N 28 40' E | 49 53' N 34 20' E,50 N 28 40' E | 49 53' N 34 20' E
v3-182-0,CHANGÉE,"CHANGÉE, (Géog.)​ ville de la Chine dans la province de Chansi. Lat. 37. 8.","[[""37 8' N""]]",,37 8' N,37 8' N
v3-220-0,CHAO,"CHAO, (Géog.)​ ville de la Chine, dans la province de Junnan. Lat. 25. 46. Il y en a encore une de ce nom dans la province de Pekeli.","[[""25 46' N""]]",,25 46' N,25 46' N
v3-232-0,CHAOYANG,"CHAOYANG, (Géog.)​ ville de la Chine, dans la province de Quanton. Lat. 23. 20.","[[""23 20' N""]]",,23 20' N,23 20' N
v3-233-0,CHAOYUEN,"CHAOYUEN, (Géog.)​ ville de la Chine, dans la province de Channton. Lat. 36. 6.","[[""36 6' N""]]",,36 6' N,36 6' N
v6-566-0,FARGANAH,"FARGANAH, (Géog.)​ ville du Zagathay dans la grande Tartarie, située au nord de Chéser, & capitale d’une province qui porte le même nom. Le pays de Farganah s’étend le long du Chéser, quoiqu’il ne soit qu’à 92d de longitude, & à 42d20′ de latitude septentrionale. Selon les tables d’Abulfeda, Vlug-Beigh met la ville de Farganah à 42d25′ de latitude. Article de M. le Chevalier de Jaucourt​.","[['alt'], [""42 20' N 92 E""], [""42 25' N 92 E""]]",,alt | 42 20' N 92 E | 42 25' N 92 E,42 20' N 92 E | 42 25' N 92 E
v6-1031-0,FLORES,"FLORES, (Géog.)​ île d’Asie dans la grande mer des Indes ; on l’appelle d’ordinaire eude. Elle est par le 9d. de latitude australe ; & sa pointe la plus orientale est par les 140d. de longitude, selon M. de l’Isle.


On donne aussi le nom de flores à une île de l’Océan atlantique, & l’une des Açores. Les Portugais l’appellent Ilha de flores ; & quelques François qui brouillent tout, & veulent donner la loi à tout, la​nomment ridiculement l’île des Fleurs. Long. 327d. lat. 39d25′. (D. J.)​","[['9 S 140 E'], [""39 25' N 327 E""]]",,9 S 140 E | 39 25' N 327 E,9 S 140 E | 39 25' N 327 O
v7-1064-0,GINGI,"GINGI, (Géog.)​ royaume d’Asie ; ce royaume est une contrée de la côte de Coromandel, dans la presqu’île de l’Inde, en-deçà du Gange. Elle est bornée au nord par le royaume de Bisnagar, au sud par le Tanjaon, à l’est par l’Océan indien, à l’oüest par les montagnes de Gate, qui la séparent de la côte de Malabar. Son prince particulier ou naîque, est tributaire du roi de Décan ; sa ville principale est Gingi, espece de forteresse au sud du royaume de Carnate, à quatorze lieues oüest de Pondichéry. Long. suivant le P. Boucher, d’environ 100d. & suivant Desplaces,97d21′30″. latit. 12d10′. (D. J.)​","[['alt'], [""12 10' N 100 E""], ['12 10\' N 97 21\' 30"" E']]",,"alt | 12 10' N 100 E | 12 10' N 97 21' 30"" E","12 10' N 100 E | 12 10' N 97 21' 30"" E"
v7-1188-0,GOA,"GOA, (Géog.)​ ville d’Asie dans la presqu’île en-deçà du Gange ; Alphonse d’Albuquerque l’enleva au roi de Décan en 1508, & la conserva pour son maître en 1529 : elle fut érigée en archevêché en 1552, & son archevêque eut le titre magnifique de primat des Indes.


Goa étoit alors la clé du commerce d’orient, & l’une des plus opulentes villes du monde : c’étoit encore l’endroit où il se vendoit le plus d’esclaves, & l’on y trouvoit même à acheter les plus belles femmes de l’Inde. Tout cela n’a plus lieu ; il ne reste à Goa qu’un viceroi, un inquisiteur, des moines, & une dixaine de mille habitans de nations & de religions différentes, tous réduits à une extrème misere ; mais l’on y garde toûjours dans un superbe tombeau de l’église des Jésuites, le corps de S. François Xavier, surnommé l’apôtre des Indes. On sait que cet ami d’Ignace de Loyola, né au pié des Pyrenées, se rendit à Goa le 6 Mai 1542, pour y prêcher l’évangile, & qu’il mourut dans l’ile de Sancian, à 23 lieues des côtes de la Chine, le 2 Décembre 1552, âgé de quarante-six ans.


La ville de Goa est sous la zone torride, dans une île de neuf lieues de tour, qui renferme plusieurs villages sur la Mandoua, avec un port admirable & quelques forteresses. Long. suivant le P. Noël & Cassini, 91d16′30″. & suivant le P. Bouchet, 93d55′. latit. 15d31′. (D. J.)​","[['alt'], ['15 31\' N 91 16\' 30"" E'], [""15 31' N 93 55' E""]]",,"alt | 15 31' N 91 16' 30"" E | 15 31' N 93 55' E","15 31' N 91 16' 30"" E | 15 31' N 93 55' E"
v7-1291-0,"GOTHLAND, (l’île de)","GOTHLAND, (l’île de) Géogr.​ île de la mer Baltique sur la côte orientale de Suede. Elle s’étend en latitude du 57d. jusqu’au 68, depuis son milieu qui est coupé par le 37d. de longitude. Elle se termine en deux pointes, dont la septentrionale est par le 37d. 25′. de long. & la méridionale par les 36d. 40′. Cette île qui maintenant appartient à la Suede, a eu autrefois ses rois particuliers. Wagenseil lui donne quinze milles d’Allemagne dans sa longueur, & cinq dans sa plus grande largeur. Wisbyen en est la seule ville. (D. J.)​","[[""57 N 36 40' E"", ""68 N 37 25' E""]]",,57 N 36 40' E 68 N 37 25' E,68 N 37 25' E | 57 N 36 40' E
v7-1526-0,GRIPSWALD,"GRIPSWALD, Gripsvaldia, (Géogr.)​ ville d’Allemagne dans la Poméranie, autrefois impériale ; mais depuis sujette aux Suédois, avec un bon port, & une université fondée en 1456 par Wratislas IX. duc de Poméranie Elle est près de la mer, vis-à-vis l’île de Rugen, à huit lieues S. E. de Stralsund, 22 N. O. de Stétin. Longit. suivant les géographes du pays, 30d. suivant Pysius, 33d. 2′. 5″. latit. 54d. 14′. 1″. selon M. Cassini ; sa différence de Paris en longit. a été trouvée par une éclipse de soleil, tantôt de 52d. 45′. tantôt de 52d. 40′. Hist. de l’académie des Sciences, année 1700.


Kuhnius, (Joachim) habile humaniste, naquit à Gripswald en 1647, & mourut le 11 Décembre 1697 à cinquante ans. On a de lui de savantes notes sur Pausanias, sur Elien, sur Pollux, & sur Diogene Laerce. (D. J.)​","[['alt'], ['54 14\' 1"" N 30 E'], ['54 14\' 1"" N 33 2\' 5"" E'], ['54 14\' 1"" N 52 45\' E'], ['54 14\' 1"" N 52 40\' E']]",['Paris'],"alt | 54 14' 1"" N 30 E | 54 14' 1"" N 33 2' 5"" E | 54 14' 1"" N 52 45' E | 54 14' 1"" N 52 40' E","54 14' 1"" N 30 E | 54 14' 1"" N 33 2' 5"" E"
v7-1586-1,Guadaloupe (la) ou Guadeloupe,"Guadaloupe (la) ou Guadeloupe, (Géog.)​ île de l’Amérique, l’une des Antilles françoises, entre l’île S. Domingue au sud, la Marie-Galande au sud-est, la Desirade à l’est, & l’île de Montferrat au nord ; sa plus grande largeur est d’environ dix lieues & son circuit de soixante. Elle est fertile, peuplée, défendue par quelques forts, & conquise sur les Espagnols par les François qui en sont les maîtres depuis 1635 ; les matelots la nomment par corruption la Gardeloupe : elle est divisée en deux parties par un petit bras de mer. La partie orientale s’appelle la grande terre ; la partie occidentale dont le milieu est hérissé de montagnes, est proprement la Guadeloupe. Voyez-en la description détaillée dans les voyages du P. Labat. Long. suivant Harris, 319. 51. 55. & suivant Varin & Deshayes, 315. 18. 15. latit. 14. o. o. (D. J.)​","[['alt'], ['14 0\' 0"" N 319 51\' 55"" E'], ['14 0\' 0"" N 315 18\' 15"" E']]",,"alt | 14 0' 0"" N 319 51' 55"" E | 14 0' 0"" N 315 18' 15"" E","14 N 319 51' 55"" O | 14 N 315 18' 15"" O"
v7-1609-0,GUANCHACO,"GUANCHACO, (Géog.)​ port de la mer du Sud dans l’Amérique méridionale, sur la côte du Bresil, sous le huitieme degré de latitude méridionale, à 9 lieues de la montagne de Guanac. Ce port est rempli d’une si grande quantité d’herbes maritimes, que, quand on est sur les ancres, il faut avoir grand soin de les en débarrasser fréquemment. Voyez à ce sujet le supplément aux voyages de Wodes Roger. (D. J.)​",[['8 S']],,8 S,8 S
v7-1622-0,GUATAO,"GUATAO, (Géog.)​ île de l’Amérique septentrionale, dans la mer du Nord, & l’une des Lucayes. Elle est environnée d’écueils, de basses, & de rochers. Son extrémité orientale est à 25d. 46′. & son extrémité occidentale à 27d. 6′. (D. J.)​","[[""25 46' N"", ""27 6' N""]]",,25 46' N 27 6' N,25 46' O | 27 6' O
v8-1005-1,Hollande (la nouvelle),"Hollande (la nouvelle), Géogr.​ on a donné ce nom 1°. à un vaste pays des terres australes, au sud de l’île de Timor, en-deçà & au-delà du tropique du capricorne : 2°. à un petit pays de l’Amérique septentrionale, sur la côte d’orient, au midi de la nouvelle Angleterre ; cette nouvelle Hollande a perdu son nom, elle appartient à la Grande-Bretagne, qui a étendu sa domination le long de cette côte, & a effacé les traces de possession que les autres peuples y avoient laissées : 3°. à une petite contrée au nord de l’Europe, le long du détroit de Heigatz ; mais ce dernier nom n’existe plus que dans de vieilles cartes.


Les habitans de la côte de la nouvelle Hollande, qui est au sud de l’île de Timor, à 15 degrés 16 minutes de latitude méridionale, méritent bien nos regards, parce que ce sont peut-être les gens du monde les plus misérables, & ceux de tous les humains qui approchent le plus des brutes. Ils sont grands, droits & menus ; ils ont les membres longs & déliés, la tête grosse, le front rond, les sourcils épais ; leurs paupieres sont toûjours à demi fermées, ils prennent cette habitude dès leur enfance, pour garantir leurs yeux des moucherons qui les incommodent beaucoup ; & comme ils ouvrent rarement les yeux, ils ne sauroient voir de loin, à moins qu’ils ne levent la tête, comme s’ils vouloient regarder quelque chose au-dessus d’eux.


Ils ont le nez gros, les levres grosses, & la bouche grande ; ils s’arrachent apparemment les deux dents du devant de la mâchoire supérieure, car elles manquent à tous, tant aux hommes qu’aux femmes, aux jeunes & aux vieux ; ils n’ont point de barbe ; leur visage est long, d’un aspect très-desagréable, sans un seul trait qui puisse plaire ; leurs cheveux ne sont pas longs & lisses, comme ceux de presque tous les Indiens, mais ils sont courts, noirs & crépus, comme ceux des negres de Guinée.


Ils n’ont point d’habits, mais seulement un morceau d’écorce d’arbre attaché au milieu du corps en forme de ceinture, avec une poignée d’herbes longues au milieu. Ils n’ont point de maisons, ils couchent à l’air sans aucune couverture, & n’ont pour lit que la terre ; ils demeurent en troupes de​ vingt ou trente hommes, femmes & enfans, tous pêle-mêle. Leur unique nourriture est un petit poisson qu’ils prennent en faisant des reservoirs de pierre dans de petits bras de mer. Enfin ils n’ont ni pain, ni grains, ni légumes. Dampier, qui y passa en 1700, fait, dans son voyage aux terres australes, un détail de ce qu’il put voir dans les endroits de ce pays où il aborda. J’en ai transcrit cet extrait du tome III. de l’hist. natur. de l’homme, par M. de Buffon. Les Hollandois découvrirent cette nouvelle Hollande des terres Australes en 1644, mais ils n’y firent point d’établissemens. (D. J.)​","[[""15 16' S""]]",,15 16' S,15 16' S
v8-1122-2,Horn (cap de,"Horn (cap de), Géog.​ il forme la pointe la plus méridionale de la terre de Feu. Les Géographes placent communément ce cap, à 57d. 30′. de longit. mais il paroît démontré, après d’exactes observations, que sa véritable situation est à 56d. 28′. de long. (D. J.)​","[['alt'], [""57 30' S""], [""56 28' S""]]",,alt | 57 30' S | 56 28' S,57 30' O | 56 28' O
v8-1893-0,"JEANNE, l’île de sainte","JEANNE, l’île de sainte, (Géog.)​ île de la mer des Indes, l’une des quatre îles de Comore, proche l’extrémité de l’île de Madagascar ; on conjecture qu’elle a environ 30 milles de longueur, & 15 de largeur ; sa fertilité engage les vaisseaux d’Europe qui vont vers Surate, & les parties septentrionales des Indes, à aller s’y raffraîchir ; elle abonde en ritz, en poivre, en bananes, en oranges, en citrons, en limons, & autres fruits, dont la plûpart viennent sans culture. On y voit aussi beaucoup de miel & de cannes de sucre ; tous les fruits y sont communs, à l’exception des noix de coco. La religion des habitans est la mahométane, mêlée des superstitions ; il y a dans cette île de belles mosquées. Les femmes y sont en quelque maniere esclaves, car elles cultivent seules la terre, servent leurs maris, & leur préparent à manger : on y marie les filles à l’âge de 11 ou 12 ans, au plus tard. Lat. mérid. 12. 30. (D. J.)​","[[""12 30' S""]]",,12 30' S,12 30' S
v8-1935-0,JÉRUSALEM,"JÉRUSALEM, (Géog.)​ ancienne & fameuse ville d’Asie, capitale du petit royaume d’Israël, après que David l’eut conquis sur les Jébuséens. Depuis ce tems-là Jerusalem éprouva bien des événemens, & son histoire devint celle de la nation des Juifs ; voici les principales époques des vicissitudes de cette ville, cent fois prise, détruite, & rebâtie.


David & Salomon l’embellirent ; Sesac roi d’Egypte, Hazaël roi de Syrie, Amasias roi d’Israël, enleverent consécutivement les trésors du temple ; mais Nabuchodonosor ayant pris la ville même pour la quatrieme fois, la réduisit en cendre, & emmena les Juifs captifs à Babylone. Après cette captivité, Jérusalem fut reconstruite & repeuplée de nouveau. Antiochus le Grand, ayant conquis la Célé-Syrie & la Judée, assiégea & ruina Jérusalem. Ensuite Simon Machabée vainquit Nicanor, rétablit la ville & les sacrifices ; elle jouit d’une assez grande paix jusqu’aux démêlés d’Hircan & d’Aristobule. Pompée s’étant déclaré pour Hircan, s’empara de Jérusalem 63 ans avant J. C. & démolit ses murailles, dont Jules César permit le rétablissement 20 ans après.


A peine la Judée fut réduite en province sous l’obéissance du gouverneur de Syrie, que les Juifs se révolterent, & passerent au fil de l’épée la garnison romaine ; Alors l’empereur Titus vint en personne dans le pays, assiégea Jérusalem, l’emporta, la brûla, & la réduisit en solitude, l’an 70 de l’ere chrétienne ; mais comme dit quelque part M. de Voltaire,



Jérusalem conquise, & ses murs abattus, 
N’ont point éternisé le grand nom de Titus ;
Il fut aimé, voilà sa grandeur véritable.


Adrien fit bâtir une nouvelle ville de Jérusalem, près des ruines de l’ancienne, & la fit appeller Ælia Capitolina ; cependant elle reprit son ancien nom sous Constantin, & son évêque obtint le second rang des évêques de la Palestine, l’an 614 de J. C. La ville de Jérusalem fut brûlée par les Perses, & son patriarche Zacharie fut emmené prisonnier avec beaucoup d’autres.


Bientôt après, les Arabes soûmirent l’Asie mineure, la Perse, & la Syrie. Omar successeur de Mahomet, s’étant emparé de la contrée de la Palestine, entra victorieux dans Jérusalem, l’an 638 de J. C. Comme cette ville est une ville sainte pour les Mahométans, il l’enrichit d’une magnifique mosquée de marbre, couverte de plomb, ornée dans l’intérieur d’un nombre prodigieux de lampes d’argent, parmi lesquelles il y en avoit beaucoup d’or pur. Quand ensuite, dit M. de Voltaire, les Turcs déja Mahométans, s’emparerent du pays, vers l’an 1055, ils respecterent la mosquée, & la ville resta toujours peuplée de huit mille ames : c’étoit tout ce que son enceinte pouvoit contenir, & ce que le terroir d’alentour pouvoit nourrir. Elle n’avoit d’autres fonds de subsistance, que le pélérinage des Chrétiens & des Musulmans ; les uns alloient visiter la mosquée, les autres le saint-sépulchre. Tous payoient un lé-​ger tribut à l’émir turc qui résidoit dans la ville, & à quelques imans, qui vivoient de la curiosité des pélerins.


Dans ces conjonctures, on vit se répandre en Europe cette opinion religieuse ou fanatique, que les lieux de la naissance & de la mort de J. C. étant prophanés par les infideles, le seul moyen d’effacer les péchés des chrétiens, étoit d’exterminer ces misérables. L’Europe se trouvoit pleine de gens qui aimoient la guerre, qui avoient beaucoup de crimes à expier, & qu’on leur proposoit d’expier en suivant leur passion dominante : ils prirent la croix & les armes. Voyez Croisades.


Les églises & les cloîtres acheterent à vil prix plusieurs terres des seigneurs, qui crurent n’avoir besoin que de leur courage, & d’un peu d’argent pour aller conquérir des royaumes en Asie ; Godefroy de Bouillon, par exemple, duc de Brabant, vendit sa terre de Bouillon au chapitre de Liége, & Stenay à l’évêque de Verdun. Les moindres seigneurs châtelains partirent à leurs frais, les pauvres gentils-hommes servirent d’écuyers aux autres. Cette foule de croisés se donna rendez-vous à Constantinople : moines, femmes, marchands, vivandiers, ouvriers partirent aussi, comptant ne trouver sur la route que des chrétiens, qui gagneroient des indulgences en les nourrissant.


La premiere expédition fut d’égorger & de piller les habitans d’une ville chrétienne en Hongrie. On s’empara de Nicée en 1097, Jérusalem fut emportée en 1099, & tout ce qui n’étoit pas chrétien fut massacré. Après ce carnage, les croisés dégouttans de sang, allerent à l’endroit qu’on leur dit être le sépulchre de J. C. & y fondirent en larmes. Godefroy de Bouillon fut élu duc de Jérusalem ; mais, comme un légat nommé d’Anberto, prétendit le royaume pour lui-même, il fallut que le duc de Bouillon cédât la ville à cet évêque, & se contentât du port de Joppé.


En peu de tems, de nouveaux états divisés & subdivisés entre les mains des chrétiens, passerent en beaucoup de mains différentes. Il s’éleva de petits seigneurs, des comtes de Joppé, des marquis de Galilée, de Sidon, d’Acre, de Césarée. Cependant la situation des croisés étoit si mal affermie, que Baudoin premier roi de Jérusalem, après la mort de Godefroy son frere, fut pris presque aux portes de la ville par un prince turc.


Les conquêtes des chrétiens alloient chaque jour en s’affoiblissant, tandis que Saladin s’élevoit pour les leur ravir. En vain Guy de Lusignan couronné roi de Jérusalem, marcha contre Saladin, il devint son captif, & fut traité comme aujourd’hui les prisonniers de guerre le sont par les généraux les plus humains. Saladin étant entré dans Jérusalem, fit laver avec de l’eau rose la mosquée qui avoit été changée en église, & fit graver sur la porte : « le roi Saladin serviteur de Dieu, mit cette inscription après que le tout-puissant eut pris Jérusalem par ses mains. » Il fonda des écoles musulmanes, & néanmoins rendit aux chrétiens orientaux l’église du saint-sépulchre.


Au bruit des victoires de Saladin toute l’Europe se troubla ; les rois suspendirent leurs querelles pour marcher au secours de l’Asie, & cependant leur armée saccagea Constantinople, au lieu d’aller reprendre Jérusalem. Saphadin frere du fameux Saladin mort à Damas, démolit en 1218, le reste des murailles de ce triste lieu.


En 1244, son territoire n’appartenoit déja plus à personne. Les Chorasmins, tous idolâtres, égorgerent ce qu’ils trouverent dans ce bourg de musulmans, de chrétiens & de Juifs. De nouveaux turcs vinrent après eux ravager les côtes de Syrie, exter-​minerent le reste des chrétiens, & furent eux-mêmes exterminés par les Tartares. Enfin Sélim empereur des Turcs, ayant vaincu le soudan d’Egypte en 1517, se rendit maître du Caire, de l’Egypte, de la Syrie, & par conséquent de Jérusalem, qui est demeurée jusqu’à ce jour avec tout le pays qui l’environne, sous la domination du grand-seigneur.


Elkods est son nom moderne chez les Turcs, les Arabes, & les Mahométans de ces quartiers-là. Elle est à 45 lieues S. O. de Damas, 18 de la mer Méditerrannée, 100 N. O. du grand Caire. Long. suivant de la Hire 58 deg. 29 min. 30 sec. suivant Street, 55 deg. 11 min. 30 sec. Suivant Cassini, 52 deg. 51 min. 30 sec. Lat. suivant la Hire 31 deg. 38 min. 30 sec. Suivant Street 32. 10. Suivant Cassini 31. 50. (D. J.​","[['alt'], ['31 38\' 30"" N 58 29\' 30"" E'], ['32 10\' N 55 11\' 30"" E'], ['31 50\' N 52 51\' 30"" E']]",,"alt | 31 38' 30"" N 58 29' 30"" E | 32 10' N 55 11' 30"" E | 31 50' N 52 51' 30"" E","31 38' 30"" N 58 29' 30"" E | 32 10' N 55 11' 30"" E | 31 50' N 52 51' 30"" E"
v8-1936-0,JÉSI,"JÉSI, (Géog.)​ ancienne ville de l’état de l’église ; dans la Marche d’Ancone, avec un évêché qui ne releve que du saint siege : elle est sur une montagne proche la riviere de Jési, à 7 lieues S. O. d’Ancone, 45 N. E. de Rome. Long. 30. 55. lat. 43. 30. Il y a aussi​une ville de ce nom au Japon, dans l’île de Niphon, au voisinage de Méneo. Long. 157. 40. lat. (D. J.)​","[[""43 30' N 30 55' E""], [""157 40' E""]]",,43 30' N 30 55' E | 157 40' E,43 30' N 30 55' E | 157 40' E
v8-2440-0,INGOLSTAD,"INGOLSTAD, Ingolstadium, (Géog.)​ ville d’Allemagne, la plus forte de Baviere, avec une université fondée en 1410, dont l’évêque d’Aichstad est le chancelier perpétuel comme diocésain, & établit pour vice-chancelier le premier professeur de Théologie. Quelques-uns ont appellé cette ville en latin Auréatum ; mais c’est Aichstadt qu’il faut ainsi nommer. Plusieurs auteurs écrivent Ingelstad, & tirent son origine des Angles, ancien peuple saxon, qui se jetterent dans la Suabe, & laisserent des traces de leur nom à Ingelheim, Ingolstad, Engelbourg, &c. D’autres lui donnant une origine plus moderne, l’attribuent à de véritables anglois, qui vinrent de leur pays prêcher le Christianisme en Allemagne ; parce que Aischstad ville voisine, leur doit sa naissance. Elle est sur le Danube, à deux lieues N. E. de Neubourg, 16 S. O. de Ratisbonne, 18 N. O. de Munich. Long. 28. 45. lat. 48. 42. & suivant le P. Nicaise Grammatici, 48. 46. (D. J.)​","[['alt'], [""48 42' N 28 45' E""], ["" 48 46' N 28 45' E""]]",,alt | 48 42' N 28 45' E |  48 46' N 28 45' E,48 42' N 28 45' E | 48 46' N 28 45' E
v8-2812-0,IRLANDE,"IRLANDE, (Géogr.)​ Hibernia, c’est son nom latin le plus commun ; Aristote, Strabon, & d’autres la nomment Jerna ; Pomponius Méla, Juvenal & Selin, Juverna ; les naturels du pays l’appellent Eryn ; son nom Irlande ou Ireland, vient vraissemblablement d’Erynland, qui signifie en Irlandois, une terre occidentale, un pays situé à l’ouest.


L’Irlande est la plus considérable des îles britanniques, après celle de la grande Bretagne, à laquelle elle est aujourd’hui sujette, & au couchant de laquelle elle est située.


Elle est bornée E. par une mer dangereuse, appellée la mer d’Irlande ou plutôt le Canal de Saint-Georges, qui la sépare de l’Angleterre par une distance de 45 milles, depuis Holy-Head jusqu’à Dublin ; mais elle n’est qu’à 15 milles de l’Ecosse.


Sa figure est oblongue, approchante de celle d’un œuf, en en retranchant l’irrégularité des angles ; sa grandeur est à-peu-près moitié de celle de l’Angleterre ; sa longueur est d’environ 285 milles, sa largeur de 160 milles, & son circuit de 14 cent milles.


Les Bretons ont été, suivant les apparences, les premiers habitans de cette île ; car il étoit aisé de s’y rendre de la Bretagne, comme de la terre la plus voisine ; aussi les anciens écrivains l’appellent une île bretonne ; & Tacite en parlant d’elle dans la vie d’Agricola, nous dit que son terroir, le climat, le naturel & l’ajustement de ses habitans différoient peu de ceux de la Grande-Bretagne : Solum cælumque, & ingenia, cultusque hominum, haud multùm à Britanniâ differunt. Ils vivoient d’ailleurs sous le gouvernement de divers petits princes ; des Danois & des Normands se mêlerent depuis avec les naturels du pays en différentes occasions ; mais on n’y​ connoît aujourd’hui de naturels que les habitans des trois îles britanniques.


Leur langue étoit anciennement la bretonne, ou pour mieux dire, une dialecte de cette langue ; les noms des rivieres, des îles, des montagnes, des bourgs, sont encore presque tous bretons, si nous en croyons un savant moderne.


C’est une chose remarquable, qu’avant l’année 800 de Jesus-Christ, on se servît déjà de monnoies d’argent battues dans le pays, comme le prouve assez bien le chevalier Jacques Warœus dans ses Antiquités d’Irlande ; consultez aussi un livre de Keder, imprimé en 1 08 in-4°. sous le titre de Recherches des médailles frappées en Irlande avant le xij. siecle.


L’air y est doux, tempéré, & en même tems fort humide ; on y voit quelques loups dont l’Angleterre & l’Ecosse sont délivrées depuis bien des siecles, des renards, des liévres, des lapins, & toute sorte de gibier ; le poisson, sur-tout le saumon & le hareng, y sont en abondance : on y voit de bons chevaux, & tant d’abeilles qu’elles font leur essains jusque dans des trous sous terre.


Le sol y est très-fertile & abondant en excellens pâturages ; les bêtes à cornes sont la grande richesse du pays ; ses denrées consistent principalement en gros & menu bétail, en cuirs, en suifs, en beure & fromage, en sel, bois, miel, cire, chanvre, toiles, douves & laines ; on y trouve du plomb, de l’étain & du fer, du marbre supérieur à celui de l’Angleterre, quantité de fontaines, de lacs, de rivieres, de montagnes ; son lac Longh-Neaugh est fameux pour ses vertus pétrifiantes ; mais il faut lire sur toute l’histoire naturelle du pays, un bon ouvrage, intitulé : A natural history of Ireland, Dublin 1727. in-4°. Il vaut beaucoup mieux que le livre de Gérard Boate traduit en François, & imprimé à Paris en 1666, in-12.


Les plus considérables bayes d’Irlande, sont la baye de Gallway qui est fort vaste & sûre, la baye de Dingle, & la baye de Dublin ; ses havres sont en grand nombre & fort commodes ; les meilleurs sont celui de Waterford, celui de Cork, celui de Yonghall, & sur-tout celui de Kingsale, depuis le nouveau fort bâti sous la direction du lord Roger, comte d’Orrery, du tems de Charles II. En un mot, peut-être n’y a-t-il aucun pays où l’on trouve de si bons ports à tous égards ; cette île, écrivoit autrefois Tacite, placée entre la Bretagne & l’Espagne, & très à portée de la Gaule, serviroit utilement d’entrepôt & de centre de commerce, à ces trois riches Puissances.


Les plus importantes des rivieres d’Irlande, est le Shannon ; les autres moindres, sont la Piffe, la Boyne, & la Lée ; Spencer les a toutes célébrées dans son poëme intulée la Reine des Fées, où il s’agit du mariage de la Tamise avec le Medway.


Les montagnes les plus remarquables, sont Knock-Patrick dans le comté de Limerick à l’O. celle de Sliew-Bloemy, d’Evagh, de Mourne, de Sliew-Gallen, de Cirtew, & de Gualty.


Tout le pays est divisé en quatre provinces, la Province d’Ulster, ou l’Ultonie, la province de Connaught ou la Connacie, la province de Leinster ou Lagénie, & la province de Munster ou la Mommonie.


Un viceroi qu’on appelle aujourd’hui lord-lieutenant, dont l’autorité est d’une grande étendue, gouverne l’Irlande ; c’est toujours un des premiers seigneurs de la Grande-Bretagne ; il y a pour le civil les mêmes cours de justice qu’en Angleterre, chancellerie, banc du roi, cout des plaidoyers communs, & celle de l’échiquier. Le lord-lieutenant ou son député, convoque le parlement, & le dissout suivant le bon plaisir du Roi.​Le gouvernement ecclésiastique est sous quatre archevêques ; Armagh primat, Dublin, Cashel & Tuam, qui ont pour suffragans dix-neuf évêques.


L’Irlande fut réunie à la couronne d’Angleterre sous Henri II. en 1172 ; mais Henri VIII. fut déclaré le premier roi d’Irlande dans la trente-troisieme année de son regne, & pour lors cette île fut traitée de royaume ; car avant lui, les rois d’Angleterre se disoient seulement seigneurs d’Irlande.


Je ne parcourerai pas ses diverses révolutions, c’est assez de remarquer qu’elles paroissent assoupies pour long-tems ; Dublin la capitale, ne respire que l’attache & l’affection au gouvernement établi.


La long. de l’Irlande, suivant M. de Lisle, est depuis 7d. 10′. jusqu’à 12d. 5′. Sa lat. mérid. est par les 51d. 20′. Sa lat. sept. est par les 55d. 20′.


J’ai indiqué ci-dessus un bon livre sur l’histoire naturelle d’Irlande, ceux qui voudront connoître ses antiquités sacrées & prophanes, les liront dans Ussérius, un des plus savans hommes du xvij. siecle, & qui a le plus fait d’honneur à sa patrie ; ses écrits, en particulier ses annales, ont immortalisé son nom. Il mourut comblé d’honneur & de gloire, le 21 Mars 1655, à 75 ans ; Cromwell le fit enterrer solemnellement dans l’abbaye de Westmunster.


Warœus a publié un ouvrage qui n’est pas exempt de préjugés sur les écrivains qui ont illustré l’Irlande depuis le iv. siecle jusqu’au xvij. Il paroît assez vrai que les Saxons d’Angleterre, ont reçu des Irlandois leurs caracteres ou lettres, & conséquemment les sources de cette érudition profonde qui caractérise la nation Britannique, tandis que leurs maîtres vinrent à tomber dans une extrême décadence ; je juge cette décadence, parce que la vie de Gothescalque, moine de l’abbaye d’Orbais, faite par Ussérius en 1631, est le premier livre latin qu’on ait imprimé en Irlande ; mais aussi depuis lors le goût des Arts & des Sciences a repris faveur dans cette île, & y a jetté de belles & profondes racines. (D. J.)​","[[""51 20' N 7 10' E"", ""55 20' N 12 5' E""]]",,51 20' N 7 10' E 55 20' N 12 5' E,51 20' N 12 5' O | 55 20' N 7 10' O
v8-2880-0,ISLANDE,"ISLANDE, (Géog.)​ Islandia, grande île de l’océan septentrional, située entre la Norwege & le Groenland, au nord de l’Ecosse, & appartenante au roi de Dannemarc. La plûpart des auteurs qui ont parlé de l’Islande, nous en ont donné des notions très-peu exactes : suivant la derniere carte qui a été levée de cette île par les ordres du roi de Dannemarc, sa partie méridionale commence au 63 dégré 15 minutes de latitude, & sa partie la plus septentrionale va jusqu’au 67 dégré 12 minutes. Quant à sa longitude, elle est de 25 degrés à l’ouest du méridien de Lunden en Scanie ; par conséquent elle est plus orientale de quatre degrés, que toutes les cartes ne l’avoient placée jusqu’ici.


L’Islande est, à l’exception de la Grande-Bretagne, la plus grande des îles de l’Europe. Suivant M. Horrebow, sa longueur est de 120 mille danos ; quant a sa largeur elle varie, étant dans quelques endroits de 40, dans d’autres de 50 à 60 milles.


Les habitans de l’Islande professent la religion luthérienne, comme les autres sujets du roi de Dannemarc ; on compte deux évêchés dans cette île ; l’un est à Holum, & l’autre à Skalholt. Il n’y a proprement point de villes en Islande ; on donne ce nom aux endroits où l’on se rassemble pour le commerce : ce sont des villages sur le bord de la mer, composés de 40 ou 50 maisons. Bessested est le lieu où résident les officiers que la cour de Dannemarc envoye pour le gouvernement de l’île, & pour la perception de ses revenus ; le pays est partagé en différens districts que l’on appelle Syssel. Les habitations des Islandois sont éparses & séparées les unes des autres ; le commerce consiste en poissons secs, en viandes salées, en suif, en laine, en beurre, en peaux de brebis & de renards de différentes couleurs, en plumes, en aigledon, &c. C’est une compagnie privilégiée qui porte en Islande les marchandises dont on peut y avoir besoin.


L’Islande est remplie de montagnes fort élevées, qu’on nomme Joeklar ou Joekul en langage du pays. Voyez l’article Glacier. Elles sont perpétuellement couvertes de neiges, & leurs sommets sont glacés ; c’est ce qui, joint au froid rigoureux qu’on y sent,​a fait donner à cette île le nom qu’elle porte, qui signifie pays de glace. Quelques-unes de ces montagnes sont des volcans, & jettent des flammes en de certains tems ; le mont Hecla est sur-tout fameux par ses éruptions. Voyez Hecla. (Géogr.) L’Islande porte par-tout des marques indubitables des ravages que les éruptions des volcans y ont causés, par les laves, les pierres-ponces, les cendres & le soufre que l’on y rencontre à chaque pas. Les tremblemens de terre y sont très-fréquens, & tout semble annoncer que ce pays a souffert de terribles révolutions.


Un seigneur Norwégien nommé Ingolphe, s’étant mis à la tête de plusieurs de ses compatriotes, mécontens comme lui de la tyrannie de Harald roi de Norvége, passa en l’an 874 dans l’île d’Islande, & s’y établit avec sa colonie composée de fugitifs. Leur exemple fut bien-tôt suivi par un grand nombre d’autres Norwégiens, & depuis ce tems les Islandois ont conserve une histoire très-complette de leur île. Nous voyons que ces fugitifs y établirent une république qui se soutint vigoureusement contre les efforts de Harald & de ses successeurs ; elle ne fut soumise au royaume de Norwége, que quatre cent ans après, avec lequel l’Islande fut enfin réunie à la couronne de Dannemarc.


On a toûjours crû que l’Islande étoit l’ultima Thule des Romains ; mais un grand nombre de circonstances semblent prouver que jamais les anciens n’ont poussé leur navigation si loin dans le Nord.


L’Islande n’a reçû que fort tard la lumiere de l’Evangile ; Jonas fixe cette époque à l’an 1000. de l’ére chrétienne. Cette île a produit plusieurs auteurs célebres, dont les écrits ont jetté un très-grand jour sur l’histoire des peuples du Nord, & sur la religion des anciens Celtes qui habitoient la Scandinavie. De ce nombre sont Sæmund Sigfusson, qui naquit en 1057 ; Arc Frode, Snorro Sturleson, qui naquit en 1179, & qui après avoir rempli deux fois la dignité de juge suprème d’Islande, fut assassiné par une faction en 1241. C’est à lui qu’on est redevable de Ledda, ou de la mythologie islandoise, dont nous allons parler. Parmi les historiens on compte aussi Jonas Arngrim, Torfaeus, &c. La description qui nous a été donnée de l’Islande par M. Anderson, est très-peu fidele, elle n’a été faite, de l’aveu de l’auteur même, que sur les relations de personnes qui ne connoissoient ce pays que très-imparfaitement ; la description la plus moderne & la plus exacte, est celle qui a été publiée à Coppenhague en 1752, par M. Horrebow islandois de nation, & témoin oculaire de tout ce qu’il rapporte. (—)​


De l’Edda, ou de la Mythologie des Islandois. L’Edda est un livre qui renferme la Théologie, la Théogonie, & la Cosmologie des anciens Celtes Scandinaves, c’est-à-dire des peuples qui habitoient la Norwege, la Suede, le Danemarck, &c. Le mot d’Edda, signifie en langue gothique ayeule ; on l’appelle Edda des Islandois, parce que ce sont des auteurs islandois qui nous ont conservé ce morceau curieux de la Mythologie commune à toutes les nations septentrionales de l’Europe. Dès l’antiquité la plus reculée, les Celtes ont connu la Poésie ; leurs poëtes, qui s’appelloient Scaldes, faisoient des hymnes pour célébrer les dieux & les héros ; ces hymnes s’apprenoient par cœur ; c’étoit-là la seule maniere de transmettre à leur postérité les exploits de leurs ayeux & les dogmes de leur religion ; il n’étoit point permis de les écrire ; ce ne fut qu’après que l’Islande eût embrassé le Christianisme, qu’un auteur islandois, nommé Sæmund Sigfusson, écrivit l’Edda, pour conserver parmi ses compatriotes l’intelligence d’un grand nombre de poésies qui avoient été faites d’après une religion qu’ils venoient d’abandonner,​ mais dont les hymnes étoient encore dans la bouche de tout le monde. Il paroît que ce recueil de Sæmund s’est perdu ; il ne nous en reste que trois morceaux qui sont parvenus jusqu’à nous. 120 ans après Sæmund, un savant islandois, nommé Snorro Sturleson, d’une des familles les plus illustres de son pays, dont il remplit deux fois la premiere magistrature, donna une nouvelle Edda, moins étendue que la premiere ; dans laquelle il ne fit qu’extraire ce qu’il y avoit de plus important dans la Mythologie ancienne ; il en forma un système abrégé, où l’on pût trouver toutes les fables propres à expliquer les expressions figurées, rapportées dans les poésies de son pays. Il donna à son ouvrage la forme d’un dialogue ou entretien d’un roi de Suede à la cour des dieux. Les principaux dogmes de la Théologie des Celtes, y sont exposés, non d’après leurs philosophes, mais d’après leurs scaldes ou poëtes ; ce livre fait connoître les dieux que tout le Nord a adorés avant le Christianisme.


M. J. P. Resenius publia en 1665 à Coppenhague, le texte de l’Edda en ancien islandois ; il y joignit une traduction latine & une autre traduction danoise. Enfin, M. Mallet, professeur des Belles-Lettres françoises à Coppenhague, a publié en 1756, une traduction françoise de l’Edda des Islandois ; c’est un des monumens les plus curieux de l’antiquité ; il est dépouillé d’inutilités, & rédigé par un homme judicieux, savant, & philosophe ; l’Edda est à la suite de son introduction à l’histoire de Danemarck. Nous allons tirer de cet ouvrage intéressant les principaux points de la Mythologie des anciens Scandinaves.


Ils admettoient un dieu nommé Alfader ou Odin, qui vit toûjours, qui gouverne tout son royaume, & les grandes choses comme les petites ; il a créé le ciel & la terre ; il a fait les hommes, & leur a donné une ame qui doit vivre & qui ne se perdra jamais, même après que le corps se sera réduit en poussiere & en cendres. Tous les hommes justes doivent habiter avec ce dieu, d’abord dans un séjour appellé valhalla, & ensuite dans un lieu nommé gimle ou vingolf, palais d’amitié ; mais les méchans iront vers nela, la mort ; & de-là à niflheim, l’enfer, en-bas dans le neuvieme monde ; & ensuite après la destruction de l’univers dans un séjour appellé nastrand. Ce dieu avant que de former le ciel & la terre vivoit avec les géants ; un poeme ancien des peuples du Nord, appellé voluspa, dit de lui « au commencement du tems, lorsqu’il n’y avoit rien, ni rivage, ni mer, ni fondement au-dessous, on ne voyoit point de terre en-bas, ni de ciel en haut ; un vaste abyme étoit tout ; on ne voyoit de verdure nulle part ». Dieu créa niflheim, ou le séjour des scelérats, avant que de créer la terre. Au milieu de ce séjour funeste est une fontaine qui se nomme Huergelmar, d’où découlent les fleuves appellés l’angoisse, l’ennemi de la joie, le séjour de la mort, la perdition, le goufre, la tempête, le tourbillon, le rugissement, le hurlement, le vaste & le bruyant, qui coule près des grilles du séjour de la mort, qui s’appelloit Hela. Cette Hela avoit le gouvernement de neuf mondes, pour qu’elle y distribue des logemens à ceux qui lui sont envoyés, c’est-à-dire à tous ceux qui meurent de maladie ou de vieillesse ; elle possede dans l’enfer de vastes appartemens, défendus par des grilles ; sa salle est la douleur ; sa table est la famine ; son coûteau la faim ; son valet le retard ; sa servante la lenteur ; sa porte le précipice ; son vestibule la langueur ; son lit la maigreur & la maladie ; sa tente la malédiction : la moitié de son corps est bleue, l’autre moitié est revêtue de la peau & de la couleur humaine ; elle a un regard effrayant : mais avant toutes choses existoit​un lieu nommé muspelheim ; c’est un monde lumineux, ardent, inhabitable aux étrangers, situé à l’extrémité de la terre ; Surtur le noir y tient son empire ; dans ses mains brille une épée flamboyante ; il viendra à la fin du monde ; il vaincra tous les dieux, & livrera l’univers en proie aux flammes.


Ces morceaux tirés de l’Edda, font connoître quelle étoit l’imagination de ces anciens Celtes, & leurs idées sur la formation du monde & sur sa destruction, qui devoit entraîner les dieux & les hommes. On voit aussi que leurs dogmes tendoient à exciter le courage, puisqu’ils assignoient des places aux enfers pour ceux qui mouroient de vieillesse & de maladie ; quant à ceux qui périssoient dans les combats, ils alloient au sortir de ce monde dans un séjour nommé valhalla, ou le palais d’Odin, où ils passoient leur tems en festins & en batailles. Voyez Odin, & voyez Valhalla.


Suivant cette mythologie, il y avoit trois grands dieux ; Odin, qui s’appelloit le pere des dieux & des hommes, & de toutes les choses produites par sa vertu ; Frigga, la terre, étoit sa fille & sa femme, & il a eu d’elle le dieu Thor ; c’étoient-là les trois grandes divinités des peuples du Nord. Ils reconnoissoient outre cela plusieurs autres dieux subalternes ; Balder étoit le second fils d’Odin ; on croit que c’est Belenus ou le Soleil. Niord étoit le Neptune des Scandinaves ; il eut un fils & une fille nommés Frey & Freya ; le premier étoit le dieu qui présidoit aux saisons ; Freya étoit la déesse de l’Amour ou la Vénus des Celtes. Tyr, étoit le dieu de la guerre, très révéré par des peuples chez qui la valeur étoit la plus haute des vertus. Heimdall étoit un dieu puissant : on l’appelloit le gardien des dieux ; il défendoit le pont de Bifrost, c’est-à-dire, l’arc-en-ciel, pour empêcher les géants d’y passer pour aller attaquer les dieux dans le ciel. Le dieu Hœder étoit aveugle, mais extrèmement fort ; Vidar étoit un dieu puissant ; Vali ou Vile étoit fils d’Odin & de Rinda ; Uller étoit le gendre de Thor ; Forsete étoit fils de Balder ; c’étoit le dieu de la réconciliation, & il assoupissoit toutes les querelles.


Quelques-uns mettent Loke au rang des dieux ; mais il étoit fils d’un géant, & l’Edda l’appelle le calomniateur des dieux, l’artisan des tromperies, & l’opprobre des dieux & des hommes ; il paroît que les Scandinaves vouloient designer sous ce nom le diable ou le mauvais principe.


Les déesses dont il est fait mention dans l’Edda, sont Frigga, femme d’Odin, c’est la terre ; Saga Eira, déesse de la Medecine ; Gésione, déesse de la Chasteté ; Fylla, compagne & confidente de Frigga ; Freya, la déesse de l’Amour, à qui on donnoit aussi le nom de Vanadis, déesse de l’Espérance ; Siona, la déesse qui enflamme les amans les uns pour les autres ; Lovna réconcilie les amans brouillés ; Vara préside aux sermens & aux promesses des amans ; Vora déesse de la Prudence ; Synia est la gardienne de la porte du palais des dieux ; Lyna, délivre des dangers ; Snotra est la déesse de la Science ; Gna est la ménagere de Frigga ; Sol & Bil, étoient encore des déesses. Il y avoit outre cela les déesses nommées Valkyries : elles choisissoient ceux qui devoient avoir la gloire d’être tués dans les combats ; enfin, Jord & Rinda, sont aussi mises au rang des déesses. Outre ces déesses, chaque homme a une divinité qui détermine la durée & les évenemens de sa vie. Les trois principales sont Urd, le passé ; Werandi, le présent ; & Sculde, l’avenir.


Tous ces dieux & ces déesses passoient leur tems dans le séjour céleste à boire de l’hydromel, & à voir les combats des héros admis avec eux dans le Valhalla ; souvent ils alloient eux-mêmes chercher des​ avantures, dont quelquefois ils se tiroient très-mal ; ils combattoient des géants, des génies, des magiciens, & d’autres êtres imaginaires, dont cette mythologie est remplie.


L’Edda parle ensuite d’un tems appellé ragnarokur, ou le crépuscule des dieux : ce tems est annoncé par un froid rigoureux & par trois hivers affreux ; le monde entier sera en guerre & en discorde ; les freres s’égorgeront les uns les autres ; le fils s’armera contre son pere, & les malheurs se succéderont jusqu’à la chûte du monde. Un loup monstrueux nommé Fenris, dévorera le soleil ; un autre monstre emportera la lune ; les étoiles disparoîtront ; la terre & les montagnes seront violemment ébranlées ; les géants & les monstres déclarent la guerre aux dieux réunis ; & Odin lui-même finit par être dévoré. Alors le monde sera embrasé, & fera place à un séjour heureux appellé Gimle, le ciel, où il y aura un palais d’or pur : c’est-là que seront ceux d’entre les dieux qui auront survécu à la ruine du monde, & qu’habiteront les hommes bons & justes : pour les méchans, ils iront dans le Nastrande, bâtiment vaste, construit de cadavres de serpens, où coule un fleuve empoisonné, sur lequel flotteront les parjures & les meurtriers. D’où l’on voit que ces peuples distinguoient deux cieux, le Valhalla & le Gimle ; & deux enfers, Niftheim & Nastrande.


Les idées de ces peuples sur la formation de la terre & la création de l’homme, n’étoient pas moins singulieres que le reste de leur doctrine. Voici comme en parlent leurs poëtes : « dans l’aurore des siecles, il n’y avoit ni mer, ni rivage, ni zéphirs rafraîchissans ; tout n’étoit qu’un vaste abîme sans herbes & sans semences. Le soleil n’avoit point de palais ; les étoiles ne connoissoient point leurs demeures ; la lune ignoroit son pouvoir ; alors il y avoit un monde lumineux & enflammé du côté du midi ; de ce monde des torrens de feux étincelans s’écouloient sans cesse dans l’abîme qui étoit au septentrion, en s’éloignant de leur source, ces torrens se congeloient dans l’abîme, & le remplissoient de scories & de glaces. Ainsi l’abîme se combla ; mais il y restoit au-dedans un air léger & immobile, & des vapeurs glacées s’en exhaloient ; alors un soufle de chaleur étant venu du midi, fondit ces vapeurs, & en forma des goutes vivantes, d’où naquit le géant Ymer ». De la sueur de ce géant il naquit un mâle & une femelle, d’où sortit une race de géans méchans, ainsi que leur auteur Ymer. Il naquit aussi une autre race meilleure qui s’allia avec celle d’Ymer : cette race s’appella la famille de Bor, du nom du premier de cette famille, qui fut pere d’Odin. Les descendans de Bor tuerent le géant Ymer, & exterminerent toute sa race, à l’exception d’un de ses fils & de sa famille, qui échappa à leur vengeance ; les enfans de Bor formerent un nouveau monde du corps du géant Ymer ; son sang forma la mer & les fleuves ; sa chair fit la terre ; ses os firent les montagnes ; ses dents firent les rochers ; ils firent de son crâne la voûte du ciel ; elle étoit soutenue par quatre nains nommés Sud, Nord, Est, & Ouest ; ils y placerent des flambeaux pour éclairer cette voûte ; ils firent la terre ronde, & la ceignirent de l’Océan, sur les rivages duquel ils placerent des géans. Les fils de Bor se promenant un jour sur les bords de la mer, trouverent deux morceaux de bois flottans, dont ils formerent l’homme & la femme ; l’aîné des fils de Bor leur donna l’ame & la vie ; le second, le mouvement & la science ; le troisieme, la parole, l’ouie, la vûe, la beauté, & des vêtemens. Cet homme fut nommé Askus, & sa femme Embla ; tous les hommes qui habitent la terre en sont descendus.


La seconde partie de l’Edda, ou de la Mytholo-​gie islandoise, est remplie d’avantures merveilleuses, & de combats des dieux avec les géans. Ces détails sont suivis d’une espece de dictionnaire poétique, dans lequel les noms des dieux sont mis avec toutes les épithetes qu’on leur donnoit ; Snorro Sturleson l’avoit compilé pour l’usage des Islandois, qui se destinoient à la profession de scaldes ou de poëtes.


A l’égard des morceaux contenus dans l’Edda de Saemund Sigfusson, qui sont parvenus jusqu’à nous ; la premiere de ces pieces est un poëme appellé voluspa, c’est-à-dire l’oracle de Vola ; c’est un poëme de quelques centaines de vers qui contient le système de Mythologie qu’on a vu dans l’Edda des Islandois. Cet ouvrage est rempli de desordre & d’enthousiasme ; on y décrit les ouvrages des dieux, leurs fonctions, leurs exploits, le dépérissement de l’univers, son embrasement total, & son renouvellement, l’état heureux des bons, & les supplices des méchans.


Le second morceau est nommé havamal, ou discours sublime ; c’est la morale d’Odin qui l’avoit, dit-on, apportée de la Scythie sa patrie, lorsqu’il vint faire la conquête des pays du Nord ; on croit que sa religion étoit celle des Scythes, & que sa philosophie étoit la même que celle de Zamolxis, de Dicenaeus, & d’Anacharsis. Nous allons en rapporter les maximes les plus remarquables.


« L’hôte qui vient chez vous a-t-il les genoux froids, donnez-lui du feu : celui qui a parcouru les montagnes a besoin de nourriture & de vêtemens bien séchés.


» Heureux celui qui s’attire la louange & la bienveillance des hommes ; car tout ce qui dépend de la volonté des autres, est hasardeux & incertain.


» Il n’y a point d’ami plus sûr en voyage qu’une grande prudence ; il n’y a point de provision plus agréable. Dans un lieu inconnu, la prudence vaut mieux que les trésors ; c’est elle qui nourrit le pauvre.


» Il n’y a rien de plus inutile aux fils du siecle, que de trop boire de biere ; plus un homme boit, plus il perd de raison. L’oiseau de l’oubli chante devant ceux qui s’enyvrent, & dérobe leur ame.


» L’homme dépourvu de sens, croit qu’il vivra toûjours s’il évite la guerre ; mais si les lances l’épargnent, la vieillesse ne lui fera point de quartier.


» L’homme gourmand mange sa propre mort ; & l’avidité de l’insensé est la risée du sage.


» Aimez vos amis, & ceux de vos amis ; mais ne favorisez pas l’ennemi de vos amis.


» Quand j’étois jeune, j’étois seul dans le monde ; il me sembloit que j’étois devenu riche quand j’avois trouvé un compagnon ; un homme fait plaisir à un autre homme.


» Qu’un homme soit sage moderément, & qu’il n’ait pas plus de prudence qu’il ne faut ; qu’il ne cherche point à savoir sa destinée, s’il veut dormir tranquile.


» Levez-vous matin si vous voulez vous enrichir ou vaincre un ennemi : le loup qui est couché ne gagne point de proie, ni l’homme qui dort de victoires.


» On m’invite à des festins lorsque je n’ai besoin que d’un déjeuner ; mon fidele ami est celui qui me donne un pain quand il n’en a que deux.


» Il vaut mieux vivre bien, que long-tems ; quand un homme allume son feu, la mort est chez lui avant qu’il soit éteint.


» Il vaut mieux avoir un fils tard que jamais : rarement voit-on des pierres sépulcrales élevées sur les tombeaux des morts par d’autres mains que celles de leurs fils.​


» Les richesses passent comme un clin d’œil ; ce sont les plus inconstantes des amies. Les troupeaux périssent, les parens meurent ; les amis ne sont point immortels, vous mourrez vous-même : Je connois une seule chose qui ne meurt point, c’est le jugement qu’on porte des morts.


» Louez la beauté du jour, quand il est fini ; une femme, quand vous l’aurez connue ; une épée, quand vous l’aurez essayée ; une fille, quand elle sera mariée ; la glace, quand vous l’aurez traversée ; la biere, quand vous l’aurez bûe.


» Ne vous fiez pas aux paroles d’une fille, ni à celles que dit une femme ; car leurs cœurs ont été faits tels que la roue qui tourne ; la légereté a été mise dans leurs cœurs. Ne vous fiez ni à la glace d’un jour, ni à un serpent endormi, ni aux caresses de celles que vous devez épouser, ni à une épée rompue, ni au fils d’un homme puissant, ni à un champ nouvellement semé.


» La paix entre des femmes malignes est comme de vouloir faire marcher sur la glace un cheval qui ne seroit pas ferré, ou comme de se servir d’un cheval de deux ans, ou comme d’être dans une tempête avec un vaisseau sans gouvernail.


» Il n’y a point de maladie plus cruelle, que de n’être pas content de son sort.


» Ne découvrez jamais vos chagrins au méchant, car vous n’en recevrez aucun soulagement.


» Si vous avez un ami, visitez-le souvent ; le chemin se remplit d’herbes, & les arbres le couvrent bien-tôt, si l’on n’y passe sans cesse.


» Ne rompez jamais le premier avec votre ami ; la douleur ronge le cœur de celui qui n’a que lui-même à consulter.


» Il n’y a point d’homme vertueux qui n’ait quelque vice, ni de méchant quelque vertu.


» Ne vous moquez point du vieillard, ni de votre ayeul décrépit, il sort souvent des rides de la peau des paroles pleines de sens.


» Le feu chasse les maladies ; le chêne la strangurie ; la paille détruit les enchantemens ; les runes détruisent les imprécations ; la terre absorbe les inondations ; la mort éteint les haines ».


Telles étoient les maximes de la théologie & de la morale de ces peuples du Nord. On voit que l’une & l’autre étoit adaptée au génie d’un peuple belliqueux, dont la guerre faisoit les délices : il n’est donc pas surprenant qu’une nation nourrie dans ces principes, se soit rendue redoutable à toute la terre, & ait fait trembler les Romains mêmes, ces vainqueurs & ces tyrans du reste de l’univers. La crainte de l’opprobre dans ce monde, & des supplices reservés dans l’autre à ceux qui périssoient d’une mort naturelle ; la vûe de la gloire & du bonheur destinés à ceux qui mouroient dans les combats, devoient nécessairement exciter chez les Scandinaves, un courage à qui rien ne pouvoit résister. Un roi de Danemarck établit à Jomsbourg une république propre à former des soldats ; il y étoit défendu de prononcer le nom de la peur, même dans les plus grands dangers. Ce législateur réussit en effet à détruire dans les soldats le sentiment de la crainte. En effet, les Jomsbourgeois ayant fait une irruption en Norwege, furent vaincus, malgré leur opiniâtreté : leurs chefs ayant été faits prisonniers furent condamnés à la mort. Cette nouvelle loin de les allarmer, fut pour eux un sujet de joie ; & personne ne donna le moindre signe d’effroi. L’un d’eux dit à celui qui alloit le tuer, de le frapper au visage : je me tiendrai immobile, & tu observeras si je donne quelque signe de frayeur. Un roi des Goths mourut en chantant une hymne sur le champ de bataille, & s’écria à la fin d’une strophe, les heures de ma vie se sont envolées, je mourrai en riant. Un auteur de ce pays, parlant d’un com-​bat singulier, dit que l’un des combattans tomba, rit, & mourut. Le roi Regner Lodbrog, prêt à mourir de ses blessures s’écrie, nous nous sommes détruits à coups d’épées ; mais je suis plein de joie en pensant que le festin se prépare dans le palais d’Odin. Nous boirons de la biere dans les crânes de nos ennemis : un homme brave ne redoute point la mort ; je ne prononcerai point des paroles d’effroi en entrant dans la salle d’Odin. Enfin, l’histoire de ces peuples est remplie de traits qui prouvent le mépris de la vie & une joie sincere aux approches de la mort ; au contraire ils se lamentoient dans les maladies, par la crainte d’une fin honteuse & misérable ; & souvent les malades se faisoient porter dans la mêlée pour y mourir d’une façon plus glorieuse, & les armes à la main.


Il n’est point surprenant que la religion d’une nation si intrépide fût barbare & sanguinaire. L’histoire nous apprend que les peuples du Danemarck s’assembloient tous les neuf ans au mois de Janvier en Sélande dans un endroit appellé Lethra : là ils immoloient aux dieux 99 hommes, & autant de chevaux, de chiens, & de coqs. Les prêtres de ces dieux inhumains, issus d’une famille qu’on appelloit la race de Bor, étoient chargés d’immoler les victimes. Dans un tems de calamité les Suédois sacrifierent un de leurs rois, comme le plus haut prix dont ils pussent rachetter la faveur du ciel.


Ces peuples avoient leurs oracles, leurs devins, & leurs magiciens, qu’ils consultoient dans de certaines occasions. Odin étoit regardé comme le pere de la Magie & l’inventeur des caracteres runiques. Voyez Runiques.


Chez un peuple si intrépide le gouvernement absolu étoit ignoré, l’on y étoit fortement attaché à la liberté qui a toûjours été le partage des pays du Nord, tandis que l’asservissement a été celui des peuples énervés du Midi. Les nations du Nord avoient des lois dont plusieurs sont parvenues jusqu’à nous ; elles étoient très-séveres contre ceux qui fuyoient dans les combats ; ils étoient déclarés infâmes, exclus de la société, & même étouffés dans un bourbier.


Leurs idées de la justice étoient conformes aux maximes que l’on a vûes, & ils croyoient que les dieux se rangent du côté des plus forts. Une de leurs lois portoit, on décidera par le fer les démêlés, car il est plus beau de se servir de son bras que d’invectives dans les différends. Fondés sur cette maxime, ils se battoient dans toutes les occasions où nous plaidons actuellement : il paroît que c’est de ces peuples qu’est venu l’usage du combat judiciaire. C’étoit aussi d’après ces principes, qu’ils alloient faire des incursions & des pirateries chez tous leurs voisins : à la faveur de ces irruptions ils ont conquis plusieurs royaumes, & pillé un grand nombre de provinces. La piraterie étoit une ressource nécessaire à des hommes qui avoient un profond mépris pour les Arts & pour l’Agriculture.


Les peuples du Nord, malgré leur ardeur guerriere & la rigueur de leur climat, n’étoient point insensibles à l’amour ; ils avoient une très-grande vénération pour les femmes ; ils ne se marioient que tard, parce qu’ils ne vouloient épouser leurs maîtresses qu’après les avoir méritées. Une beauté norwégienne refusa de partager le lit d’un monarque, avant qu’il eût terminé une expédition périlleuse qu’il avoit commencée.


Le roi Regner Lodbrog essuya de semblables refus d’une simple bergere à qui il avoit présenté ses vœux & sa couronne. Aslanga, c’étoit le nom de la bergere, ne se rendit à ses desirs, qu’après qu’il fut revenu victorieux de son entreprise. Les femmes de ces guerriers méritoient bien d’être acquises à un très-haut prix ; elles excitoient les hom-​mes aux grandes choses, & elles étoient renommées par leur chasteté & leur fidélité. Suivant Tacite, chez elles on ne rioit point des vices, & l’on ne se justifioit point de ses intrigues amoureuses, sous prétexte de la mode. Voyez l’Introduction à l’histoire de Danemarck, par M. Mallet. (—)​","[[""63 15' N 25 W"", ""67 12' N 25 W""]]",['Lunden'],63 15' N 25 W 67 12' N 25 W,63 15' N 25 O | 67 12' N 25 O
v8-2881-6,"Isles du Cap-verd, les","Isles du Cap-verd, les, (Géog.)​ îles de l’Océan Atlantique, sur la côte occidentale d’Afrique, à l’ouest du cap dont elles prennent le nom. Les Géographes en comptent douze, dont la plus grande est Saint-Iago ; ce sont vraissemblablement les Gorgades de Pline : la connoissance s’en étoit perdue avec le​ tems, mais l’an 1460, Antoine Noli, Génois, au service du roi de Portugal, les retrouva, ou les découvrit au profit de cette couronne qui les a conservées. L’air y est très-chaud & mal-sain. Les Portugais y tiennent un vice-roi, qui fait sa résidence à Saint-lago. Long. 352-355, latit. 14-30 jusqu’au dix-neuvieme degré, selon la carte de la Barbarie, Nigritie & Guinée par M. Delisle. (D. J.)​","[[""14 30' N 352 E"", '19 N 355 E']]",,14 30' N 352 E 19 N 355 E,14 N 352 O | 30 N 355 O
v9-201-0,KAMTSCHATKA,"KAMTSCHATKA, (Géog.)​ grande presqu’isle au nord-est de l’Asie, entre un golfe du même nom & la mer du Japon, à l’extrémité orientale de l’empire Russien & de notre continent.


Ce pays, ainsi nommé par les Russiens dans la grande carte de leur empire, semble être le même, selon Kœmpfer, que celui que les Japonois appellent oku-Jéso (le haut Jéso), dont ils ne savent presque rien, excepté que c’est un pays.


Suivant les meilleurs descriptions que les Russiens en ayent pu donner, c’est une presqu’isle située entre les 150 & les 170 degrés de longitude, & 41 & 60 de latitude au nord du Japon.


Elle est contiguë au nord à la Sibérie, & s’étend jusqu’au cap Suétinos, qui est le dernier de la Sibérie au nord-est ; mais la mer la baigne au sud, à l’est & à l’ouest. Elle est habitée par diverses nations, dont celles qui occupent environ le milieu, payent tribut aux Russes ; au lieu que celles qui demeurent plus au nord, & en particulier les Olutorski (nom qu’on leur donne dans la carte de Russie), en sont les ennemis déclarés. Les Kurilski ou Kurilis qui demeurent plus au sud, étant moins barbares que les autres, sont regardés par les Russes comme une colonie des Japonois.


Le commerce entre la Sibérie & Kamtschatka se​ fait par deux routes différentes. Quelques-uns traversent le golfe de Kamtschatka, qui sépare ce pays de la grande Tartarie & de la Sibérie, à près de 58 degrés de latitude, & ils s’embarquent d’ordinaire à Lama, où les Russiens ont commencé à bâtir de grands vaisseaux pour passer à Pristan, ville qu’ils ont établie dans le Kamtschatka, & qui est habitée par une colonie russienne ; mais les habitans de la Sibérie qui demeurent aux environs du fleuve Lena, & le long de la mer Glaciale, font d’ordinaire par mer le tour du cap Sucotoinos, pour ne point tomber entre les mains des Tskalatzki & Tschatzki, deux nations cruelles & barbares qui habitent la pointe de la Sibérle au nord-est, & qui sont ennemies mortelles des Russes.


Par cette description il paroît qu’il y a un détroit qui sépare Kamtschatka du Japon, suivant les relations des Russes. Il y a dans ce détroit plusieurs petites isles, dont la principale est appellée Matmanska dans une carte publiée depuis 1730 par J. B. Homann, & cette isle pourroit bien être la même que le Matzumai de quelque cartes japonoises.


Il semble aussi qu’il n’est plus douteux, par les belles découvertes des Russes en 1731, qu’il n’y ait au nord du Japon un passage libre pour aller par mer au Kamtschatka ; qu’en suivant la côte on ne parvienne à un détroit qui joint la mer du sud à la mer Glaciale, & dont la partie la plus étroite, qui n’a pas plus de 40 lieues de large, se trouve sous le cercle polaire ; qu’enfin à l’est de ce continent, on ne trouve une terre qui, selon le rapport des habitans, fait une partie du grand continent, abondant en fourrures, & que, selon les apparences, il appartient à l’Amérique septentrionale.


Si toutes ces choses sont vraies, il y a longtems que la Géographie n’avoit fait un si grand pas vers la connoissance desirée du globe terrestre. (D. J.)​","[['41 N 150 E', '60 N 170 E']]",,41 N 150 E 60 N 170 E,41 N 150 E | 60 N 170 E
v9-354-0,KHESELL (le) ou KHESILL,"KHESELL (le) ou KHESILL, Géog​. grande riviere d’Asie dans la Tartarie, au pays des Usbecs ; elle a sa source dans les montagnes qui séparent les états du grand khan des Calmoucks de la grande Boukarie, vers les 43 deg. de latitude & les 96 deg. 30′ de longitude, & se dégorgeoit autrefois dans la mer Caspienne, à 40d30′ de latit. mais depuis 1719 elle n’a plus de communication​ avec la mer Caspienne ; elle porte ses eaux dans le lac d’Arall. (D. J.)​","[[""43 N 96 30' E""], [""40 30' N""]]",,43 N 96 30' E | 40 30' N,43 N 96 30' E | 40 30' N
v9-612-5,Lac supérieur,"Lac supérieur, (Géog.)​ lac immense de l’Amérique septentrionale, au Canada. On l’a vraissemblablement ainsi nommé, parce qu’il est le plus septentrional des lacs de la Nouvelle France. C’est le plus grand que l’on connoisse dans le monde. On peut le considérer comme la source du fleuve de S. Laurent. On lui donne 200 lieues de l’est à l’ouest, environ 80 de large du nord au sud, & 500 de circuit. Son embouchure dans le lac Huron, est au quarante-cinquieme degré 28 minutes de latitude ; il se décharge par un détroit de 22 lieues de longueur. (D. J.)​​","[[""45 28' N""]]",,45 28' N,45 28' N
v9-662-0,"LADOGA, lac","LADOGA, lac, (Géogr.)​ grand lac de l’empire Russien, entre la Carélie au nord, l’Ingrie & la province de Novogrod au midi. Il se forme de quantité de rivieres, & se décharge dans le golfe de Finlande, par un canal que l’on nomme la Niewa ou la Nie, sur lequel la ville de S. Pétersbourg est située. Il a environ 160 werstes ou milles de Moscovie en sa longueur du nord au sud, entre 60d & 51d60′. de latit. & environ 105 werstes de largeur d’occident en orient, entre 41d. 39′. & 51. 20. de long. Ce lac le plus grand de l’Europe est extrêmement fertile en saumons & un petit poisson gros comme le hareng, nommé le ladog, d’où le lac a tiré son nom. (D. J.)​","[[""51 60' N 41 39' E"", ""60 N 51 20' E""]]",,51 60' N 41 39' E 60 N 51 20' E,60 N 41 39' E | 51 60' N 51 20' E
v9-738-0,LALAND,"LALAND, Lalandia, (Géog.)​ petite île du royaume de Danemark, dans la mer Baltique ; elle est très-fertile en blé. Elle n’a aucune ville, mais seulement quelques lieux fortifiés, comme Naxchow, Parkoping, Nysted. Cette île a huit milles d’orient en occident, & cinq du nord au sud. Longit. 29. 20-55. lat. 54. 48-53. (D. J.)​","[[""54 48' N 29 20' E"", ""54 53' N 29 55' E""]]",,54 48' N 29 20' E 54 53' N 29 55' E,"54 48' 53"" N 29 20' 55"" E"
v9-786-0,LAMPANGUY,"LAMPANGUY, (Géog.)​ montagne de l’Amérique méridionale auprès de la Cordeliere, à 80 lieues de Valparaiso, sous le 31 degré de latitude. Frézier dit qu’on y a découvert en 1710 plusieurs mines d’or, d’argent, de fer, de plomb, de curvre & d’étain ; il ajoûte que l’or de Lampanguy est de 21 à 22 carats ; mais aucune des mines de Frezier n’a produit de grandes richesses jusqu’à ce jour. (D. J.)​",[['31 S']],,31 S,31 S
v9-1508-0,LIECHTENAW,"LIECHTENAW, (Géog.)​ nom de deux petites villes, l’une dans la basse Alsace, au-delà du Rhin, entre Strasbourg & Bâle. Long. 26. 40. lat. 48. 43.


L’autre petite ville de ce nom est dans la Franconie, sur la riviere de Berzel, à deux lieues d’Anspach ; mais elle appartient à la ville de Nuremberg. Long. 28. 1. lat. 49. 15.","[[""48 43' N 26 40' E""], [""49 15' N 28 1' E""]]",,48 43' N 26 40' E | 49 15' N 28 1' E,48 43' N 26 40' E | 49 15' N 28 1' E
v9-2313-0,MADAGASCAR,"MADAGASCAR, (Géogr.)​ île immense sur les côtes orientales d’Afrique. Sa longit. selon Harris, commence à 62d1′15″. Sa latit. méridionale tient depuis 12d12′ jusqu’à 25d10′, ce qui fait 336 lieues françoises de longueur. Elle a 120 lieues dans sa plus grande largeur, & elle est située nord-nord-est & sud-sud-ouest. Sa pointe au sud s’élargit vers le cap de Bonne-Espérance ; mais celle du nord, beaucoup plus étroite, se courbe vers la mer des Indes. Son circuit peut aller à 800 lieues, en sorte que c’est la plus grande île des mers que nous connoissions.


Elle a été visitée de tous les peuples de l’Europe qui navigent au-delà de la ligne, & particulierement des Portugais, des Anglois, des Hollandois, & des François. Les premiers l’appellerent l’île de Saint-Laurent, parce qu’ils la découvrirent le jour de la fête de ce saint en 1492. Les autres nations l’ont nommée Madagascar, nom peu différent de celui des natuels du pays, qui l’appellent Madécasse.


Les anciens Géographes l’ont aussi connue, quoique plus imparfaitement que nous. La Cerné de Pline est la Menuthias de Ptolomée, qu’il place au 12d30′ de latit. sud, à l’orient d’été du cap Prassum. C’est aussi la situation que nos cartes donnent à la pointe septentrionale de Madagascar. D’ailleurs, la description que l’auteur du Périple fait de sa Ménuthias, convient fort à Madagascar.


Les François ont eu à Madagascar plusieurs habitations, qu’ils ont été obligés d’abandonner. Flacourt nous a fait l’histoire naturelle de cette île qu’il n’a jamais pû connoître, & Rennefort en a forgé le roman.


Tout ce que nous en savons, se réduit à juger qu’elle se divise en plusieurs provinces & régions, gouvernées par diverses nations, qui sont de différentes couleurs, de différentes mœurs, & toutes plongées dans l’idolatrie ou dans les superstitions du mahométisme.


Cette île n’est point peuplée à proportion de son étendue. Tous les habitans sont noirs, à un petit nombre près, descendans des Arabes qui s’emparerent d’une partie de ce pays au commencement du quinzieme siecle. Les hommes y éprouvent toutes les influences du climat ; l’amour de la paresse & de la sensualité. Les femmes qui s’abandonnent publiquement, n’en sont point deshonorées. Les gens du peuple vont presque tout nuds ; les plus riches n’ont que des caleçons ou des jupons de soie. Ils n’ont​aucunes commodités dans leurs maisons, couchent sur des nattes, se nourrissent de lait, de riz, de racines & de viande presque crue. Ils ne mangent point de pain qu’ils ne connoissent pas, & boivent du vin de miel.


Leurs richesses consistent en troupeaux & en pâturages, car cette île est arrosée de cent rivieres qui la fertilisent. La quantité de bétail qu’elle produit est prodigieuse. Leurs moutons ont une queue qui traîne de demi-pié par terre. La mer, les rivieres & les étangs fourmillent de poisson.


On voit à Madagascar presque tous les animaux que nous avons en Europe, & un grand nombre qui nous sont inconnus. On y cueille des citrons, des oranges, des grenades, des ananas admirables ; le miel y est en abondance, ainsi que la gomme de tacamahaca, l’encens & le benjoin. On y trouve du talc, des mines de charbon, de salpètre, de fer ; des minéraux de pierreries, comme crystaux, topases, améthystes, grenats, girasoles & aigues-marines. Enfin, on n’a point encore assez pénétré dans ce vaste pays, ni fait des tentatives suffisantes pour le connoître & pour le décrire.","[['12 12\' S  62 1\' 15"" E', '25 10\' S 62 1\' 15"" E']]",,"12 12' S  62 1' 15"" E 25 10' S 62 1' 15"" E","12 12' S 62 1' 15"" E | 25 10' S 62 1' 15"" E | 12 30' S 62 1' 15"" E"
v9-2322-0,MADIA val,"MADIA val, (Géog.)​ ou MAGIA, & par les Allemands Meynthal, pays de la Suisse, aux confins du Milanès ; c’est le quatrieme & dernier bailliage des douze cantons en Lombardie. Ce n’est qu’une longue vallée étroite, serrée entre de hautes montagnes, & arrosée dans toute sa longueur par une riviere qui lui donne son nom. Le principal endroit de ce bailliage, est la ville ou bourg de Magia. Les baillis qui y sont envoyés tous les deux ans par les cantons, y ont une autorité absolue pour le civil & pour le criminel. Lat. du bourg de Magia, 45. 56. (D. J.)​","[[""45 56' N""]]",,45 56' N,45 56' N
v9-2346-0,MAELSTROM,"MAELSTROM, (Géogr.)​ espece de goufre de l’Océan septentrional sur la côte de Norwege ; quelques-uns le nomment en latin umbilicus maris. Il est entre la petite île de Wéro au midi, & la partie méridionale de l’île de Loffouren au nord, par les 68, 10 à 15 minutes de latitude, & le 28e degré de longitude. Ce goufre, que plusieurs voyageurs nous peignent de couleurs les plus effrayantes, n’est qu’un courant de mer, qui fait grand bruit en montant tous les jours durant six heures, après lesquelles il est plus calme pendant le même espace de tems ; tant que ce calme dure, les petites barques peuvent aller d’une île à l’autre sans danger. Le bruit que fait ce courant est vraissemblablement causé par de petites îles ou rochers, qui repoussent les vagues tantôt au septentrion, tantôt au midi ; de maniere que ces vagues paroissent tourner en rond. (D. J.)​","[[""68 10' N 28 E"", ""68 15' N 28 E""]]",,68 10' N 28 E 68 15' N 28 E,68 10 à 15' N 28 E
v9-2429-0,MAHA,"MAHA, (Géogr.)​ peuple errant de l’Amérique septentrionale, dans la Louisiane, au nord du Missouri & des habitations les plus septentrionales des Padoucas, par les quarante-cinquieme de lat. septentrionale, & à deux cens lieues de l’embouchure du Missouri dans le Mississipi.",[['45 N']],,45 N,45 N
v10-120-1,Manille,"Manille, (Géogr.)​ ville forte des Indes, capitale de l’île de Luçon, & la seule ville de cette île, avec un bon château, un havre magnifique, & un archevêché. On y jouit presque toujours d’un équinoxe perpétuel, car la longueur des jours ne differe pas de celle des nuits d’une heure pendant toute l’année, mais la chaleur y est excessive.


Cette ville, qui appartient aux Espagnols, est située au pié d’une file de montagnes sur le bord oriental de la baie de Luçon. Les maisons y sont presque toutes de bois, à cause des tremblemens de terre. On y compte environ trois mille habitans, tous nés de l’union d’espagnols, d’indiens, de chinois, de malabares, de noirs & d’autres.


Les femmes de distinction s’habillent à l’espagnole, & elles sont rares ; toutes les autres n’ont pas besoin de tailleurs : elles s’attachent de la ceinture en bas un morceau de toile peinte qui leur sert de jupe, tandis qu’un morceau de la même toile leur sert de manteau. La grande chaleur du pays les dispense de porter des bas & des souliers.


On permet aux Portugais de négocier à Manille, mais les Chinois y font la plus grande partie du commerce. Long. selon Lieutaud, 137. 51′. 30″. latit. 14. 30. Selon les Espagnols long. 138. 59′. 45″. lat. 14. 16.","[['alt'], ['14 30\' N 137 51\' 30"" E'], ['14 16\' N 138 59\' 45"" E']]",,"alt | 14 30' N 137 51' 30"" E | 14 16' N 138 59' 45"" E","14 30' N 137 51' 30"" E | 14 16' N 138 59' 45"" E"
v10-240-6,"Marc d’Apalache, saint","Marc d’Apalache, saint (Géog.)​ baie, riviere & fort de l’Amerique dans la Floride Espagnole, lat. 30. 25.","[[""30 25' N""]]",,30 25' N,30 25' N
v10-274-0,MARDARA,"MARDARA (Géogr. anc.)​ Ptolomée nomme deux villes de ce nom. 1°. Une ville du Pont-Cappadocien, longit. 71. 30. lat. 43. 40. 2°. Une ville de la petite Arménie. Longit. 69. 6. lat. 39. 40. (D. J.)​","[[""43 40' N 71 30' E""], [""39 40' N 69 6' E""]]",,43 40' N 71 30' E | 39 40' N 69 6' E,43 40' N 71 30' E | 39 40' N 69 6' E
v10-1068-0,"MÉROÉ, île de","MÉROÉ, île de, (Géog. anc.)​ île ou plutôt presqu’île de la haute Egypte. Ptolomée, l. IV. c. viij. dit qu’elle est formée par le Nil qui la baigne à l’occident, & par les fleuves Astape & Astaboras qui la mouillent du côté de l’orient. Diodore & Strabon donnent à cette île 120 lieues de longueur sur 40 de large, & à la ville de Méroé 16 degrés 30′ de latitude septentrionale.


Il n’y a rien de plus célebre dans les écrits des anciens que cette île de Méroé, ni rien de plus difficile à trouver par les modernes. Si ce que les anciens en ont raconté est véritable, cette île pouvoit mettre en armes deux cens cinquante mille hommes, & nourrir jusqu’à quatre cens mille ouvriers. Elle renfermoit plusieurs villes, dont la principale étoit celle de Méroé qui servoit de résidence aux reines ; je dis aux reines, parce qu’il semble que c’étoient des femmes qui régnoient dans ce pays-là, puisque l’histoire en cite trois de suite, & toutes ces trois s’appelloient Candace : Pline nous apprend que depuis long-tems ce nom étoit commun aux reines de Méroé.


Mais la difficulté de trouver cette île dans la Géo-​graphie moderne, est si grande, que le pere Tellez, jésuite, & autres, se sont laissé persuader qu’elle étoit imaginaire ; cependant le moyen de révoquer en doute son existence, après tous les détails qu’en ont fait les anciens ? Pline rapporte que Simonide y a demeuré cinq ans, & qu’après lui, Aristocréon, Bion & Basilis, ont décrit sa longueur, sa distance de Syene & de la mer Rouge, sa fertilité, sa ville capitale, & le nombre des reines qu’elle a eu pour souveraines. Ludolf, sans avoir mieux réussi que le pere Tellez à trouver cette île, n’a pas douté néanmoins qu’elle n’existât.


Les peres Jésuites qui ont été en Ethyopie, semblent convaincus que l’île de Méroé n’est autre chose que le royaume de Gojam, qui est presque tout entouré de la riviere du Nil, en forme de presqu’île ; mais cette presqu’île qui fait le royaume de Gojam est formée par le Nil seul ; point d’Astape, point d’Astaboras, je veux dire, aucune riviere que l’on puisse supposer être l’Astape & l’Astaboras, ce qui est contre la description que les anciens en ont faite. Ajourez que la ville de Méroé, capitale du pays, étoit placée entre le 16 & le 17 degré de latitude septentrionale, & le royaume de Gojam ne passe pas le 13 degré.


L’opinion de M. de Lisle est donc la seule vraissemblable. Il conjecture que l’île de Méroé des anciens est ce pays qui est entre le Nil & les rivieres de Tacaze & de Dender, & il établit cette conjecture par la situation du pays, par les rivieres qui l’arrosent, par son étendue, par sa figure, & par quelques autres singularités communes à l’île de Méroé, & au pays en question. Voyez-en les preuves dans les Mém. de l’acad. des Sc. ann. 1708. Je remarquerai seulement que la riviere de Tacaze a bien l’air d’être en effet l’Astaboras des anciens, & le Donder d’être l’Astape, parce qu’il n’y a que ces deux rivieres, au-moins de quelque considération, qui entrent immédiatement dans le Nil du côté de l’orient. (D. J.)​","[[""16 30' N""]]",,16 30' N,16 30' N | 16 N | 17 N | 13 N
v10-1297-0,MICHIGAN,"MICHIGAN, (Géog.)​ grand lac de l’Amérique septentrionale, dans la nouvelle France ; ce lac s’étend du nord au sud depuis les 49 30 de lat. nord, jusqu’au 41 45. Sa largeur moyenne est de 33 ou 34 lieues ; son circuit peut avoir 300 lieues.","[[""41 45' N"", ""49 30' N""]]",,41 45' N 49 30' N,49 30' N | 41 45' N
v10-1639-0,MOINGONA,"MOINGONA, (Géog.)​ grande riviere de l’Amérique septentrionale, dans la Louisiane. Elle​ prend sa source au midi du pays des Tintons ; & après un cours de près de cent lieues, elle se décharge dans le Mississipi, vers les 40. 35. de latit. nord, à 40 lieues au-dessus de l’embouchure du Missouri. (D. J.)​","[[""40 35' N""]]",,40 35' N,40 35' N
v10-1660-0,MOLDAVIE,"MOLDAVIE, Moldavia, (Géog.)​ contrée d’Europe, autrefois dépendante du royaume d’Hongrie, aujourd’hui principauté tributaire du turc. C’est proprement la Valaquie supérieure, qui a pris du fleuve Molda, le nom qu’elle porte aujourd’hui.


Elle est bornée au nord par la Pologne, au couchant par la Transylvanie, au midi par la Valaquie, & à l’orient par l’Ukraine. Elle est arrosée par le Pruth, par le Moldà, & par le Bardalach. Jassy en est le lieu principal.


La Moldavie a eu autrefois ses ducs particuliers, dépendans ou tributaires des rois de Hongrie. On les appelloit alors communément myrtzas, ou waivodes ; myrtza signifie fils du prince, & waivode, homme du roi, gouverneur. Les chefs de Valaquie & de Moldavie, s’étant soustraits de l’obéissance des rois de Hongrie, prirent des Grecs le nom de despotes, qui étoit la premiere dignité après celle de l’empereur. On leur donna dans la suite le nom de hospodars, ou de palatins.


En 1574, Sélim II. soumit la Moldavie ; & sous Mahomet III. ce pays, de même que la Valaquie, secoua le joug des Ottomans. Mais depuis 1622, les waivodes de Moldavie sont devenus dépendans des Turcs & leurs tributaires. Long. de ce pays 43. 10-47. lat. 45. 10. 49. (D. J.)​","[[""45 10' N 43 10' E"", '49 N 47 E']]",,45 10' N 43 10' E 49 N 47 E,"45 10' 49"" N 43 10' E | 45 10' 49"" N 47 E"
v10-2283-1,Munster,"Munster, (Géog.)​ ville fortifiée d’Allemagne, au cercle de Westphalie, capitale de l’évêché auquel elle a donné le nom.


On appelle aujourd’hui cette ville en latin Monasterum, mais l’ancien nom étoit Mimigardevordia ; son origine dans le onzieme siecle a commencé par un monastere, & elle a un grand nombre d’hommes & de femmes dans son enceinte. On sait comment Munster tomba dans le seizieme siecle entre les mains du fanatique Jean de Leyde, dont le vrai nom étoit Jan Bocolde, & l’on sait également son supplice en 1536. Munster voulut depuis être regardée ville impériale, mais Jean de Galen son évêque, la soumit en 1661, à reconnoître l’autorité de ses prélats. Ce fut dans Munster en 1648 que fut reglé le traité de paix, qu’on nomme aussi le traité d’Osnabrug, & d’un commun nom le traité de Westphalie.


Cette ville est sur la petite riviere d’Aa, qui la traverse, à 7 milles d’Osnabrug, 12 de Paderborn, 15 de Cassel, 18 de Cologne, 22 de Brême, 34 d’Amsterdam. Long. selon Lieutaud, 25. 20. 30. lat. 52. Long. selon Street, 20. 12. 50. lat. 52.


Mallinckrot (Bernard) natif de Munster, s’est fait connoître par des ouvrages assez estimés, & par des brigues qui lui furent fatales. Il étoit doyen de cette ville, aspiroit à l’evêché, & ne l’ayant pas obtenu, il suscita des troubles contre le nouvel évêque. Celui-ci le fit arrêter, & conduire dans un château sous bonne garde, après lui avoir ôté son doyenné. Il mourut dans ce château en 1664. Avant sa détention, il avoit mis au jour en latin, un traité sur l’invention & le progrés de l’Imprimerie ; un autre livre sur la nature & l’usage des lettres ; & un troisieme sur les chanceliers de la cour de Rome, & les archichanceliers de l’Empire. (D. J.)​","[['alt'], ['52 N 25 20\' 30"" E'], ['52 N 20 12\' 50"" E']]",,"alt | 52 N 25 20' 30"" E | 52 N 20 12' 50"" E","52 N 25 20' 30"" E | 52 N 20 12' 50"" E"
v11-176-1,Natal,"Natal, (Géog.)​ pays d’Afrique dans la Cafrerie, situé entre le 31. 30. 28. Ses habitans demeurent les uns dans des cavernes ou trous de rochers, les autres dans de petites maisons, qui sont si serrées & si bien couvertes de roseaux ou de branches d’arbres, que les vents & la pluie ne sauroient y pénétrer. Les Hottentots sont leurs voisins au sud.


Le pays de Natal est borné au nord par la riviere della Goa qui est navigable ; il est borné à l’est par la mer des Indes ; mais on ne sait pas encore jusqu’où il s’étend à l’ouest. Le quartier qui regarde la mer est un pays de plaines & de forêts. On n’y manque pas d’eau, parce que les montagnes fournissent une quantité de petits ruisseaux qui se joignent ensemble, & forment la riviere de Natal. Les savanes y sont couvertes d’herbes fort épaisses.


Entre les animaux terrestres, on y voit des tigres, des éléphans, des bufles, des bœufs, des vaches montagnardes & des bêtes fauves. Les éléphans y fourmillent. La volaille y abonde en canards sauvages & domestiques, sarcelles, cocqs, poules, outre une infinité d’oiseaux qui nous sont inconnus. La mer & les rivieres sont extrèmement poissonneuses ; mais les habitans ne prennent guere que des tortues.


Les naturels de ce pays sont déja différens des Hottentots ; ils sont beaucoup moins mal-propres & moins laids. Ils sont aussi naturellement plus noirs ; ils ont les cheveux crépus, le visage en ovale, le nez plat de naissance, à ce que dit Kolbe, & les dents blanches ; mais ils ont aussi un peu de goût pour la graisse, car ils portent des bonnets élevés de huit à dix pouces & faits de suif de bœuf. Ils cultivent la terre, y sement une espece de blé-de-turquie dont ils font leur pain.


Les hommes vont presque tous nuds, ainsi que les femmes. Lorsqu’il pleut, ils jettent sur leurs épaules un simple cuir de vache, dont ils se couvrent comme d’un manteau. Ils boivent du lait aigri pour se desaltérer.


Il est permis à chaque homme d’avoir autant de femmes qu’il en peut entretenir ; mais il faut qu’il les achete, puisque c’est la seule marchandise qu’on achete & qu’on vende dans la terre de Natal. On donne des vaches en troc pour des femmes ; de sorte que le plus riche est celui qui a le plus de filles ou de sœurs à marier.


Ils demeurent ensemble dans de petits villages composés de familles toutes alliées les unes aux autres. C’est ainsi qu’ils vivent dans l’innocence de la nature, en se soumettant volontiers au plus âgé d’entr’eux, lequel les gouverne tous. Voyez de plus grands détails dans les voyages de Dampierre. (D. J.)​​","[['28 S', ""31 30' S""]]",,28 S 31 30' S,31 S | 30 S | 28 S
v11-532-0,"NICOBAR, ou NICOUBAR, NIACBAR, NICOUBARS","NICOBAR, ou NICOUBAR, NIACBAR, NICOUBARS, (Géogr.)​ îles des Indes à l’entrée du golfe de Bengale, & qui s’étend depuis le 7 jusqu’au 8e degré de latit. septent. Ces îles prennent leur nom de la principale de toutes, dont nous allons parler.


L’île Nicobar est à 30 lieues d’Achem, à 7d. 30′. de latit. septent. & c’est celle où vont mouiller les vaisseaux qui vont aux Indes. Elle peut avoir 10 lieues de long, sur trois ou quatre de large. Elle est​remplie de grands arbres, & en particulier de cacaotiers qui semblent ne former qu’un seul bocage. Il n’y a que les côtes de l’île qui soient habitées. Les Nicobarois y demeurent dans les baies proche la mer ; la terre n’est point défrichée plus avant dans le pays. Les hommes s’occupent principalement à la pêche avec leurs canots qui vont à la rame comme à la voile, & qui peuvent contenir 30 hommes.


Les naturels des iles Nicobar sont d’une couleur jaunâtre, basanée, & vont presque nuds ; ils sont grands & assez bien proportionnées, ils ont les cheveux noirs & lisses ; le visage alongé & le nez d’une grandeur médiocre. Ils sont d’excellens nageurs : leur langage leur est particulier. Les femmes n’ont point de sourcils, parce qu’apparemment elles se les arrachent.


Ils ne sont point divisés en castes ou tribus comme les peuples de Malabar & de Coromandel. On ne sait rien de leur religion, & le petit nombre d’Européens qui ont osé aborder dans cette île, n’ont découvert aucun monument public qui soit consacré à un culte religieux. Les Nicobarois passent pour être des gens cruels ; ils se nourrissent de fruits, de poissons & de racines ; car il ne croît ni blé, ni ris, ni autre sorte de grains dans leurs îles. Ils trafiquent de leurs poules & de leurs cochons, lorsque quelques vaisseaux partent : ils vendent aussi leurs perroquets qui sont fort estimés dans l’Inde, parce qu’il n’y en a point qui parlent si distinctement. Voyez de plus grands détails dans le P. de Charlevoix, les Lettres édifiantes ; Kœmpfer, Histoire du Japon ; & Dampier, Voyage autour du monde. (D. J.)​","[['7 N', '8 N']]",,7 N 8 N,7 N | 8 N | 7 30' N
v11-1211-0,ŒLAND,"ŒLAND, (Géog.)​ île considérable de la mer Baltique, sur la côte de Suede, le long de la province de Smaland. Borckholm en est la capitale. Long. 34. 48.-35. 45. lat. 56. 12.-57. 24.


Œland signifie l’île du Foin. Elle a un peu plus de quinze lieues suédoises de longueur, mais elle est fort étroite ; sa côte occidentale n’a que la capitale, mais l’orientale est fort peuplée. (D. J.)​","[[""56 12' N 34 48' E"", ""57 24' N 35 45' E""]]",,56 12' N 34 48' E 57 24' N 35 45' E,56 12' N 34 48' E | 57 24' N 35 45' E
v11-1880-0,OSORNO,"OSORNO, (Géog.)​ ville de l’Amérique méridionale au Chili, sur la rive septentrionale de Rio-Bueno à 15 lieues de Baldivia. Long. 306. 32. latit. méridiona e 40. 40. &, selon de Noort, par les 42d. de latit. méridionale.","[['alt'], [""40 40' S 306 32' E""], [""42 S 306 32' E""]]",,alt | 40 40' S 306 32' E | 42 S 306 32' E,40 40' S 306 32' O | 42 S 306 32' O
v11-1928-0,OSTIAQUES,"OSTIAQUES, (Géog.)​ peuple d’Asie dans la Sibérie, aux environs de l’Oby, d’où il s’étend jusqu’au Jénisca qui le termine à l’E. Il est borné au N. par le cercle polaire, & au S. par les Calmoucks. Il fait partie de la Tartarie russienne.


Les Ostiaques habitent sous le 60 degré de latitude. Ils sont petits & mal faits ; ils vivent de poisson ou de viande crue ; ils mangent la chair de toutes les especes d’animaux sans aucun apprêt ; ils boivent plus volontiers du sang que de l’eau ; ils sont idolâtres, & errans comme les Lapons & les Samoyédes. Ils ne veulent pour femmes que des filles qui ont eu commerce avec d’autres hommes, &c.


Cet exposé n’est qu’un échantillon des usages & de la stupidité de ce peuple. On trouvera de plus grands détails dans les mémoires sur l’état de la Russie, imprimés à Amsterdam en 1725. On dit qu’on a amené plusieurs de ces idolâtres à la connoissance de l’Evangile sur la fin du regne de Pierre le grand. (D. J.)​ Voyez Ostiaques.",[['60 N']],,60 N,60 N
v11-2327-0,PALESTINE,"PALESTINE, (Géogr. mod.)​ la Palestine, ou la Terre-sainte, ou le pays de Chanaan, est un pays d’Asie, aujourd’hui soumis à la Porte Ottomane ; il est sec, désert, entierement dépeuplé, & d’ailleurs couvert par-tout de rochers arides : sans doute qu’il étoit aussi cultivé qu’il peut l’être, quand les Juifs le possédoient. Ils avoient des palmiers, des oliviers, des ruches de miel ; ils avoient porté de la terre sur les rochers pour y planter des vignes, qui donnoient du bon vin ; cette terre liée avec des éclats de rocher, étoit soutenue par de petits murs. Cependant malgré tous les efforts des anciens Juifs, la Palestine n’eut jamais de quoi nourrir ses habitans ; de-là vint qu’ils se répandoient par-tout ; & alors, comme de nos jours, ils alloient faire le métier de courtiers en Asie & en Afrique ; à peine Alexandrie fut bâtie, qu’ils y étoient établis. Il y en avoit huit mille à Rome du tems d’Auguste.


L’état actuel de la Palestine est plus misérable que jamais : on n’y voit que des petites bourgades, villages dépeuplés, & quelques vieux châteaux délabrés. Le plat-pays est la proie des Arabes, qui le courent de toutes parts ; & comme il n’est cultivé & semé qu’en peu de lieux, ils attaquent le voyageur & les étrangers pour en tirer quelque chose. Les garnisons turques sont trop foibles & trop écartées les unes des autres pour réprimer ces brigandages.


Le peu de chrétiens qui se trouvent en Palestine, sont ramassés dans les vallées du Liban, sous leurs evêques maronites. Ils dépendent pour le temporel d’un seigneur arabe, qui se dit emir de Tripoli, & qui est tributaire du Turc. L’anti-Liban est habité par les Druses, gens qui ont une religion différente des Chrétiens, des Turcs, & de tous les autres peuples de la terre.


Toute la Palestine peut avoir 7 lieues d’étendue du midi au nord, sous les trois degrés paralleles 31. 32. & 33. Sa largeur peut être de 30 lieues.


Les pélerins la divisent en trois provinces ; la Judée, la Samarie & la Galilée, gouvernées chacune par un émir, sous le bon plaisir du grand-seigneur, qui, outre cet émir, y entretient deux sangiacs subordonnés au bacha de Damas.


Ces trois émirs sont l’émir de Seide, l’émir de Caesair & l’émir de Gaza ; les deux sangiacs prennent les noms de leur résidence, Jérusalem & Naplouse. Au-delà du Jourdain est ce qu’on appelle le royaume des Arabes ; ce royaume consiste en des déserts immenses, dont le roi est un souverain indépendant, qui ne reconnoît point l’autorité de la Porte.


Suivant le pere Nau, la Palestine comprend aujourd’hui le pays de Gaza, le pays d’Elkahill, ou d’Hébron, le pays d’Elkolds, ou de Jérusalem, le​pays de Naplos, ou Naplouse, le pays de Harcté ; le pays de Jouret-Cafre-Kanna, ou de Nazareth, le pays de Sapheth, & enfin le pays au-dessus du Jourdain, où il est dangereux de voyager à cause des Arabes qui l’occupent. Il ajoute que ces divers pays forment autant de gouvernemens, dont cependant le nombre n’est point fixe, parce que le grand-seigneur partage quelquefois un gouvernement en deux, & quelquefois il en unit deux en un.


Il faut bien se défier de la description des lieux que l’Ecriture-sainte a rendus mémorables. On nous en a donné des descriptions circonstantiées très-suspectes. Que ne prétend-on point faire voir à ceux qui entreprennent le voyage de la Palestine, & que ne leur produit-on point pour les dédommager de leurs fatigues ? On leur montre d’imagination le lieu où saint Epiphane, né en Palestine vers l’an 320, fonda lui-même un monastere. Ce pere de l’Eglise mourut en 403, âgé de plus de 80 ans. La meilleure édition de ses œuvres est celle que le pere Petau publia en 1622, in-fol. en grec & en latin avec des savantes notes ; mais dans lesquelles il n’a pu rectifier & les erreurs, & le peu d’exactitude de saint Epiphane dans les faits qu’il rapporte. (D. J.)​","[['31 N', '33 N']]",,31 N 33 N,31 N | 32 N | 33 N
v11-2687-2,Paraguay,"Paraguay, (Géog. mod.)​ riviere de l’Amérique méridionale, qui se joint avec le Parana vers les 27d. de latitude australe, pour former ce qu’on appelle communément Rio de Plata. Cette riviere sort du lac Xarayez, environ par les 19d. 30′. sud ; mais on prétend qu’elle vient de beaucoup plus loin. Quoiqu’elle perde son nom en mêlant ses eaux à celles du Parana, elle en est dédommagée par plusieurs autres rivieres qu’elle reçoit elle-même dans son​sein, & par l’honneur qu’elle a de donner son nom à un vaste pays.","[[""19 30' S""], ['27 S']]",,19 30' S | 27 S,27 S | 19 30' S
v12-871-0,PERNAMBUCO ou FERNAMBUCO,"PERNAMBUCO ou FERNAMBUCO, (Géog. mod.)​ capitainerie ou province de l’Amérique méridionale au Brésil. Elle est bornée au nord par la capitainerie de Tamaraca, au midi par celle de Sergippe ; à l’orient par la mer, mais elle n’a point de bornes fixées à l’occident.


Cette province est située entre les huit & les dix degrés de latitude australe. Elle a été découverte par Vincent-Yannez Pinçon, Castillan ; & trois mois après D. Pero Alvarez Cabral, amiral de la flotte Portugaise des Indes, fut jetté par la tempête sur les côtes du Brésil, dont sa nation lui attribue la découverte, Jean III, roi de Portugal, concéda la province​ de Pernambuco, à Edouard d’Albuquerque, à condition d’en soumettre les habitans, ce qu’il exécuta dans la suite. Les Hollandois s’en étant rendu les maîtres, le roi Jean IV. après qu’elle eut été reprise sur eux, la réunit au domaine. Jusqu’à l’invasion, Olinde avoit été la capitale de la capitainerie ; mais cette ville a été presque entierement détruite pendant les guerres. (D. J.)​","[['8 S', '10 S']]",,8 S 10 S,
v12-1396-11,Pic le,"Pic le, (Geog. mod.)​ autrement le Pic d’Adam, en hollandois Adams-Pic, montagne de l’île de Ceylan. M. de l’Isle dans son Atlas, donne à cette montagne 98 degrés, 25 à 30 minutes de longitude, sur 5 degrés 55 minutes de latitude nord. Elle est fort haute, fort roide, fort escarpée, & à 20 lieues de la mer ; mais les matelots la voyent encore de 10 à 15 lieues en mer. Ribero en a fait une description fort étendue, & mélée de récits fabuleux, qui ne méritent aucune créance.


Les Géographes ont donné le nom de pic à quelques montagnes fort élevées, & qui se terminent en une seule pointe. Tel est le pic d’Adam, le pic de Saint Georges, le pic de Teneriffe, &c. Ce nom vient de la ressemblance de ces montagnes à l’outil de fer nommé pic, dont on se sert pour fouir la terre, & qui n’a qu’une pointe.","[[""5 55' N 98 25' E"", ""5 55' N 98 30' E""]]",,5 55' N 98 25' E 5 55' N 98 30' E,5 55' N 98 25 à 30' E
v12-1707-0,PIURA,"PIURA, (Géog. mod.)​ ville de l’Amérique méridionale, au Pérou dans l’audience de Quito, à 62 lieues au midi de Tumbez, & au nord de Lima. C’est le premier établissement que les Espagnols ayent eu dans le Pérou, & dont Francois Pizarro fit la découverte en 1531. Latit. mérid. 5.30. (D. J.)​","[[""5 30' S""]]",,5 30' S,5.30 S
v12-1777-0,"PLANOUSE, ile de","PLANOUSE, ile de, (Géog. mod.)​ en latin Planaria ; ile d’Italie, dans la mer de Toscane, entre celle d’Elbe au nord-est, & celle de Corse au sud-ouest ; elle a environ quatre milles de longueur, & une demi-lieue de largeur. Elle est fort basse & remplie de bruscages ; on mouille à un quart de lieue de l’île par douze brasses d’eau. Lat. 42. 45. (D. J.)​","[[""42 45' N""]]",,42 45' N,42 45' N
v13-189-20,Port-Desiré,"Port-Desiré, (Géogr. mod.)​ port de l’Amérique méridionale dans la terre Magellanique, ainsi appellée par Jean le Maire en 1616. Il y a toujours assez d’eau en basse marée. Dans les hautes marées l’eau monte environ trois brasses. Latit. méridionale 47. 30.","[[""47 30' S""]]",,47 30' S,47 30' S
v13-297-0,PORTO-PEDRO,"PORTO-PEDRO, (Géog. mod.)​ port d’Espagne dans la Méditerranée, sur la côte méridionale de l’île de Majorque. On y peut mouiller avec des vaisseaux & des galeres. Il y a par-tout dans le milieu, depuis 10 jusqu’à quatre brasses d’eau. La latitude est de 39d. 29′. & la variation de 5d. vers le nord-ouest. (D. J.)​","[[""39 29' N""]]",,39 29' N,39 29' N
v13-299-0,"PORTO-RICO, ou PUERTO-RICO, & par les François PORTORIC","PORTO-RICO, ou PUERTO-RICO, & par les François PORTORIC, (Géog. mod.)​ île de l’Amérique septentrionale, une des Antilles, au levant de celle de Saint-Domingue, & au couchant des îles sous le vent. Christophe Colomb la découvrit en 1493 ; elle a 20 lieues du nord au sud, & 40 du levant au couchant ; il y a de hautes montagnes, beaucoup de collines, & des vallées très fertiles ; les productions sont les mêmes qu’à Saint-Domingue ; son nom lui vient des mines d’or que les Espagnols y trouverent ; Porto-Rico est la capitale. Elle est située dans la partie septentrionale de l’île, & le chevalier François Drake, ne put pas la prendre en 1685.


Le port qui donne le nom à la ville est spacieux, à l’abri des vents, & défendu par un fort château. Latit. de la ville 18. 17.","[[""18 17' N""]]",,18 17' N,18 17' N
v13-302-0,PORTO-VECCHIO,"PORTO-VECCHIO, (Géog. mod.)​ anciennement Syracusanus portus ; grande baie, sur la côte orientale de l’île de Corse, vers la pointe du sud. On y pourroit mouiller plusieurs vaisseaux & galeres, & être à couvert de plusieurs vents. La latitude est de 41d. 39′. & la variation de 7d. nord-ouest.","[[""41 39' N""]]",,41 39' N,41 39' N
v13-1121-3,Provinces-Unies,"Provinces-Unies, (Géog. mod.)​ province des Pays-bas, ainsi appellées, à cause de l’union ou confédération qu’elles firent entre elles au mois de Janvier 1579, pour la défense de leur liberté contre Philippe II. roi d’Espagne. Les provinces qui composent cette république sont au nombre de sept ; savoir, le duché de Gueldres, dans lequel est compris le comté de Zutphen, les comtés de Hollande & de Zélande, les seigneuries d’Utrecht, de Frise, d’Overissel & de Groningue.


Outre ces sept provinces qui composent l’état, la république compose plusieurs villes conquises depuis l’union d’Utrecht, ou qui se sont incorporées dans les Provinces-unies, & que l’on appelle le Pays de la généralité, parce qu’elles dépendent immédiatement des états généraux, & non d’aucune province particuliere.


Ces places sont situées dans le Brabant, dans le pays de Limbourg, en Flandres & dans le haut quartier de Gueldre. Le pays de Drenthe qui est une province souveraine, située entre la Westphalie, Groningue, Frise & Overissel, fait aussi partie de la république, & contribue un pour cent aux frais de la généralité : aussi cette province prétend-elle avoir droit d’entrée dans l’assemblée des états-généraux, mais on lui a toujours donné l’exclusion.


Les deux compagnies des Indes orientales & occidentales, & la société de Surinam possedent aussi sous la protection des états-généraux de vastes états en Asie, en Afrique, & en Amérique. Outre tous ces pays, la république depuis la paix d’Utrecht, en éxécution du traité de Barriere, entretient des garnisons jusqu’au nombre de douze mille hommes dans les places d’Ypres, Furnes, Menin, Dendermonde, Tournay & Namur.


Les Provinces-unies & les pays de leur domination, sont situés entre le 24 & le 26e degré de longitude, & entre le 51 & le 54e degré de latitude septentrionale. Ces pays sont contigus les uns aux autres, & bornés au midi par la Flandre, le Brabant, l’évêché de Liége, la Gueldre prussienne & autrichienne ; au levant par les duchés de Cleves & de Juliers, l’évêché de Munster, le comté de Bentheim, & par le pays d’Oost-Frise ; la mer du nord ou d’Allemagne les baigne au septention & au couchant. On donne à toutes ces provinces environ quarante-huit lieues de longueur depuis l’extrémité du Limbourg-hollandois, jusqu’à celle de la seigneurie de Groningue. Leur largeur depuis l’extrémité de la Hollande méridionale jusqu’à celle de l’Overissel, est d’environ quarante lieues.


Le pays des Provinces-unies est en général mauvais, mais l’industrie des habitans l’a rendu également fertile & florissant. Deux principales rivieres l’arrosent ; j’entends le Rhin & la Meuse. Pour se garantir des inondations de la mer, on a partout opposé des digues à la fureur de l’Océan, & à l’impétuosité des rivieres. Ces digues ont couté des sommes immenses, & l’on prétend que leur entretien monte​tous les ans à d’aussi grandes sommes qu’il en faudroit pour maintenir sur pié une armée de quarante mille hommes.


Il n’y a point de pays en pareille étendue à celui-ci, où l’on voye un si grand nombre de belles villes, de bourgs & de villages, ni une si grande quantité d’habitans, que la liberté & le commerce y attirent. On peut dire aussi que la liberté y fait fleurir les arts & les sciences ; c’est dans cette vûe que l’on entretient plusieurs universités, & un nombre infini d’écoles dans les villes, & jusque dans les moindres villages, où les habitans ont grand soin de faire instruire leurs enfans.


La religion protestante est la dominante dans les Provinces-unies, mais toutes les autres y sont tolérées & protégées. Les Catholiques ont leurs chapelles aussi libres que les églises des réformés ; & du reste, ils jouissent des mêmes prérogatives que les protestans par rapport à la justice, au commerce, & aux impôts. Ils peuvent parvenir à tous les emplois militaires, excepté celui de velt-maréchal ; il faut bien qu’ils soient contens de la douceur du gouvernement à leur égard, puisqu’on estime qu’ils font plus du quart des habitans.


Il n’y a point encore de pays au monde où les impôts soient plus considérables, que dans les Provinces-unies ; car on compte qu’ils font le tiers du prix qu’on paye du pain, du vin, de la biere, &c. cependant ils se levent d’une maniere que le petit peuple ne s’en apperçoit point, parce qu’accoutumé de tout tems à voir le prix des denrées sur ce pié-là, il n’y trouve rien qui l’effarouche ; on nomme ces impôts accises, & personne n’en est exempt.


On leve en outre plusieurs autres taxes, comme sur le sel, le savon, le caffé, le thé, le tabac, & enfin sur toutes les denrées qui se consomment dans le pays. Il y a une taxe annuelle sur chaque domestique ; sur les chevaux, les carrosses, les chaises & autres voitures, & sur les bêtes à cornes.


Une autre taxe considérable est celle qu’on appelle verponding, ou la taille sur les maisons & sur les terres. Dans des besoins pressans, on double ou triple ce verponding. Dans ces mêmes cas, on leve le centieme & le deuxcentieme deniers de la valeur de tous les biens des habitans, tant en fonds de terre qu’en obligation sur l’état. On leve aussi une taxe sur toutes les terres ensemencées, on la nomme bezaaygeld ; mais elle n’a lieu que dans les pays de la génénéralité, & dans les provinces qui produisent du grain.


Le quarantieme denier qu’on tire de la vente de tous les biens en fonds de terre, des vaisseaux & des successions collatérales, est un revenu considérable, aussi-bien que le papier timbré. Les droits d’entrée & de sortie sont fort tolérables ; ils sont perçus par les cinq colleges de l’amirauté, qui en ont fait un fonds pour l’entretien de la marine.


Les revenus ordinaires de la république, consistent en ce qui se leve dans les pays de la généralité, dont le conseil d’état a seule l’administration ; ou bien dans les sommes ordinaires & extraordinaires, que les sept Provinces & le pays de Drenthe fournissent tous les ans, suivant leur contingent, sur la pétition ou la demande que le conseil d’état en fait aux états généraux, pour la dépense qu’il juge que la république sera obligée de faire l’année suivante.


Les forces de l’état consistent en cinquante mille hommes de troupes reglées, & en trente à quarante vaisseaux de guerre qu’entretient l’amirauté. La source du commerce des Provinces-unies est la pêche du hareng, les manufactures qui occupent beaucoup de monde ; & enfin le commerce de l’Orient, que fait la compagnie de ce nom.


Les états-généraux représentent les sept Provinces-Unies,​ mais ils n’en sont point les souverains, comme la plûpart des étrangers se l’imaginent ; & leur assemblée a quelque rapport à la diette de Ratisbonne, qui représente tout le corps Germanique. Quoiqu’ils paroissent revêtus du pouvoir souverain, ils ne sont que les députés, ou plénipotentiaires de chaque province, chargés des ordres des états leurs principaux ; & ils ne peuvent prendre de résolution sur aucune affaire importante, sans avoir eu leur avis & leur consentement. D’ailleurs, on peut considérer l’union des sept Provinces, comme celle de plusieurs princes qui se liguent pour leur sûreté commune, sans perdre leur souveraineté ni leurs droits en entrant dans cette confédération. Ces provinces forment ensemble un même corps ; ils n’y en a pas une seule qui ne soit souveraine & indépendante des autres, & qui ne puisse faire de nouvelles lois pour sa conservation, mais sans pouvoir en imposer aux autres.


L’assemblée des états-généraux est composée de députés des sept Provinces ; on leur donne le titre de hauts & puissans seigneurs, à la tête des lettres qui leur sont écrites, des mémoires & des requêtes qui leur sont présentés, & on les qualifie dans ces mêmes écrits de leurs hautes puissances ; tous les souverains leur donnent aujourd’hui ce titre.


Le nombre des députés n’est ni fixé, ni égal ; chaque province en envoye autant qu’elle juge à-propos, & se charge de les payer. On ne compte pas les suffrages des députés, mais ceux des Provinces ; de sorte qu’il n’y a que sept voix, quoique le nombre des députés de toutes les Provinces, présens ou absens, monte à environ cinquante personnes, dont il y en a entr’autres dix-huit de Gueldre.


Chaque province préside à son tour, & sa présidence dure une semaine entiere, depuis le Dimanche à minuit jusqu’à la même heure de la semaine suivante. Tous les députés sont assis, suivant le rang de leur province autour d’une longue table, au milieu de laquelle est le fauteuil du président. A sa droite sont assis les députés de Gueldre, à sa gauche ceux de Hollande, & ainsi des autres suivant le rang des Provinces qui est tel. Gueldre, Utrecht, Hollande, Frise, Zélande, Overissel, Groningue.


Tous ceux qui possedent des charges militaires, ne peuvent prendre séance dans l’assemblée des états-généraux ; le capitaine général n’est pas même exempt de cette loi, il peut seulement entrer dans l’assemblée pour y faire des propositions, & il est obligé de se retirer, lorsqu’il s’agit de délibérer sur ce qu’il a proposé. Quelque grand que soit le nombre des députés, il n’y a que six chaises pour chaque province, & tous les surnuméraires sont obligés de se tenir debout.


La plûpart des députés ne sont que pour trois, ou six ans dans l’assemblée des états-généraux, à-moins que leur commission ne soit renouvellée. Il en faut excepter la province de Hollande, qui y députe un membre de ses nobles pour toute sa vie, & celle d’Utrecht qui envoye un député du corps ecclésiastique, & un autre du corps de la noblesse qui y sont aussi à vie. Il en est encore de même des députés de Zélande qui sont ordinairement au nombre de quatre.


Outre les deputés ordinaires, tous ceux qui sont chargés d’une ambassade, ou de quelque négociation importante dans les pays étrangers, ont une commission pour entrer dans l’assemblée des états-généraux.


Le conseiller-pensionnaire de Hollande, assiste tous les jours à cette assemblée, en qualité de député ordinaire, & c’est lui qui y fait les propositions de la part de cette province. Il est le seul avec le député de la noblesse d’Hollande, qui ait l’avantage de paroître tous les jours dans ce sénat. Tous les au-​tres députés de cette province sont obligés par une résolution de l’an 1653, d’avoir une commission pour y assister ; deux conseillers députés de Hollande y prennent aussi séance tous les jours tour-à-tour.


La charge de greffier ou secrétaire des états-généraux, est une des plus importantes & des plus onéreuses de l’état. Il est obligé d’assister tous les jours à l’assemblée des états-généraux, d’écrire toutes les résolutions qu’ils prennent, toutes les lettres & les instructions qu’on adresse aux ministres de l’état dans les pays étrangers. Il assiste aussi aux conférences qu’on tient avec les ministres étrangers, & y donne sa voix ; c’est lui qui expédie & scelle toutes les commissions des officiers généraux, des gouverneurs & commandans des places, les placards, les ordonnances des états-généraux, & autres actes. Il est nommé à cette charge par les états-généraux ; il a sous lui un premier commis, & deux premiers clercs qu’on nomme aussi commis, avec un grand nombre de clercs ou d écrivains qui travaillent tous les jours au greffe, qui est proprement ce qu’on appelle dans d’autres pays la secrétairerie d’état.


Il y a des députés des états-généraux qui sont envoyés en commission pour changer ou renouveller les magistrats, ou pour quelqu’autre affaire. Ils ont dix florins par jour pendant tout le tems de leurs commissions, outre les frais de leurs voyages. Les états-généraux envoyent aussi tous les deux ou trois ans deux députés à Mastricht, avec le titre de commissaires déciseurs, pour terminer avec les commissaires du prince de Liege, les procès & les autres affaires, & leur jugement est sans appel.


Le conseil d’état a son tour pour nommer les commissaires déciseurs, qui sont aussi chargés du renouvellement des magistrats de la ville de Mastricht & des juges des environs. En tems de guerre, les états-généraux envoyent deux députés à l’armée, & le conseil d’état en envoie un autre ; ils ont chacun 70 florins par jour. Le général en chef ne peut livrer bataille, ni former un siege, ni faire aucune entreprise d’éclat, sans leur avis & consentement.


Comme par l’union d’Utrecht, les sept Provinces se sont reservé l’autorité souveraine, leurs députés, qui forment l’assemblée des états-généraux, ne peuvent rien conclure dans les affaires importantes ; ils ne peuvent faire la guerre ou la paix sans un consentement unanime de toutes les Provinces, que l’on consulte auparavant. Le même consentement est nécessaire pour lever des troupes ; leurs lois doivent être approuvées par les Provinces : ils ne peuvent révoquer les anciens réglemens, ni élire un stadhouder ; & chaque province a la même disposition de tous les régimens, & des officiers de son ressort.


Outre l’assemblée ordinaire des états-généraux, il s’en est tenu quelquefois une extraordinaire, qu’on nomme la grande assemblée, parce qu’elle est composée d’un plus grand nombre de députés de toutes les Provinces, que la premiere. Cette assemblée n’est jamais convoquée que du consentement unanime de toutes les Provinces, pour déliberer sur des affaires de la derniere importance pour la république ; elle est supérieure à celle des états-généraux. Cependant les députés qui la composent ne peuvent rien conclure, sans l’avis & le consentement de leurs Provinces.


Le conseil d’état ne se mêle que des affaires militaires & de l’administration des finances. Il est composé de douze conseillers ou députés des Provinces, qui sont un de Gueldre, trois de Hollande, deux de Zélande, un d’Utrecht, deux de Frise, un d’Overissel, & deux de Groningue & des Ommelandes. De ces douze députés, il n’y en a que trois qui soient à vie ; savoir, celui qui est nommé par le corps des nobles d’Hollande, & les deux de Zélande. Les au-​tres n’y sont ordinairement que pour trois ans. Après avoir été nommés par leurs Provinces, ils prêtent le serment aux états-généraux, & ils reçoivent leurs commissions de leurs hautes-puissances.


Il n’en est pas de même du conseil d’état que de l’assemblée des états-généraux, car on y compte les suffrages des députés, & non ceux des provinces, & la présidence, qui est d’une semaine, roule tour-à-tour entre les douze députés suivant leur rang. Outre ces députés, le trésorier-général a le titre de conseiller d’état. C’est un officier à vie, & il a séance au conseil d’état. Il est en quelque maniere le contrôleur général des finances : il a l’inspection sur la conduite du conseil d’état, mais plus particulierement sur l’administration du receveur-général, & des autres receveurs subalternes de la généralité. Il ne peut s’absenter de la Haie sans la permission des états-généraux.


La chambre des comptes de la généralité fut établie en 1607 du consentement des sept Provinces, pour soulager le conseil d’état dans la direction des finances. Cette chambre est composée de deux députés de chaque province, qui font le nombre de quatorze, & qui ordinairement changent de trois en trois ans, suivant le bon plaisir des provinces. Les fonctions de ce college consistent à examiner & arrêter les comptes du receveur-général des autres receveurs de la généralité & de tous les comptables. On donne aux députés qui composent cette chambre les titres de nobles & puissans seigneurs.


La chambre des finances de la généralité a été établie avant celle des comptes, & est composée de quatre commis & d’un secrétaire, qui sont nommés par les états-généraux. Il y a un clerc ou écrivain. Cette chambre est chargée de régler tous les comptes qui regardent les frais de l’armée, de tous les hauts & bas officiers, de ceux de l’artillerie, des bateaux, des chariots, des chevaux, &c. comme aussi de ceux qui ont soin des munitions, des vivres de l’armée, & de tout ce qui sert à son entretien & à sa subsistance.


Toutes les provinces, en s’unissant pour former entr’elles une seule république, se sont réservé le droit de battre monnoie, comme une marque essentielle de leur souveraineté particuliere, mais elles sont convenues en même tems que la monnoie de chaque province, qui auroit cours dans toute l’étendue de la république, seroit d’une même valeur intrinseque. Pour l’observation d’un si juste réglement, on établit à la Haye une chambre des monnoies de la généralité, composée de trois conseillers inspecteurs généraux, d’un secrétaire & d’un essayeur général. Cette chambre a une inspection générale sur toute la monnoie frappée au nom des états-généraux ou des états des provinces particulieres, de même que sur toutes les especes étrangeres.


Par le réglement des états-généraux en 1597, l’amirauté des Provinces-Unies a été partagée en cinq colleges ; savoir trois en Hollande, qui sont ceux de Rotterdam, d’Amsterdam, Horn & Enkhuisen alternativement, un à Middelbourg en Zélande, un à Harlingue en Frise ; & les droits d’entrée & de sortie sont levés au profit du corps entier de la république pour l’entretien des vaisseaux de guerre, & autres frais de la marine. Chacun de ces colleges est composé de plusieurs députés, tirés partie des provinces où les colleges sont établis, & partie des provinces voisines. Il n’y a point d’appel de leurs sentences pour ce qui concerne les fraudes des droits d’entrée & de sortie, & les différends sur les prises faites par mer, aussi-bien que dans les causes criminelles ; mais dans les causes civiles où il s’agit d’une somme au-delà de six cens florins, on peut demander revision de la sentence aux états-généraux.


Lorsque les états-généraux, de l’avis du conseil d’état, ont résolu de faire un armement naval, &​qu’ils se sont déterminés sur le nombre & la qualité des vaisseaux, le conseil d’état en expédie l’ordre à tous ces colleges qui arment séparément à proportion de leur contingent. Celui d’Amsterdam fait toujours la troisieme partie de tous les armemens, & les autres une sixieme partie chacun.


La charge d’amiral-général a été ordinairement unie à celle de stathouder : mais depuis la mort de Guillaume III. prince d’Orange il n’y a point eu d’amiral-général, & aujourd’hui tous les colleges de l’amirauté ont leurs officiers particuliers, dont le premier a le titre de lieutenant-amiral. Cependant la province de Gueldres a conféré le titre d’amiral-général au prince de Nassau-Orange, avec la dignité de stathouder & de capitaine-général. Voyez Stathouder.


Les pays qui ont été conquis par les armes de la république, ou qui se sont soumis d’eux-mêmes à sa domination, font une partie considérable de l’état ; on les nomme les pays de la généralité, parce qu’ils dépendent immédiatement des états-généraux, & non d’aucune province particuliere. On les divise en quatre, qui sont le Brabant hollandois, le pays d’Outre-Meuse ou le Limbourg hollandois, la Flandre hollandoise, & le quartier de Venlo.


Malgré les grands avantages que le commerce procure à l’état, & les revenus considérables qu’il retire des droits, des taxes & des impositions, il est arrivé que la république des Provinces-Unies a contracté des dettes immenses par les longues & cruelles guerres qu’elle a eu à soutenir. Nous ne connoissons pas bien la situation des finances de chaque province en particulier, mais nous sommes mieux instruits de celles de la province de Hollande, qui contribue de 53 florins sur 100 dans les charges de la république. Or les dettes de cette province sont encore à-peu-près les mêmes qu’à la fin de la guerre terminée par le traité d’Utrecht, & les mêmes impôts subsistent, à l’exception d’un demi-centieme denier sur les maisons. Le total des revenus est de 22 millions 241 mille 309 florins. Les charges montent à 15 millions 863 mille 840 florins ; l’excédent des revenus est donc 6 millions 377 mille 499 florins ; mais il faut ajouter aux charges la lotterie de six millions de l’année 1750, & celle d’une semblable somme de l’année suivante, en prenant pour chaque billet de mille florins à discompter, 300 florins de vieilles obligations ; de sorte que les dettes ont augmenté de 8 millions & 200 florins à trois & demi pour cent.


Il est vrai que les particuliers à qui la Hollande doit sont des sujets de l’état, & qu’ils ne desirent point d’être remboursés, dans l’incertitude où ils sont de pouvoir mieux employer leur argent ; mais il n’en est pas moins vrai que l’unique source de l’opulence des Provinces-Unies décroît chaque année, & sans compter les causes intérieures de décadence de l’état, les progrès de toutes les nations dans le commerce doivent miner encore plus immédiatement ses forces & sa puissance.


Ce détail peut suffire sur le gouvernement des Provinces-Unies, le lecteur pourra s’instruire plus complettement dans le livre de Janiçon, qui forme quatre volumes in-12. & mieux encore pour l’histoire, dans les ouvrages de Basnage, de le Clerc, de Bizot, & autres écrits en latin & en flamand. (Le chevalier de Jaucourt.)​","[['51 N 24 E', '54 N 26 E']]",,51 N 24 E 54 N 26 E,51 N 24 E | 54 N 26 E
v13-1287-0,PULAON,"PULAON, (Géog. mod.)​ île de la mer des Indes, vers l’ouest des Philippines. Elle est fertile en riz, en figues, cocos, cannes de sucre, gingembre, &c. Elle a son roi particulier, qui est tributaire de celui de Bornéo. Latit. nord 9d. 30′. (D. J.)​","[[""9 30' N""]]",,9 30' N,9 30' N
v13-1301-0,PULO-RONDO,"PULO-RONDO, (Géog. mod.)​ île de la mer des Indes, dépendante du royaume d’Achem, entre Pulo-Gomez & Pulo-Way. Elle a trois milles de circuit ; c’est la route des vaisseaux qui viennent de la côte de Coromandel. Lat. 5. 50. (D. J.)​","[[""5 50' N""]]",,5 50' N,5 50' N
v13-1778-0,QUIRIMBA,"QUIRIMBA, (Géog. mod.)​ îles d’Afrique sur la côte orientale de l’Ethiopie, au Zanguebar. Elles prennent le nom de la plus grande, appartiennent aux Portugais, & sont en général dépeuplées quoique fertiles en gras pâturages & en fruits, comme dattes, oranges, citrons, raisins, &c. Les îles quirimba s’étendent depuis le 10 deg. jusqu’au 12. l’espace de 2 deg. en latitude méridionale. (D. J.)​","[['10 S', '12 S']]",,10 S 12 S,10 S | 12 S
v13-1785-0,QUISAMA ou Quissama,"QUISAMA ou Quissama, (Géog. mod.)​ province maritime d’Afrique, le long du bord méridional de la Coanza ; elle fait partie du royaume d’Angola, appartient aux Portugais & abonde en mines de sel, cire & miel. Sa latitude prise le long de la mer commence au 9. d. 25. & finit au 10 d. 50. Les Portugais en ont fait un gouvernement sous le nom de capitainerie selon leur coutume. (D. J.)​","[[""9 25' S"", ""10 50' S""]]",,9 25' S 10 50' S,9 25' S | 10 50' S
v13-1960-0,RAHABAT,"RAHABAT, (Géog. mod.)​ ville aux frontieres de la Syrie sur l’Euphrate. M. Petit de la Croix dit que cette ville est à 65 deg. de long. & à 34 de lat. M. Otter qui la nomme Rahabé, n’en fait qu’un village. Long. selon lui, 66 55. latit. 34. (D. J.)​","[['alt'], ['34 N 65 E'], [""34 N 66 55' E""]]",,alt | 34 N 65 E | 34 N 66 55' E,34 N 65 E | 34 N 66 55' E
v13-1964-0,RAJAPOUR,"RAJAPOUR, (Géogr. mod.)​ ville des Indes au royaume de Visapour, près de la côte de Malabar, sur une riviere de même nom, au nord de Goa. Les François y ont un comptoir. Le commerce qui s’y fait consiste en toiles, poivre & salpêtre. Les forêts sont remplies de singes. Latit. 17.",[['17 N']],,17 N,17 N
v13-2002-0,RAMA,"RAMA, (Géog. mod.)​ ce mot signifie hauteur. De là vient qu’il y a tant de lieux dans la Palestine où se trouve le nom de Rama, Ramath, Ramatha, Ramot, Ramathaïam, Ramola, Ramatham. Quelquefois la ville s’appellera tout-à-la-fois Rama, Ramatha, Ramos &-Ramathaïm ; tous ces mots ne signifiant qu’une hauteur. Quelquefois Rama ou Ramoth est joint à un autre nom, pour déterminer l’endroit où est la hauteur, ou la ville dont on parle. Quelquefois enfin Ramah est mis simplement pour une hauteur, & ne signifie pas une ville, ni un village. Il y a plusieurs lieux du nom de Rama, dont il est parlé dans l’Ecriture-sainte. Le principal est une ville, ou plutôt un bourg de la Palestine, entre Jafa & Jérusalem, à trois lieues de la premiere & à huit de la derniere. Les Turcs y ont cinq mosquées, car tout ce bourg est presque mahométan ; il n’y a que quelques chrétiens maronites, quelques grecs & arméniens. Latit. 32. (D. J.)​",[['32 N']],,32 N,32 N
v13-2009-0,RAMANANÇOR,"RAMANANÇOR, (Géog. mod.)​ île des Indes, sur la côte de la Pêcherie, près du pays de Maravas, dont elle est séparée par un détroit. On donne à cette île 8 à 9 lieues de circuit. Elle est célebre par son pagode. Lat. 9. 26. (D. J.)​","[[""9 26' N""]]",,9 26' N,9 26' N
v13-2071-0,RANGAMATI,"RANGAMATI, (Géog. mod.)​ ville des Indes, à l’extrémité des états du grand-mogol, du côté de l’orient, à 27 degrés de latitude nord. Le voyage de Daca à Rangamati est dangereux, à cause de la violence des courans du Gange, des pierres à fleur d’eau, & des bancs de sable. Le P. Barbier, missionnaire jésuite, a décrit cette route au tome VII. des Lettres édifiantes. (D. J.)​",[['27 N']],,27 N,27 N
v14-1509-0,RUFISQUE,"RUFISQUE, (Géogr. mod.)​ bourgade située au royaume de Jaloses, près du cap Verd, au bord d’une baie que l’on trouve quand on a doublé ce cap. Cette bourgade, qui est vis-à-vis, & à une lieue de l’île de Goérée, appartient à la France. Latitude 14. 391.","[[""14 39' N""]]",,14 39' N,14 391' N
v14-1747-0,SAFANI-AL-BAHR,"SAFANI-AL-BAHR, (Géog. mod.)​ c’est-à-dire éponge de mer ; petite île d’Egypte, sur la côte occidentale de la mer Rouge, à 13 lieues au nord de Kossir. Elle n’a que deux lieues de longueur sur un quart de lieue de large. Latit. 27. (D. J.)​",[['27 N']],,27 N,27 N
v14-1841-0,SAIPAN ou SAYPAN,"SAIPAN ou SAYPAN, (Géog. mod.)​ autrement nommée l’île de S. Joseph. Isle de l’océan oriental, dans l’Archipel de S. Lazare, c’est une des îles Mariannes, & qui est la plus peuplée après celle de Guahan. Elle a environ 20 lieues de tour, & est toute montagneuse. Latit. selon le p. Gobien, 15. 20′. (D. J.)​","[[""15 20' N""]]",,15 20' N,15 20' N
v14-2002-0,"SALVADOR, San","SALVADOR, San, (Géog. mod.)​ nom commun à plusieurs lieux.


1°. San-Salvador, ville d’Afrique, sur la côte orientale de l’Ethiopie, capitale du Congo, sur une montagne escarpée. Elle est le séjour du roi du pays, & s’appelloit Congo, avant que les Portugais eussent changé son nom. Elle est aujourd’hui peuplée d’européens. Les jésuites & les capucins y sont établis ; l’évêque est suffragant de Lisbonne. Latit. méridionale, 5.


2°. San-Salvador, ville de l’Amérique, au gouvernement de Guatimala, à 7 lieues de la mer du sud, à 40 de San Jago, de Guatimala, dans un terrein fertile en fruits, & dans un air assez temperé. Latit. septentionale, 13. 6.


3°. San-Salvador, ville de l’Amérique méridionale, au Bresil, dont elle est la capitale. Elle est grande, bien bâtie, fort peuplée, très-commerçante, &-​ située sur la baie de tous les Saints, Bahya de Todos los Santos ; son assiette n’est pas avantageuse, parce qu’elle est haute & basse, & qu’elle n’a presque point de rues qui soient droites.


Comme on ne peut s’y servir d’aucunes voitures, les esclaves y font la fonction de chevaux, & transportent d’un lieu à un autre, toutes les marchandises ; ils portent aussi les habitans sur une espece de lit de coton à réseau, suspendu par les deux bouts ; ce lit ou palanquin est couvert d’une impériale, d’où pendent des rideaux qui empêchent d’être vû, & qui garantissent du soleil. On est fort à son aise dans ce lit ; la tête repose sur un chevet, & le corps sur un petit matelas proprement piqué ; la chaleur violente du climat, & la molesse extrème des habitans, ont rendu ces hamacs très-communs, non-seulement pour faire les visites, mais aussi pour se rendre à l’église.


San-Salvador, est la résidence du viceroi du Bresil, le siege d’un archevêque, d’un conseil souverain, & d’une cour des monnoies.


Les maisons y sont hautes, & presque toutes de pierre de taille & de brique. Les églises sont riches, & les communautés nombreuses ; les jésuites seuls y sont au nombre de près de deux cens, & les plus riches de tous les religieux. Ils y possedent une église & un college magnifique, où ils entretiennent six régens pour enseigner.


San-Salvador, est un lieu de grand abord pour les marchandises qui s’y trafiquent, telles que sont les toiles, les baies, les serges, & les perpétuanes ; les chapeaux, les bas de soie & de fil, les biscuits, les farines, le froment, les vins de port-à-port, &c. les huiles, le beurre, le fromage, les batteries de cuisine, les esclaves de Guinée, &c. Pour toutes ces choses, on y reçoit en retour de l’or, du sucre, du tabac, du bois de teinture de Brésil & autres ; des peaux, des huiles, des suifs, du baume de copahu, de l’ypécacuana, &c.


Cette ville si avantageuse pour les Portugais, est sur une hauteur de 80 toises, qui dépend de la côte orientale de la baie de tous les Saints. Cette hauteur est très-difficile à grimper, & on s’y sert d’une espece de gruë pour monter & descendre les marchandises du port à la ville.


San-Salvador est en général bien fortifiée, mais la garnison est aussi débauchée que mal disciplinée. Les autres habitans ne valent guere mieux ; ils sont voluptueux, ignorans, vains, & bigots. Ils marchent ordinairement un rosaire à la main, un chapelet au col, un S. Antoine sur l’estomac, un poignard sur le sein, un pistolet dans la poche, & une longue épée au côté, afin de ne pas perdre l’occasion en disant leurs chapelets, de se venger d’un ennemi. Lat. méridionale, 12. (D. J.)​","[['5 S'], [""13 6' N""], ['12 S']]",,5 S | 13 6' N | 12 S,
v14-2006-0,SALVATIERRA,"SALVATIERRA, (Géog. mod.)​ il y a deux à​trois villes ou bourgs de ce nom en Espagne, & une en Portugal.


1°. Salvatierra, petite ville d’Espagne en Galice, sur le Minho, dont l’évêché est au nord-est de Tuy. Long. 10. 55. latit. 39. 45.


2°. Salvatierra, petite ville d’Espagne dans la Biscaye, province d’Alava, au pié d’une montagne. Long. 15. 30. latit. 42. 48.


3°. Salvatierra, bourg d’Espagne, dans le comté d’Arragon, au confluent des petites rivieres d’Arragon & de Véral, & à quatre lieues de Java.


4°. Salvatierra, ou Salvaterra, est une ville forte de Portugal, dans la province de Béyra, sur la riviere d’Elia, à l’orient de Ségura. Long. 9. 5. latit. 39. 34. (D. J.)​","[[""39 45' N 10 55' E""], [""42 48' N 15 30' E""], [""39 34' N 9 5' E""]]",,39 45' N 10 55' E | 42 48' N 15 30' E | 39 34' N 9 5' E,39 45' N 10 55' E | 42 48' N 15 30' E | 39 34' N 9 5' E
v14-2261-0,SARBRUCK,"SARBRUCK, (Géog. mod.)​ il y a trois villes qu’on nomme également Sarbourg & Sarbruck ; de ces trois villes, il y en a une qui devroit s’appeller Sarbourg, & qui est celle du voisinage de Treves ; c’est le Castra Sarræ ; & une autre Sarbruck en Lorraine ; c’est le Saravi pons des anciens itinéraires. Distinguons donc ces divers endroits.


1°. Sarbruck, ville d’Allemagne, dans l’électorat de Treves, sur la Sara, qu’on y passe sur un pont, à 3 lieues au midi de Treves. Long. 24. 14. latit. 49. 36.


2°. Sarbruck, ville de Lorraine au pays de Vosge, sur la Sare, au pié des montagnes, près des frontieres de la basse-Alsace, en allant de Metz à Strasbourg, à 6 lieues de Marsal, & à 4 de Phalsbourg. C’est le pons Saravi des itinéraires. Longitude 24. 25. latit. 48. 44.


3°. Sarbruck, village, & autrefois ville de la Lorraine allemande, capitale du comté de même nom. Elle est située sur la Sarre, à 6 lieues au-dessus de Sarlouis. Cette ville a été ruinée pendant les guerres d’Allemagne du dernier siecle. Long. 24. 43. lat. 49. 16. (D. J.)​","[[""49 36' N 24 14' E""], [""48 44' N 24 25' E""], [""49 16' N 24 43' E""]]",,49 36' N 24 14' E | 48 44' N 24 25' E | 49 16' N 24 43' E,49 36' N 24 14' E | 48 44' N 24 25' E | 49 16' N 24 43' E
v14-2311-0,"SARIGAN, l’Isle de","SARIGAN, l’Isle de, (Géogr. mod.)​ autrement l’île de Saint-Charles ; petite île de l’Archipel de Saint-Lazare, & l’une des Mariannes, à six lieues de l’île de Guguan ; on lui donne douze milles de circuit. Latit. septent. 17. 35. (D. J.)​","[[""17 35' N""]]",,17 35' N,17 35' N
v14-2736-0,SCHIRAS ou SCAIRAZ,"SCHIRAS ou SCAIRAZ, (Géog. mod.)​ ville de Perse, capitale du Farsistan, près des ruines de l’ancienne Persépolis, dans une vaste & agréable plaine, sur le Bendemir. Long. suivant la plûpart des géographes, 73. 75. latit. septentrion. 29. 36. cependant les tables de Nassir-Eddin & d’Ulug-beg lui donnerent 88d. de longit. ce qui vient sans doute de la position du premier méridien que ces deux auteurs reculent plus avant vers l’orient.


Les sultans Bouïdes ont fait en divers tems de Schiras & d’Ispahan la capitale de leurs états. Les mogols ou tartares de Ginghiz-Kan s’en rendirent les maîtres, & l’ont possédée jusqu’au tems de Tamerlan ; ensuite les sultans Turcomans devinrent possesseurs de cette ville, qui passe aujourd’hui pour la seconde de l’empire de Perse. Son circuit peut être d’environ 9 milles, dont il n’y a cependant qu’une partie qui soit habitée ; la plûpart des maisons sont de torchis ; les plus belles sont de brique cuite au soleil. Celle du kan qui y commande a plusieurs galeries, cours, vergers & jardins ; ce palais est bâti comme une tour, & a trois étages, avec plusieurs balcons & fenêtres. Son sérail joint ce bâtiment.


Les mosquées de Schiras sont belles, & les fontaitaines ne manquent pas dans cette ville. Les vivres y sont en abondance. Les environs produisent le meilleur vin de tout l’Orient, des raisins admirables qu’on confit à demi-mûrs au vinaigre pour en faire un rafraichissement dans les chaleurs de l’été. Le ter-​roir de cette ville produit aussi beaucoup de capres, de l’opium, & des roses en telle quantité, qu’on fournit diverses provinces voisines de l’eau qu’on tire de ces roses, & qui est singulierement estimée.


Moslach eddin, qu’on connoît aussi sous le nom de Saddi, homme célebre dans tout l’Orient, étoit natif de Schiras, & florissoit dans le xiij. siecle. Abubeker le fit instruire en toutes sortes de sciences, & Saddi ne trouva point dans la suite de termes assez forts pour célebrer les louanges de ce prince. On a de lui, en langue persane, son gulistan, ou son jardin des roses, ouvrage plein de traits de morale sur les mœurs des princes, l’éducation des enfans, la jeunesse, la vieillesse, &c. Nous n’avons que des foibles traductions françoises & latines de cet ouvrage. L’autre livre de Saddi, intitulé le bustiah, ou le berger, est un poëme en dix livres, dans lequel l’auteur traite de la justice, de l’amour, de la folie, des bonnes mœurs, de la constance, de la tempérance, &c. Il n’a point encore été traduit dans aucune langue européenne, mais il n’est pas moins estimé que le gulistan dans tout l’Orient. Saddi passe pour un des grands poëtes de la Perse. (D. J.)​","[['alt'], [""29 36' N 73 75' E""], [""29 36' N 88 E""]]",,alt | 29 36' N 73 75' E | 29 36' N 88 E,73. 75. | 29. 36. | 88d.
v14-2740-0,SCHIRVAN,"SCHIRVAN, (Géog. mod.)​ province de Perse ; elle s’étend sur la rive occidentale de la mer Caspienne, & est séparée de l’Adherbigian & du Daghestan par les fleuves Aras & Kur, qui sont l’Araxes & le Cyrus des anciens. Cette province, & celle d’Aran, d’Alan, de Mogan, de Kars, de Daghestan & d’Adherbigian, sont proprement ce que les anciens ont appellé l’Albanie & la Médie. Le kalife Vatheck l’Abasside ajouta le Schirvan aux autres conquêtes des Musulmans ; mais Tamerlan s’en rendit le maître. Ses principales villes sont 1°. Berdaah sur le Kur, sous le 83d. de longitude, & sous le 40. 30 de latit. septentrionale. 2°. Baconiah, port de la mer Caspienne, située sous le 84. 10. de longitude & sous le 39. 30. de latitude septentrionale ; 3°. Schamakhiah, capitale du Schirvan, sous les 85. 30. de longitude, & sous le 39. 30. de latit. septentrionale.


Le Schirvan est terminé au septentrion par le Caucase, à l’orient par la mer Caspienne, & au midi par la riviere de Kur. Il a environ trente lieues de longueur du septentrion au midi, & à-peu-près autant de largeur de l’orient à l’occident. Cette province est proprement l’ancienne Albanie ; car Strabon, Pline & Ptolomée, conviennent de la situation de l’Albanie, entre le mont Caucase, la mer Caspienne, & le Cyrus.


Le Schirvan répond aussi à l’éloge que Strabon fait de l’Albanie. L’air y est sain & tempéré, le voisinage des hautes montagnes couvertes de neiges, & le vent de mer en modere la chaleur : les hivers y sont communément plus humides que froids, & toute la campagne est couverte d’herbes odoriférantes. (D. J.)​","[[""40 30' N 83 E""], [""39 30' N 84 10' E""], [""39 30' N 85 30' E""]]",,40 30' N 83 E | 39 30' N 84 10' E | 39 30' N 85 30' E,40 30' N 83 E | 39 30' N 84 10' E | 39 30' N 85 30' E
v14-3187-0,SELINGA,"SELINGA, (Géog. mod.)​ ville de l’empire russien, dans la grande Tartarie, sur la riviere qui lui donne son nom. Voyez Selinginskoy.


Quant à la riviere même, elle sort de diverses sources vers les 46d. de latitude & les 115d. de longitude. Elle va se décharger dans le lac Baïkal, à 55 degrés de latitude. Ses deux bords, depuis son origine jusqu’à une journée de Selinginskoy, sont aux Monugales ; mais depuis Selinginskoy jusqu’à son embouchure, tout son rivage appartient aux Russes. (D. J.)​","[['46 N 115 E'], ['55 N']]",,46 N 115 E | 55 N,46 N 115 E | 55 N
v15-447-1,"Siba, la","Siba, la, (Géog. mod.)​ riviere de la grande Tartarie, & qui s’appelloit autrefois Altui. Elle a sa source dans les montagnes d’une branche du Caucase, à 43d de latitude, au sud des sources de la Jéniséa, & elle se perd vers le nord de deserts du Goby. Ses bords sont habités par les Monugales de l’ouest, qui ont un petit kan pour chef. (D. J.)​",[['43 N']],,43 N,43 N
v15-934-0,SOCOTERA ou SOCOTORA,"SOCOTERA ou SOCOTORA, (Géog. mod.)​ île située entre l’Arabie-heureuse & l’Afrique, au midi du cap Fartac, & au nord du cap Gardafui, environ à 20 lieues de ces deux continens. On donne à cette île une quarantaine de lieues de tour ; elle a un roi particulier, qui releve d’un chérif d’Arabie. Son produit consiste en bétail, en riz & en fruits ; on en tire aussi des dattes, de l’encens & de l’aloës ; sa capitale se nomme Tamara, Tamarin ou Tamarette. Latit. 13. (D. J.)​",[['13 N']],,13 N,13 N
v15-1106-1,"Sonde, îles de la","Sonde, îles de la, (Géog. mod.)​ îles de la mer des Indes, situées autour de l’équateur, & au couchant des Moluques. Elles s’étendent depuis le 8 deg. de latit. sept. jusqu’au 8 de lat. mérid. & depuis le 138. deg. de long. jusqu’au 158. Les principales de ces îles sont Sumatra, Java & Bornéo ; leurs peuples tiennent beaucoup du naturel, de la façon de vivre, & du langage de ceux de la terre-ferme de Malaca, ce qui fait conjecturer qu’elles ont été peuplées par les Malayes. Les Hollandois font le principal commerce de ces îles. (D. J.)​","[['8 S 138 E', '8 N 158 E']]",,8 S 138 E 8 N 158 E,8 N 138 E | 8 S 158 E
v15-1571-0,"SPITZBERG, le","SPITZBERG, le, (Géog. mod.)​ pays de la terre Arctique, dans l’Océan septentrional, ainsi nommé à cause de la quantité de ses montagnes aiguës. Les Anglois l’appellent Niew-land. Il est fort avancé au-dessus de la Norwege, vers le nord, à la hauteur de 80 degrés de latitude, entre la nouvelle Zemble à l’orient, & le Groenland à l’occident, à près de trois cens lieues de chacune de ces contrées. Il fut découvert en 1596, & ainsi nommé par Guillaume Barents & Jean Cornelis, hollandois, qui cherchoient un chemin pour aller à la Chine, par la mer Glaciale.


On a reconnu que le Spitzberg est divisé en deux parties : celle qui est au couchant est une grande île, qui s’étend du septentrion au midi l’espace de près de deux cens mille pas ; & celle qui est au levant, est une autre île plus petite, nommée la nouvelle Frise.


Il n’y a ni villes, ni villages connus dans ce pays à cause du grand froid qu’il y fait, mais seulement quelques ports, comme la baie de Hoorn, la baie des Anglois, la baie des Basques, le golfe de Way, & quelques autres ports fréquentés par les Anglois, les Hollandois, les Hambourgeois, pour la pêche de la baleine, qui y est meilleure qu’en aucun autre pays du pole arctique ; mais les glaces dont toutes les côtes du Spitzberg sont couvertes, en rendent la navigation très-dangereuse. (D. J.)​",[['80 N']],,80 N,80 N
v16-292-0,TERMED,"TERMED, (Géog. mod.)​ ville d’Asie dans la Transoxiane, sur l’Oxus. Long. selon de Lisle, 85. 30. (D. J.)​","[[""85 30' E""]]",,85 30' E,85 30' E
v16-310-0,TERNATE,"TERNATE, (Géog. mod.)​ île de la mer des Indes, la principale des Moluques, sous la ligne, à un demi-degré de latitude septentrionale, à 2 lieues de Tidor. Elle en a six de circuit. Le pays est montagneux. L’air y est chaud & sec, & les volcans y font de grands desordres. La mer fournit beaucoup de poisson ; les orangers, citronniers, cocotiers & amandiers, viennent en abondance à Ternate. Il y a dans cette île un roi particulier, qui fait son séjour à Malayo, capitale. Ses sujets sont mahométans, paresseux, sobres, ignorans, sans ambition, & sans vanité. Tous leurs meubles consistent en une hache, un arc, des flêches, quelques nattes & quelques pots. Leur principale nourriture est de pain de sagou, ou de maïs.


Les Hollandois ont débusqué les Portugais de cette île, & le roi de Ternate s’est soumis à la compagnie des Indes orientales, en arrachant tous les girofliers de son pays ; la compagnie pour le dédommager de cette perte, lui donne chaque année environ dix-huit mille rixdallers en especes, ou en valeur par d’autres effets.


On ne connoît guere de volcan plus terrible que celui de l’île de Ternate. La montagne, qui est roide & difficile à monter, est couverte au pié de bois épais ; mais son sommet qui s’éleve jusqu’aux nues, est pelé & escarpé par le feu. Le soupirail est un grand trou qui descend en ligne spirale, & devient par degré de plus petit en plus petit, comme l’intérieur d’un amphithéâtre. Dans le printems & en automne, vers les équinoxes, quand il regne un certain vent, & sur-tout le vent du nord, cette montagne vomit avec grand bruit des flammes mêlées d’une fumée noire & de cendres brûlantes ; & toutes les campagnes des environs se trouvent couvertes de cendres. Les habitans y vont dans certain tems de l’année pour y recueillir du soufre, quoique la montagne soit si escarpée en plusieurs endroits, qu’on ne peut y monter qu’avec des cordes attachées à des crochets de fer. (D. J.)​","[[""0 30' N""]]",,0 30' N,1/2 N
v16-342-54,"Terre-ferme, en Amérique","Terre-ferme, en Amérique, (Géog. mod.)​ vaste contrée de l’Amérique, sous la zone torride, entre le treizieme degré de latitude septentrionale & le deuxieme de latitude méridionale. Elle comprend six gouvernemens sur la mer du Nord ; savoir, Paria, ou la nouvelle Andalousie, Venezuela, Rio de la Hacha, Sainte-Marthe, Carthagène & la Terre ferme proprement dite. Elle comprend sur la mer du Sud deux​autres gouvernemens ; savoir, le royaume de Grenade & le Popayan.


Le nom de Castille d’or étoit autrefois commun à une grande partie de ce pays-là, qui est aujourd’hui partagé entre trois audiences ; celle de Saint-Domingue, celle de Santa-Fé & celle de Panama.


La Terre-ferme proprement dite, est une province particuliere du grand pays qui est le long de la côte septentrionale de l’Amérique méridionale ; c’en est proprement la partie, qui est entre la nouvelle Espagne, la mer du Nord, la mer du Sud & le golfe de Darien. Panama & Puerto-Belo en sont les principales villes. (D. J.)​","[['13 N', '2 S']]",,13 N 2 S,13 N | 2 S
v16-710-2,"Thomas, Saint-","Thomas, Saint-, (Géog. mod.)​ île de l’Amérique septentrionale, une des Antilles, au levant de Porto-Rico. Elle a six lieues de tour, & appartient aux Danois. Long. 18. 27. (D. J.)​","[[""18 27' N""]]",,18 27' N,18 27' O
v16-929-0,TIMANA,"TIMANA, (Géog. mod.)​ ville de l’Amérique méridionale, au Popayan, dans la contrée à laquelle elle donne son nom, à l’orient des hautes montagnes des Andes, dans une région fort chaude, sur le bord d’une petite riviere. Latit. 1. 28. (D. J.)​","[[""1 28' N""]]",,1 28' N,1 28' N
v16-1305-0,TOR,"TOR, (Géogr. mod.)​ petite ville d’Asie, dans l’Arabie pétrée, sur le bord de la mer Rouge, avec un château pour défense. Son port est assez bon pour les vaisseaux & pour les galeres ; c’est l’abord des pelerins turcs qui vont à la Mecque. Lat. 28. (D. J.)​",[['28 N']],,28 N,28 N
v16-1380-10,"Tortues, île des","Tortues, île des, (Géog. mod.)​ îles de l’Amérique septentrionale, au nombre de sept ou huit, & que quelques-uns mettent au rang des Lucayes ; on les trouve au midi occidental du cap de la Floride, environ à 294 d. de longitude, entre les 24 & 25 d. de latitude nord. (D. J.)​","[['24 N 294 E', '25 N 294 E']]",,24 N 294 E 25 N 294 E,24 N 294 O | 25 N 294 O
v16-2000-9,"Trinité, île de la","Trinité, île de la, (Géog. mod.)​ ou ila della Trinitad, île de l’Amérique méridionale, dans la mer du Sud, sur la côte de la Terre-ferme, au nord de l’embouchure de l’Orénoque. Elle appartient aux Espagnols ; on lui donne 25 lieues de long, sur 18 de large, mais l’air y est mal-sain, à cause qu’il est ordinairement chargé de brouillards. Colomb a découvert cette île en 1498 ; la petite ville de Saint-Joseph est sa capitale. Latit. mérid. 9. latit. septent. 10. 30. suivant les cartes hollandoises. (D. J.)​","[['9 N', ""10 30' N""]]",,9 N 10 30' N,9 S | 10 30' N
v16-2000-10,"Trinité, la","Trinité, la, (Géog. mod.)​ ou comme disent les Espagnols, la Trinitad, ville de l’Amérique méridionale, dans la Terre-ferme, au nouveau royaume de Grenade, sur le bord orientatal de la riviere de la Magdalena, à 24 lieues de Santa-Fé. Latitude 5. 30. (D. J.)​","[[""5 30' N""]]",,5 30' N,5 30' N
v16-2282-0,TUBINGEN,"TUBINGEN, (Géog. mod.)​ ville d’Allemagne, en Suabe, dans le duché de Wirtemberg, sur le Necker, à quatre milles de Stutgard au sud-ouest, & à douze au couchant d’Ulm. On croit que cette ville a été bâtie au commencement du sixieme siecle, mais elle a été agrandie en 1482, par le duc de Wirtemberg, Eberard le barbu, qui y avoit établi en 1477 une université à laquelle il accorda de grands privileges. Le territoire de cette ville est diversifié par quelques vignobles, des prés, des terres labourables, des collines & des vallées. Long. suivant Cassini, 26. 56. 15. latit. 48. 34. Long. suivant Sickard, 26. 46. 30. latit. 48. 34. (D. J.)​","[['alt'], ['48 34\' N 26 56\' 15"" E'], ['48 34\' N 26 46\' 30"" E']]",,"alt | 48 34' N 26 56' 15"" E | 48 34' N 26 46' 30"" E","48 34' N 26 56' 15"" E | 48 34' N 26 46' 30"" E"
v16-2361-0,"TURA, la","TURA, la, (Géog. mod.)​ riviere de Sibérie dans l’empire russien. Elle a sa source dans cette partie du mont Caucase qui sépare la Sibérie de la Russie, à 59 degrés 30 minutes de latitude, au nord du royaume de Casan, & courant de-là à l’est-sud est, elle va se joindre à la riviere de Tobol, à 57. 40. de latitude. Cette riviere est fort poissonneuse, & ses rives abondent en toutes sortes de gibier.","[[""57 40' N""]]",,57 40' N,59 30' N | 57 40' N
v16-2428-0,"TUTUCURIN, TUTOCORIN, TUTUCORY","TUTUCURIN, TUTOCORIN, TUTUCORY, (Géog. mod.)​ ville de la presqu’isle occidentale de l’Inde, sur la côte de la pescherie, entre le cap de Comorin, & le passage de Ramanor. Elle est très peuplée, & c’est le seul endroit de la côte où les vaisseaux européens puissent aborder, cette rade étant couverte par deux isles qui en font la sureté. Les Hollandois y ont une forteresse, qui leur sert à faire un grand commerce sur toute cette côte. latit. suivant le pere Noel, 8, 52. (D. J.)​","[[""8 52' N""]]",,8 52' N,8 52' N
v16-2631-2,Valladolid ou Vallisoleto,"Valladolid ou Vallisoleto, (Géog. mod.)​ ville de l’Amérique septentrionale, dans la nouvelle Espagne, au gouvernement de Méchoacan, proche d’un grand lac, avec un évêché suffragant de Mexico. Latit. 11. 19. (D. J.)​","[[""11 19' N""]]",,11 19' N,11 19' N
v16-2753-0,VASCHGERD,"VASCHGERD, (Géog. mod.)​ ville du Turquestan, dans le territoire de Saganian, sur les confins de Tarmed. Long. 92. sa latitude est inconnue. (D. J.)​​",[['92 E']],,92 E,92 E
v16-2943-3,"Vendre, port de","Vendre, port de, (Géog. mod.)​ port de France, dans le Roussillon, sur la côte de la Méditerranée, au pié de plusieurs montagnes, à un mille & demi nord-ouest du cap d’Esbiere. Le port de Vendre est une espece de calanque, longue d’environ quatre cens toises, & large de cent en certains endroits. C’étoit autrefois un très-bon port, mais il est présentement comblé en partie. La latitude de ce port est 42. 30. & la variation 6d. nord-ouest. (D. J.)​","[[""42 30' N""]]",,42 30' N,42 30' N
v17-18-0,VENISE,"VENISE, (Géog. mod.)​ ville d’Italie, capitale de la république, & sur le golfe de même nom, au centre des Lagunes, à 1 lieue de la Terre-ferme, à 33 de Ravenne, à 40 au nord-est de Florence, à 50 au levant de Milan, à 87 au nord de Rome, & à 95 de Vienne en Autriche. Long. suivant Cassini, 30. 11. 30. lat. 45. 25. & Long. suivant Manfredi, 30. 12. 45. lat. 45. 33.


Elle doit sa naissance aux malheurs dont l’Italie fut affligée dans le cinquieme siecle, par les ravages des Goths & des Visigoths. Quelques familles de Padoue se retirerent à Rialto : les autres iles des Lagunes devinrent ensuite le refuge de ceux qui se deroberent aux fureurs d’Attila dans le sac d’Aquilée, & de quelques villes des environs, que le roi des Huns détruisit ; les misérables restes de toutes ces villes peuplerent les îles des Lagunes, & y bâtirent des cabanes, qui furent les fondemens de la superbe Venise, aujourd’hui l’une des plus belles, des plus considérables, & des plus puissantes villes de l’Europe.


De quelque endroit qu’on y aborde, soit du côté de la terre-ferme, soit du côte de la mer, l’aspect en est toujours également singulier. On commence à l’appercevoir de quelques milles de loin, comme si elle flottoit sur la surface de la mer, & environnée d’une forêt de mâts de vaisseaux & de barques, qui laissent peu-à-peu distinguer ses principaux édifices, & en particulier ceux du palais & de la place de saint Marc.


Cette ville est toute bâtie sur pilotis, & a été fondée non-seulement dans les endroits où la mer parut au commencement découverte, mais encore où l’eau avoit beaucoup de profondeur, afin qu’en rapprochant par ce moyen un grand nombre de petites îles qui environnoient celle de Rialto, qui étoit la principale, & les joignant par des ponts, on pût en former le vaste corps de la ville, dont la grandeur, la situation & la majesté extérieure font un effet admirable. Tout le monde connoît les beaux vers de Sannazar à la gloire de Venise, & elle a eu raison de les graver sur le marbre.



Viderat Adriacis Venctam Neptunus in undis
Stare urbem, & toto dicere jura mari :
I, nunc tarpeias, quantùmvis Jupiter arces
Objice, & illa tui moenia Martis, ait.

​

Si Tiberim Pelago confers, urbem aspice utramque,
Illam homines dices, hanc posuisse deos.


Quoique Venise soit ouverte de toutes parts, sans portes, sans murailles, sans fortifications, sans citadelle & sans garnison ; elle est cependant une des plus fortes places de l’Europe. On y compte environ cent cinquante mille habitans, soixante-douze paroisses dont les églises sont fort petites, une trentaine de couvens de religieux, & au-moins autant de monasteres de religieuses, outre plusieurs confrairies de pénitens, qu’on appelle écoles. Elle contient un assemblage prodigieux des plus beaux tableaux de la peinture ; elle possede tous ceux de Tintoret, de Paul Véronese, & les plus précieux ouvrages du Titien.


Un très-grand nombre de canaux qui donnent de toutes parts entrée dans la ville, & la traversent de tous les sens, la divisent en une si grande quantité d’iles, qu’il y a des maisons seules entourées, d’eau des quatre côtés ; mais s’il n’y a point d’endroits à Venise où l’on ne puisse aborder en gondole, il n’y en a guere aussi ou l’on ne puisse aller à pié, par le moyen de plus de quatre cens ponts, qui procurent la communication d’un grand nombre de petites rues qui percent la ville, & de plusieurs quais qui bordent les canaux.


Il est vrai que la plûpart de ces quais sont si peu larges, que deux personnes ont de la peine à passer de front ; les plûs spacieux n’ont ni appui, ni balustrades, & sont coupés vis-à-vis de chaque maison par des marches qui desçendent dans les canaux, afin de pouvoir entrer commodément dans les gondoles, & en sortir.


Ces fréquentes descentes qu’on appelle des rives, étrécissent si fort ces quais, que les passans sont obligés, sur-tout pendant la nuit, de se ranger près des maisons, pour ne pas s’exposer à tomber dans l’eau. La profondeur du grand canal est considérable ; mais celle des autres canaux n’est que de 5 à 6 piés, lorsque par la marée l’eau est à sa plus grande hauteur.


A l’égard des ponts, la plupart sont de pierre & de brique, & ils sont si délicatement bâtis, que l’arche n’a ordinairement que 8 pouces d’épaisseur. Les bords & le milieu sont de chaînes de pierre dure, & assez élevés pour donner passage aux gondoles & aux grandes barques, qui vont incessamment par les canaux. On y monte de chaque côté par quatre ou cinq marches d’une pierre blanche, qui approche de la nature du marbre, & qui devient si glissante, que pendant la pluie & la gelée, il est difficile de s’empêcher de tomber ; & comme ces ponts n’ont point de garde-fous, la chûte n’est pas peu dangereuse.


Rien ne contribue davantage à la beauté de Venise, que son grand canal, qui a près de 2 milles de longueur, & 50 à 60 pas de largeur. Comme il fait plusieurs retours dans le milieu de la ville, on le traverse souvent deux à trois fois pour aller en gondole par le chemin le plus court d’un côté de la ville à l’autre. Son eau est toujours assez belle à cause de sa profondeur, & du courant du flux & du reflux : les galeres & les grandes barques chargées y trouvent assez de fonds. Il est bordé des plus beaux palais ; mais outre qu’il lui manque un quai continué d’un bout à l’autre, les palais qui le bordent sont entremêlés de petites maisons qui les déparent.


Ce grand canal qui partage Venise en deux parties presque égales, n’a que le seul pont de Rialto qui se trouve au centre de la ville ; c’est un pont fort large, & tout bâti de pierres de taille aussi dures que le marbre ; il a couté 250000 ducats ; mais comme l’incommodité seroit trop grande pour les habitans, si l’on étoit obligé d’aller chercher le pont toutes les fois qu’on veut passer d’un côté de la ville à l’autre ; il​y a de distance en distance dans toute la longueur du canal, des gondoliers établis par la police, pour porter les passans à un prix réglé en quelqu’endroit qu’ils veulent aller.


Toutes les rues sont pavées de briques, mises sur le côté ; & comme il n’y passe ni carrosses, ni chevaux, ni charrettes, ni trainaux, on y marche fort commodément. Les bouts de chaque rue ont été tenus assez larges, & on a ménagé un grand nombre de petites places, outre celle que chaque église a devant son portail.


On a pratiqué dans toutes ces places, des citernes publiques d’eau de pluie, qui se ramasse dans des gouttieres de pierre placées au haut des maisons, & tombe par des tuyaux dans les éponges des citernes. Ceux qui veulent avoir encore de meilleure eau & en plus grande quantité, en envoient remplir des bateaux dans la Brente, & la font jetter dans leurs citernes, où elle se purifie & devient très-bonne à boire.


La place de S. Marc fait du côté de la mer, le plus bel aspect de Venise. Il y a toujours vis-à-vis de cette place une galere armée, prête à défendre le palais dans quelque émotion populaire. Elle sert encore à l’apprentissage des forçats, dont on équipe les galeres de la république. Cette place est fermée du côté de l’orient par le palais ducal de S. Marc, qui est un gros bâtiment quarré, enrichi de deux portiques l’un sur l’autre. On voit au premier étage de ce palais, un grand nombre de chambres dans lesquelles s’assemblent autant de différens magistrats pour y rendre la justice. La premiere rampe du second étage conduit aux appartemens du doge ; la seconde mene aux salles du college de prégadi, du scrutin, du conseil des dix, des inquisiteurs d’état, & du grand-conseil ;les murailles sont tapissées çà & là de tableaux des maîtres de l’école Lombarde, & d’autres célébres peintres.


L’église de S. Marc est proprement la chapelle du doge, & on y fait toutes les cérémonies solemnelles. Cette église est collégiale, & n’a aucune jurisdiction au-dehors. Les vingt-six chanoines qui la composent, ainsi que le primicier ou le doyen du chapitre, sont à la nomination du doge ; c’est toujours un noble vénitien qui est pourvû de la dignité de primicier, dont le revenu est d’environ 5000 ducats, sans une abbaye qu’on y joint ordinairement.


L’église de S. Marc est remarquable par ses richesses qu’on appelle communément le trésor de Venise ; cependant il faut distinguer le trésor de l’église, du trésor de la république. Les reliques font le trésor de l’église ; & parmi ces reliques, on voit des châsses d’or & d’argent enrichies de pierreries, avec une bonne quantité d’argenterie pour l’usage & pour l’ornement de l’autel.


Dans un lieu joignant celui où l’on garde les reliques, on voit les richesses du trésor de la république, arrangées sur les tablettes d’une grande armoire, dont le fonds est de velours noir, pour les faire éclatter davantage. Une balustrade dans laquelle se tient le procurateur qui en a les clés, empêche qu’on ne puisse approcher d’assez près pour y atteindre de la main. Les richesses de ce trésor consistent en corcelets d’or, couronnes d’or, pierres précieuses de toute espece, la couronne ducale, quantité de vases d’agate, de cornaline, &c.


La république avoit autrefois dans son trésor des richesses beaucoup plus considérables, entr’autres une chaîne d’or qu’on étendoit le long du portique du palais, & douze à quinze millions d’or monnoyé qu’on étaloit aux yeux du peuple dans certains jours de solemnités ; mais la guerre de Candie a épuisé & le prix de la chaîne, & les douze ou quinze millions d’or monnoyé.​


L’arsenal de Venise est le fondement des forces de l’état. Son enceinte est fermée de murailles, flanquées de petites tours. On fabrique dans cette enceinte les vaisseaux, les galeres, & les galéasses. Les salles de l’arsenal sont remplies de toutes sortes d’armes, pour les troupes de terre & de mer. Sous ces mêmes salles sont des magasins séparés qui contiennent toutes sortes d’attirail & d’équipage de guerre. L’arsenal se gouverne comme une petite république. On y fait bonne garde, & les ouvriers y travaillent sous l’autorité de trois nobles vénitiens, qui résident dans l’arsenal, & qu’on ne change que tous les trois ans. La république entretient ordinairement trois ou quatre cens ouvriers dans son arsenal pendant la paix.


Outre les avantages que Venise partage avec les autres villes maritimes, elle en retire encore un particulier de la situation au milieu des lagunes, qui sont comme le centre où aboutissent diverses rivieres, entr’autres le Pô, l’Adige, la Brente, la Piave, & quantité de canaux que la république a fait creuser pour le commerce étranger, commerce sans lequel Venise seroit bientôt misérable, & qui même est à présent réduit à celui d’Allemagne & de Constantinople : mais la banque de Venise dont le fonds est fixe à cinq millions de ducats, conserve encore son crédit.


Les Vénitiens, suivant la coutume fanfaronne d’Italie, ont donné une description superbe de leur capitale, sous le titre de Splendor orbis Venetiarum, 2. vol. in-fol. avec figures. Crasso (Lorenzo) a de son côté publié en italien les éloges des hommes de Lettres nés à Venise ; cette bibliographie parut en 1666, en 2. vol. in-4°. Il est certain que Venise a produit depuis la renaissance des Lettres des savans distingués en tout genre ; on en jugera par mon triage.


Entre les papes natifs de cette ville, j’y trouve Engene IV. Paul II. & Alexandre VIII.


Eugene IV. appellé auparavant Gabrieli Condolmerio, étoit d’une famille obscure ; il fut élu cardinal en 1408, & pape en 1431, pendant la tenue du concile de Bâle. Les peres de ce concile déclarerent que le pontife de Rome n’avoit ni le droit de dissoudre leur assemblée, ni même celui de la transférer. Sur cette déclaration Eugene pour marquer sa puissance, ordonna la dissolution du concile, en convoqua un nouveau à Ferrare, & ensuite à Florence, où l’empereur grec, son patriarche, & plusieurs des prélats grecs, signerent le grand point de la primatie de Rome. Dans le tems qu’Eugene rendoit ce service aux Latins en 1439 ; le concile de Bâle le déposa du pontificat, & élut Amédée VIII. duc de Savoie, qui s’étoit fait hermite à Ripaille par une dévotion que le Poggio est bien loin de croire réelle. Cet anti-pape prit le nom de Félix V. & dix ans après, il donna son abdication, qui lui procura de Nicolas V. un indult par lequel le pape s’engage de ne nommer à aucun bénéfice consistorial dans ses états, sans le consentement du souverain ; Eugene mourut en 1447.


Paul II. en son nom Pierre Barbo, neveu par sa mere d’Eugene IV. succéda à Pie II. l’an 1464, & mourut d’apopléxie l’an 1471, à 54 ans. Platine qu’il avoit dépouillé de tous ses biens, & mis deux fois très-injustement en prison, ne l’a point ménagé dans ses écrits. Ce qu’il y a de certain, c’est que ce pape n’aimoit pas les gens de Lettres, & qu’il supprima le collége des abbreviateurs, composé des plus beaux esprits de Rome : Humanitatis studia ita oderat, ut ejus studiosos uno nomine hoereticos appellaret. Il étendit la bulle des cas réservés aux papes, beaucoup plus loin que ses prédécesseurs, afin de s’enrichir davantage. Il obligea les cardinaux de signer toutes les bulles sans leur en donner aucune connoissance.​Il envoya en France en 1467, le cardinal d’Arras, pour faire vérifier au parlement les lettres-patentes, par lesquelles le roi Louis XI. avoit aboli la pragmatique-sanction ; mais le procureur général & l’université de Paris s’opposerent à cet enregistrement. C’est encore Paul II. qui par une bulle du 19 Avril 1470, réduisit le jubilé à 25 ans, en espérance, dit Du-Plessis Mornay, de jouir de cette foire l’an 1475 ; mais ce fut son successeur Sixte IV. qui en tira le profit.


Alexandre VIII. en son nom Pierre Ottoboni, succéda à 79 ans au pape Innocent XI. en 1689, & mourut deux ans après. Il avoit en mourant fait deux choses ; 1°. fulminé une bulle contre l’assemblée du clergé de France, tenue en 1682, & 2°. distribué à ses neveux tout ce qu’il avoit amassé d’argent. Ce dernier trait de sa vie fit dire à Pasquin, qu’il auroit mieux vallu pour l’Eglise être sa niece que sa fille.


Passons aux savans nés à Venise : je trouve d’abord les Barbaro ; & si leur famille n’est pas une des vingt-quatre nobles, elle est du-moins la plus illustre dans les Lettres.


Barbarus (François) réunit les sciences au maniment des affaires d’état ; en même tems qu’il rendit de grands services à sa patrie, il traduisit du grec la vie d’Aristide & de Caton, après avoir donné son ouvrage de re uxoriâ ; il mourut l’an 1454.


La même année naquit son petit-fils Barbarus (Hermolaüs) un des savans hommes de son siecle. Les emplois publics dont il fut chargé de très-bonne heure auprès de l’empereur Frédéric, & de Maximilien son fils, ne le détournerent point de l’étude. Il traduisit du grec plusieurs ouvrages d’Aristote, ainsi que Dioscoride, qu’il mit au jour avec un docte commentaire. Il étoit ambassadeur de Venise auprès d’innocent VIII. lorsque le patriarche d’Aquilée vint à mourir. Aussi-tôt le pape lui conféra cette place, qu’il eut l’imprudence d’accepter sans le consentement de ses supérieurs ; la république fut irritée, le bannit, & confisqua ses biens. Cependant il n’étudia jamais avec tant d’application que depuis que sa patrie l’eut maltraité. Sa disgrace nous a procuré le meilleur de ses ouvrages, son édition de Pline, publiée l’an 1492 ; il y corrigea près de cinq milles passages ; il a rompu la glace, & s’il a souvent fait des plaies à son auteur, il l’a aussi très-souvent rétabli ; il mourut à Rome l’an 1493.


Barbarus (Daniel) mort en 1569, à l’âge de 41 ans, avoit été ambassadeur en Angleterre, & fut un des peres du concile de Trente. Il a donné la prattica della perspectiva, Venise 1559 ; & il mit au jour dans la même ville l’an 1567, un commentaire sur Vitruve. Il étoit en même tems si prévenu pour Aristote, qu’il lui auroit volontiers prêté serment de fidélité, s’il n’avoit pas été chrétien.


Bembo (Pierre) en latin Bembus, noble vénitien, l’un des plus polis écrivains du xvj. siecle, naquit en 1470. Il parut beaucoup à la cour du duc de Ferrare, & à celle du duc d’Urbin, qui étoient alors le rendez-vous des plus beaux esprits. Léon X. le nomma son secrétaire avec Sadolet, avant que de sortir du conclave, où il fut promu à la papauté. Paul III. le créa cardinal en 1538, & lui donna un évêché ; il mourut l’an 1547, dans sa 77 année ; Jean de la Caza a écrit sa vie.


Son premier livre est un traité latin, de monte Ætna, qui parut l’an 1486 : à l’âge de vingt-six ans, il écrivit gli Azolani, qui sont des discours d’amour, ainsi nommés, parce qu’on suppose qu’ils furent faits dans le château d’Azolo. Ils ont été traduits en françois en 1545 ; on le blâme justement d’avoir donné cet ouvrage, & d’autres poésies encore plus licentieuses, que Scaliger appelloit elegantissimas obscenigates. Nous parlerons de son histoire de Venise à l’article de cette république.​


Egnatio (Jean Baptiste) en latin Egnatius, célebre humaniste du xvj. siecle, étoit disciple d’Ange Politien. Il enseigna les Belles-Lettres dans Venise sa patrie avec une réputation extraordinaire, & n’obtint que dans une âge décrépit la démission de son emploi ; mais on lui conserva une pension de deux cens écus de rente, ducentos aureos nummos, & ses biens furent affranchis de toutes sortes d’impôts. Il laissa sa petite fortune, sa belle bibliotheque, son cabinet de médailles, & sa collection d’antiques, à trois illustres familles de Venise ; il mourut en 1553, âgé de 80 ans.


Ses ouvrages sont 1°. de romanis principibus vel Cæsaribus, libri tres. L’abbé de Marolles a traduit ce livre en françois l’an 1664, 2°. de Origine Turcarum, 3°. observationes in Ovidium ; 4°. Interpretamenta in familiares epistolas Ciceronis ; 5°. de exemplis illustrium virorum, &c. Mais il parloit mieux qu’il n’écrivoit, & ne mérite pas dans ses livres la qualité de cicéronien qu’on lui a donnée.


Corradus rapporte un fait assez curieux sur la facilité de son élocution. Egnatius étant sur le point de finir une harangue, vit entrer le nonce du pape dans l’auditoire ; il recommença son discours, le répéta tout différemment, & avec encore plus d’éloquence que la premiere fois ; de sorte que ses amis lui conseillerent de continuer ses harangues, ses leçons, & de ne plus écrire.


Paul & Alde Manuce, ont fait beaucoup d’honneur à leur patrie par leur érudition. Le premier né en 1512, fut nommé par Pie IV. chef de l’Imprimerie apostolique ; il mourut en 1574, à 62 ans. On a de lui, 1°. une édition estimée des œuvres de Cicéron avec des notes & des commentaires ; 2°. des épîtres en latin & en italien ; 3°. les traités de legibus romanis ; de dierum apud Romanos veteres ratione ; de senatu romano ; de civitate romanâ ; de comitiis Romanorum.


Manuce (Alde) dit le jeune, fils de Paul, & petit-fils d’Alde Manuce, le premier imprimeur de son tems, surpassa la réputation de son pere. Il vint à Rome, où il enseigna les humanités, mais avec si peu de profit, qu’il fut obligé pour vivre de vendre la magnifique bibliotheque que son pere, son ayeul, & ses grands-oncles, avoient recueillie avec un soin extrème, & qui, dit-on, contenoit quatre-vingt mille volumes. Il mourut en 1597, sans autre récompense que les éloges dûs à son mérite. Ses ouvrages principaux, sont des commentaires sur Cicéron, & sur l’art poétique d’Horace, de quæsitis per epistolas libri tres ; Commentarius de orthographiâ ; Tractatus de notis veterum, & d’autres livres sur les Belles-Lettres en latin & en italien.


Frapaolo Sarpi (Marco) que nous nommons en françois le pere Paul, est un des hommes illustres dont Venise a le plus de raison de se glorifier. Il naquit en 1552, & montra dès son enfance deux qualités qu’on voit rarement réunies, une mémoire prodigieuse, & un jugement exquis ; il prit l’habit de servite en 1566, & s’appliqua profondément à l’étude des Langues, de l’Histoire, du Droit canon, & de la Théologie ; ensuite il étudia la Philosophie expérimentale, & l’Anatomie. Il fut tiré de son cabinet pour entrer dans les affaires politiques, à l’occasion du fameux différend qui s’éleva entre la république de Venise, & la cour de Rome, au sujet des immunités ecclésiastiques.


Le pere Paul choisi par la république pour son théologien, & l’un de ses consulteurs, prit la plume pour la défense de l’état, & écrivit une piece sur l’excommunication. Cette piece a paru en françois sous le titre de droit des souverains, défendu contre les excommunications, &c. mais dans l’italien, elle est intitulée : Consolation de l’esprit pour tranquilliser​les consciences de ceux qui vivent bien, contre les frayeurs de l’interdit publié par Paul V. Il mit au jour plusieurs écrits à l’appui de cet ouvrage, & fit un traité sur l’immunité des lieux sacrés dans l’étendue de la domination vénitienne.


Il eut la plus grande part au traité de l’interdit publié au nom des sept théologiens de la république, dans lequel on prouve en dix-neuf propositions, que cet interdit étoit contre toutes les lois, que les ecclésiastiques ne pouvoient y déférer avec innocence, & que les souverains en devoient absolument empêcher l’exécution. La cour de Rome le fit citer à comparoître ; au-lieu d’obeir, il publia un manifeste pour prouver l’invalidité de la citation.


Le différend entre la république de Venise & le pape, ayant été terminé en 1607, le pere Paul fut compris dans l’accomodement ; mais quelques mois après, il fut attaqué en rentrant dans son monastere, par cinq assassins qui lui donnerent quinze coups de stilets, dont il n’y en eut que trois qui le blesserent dangereusement, deux dans le col & un au visage.


Le sénat se sépara sur le champ à la nouvelle de cet attentat, & la même nuit les sénateurs se rendirent au couvent des servites, pour les ordres nécessaires aux pansemens du malade. On ordonna qu’il seroit visité chaque jour par les magistats de semaine, outre le compte que les médecins viendroient en rendre journellement au sénat. On décerna des récompenses à quiconque indiqueroit les assassins, ou tueroit quelqu’un qui voudroit attenter désormais à la vie du pere Paul, ou découvriroit quelque conspiration contre sa personne. Enfin après sa guérison, le sénat lui permit de se faire accompagner par des gens armés, & pour augmenter sa sûreté, lui assigna une maison près de S. Marc. La république créa chevalier Aquapendente qui l’avoit guéri, & lui fit présent d’une riche chaîne & d’une médaille d’or. C’est ainsi que le sénat montra l’intérêt qu’il prenoit à la conservation de ce grand homme, & lui-même prit le parti de vivre plus retiré du monde qu’il n’avoit encore fait.


Dans sa retraite volontaire, il écrivit son histoire immortelle du concile de Trente, dont il avoit commencé à recueillir les matériaux depuis très-longtems. Cette histoire fut imprimée pour la premiere fois à Londres en 1619, in-fol. & dédiée au roi Jaques I. par l’archevêque de Spalato. Elle a été depuis traduite en latin, en anglois, en françois ; & en d’autres langues ; le pere le Courayer en a donné une nouvelle traduction françoise, imprimée à Londres en 1736, en deux volumes in-fol. & réimprimée à Amsterdam la même année, en deux volumes in-4°. c’est une traduction précieuse.


Le style & la narration de cet ouvrage sont si naturels & si mâles, les intrigues y sont si bien développées, & l’auteur y a semé par-tout des réflexions si judicieuses, qu’on le regarde généralement comme le plus excellent morceau d’histoire d’Italie. Fra-Paolo a été très-exactement informé des faits, par les archives de la république de Venise, & par quantité de mémoires de prélats qui s’étoient trouvés à Trente.


Le cardinal Palavicini n’a remporté d’approbation que celle de la cour de Rome. Il s’avisa trop tard de nous fabriquer l’histoire du concile de Trente, & sa conduite nous a dispensé d’ajouter foi à ses discours. Il est vrai qu’il nous parle des archives du Vatican, qu’on lui a communiquées, mais c’est une affaire dont on croit ce que l’on veut, sur-tout quand les pieces ne sont pas publiques ; ajoutez que les sources du Vatican ne sont pas des sources fort pures. Le style pompeux du Palavicini tombe en pure perte, & la maniere dont il traite Fra-Paolo, ne lui a pas acquis des suffrages. On dit qu’en échange des fautes réelles, il a saisi celles d’impression, pour en faire des erreurs à l’auteur.​


Le nom de Paolo étoit devenu si fameux dans toute l’Europe, que les étrangers venoient en Italie pour le voir ; que deux rois tâcherent par des offres fort avantageuses, de l’attirer dans leurs états ; & que divers princes lui firent l’honneur de lui rendre visite. Je ne dois point oublier dans ce nombre le prince de Condé, qui étant journellement admis aux délibérations du sénat, obtint de ce corps la permission de voir & d’entretenir le fameux servite, qui s’occupoit dans son couvent de choses plus importantes que d’affaires monastiques.


Je sai bien que le cardinal du Perron dit en parlant du pere Paul, « je n’ai rien trouvé d’éminent dans ce personnage, & n’ai vu rien en lui que de commun » ; mais ce jugement sur un homme si supérieur en toutes choses à celui qui le tenoit, est inepte, ridicule, plein de malignité & de fausseté.


Paolo mourut couvert de gloire le 14 Janvier 1623. âgé de 71 ans, ayant conservé son jugement & son esprit jusqu’au dernier soupir ; il se leva, s’habilla lui même, lut, & écrivit comme de coutume la veille de sa mort. On lui fit des funérailles très-distinguées. Le sénat lui éleva un monument, & Jean-Antoine Vénério, patrice vénitien, composa l’épitaphe qu’on y grava. Quoique plusieurs rois & princes souhaitassent d’avoir son portrait, il s’excusa constamment de se faire peindre, & même il le refusa à son intime ami Dominique Molini.


Mais voici ce qu’écrivit le chevalier Henri Wotton, dans sa lettre du 17 Janvier 1637, au docteur Collins professeur en théologie à Cambridge. « Puisque je trouve une bonne occasion, Monsieur, si peu de tems après celui où les amis ont coutume de se faire de petits présens d’amitié, permettez-moi de vous envoyer en guise d’étrennes, une piece qui mérite d’avoir une place honorable chez vous, c’est le portrait au naturel du fameux pere Paul, servite, que j’ai fait tirer par un peintre que je lui envoyai, ma maison étant voisine de son monastere. J’y ai depuis mis au bas un titre de ma façon, Concilii tridentini eviscerator : vous verrez qu’il a une cicatrice au visage, qui lui est restée de l’assassinat que la cour de Rome a tenté, un soir qu’il s’en retournoit à son couvent : (reliquiæ wottonianæ)»


Fra-Paolo, dit le P. le Courayer, à l’imitation d’Erasme, de Cassander, de M. de Thou, & autres grands hommes, observoit de la religion romaine, tout ce qu’il en pouvoit pratiquer sans blesser sa conscience ; & dans les choses dont il croyoit pouvoir s’abstenir par scrupule, il avoit soin de ne point scandaliser les foibles. Egalement étoigné de tout extrême, il désapprouvoit les abus des Catholiques, & blamoit la trop grande chaleur des Protestans. Il désiroit la réformation des papes, & non leur destruction ; il en vouloit à leurs abus, & non à leur place ; il étoit ennemi de la superstition, mais il adoptoit les cérémonies ; il s’asservissoit sans répugnance à l’autorité de l’église dans toutes les choses de rit & de discipline, mais il souhaitoit aussi qu’on les rectifiât ; il haïssoit la persécution, mais il condamnoit le schisme ; il étoit catholique en gros, & protestant en détail ; il abhorroit l’inquisition comme le plus grand obstacle aux progrès de la vérité. Enfin il regardoit la réformation comme le seul moyen d’abaisser Rome, & l’abaissement de Rome, comme l’unique voie de faire refleurir la pureté de la religion.


Sa vie a été donnée par le pere Fulgence, & par le pere le Courayer : on peut y joindre son article, qui est dans le dictionnaire historique & critique de M. Chaufepié. M. Amelot de la Houssaye a traduit avec des remarques le traité des bénéfices ecclésiastiques de Fra-Paolo. Il y a une traduction angloise du même ouvrage, par Thomas Jenkins, lord-maire​d’Yorck, avec une nouvelle vie du pere Paul, par M. Lockman, Londres 1736, in-8°. Les lettres de Fra-Paolo ont été traduites de l’italien en anglois, par M. Edouard Brown, & cette traduction a paru à Londres en 1693. in-8°.


Paruta (Paul), célebre écrivain politique du seizieme siecle, naquit à Venise en 1540. passa par toutes les grandes charges de sa patrie, fut honoré de plusieurs ambassades, & mourut procurateur de S. Marc, l’an 1598, âgé de 59 ans. M. de Thou fait un grand éloge de Paruta : c’étoit, dit-il, un homme d’une rare éloquence, & qui démêloit avec beaucoup d’adresse les affaires les plus embarrassées. Vir rarâ in explicandis negotiis solertiâ & eloquentiâ ; quas virtutes variis legationil us in Italia..... exercuit, & scriptis quæ magno in pretio inter prudentiæ civilis sectatores merito habentur, consignavit.


L’ouvrage de Paruta, intitulé della perfettione del-la vita politica, libri tre, parut à Venise en 1579, in-fol. 1586, in-12. 1592, in-4°. outre plusieurs autres éditions. Il a été traduit en françois par Gilbert de la Brosse, sous le titre de perfection de la vie politique, Paris 1682, in-4°. Il y en a aussi une traduction angloise, par Henri Cary, comte de Monmouth, imprimée à Londres en 1657, in-4°.


Un autre de ses ouvrages est : Discorsi politici, ne i qu ali si considerano diversi fatti illustri e memorabili di principi e di republiche antiche e moderne, divisi in due libri. Venise 1599, in-4°. Genes 1600, in-4°. & Venise 1629, in-4°. Samuel Sturmius en a donné une traduction latine à Brême en 1660, in-12. Le premier livre contient quinze discours, qui roulent sur la forme des anciens états ; le second en renferme dix, qui traitent des affaires de la république de Venise, & des choses arrivées dans les derniers tems. Cet ouvrage & le précédent ont mérité à l’auteur la qualité d’excellent politique.


Je parlerai de son histoire de Venise, en italien, à la fin de l’article de cette république ; c’est assez de dire ici qu’on peut puiser dans tous les ouvrages de cet historiographe, des maximes judicieuses & pleines d’équité pour le gouvernement des états. De-là vient que Boccalini le représente enseignant la politique, & les vertus morales sur le parnasse. Le pere Niceron a donné son article dans les Mémoires des hommes illustres, tom. XI. p. 288.


Ramusio (Jean-Baptiste), fut employé par la république de Venise, pendant quarante ans, dans les affaires, & mourut à Padoue l’an 1557, âgé de 72 ans. Il a publié trois volumes de navigations décrites par divers auteurs. Le premier contient la description de l’Afrique ; le second comprend l’histoire de la Tartarie ; le troisieme concerne les navigations au nouveau monde. Le total renferme un recueil d’anciens voyages estimés.


Trivisano (Bernard), naquit à Venise en 1652, & s’avança par son mérite aux dignités de sa patrie. Il mourut en 1720, âgé à-peu-près de 69 ans. Son ouvrage le plus considérable parut à Venise en 1704, in-4°. sous le titre de Meditazioni filosofiche, dont Bayle parle avec éloge. Cet auteur, dit-il, n’a point trouvé d’autre voie pour se tirer d’embarras sur la prédestination, que d’élever au-dessus des nues, les privileges de la liberté humaine. Voyez de plus grands détails dans le Giorn. de’leuer. tom. XXXIV. pag. 4. & suiv.


Aux hommes illustres dans les lettres, dont Venise est la patrie, j’ajoute une dame célebre qui reçut le jour dans cette ville vers l’an 1363, je veux parler de Christine de Pisan, sur laquelle la France a des droits. J’aurois dû commencer ma liste par cette dame, mais elle couronnera l’article de Venise, & l’embellira beaucoup, graces au détail de sa vie, que j’emprunterai d’un mémoire de M. Boivin le cadet,​ inseré dans le Recueil de littérature, tom. II. in-4°. pag. 704.


Thomas Pisan, pere de Christine, né à Boulogne en Italie, étoit le philosophe le plus renommé, & peut-être le plus habile de son siecle. Il vint à Venise, s’y maria, & y fut aggregé au nombre des sénateurs. Il y vivoit honorablement dans le tems que sa femme lui donna une fille qui fut nommée Christine ; mais la célébrité du pere devint si grande, qu’on le sollicita de la part des rois de France & de Hongrie, de s’attacher à leur service, & l’on lui offrit des conditions fort avantageuses, en considération de son profond savoir.


Thomas Pisan se détermina pour la France, tant à cause du mérite personnel de Charles le Sage, & de la magnificence de sa cour, que par le desir de voir l’université de Paris ; cependant il ne se proposa d’abord que de passer un an dans cette capitale, & laissa sa femme & ses enfans à Boulogne.


Le roi fut charmé de le voir, & avant connu son mérite, lui donna une place dans son conseil. Ce prince, bien-loin de consentir qu’il retournât au-bout d’un an en Italie, voulut absolument qu’il fit venir sa famille en France, & qu’il s’y établit pour y vivre honorablement des bienfaits dont il avoit dessein de le combler. Thomas obéit, & sa famille passa en France. La femme & les enfans de cet astronome, habillés magnifiquement à la lombarde, parurent devant le roi qui les reçut très-gracieusement dans son château du louvre, un jour du mois de Décembre (vers l’an 1368), fort peu de tems après leur arrivée.


Christine qui pouvoit avoir alors environ cinq ans, fut élevée à la cour en fille de qualité, & son pere cultiva son esprit par l’étude des lettres humaines. Elle fut recherchée en mariage dans sa premiere jeunesse, par plusieurs personnes, mais un jeune homme de Picardie, nommé Etienne Castel, qui avoit de la naissance, du savoir, & de la probité, l’emporta sur tous ses rivaux. Il épousa Christine qui n’avoit encore que quinze ans ; & bientôt après il fut pourvu de la charge de notaire & secrétaire du roi, qu’il exerça avec honneur, aimé & consideré du roi Charles V. son maître.


Christine fut fort satisfaite du choix que son pere avoit fait d’un tel gendre. Voici de quelle maniere elle s’exprime, parlant elle-même de son mariage. « A venir au point de mes fortunes, le tems vint que je approchoie l’aage auquel on seult les filles asséner de mari ; tout fusse-je ancore assez jeunette, nonobstant que par chevaliers, autres nobles, & riches clercs, fusse de plusieurs demandée, (& cette vérité ne soit de nul reputée ventence : car l’auctorité de l’onneur & grant amour que le roy à mon pere démontroit, estoit de ce cause, non mie valeur). Comme mondit pere reputast cellui plus valable, qui le plus science avec bonne mœurs avoit ; ainsi un jone escolier gradué, bien né, & de nobles parents de Picardie, de qui les vertus passoient la richece, à cellui qu’il réputa comme propre fils, je fus donnée. En ce cas ne me plains-je de fortune : car à droit eslire en toutes convenables graces, si comme autrefois ai dit, à mon gré mieux ne voulsisse. Cellui, pour sa souffisance, tost après nostre susdit bon prince, qui l’ot agréable, lui donna l’office, comme il fut vaquant, de notaire, & son secrétaire à bourses & à gages, & retint de sa cour très-amé serviteur ».


La félicité des nouveaux époux ne fut pas longue. Le roi Charles mourut l’an 1380, âgé de 44 ans. L’astronome déchut de son crédit : on lui retrancha une grande partie de ses gages ; le reste fut mal payé. On peut juger de l’estime que Charles faisoit de cet officier par les pensions qu’il lui donnoit. Thomas​étoit payé tous les mois de cent francs de gages, c’est-à-dire, si je ne me trompe, de près de 700 liv. par rapport à la monnoie d’aujourd’hui. Ses livrées & les gratifications qu’il recevoit n’alloient à guere moins ; & par-dessus tout cela, on lui faisoit encore espérer un fonds de terre de 500 livres de revenu (3500 liv. de notre tems), pour lui & pour ses héritiers ; l’astronomie, & particulierement celle que l’on nomme judiciaire, étoit à la mode dans ces tems-là, où la plûpart des princes, même ceux qui avoient de la piété, étoient tellement prévenus en faveur de cette science superstitieuse, qu’ils n’entreprenoient rien de considérable qu’après l’avoir consultée.


La vieillesse, accompagnée de chagrins & d’infirmités, mit au tombeau Thomas Pisan quelques années après la mort du roi son bienfaiteur. Etienne du Castel, gendre de Thomas, se trouva le chef de sa famille. Il la soutenoit encore par sa bonne conduite & par le crédit que sa charge lui donnoit, lorsqu’il fut emporté lui-même par une maladie contagieuse en 1389, à l’âge de 34 ans. Christine qui n’en avoit alors que vingt-cinq, demeura veuve chargée de trois enfans & de tous les embarras d’un gros ménage. « Or me convint, dit-elle, mettre main à œuvre, ce que moi nourrie en délices & mignotemens n’avoïe appris, & être conduisaresse de la nef demourée en la mer ourageuse sans patron ; c’est à savoir le désolé mainage hors de son lieu & pays. A donc m’essourdirent angoisses de toutes pars. Et comme ce soient les més de veusves, plais & procès m’avironérent de tous lez ; & ceux qui me devoient m’assaillirent, afin que ne m’avançasse de leur rien demander ».


Le veuvage de Christine fut effectivement traversé d’une infinité de soins & de disgraces. Elle en passa les premieres années à la poursuite des procès qu’elle fut obligée d’intenter contre les débiteurs de mauvaise foi, ou de soutenir contre des chicaneurs qui lui faisoient d’injustes demandes. Enfin après avoir couru long-tems de tribunal en tribunal sans obtenir justice, rébutée par les grosses pertes qu’elle faisoit tous les jours, & lasse de mener une vie si contraire à son inclination, elle prit le parti de se renfermer dans son cabinet, & ne chercha plus de consolation que dans la lecture des livres que son pere & son mari lui avoient laissés.


Elle-même nous apprend dans son style agréable & naïf, de quelle maniere elle se conduisit pour se remettre à l’étude. « Ne me pris pas, dit-elle, comme présomptueuse aux parfondesses des sciences obscures, &c. Ains, comme l’enfant, que au premier on met à l’a, b, c, d, me pris aux histoires anciennes des commencemens du monde ; les histoires des Ebrieux, des Assiriens, & des principes des signouries, procédant de l’une en l’autre, dessendant aux Romains, des François, des Bretons, & autres plusieurs historiographes : après aus déductions des sciences, selon ce que en l’espace du tems y estudia en pos comprendre : puis me pris aus livres des poëtes ».


Elle ajoute que le style & les fictions poétiques lui plûrent extrèmement. « A donc, dit-elle, fus-je aise, quand j’os trouvé le style à moi naturel, me délitant en leurs soubtiles couvertures, & belles matieres, mutiées sous fictions délitables & morales ; & le bel style de leurs mettres & prose, déduite par belle & polie rhétorique ».


Instruite suffisamment de l’histoire & de la fable, & se sentant capable de produire quelque chose d’elle-même, elle suivit son génie, & se mit à la composition en l’année 1399, étant âgée de 35 ans. Six ans après, elle publia le livre intitulé, vision de Christine, dans lequel elle assûre qu’elle avoit déja composé quinze volumes. « Depuis l’an 1399, dit-elle,​ que je commençay jusques à cestui 1405, ouquel encores je ne cesse compilés en ce tandis quinze volumes principaulx, sans les autres particuliers petis dictiez, lesquieulx tous ensemble contiennent environ LXX quayers de grans volume, comme l’expérience en est magnifeste ».


Ses premiers ouvrages furent ce qu’elle appelle de petits dictiés, c’est-à-dire de petites pieces de poésie, des balades, des lais, des virelais, des rondeaux. Elle avoit commencé à en faire dès le tems même de ses procès & des plus grands embarras de son veuvage. La balade où elle se plaint de ce que les princes ne la daignent entendre est de ces tems-là. C’est elle-même qui nous l’apprend dans le récit de ses bonnes & de ses mauvaises fortunes, où elle dit encore expressément qu’au milieu de ses adversités & de ses plus cruels chagrins elle ne laissoit pas de faire des vers. « Ne m’avoit ancores tant grévée fortune que ne fusse, dit-elle, accompagnée des musettes des poëtes . . . . . Icelles me faisoient rimer complaintes plourables, regraitant mon ami mort, & le bon tems passé, si comme il appert au commencement de mes premiers dictiés ou principe de mes cent balades, & meismement pour passer tems & pour aucune gay eté attraire à mon cuer douloureux, faire dis amoureux & gays d’autruy sentement, comme je dis en un mien virelay ».


Ce fut apparemment à l’occasion de ces dis amoureux que la médisance publia par-tout que cette veuve étoit véritablement folle d’amour. Il est vrai que dans ces petites pieces que Christine avoue, il y en a de fort tendres, & que si elle n’avoit eû soin d’avertir ses lecteurs, que les sentimens qu’elle y exprime ne sont pas les siens, mais ceux d’autrui, il n’y auroit personne qui n’y fût trompé.


Les mauvais discours que l’on fit d’elle à ce sujet lui donnerent du chagrin, comme elle le témoigne dans le troisieme livre de sa vision. « Ne fu il pas dit de moy par toute la ville que je amoie par amours, dit-elle. Je te jure m’ame, que icellui ne me cognoisçoit, ne, ne savoit que je estoie : ne fu onques homme ne créature née qui me veist en public, ne en privé, en lieu où il fut ..... Et de ce me soit Dieu tesmoing que je dis voir ..... Dont comme celle qui ignocent me sentoie aucune fois, quand on me le disoit m’en troubloie, & aucune fois m’en sousrioye, disant, Dieu & icelluy & moi savons bien qu’il n’en est rien ».


Christine eut donc beaucoup à souffrir de la médisance qui attaquoit sa réputation ; mais elle put se consoler par son innocence & par le succès de ses ouvrages. Les premieres productions de sa muse lui acquirent l’estime non-seulement des François, mais des étrangers. Le comte de Salisbury, favori de Richard II. roi d’Angleterre, étant venu en France, à l’occasion du mariage de ce prince avec Isabelle, fille de Charles VI. fit connoissance avec Christine, dont les ouvrages lui avoient plû : comme il aimoit la poésie, & faisoit lui-même des vers, gracieux chevalier, aimant dictiez, & lui-même gracieux dicteur, cette conformité de goût fit qu’il conçut beaucoup d’affection pour Christine ; & lui voyant un fils qu’elle cherchoit à placer, il lui offrit de l’emmener avec lui en Angleterre, & de le faire élever avec le sien. Christine y consentit, & son fils, pour lors âgé de treize ans, passa en Angleterre avec ce seigneur anglois en 1398.


A quelque tems de-là, Richard fut détrôné par Henri de Lancastre, & le comte de Salisbury fut décapité, pour sa grant loyauté vers son droit seigneur. Cependant Henri qui venoit d’usurper la couronne, vit les dictiés & autres ouvrages que Christine avoit envoyés au comte de Salisbury ; il en fut si content, qu’il chercha dès-lors tous les moyens d’attirer à sa cour​cette illustre veuve. Ecoutons la raconter ce sait elle-même dans son charmant langage.


« A donc très-joyeusement prist mon enfant vers lui, & tint chierement & en tres bon estat. Et de fait par deux de ses héraulx, notables hommes venus par-deçà, Lencastre & Faucon, rois d’armes, me manda moult à certes, priant & promettant du bien largement que par-delà je allasse. Et comme de ce, je ne fusse en rien temptée, considérant les choses comme elles étoient, dissimulé tant que mon fils pusse avoit disant grant mercis, & que bien à son commandement estoie : & à brief parler, tant fis à grant peine & de mes livres me cousta, que congié ot mon dit fils de me venir quérir par-deçà pour mener là, qui ancore n’y vois. Et ainsi reffusay l’eschoite de icelle fortune pour moy & pour lui, parce que je ne puis croire que fin de desloyal viengne à bon terme. Or fut joyeuse de voir cil que je amoie, comme mort le m’eust seul fils laissié, & trois ans sans lui os este ».


Si Christine avoit été d’humeur à quitter la France, elle auroit trouve des établissemens dans plus d’une cour etrangere ; mais elle aima mieux demeurer dans ce pays, où d’ailleurs elle étoit considérée par tous les princes du royaume. Elle s’attacha d’abord d’une façon toute particuliere à Philippe, duc de Bourgogne, qui lui donna des marques réelles de son estime en prenant à son service le fils aîné de cette dame nouvellement revenu d’Angleterre, & en lui fournissant à elle-même pendant quelque tems de quoi soutenir son état ; mais elle perdit ce protecteur en 1404, & sa mort, dit-elle, fut le renouvellement des navreures de mes adversités.


La réputation qu’elle s’étoit acquise & la faveur des grands ne l’avoient pourtant pas mise à son aise. La mauvaise foi de ses débiteurs & la perte de plusieurs procès l’avoient réduite en un état où elle avoit besoin non-seulement de protection, mais de secours. Elle avoit à sa charge une mere âgée, un fils hors de place, & de pauvres parentes. Elle dit qu’elle étoit trois fois double, c’est-à-dire qu’elle avoit six personnes sur les bras. Avec tout cela elle avoue qu’elle conservoit un reste d’ambition fondée sur le souvenir de sa naissance & de son ancien état, & que sa plus grande crainte étoit de découvrir aux yeux du public le délabrement de ses affaires. « Si te promets, dit-elle à dame Philosophie, que mes semblans & abis, pou apparoit entregens le faissel de mes ennuys : ains soubs mantel fourré de gris & soubs surcot d’escarlate n’ont pas souvent renouvellé, mais bien gardé, avoie espesses fois de grands friçons ; & en beau lit & bien ordené, de males nuis : mais le repas estoit sobre, comme il affiere à femme vefve, & toutes fois vivre convient ».


Au reste quelque soin qu’elle prît de cacher son indigence, il étoit impossible que l’on ne s’en apperçut ; & c’est, à ce qu’elle assûre. ce qui lui faisoit le plus de peine, lorsqu’elle étoit obligée d’emprunter de l’argent, même de ses meilleurs amis. « Mais quand il convenoit, dit-elle, que je feisse aucun emprunt où que soit pour eschever plus grant inconvénient, beau sire dieux, comment honteusement à face rougie, tant fust la personne de mon amistié, le requeroïe, & ancore aujourd’hui ne suis garie de cette maladie, dont tant ne me greveroit, comme il me semble, quant faire le mestent, un acès de fievre ».


Christine étoit âgée de 41 ans lorsqu’elle se plaignoit ainsi des disgraces de la fortune ; cependant elle éprouvoit des consolations dans ses adversités. De trois enfans que son mari lui avoit laissés, il lui restoit un fils & une fille, tous deux également recommandables par les qualités du corps & de l’esprit ;​ c’est du-moins l’idée qu’elle en donne en faisant leur éloge. « N’as-tu pas un fils, lui dit dame Philosophie, aussi bel & gracieux, & bien moriginés, & tel que de sa jonece, qui passe pas vingt ans du tems qu’il a estudié en nos premieres sciences & grammaire, on ne trouveroit en rhétorique & poétique langage, naturellement à luy propice, gaires plus aperte & plus soubtil que il est, avec le bel entendement & bonne judicative que il a ».


Parlant ensuite de sa fille, elle fait dire à dame Philosophie : « Ton premier fruit est une fille donnée à Dieu & à son service, rendue par inspiration divine, de sa pure voulonté, oultre ton gré, en l’église & noble religion des dames à Poissy, où elle, en fleur de jonece & très-grant beauté, se porte tant notablement en vie contemplative & dévotion, que la joye de la relacion de sa belle vie souvente fois te rend grand reconfort ». Ce passage nous apprend que la fille de Christine étoit l’ainée de son fils, & qu’elle avoit pris le voile contre le gré de sa mere. Peut-être le mauvais état des affaires de sa famille avoit-il contribué à lui faire embrasser ce parti.


Changea-t-il ce triste état des affaires de famille ? c’est ce que nous ignorons. Nous voudrions apprendre que le fils fit un bon mariage, & que Christine fut heureuse sur la fin de ses jours ; car outre qu’elle étoit aimable de caractere, elle réunissoit aux graces de l’esprit, les agrémens de la figure. Nous savons qu’elle étoit bien faite, & qu’elle avoit l’art de se mettre avec beaucoup de goût.


Les portraits que nous avons de Christine dans quelques-uns de ses livres enluminés de son tems, s’accordent avec l’idée qu’elle même a eu soin de nous donner de sa physionomie, lorsqu’entre les avantages dont elle reconnoit qu’elle est redevable au Créateur, elle met celui « d’avoir corps sans nulle difformité & assez plaisant, & non maladif, mais bien complexionné ».


De toutes les miniatures où elle est représentée, la plus parfaite, au jugement de M. Boivin, est celle qui se trouve dans le manuscrit 7395, à la tête du livre intitulé, la cité des demes.


On y voit une dame assise sous un dais, la tête penchée sur la main gauche, & le coude appuyé sur un bureau. Elle a le visage rond, les traits réguliers, le teint délicat & assez d’embonpoint. Ses yeux sont fermés, & elle paroît sommeiller. Sa coëffure est une espece de cul-de-chapeau, bleu ou violet, en pain-de sucre, ombragé d’une gaze très-déliée, qui étant relevée tout-au-tour, laisse voir à nud le visage, & ne cache pas même les oreilles. Une chemise extrémement fine, dont on n’apperçoit que le haut & qui est un peu entr’ouverte, couvre suffisamment les épaules & la gorge. Une robe bleue brodée d’or par le bas, & doublée de feuille-morte, s’ouvre sur le sein, comme aujourd’hui les manteaux de femme, & laisse entrevoir un petit corset de couleur de pourpre bordé d’un passement d’or.


Il ne me reste plus qu’à indiquer les ouvrages de Christine en vers & en prose. Voici d’abord la liste de ses poésies : cent balades, lais, virelais, rondeaux ; jeux à vendre, ou autrement vente d’amours ; autres balades ; l’épître au dieu d’amours ; le débat des deux amans ; le livre des trois jugemens ; le livre du dit de Poissy ; le chemin de lonc estude ; lesdits moraulx, ou les enseignemens que Christine donne à son fils ; le roman d’Othéa, ou l’épistre d’Othéa à Hector ; le livre de mutacion de fortune.


Ses œuvres en prose sont 1°. l’histoire du roi Charles le Sage, qu’elle écrivit par ordre du duc de Bourgogne ; 2°. la vision de Christine ; 3°. la cité des dames ; 4°. les épistres sur le roman de la Rose ; 5°. le livre des faits d’armes & de chevalerie ; 6°. instruction des princesses, dames de cour, & autres lettres​à la reine Isabelle en 1405 ; 7°. les proverbes moraulx & le livre de prudence. (Le chevalier de Jaucourt.)​","[['alt'], ['45 25\' N 30 11\' 30"" E'], ['45 33\' N 30 12\' 45"" E']]",,"alt | 45 25' N 30 11' 30"" E | 45 33' N 30 12' 45"" E","45 25' N 30 11' 30"" E | 45 33' N 30 12' 45"" E"
v17-537-1,Virginie,"Virginie, (Géog. mod.)​ contrée de l’Amérique septentrionale. Elle est bornée au nord par le Mariland, au midi par la Caroline, au levant par la mer du nord, & au couchant par la Louisiane.


Rawleigh, le fléau & la victime de l’Espagne, introduisit, en 1584, la premiere colonie angloise dans Mocasa, conquit ce pays, & lui donna le nom de Virginie, en mémoire de la reine Elisabeth sa maîtresse, qui passa sa vie dans le célibat, amusant tous les partis qui la recherchoient en mariage, sans vouloir en accepter aucun.


On divise la Virginie en septentrionale & méridionale. La premiere s’étend depuis le 37d. de latitude jusqu’au 39, & la seconde depuis le 33 jusqu’au 36.


La Virginie septentrionale est dans un climat assez tempéré. L’été y est chaud comme en Espagne, & l’hiver froid comme dans le nord de la France ; souvent le froid y est fort rude, mais par intervalle ; on arrive dans ce pays par un long golfe, entre deux promontoires. Le milieu de la contrée est fertile, & le seroit encore davantage, si les sauvages daignoient le cultiver ; mais ces sauvages ne s’occupent qu’à la chasse, & laissent à leurs femmes le ménage de la maison. Ils s’habillent de peaux de bêtes sauvages, se peignent le corps, & se percent les oreilles pour y pendre des coquilles. Les femmes lavent dans la riviere leurs enfans nouveau-nés, & les frottent de certaines drogues, pour leur endurcir la peau contre le froid & le chaud.​


La Virginie méridionale produit en abondance le mays des Indes, & le tabac dont les Anglois font un grand commerce. Le terroir en est extrèmement fertile, & les fruits de l’Europe y viennent très-bien. On y voit quantité de cerfs, d’ours, de loutres, d’écureuils, & d’animaux dont les peaux sont fort estimées, ainsi qu’un grand nombre de coqs d’Inde, de perdrix, & d’autres oiseaux de bois & de riviere.


Il croît encore dans la Virginie une espece de lin appellé herbe-soie, dont on fait des toiles & des habits. Les naturels du pays sont robustes, agiles, francs & industrieux, ils sont idolâtres, & adorent tout ce qu’ils craignent, comme le feu, l’eau, le tonnerre, & principalement le diable, dont ils font des images effroyables. Ils tiennent le soleil, la lune & les étoiles pour autant de dieux. Leurs prêtres sont en même tems leurs médecins, & en qualité de magiciens, ils consultent le diable sur la guérison ou la mort de leurs malades. Leurs gouverneurs qu’ils nomment véroans, commandent à un ou à plusieurs villages.


Les deux principales rivieres de la Virginie, sont la riviere James, & celle d’Yorck, qui se jettent dans la baie de Chesapeack. Les colonies sont le long de la mer & sur le bord des rivieres pour la commodité du commerce. Les sauvages sont dans les terres, & ressemblent presque en tout à ceux de Mariland.


Les Anglois ont publié des descriptions civiles & naturelles également curieuses de la Virginie. On peut les consulter, car quelques-unes ont été traduites en françois ; mais comme ce détail nous meneroit trop loin, nous nous contenterons de dire, que la Virginie est partagée en 19 comtés, dont la ville principale est James-Town.


Les 19 comtés de la Virginie par le dénombrement fait en 1703, renfermoient soixante mille six cens habitans, & neuf mille six cens hommes de troupes réglées. Il est vraissemblable que depuis la publication de ce calcul, les colonies ont doublé ; ce qui suffit pour donner une idée de la grandeur des forces de l’Angleterre en Amérique comparées proportionellement à la seule province de Virginie.


Elisabeth ne fit guere que donner un nom au continent de la Virginie. Après l’établissement d’une foible colonie, dont on vit bientôt la ruine, ce pays fut entierement abandonné. Mais lorsque la paix eut terminé les guerres entreprises contre l’Espagne, & qu’elle ne laissa plus aux caracteres ambitieux, l’espérance d’avancer si rapidement vers l’honneur & la fortune, les Anglois commencerent à seconder les pacifiques intentions de leur monarque, en cherchant une voie plus sûre, quoique plus lente, pour acquérir de la gloire & des richesses.


En 1606 Newport se chargea du transport d’une colonie, & commença un établissement, que la compagnie formée dans cette vue à Londres & à Bristol, prit soin de fournir annuellement de recrues, de provisions, d’ustenciles, & de nouveaux habitans. Vers l’an 1609, Argal découvrit une route plus sûre & plus droite pour la Virginie ; & quittant celle des anciens navigateurs, qui avoient pris au sud du tropique, il fit voile vers l’ouest, à la faveur des vents alisés, & tourna ensuite au nord, jusqu’aux établissement de sa nation.


La même année, cinq cens personnes, sous la conduite des chevaliers Thomas Gates & George Sommers furent embarquées pour la Virginie. Le vaisseau de Sommers, agité d’une horrible tempête qui le poussa aux Bermudes, jetta les fondemens d’une autre colonie dans ces îles. Ensuite le lord Delaware prit le gouvernement des colonies angloises ; mais tous ses soins, secondés par l’attention de Jacques I. à lui envoyer des secours d’hommes, & de l’argent​levé par la premiere lotterie dont on ait l’exemple en Angleterre, ne garantirent point ces établissemens de leur décadence ; elle fut telle qu’en 1614, il n’y restoit pas plus de 400 hommes, de tous ceux qu’on y avoit transportés.


Enfin, ces nouveaux cultivateurs, après s’être assuré par leur travail les provisions les plus nécessaires à la vie, commencerent à planter du tabac ; & Jacques, malgré l’antipathie qu’il avoit pour cette drogue, leur en permit le transport en Angleterre, & défendit en même tems l’entrée du tabac d’Espagne. Ainsi par degrés, les nouvelles colonies prirent une forme dans ce continent ; & donnant de nouveaux noms aux lieux qu’elles occupent, elles laisserent celui de Virginie à la province où la premiere colonie s’étoit formée.


Les spéculatifs de ce siecle firent quantité d’objections contre ces établissemens éloignés, & prédirent qu’après avoir épuisé d’habitans leur contrée maternelle, tôt ou tard on leur verroit secouer le joug, pour former en Amérique un état indépendant. Mais le tems a fait connoître que les vues de ceux qui encouragerent ces entreprises, étoient les plus justes & les plus solides. Un gouvernement doux & des forces navales ont maintenu, & peuvent maintenir long-tems la domination de l’Angleterre sur ces colonies ; & la navigation lui en a fait tirer tant d’avantages, que plus de la moitié de ses vaisseaux est employée aujourd’hui à l’entretien du commerce avec les établissemens d’Amérique. Hume. (Le chevalier de Jaucourt.)​","[['37 N', '39 N'], ['33 N', '36 N']]",,37 N 39 N | 33 N 36 N,37 N | 39 N | 33 N | 36 N
v17-1330-0,"WIA, la","WIA, la, (Géog. mod.)​ riviere d’Amérique, dans la Terre-Ferme. C’est une des plus considérable de​la France équinoxiale. Elle coule du sud au nord, & va se décharger dans la mer, à la côte orientale de l’ile de Cayenne, à 40. 41. de la ligne vers le nord. (D. J.)​","[[""40 41' N""]]",,40 41' N,40 41' N
v17-1682-0,YUMA,"YUMA, (Géog. mod.)​ île de l’Amérique septentrionale, une des Lucaies, au nord de l’île de Cuba. Elle a environ vingt lieues de long & sept de large. Les Anglois l’appellent Long-Island. Latit. 20. 30. (D. J.)​","[[""20 30' N""]]",,20 30' N,20 30' N
v17-1982-0,ZOCOTORA,"ZOCOTORA, (Géog. mod.)​ autrement Zocatora, Socotora & Socothora, île située à l’entrée de la mer rouge, à 11. 40. de latitude septentrionale. Elle est médiocrement peuplée, & dépend du roi de l’Arabie heureuse, qui la fait gouverner par un sultan. La principale richesse des habitans consiste en aloës, dont ils recueillent le suc dans des vessies, ou des peaux de bouc, & le sont sécher au soleil pour le vendre. On croit que cette ile est la Dioscuria, ou Dioscoridis insula des anciens. Elle a été découverte par Fernand Bereyra, capitaine portugais. (D. J.)​","[[""11 40' N""]]",,11 40' N,11 40' N
