id-enccre,headword,text,coordinates,meridian,coordinates_txt,gpt_preds
v1-1052-0,ALBANS,"*​ ALBANS, (Géog.)​ ville d’Angleterre. Long. 17. 10. lat. 51. 40.","[[""51 40' N 17 10' E""]]",,51 40' N 17 10' E,51 40' N 17 10' E
v1-1061-0,ALBE-JULIE ou WEISSEMBOURG,"*​ ALBE-JULIE ou WEISSEMBOURG, (Géog.)​ ville de Transylvanie, près des rivieres d’Ompay & de Mérish. Long. 42. lat. 46. 30.","[[""46 30' N 42 E""]]",,46 30' N 42 E,46 30' N 42 E
v1-1086-0,ALBRET ou LABRIT,"*​ ALBRET ou LABRIT, (Géog.)​ ville de France en Gascogne, au pays d’Albret. Lon. 17. lat. 44. 10.","[[""44 10' N 17 E""]]",,44 10' N 17 E,44 10' N 17 E
v1-1091-0,ALBUQUERQUE,"*​ ALBUQUERQUE, (Géog.)​ ville d’Espagne, dans l’Estramadure. Long. 11. 40. lat. 38. 52.","[[""38 52' N 11 40' E""]]",,38 52' N 11 40' E,38 52' N 11 40' E
v1-1102-0,ALCALA DE HENAREZ,"*​ ALCALA DE HENAREZ, (Géog.)​ ville d’Espagne, dans la nouvelle Castille, sur la riviere de Henarez. Long. 14. 32. lat. 40. 30.","[[""40 30' N 14 32' E""]]",,40 30' N 14 32' E,40 30' N 14 32' E
v1-1109-0,ALCANTARA,"*​ ALCANTARA, (Géog.)​ ville d’Espagne, dans l’Estramadure, sur le Tage. Long. 11. 35. lat. 39. 20. Il y a en Espagne une autre ville nommée Valencia d’Alcantara ; c’est encore le nom d’une contrée de Portugal, à une lieue ou environ au-dessous de Lisbonne.","[[""39 20' N 11 35' E""]]",,39 20' N 11 35' E,39 20' N 11 35' E
v1-1121-0,ALCMAER,"*​ ALCMAER (Géog.)​ ville des Provinces-Unies dans le Kennemerland, partie de la Hollande septentrionale. Long. 22. 10. lat. 52. 28.","[[""52 28' N 22 10' E""]]",,52 28' N 22 10' E,52 28' N 22 10' E
v1-1141-0,ALEGRETTE,"*​ ALEGRETTE, (Géog.)​ ville de Portugal dans l’Alentéjo, sur la riviere Caia & les confins de Port-Alegre. Lon. 11. 10. lat. 39. 6.","[[""39 6' N 11 10' E""]]",,39 6' N 11 10' E,39 6' N 11 10' E
v1-115-0,ABER-YSWITH,"*​ ABER-YSWITH, ville d’Angleterre dans le Casdiganshire, Province de la Principauté de Galles proche de l’embouchure de l’Yswith. Long. 13. 20. lat. 52. 30.","[[""52 30' N 13 20' E""]]",,52 30' N 13 20' E,52 30' N 13 20' E
v1-1191-0,ALGHIER,"*​ ALGHIER, ville d’Italie, sur la côte occidentale de Sardaigne. Long. 26. 15. lat. 40. 33.","[[""40 33' N 26 15' E""]]",,40 33' N 26 15' E,40 33' N 26 15' E
v1-1202-0,ALHAMA,"*​ ALHAMA, ville d’Espagne, au Royaume de Grenade. Long. 14. 20. lat. 36. 50.","[[""36 50' N 14 20' E""]]",,36 50' N 14 20' E,36 50' N 14 20' E
v1-1208-0,ALICATA,"*​ ALICATA, ville de Sicile, dans une espece d’île, près de la mer. Long. 31. 37. lat. 37. 11.","[[""37 11' N 31 37' E""]]",,37 11' N 31 37' E,37 11' N 31 37' E
v1-13-0,AAHUS,"*​ AAHUS, s. petite ville d’Allemagne dans le cercle de Westphalie, capitale de la Comté d’Aahus. Long. 24. 36. lat. 52. 10.","[[""52 10' N 24 36' E""]]",,52 10' N 24 36' E,52 10' N 24 36' E
v1-1365-0,ALTEMBOURG,"*​ ALTEMBOURG, ville de Transylvanie. Long. 40. lat. 46. 34.","[[""46 34' N 40 E""]]",,46 34' N 40 E,46 34' N 40 E
v1-1368-2,"Altenbourg, ou Oldenbourg","Altenbourg, ou Oldenbourg, ville d’Allemagne, dans le duché d’Holstein. Long. 28. 50. lat. 54. 20.","[[""54 20' N 28 50' E""]]",,54 20' N 28 50' E,54 20' N 28 50' E
v1-1385-0,ALTORF,"*​ ALTORF, ville d’Allemagne, dans le cercle de Franconie, au territoire de Nuremberg. Long. 28. 57. lat. 49. 25.","[[""49 25' N 28 57' E""]]",,49 25' N 28 57' E,49 25' N 28 57' E
v1-1387-0,ALTZEY,"*​ ALTZEY, ville d’Allemagne, dans le bas Palatinat, capitale du territoire de même nom. Long. 25. lat. 49. 44.","[[""49 44' N 25 E""]]",,49 44' N 25 E,49 44' N 25 E
v1-1392-0,ALVE DE TORMES,"*​ ALVE DE TORMES, ville d’Espagne, au Royaume de Léon, dans le territoire de Salamanque, sur la rive septentrionale de la riviere de Tormes. Long. 12. lat. 41.",[['41 N 12 E']],,41 N 12 E,41 N 12 E
v1-144-0,ABO,"*​ ABO, grande ville maritime de Suede, capitale des Duché & Province de Finlande méridionale. Lon. 41. lat. 61.",[['61 N 41 E']],,61 N 41 E,61 N 41 E
v1-1461-0,AMASIE,"*​ AMASIE, ville de Turquie dans la Natolie, capitale d’une contrée à laquelle elle donne son nom, près de la riviere de Casalmach. Long. 53. 40. lat. 39. 53.","[[""39 53' N 53 40' E""]]",,39 53' N 53 40' E,39 53' N 53 40' E
v1-1515-0,AMBLETEUSE,"*​ AMBLETEUSE, ville maritime de France dans la Picardie. Lon. 19. 20. lat. 50. 50.","[[""50 50' N 19 20' E""]]",,50 50' N 19 20' E,50 50' N 19 20' E
v1-1651-3,Amour (Saint-),"Amour (Saint-) ville de France, dans la Franche-Comté. Long. 22. 58. Lat. 46. 30.","[[""46 30' N 22 58' E""]]",,46 30' N 22 58' E,46 30' N 22 58' E
v1-169-0,"ABOUTIGE, ABUTICH, ABOUHEBE","ABOUTIGE, ABUTICH, ABOUHEBE, lieu de la haute Égypte proche le Nil. Long. 26. lat. 50.",[['50 N 26 E']],,50 N 26 E,50 N 26 E
v1-1703-0,Ampurias,"*​ Ampurias, ville & port d’Espagne dans la Catalogne. Long. 20. 40. lat 42.","[[""42 N 20 40' E""]]",,42 N 20 40' E,42 N 20 40' E
v1-1729-0,ANA,"*​ ANA, ville d’Asie, dans l’Arabie deserte, sur l’Euphrate. Long. 60. 20. lat. 33. 25.","[[""33 25' N 60 20' E""]]",,33 25' N 60 20' E,33 25' N 60 20' E
v1-1770-0,ANAGARSKAIE,"*​ ANAGARSKAIE, (Géog. mod.)​ ville des Moscovites de la grande Tartarie, dans la province de Dauria, à l’orient du lac Baycal, aux sources de la riviere d’Amur. Long. 118. lat. septentrionale 58. Wits, Carte de Tartar.",[['58 N 118 E']],,58 N 118 E,58 N 118 E
v1-1887-0,ANDELY,"*​ ANDELY, (Géog. mod.)​ petite ville de France dans la Normandie, coupée en deux par un chemin pavé : l’une des parties de ce lieu s’appelle le grand Andely ; & l’autre, le petit Andely. Celui-ci est sur la Seine ; l’autre sur le ruisseau de Gambon. Long. 19. lat. 49-20. C’est la patrie du fameux Poussin, si célebre dans l’Ecole de Peinture françoise.","[[""49 20' N 19 E""]]",,49 20' N 19 E,49 20' N 19 E
v1-1900-0,ANDOVER,"*​ ANDOVER, (Géog. mod.)​ ville d’Angleterre dans le Southampton. Long. 16-15. lat. 51-10.","[[""51 10' N 16 15' E""]]",,51 10' N 16 15' E,51 10' N 16 15' E
v1-1906-4,André (Port Saint),"*​ André (Port saint), Géog. mod.​ Espagne, frontiere de Biscaye sur une péninsule. Long. 13. 25. lat. 43. 25.","[[""43 25' N 13 25' E""]]",,43 25' N 13 25' E,43 25' N 13 25' E
v1-1962-0,ANGERS,"*​ ANGERS (Géog. mod.)​ ville de France, capitale du duché d’Anjou, un peu au-dessus de l’endroit où la Loire & la Sarte entrent dans la Mayenne. Long. 17d. 6′. 8″. lat. 47d. 28′. 8″.","[['47 28\' 8"" N 17 6\' 8"" E']]",,"47 28' 8"" N 17 6' 8"" E","47 28' 8"" N 17 6' 8"" E"
v1-1972-0,ANGLESEY,"* ANGLESEY, (Géog. mod.) île de la grande Bretagne, annexe de la Province de Galles, dans la mer d'Irlande, presque vis-à-vis Dublin. Long. 12-13. lat. 53-54.","[['53 N 12 E', '54 N 13 E']]",,"53 N 12 E', '54 N 13 E",53 54' N 12 13' O
v1-2054-0,ANNOT,"*​ ANNOT, (Géog. mod.)​ petite ville de France, dans les montagnes de Provence. Long. 24. 30. lat. 44. 4.","[[""44 4' N 24 30' E""]]",,44 4' N 24 30' E,44 4' N 24 30' E
v1-2080-3,Anse,"*​ Anse, (Géog. mod.)​ ancienne ville de France dans le Lyonnois. Long. 22. 20. lat. 45. 55.","[[""45 55' N 22 20' E""]]",,45 55' N 22 20' E,45 55' N 22 20' E
v1-2087-0,ANSLO ou CHRISTIANIA,"*​ ANSLO ou CHRISTIANIA, (Géog. mod.)​ ville de Norwege, dans la préfecture d’Aggerhus, sur la baie d’Anslo. Long. 27. 34. lat. 59. 24.","[[""59 24' N 27 34' E""]]",,59 24' N 27 34' E,59 24' N 27 34' E
v1-2158-0,ANTIBES,"*​ ANTIBES, (Géog. mod.)​ ancienne ville maritime de France, dans la Provence, à l’opposite de Nice, sur la Méditerranée. Long. 24d. 48′. 33″. lat. 43d. 34′. 50″.","[['43 34\' 50"" N 24 48\' 33"" E']]",,"43 34' 50"" N 24 48' 33"" E","43 34' 50"" N 24 48' 33"" E"
v1-2250-0,ANTRAIN,"*​ ANTRAIN, (Géog. mod.)​ ville de France, dans la haute Bretagne, sur la riviere de Coësnon. Long. 16. 4. lat. 48. 22.","[[""48 22' N 16 4' E""]]",,48 22' N 16 4' E,48 22' N 16 4' E
v1-2296-0,APENRADE ou APENRODE,"*​ APENRADE ou APENRODE, (Géog. mod.)​ petite ville de Danemarck, dans la préfecture de même nom & le duché de Sleswick, au fond d’un golfe de la mer Baltique. Long. 27. 1. lat. 55. 4.","[[""55 4' N 27 1' E""]]",,55 4' N 27 1' E,55 4' N 27 1' E
v1-23-0,ABACH,"*​ ABACH, s. petite ville d’Allemagne dans la basse Baviere, que quelques Auteurs donnent pour le château d’Abaude. Long. 29. 40. lat. 48. 52.","[[""48 52' N 29 40' E""]]",,48 52' N 29 40' E,48 52' N 29 40' E
v1-2314-0,APHIOM-KARAHISSART,"*​ APHIOM-KARAHISSART, (Géog. mod.)​ ville de la Natolie dans la Turquie Asiatique. Long. 48. 30. lat. 38. 25.","[[""38 25' N 48 30' E""]]",,38 25' N 48 30' E,38 25' N 48 30' E
v1-2447-0,APPENSEL,"*​ APPENSEL (Géog. mod.)​ petite ville ou gros bourg de Suisse, dans le canton d’Appensel, le treizieme & dernier des cantons. Longitude 27. 6. latitude 47. 31.","[[""47 31' N 27 6' E""]]",,47 31' N 27 6' E,47 31' N 27 6' E
v1-253-0,ACAPULCO,"*​ ACAPULCO, s. m. ville & Port de l’Amérique dans le Mexique sur la mer du Sud, Long. 276. lat. 17.​


Le commerce se fait d’Acapulco au Pérou, aux Isles Philippines, & sur les côtes les plus proches du Mexique. Les Marchands d’Acapulco envoient leurs marchandises à Réalajo, à la Trinité, à Vatulco, & autres petits havres, pour en tirer des vivres & des rafraîchissemens. Il leur vient cependant du côté de la terre des fromages, du chocolat, de la farine, des chairs salées, & des bestiaux. Il va tous les ans d’Acapulco à Lima un vaisseau, ce qui ne suffit pas pour lui donner la réputation de commerce qu’a cette ville ; elle ne lui vient cependant que de deux seuls vaisseaux appellés hourques, qu’elle envoie aux Philippines & à l’Orient. Leur charge au départ d’Acapulco est composée, partie de marchandises d’Europe, qui viennent au Mexique par la Vera-cruz, & partie de marchandises de la nouvelle Espagne. La cargaison au retour est composée de tout ce que la Chine, les Indes & l’Orient, produisent de plus précieux, perles, pierreries, & or en poudre. Les habitans d’Acapulco font aussi quelque négoce d’oranges, de limons, & d’autres fruits que leur sol ne porte pas.",[['17 N 276 E']],,17 N 276 E,17 N 276 O
v1-2597-0,ARANJUEZ,"*​ ARANJUEZ, (Géog.)​ maison de plaisance du roi d’Espagne sur le Tage dans la nouvelle Castille. Long. 14. 30. lat. 40.","[[""40 N 14 30' E""]]",,40 N 14 30' E,40 N 14 30' E
v1-2609-0,ARASSI,"*​ ARASSI, (Géog.)​ ville maritime d’Italie, dans l’état de Genes. Long. 25. 50. lat. 44. 3.","[[""44 3' N 25 50' E""]]",,44 3' N 25 50' E,44 3' N 25 50' E
v1-2642-0,ARBON,"*​ ARBON (Géog. anc. & mod.)​ ville de Suisse, sur le bord méridional du lac de Constance, dans le Turgow. Long. 27. 30. lat. 47. 38.","[[""47 38' N 27 30' E""]]",,47 38' N 27 30' E,47 38' N 27 30' E
v1-2654-6,Arc en Barrois,"*​ Arc en Barrois, (Géog.)​ petite ville de France en Bourgogne, sur la riviere d’Anjou. Long. 22. 37. lat. 47. 55.","[[""47 55' N 22 37' E""]]",,47 55' N 22 37' E,47 55' N 22 37' E
v1-2662-0,ARCALU (Principauté d'),"*​ ARCALU (Principauté d’) petit état des Tartares-Monguls, sur la riviere d’Hoamko, où commence la grande muraille de la Chine, sous le 122e degré de longitude & le 42e de latitude septentrionale.",[['42 N 122 E']],,42 N 122 E,42 N 122 E
v1-2673-0,ARCHANGEL,"*​ ARCHANGEL, (Géog.)​ ville de la Russie septentrionale, capitale de la province de Dowina sur la Dowina. Long. 57. 20. lat. 54. 26.


Le commerce d’Archangel comprend celui d’une partie de la Moscovie. Les Anglois & les Hollandois s’en sont presqu’entierement emparés. Cependant les François, les Suédois, les Danois & ceux de Hambourg & de Breme, ont des correspondans à Archangel.


La foire s’ouvre le 20 Août & dure dix jours : mais le commerce peut commencer une quinzaine plûtôt. Il se fait ou en échange, & c’est le plus ordinaire, ou partie en échange & partie au comptant, ou tout au comptant. Il faut y envoyer de France les vins de Bordeaux & d’Anjou ; des toiles, des futaines, des drap, des lainages, des rubans, des chapeaux, quelques riches étoffes, des bagues, des bijoux, des ustenciles de ménage, des outils d’artisans, du papier, des épices, &c. on en tire des pelleteries, des cuirs, des cires, des martes, &c.","[[""54 26' N 57 20' E""]]",,54 26' N 57 20' E,54 26' N 57 20' E
v1-2752-0,ARDACH,"*​ ARDACH, (Géog.)​ ville épiscopale d’Irlande, au comté de Longfort. Long. 9. 48. lat. 53. 37.","[[""53 37' N 9 48' E""]]",,53 37' N 9 48' E,53 37' N 9 48' E
v1-2766-0,ARDFEARD ou ARTFEART,"*​ ARDFEARD ou ARTFEART, ville d’Irlande au comté de Kerry, près de la mer à l’occident. Long. 7. 53. lat. 52. 14.","[[""52 14' N 7 53' E""]]",,52 14' N 7 53' E,52 14' N 7 53' O
v1-2779-0,ARENSBERG,"*​ ARENSBERG, (Géog.)​ ville d’Allemagne dans le cercle de Westphalie, sur la Roer. Lon. 25. 50. lat. 51. 25.","[[""51 25' N 25 50' E""]]",,51 25' N 25 50' E,51 25' N 25 50' E
v1-2815-0,ARGENCES,"*​ ARGENCES, (Géog.)​ bourg de France en basse Normandie sur la Méance. Lon. 17. 20. lat. 49. 15.","[[""49 15' N 17 20' E""]]",,49 15' N 17 20' E,49 15' N 17 20' E
v1-2820-0,ARGENTAN,"*​ ARGENTAN (Géog.)​ ville de France, dans la basse Normandie, au diocese de Séez, sur les bords de l’Orne. Long. 17. 35. lat. 48. 54.","[[""48 54' N 17 35' E""]]",,48 54' N 17 35' E,48 54' N 17 35' E
v1-2825-0,ARGENTIERE (l'),"*​ ARGENTIERE, (l’) petite ville de France, en Languedoc, dans le Vivarais. Long. 21. 55. lat. 44. 30.","[[""44 30' N 21 55' E""]]",,44 30' N 21 55' E,44 30' N 21 55' E
v1-2854-0,ARGUN,"*​ ARGUN, (Géog.)​ ville de Russie, sur la riviere de même nom, dans la Tartarie orientale, frontiere de l’empire Russien & de l’empire Chinois. Long. 136. 20. lat. 49. 30.","[[""49 30' N 136 20' E""]]",,49 30' N 136 20' E,49 30' N 136 20' E
v1-2865-0,ARIANO,"*​ ARIANO, (Géog.)​ ville d’Italie au royaume de Naples dans la principauté ultérieure. Long. 32. 49. lat. 41. 8.","[[""41 8' N 32 49' E""]]",,41 8' N 32 49' E,41 8' N 32 49' E
v1-2900-0,ARLON,"*​ ARLON, ancienne ville des Pays-Bas, autrefois considérable & peuplée, dans le comté de Chini, annexe du duché de Luxembourg. Long 23. 20. lat. 49. 45.","[[""49 45' N 23 20' E""]]",,49 45' N 23 20' E,49 45' N 23 20' E
v1-2921-0,ARMIERES,"*​ ARMIERES, (Géog.)​ petite ville du Hainaut, sur la Sambre. Long. 25. 3. lat. 52. 4.","[[""52 4' N 25 3' E""]]",,52 4' N 25 3' E,52 4' N 25 3' E
v1-2966-0,ARONCHES,"*​ ARONCHES, petite ville de Portugal, dans l’Alentéjo, sur les confins de l’Estramadure Espagnole ; elle est sur la riviere de Care, qui coule proche l’Alegrette, & joint la Guadiana, un peu au-dessus de Badajoz. Long. 11. 14. lat. 39.","[[""39 N 11 14' E""]]",,39 N 11 14' E,39 N 11 14' O
v1-3018-0,ARRAN ou ARREN,"*​ ARRAN ou ARREN, (Géog.)​ île considérable d’Ecosse, & l’une des Hébrides ; sa plus haute montagne est Capra. Long. 12. lat. 56.",[['56 N 12 E']],,56 N 12 E,56 N 12 E
v1-3063-0,ARROJO DE SAINT-SERRAN,"*​ ARROJO DE SAINT-SERRAN, petite ville d’Espagne dans l’Estramadure. Longit. 12. 10. latit. 38. 40.","[[""38 40' N 12 10' E""]]",,38 40' N 12 10' E,38 40' N 12 10' E
v1-3141-0,ARZILE,"*​ ARZILE, (Geog.)​ ville d’Afrique dans le royaume de Fez. Long. 12. 10. lat. 35. 30.","[[""35 30' N 12 10' E""]]",,35 30' N 12 10' E,35 30' N 12 10' O
v1-3176-0,ASCHTIKHAN,"*​ ASCHTIKHAN, ville de la province de Transoxane, dans la Sogde. Long. 88. lat. sept. 39. 55.","[[""39 55' N 88 E""]]",,39 55' N 88 E,39 55' N 88 E
v1-3184-0,ASCOLI,"*​ ASCOLI, ville d’Italie, dans l’état de l’Eglise, & la Marche d’Ancone, sur une montagne, au bas de laquelle coule le Fronto. Long. 31. 23. lat. 42. 47.","[[""42 47' N 31 23' E""]]",,42 47' N 31 23' E,42 47' N 31 23' E
v1-3184-1,Ascoli de Satriano,"Ascoli de Satriano, ville d’Italie, au royaume de Naples. Long. 33. 15. lat. 41. 8.","[[""41 8' N 33 15' E""]]",,41 8' N 33 15' E,41 8' N 33 15' E
v1-3256-0,ASSANCHIF,"*​ ASSANCHIF, ville d’Asie dans le Diarbeck, sur le Tigre. Long. 58. 20. lat. 36. 40.","[[""36 40' N 58 20' E""]]",,36 40' N 58 20' E,36 40' N 58 20' E
v1-3307-0,ASSOMPTION Isle de l',"*​ ASSOMPTION (Isle de l’) île de l’Amérique​septentrionale dans le golfe de S. Laurent, & l’embouchûre du grand fleuve de même nom. Long. 316. lat. 49. 30.","[[""49 30' N 316 E""]]",,49 30' N 316 E,49 30' N 316 O
v1-3307-1,Assomption,"Assomption, ville de l’Amérique méridionale, dans le Paraguai propre, sur la riviere de Paraguai. Long. 323. 40. lat. mérid. 25. 30.","[[""25 30' S 323 40' E""]]",,25 30' S 323 40' E,25 30' S 323 40' E
v1-3337-0,ASTERABAT ou ASTRABAT,"*​ ASTERABAT ou ASTRABAT, ville d’Asie dans la Perse, au pays, sur la riviere, & proche le golfe de même nom, vers la mer Caspienne. Long. 72. 5. lat. 36. 50.","[[""36 50' N 72 5' E""]]",,36 50' N 72 5' E,36 50' N 72 5' E
v1-3543-0,AUBENAS,"*​ AUBENAS, (Géog.)​ ville de France en Languedoc, dans le bas Vivarais, sur la riviere d’Ardesche, au pié des Cevennes. Long. 22. 2. lat. 44. 40.","[[""44 40' N 22 2' E""]]",,44 40' N 22 2' E,44 40' N 22 2' E
v1-3555-1,Aubin du Cormier (Saint-),Aubin du Cormier (Saint-) ville de France en Bretagne. Long. 16. 15. lat. 48. 15.,"[[""48 15' N 16 15' E""]]",,48 15' N 16 15' E,48 15' N 16 15' E
v1-3575-0,AVEIRO,"*​ AVEIRO (Géographie.)​ ville de Portugal, sur l’étang de Vouga. Long. 9. 30. lat. 40. 30.","[[""40 30' N 9 30' E""]]",,40 30' N 9 30' E,40 30' N 9 30' E
v1-3635-0,AVIGNON,"*​ AVIGNON, capitale de l’état de même nom, enclavé dans la France, mais dependant du Pape ; la ville est sur le Rhone. Long. 22. 28. 33. lat. 43. 57. 25.","[['43 57\' 25"" N 22 28\' 33"" E']]",,"43 57' 25"" N 22 28' 33"" E","43 57' 25"" N 22 28' 33"" E"
v1-3638-0,AVILES,"*​ AVILES, (Géog.)​ petite ville d’Espagne, au royaume de Léon, dans l’Asturie d’Oviedo, sur la baie de Biscaie. Long. 11. 36. lat. 43. 41.","[[""43 41' N 11 36' E""]]",,43 41' N 11 36' E,43 41' N 11 36' E
v1-3647-1,Avis,"*​ Avis, Géog.)​ ville de Portugal dans l’Alentéjo, proche la riviere du même nom. Long. 10. 30. lat. 38. 40.","[[""38 40' N 10 30' E""]]",,38 40' N 10 30' E,38 40' N 10 30' O
v1-3664-0,AULPS,"*​ AULPS, (Géog.)​ ville de France en Provence, au diocese de Fréjus. Long. 24. 5. lat. 43. 40.","[[""43 40' N 24 5' E""]]",,43 40' N 24 5' E,43 40' N 24 5' E
v1-3698-0,AURAY,"*​ AURAY, ville & port de France dans la basse Bretagne & le golfe Morbian. Long. 47. 44. latit. 14. 40. 8.","[['14 40\' 8"" N 47 44\' E']]",,"14 40' 8"" N 47 44' E","14 40' 8"" N 47 44' E"
v1-3699-0,AVRANCHES,"*​ AVRANCHES, (Géog.)​ ville de France en basse Normandie, dans la contrée appellée de son non l’Avranchise, proche la riviere de Sée. Lon. 16. 17. 22. lat. 48. 41. 8.","[['48 41\' 8"" N 16 17\' 22"" E']]",,"48 41' 8"" N 16 17' 22"" E","48 41' 8"" N 16 17' 22"" E"
v1-370-0,ACERRA,"*​ ACERRA, s. petite ville d’Italie au Royaume de Naples dans la Terre de Labour. Long. 31. 58. lat. 40. 55.","[[""40 55' N 31 58' E""]]",,40 55' N 31 58' E,40 55' N 31 58' E
v1-3768-0,AWLEN,"*​ AWLEN, petite ville d’Allemagne, dans le cercle de Souabe, sur la riviere de Kochen. Long. 28. 45. lat. 48. 52.","[[""48 52' N 28 45' E""]]",,48 52' N 28 45' E,48 52' N 28 45' E
v1-3786-0,AXEL,"*​ AXEL, (Géog.)​ petite ville des Pays-Bas, dans la Flandre Hollandoise. Long. 21. 24. lat. 51. 17.","[[""51 17' N 21 24' E""]]",,51 17' N 21 24' E,51 17' N 21 24' E
v1-3798-0,AXUME ou AXUM,"*​ AXUME ou AXUM, (Géog. anc. & mod.)​ autrefois grande ville de l’Abyssinie, aujourd’hui village. Long. 54. lat. 14. 30.","[[""14 30' N 54 E""]]",,14 30' N 54 E,14 30' N 54 E
v1-3844-0,AZMER,"*​ AZMER (Géographie.)​ ville des Indes, dans les états du Mogol, capitale de la province de même nom. On dit qu’à l’extrémité de cette province, les filles se marient à huit ou neuf ans, & ont des enfans à dix. On y ferre les bœufs. Long. 93. lat. 25. 30.","[[""25 30' N 93 E""]]",,25 30' N 93 E,25 30' N 93 E
v1-395-0,ACHEM ou ACHEN,"*​ ACHEM ou ACHEN, s. ville capitale du Royaume du même nom, dans la partie septentrionale de l’Isle de Sumatra, aux Indes orientales. Long. 113. 30. lat. 5.","[[""5 N 113 30' E""]]",,5 N 113 30' E,5 N 113 30' E
v1-459-0,ACQUA-PENDENTE,"*​ ACQUA-PENDENTE, s. ville d’Italie dans l’Etat de l’Eglise, au territoire d’Orviette, près de la Paglia. Long. 29. 28. lat. 42. 43.","[[""42 43' N 29 28' E""]]",,42 43' N 29 28' E,42 43' N 29 28' E
v1-908-0,AHUS ou AHUIS,"*​ AHUS ou AHUIS, (Geog.)​ ville maritime de Suéde, Principauté de Gothlande & terre de Bleckingie ; elle est située proche la mer Baltique. Long. 32. 14. lat. 56.","[[""56 N 32 14' E""]]",,56 N 32 14' E,56 N 32 14' E
v1-912-0,AICH,"AICH, (Géog.)​ ville d’Allemagne, dans la haute-Baviere, sur le Par. Long. 28. 50. lat. 48. 30.","[[""48 30' N 28 50' E""]]",,48 30' N 28 50' E,48 30' N 28 50' E
v1-946-0,AIGLE-PERSE,"*​ AIGLE-PERSE, (Géog.)​ ville de France, dans la basse Auvergne. Long. 20. 46. lat. 45. 50.","[[""45 50' N 20 46' E""]]",,45 50' N 20 46' E,45 50' N 20 46' E
v10-1019-9,Mer,"Mer, (Géogr.)​ petite ville de France dans le Blaisois, à une lieue de la Loire & à 4 de Blois & de Beaugency. Les Calvinistes avoient un temple dans cette ville, avant la révocation de l’édit de Nantes. Long. 18. 59. lat. 47. 35.


Jurieu (Pierre) professeur en théologie & ministre à Rotterdam, naquit à Mer en 1637, & mourut en 1713, à 76 ans. Il s’est fait connoître par des écrits pleins d’esprit, de feu, & d’imagination, par des opinions chimériques sur le rétablissement du calvinisme en France en 1689 ; & ce que je trouve de plus blamâble, il ne cessa de persécuter Bayle, qui a vécu & qui est mort en sage. (D. J.)​","[[""47 35' N 18 59' E""]]",,47 35' N 18 59' E,47 35' N 18 59' E
v10-1021-0,MÉRAN,"MÉRAN, (Géog.)​ ancienne ville d’Allemagne, dans le Tirol, capitale de l’Estchland, sur le bord de l’Adige, à 5 lieues N. O. de Bolzano. Long. 28. 28. lat. 46. 35.","[[""46 35' N 28 28' E""]]",,46 35' N 28 28' E,46 35' N 28 28' E
v10-1039-0,"MERDIN, MARDIN, MÉRÉDIN, MIRIDEN","MERDIN, (Géog.)​ les voyageurs écrivent aussi MARDIN, MEREDIN, MIRIDEN, ville d’Asie dans le Diarbeck, avec un château, qui passe pour imprenable ; le terroir produit du coton en abondance. Elle appartient aux Turcs qui y ont un pacha avec garnison. Merdin est située à 6 lieues du Tigre, entre Mosoul & Bagdat, près d’Amed. Long. selon M. Petit de la Croix, 62. 30. lat. 35. 13. (D. J.)​","[[""35 13' N 62 30' E""]]",,35 13' N 62 30' E,35 13' N 62 30' E
v10-1042-0,MEREND,"MEREND, (Géog.)​ ville de Perse, dans l’Azerbiane, dont M. Petit de la Croix met la long. à 80. 50, & la lat. à 37. 55.","[[""37 55' N 80 50' E""]]",,37 55' N 80 50' E,37 55' N 80 50' E
v10-1043-2,Mérida,"Mérida, (Géog.)​ petite ville de l’Amérique septentrionale, dans la nouvelle Espagne, capitale de la province d’Yucatan, la résidence de l’évêque & du gouverneur de cette province. Elle n’est cependant habitée que par quelques espagnols, & par des indiens, & est à 12 lieues de la mer. Longit. 289. 50. lat. 20. 10.","[[""20 10' N 289 50' E""]]",,20 10' N 289 50' E,20 10' N 289 50' O
v10-1072-0,MÉROU,"MÉROU, (Géog.)​ ville d’Asie en Perse, dans le Khorassan. Elle a produit plusieurs savans hommes ; & Jacut assure qu’il y a vû trois bibliotheques, dans l’une desquelles il y avoit quelques mille volumes manuscrits. L’agrément de sa situation, la pureté de son air, la fertilité de son terroir, & les rivieres qui l’arrosent en font un séjour délicieux. Elle est assez également éloignée de Nichapour, de Hérat, de​Balk, & de Bocara. Long. 81. lat. 37. 40.


C’est dans cette ville que mourut en 1072 Alp-Arslan, second sultan de la dynastie des Selgincides, & l’un des plus puissans monarques de l’Asie. On y lit cette épitaphe sur son tombeau : « Vous tous qui avez vû la grandeur d’Alp-Arslan élevée jusqu’aux cieux, venez la voir à Mérou ensevelie dans la poussiere ». (D. J.)​","[[""37 40' N 81 E""]]",,37 40' N 81 E,37 40' N 81 E
v10-1208-0,"METLING, ou MOTTLING","METLING, ou MOTTLING, (Géog.)​ ville forte, & château d’Allemagne dans la Carniole, sur le Kulp. Quelques géographes croient que c’est la Meclaria des anciens. Longit. 33. 35. latit. 45. 58.","[[""45 58' N 33 35' E""]]",,45 58' N 33 35' E,45 58' N 33 35' E
v10-1267-0,MEYENFELD,"MEYENFELD, (Géog.)​ ville du pays des Grisons, dans la ligue des dix jurisdictions, chef-lieu de la cinquieme communauté. On l’appelle en latin Majævilla & Lupinum. Elle est sur le Rhin dans une campagne agréable & fertile, surtout en excellent vin, à six lieues N. E. de Coire. Longit. 27. 15. lat. 47. 10.","[[""47 10' N 27 15' E""]]",,47 10' N 27 15' E,47 10' N 27 15' E
v10-1312-2,Middelbourg,"Middelbourg, (Géog.)​ île de la mer du sud, à environ 204. deg. de long. sous les 21. 50 de lat. méridionale. (D. J.)​","[[""21 50' S 204 E""]]",,21 50' S 204 E,21 50' S 204 O
v10-1339-0,"MIHIEL, Saint","MIHIEL, Saint- (Géog.)​ ville de France au duché de Bar, capitale du bailliage du pays d’entre la Moselle & la Meuse. Il y avoit autrefois une cour​souveraine. Elle est sur la Meuse à 8 lieues N. E. de Bar, 14 N. O. de Nancy, 9 S. E. de Verdun, 72 N. E. de Paris. Long. 23. 51. 27. lat. 48. 38. 11.","[['48 38\' 11"" N 23 51\' 27"" E']]",,"48 38' 11"" N 23 51' 27"" E","48 38' 11"" N 23 51' 27"" E"
v10-1357-0,MILHAUD ou MILLAN,"MILHAUD ou MILLAN, (Géogr.)​ en latin Æmilianum, petite ville de France dans la haute Marche de Rouergue. Louis XIII. la fit démanteler en 1629. Elle est sur le Tarn, à 7 lieues de Lodeve, 120 S. E. de Paris. Long. 20. 50. latit. 44. 10. (D. J.)​","[[""44 10' N 20 50' E""]]",,44 10' N 20 50' E,44 10' N 20 50' E
v10-1386-1,Milo,"Milo, (Géogr.)​ ancienne ville de Grece, capitale de l’île de ce nom, située dans la partie orientale. Elle contient, dit-on, quatre à cinq mille ames, est assez bien bâtie, mais d’une saleté insupportable, car les cochons y ont un appartement sous une arcade de chaque maison, à rez-de-chaussée, dont l’ouverture donne toujours sur la rue. Les ordures qui s’y amassent, les vapeurs des marais salans, & la disette des bonnes eaux, empoisonnent l’air de cette ville. Sa long. selon le P. Feuillée, est à 42. 31′. 30″. lat. 36. 41.","[['36 41\' N 42 31\' 30"" E']]",,"36 41' N 42 31' 30"" E","36 41' N 42 31' 30"" E"
v10-1388-0,MILTENBERG,"MILTENBERG, (Géog.)​ petite ville d’Allemagne dans l’électorat de Mayence, sur le Meyn, entre Aschaffenbourg & Freudenberg. Long. 26. 36. lat. 50. 2. (D. J.)​","[[""50 2' N 26 36' E""]]",,50 2' N 26 36' E,50 2' N 26 36' E
v10-142-0,MANOSQUE,"MANOSQUE, Manosca, (Géog.)​ ville de France en Provence sur la Durance, dans la viguerie de Forcalquier, avec une commanderie de l’ordre de Malthe. Elle est dans un pays très-beau & très-fertile, à 4 lieues S. de Forcalquier, 154 S. E. de Paris. Long. 23. 30. lat. 43. 52.


Dufour (Philippe Sylvestre), marchand droguiste là Lyon, mais au-dessus de son état par ses ouvrages, étoit de Manosque. Il mourut dans le pays de Vaud en 1685, à 63 ans.","[[""43 52' N 23 30' E""]]",,43 52' N 23 30' E,43 52' N 23 30' E
v10-1452-0,"MINSINGEN, ou MUNSINGEN","MINSINGEN, (Géog.)​ ou MUNSINGEN ; petite ville d’Allemagne, dans les états du duc de Wurtemberg sur l’Elbe, entre Neutlingen & Blaubeuren. Long. 27. 26, lat. 48. 21. (D. J.)​","[[""48 21' N 27 26' E""]]",,48 21' N 27 26' E,48 21' N 27 26' E
v10-146-0,"MANS, le","MANS, le, (Géogr.)​ ancienne ville de France sur la Sarte, capitale de la province du Maine. C’est la même que la table de Peutinger appelle Suindinum. Dans les notices des villes de la Gaule elle est nommée civitas Cenomanorum. Sous le regne de Charlemagne c’étoit une des plus grandes & des riches villes du royaume ; les tems l’ont bien changé. Presque dans chaque siecle elle a éprouvé des incursions, des siéges, des incendies, & autres malheurs semblables, dont elle ne sauroit se relever. Elle contient à peine aujourd’hui neuf ou dix mille ames. Son évêque se dit le premier suffragant de l’archevêché de Tours, mais cette prétention lui est fort contestée. Son évêché vaut environ 17000 livres de revenu. Le Mans est sur une colline, à 8 lieues N. O. d’Alençon, 17 N. O. de Tours, 19 N. E. d’Angers, 30 N. E. d’Orléans, 48 S. O. de Paris. Longit. selon Cassini, 17. 36′. 30″. lat. 47. 58. (D. J.)​","[['47 58\' N 17 36\' 30"" E']]",,"47 58' N 17 36' 30"" E","47 58' N 17 36' 30"" E"
v10-1471-0,MIRADOUX,"MIRADOUX, (Géog.)​ petite ville de France dans le bas Armagnac, élection de Lomagne, & à deux lieues de Lectoure. Long. 18. 26. lat. 43. 56. (D. J.)​","[[""43 56' N 18 26' E""]]",,43 56' N 18 26' E,43 56' N 18 26' E
v10-1479-0,MIREBEAU,"MIREBEAU, (Géog.)​ petite ville de France en Poitou, capitale d’un petit pays appellé le Mirebalais. Elle fut bâtie par Foulques de Nera, & souffrit un long siege en 1202, en faveur de la reine d’Angleterre, veuve d’Henri II. qui s’y étoit réfugiée. Elle est à 4 lieues de Poitiers, & à 71 lieues S. O. de Paris. Long. 17d. 50. 23. lat. 46d. 46. 56. (D. J.)​","[['46 46\' 56"" N 17 50\' 23"" E']]",,"46 46' 56"" N 17 50' 23"" E","46 46' 56"" N 17 50' 23"" E"
v10-1510-0,MISITRA,"MISITRA, (Géog. anc. & mod.)​ ville de la Morée, dans les terres auprès d’une petite montagne, branche du Taygete des anciens, & d’une petite riviere du même nom qui se décharge dans le Vasilipotamos.


Misitra, ou du-moins son fauxbourg, est l’ancienne Sparte, cette ville si célebre dans le monde. Le nom de Misitra lui a été donné sous les derniers empereurs de Constantinople, à cause des fromages de ses environs qu’on appelle vulgairement misitra.


Cette ville n’a plus, à beaucoup près, les 48 stades que Polybe donnoit à l’ancienne Lacédémone. Misitra est divisée en quatre parties détachées, le château, la ville & deux fauxbourgs ; l’un de ces fauxbourgs se nomme Mesokorion, bourgade du milieu, & l’autre Enokorion, bourgade du dehors.


La riviere Vasilipotamos passe encore aujourd’hui à l’orient de la ville comme autrefois. Elle ne fait en été qu’un ruisseau ; mais en hiver, elle est comme le bras de la Seine à Paris devant les Augustins.


Le château n’est pas celui de l’ancienne Lacédémone, dont on voit encore quelques masures sur une colline opposée ; c’est l’ouvrage des despotes, sous le déclin de l’empire.


Il y a une mosquée dans le Mesokorion, deux bazars & une fontaine qui jette de l’eau par des tuyaux de bronze. C’est la fontaine Dorcea, aussi fameuse à Sparte que l’Ennéacrunos l’étoit à Athènes.


En abordant à Misitra, on n’oublie point de prendre son Pausanias à la main, pour l’examiner. Cet auteur ayant passé le pont qui est sur l’Eurotas, entre dans le Plataniste, qui est à la rive droite de ce fleuve, & que l’on voit encore. Il monte ensuite dans la ville, où il trouve le temple de Lycurgue ; il suit, il décrit tous les autres temples qui sont sur sa route. Il voit & décrit le palais des anciens rois, leurs tombeaux, & le théatre dont la beauté le surprend. Toutes ces choses sont abattues, & les princes paléologues n’ont laissé de tous ces édifices que quelques fondemens.


De tant de temples autrefois consacrés à Diane dans Sparte, à peine en trouve-t-on le terrein. Pallas en avoit sept ou huit pour sa part, entre lesquels, celui qu’on surnommoit Chalciœcos, étoit le plus célebre de toute la Grece. Il n’en reste pas le moindre vestige.


Les ruines du temple de Vénus armée sont à l’orient de Misitra. On voyoit autrefois aux environs de ce temple le Cœnotaphe de Brasidas, & près de ce Cœnotaphe les tombeaux de Pausanias & de Léonidas. Près de ces tombeaux étoit le théâtre de Lacédémone, dont il reste à peine quelques fragmens​de colonnes. On y chercheroit en vain la place du temple de Cérès qui n’étoit pas loin delà.


Autrefois toute l’enceinte de l’Agora étoit embellie des statues superbes, de tombeaux célebres, ou de tribunaux majestueux. On y voyoit un temple dédié à Jules César, & un autre à Auguste. Il y en avoit de consacrés à Apollon, à la Terre, à Jupiter, aux Parques, à Neptune, à Minerve, à Junon ; il ne reste plus de traces d’aucun de tous ces édifices.


Il n’y en a pas davantage du Gérosia, c’est-à-dire du tribunal des vingt-huit gérontes, ni du tribunal ces éphores, ni de celui des bidiaques qui avoient l’œil sur la discipline des enfans, ni finalement des nomophylaces ou interpretes des lois de Lycurgue. Tout ce qu’on peut en juger, c’est que le terrein est occupé par le serrail de Mula, par la prison publique & par des jardins.


La rue du grand Bazar est la fameuse rue, qu’on appelloit Aphétars. Ulysse contribua à la rendre célebre, quand elle lui servit de carriere pour disputer à la course la possession de Pénélope contre ses rivaux.


On sortant de Misitra pour aller du côté du pont de pierre, qu’on nommoit autrefois le Babica, on trouve une grande plaine bornée à l’orient par la riviere & à l’occident par le Mézocorion. C’est-là que sont le Plataniste & le Dromos. Il ne reste de ce dernier que des amas de pierres bouleversées. A l’égard du Plataniste, la nature y produit encore des platanes à la place de ceux de l’antiquité. La riviere s’y partage en plusieurs bras ; mais on n’y sauroit plus discerner celui qui se nommoit l’Euripe, c’est-à-dire ce canal qui formoit l’île fameuse, où se donnoit tous les ans le combat des Ephebes.


A une portée de mousquet de l’Enokorion, on découvre au nord une colline où sont des vignobles qui produisent le meilleur vin de la Morée. C’est le même terroir où Ulysse planta lui-même une vigne, lorsqu’il alla chercher Pénélope à Lacédémone.


Mahomet II. a établi à Misitra un bey, un aga, un vaivode, & quatre gérontes. Le bey est gouverneur de la Zaconie, & indépendant du bacha de la Morée. L’aga commande la milice du pays. Le vaivode est comme un prevôt de maréchaussée. Ces trois charges sont exercées par des Turcs. Celles des gérontes sont possédées par des Chrétiens d’entre les meilleures familles greques de Misura. Ils font l’assiette & la levée du tribut pour les mêles, qu’on paye au sultan. Les femmes, les caloyers & les papas ne payent rien. Ce tribut est de quatre piastres & demi par tête dès le moment de sa naissance ; oppression particuliere à la Zaconie, & mauvaise en bonne politique : aussi l’argent est si rare dans le pays, que le peuple n’y vit que par échange de ses denrées. Le reste du trafic se fait par les mains des Juifs, qui composent la plus grande partie des habitans : ils ont à Misitra trois synagogues. Les caloyeres ou les filles consacrées à la Panagia y possedent un monastere bien bâti.


Enfin Misitra n’est plus recommandable que par ses filles greques qui sont jolies, & par ses chiens qui sont excellens ; c’est tout ce qu’elle a conservé de l’ancienne Sparte. Mais il ne faudroit pas faire aux Grecs de cette ville la même question qu’on fit autrefois à leur compatriote Léotichidas, ni attendre d’eux une aussi sage réponse que celle qu’il fit quand on lui demanda pourquoi les Lacédémoniens étoient les seuls d’entre les Grecs qui aimoient si peu à boire : afin, dit-il, que nous disposions toujours de nous comme nous voudrons, & que les autres n’en disposent jamais comme il leur plaira.


M. Fourmont, dans son voyage de Grece en 1729, dit avoir ramassé à Misitra des inscriptions de conséquence, mais il n’en a publié aucune.​


Cette ville est sur la riviere ou le ruisseau de Visilipotamos, à 40 lieues S. O. d’Athènes, à 37 S. E. de Lépante, à 150 S. O. de Constantinople. Long. 40. 20. latit. 35. 26. (D. J.)​","[[""35 26' N 40 20' E""]]",,35 26' N 40 20' E,35 26' N 40 20' E
v10-1622-3,Moeurs ou Mors,"Mœurs ou Mors, (Géog.)​ petite ville, château, & comté d’Allemagne, au cercle de Westphalie, près du Rhin. Elle appartient au duc de Cleves & de Juliers, & est à 7 lieues N. O. de Dusseldorp. 5 S. E. de Gueldres. Long. 24. 15. lat. 51. 23. (D. J.)​","[[""51 23' N 24 15' E""]]",,51 23' N 24 15' E,51 23' N 24 15' E
v10-1647-0,MOISSAC,"MOISSAC, Mussiacum, (Géogr.)​ ancienne petite ville de France dans le Quercy. Elle est abondante en toutes sortes de denrées, & est agréablement située sur le Tarn, un peu au-dessus de l’endroit où il s’embouche dans la Garonne. Elle doit son origine à une abbaye qui y fut fondée dans le xj. siecle, & depuis lors elle a été cent fois affligée par les guerres. Long. 19. 2. lat. 44. 8. (D. J.)​","[[""44 8' N 19 2' E""]]",,44 8' N 19 2' E,44 8' N 19 2' E
v10-1676-0,MOLINA,"MOLINA, (Géog.)​ ville d’Espagne, dans la nouvelle Castille, sur le Gallo, à 3 lieues des frontieres de l’Arragon, près de Caracena. Cette ville est dans un pays de pâturage, où l’on nourrit des brebis qui portent une laine précieuse. Elle est située à 10 lieues S. E. de Siguenza, 28 N. E. de Madrid. Long. 15. 55. lat. 40. 50. (D. J.)​","[[""40 50' N 15 55' E""]]",,40 50' N 15 55' E,40 50' N 15 55' E
v10-1686-0,MOLLEN ou Molna,"MOLLEN, (Géog.)​ ou Molna, petite ville d’Almagne, au cercle de Basse-Saxe. Elle est située à 6 milles de Lunebourg, & à 4 de la ville de Lubeck, à qui elle appartient. Long. 32. 43. lat. 54. 45. (D. J.)​","[[""54 45' N 32 43' E""]]",,54 45' N 32 43' E,54 45' N 32 43' E
v10-1708-0,MOLZOUDON,"MOLZOUDON, (Géog.)​ ville du Mogolistan. Long. 132. lat. 50. (D. J.)​",[['50 N 132 E']],,50 N 132 E,50 N 132 E
v10-1726-0,MONASTER,"MONASTER, (Géographie.)​ ville d’Afrique au royaume de Tunis. Elle est battue des flots de la mer, à 4 lieues de Suze, & à 25 S. E. de Tunis. Long. 28. 40. lat. 36. (D. J.)​","[[""36 N 28 40' E""]]",,36 N 28 40' E,36 N 28 40' E
v10-1734-0,MONCALVO,"MONCALVO, (Géog.)​ par les François Moncal ; petite, mais forte ville d’Italie, dans le Montferrat, sur une montagne, à 6 milles du Pô, & à 7 S. O. de Casal, près la Stura. Long. 25. 48. lat. 44. 58. (D. J.)​","[[""44 58' N 25 48' E""]]",,44 58' N 25 48' E,44 58' N 25 48' E
v10-1751-0,MONDRAGON,"MONDRAGON, (Géog.)​ petite ville d’Espagne, dans le Guipuscoa : ses eaux médicinales la font remarquer dans le pays. Elle est au bord de la Deva, petite riviere, & à 3 lieues de Placentia, sur une colline. Long. 15. 2. lat. 43. 14. (D. J.)​","[[""43 14' N 15 2' E""]]",,43 14' N 15 2' E,43 14' N 15 2' E
v10-1802-0,MONS,"MONS, (Géog.)​ ancienne, grande & forte ville​des Pays-bas, capitale du Hainaut autrichien. Mons
s’appelle en latin Mons Hannonioc, & en flamand Berghen in Henegouw. Alberon, fils de Clodion, commença à bâtir dans cet endroit, en 449, une forteresse qu’on nomma Mons Castrilucius ; voilà l’origine de cette ville, qui a été plusieurs fois prise & reprise depuis le duc d’Albe, en 1572, jusqu’à nos derniers jours. Elle appartient encore à la maison d’Autriche, jusqu’à ce que les François la lui enlevent.


Elle est en partie sur une montagne, & en partie dans la plaine, dans un terroir marécageux sur la Trouille, à 2 lieues de S. Guilhain, dont les écluses la défendent, à 7 lieues de Valenciennes & de Tournay, 4 de Maubeuge, 12 N. E. de Cambray, 15 O. de Namur, 50 N. E. de Paris. Long. 31. 34. lat. 50. 25. (D. J.)​","[[""50 25' N 31 34' E""]]",,50 25' N 31 34' E,50 25' N 31 34' E
v10-1823-0,MONTALCINO,"MONTALCINO, (Géog.)​ petite ville d’Italie, dans la Toscane, au territoire de Sienne, avec un évêché qui ne releve que du pape. Elle est située sur une montagne, à 16 milles S. E. de Sienne, 20 S. E. de Florence. Long. 29. 12. lat. 43. 7. (D. J.)​","[[""43 7' N 29 12' E""]]",,43 7' N 29 12' E,43 7' N 29 12' E
v10-1833-0,MONTBAR,"MONTBAR, (Géog.)​ petite ville de France en Bourgogne dans l’Auxois, sur la riviere de Braine. Il y a un châtellenie royale, maréchaussée, grenier à sel, & une seule paroisse. Long. 21. 50. latit. 47. 40.","[[""47 40' N 21 50' E""]]",,47 40' N 21 50' E,47 40' N 21 50' E
v10-1835-0,MONTBELLIARD,"MONTBELLIARD, (Géogr.)​ ville d’Allemagne, capitale d’une principauté de même nom, aux confins de l’Alsace & de la Franche-Comté, entre Porentru & Bâle, au pié d’un rocher occupé par un fort château en façon de citadelle. Depuis 1653, le prince de Montbelliard a voix & séance dans le college des princes de l’empire. Les traités de Riswick & de Bade maintinrent la souveraineté à ce prince. Louis XIV. s’étant rendu maître de la ville en 1674, la fit démanteler. Elle est située proche l’Alaine & le Doux, à 12 lieues O. de Bâle, 15 N. O. de Besançon, 80 S. E. de Paris. Long. 24. 40. latit. 47. 38.","[[""47 38' N 24 40' E""]]",,47 38' N 24 40' E,47 38' N 24 40' E
v10-1842-0,MONT-DIDIER,"MONT-DIDIER, (Géograph.)​ en latin moderne Mons-Desideri, ancienne petite ville de France en Picardie. Quelques-uns de nos rois de la troisieme race y ont eu leur palais, & y ont tenu leur cour. Elle est sur une montagne à 7 lieues d’Amiens & de Compiegne, 23 N. E. de Paris. Long. selon Cassini, 20. 5′. 23″. latit. 49. 39.


M. Galland (Antoine), un des savans antiquaires du xvij. siecle, naquit de parens fort pauvres à 2 lieues de Mont-Didier. Il fit trois voyages au levant, s’attacha particulierement à l’étude des médailles, & apprit à fond pendant son long séjour dans ce pays-là le turc, l’arabe, le persan & le grec vulgaire. Il mourut en 1715, âgé de 69 ans. Son Dictionnaire numismatique a été remis après sa mort à l’académie des Inscriptions, dont il étoit membre. C’est un livre qui manque aux sciences. Les manuscrits orientaux qu’il avoit recueillis ont passé à la bibliotheque du roi. Il a eu la plus grande part à la bibliotheque orientale de Herbelot. On lui doit les mille & une nuits, contes arabes, en 10 volumes in-12. Il a publié une histoire de la trompette chez les anciens, & l’explication de quantité de médailles en plusieurs brochures, qui mériteroient d’être rassemblées en un corps. (D. J.)​","[['49 39\' N 20 5\' 23"" E']]",,"49 39' N 20 5' 23"" E","49 39' N 20 5' 23"" E"
v10-1862-0,MONTELIMART,"MONTELIMART, (Géog.)​ petite, mais agréa-​ble ville de France en Dauphiné, située dans une plaine fertile au confluent de deux petites rivieres, Rioubion & Jabron, & environ à deux milles du Rhône, dominée par une citadelle jadis très-forte, qui est située sur une éminence dont la continuation forme un côteau assez étendu très-bien cultivé, planté principalement en vignes qui donnent un vin excellent. Cette ville, fondée ou rétablie par les Adhemars, fut donnée par un d’eux en hommage volontaire & gratuit à l’Eglise sous le pontificat de Grégoire XI. ensuite érigée en bailliage ; enfin restituée en 1446 à Louis XI. roi de France. On reproche aux habitans d’avoir les premiers embrassé les dogmes de la religion P. R. d’avoir excité des séditions, & d’avoir en conséquence attiré sur eux le fléau de la guerre, & des persécutions qui ne firent, comme c’est l’ordinaire, qu’augmenter le mal avec l’obstination. Cette ville a été assiégée plusieurs fois, d’abord en 1569 par l’amiral de Coligny, qui fut obligé de céder à la vigoureuse résistance & au courage naturel des habitans, & d’en lever le siége. Le seigneur de Lesdiguieres fut quelques années après plus heureux, il la prit en 1586 ; mais l’année suivante elle lui fut enlevée par le comte de Suse, qui étoit d’intelligence avec les habitans. Mais le premier la reprit peu après par le moyen du château qu’on n’avoit encore pu forcer. Les états de la province y ont été convoqués en 1560 par le baron des Adrets ; & il y a eu deux conciles tenus, l’un en 1208, composé de tous les prélats des provinces voisines, assemblés par Milon, légat du saint siége ; & l’autre en 1248, convoqué par Pierre & Hugues, aussi légats. Ces deux conciles sont sous le nom de Montilli, mais Chorier a prouvé contre Castel, qui soutenoit que c’étoit une place du Languedoc, que Montilli n’étoit autre chose que Montelimart. Voyez son histoire du Dauphiné. Il y a dans cette ville une élection & une sénéchaussée : le prince de Monaco en est convigneur avec la ville, & M. de Gouvernet, gouverneur. Elle est placée au 22d25′. de longit. la latit. est de 44d33′38″.","[['44 33\' 38"" N 22 25\' E']]",,"44 33' 38"" N 22 25' E","44 33' 38"" N 22 25' E"
v10-1869-0,MONTE-PULCIANO,"MONTE-PULCIANO, (Géog.)​ Mons Policianus, petite ville d’Italie, en Toscane, avec un évêché qui ne releve que du pape, & qui fut érigé en 1561. Elle est dans un terroir fertile en vins admirables, à 28 milles O. de Pérouse, à pareille distance S. E. de Sienne, & 54 S. E. de Florence. Long. 29. 25. lat. 43. 5.


Cette ville est la patrie de Bellarmin & de Politien.


Bellarmin (Robert) jésuite, l’un des habiles controversistes de son siecle, fut nommé cardinal en 1599, & mourut à Rome en 1621, à 79 ans. Ses ouvrages n’ont ni la pureté de la langue latine, ni les ornemens du discours : il confond souvent les opinions particulieres avec la doctrine générale ; enfin il se montre par-tout si zélé défenseur des prétentions de la cour de Rome, & de l’étendue du pouvoir des papes, qu’on ne peut le lire avec estime.


Politien (Ange), que nous nommons aussi le Pulci, étoit l’un des plus doctes & des plus polis écrivains du quinzieme siecle ; que dirois-le de plus fort pour le prouver, les deux Scaligers l’ont comblé d’éloges ! Il se fit connoître avec éclat de très-bonne heure, & mérita d’être mis au nombre des enfans célebres. Sa version latine d’Hérodien, ses poésies, ses œuvres mêlées augmenterent sa réputation : on a fait du tout une belle édition, chez S. Gryphe en 1550, 3 vol. in-8°. Il mourut âgé de 40 ans en 1494. Bayle a donné son article, & M. Menck a écrit sa vie. (D. J.)​","[[""43 5' N 29 25' E""]]",,43 5' N 29 25' E,43 5' N 29 25' E
v10-1880-1,Monfort,"Monfort, (Géogr.)​ petite ville de France, dans la haute-Bretagne, sur le Men, à cinq lieues de Rennes. Long. 15. 16. lat. 48. 5.","[[""48 5' N 15 16' E""]]",,48 5' N 15 16' E,48 5' N 15 16' E
v10-1895-0,MONTMELIAN,"MONTMÉLIAN, (Géog.)​ en latin moderne, Mommelianum, ville autrefois très-forte du duché de Savoie, avec un château sur l’Isere. Elle a été prise & reprise par nos rois, tantôt avec de l’argent par François I. & Henri IV. tantôt avec le canon par Louis XIV. qui en fit démolir les fortifications, en 1705. Ses environs sont agréables, entrecoupés de plaines, de montagnes, & de collines, sur lesquelles il croît des vins estimés. La situation est commode pour passer en Piémont, en Dauphiné, dans les provinces de Savoie, dans le Génevois, & dans le Fossigny. Elle est à 10 N. E. de Grenoble, 30 N. O. de Turin, 3 S. O. de Chambery. Long. 23. 40. lat. 45. 32. (D. J.)​","[[""45 32' N 23 40' E""]]",,45 32' N 23 40' E,45 32' N 23 40' E
v10-1901-0,MONTPELLIER,"MONTPELLIER, (Géogr.)​ en latin moderne Monspessulanus ; ville de France, la plus cônsidérable du Languedoc après Toulouse.


Ce n’est point une ville ancienne, puisqu’elle doit son origine à la ruine de Maguelone. Elle a commencé par un village qui fut donné à Rituin, évêque de Maguelone, vers l’an 975, sous le regne de Lothaire. Cette seigneurie tomba dans le treizieme siecle, entre les mains des rois d’Arragon, & l’an 1500 Ferdinand le Catholique céda ses prétentions sur Montpellier à Louis XII. qui, de son côté, renonça à tous ses droits sur le Roussillon.


Montpellier est mal percée, dans une situation défavorable, & dans un mauvais terrain, quoique couvert de vignes & d’oliviers. Les Calvinistes y ont dominé depuis le regne d’Henri III. jusqu’en 1622, qu’elle se soumit à Louis XIII. Ce prince y bâtit une citadelle, qui commande la ville & la campagne.


L’évêché de Maguelone a été transféré à Montpellier en 1538. Il est suffragant de Narbonne, & rapporte à l’évêque environ 22 mille livres de rentes.


L’université de Montpellier, autrefois fameuse, est ancienne, & reçut sa forme entiere, en 1289. On y enseignoit le Droit des le douzieme siecle, & les médecins arabes ou sarrasins, qui furent chassés​ d’Espagne par les Goths, commencerent à y enseigner la Médecine, en 1180.


L’académie des sciences de Montpellier y est établie par lettres-patentes de 1706, & est composée de trente membres, outre six honoraires.


Le commerce de cette ville est en futaines, laines du levant, préparées & assorties, blanchissage de cire jaune, tannerie, verd-de-gris, vins, eaux-de-vie, eaux de lavande, & autres liqueurs.


Montpellier est situé à deux lieues de la mer, sur une colline, dont la riviere de Lez arrose le pié, à 8 lieues de Nismes, 15 N. E. de Narbonne, 14 S. O. d’Arles, 22 S. O. d’Orange, 150 S. F. de Paris. Long. selon Cassini, 21d. 24′. 15″. lat. 43d. 36′. 50″.


S. Roch, à peine connu dans l’histoire de Montpellier, naquit pourtant dans cette ville sur la fin du treizieme siecle, & même y mourut en 1327. On sait combien son culte est-célebre parmi les Catholiques ; mais comme personne n’est prophete chez soi, il n’est pas dit un mot de ce saint, ni dans le vieux rituel de Montpellier, ni dans le thalamus, qui est le régître de tous les événemens de cette ville, depuis sa fondation.


Mais à S. Roch, il faut joindre ici les noms de quelques hommes de lettres, qui sont de ses compatriotes.


Je connois en jurisprudence Rebuffe (Pierre), qui donna des ouvrages latins de sa profession, en 4 vol. in-fol. Il entra dans l’état ecclésiastique après avoir été longtems laïque, & mourut à Paris, en 1557, à 70 ans.


D’Espeisses (Antoine) a publié un traité des Successions, effacé par de meilleurs ouvrages modernes. Il mourut dans sa patrie, en 1658.


Bornier (Philippe) s’est fait honneur dans ce siecle par ses conferences sur les ordonnances de Louis XIV. Il a fini sa carriere en 1711, à 78 ans.


Rondelet (Guillaume) a donné l’histoire naturelle des poissons, qu’on estimoit avant que celle de l’illustre Willoughby eût vû le jour.


Régis (Pierre-Sylvain) avoit beaucoup d’admirateurs dans le tems du regne de la philosophie de Descartes ; ses ouvrages sont, avec raison, tombés dans l’oubli. Il mourut en 1707, à 75 ans.


Faucheur (Michel le) a été un des savans théologiens, & des illustres prédicateurs calvinistes françois du xvij. siecle. Son traité de l’action de l’orateur a souffert plusieurs éditions. Il mourut à Paris, en 1657.


Enfin, la Peyronie (François de) premier chirurgien de Louis XV. & membre de l’académie des Sciences, a plus fait lui-seul pour la gloire de son art, que la plûpart des rois, & que tous ses prédécesseurs réunis ensemble. A près avoir procuré l’établissement de l’académie de Chirurgie de Paris, en 1741, il a légué tous ses biens, montant au-delà de 500 mille livres, à la communauté des Chirurgiens de cette ville, & de celle de Montpellier. D’ailleurs toutes les clauses de ses legs ne tendent qu’au bien public, au progrès & à la perfection de l’art. Il finit ses jours en 1747, en immortalisant son nom par ses bienfaits & par ses talens.


Quand à Rourdon & à Raoux, fameux peintres, nés à Montpellier, j’en ai parlé au mot École Françoise. (D. J.)​","[['43 36\' 50"" N 21 24\' 15"" E']]",,"43 36' 50"" N 21 24' 15"" E","43 36' 50"" N 21 24' 15"" E"
v10-1904-1,"Mont-réal, l'Isle de","Mont-réal, l’Isle de, (Géogr.)​ petite île de l’Amérique septentrionale, dans le fleuve de saint​ Laurent, d’environ 10 lieues de long sur 4 de large. Elle appartient aux François. Mont-réal ou Ville-Marie en est la capitale ; c’est une place fortifiée, dans une situation plus avantageuse que celle de Québec, sur le bord du fleuve saint-Laurent, & à 60 lieues de Québec. Le séminaire de saint Sulpice de Paris en est seigneur. Long. 305. 35. lat. septent. 45. 10. (D. J.)​","[[""45 10' N 305 35' E""]]",,45 10' N 305 35' E,45 10' N 305 35' O
v10-1907-0,MONTREUIL,"MONTREUIL, (Géog)​ en latin moderne, Monasteriolum, ville de France fortifiée dans la basse Picardie, au comté de Ponthieu, élection de Dourlens, sur une colline, près de la Canche, à trois lieues de la mer, à quatre lieues N. O. d’Hesdin, huit S. E. de Boulogne, 47 N. O. de Paris. Longit. 19d. 25′. 32″. lat. 43. 36′. 33″.


Lambin (Denis), un des plus savans humanistes du xvj. siecle, étoit natif de Montreuil en Picardie. Il demeura long-tems à Rome avec le cardinal de Tournon, fut fait à son retour professeur royal en langue grecque à Paris, & s’acquit une réputation célebre par ses commentaires sur Plaute, sur Lucrece, sur Cicéron, & sur tout sur Horace. Il étoit si intimément lié d’amitié à Ramus, égorgé au massacre de saint Barthelemi, qu’il en mourut de chagrin quelques semaines après, à l’âge de 56 ans.","[['43 36\' 33"" N 19 25\' 32"" E']]",,"43 36' 33"" N 19 25' 32"" E","43 36' 33"" N 19 25' 32"" E"
v10-1908-0,MONTREUIL-BELLAY,"MONTREUIL-BELLAY, (Géog.)​ ancienne petite ville, ou bourg de France en Anjou, sur la riviere de Toué, à quatre lieues de Saumur, 10 d’Angers, 62 de Paris. Long. 17. 26. lat. 47. 10.


La seigneurie de ce bourg est considérable ; elle a plus de cent vassaux qui lui portent hommage. Le seigneur de Choursée qui en releve, est obligé lorsque la dame de Montreuil-Bellay va la premiere fois à Montreuil Bellay, de la descendre de sa haquenée, chariot, ou voiture, & de lui porter un sac de mousse ès-lieux privés de sa chambre. Ce devoir est établi par un aveu de la terre de Montreuil, qui se trouve dans les regîtres du châtelet de Paris. Ces sortes d’usages qu’on ne suit plus, peignent toûjours nos anciennes servitudes. (D. J.)​","[[""47 10' N 17 26' E""]]",,47 10' N 17 26' E,47 10' N 17 26' E
v10-1912-0,MONT-SAUJEON,"MONT-SAUJEON, (Géog.)​ petite ville de France, chef-lieu d’un petit pays de même nom dans la Champagne. Cette ville est à six lieues de Langres, & 58 de Paris. Long. 22. 56. lat. 47. 38.","[[""47 38' N 22 56' E""]]",,47 38' N 22 56' E,47 38' N 22 56' E
v10-1968-1,Moret,"Moret, (Géog.)​ en latin du moyen-âge Moretum ou Muritum ; ancienne ville de l’Ille-de-France, avec un château qui n’est qu’un donjon sur le Loin, à une lieue de l’endroit où cette petite riviere se jette dans la Seine. Moret a depuis long-tems le titre de comté. Henri IV. en fit présent à Jacqueline de Beuil, son amie. La seigneurie & le château de Fontainebleau, entr’autres fiefs, relevent du comté de Moret. Long. 21. 34. lat. 48. 20. (D. J.)​","[[""48 20' N 21 34' E""]]",,48 20' N 21 34' E,48 20' N 21 34' E
v10-2006-0,MORPETH,"MORPETH, (Géogr.)​ ville à marché d’Angleterre, dans le Northumberland. Elle envoie deux députés au Parlement, & est sur le Wensbeck, à 10 milles N. de Newcastle, & 210 N. O. de Londres. Long. 15. 59. lat. 51. 12.","[[""51 12' N 15 59' E""]]",,51 12' N 15 59' E,51 12' N 15 59' O
v10-2025-0,MORTARA,"MORTARA, (Géog.)​ vine d’Italie, au duché de Milan, dans la Laumeline. Elle appartient au duc de Savoie, & est sur le bord de la riviere Albonea, à 7 lieues N. O. de Pavie, 9 S. O. de Milan ; 6 N. E. de Catal. Long. 26. 19. lat. 45. 22. (D. J.)​","[[""45 22' N 26 19' E""]]",,45 22' N 26 19' E,45 22' N 26 19' E
v10-2066-0,MOSTAGAN ou MONSTAGAN,"MOSTAGAN ou MONSTAGAN, (Géogr.)​ ancienne & forte ville d’Afrique, au royaume d’Alger, avec un château, une mosquée, & un bon port nommé Cariena par les Romains, à 20 E. d’Oran. Long. selon Ptolomée, 14. 30. lat. 33. 40.","[[""33 40' N 14 30' E""]]",,33 40' N 14 30' E,33 40' N 14 30' E
v10-2083-0,MOTRIL,"MOTRIL, (Géog.)​ petite ville d’Espagne, au royaume de Grenade, avec un port, à 11 lieues espagnoles S. E. de Grenade. Quelques auteurs conjecturent que c’est l’ancienne Hexi, ou Sexi, dont les habitans s’appelloient Sexitains. Son terroir produit d’excellens vins. Long. 14. 57. lat. 36. 22.","[[""36 22' N 14 57' E""]]",,36 22' N 14 57' E,36 22' N 14 57' E
v10-2103-0,"MOUDON, ou MOULDON","MOUDON, ou MOULDON, (Géog.)​ en allemand Milden, en latin Minidunum, ancienne petite ville de Suisse, dans le canton de Berne, au pays de Vaud, chef-lieu d’un bailliage de même nom. Elle est en partie dans la plaine, en partie sur le penchant d’une colline. Berchtold dernier duc de Zéringen, ferma cette ville de murailles en 1190, & Amé VI. comte de Savoie, confirma ses priviléges en 1359. Le bailliage de Moudon confine au canton de Fribourg du côté de l’orient : il a quatre lieues de long du nord au sud, sur trois de large. La ville de Moudon est située à la gorge d’une vallée étroite qui s’étend entre deux rangs de montagnes, & qui est partagée en deux portions par une petite riviere qu’on nomme la Broye. Long. 24. 30. lat. 46. 30. (D. J.)​","[[""46 30' N 24 30' E""]]",,46 30' N 24 30' E,46 30' N 24 30' E
v10-211-1,"Maragnan, l'île de","Maragnan, l’île de (Géogr.)​ île de l’Amérique méridionale au Brésil, dans la capitainerie à laquelle elle donne son nom. Elle est formée par trois rivieres considérables, qu’on nomme le Maraca, le Topucuru, & le Mony. Cette île est peuplée, fertile, a 45 lieues de circuit, & est éloignée de la ligne vers le sud, de 2. 30. long. 323.


Les François s’y établirent en 1612, & y jetterent les fondemens de la ville de Maragnan, que les Portugais ont élevés quand ils s’en sont rendus maîtres. Cette ville est petite, mais elle est fortifiée par un château sur un rocher. Elle a un bon port, avec un évêché suffragant de l’archevêque de San-Salvador de la Baya.


Il y a encore dans cette île plusieurs villages, que les gens du pays appellent Tave. Ces villages consistent chacun en quatre cabanes jointes en quarré à la maniere des cloitres. Ces cabanes sont composées de troncs d’arbres & de branches liées ensemble, & couvertes depuis le bas jusqu’au haut de feuilles de palmiers.


Maragnan étant si près de la ligne, les nuits y sont les mêmes dans tout le cours de l’année ; on n’y éprouve ni froid ni sécheresse, & la terre y rapporte le maïs avec abondance. Les racines de manioc y croissent aussi fort grosses & en peu de tems. On y a des melons & autres fruits toute l’année.


Les naturels de cette contrée vont tout nuds. Ils se peignent le corps de différentes couleurs, & af-​fectent le noir pour les cuisses. Les femmes se percent les oreilles, & y pendent de petites boules de bois. Les hommes se percent les narines, ou la levre d’en bas, & y suspendent une pierre verte. L’arc & les fleches sont leurs seules armes.","[[""2 30' S 323 E""]]",,2 30' S 323 E,2 30' S 323 O
v10-2182-2,Mozambique,"Mozambique, (Géog.)​ très-petite île assez peuplée sur la côte orientale d’Afrique. On entendoit autrefois par ce nom un promontoire de la mer des Indes sur la même côte d’Afrique, vis a-vis l’île de Madagascar, nommée, à ce qu’on disoit, par Ptolomée Prasum Promontorium.


On convient à présent que c’est une île où les vaisseaux sont à l’abri de tous les vents. Elle est chere aux Portugais, qui la possedent, quoique l’eau douce y manque. Elle abonde en palmiers, orangers, citronniers, limonniers & figuiers des Indes. On trouve dans le continent quantité d’éléphans, de bœufs, de brebis, de chevres & de pourceaux, dont la chair est excellente. Les naturels sont noirs, idolâtres, sauvages, & vont tous nuds, hommes & femmes. Longit. 59. 20. latit. méridionale 15.","[[""15 S 59 20' E""]]",,15 S 59 20' E,15 S 59 20' E
v10-2203-0,MUERAW,"MUERAW, (Géog.)​ Muroela, ville d’Allemagne dans la Stirie, sur la Muer, aux confins de l’archevêché de Saltzbourg, à 45 lieues de Strasbourg. Long. 33. 25. lat. 57. 30. (D. J.)​","[[""57 30' N 33 25' E""]]",,57 30' N 33 25' E,57 30' N 33 25' E
v10-2214-0,MUHLDORFF,"MUHLDORFF, (Géogr.)​ ville d’Allemagne au cercle de Baviere, dans l’archevêché de Saltsbourg, sur l’Inn. Elle est fameuse par la bataille qui se donna sur son territoire en 1322, entre les empereurs Louis de Baviere & Frédéric d’Autriche, qui y fut fait prisonnier. Muhldorff est à 12 lieues N. O. de Saltzbourg. Long. 30. 14. lat. 48. 10. (D. J.)​","[[""48 10' N 30 14' E""]]",,48 10' N 30 14' E,48 10' N 30 14' E
v10-2239-0,MULHEIM,"MULHEIM, (Géog.)​ petite ville d’Allemagne, dans l’électorat de Cologne, proche le Rhin. Long. 24. 46. lat. 50. 48.","[[""50 48' N 24 46' E""]]",,50 48' N 24 46' E,50 48' N 24 46' E
v10-2246-0,MULTAN,"MULTAN, (Géog.)​ ville des Indes, passablement fortifiée, capitale d’une province de même nom dans les états du grand-mogol. Cette province a bien déchu de son ancien trafic, elle ne fournit guère à-présent au commerce que quelques chevaux, & des chameaux sans poil, mais elle paye à l’empereur du Mogol 50 lacs & 25 mille roupies. On sait qu’un lac vaut 100000 roupies, & la roupie 3 livres de France. Le peuple est mahométan, ou payen, & idolâtre. La ville de Multan a beaucoup de banians & de gentils qu’on nomme raspoutes ; cette place est très-importante pour le Mogol, lorsque les Persans sont maîtres de Candahar. Long. 115. 20. lat. 29. 40. (D. J.)​","[[""29 40' N 115 20' E""]]",,29 40' N 115 20' E,29 40' N 115 20' E
v10-2274-0,MUNICH,"MUNICH, (Géog.)​ Les Allemands écrivent Monchen, mot qui veut dire les moines, en latin, Monachium ; ville d’Allemagne en Baviere, dont elle est la capitale & la résidence ordinaire des électeurs.


Henri, duc de Saxe & de Baviere, fonda cette ville en 962, selon Aventin, qui a fait l’histoire du pays. Ce prince la bâtit sur le terrein des moines de Schaffelar. Othon IV, la fit ceindre de murailles en 1157.


Le palais électoral est un des plus grands, des plus beaux, & des plus commodes qu’il y ait en Europe. L’électeur Maximilien l’éleva avec une dépense incroyable. Il y en a des descriptions complettes en allemand, en italien & en françois ; mais ce superbe bâtiment est irrégulier dans son tout, défaut commun à toutes les grandes maisons royales, qui n’ont pas été distribuées sur le dessein d’un même architecte, & dans les vûes du premier plan.


Patin parle avec admiration des tableaux, des statues, & des bustes de jaspe, de porphyre, de bronze & de marbre, qui sont dans la galerie & dans l’appartement de l’électeur. Il y a, entr’autres, un buste d’Alexandre plus grand que nature, qui a ce goût ravissant de l’antiquité qu’inspire le marbre. On y voit la valeur, l’ambition, & cette honnêteté charmante du héros, qui a eu tant de part à ses conquêtes de l’Asie.


Le roi de Suede, maître de Munich, admiroit dans ce palais, entr’autres choses, une cheminée de stuc, dont l’ouvrage, dit-il, le charmoit. Un seigneur qui l’accompagnoit, lui conseilla d’enlever du château tout ce qui lui plaisoit, & de faire ensuite raser le bâtiment. Ce conseil étoit digne d’un goth ; Charles XII. en fut indignê.


L’église & le college des jésuites sont un des principaux ornemens de Munich ; ce college est un magnifique palais.


La ville n’est pas grande & mal fortifiée, ce qui fait qu’elle a été souvent prise & reprise dans les guerres d’Allemagne. Elle est agréablement située sur l’Iser, à 5 milles de Freisingen, 8 S. O. d’Ausbourg, 15 S. O. de Ratisbonne, 22 S. E. de Nuremberg, 56 S. O. de Prague, 68 S. O. de Vienne. Long. selon Cafsini, 29. 6. 30. lat. 48. 2. (D. J.)​","[['48 2\' N 29 6\' 30"" E']]",,"48 2' N 29 6' 30"" E","48 2' N 29 6' 30"" E"
v10-2300-2,Murcie,"Murcie, (Géog.)​ ville d’Espagne, capitale du royaume du même nom. Quelques auteurs assurent que cette ville est la Murgis des anciens ; mais d’autres prétendent que Murgis étoit située dans l’endroit où l’on voit aujourd’hui le bourg Muxacra, & que Murcie est l’ancienne Mentaria. D’autres veulent que ce soit la Vergilia des anciens. Quoi qu’il en soit, Murcie a présentement un évêché suffragant de Tolede, sept paroisses, & environ dix mille habitans. Les rues y sont droites & les maisons assez bien bâties. Sa cathédrale a cette singularité, que la montée de son clocher est si douce, qu’on peut aller jusqu’au faîte à cheval ou en carrosse. Cette ville est située dans une plaine délicieuse, au bord de de la riviere de Ségura, à 8 lieues N. de Carthagene, 10 S. O. d’Alicante, 38 de Valence, 70 S. E. de Madrid. Long. 16. 59. lat. 37. 48. (D. J.)​","[[""37 48' N 16 59' E""]]",,37 48' N 16 59' E,37 48' N 16 59' E
v10-2312-0,MURO,"MURO, (Géog.)​ petite ville d’Italie, au royaume de Naples dans la Basilicate, avec un évêché suffragant de Conza. Elle est au pié de l’Appénnin, à 4 lieues S. E. de Conza, 6 S. O. de Cirenza. Long. 33. 10. lat. 40. 45.


C’est ici que périt en 1382, Jeanne reine de Naples & de Sicile, dans sa cinquante-huitieme année. On sait que dans un âge tendre elle consentit, par foiblesse, au meurtre de son premier époux, & qu’elle eut trois maris ensuite, par une autre foiblesse, plus pardonnable & plus ordinaire, celle de ne pouvoir regner seule. Enfin elle nomma Charles de Durazzo son cousin, pour son héritier, & même elle l’adopta ; mais Durazzo d’intelligence avec le pape, ne pouvant attendre la mort naturelle de sa mere adoptive, usurpa la couronne, poursuivit sa bienfaitrice, la surprit dans Muro & la fit étouffer entre deux matelas. La postérité a plaint cette malheureuse reine, parce que la mort de son premier mari ne fut point l’effet de sa méchanceté ; parce qu’elle n’avoit que 18 ans quand elle ferma les yeux à cet attentat, & que depuis lors, elle vécut sans tache & sans reproche. Petrarque & Bocace ont célébré cette infortunée princesse, qui sentoit & connoissoit leur mérite. Elle se dévoua, dit M. de Voltaire, toute entiere aux beaux-Arts, dont les charmes faisoient oublier les tems criminels de son premier mariage. Enfin ses mœurs, changées par la culture de l’esprit, devoient la défendre de la cruauté tragique qui termina ses jours. (D. J.)​","[[""40 45' N 33 10' E""]]",,40 45' N 33 10' E,40 45' N 33 10' E
v10-2314-0,MURRHART,"MURRHART, (Géog.)​ petite ville d’Allemagne, au cercle de Suabe dans le duché de Wurtemberg sur la Muri, à 2 milles de Hall, Long. 27. 26. lat. 49. 8. (D. J.)​","[[""49 8' N 27 26' E""]]",,49 8' N 27 26' E,49 8' N 27 26' E
v10-328-0,MARIENBERG,"MARIENBERG, (Géogr.)​ ville d’Allemagne en Misnie, au cercle d’Erstbourg, près d’Anneberg. Les mines d’argent qui sont dans le voisinage ont été cause de sa fondation, par Henri, duc de Saxe, en 1519. Elle est entre des montagnes, à 10 lieues de Dresde, & appartient à l’électeur de Saxe. Longit. 31. 27. lat. 51. 10. (D. J.)​","[[""51 10' N 31 27' E""]]",,51 10' N 31 27' E,51 10' N 31 27' E
v10-333-0,MARIENTHAL ou MERGENTHEIM,"MARIENTHAL ou MERGENTHEIM, (Géogr.)​ petite ville en Franconie, où elle fait la résidence du grand-maître de l’ordre Teutonique. L’armée de M. de Turenne y fut battue en 1645. Elle est sur le Tauber, à 6 lieues S. O. de Wurtsbourg, 9 N. de Hall. Long. 27. 24. lat. 49. 35. (D. J.)​","[[""49 35' N 27 24' E""]]",,49 35' N 27 24' E,49 35' N 27 24' E
v10-334-0,MARIENWERDER,"MARIENWERDER, (Géogr.)​ ville du royaume de Prusse au cercle de Hockerland, dans la partie occidentale de la Poméranie, au confluent du Na-​got & de la Liebe. Long. 37. 10. lat. 53. 42. (D. J.)​","[[""53 42' N 37 10' E""]]",,53 42' N 37 10' E,53 42' N 37 10' E
v10-365-0,MARLOW,"MARLOW, (Géogr.)​ petite ville d’Allemagne, au cercle de basse-Saxe, dans le duché de Mecklenbourg, sur le Reckenits, & chef-lieu d’un bailliage de même nom. Long. 30. 40. lat. 53. 53. (D. J.)​","[[""53 53' N 30 40' E""]]",,53 53' N 30 40' E,53 53' N 30 40' E
v10-404-0,MARQUEFAVE,"MARQUEFAVE, (Géog.)​ petite ville de France dans le haut-Languedoc, au diocèse de Rieux. Il y a un couvent d’Augustins, & un prieuré de l’ordre de Fontevraud. Long. 18. 50. lat. 36. 10.","[[""36 10' N 18 50' E""]]",,36 10' N 18 50' E,36 10' N 18 50' E
v10-444-0,MARTEL,"MARTEL, (Géogr.)​ petite ville de France dans le Quercy, élection de Cahors, sur la Dordogne.​Longitude 18. 18. latitude 45. 4. (D. J.)​","[[""45 4' N 18 18' E""]]",,45 4' N 18 18' E,45 4' N 18 18' E
v10-460-1,"Martin, Saint","Martin, Saint- (Géogr.)​ île de l’Amérique septentrionale, l’une des Antilles du golfe de Mexique, au N. O. de l’île de Saint-Barthelemi, & au S. O. de l’Anguille. On lui donne dix huit lieues de tour, mais elle n’a ni port ni rivieres ; quelques François & quelques Hollandois en jouissent en commun. Long. 315. lat. 18. 10. (D. J.)​","[[""18 10' N 315 E""]]",,18 10' N 315 E,18 10' N 315 O
v10-465-0,MARTIN-VAS,"MARTIN-VAS, (Géogr.) île de la mer du Nord, entre la côte des Cafres & celle du Brésil, environ sous le troisieme degré de long. & sous le 20e de lat. Elle est très montueuse & sans habitans. (D. J.)",[['20 S 3 W']],,20 S 3 W,20 S 3 O
v10-518-0,MASSA VETERNENSIS,"MASSA VETERNENSIS, (Géog.)​ misérable petite ville d’Italie, dans le Siennois en Toscane, avec un évêché suffragant de Sienne. Elle est sur une montagne proche la mer, à 10 lieues S. O. de Sienne. Long. 28. 35. lat. 43. 5. (D. J.)​","[[""43 5' N 28 35' E""]]",,43 5' N 28 35' E,43 5' N 28 35' E
v10-528-0,MASSIAC,"MASSIAC, (Géogr.)​ petite ville de France dans la haute Auvergne, sur la riviere d’Alagnon, entre Brioude & Murat. Long. 21. 6. lat. 45. 12.","[[""45 12' N 21 6' E""]]",,45 12' N 21 6' E,45 12' N 21 6' E
v10-579-1,Matera,"Matera, (Géogr.)​ ville du royaume de Naples, dans la terre d’Otrante, avec un évêché suffragant de Cirenza. Elle est sur le Canapro, à 11 lieues S. Q. de Bari, 13 E. de Cirenza, 14 N. O. de Tarente. Long. 34. 18. lat. 40. 45. (D. J.)​​","[[""40 45' N 34 18' E""]]",,40 45' N 34 18' E,40 45' N 34 18' E
v10-610-0,MATSUMAY,"MATSUMAY, (Géog.)​ ville & port de mer d’Yesso, ou de Kamschatka, & capitale d’une principauté du même nom, tributaire de l’empereur du Japon. Long. 156. 30. lat. 50. 40. (D. J.)​","[[""50 40' N 156 30' E""]]",,50 40' N 156 30' E,50 40' N 156 30' E
v10-632-0,MAULÉON,"MAULÉON, (Géog.)​ petite ville de France en Poitou, chef d’une élection au diocèse de la Rochelle, avec une célebre abbaye. Mauléon est situé près du ruisseau de l’Oint, à 18 lieues N. E. de la Rochelle, & 20 N. O. de Poitiers. Long. 16. 50. lat. 46. 52.","[[""46 52' N 16 50' E""]]",,46 52' N 16 50' E,46 52' N 16 50' E
v10-632-1,Mauléon de Soule,"Mauléon de Soule, (Géog.)​ petite ville de France, en Gascogne, capitale du pays de Soule, à huit lieues S. O. de Pau, 16 S. E. de Dax, 172 de Paris. Long. 16. 46. lat. 43. 12.


Henri Sponde naquit à Mauléon en 1568, & eut pour parrein Henri de Bourbon, depuis roi de Fran-​ce, sous le nom d’Henri IV. fut élevé dans le Calvinisme, & changea comme ce prince de religion ; ce qui lui valut l’évêché de Pamiers.


Il a abrégé & continué les annales de Baronius, jusques en 1640 : il est mort à Toulouse en 1643. La meilleure édition de ses œuvres, est celle de la Noue, à Paris en six volumes in-folio.","[[""43 12' N 16 46' E""]]",,43 12' N 16 46' E,43 12' N 16 46' E
v10-638-1,Maure Sainte,"Maure Sainte, (Géog.)​ petite ville de France en Touraine, au diocese de Tours, à sept lieues de cette ville, 59 S. O. de Paris. Long. 18d16′45″. lat. 47d6′39″.","[['47 6\' 39"" N 18 16\' 45"" E']]",,"47 6' 39"" N 18 16' 45"" E","47 6' 39"" N 18 16' 45"" E"
v10-641-2,"Maurice, Saint","Maurice, Saint, (Géogr.)​ petite ville de Savoie dans la Tarentaire, sur l’Isere, au pié du petit S. Bernard, entre Moustier & Aourte. Long. 24. 35. lat. 45. 40.","[[""45 40' N 24 35' E""]]",,45 40' N 24 35' E,45 40' N 24 35' E
v10-67-0,MANFALU,"MANFALU, (Géog.)​ les voyageurs écrivent ce mot diversement, les uns Monfalu, d’autres Maufelou, d’autres Monfelout, d’autres Momfallot, &c. Le sieur Lucas dit que c’est une ville de conséquence de la haute Egypte, située près du Nil à l’ouest ; qu’elle est fermée de murs, que tous les basars sont couverts, c’est-à-dire toutes les rues ; & que la plûpart des habitans y travaillent en toiles. On la donne pour être la capitale d’un des vingt-quatre gouvernemens de l’Egypte, & la résidence d’un bey. Le grand seigneur y tient des janissaires & des spahis en garnison, pour empêcher les incursions des Arabes. Elle est à cinq lieues au-dessous de Siouth. Long. 49, 27, lat. 26, 50. (D. J.)​","[[""26 50' N 49 27' E""]]",,26 50' N 49 27' E,26 50' N 49 27' E
v10-673-0,MAZANDÉRAN ou MAZANDRAN,"MAZANDÉRAN ou MAZANDRAN, (Géogr.)​ ville de Perse, qui a donné son nom à une province située au midi de la mer Caspienne. Voyez sur cette province les Voyages d’Oléarius & de Pietro della Valle, car ils l’étendent & la bornent un peu différemment. Long. de la capitale, 68. 30. lat. 39. 45. (D. J.)​","[[""39 45' N 68 30' E""]]",,39 45' N 68 30' E,39 45' N 68 30' E
v10-754-0,MÉDINA-CÉLI,"MÉDINA-CÉLI, (Géog.)​ en latin Methymna cælestis, ancienne ville d’Espagne dans la vieille Castille, autrefois considérable, & n’ayant aujourd’hui que l’honneur de se dire capitale d’un duché de même nom, érigé en 1491. Elle est sur le Xalon, à 4 lieues d’Espagne N. E. de Siguença, 20 S. O. de Sarragosse. Long. 15. 26. lat. 41. 15. (D. J.)​","[[""41 15' N 15 26' E""]]",,41 15' N 15 26' E,41 15' N 15 26' E
v10-755-2,Medina-del-Rio-Seco,"Medina-del-Rio-Seco, (Géog.)​ en latin Methymna Fluvii Sicci : quelques auteurs la prennent pour le Forum Egurrorum, ancienne ville d’Espagne, au royaume de Léon, avec titre de duché, qui est dans la maison d’Henriquez, issue de la famille royale : elle est située dans une plaine abondante en pâturages, à 6 lieues O. de Palencia, 11 de Valladolid & de Zamora, 15 S. E. de Léon. Long. 13. 2. lat. 42. 8. (D. J.)​","[[""42 8' N 13 2' E""]]",,42 8' N 13 2' E,42 8' N 13 2' E
v10-819-0,MEISSEN,"MEISSEN, (Géog.)​ en latin Misna, Misnia & Misena, considérable ville d’Allemagne dans l’électorat de Saxe, capitale du Margraviat de Misnie, auquel elle donne le nom ; elle appartenoit autrefois à son évêque, qui étoit suffragant de Prague, mais les électeurs de Saxe ont sécularisé cet évêché. Ce fut en 928 que l’empereur Henri fit bâtir Meissen, & qu’il établit le marquisat de Misnie. Aujourd’hui Meissen est luthérienne. Elle reçoit son nom du ruisseau qu’on appelle la Meisse, qui y tombe dans l’Elbe, sur lequel cette ville est située, à 3 milles S. E. de Dresde, 9 S. E. de Leipsick, 15 S. E. de Wittemberg, 80 N. O. de Vienne. Long. 31. 25. latit. 51. 13.","[[""51 13' N 31 25' E""]]",,51 13' N 31 25' E,51 13' N 31 25' E
v10-843-0,MELEK,"MELEK, (Géog.)​ petite ville d’Allemagne dans la basse-Autriche, sur le Danube. Elle est ancienne, & a plusieurs choses qui la rendent remarquable.


Cluvier veut qu’on l’ait d’abord appellée Nomaleck, d’où le nom moderne s’est formé par une abréviation assez ordinaire chez toutes les nations. Quoi qu’il en soit, elle appartient présentement à la fameuse abbaye des Bénédictins, qui commande la ville & les campagnes des environs, je dis qui commande, parce qu’elle est bien fortifiée, & qu’elle a su se défendre en 1619 des attaques de l’armée des états d’Autriche ligués contre elle, avec la Bohème. Cette abbaye ne releve que du saint-siège ; & quoique l’abbé qui en est seigneur aujourd’hui n’ait plus ni les richesses, ni la puissance dont jouissoient ses prédécesseurs avant les guerres de religion, il conserve encore la préséance dans toutes les dietes du pays.


Lazius prétend que les Bénédictins ont été établis généreusement à Melek par Léopold II. & Albert III. qui leur céderent le château où ils résidoient eux-mêmes.


C’est dans leur église, la plus riche de l’Autriche, qu’est le tombeau de Colmann, prince du sang des rois d’Ecosse, qui, passant dans cet endroit en équipage de pélerin pour se rendre à Jérusalem, fut arrêté par le gouverneur du pays, & pendu comme espion, en 1014.


Meleck est bâtie au-bas d’une colline, à 12 milles d’Allemagne de Vienne. Long. 33. 25. lat. 48. 15. (D. J.)​","[[""48 15' N 33 25' E""]]",,48 15' N 33 25' E,48 15' N 33 25' E
v10-844-0,"MELDELA, la","MELDELA, la, (Géog.)​ en latin moderne, Meldula, petite place d’Italie, dans la Romagne. Elle appartient à son propre prince, qui est de la​maison Pamphili, & est à 3 lieues S. de Forli, 41 de Ravenne. Long. 29. 45. lat. 44. 23. (D. J.)​","[[""44 23' N 29 45' E""]]",,44 23' N 29 45' E,44 23' N 29 45' E
v10-908-0,MELUN,"MELUN, (Géog.)​ ville de France dans le Hurepoix, aux confins du Gâtinois, sur la Seine, à dix lieues au-dessus de Paris, à quatre au-dessous de Fontainebleau, & à quatorze de Sens.


Cette ville est fort ancienne ; & si l’on en croit ses citoyens, elle a servi de modele pour bâtir celle de Paris. Ce qu’il y a de sûr, c’est que la figure & la situation de ces deux places sont parfaitement semblables. La riviere de Seine forme une île à Melun, & coupe la ville en trois parties : l’une du côté de la Brie qui est la ville, celle de l’île qui est la cité, & celle qui touche le Gâtinois.


L’ancien nom de Melun est Melodunum ;  elle est nommée Metiosedum, dans les commentaires de César, dit le savant abbé de Longuerue ; mais cet habile homme auroit eu bien de la peine à le prouver, & pour n’en pas dire ici davantage, voyez Metiosedum. Melun étoit autrefois dans le territoire des Sénonois ; aussi est-elle encore du diocese de Sens.


On avoit cru voir dans cette ville les vestiges d’un temple consacré à Isis. Mais après avoir mieux regardé, il s’est trouvé, que ce qu’on y montre sous ce nom, sur le bord de l’île vers le Nord, à côté de l’église de Notre-Dame, n’est qu’un reste de salle des chanoines de ce lieu, & son antiquité ne paroît pas remonter plus haut que le regne du roi Robert. C’est un bâtiment de forme quarrée-longue, dont il n’y a plus que les quatre murs.


Melun a été assiégé & pris plusieurs fois par les Anglois & le duc de Bourgogne. Les habitans en chasserent les premiers, & y reçurent les troupes de Charles VII. Ce prince, par reconnoissance leur accorda de beaux privileges, dont il ne leur reste que les lettres patentes en date du dernier Février 1432. Le bailliage & le siege présidial de Melun se gouvernent par une coutume particuliere appellée la coutume de Melun, qui fut rédigée en 1560. Long. 20. 16. lat. 48. 33.


Cette ville a été le tombeau de deux de nos rois & la patrie d’un homme qui fut le précepteur de deux autres, après avoir commencé par l’être des enfans d’un particulier (de M. Bouchetel) secrétaire d’état. On sait que je veux parler de Jacques Amyot, qui de très-basse naissance, parvint aux plus éminentes dignités.


La traduction des amours de Théagene & de Chariclée qu’il mit au jour en 1549, en fut l’origine. Elle le fit connoître à la cour, & Henri II. lui donna pour lors l’abbaye de Bellozane en 1551, il fut nommé pour aller à Trente, & y prononça au nom du roi, cette protestation si hardie & si judicieuse, que l’on ne cesse de lire avec plaisir dans les actes de ce concile. Peu de tems après son retour d’Italie, il fut choisi par Henri II. pour être le précepteur de ses enfans. Ce fut à la reconnoissance de ses augustes éleves, qu’il dut sa fortune. Charles IX. le fit évêque d’Auxerre & grand aumônier. Henri III. lui donna le cordon bleu, qu’à sa considération il attacha pour toujours à la grande aumônerie. Enfin il mourut comblé de célébrité, de gloire & d’années en 1593, étant presqu’octogénaire.


Son principal ouvrage est sa traduction de toutes les œuvres de Plutarque, dont nous avons deux éditions très-belles par Vascosan, l’une in-fol. & l’autre in-8.​


Les graces du style la firent réussir avec avidité, quoiqu’elle soit souvent infidele ; & malgré les changemens arrivés dans la langue, on la lit toujours avec plaisir. Les vies des hommes illustres ont été traduites plusieurs fois depuis Amyot, mais sa traduction est toujours restée seule entre les mains de tout le monde, & celle-même de M. Dacier, qui parut en 1722, ne l’a point fait oublier.


Disons un mot des rois Robert & Philippe, morts à Melun. Le premier y finit sa carriere le 20 Juin 1031, à soixante ans. On sait tout ce que ce prince éprouva de Grégoire V. au sujet de son mariage avec Berthe. Il fallut qu’il obéît ; & même ensuite combien de pélérinages ne se crut-il pas obligé de faire à Rome ?


Le roi Philippe termina ses jours à Melun, âgé de cinquante-sept ans, le 29 Juillet 1108. Son regne célebre par sa longueur, le fut sur-tout par plusieurs grands évenemens, où ce monarque ne prit point de part ; de sorte qu’il parut d’autant plus méprisable à ses sujets, que le siecle étoit plus fécond en héros. (D. J.)​","[[""48 33' N 20 16' E""]]",,48 33' N 20 16' E,48 33' N 20 16' E
v10-921-0,MEMMINGEN,"MEMMINGEN, (Géog.)​ Drusomagus, ville impériale d’Allemagne, au cercle de Suabe, dans l’Al-​gow. Les Suédois la prirent en 1634, les Bavarois en 1703, & les Impériaux la même année. Elle est dans une plaine fertile & agréable, à 6 lieues d’Ulm, 10 d’Augsbourg, à quelque distance de l’Iller. Ses habitans sont Luthériens. Son commerce consiste en toiles, étoffes, & papier qu’on y fabrique. Long. 27. 50. lat. 47. 58. (D. J.)​","[[""47 58' N 27 50' E""]]",,47 58' N 27 50' E,47 58' N 27 50' E
v10-946-0,MENDE,"MENDE, en latin vicus mimatensis, (Géog.) ancienne petite ville de France, capitale du Gévaudan, avec un évêché suffragant d'Albi. Ses fontaines & les clochers de la cathédrale sont tout ce qu'elle a de remarquable. Elle est située sur le Lot, à 15 lieues S. O. du Puy, 28 N. E. d'Albi, 120 S. E. de Paris ; son évêché vaut 4000 liv. de rentes. Long. 21d. 9'. 30"". lat. 44d. 30'. 47."". (D.J.)","[['44 30\' 47"" N 21 9\' 30"" E']]",,"44 30' 47"" N 21 9' 30"" E","44 30' 47"" N 21 9' 30"" E"
v11-1004-0,OBERNPERG,"OBERNPERG (Géog.)​ petite ville d’Allemagne dans la Baviere, avec un château. Elle appartient à l’évêque de Passau, & en est à 4 milles. Long. 30. 54. lat. 48. 33. (D. J.)​","[[""48 33' N 30 54' E""]]",,48 33' N 30 54' E,48 33' N 30 54' E
v11-106-0,NANTWICH,"NANTWICH, (Géog.)​ petite ville d’Angleterre, remarquable par ses mines de sel. Long. 14. 28. lat. 53. 12.","[[""53 12' N 14 28' E""]]",,53 12' N 14 28' E,53 12' N 14 28' E
v11-113-0,NAPLES,"NAPLES, (Géogr.)​ belle, grande & ancienne ville d’Italie sur un petit golfe. On sait qu’elle est la capitale & la métropole du royaume auquel elle donne son nom, avec un archevêché, une université & des châteaux pour sa défense.


L’avantage de sa situation & la douceur de son climat l’ont toujours faire regarder comme le séjour des délices & de l’oisiveté ; otiosa Neapolis, c’est l’épithete que lui donne Horace : In otia natam Parthenopem, dit Ovide. Les Napolitains étoient autrefois ce qu’ils sont aujourd’hui, épris de l’amour du repos & de la volupté.


Le nom grec de Naples, Νέαπολις, veut dire la nouvelle ville, pour la distinguer de la petite ville Palœpolis, c’est-à-dire l’ancienne ville, qui en étoit peu éloignée ; ou plutôt les Chalcidiens originaires de l’Attique, envoyerent des colonies en Italie, qui fonderent la ville de Cumes, dont une partie des habitans se détacha bien-tôt après pour élever une autre ville qu’ils nommerent la ville neuve. Elle fut appellée Parthénope, à cause, disent quelques-uns, de Parthénope fille d’Euméléus roi de Thessalie, qui y mena une colonie des états de son pere. Quoi qu’il en soit, Naples passe pour être plus ancienne que la ville de Rome, à laquelle néanmoins elle se soumit. Elle lui garda toujours inviolablement la fidélité, & en reconnoissance, la république & les empereurs la mirent au nombre des villes libres & confédérées.


Malgré les assauts terribles que Naples a essuyés, c’est encore une des belles villes du monde, & une des plus également belles. Elle est toute pavée d’un grand carreau d’échantillon. La plûpart de ses maisons sont à toits plats, & d’une structure uniforme. La mer y fait un petit golfe qui l’arrose au midi, & vers le nord elle a de riches côteaux, qui montent insensiblement à la campagne-heureuse. Plusieurs de ses églises sont magnifiques, & enrichies des ouvrages des grands peintres. Le dôme de l’église des Jésuites est de la main de Lanfranc : la Nativité, du Guide, & outre quatre tableaux de la cene, qui sont de l’Espagnolet, d’Annibal Carache & de Paul Véronese, ornent le chœur de l’église de S. Martin.


Mais les richesses prodigieuses ensevelies dans les églises de Naples, les dépenses excessives que fait cette ville pour l’entretien du prince & des garnisons, enfin le nombre exorbitant de couvens, de monasteres, de prêtres, de religieux & de religieuses qui fourmillent dans cette ville, la consument & l’appauvrissent tous les jours davantage. Si l’on y​ compte près de trois cent mille ames, il y en a cinquante mille qui ne vivent que d’herbes, & qui n’ont pour tout bien que la moitié d’un habit de toile. Ces gens-là également pauvres & misérables, tombent dans l’abattement à la moindre fumée du Vésuve. Ils ont la sotise de craindre de devenir malheureux, dit l’auteur de l’Esprit des lois ; cependant il est difficile de ne pas appréhender que la ville de Naples ne vienne à crouler, & à disparoître un jour comme Herculanum. Cette ville est toute creusée par-dessous, & bâtie sur un grand nombre de vastes cavernes, où se trouvent des abysmes d’eau & de matieres combustibles, qui ne peuvent à la fin que s’enflammer, & renverser Naples de fond en comble, par quelque affreux tremblement de terre ; ajoutez-y le voisinage du volcan & ses terribles éruptions.


Naples arrosée par la petite riviere que les anciens nommoient Sebethus, aujourd’hui le Fornello, est à 43 lieues S. E. de Rome, 70 N. E. de Palerme, 86 S. E. de Florence, & 120 S. E. de Venise. Long. suivant Cassini, 32. 11. 30. lat. 40. 48.


C’en est assez sur la Parthénope moderne ; parlons à présent de quelques gens célebres dans les lettres & dans les arts dont elle a été la patrie ; car leurs noms embélissent l’article de cette ville.


Paterculus Caïus (d’autres disent Publius ou Marcus) Velleïus, historien latin du premier ordre, naquit, selon les apparences, l’an de Rome 735. Il occupa les emplois qu’il pouvoit se promettre par ses talens distingués & par son illustre naissance. Il fut tribun des soldats, commanda la cavalerie des légions en Allemagne sous Tibere, suivit ce prince pendant neuf ans dans toutes ses expéditions, en reçut des récompenses honorables, & devint préteur de Rome l’année de la mort d’Auguste ; c’est ce qu’il nous apprend lui-même avec une tournure qui montre la finesse & la délicatesse de son esprit : Quo tempore, dit il, mihi fratrique meo, candidatis Cæsaris proximè à nobilissimis ac sacerdotibus viris, destinari prætoribus contigit ; consecutis ut neque post nos, quemquam D. Augustus, neque ante nos Cæsar commendaret Tiberius. lib. II. cap cxxiv.


Il étoit éclairé par des voyages dans les provinces de Thrace, de Macédoine, d’Achaïe, de l’Asie mineure, & d’autres régions encore plus orientales, principalement sur les deux bords du Pont-Euxin ; on peut juger de-là combien nous devons regretter la perte de l’histoire entiere & étendue qu’il promet si souvent, & qui devoit renfermer toutes ces choses, dont il avoit été non-seulement témoin oculaire, mais en partie exécuteur ; cependant dans l’abrégé incomplet de l’Histoire romaine qui nous reste de cet homme célebre, on y apprend beaucoup de particularités, d’autant plus estimables, qu’elles ne se trouvent point ailleurs, soit par le silence des autres historiens, soit par la perte trop ordinaire d’une partie de leurs travaux. Il y marque avec exactitude l’origine des villes & des nouveaux établissemens, & tous ses portraits des grands hommes sont de main de maître.


Son style enchanteur est du beau langage du siecle d’Auguste. Il excelle sur tout quand il blâme ou loue ceux dont il parle ; c’est toujours dans les plus beaux termes & avec les expressions les plus délicates. J’aime beaucoup le discours qu’il met dans la bouche du fils de Tigranes à Pompée pour se le rendre favorable ; mais entre toutes les figures de rhétorique dont il se sert, il emploie l’épiphonème à la fin de ses narrations avec tant de grace & de jugement, que personne ne l’a surpassé dans cette partie ; comme personne n’a jamais loué plus dignement Cicéron, qu’il le fait dans ce bel endroit de ses écrits, où il avoue que sans un tel personnage, la Grece​vaincue par les armes romaines, auroit pû se vanter d’être victorieuse par la force de l’esprit.


On blâme néanmoins Velleïus Paterculus, & avec raison, d’avoir prostitué sa plume aux louanges d’un Tibere & d’un Séjan ; mais voilà ce qui doit toujours arriver aux écrivains qui travailleront pour donner pendant leur vie l’histoire de leur tems, celle des princes, ou de ceux de qui les fils regnent encore.


L’ouvrage de Velleïus Paterculus a été publié pour la premiere fois par Rhénanus en 1520, & depuis lors on en a fait grand nombre d’éditions : je ne les citerai point ici, c’est assez de remarquer que celle de Dodwelt à Oxsort en 1693, in-8°. est d’autant meilleure que ses Annales velleïani qu’il a mises à la tête, sont un morceau précieux de littérature, par la vaste connoissance de l’antiquité qui s’y rencontre. Mais si nous avons d’excellentes éditions de Paterculus, nous n’avons point de bonnes traductions en aucune langue de cet habile historien. M. Doujat en donna une version françoise en 1679, & suppléa à ce qui manque dans l’original. Il devoit plûtôt songer à perfectionner sa traduction, car il siéroit mal à un chinois, dans mille ans d’ici, de remplir les vuides de l’Histoire de Louis XIV. de Pélisson.


Stace, célebre poëte, né & mort à Naples, fleurissoit sous l’empereur Domitien ; nous réservons son article au mot Poeme épique.


Entre les modernes, je trouve d’abord Majus (Junianus) qui vivoit dans le xv. siecle, & qui ne dédaigna point, quoique gentilhomme, d’enseigner les belles-lettres dans sa patrie. Il eut entr’autres disciples le célebre Sannasar, qui en poëte reconnoissant, éleve jusqu’au ciel les talens de son maître. Il est sûr qu’il contribua par ses leçons & par ses livres, à rétablir le bel usage de la langue latine. Son traité de proprietate priscorum verborum, parut à Naples en 1475, & nous apprenons par cette édition, que celui qui commença d’exercer l’imprimerie dans cette ville, étoit un allemand nommé Mathias le Morave. Mais Majus se distingua sur-tout par l’explication des songes. Ce fut le plus grand onéirocritique de son siecle, & l’on recouroit à lui de toutes parts, pour savoir ce que présageoit tel ou tel songe. C’est une triste & ancienne maladie des hommes, d’avoir imaginé qu’il y a des songes qui présagent l’avenir ; car la plûpart des personnes qui sont une fois imbues de cette extravagance, se persuadent que les images qui leur passent dans l’esprit pendant leur sommeil, sont autant de prédictions menaçantes, & pour un fou qui les envisage du côté favorable, il y en a cent qui les considerent comme des augures malheureux.


Sannazar (Jacques) né en 1458, s’est fait un nom considérable par ses poésies latines & italiennes : il a composé en latin des élégies, des églogues, & un poëme sur les couches de la sainte Vierge, qui est estimé malgré le mélange qui s’y trouve des fictions de la fable avec les mysteres de la religion. Son Arcadie est la plus célebre de ses pieces italiennes : les vers & la prose de cet ouvrage plaisent par la délicatesse des expressions, & par la naïveté des images. Il mourut en 1530. Ses œuvres latines ont été publiées à Amsterdam en 1689, & plus complettement à Naples en 1718, avec l’éloge de l’auteur à la tête. Il se fit appeller Actius Syncerus Sannasarius, selon l’usage des savans de son tems, qui changeoient volontiers leur nom. Il se composa lui-même l’épitaphe suivante :



Actius hic situs est, cineres gaudete sepulti :
Jam vaga post obitus umbra dolore vacat.


Bembo lui fit celle-ci qui est d’une latinité plus pure.​



Da sacro cineri illi flores ; hic ille Maroni
Syncerus Musâ proximus, & tumulo.


Marini (Jean-Baptiste) connu sous le nom de Cavalier marin, naquit à Naples en 1569, & se fit de la réputation par ses poésies italiennes ; on estime sur-tout son poëme d’Adonis : il est mort en 1625.


Borelli (Jean Alphonse) célebre mathématicien, est connu de tous les gens de l’art par deux excellens traités, l’un de motu animalium, & l’autre de vi percussionis, imprimé à Rome en 1680, in-4°. Il mourut dans cette ville le 31 Décembre 1699.


Gravina (Janus Vincentius) littérateur & célebre jurisconsulte, a été successivement comblé de bienfaits par Innocent XII. & par Clément XI. Il mourut à Rome en 1718, à 58 ans. La meilleure édition de ses ouvrages est celle de Leipsic en 1737, in-4°. avec les notes de Mascovius : on regarde ses trois livres de l’origine du Droit, originum Juris, libri tres, comme le plus excellent traité qui ait paru jusqu’ici sur cette matiere.


Je puis nommer certainement trois grands artistes napolitains, l’un en Peinture, l’autre en Sculpture, & le troisieme en Musique.


Rosa (Salvator) peintre & graveur, naquit en 1615, il a fait des tableaux d’histoire, mais il a principalement réussi à peindre des combats, des marines, des sujets de caprice, des animaux, des figures de soldats, & sur-tout des paysages, dans lesquels on admire le feuiller de ses arbres ; on a aussi quelques morceaux gravés de sa main qui sont d’une excellente touche. Il mourut à Rome en 1673.


Bernini (Jean-Laurent, surnommé le Cavalier) né en 1598, mort en 1680, étoit un génie bien rare par ses talens merveilleux dans la Sculpture & l’Architecture. Il a embelli Rome de plusieurs monumens d’architecture qui font l’admiration des connoisseurs ; tels sont le maître autel, le tabernacle, & la chaire de l’église de saint Pierre, la colonade qui environne la place de cette église, les tombeaux d’Urbain VIII. & d’Alexandre VII. la statue équestre de Constantin, la fontaine de la place Navone, &c. tous ces ouvrages ont une élégance, une expression dignes de l’antique. Personne n’a donné à ses figures plus de vie, plus de tendresse, & plus de vérité. Louis XIV. l’appella à Paris en 1665, pour travailler au dessein du Louvre, & le récompensa magnifiquement, quoique les desseins de Claude Perrault aient été préférés aux siens pour la façade de ce bâtiment du côté de saint Germain l’Auxerrois.


Le Pergolèse, un des plus grands musiciens de ce siecle : son mérite supérieur & prématuré parut un crime aux yeux de l’envie. On sait que l’école de Naples est la plus féconde en génies nés pour la musique, mais personne ne l’a porté plus loin que le Pergolèse, dans l’âge où l’on est encore sous la discipline des maîtres ; la facilité de la composition, la science de l’harmonie, & la richesse de la mélodie. Sa musique parle à l’esprit, au cœur, aux passions. Ses ouvrages sont des chefs-d’œuvre, la serva Padrona ; il maestro di musica intermedes ; un Salve regina, & le Stabat mater, qu’on regarde comme son chef-d’œuvre ; il est mort à l’âge de 22 ans, en finissant la musique du dernier verset. (D. J.)​","[['40 48\' N 32 11\' 30"" E']]",,"40 48' N 32 11' 30"" E","40 48' N 32 11' 30"" E"
v11-1169-0,ODERZO,"ODERZO, (Géog.)​ c’est l’Opitergium des anciens, petite ville d’Italie dans l’état de Venise, dans la marche Trevisane, sur le ruisseau de Motégan, & à dix milles de Ceneda. Long. 29. 45. lat. 46. 10.","[[""46 10' N 29 45' E""]]",,46 10' N 29 45' E,46 10' N 29 45' E
v11-1316-0,OLDENDORP,"OLDENDORP, (Géog.)​ petite ville d’Allemagne dans le cercle de la basse-Saxe, au duché de Lunebourg, sur les rivieres de Wenaw & d’Esca. Elle est fameuse par la bataille de 1633. Long. 28. 10. lat. 53. 16.","[[""53 16' N 28 10' E""]]",,53 16' N 28 10' E,53 16' N 28 10' E
v11-1318-0,OLDENSEL,"OLDENSEL, (Géog.)​ en latin Salia vetus, petite ville des Provinces-Unies, dans l’Ovérissel, à 3 lieues d’Œtmarsen, 10 de Deventer. Long. 24. 33. lat. 52. 22.","[[""52 22' N 24 33' E""]]",,52 22' N 24 33' E,52 22' N 24 33' E
v11-1319-0,OLDESLO,"OLDESLO, (Géog.)​ petite ville fortifiée d’Allemagne, dans la Wagrie. Elle appartient au roi de Danemarck, & est sur la Trave, à 7 lieues O. de Lubeck, 10 N. E. de Hambourg. Longit. 28. 1. latit. 53. 58. (D. J.)​","[[""53 58' N 28 1' E""]]",,53 58' N 28 1' E,53 58' N 28 1' E
v11-1355-0,OLMUTZ,"OLMUTZ, (Géogr.)​ forte ville de Bohème dans la Moravie, avec un évêché suffragant de Prague. Brinn lui dispute le titre de capitale. Elle est commerçante, peuplée, & située sur la Morave, à 7 milles de Brinn, à 20 lieues de Vienne, à 30 de Cracovie, & dans un pays plat. Les interpretes de Ptolomée croient que c’est l’Eburum de ce géographe ; l’évêque est seigneur spirituel & temporel de la ville ; son siége fut fondé par saint Cyrille, qui vivoit en 889, selon Dubravius. Long. 35. 10. lat. 49. 30. (D. J.)​","[[""49 30' N 35 10' E""]]",,49 30' N 35 10' E,49 30' N 35 10' E
v11-146-0,NARSAPOUR,"NARSAPOUR, (Géog.)​ ville de l’Inde, dans le golfe de Bengale, sur la côte de Coromandel, au Royaume de Golconde, à l’embouchure méridionale de la riviere de Vénéron, environ à 12 lieues au-dessus de Masulipatan, du côté du N. E. Long. 102. lat. 17. 30. (D. J.)​","[[""17 30' N 102 E""]]",,17 30' N 102 E,17 30' N 102 E
v11-1483-0,ONOR,"ONOR, (Géog.)​ ville & forteresse d’Asie, dans la presqu’île en-deçà du Gange, sur la côte de Malabar, à 18 lieues de Goa. Longit. 90. 30′. latit. 14. 45.","[[""14 45' N 90 30' E""]]",,14 45' N 90 30' E,14 45' N 90 30' E
v11-1501-0,OOSTERWYK,"OOSTERWYK, (Géog.)​ ce n’est qu’un bourg des Pays-bas dans le Brabant hollandois ; mais c’est un bourg considérable, dont la jurisdiction est fort étendue, & qui jouit du même droit que les grandes villes. Il est situé au confluent de deux petites rivieres, à 2 lieues de Bois-le-Duc. Longit. 22. 46. lat. 51. 45. (D. J.)​","[[""51 45' N 22 46' E""]]",,51 45' N 22 46' E,51 45' N 22 46' E
v11-1567-0,OPPIDO,"OPPIDO, (Géog.)​ petite ville d’Italie, au royaume de Naples, dans la Calabre ultérieure, avec un évêché suffragant de Régio. Elle est au pié de l’Apennin, à 10 lieues N. E. de Régio, 7 S. E. de Nicotera. Long. 34. 14. lat. 38. 18.","[[""38 18' N 34 14' E""]]",,38 18' N 34 14' E,38 18' N 34 14' E
v11-1603-0,ORAN,"ORAN, (Géog.)​ forte & importante ville d’Afrique, sur la côte de Barbarie, au royaume de Trémécen, avec plusieurs forts & un excellent port. Le cardinal Ximenès prit cette ville au commencement du seizieme siecle. Les Algériens la reprirent en 1708. Le comte de Montemar s’en empara en 1732 pour l’Espagne. Elle est à un jet de pierre de la mer, partie dans une plaine, partie sur la pente d’une montagne fort escarpée, vis-à-vis de Carthagène, à une lieue de Marsalquivir, vingt de Trémécen, cinquante d’Alger. Long. 17. 40. lat. 37. 40. (D. J.)​","[[""37 40' N 17 40' E""]]",,37 40' N 17 40' E,37 40' N 17 40' E
v11-161-0,NASIBINE,"NASIBINE, (Géog.)​ ville de Perse dans le Kurdistan. Elle est située à 76. 30. de long. sous les 37. de lat.","[[""37 N 76 30' E""]]",,37 N 76 30' E,37 S 76 30' E
v11-1619-3,Orbe,"Orbe, (Géog.)​ ancienne ville de Suisse au pays de Vaud, capitale d’un bailliage, dont la souveraineté est partagée entre les cantons de Berne & de Fribourg. Elle est à deux lieues du mont Jura, sur la riviere d’Orbe, à 16 lieues S. O. de Berne, 11 S. O. de Fribourg. Long. 24. 22. lat. 46. 42.


Quelques auteurs croient qu’Orbe étoit la capitale du canton nommé Pagus Orbigenus. Quoi qu’il en soit, cette ville a été florissante sous l’ancienne monarchie des Francs. Les rois de la premiere & de la seconde race y avoient un palais, où ils alloient quelquefois passer le tems. Toute cette ville est de la confession helvétique.


Le bailliage est un des treize du pays Romand, & s’avance vers le midi, jusqu’à 2 petites lieues au-dessus de Lausanne. Il fait avec celui de Granson 17 à 18 paroisses.


Viret (Pierre), fameux ministre calviniste, naquit dans la ville d’Orbe en 1511. Il fit ses études à Paris, & s’y lia d’une étroite amitié avec Farel. Il mourut à Pau en 1571, après avoir écrit divers ouvrages qui ne sont plus recherchés. (D. J.)​","[[""46 42' N 24 22' E""]]",,46 42' N 24 22' E,46 42' N 24 22' E
v11-1630-0,ORCADES les,"ORCADES les, (Géog.)​ îles au nord de l’île d’Albion, pour parler comme les anciens, & pour m’exprimer avec les géographes modernes, au nord de l’Ecosse. Pomponius Mela, liv. III. ch. vj. & Pline, liv. IV. ch. xvj. s’accordent à dire qu’elles ne sont séparées que par de petits détroits ; mais ils ne s’accordent pas pour le nombre. Mela en compte trente, Pline quarante, & les modernes n’en mettent au plus que vingt-huit. Les Anglois les nomment les îles d’Orknay. Leur situation est au 22 degré 11 minutes de longitude, & à 59 degrés 2′. de latitude.


Elles sont séparées de l’Ecosse par un détroit nommé Pentland-sirth, qui a 24 milles de longueur, 12 milles en largeur, & est plein de goufres fort dangereux.


Les habitans de ces îles sont généralement vigoureux, robustes & bien faits. Leur commerce consiste en poissons, en bœufs, porc salé, beurre, cuirs, peaux. étoffes, sel, laine, jambons, grains germés, &c.


Il y a eu autrefois des rois des Orcades ; mais leur regne finit quand les rois d’Ecosse s’emparerent de ces îles, après avoir sugjugué les Pictes ; ensuite elles passerent entre les mains des Danois & des Norwégiens, mais elles furent reprises par les Ecossois.


Les arbres n’y croissent que fort bas, & leur fruit vient rarement en maturité. En général l’hiver y est plus sujet à la pluie qu’à la neige, & elle y tombe quelquefois, non par gouttes, mais par des torrens d’eau, comme si des nuages entiers tomboient du ciel à-la-fois. Dans le mois de Juin 1680, après de grands coups de tonnerre, il tomba du ciel des morceaux de glace d’un pié d’épais, suivant la relation de ces îles par le docteur Wallace.


Apparemment que dans ce pays-là, si l’atmotsphere est assez chaude près de la terre, elle est cependant excessivement froide dans la région supérieure ; de sorte qu’elle change en glace quelques-uns de ces torrens d’eau dans le tems qu’ils tombent, & forme ces glaçons d’une grosseur incroyable.","[[""59 2' N 22 11' E""]]",,59 2' N 22 11' E,59 2' N 22 11' O
v11-1653-0,ORDINGEN,"ORDINGEN, (Géog.)​ On écrit aussi Ordungen & Urdingen, petite ville d’Allemagne dans l’électorat de Cologne. Le maréchal de Guébrian y battit les Hessois en 1641, & prit la ville en 1642. Elle est sur le Rnin, aux confins du comté de Meurs. Gelenius la nomme castra Ordeonii ; & c’est près de-là qu’est le village de Gelb, qui paroît être la Gelduba des anciens. Long. 24. 15. lat. 51. 35. (D. J.)​","[[""51 35' N 24 15' E""]]",,51 35' N 24 15' E,51 35' N 24 15' E
v11-1666-0,OREBRO,"OREBRO, (Géog.) petite ville de Suede dans la Néricie, sur la Trosa, à 30 lieues S. O. de Stokholm. Long. 33. 30. lat. 59. 12. (D. J.)","[[""59 12' N 33 30' E""]]",,59 12' N 33 30' E,59 12' N 33 30' E
v11-1667-0,ORÉGRUD,"ORÉGRUD, (Géog.)​ petite ville de Suede dans l’Upplande, sur la côte du golfe de Bothnie, à 7 lieues d’Upsal, & à 11 de Stockholm. Long. 36. 45. lat. 59. 30. (D. J.)​","[[""59 30' N 36 45' E""]]",,59 30' N 36 45' E,59 30' N 36 45' E
v11-167-0,NASSAU,"NASSAU, (Géog.)​ petite ville d’Allemagne dans le cercle du haut Rhin, capitale d’un comté de même nom, dont le comtes sont souverains.


On voit près de cette ville une montagne sur laquelle est le château de Nassau, d’où est sortie l’illus-​tre maison de ce nom, qui a donné un empereur à l’Allemagne, un roi à l’Angleterre, des stadhouders à la république des Provinces-unies, & des ducs à la Gueldre.


Nassau est sur la riviere de Lohn à 5 lieues S. E. de Coblentz, 8 N. O. de Mayence, 12 S. E. de Bonn. Long. 25. 30. lat. 50. 13. (D. J.)​","[[""50 13' N 25 30' E""]]",,50 13' N 25 30' E,50 13' N 25 30' E
v11-1804-0,ORSOY,"ORSOY, (Géog.)​ petite ville d’Allemagne au pays de Cleves, sur le Rhin, au-dessus de Rhinberg, à distance presque égale de Wesel & de Duisbourg, & au nord du comté de Meure. Le prince d’Orange la prit en 1634 ; Philippe de France la reprit en 1672, & enfin démolit les fortifications. Elle appartient au roi de Prusse. Long. 24. 18. lat. 51. 28.","[[""51 28' N 24 18' E""]]",,51 28' N 24 18' E,51 28' N 24 18' E
v11-1805-0,ORSSA,"ORSSA, (Géog.)​ ville de Pologne, dans le grand duché de Lithuanie, au palatinat de Witespk, sur un ruisseau, proche le Niéper. Long. 49. 8. lat. 54. 38. (D. J.)​","[[""54 38' N 49 8' E""]]",,54 38' N 49 8' E,54 38' N 49 8' E
v11-1826-0,ORTI,"ORTI, (Géog.)​ ville d’Italie dans le patrimoine de S. Pierre, avec un évêché suffragant du pape, & uni à celui de Citta-Castellana. Elle est près du Tibre, à 34 milles de Rome, 9 de Citta-Castellana, & à 14 de Viterbe. On croit que c’est l’Hortanum de Pline. Long. 30. 2. lat. 42. 22. (D. J.)​","[[""42 22' N 30 2' E""]]",,42 22' N 30 2' E,42 22' N 30 2' E
v11-1849-0,OSACA,"OSACA, (Géog.)​ grande & commerçante ville du Japon, l’une des cinq impériales dans l’île de Niphon, sur la riviere de Jedogawa. Kempfer en a donné une description détaillée. Long. suivant Harris, 150. 31. 15. lat. 35. 5.","[['35 5\' N 150 31\' 15"" E']]",,"35 5' N 150 31' 15"" E","35 5' N 150 31' 15"" E"
v11-1881-0,OSORO ou OSERO,"OSORO ou OSERO, (Géog.)​ petite ville d’Italie, capitale d’une petite île de même nom du golfe de Venise, au S. de l’île de Cherzo, dont elle n’est séparée que par un petit détroit, qui n’a que cinq pas de large. Il y a un évêché suffragant de Zara. Elle est presque deserte, quoique l’ile abonde en bois, miel, bestiaux & sardines. Long. 32. 22. lat. 44. 54.","[[""44 54' N 32 22' E""]]",,44 54' N 32 22' E,44 54' N 32 22' E
v11-1904-0,OSSUNA ou OSSONA,"OSSUNA ou OSSONA, (Géog.)​ les François disent Ossune ou Ossone ; petite ville d’Espagne dans l’Andalousie avec titre de duché. Elle est à 6 lieues de Hardalès, 5 d’Exija. Longit. 12. 30. lat. 37. 8. (D. J.)​","[[""37 8' N 12 30' E""]]",,37 8' N 12 30' E,37 8' N 12 30' E
v11-1910-0,OSTALRIC,"OSTALRIC, (Géog.)​ petite ville d’Espagne dans la Catalogne sur la riviere de Tordera, à 5 lieues de Girone, 8 de Barcelone, & à 4 de la mer. Long. 20. 20. lat. 41. 44. (D. J.)​","[[""41 44' N 20 20' E""]]",,41 44' N 20 20' E,41 44' N 20 20' E
v11-1913-0,OSTENDE ou OOSTENDE,"OSTENDE ou OOSTENDE, (Géog.)​ forte & considérable ville maritime des Pays bas dans la Flandre autrichienne, au quartier de Bruges, avec un bon port. Elle est sur la mer, à 4 lieues de Bruges, 3 de Nieuport, 6 de Dunkeique, & 3 de Bruxelles. Long. selon Cassini, 20. 21′. 33″. lat. 51. 10′. 36″.


Ostende n’étoit qu’un petit village en 814. Il devint bourg en 1072. Des pêcheurs l’entourerent d’une pallissade en 1372. Philippe le Bon l’environna de murailles en 1445. Enfin Ostende fut régulierement fortifiée en 1583 par le prince d’Orange, lorsqu’il étoit maître de Gand & de Bruges. Les Etats-Généraux l’ont cédée à l’empereur par le traité de Barriere conclu en 1715.


Entre les événemens qui regardent cette ville, il n’en est point de plus fameux que son siége par les Espagnols. Il leur en couta plus de 80 mille hommes, & les assiégés, dont la garnison fut renouvellée plusieurs fois, perdirent au-delà de 50 mille hommes. Le siege dura plus de trois ans ; car il commença le 5 Juillet 1601, & Ambroise Spinola prit la place le 14 Septembre 1604. Tout le monde ne sait pas les beaux vers que Grotius composa sur cette malheureuse ville avant la capitulation ; les voici. 



Area parva ducum, totus quam respicit orbis, 
Celsior una malis, & quam damnare ruinæ, 
Nunc quoque fata timent ; alieno in littore resto. 
Tertius annus abit : toties mutavimus hostem, 
Sævit hyems pelago, morbisque furentibus æstas : 
Et minimum est quod fecit iber. Crudelior armis, 
In nos orta lues : nullum est sine funere funus : 
Nec perimit mors una semel. Fortuna, quid hæres ? 
Quâ mercede tenes mistos in sanguine manes ?

​
Quis tumulos moriens hos occupet, hoste perempto
Quæritur, & sterili tantum de pulvere pugna est.


Ces vers furent traduits en françois par Duvair, par Nicolas Rapin & par Malherbe ; mais aucune de ces traductions ne vaut l’original. (D. J.)​","[['51 10\' 36"" N 20 21\' 33"" E']]",,"51 10' 36"" N 20 21' 33"" E","51 10' 36"" N 20 21' 33"" E"
v11-2003-0,OVIÉDO,"OVIÉDO, (Géog.)​ ville d’Espagne, capitale de l’Asturie d’Oviédo, avec un évêché qui ne releve que du pape, & une université. Il s’y tint un concile en 901. Elle est sur les ruisseaux nommés l’Ove & la Deva, à 46 lieues N. E. de Compostelle, 20 N. O. de Léon, 83 N. O. de Madrid. Long. 11. 48. lat. 43. 23. (D. J.)​","[[""43 23' N 11 48' E""]]",,43 23' N 11 48' E,43 23' N 11 48' E
v11-2022-0,OURATURE,"OURATURE, (Géog.)​ petite île annexée à celle de Ceylan, à la pointe de Jafnapatan ; les Hollandois l’appellent l’île de Leyden. Long. 98. 30. lat. 9. 50. (D. J.)​","[[""9 50' N 98 30' E""]]",,9 50' N 98 30' E,9 50' N 98 30' E
v11-2175-0,PADRON,"PADRON, (Géog. mod.)​ petite ville d’Espagne dans la Galice, à l’embouchure de l’Ulla, à 4 lieues de Compostelle. Long. 9. 18. lat. 42. 40. (D. J.)​","[[""42 40' N 9 18' E""]]",,42 40' N 9 18' E,42 40' N 9 18' E
v11-220-0,NAUGATO,"NAUGATO, (Géog.)​ royaume du Japon dans la grande île Niphon dont il est la partie la plus occidentale. Sa ville capitale est Amauguchi ou Amauguci, une des plus riches villes de l’empire, dont on met la Longit. à 148. 20. lat. 43. 54. (D. J.)​","[[""43 54' N 148 20' E""]]",,43 54' N 148 20' E,43 54' N 148 20' E
v11-2224-0,PAHAN,"PAHAN, (Géog. mod.)​ ville des Indes, dans la presqu’île de Malaca, capitale d’un petit royaume de même nom, qui fournit du poivre & des éléphans ; les maisons sont faites de roseaux & de paille, le seul palais du roi est bâti de bois ; les rues sont pleines de cocos & d’autres arbres. Long. 122. lat. 3. 30.","[[""3 30' N 122 E""]]",,3 30' N 122 E,3 30' N 122 E
v11-2329-0,PALESTRINE,"PALESTRINE, (Géog. mod.)​ autrefois Prænecte, petite ville d’Italie dans la campagne de Rome, avec un évêché, dont l’évêque est un des anciens cardinaux. Elle est sur la pente d’une montagne, à 8 lieues de Rome. Long. 30. 28. lat. 41. 50.","[[""41 50' N 30 28' E""]]",,41 50' N 30 28' E,41 50' N 30 28' E
v11-2347-0,"PALIMBUAN, ou PALEMBAN","PALIMBUAN, ou PALEMBAN, (Géograph. mod.)​ ville capitale d’un royaume de même nom, dans l’île de Sumatra, sur sa côte orientale. Long. 122. 45. lat. mérid. 3. 8.","[[""3 8' S 122 45' E""]]",,3 8' S 122 45' E,3 8' S 122 45' E
v11-2432-0,PAMPELUNE,"PAMPELUNE, (Géog. mod.)​ en latin Pompeiopolis, ville considérable d’Espagne, capitale de la Navarre, près des Pyrénées, avec une forte citadelle & un riche évêché, suffragant de Burgos ; S. Firmin en est regardé comme le premier évêque. On dit que cette ville fut bâtie par Pompée ; c’est la résidence d’un viceroi. Elle est dans une plaine fertile sur l’Arga, à 17 lieues S. de Bayonne, 35 S. E. de Bilbao, 65 N. E. de Madrid, 30 N. O. de Sarragosse. Long. 16. 10. lat. 42. 40.


Ici mourut en 1253. Thibaut, comte de Champagne, roi de Navarre, si célebre par son amour pour la reine Blanche, mere de S. Louis, par ses poésies & par ses chansons ; M. l’évêque de la Ravalliere en a donné une édition en 1742. en 2 vol. in-12.","[[""42 40' N 16 10' E""]]",,42 40' N 16 10' E,42 40' N 16 10' E
v11-2457-0,PANARUCAN,"PANARUCAN, (Géog. mod.)​ ville des Indes, capitale d’un petit royaume de même nom, dans l’île de Java, à 10 lieues nord de Palambuan ; le roi du lieu est payen ainsi que ses sujets. Long. 128. 10. lat. 7. 30. (D. J.)​","[[""7 30' N 128 10' E""]]",,7 30' N 128 10' E,7 30' S 128 10' E
v11-2508-0,PANGA,"PANGA, (Géog. mod.)​ ville d’Afrique, au royaume de Congo, capitale de la province de Bamba, à 36 lieues de la côte. Long. 32. lat. mérid. 6. 30.","[[""6 30' S 32 E""]]",,6 30' S 32 E,6 30' N 32 E
v11-2785-0,PARECHIA,"PARECHIA, (Géog. anc.)​ ville ou bourg de l’Archipel, le principal de l’île de Paros, sur la côte occidentale vis-à-vis de l’île d’Antiparos. Parechia est bâtie sur les ruines de l’ancienne & fameuse Paros. Long. 43. 13. latit. 37. 3.","[[""37 3' N 43 13' E""]]",,37 3' N 43 13' E,37 3' N 43 13' E
v11-288-0,NECKERS-GEMUND,"NECKERS-GÉMUND, (Géog.)​ petite ville d’Allemagne dans le Palatinat du Rhin, sur le Neeker. Long. 27. 30. lat. 49. 26.","[[""49 26' N 27 30' E""]]",,49 26' N 27 30' E,49 26' N 27 30' E
v11-322-0,NEGOMBO,"NEGOMBO, (Géog.)​ forteresse de l’île de Ceylan sur la côte occidentale du pays de la Canelle.​ Elle fut bâtie par les Portugais, à qui les Hollandois l’enleverent en 1640. Long. 98. latit. 7. 30.","[[""7 30' N 98 E""]]",,7 30' N 98 E,7 30' N 98 E
v11-369-0,NÉOCASTRO,"NÉOCASTRO, (Géog.)​ forteresse de la Romanie, à trois lieues au nord de Constantinople, sur le promontoire Hermœus, dans l’endroit le plus étroit du Bosphore. Il y a une bonne garnison, & les Turcs y tiennent les prisonniers de conséquence qu’ils font sur les chrétiens pendant la guerre. Voyez Gyllius de Bosphore Thracico. Long. 46. 30. lat. 41. 16.","[[""41 16' N 46 30' E""]]",,41 16' N 46 30' E,41 16' N 46 30' E
v11-41-0,"NAGERA, autrement NAXERA","NAGERA, autrement NAXERA, (Géog.)​ ville d’Espagne, dans la nouvelle Castille, au territoire de Rioja, avec titre de duché. Elle est fameuse par la bataille de 1369, & est située dans un terrein très-fertile, sur le ruisseau de Nagerilla, à 12 lieues N. O. de Calahorra, 53 N. E. de Madrid. Long. 15. 15. lat. 42. 25. (D. J.)​","[[""42 25' N 15 15' E""]]",,42 25' N 15 15' E,42 25' N 15 15' E
v11-455-0,NEUCHATEL,"NEUCHATEL, petit état en Suisse, avec titre de principauté, est situé dans le mont Ima, au 47d. de lat. septentrionale, & au 23d. de long. Il peut avoir 12 lieues de long, sur 5 dans sa plus grande largeur. Il comprend le comté de Neuchâtel, & la seigneurie de Valeugin, réunis depuis près de deux siecles sous une même domination. Ses bornes sont au nord, l'évêché de Bâle, à l'orient, le canton de Berne ; au midi, un lac qui le sépare de ce canton & de celui de Frybourg, & à l'occident, la Franche-comté. Son étendue étoit plus considérable autrefois. Des terres données en appanage aux cadets de la maison souveraine, & l'acquisition qu'en ont fait les états voisins ont resserré ses anciennes limites. Mais quelque peu spacieux que soit le terrain qu'il occupe, ses productions naturelles, l'histoire de ses souverains, la forme singuliere de son gouvernement, & les droits extraordinaires dont jouissent les peuples qui l'habitent, tous ces objets fournissent matiere à la curiosité, & méritent quelques détails. On distingue aisément trois régions dans le pays de Neuchâtel ; l'inférieure, qui s'étend en amphithéâtre, le long du bord septentrional du lac ; la moyenne, séparée de l'autre par une chaîne de montagnes ; & la supérieure, au nord des deux précédentes. La premiere offre un vignoble presque continuel. Les vins rouges qu'il produit sont très-estimés, & osent quelquefois disputer le prix aux vins de Bourgogne. La seconde est fertile en grains, en pâturages. Elle comprend deux vallons, appellés le val de Ruz, & le val de Travers: ce dernier est connu par la salubrité de l'air qu'on y respire, & qui influe sur l'humeur de ses habitans. La partie supérieure enfin, qu'on appelle communément les montagnes, présente un spectacle digne de la curiosité d'un philosophe, & de la sensibilité d'un ami des hommes. Aussi n'a-t-il pas échappé à un citoyen de Genève, qui a publié quelques écrits dignes d'un rhéteur athénien. Rien de plus aride ni de plus ingrat que cette partie de l'état de Neuchâtel. C'est un vallon étroit placé dans un climat très rude. L'hyver y est la plus longue saison de l'année ; le printems & l'automne y sont presque inconnus. Aux frimats, aux neiges dont la hauteur surpasse souvent celle des maisons, & enfouit les habitans, succéde un été très-chaud, mais très-court. La terre n'y produit que de l'avoine. Les pâturages sont la seule ressource que la nature y fournisse. Qui s'attendroit à trouver dans un tel pays le génie, l'industrie, les graces, la politesse réunies avec l'abondance ; à y voir les sciences en honneur, & divers arts utiles ou agréables cultivés avec le plus grand succès, par le peuple immense qui l'habite? L'Horlogerie en particulier dans toutes ses branches, la Coutellerie, la Gravure, la Peinture en émail, ont rendu ce pays célebre dans toute l'Europe. On y perfectionne les découvertes, on en fait de nouvelles. Un de ces montagnards posséde seul le secret des moulins guimpiers, nécessaires aux fabriques de galons. Un autre s'est fait la plus grande réputation dans la méchanique ; il a osé marcher dans une carriere que M. de Vaucanson a illustrée. Le roi d'Espagne Ferdinand VI. l'ayant appellé auprès de lui, il y fit transporter une pendule admirable de son invention, qui orne actuellement le palais royal de Madrid. Rien ne manquera sans doute au bonheur de ce peuple désavantageusement placé, il est vrai ; mais éclairé, libre & jouissant d'une paix profonde, aussi long-tems que le luxe, l'humeur processive, & l'envie de disputer, même sur des questions théologiques, ne banniront pas de son sein la simplicité de moeurs, la candeur naïve, & l'union qui caractérisent ordinairement les habitans des montagnes. Outre le Doux, qui coule le long d'une partie du Ima, & sépare la principauté de Neuchâtel de la Franche-comté, les principales rivieres de cet état sont la Thiéle, la Reuze & la Serriere. La Thiéle a sa sour ce dans le pays de Vaud ; elle entre auprès d'Yverdun dans le lac de Neuchâtel, le traverse en toute sa longueur, arrose la partie orientale du pays, la sépare du canton de Berne, traverse de même le lac de Biedne, en sort sans changer de nom, & se jette enfin dans l'Aar, auprès de la ville de Buren. La source de la Reuze est dans la partie occidentale du val de Travers. Elle le baigne en entier, se précipite ensuite dans des abîmes profonds, reprend un cours plas tranquille, & se jette dans le lac. On ne feroit pas mention ici de la Serriere, si elle ne présentoit pas une singularité assez rare. Sa source n'est pas éloignée de plus de deux portées de fusil du lac où est son embouchure. Elle sort avec impétuosité du pié d'une montagne, & roule assez d'eau pour mettre en mouvement à 20 pas de-là des rouages considérables. Son cours en est couvert ; on y voit des tireries de fer, des papeteries, des martinets pour les fonderies de cuivre, des moulins à blé & à planche. Le comté de Neuchâtel est divisé en plusieurs jurisdictions, dont les unes portent le titre de châtellenie, & les autres celui de mairies. Les premieres sont au nombre de quatre, celles de Lauderon, de Boudry, du val de Travers, & de Thiéle. Il y a dix mairies ; celle de la capitale, de la Côte, de Rochefort, de Boudevilliers, de Colombier, de Costaillods, de Bevaix, de Linieres, de Verrieres, & de la Bréoine. Le comté de Valengin en a cinq : celles de Valengin, du Locle, de la Sagne, de Brenets & de la Chaux-de-fond. Les chefs de toutes ces jurisdictions sont à la nomination du prince ; les vasseaux qui possédent les baronies de Travers, de Gorgier, & de Vaux-Marcus, ont aussi leurs officiers particuliers. Les lieux les plus remarquables du pays, sont Neuchâtel, capitale, dont on parlera séparément ; le Landeron & Boudry, petites villes, le bourg de Valengin. capitale de la seigneurie de ce nom, & Motiers, le plus considérable des villages du val de Travers. On voit près de chacun de ces lieux d'anciens châteaux qui servent aujourd'hui de prison. Les principaux villages des montagnes sont le Locle, & la Chaux-de-fond. Chacun d'eux contient plus de 2000 ames. Les maisons qui les composent sont pour la plupart éloignées les unes des autres, & dispersées sur un terrain d'environ deux lieues de long. Près du Locle est un rocher au-travers duquel une source d'eau assez abondante s'étant frayé un passage, deux paysans ont su pratiquer dans les cavités intérieures trois moulins perpendiculaires, dont le plus profond est à 300 piés au-dessous du niveau du terrain. On conjecture avec assez de vraissemblance, que cette source, après avoir coulé sous terre l'espace de plusieurs lieues, en sort pour former la Serriere dont on a parlé. L'histoire naturelle de la principauté de Neuchâtel fournit divers objets intéressans pour tous ceux à qui cette étude est chere. Les montagnes sont couvertes de simples dont on fait le thé suisse & l'eau vulnéraire, il y en a des especes très-rares. M. le docteur d'Yvernois, médecin du roi dans cette souveraineté, & botaniste célebre, en a donné une savante description dans le journal helvétique, qui s'imprime à Neuchâtel. Le pays abonde en eaux minérales, que leurs vertus font rechercher. Celles de la Brévine sont martiales & ochreuses ; celles de Motiers, marneuses, savonneuses, & sulphureuses ; celles de Couvet, spiritueuses & ferrugineuses. Il n'est peut-être aucun lieu dans l'Europe où sur un terrain aussi peu étendu, l'on trouve une si grande quantité de coquillages fossilles & de plantes marines pétrifiées. Ces curiosités naturelles remplissent les rochers & les terres marneuses, dont le pays abonde. On en découvre à toutes hauteurs depuis le bord du lac jusqu'au sommet des montagnes les plus élevées. Au haut de celle qui sépare la capitale da bourg de Valengin, se voit un rocher d'une étendue considérable, & qui n'est qu'un assemblage de turbinites placés en tout sens, & liés par une espece de tuf crystallisé. On distingue dans d'autres lieux des pierres jaunes qui, par la quantité immense de petits coquillages & de plantes marines qui s'y découvrent à l'oeil & avec le secours de la loupe, donnent lieu de croire que ce n'est peut-être autre chose, sinon de ce limon qui couvre le fond de la mer, & qui s'est pétrifié. Il seroit difficile d'épuiser la liste de cette multitude innombrable de testacées, univalves, bivalves, multivalves, de lithophytes, de zoophytes, de glossopetres, & de corps marins de toutes especes, dont ce pays-là est rempli. On pourra en prendre une idée dans le traité des pétrifications du savant M. Bourguet, mort professeur de Philosophie à Neuchâtel. Les dendrites, les échinites à mamelons, les cornes d'Ammon de toutes les especes, & dont quelques-uns sont d'une grosseur prodigieuse, ornent principalement les cabinets des curieux. Enfin divers lieux de la principauté présentent des gypses singuliers, lisses & à stries, & des cavernes ornées de stalactites, dont la plus remarquable est près de la ville de Boudry. Le principal produit du pays de Neuchâtel consiste en vins ; on nourrit un grand nombre de bestiaux dans la partie supérieure. Les terres marneuses servent d'engrais pour les prairies. Le lac qui porte le nom de cette principauté est extrèmement poissonneux. La pêche des truites, qui en autonne remontent la riviere de Reuze, forme un revenu pour le prince, & un objet de commerce pour les particuliers. Le gibier des montagnes est excellent, mais assez rare aujourd'hui, parce que les habitans qui, jusqu'au dernier, ont le privilege de chasser en tous lieux & dans toutes les saisons, en abusent, & le rendront illusoire s'ils continuent à l'exercer avec aussi peu de prudence qu'ils le font actuellement. Ce petit état est très-peuplé proportionnément à son étendue ; & quoique plusieurs Neuchâtelois s'expatrient volontairement pour un tems en vue de travailler plus aisément à leur fortune dans l'étranger, on y compte encore plus de 32000 ames. Les simples villages sont pour la plûpart grands & bien bâtis. Tout annonce l'aisance dans laquelle vivent les habitans. On n'en sera point surpris, si l'on considere que ces peuples jouissent d'une paix qui n'a point été troublée depuis plusieurs siecles, qu'ils vivent dans une liberté raisonnable pour le spirituel, comme pour le temporel, & qu'ils ne payent ni tailles, ni impôts. Les maisons de Neuchâtel, de Fribourg, de Hochberg, d'Orléans-Longueville, & de Brandebourg, ont possédé successivement la principauté dont il est question. L'origine de la premiere est très-ancienne ; sa généalogie suit de pere en fils depuis Hulderic, qui épousa Berthe, en 1179. Louis, dernier prince de cette maison, ne laissa que deux filles ; lsabelle, l'aînée, mourut sans enfans ; Varenne, la cadette, apporta le comté de Neuchâtel en dot à Egon, comte de Fribourg,. qu'elle épousa en 1397. Ce comté passa ensuite dans la maison de Hochberg, par le testament de Jean de Fribourg, en 1457, & de même dans celle d'Orléans, par le mariage de Jeanne, fille & héritiere de Philippe, marquis de Hochberg, avec Louis d'Orléans, duc de Longueuille, en 1504. Pendant plus de deux siecles les Neuchâtelois ont été soumis à des princes de cette maison. Henri II. duc de Longueville, & premier plénipotentiaire de la France à la paix de Westphalie, en 1648, eut deux fils. L'ainé Jean-Louis-Charles prit d'abord le parti de l'Eglise, & céda tous ses droits au comte de S. Pol son cadet ; mais il les recouvra par la mort de ce dernier, qui fut tué au passage du Rhin, en 1672. Comme ni l'un, ni l'autre de ces princes n'avoit été marié, la souveraineté de Neuchâtel parvint à Marie d'Orléans leur soeur, épouse de Henri de Savoie, duc de Nemours ; & cette princesse, la derniere de sa maison, mourut en 1707, sans avoir eu d'enfans de ce mariage. Alors cette souveraineté fut réclamée par un grand nombre de prétendans. Quelques-uns fondoient leurs droits sur ceux de la maison de Châlons, dont les anciens comtes de Neuchâtel étoient les vassaux. Tels étoient le roi de Prusse, le comte de Montbeliard, les princes de la maison de Nassau, le marquis d'Alégre, madame de Mailly. D'autres, comme le margrave de Bade-Dourlach, les tiroient de ceux de la maison de Hochberg. Les troisiemes demandoient la préférence en qualité d'héritiers de la maison de Longueville. Le prince de Carignan, madame de Lesdiguieres, M. de Villeroi, M. de Matignon prétendoient chacun être le plus proche héritier ab intestat. Le prince de Conty s'appuyoit sur un testament de l'abbé d'Orléans, & le chevalier de Soissons sur une donation de la duchesse de Nemours. Tous ces princes se rendirent en personne, ou envoyerent des réprésentans à Neuchâtel. Ils établirent leurs droits respectifs, & plaiderent contradictoirement sous les yeux du tribunal souverain des états du pays, qui, par sa sentence rendue le 3 Novembre 1707, adjugea la principauté à Fréderic I. roi de Prusse, comme au plus proche héritier de la maison de Châlons. Depuis lors cet état a appartenu à la maison de Brandebourg, & reconnoît pour son souverain Fréderic II. pétit-fils de Fréderic I. qui regne si glorieusement aujourd'hui. La seigneurie de Valengin faisoit anciennement partie du comté de Neuchâtel, elle en fut séparée au xiij. siecle. Ulderich, frere du comte Berchtold, eut dans un partage les pays de Nidau & d'Arberg, la montagne de Diesse & Valengin. Rodolphe, comte de Neuchâtel obligea Jean d'Arberg, seigneur de Valengin à se reconnoître son vassal. Ses prétentions à cet égard furent confirmées par la sentence que les cantons Suisses rendirent en 1584. Enfin Marie de Bourbon, veuve de Léonor d'Orléans, acheta, en 1592, du comte de Montbéliard, la seigneurie de Valengin, qui, depuis lors, a toujours été unie au comté de Neuchâtel, mais en conservant ses privileges particuliers dont elle jouissoit auparavant. Cet état fut d'abord compris dans le royaume de Bourgogne, fondé par Rodolphe de Stratlingue, en 888. Ses comtes se mirent sous la protection de la maison de Châlons à titre de vassaux. Rodolphe de Habsbourg, parvenu à l'empire en 1273, obligea tous les seigneurs bourguignons à reconnoître son autorité. Jean de Châlons prétendit qu'Isabelle, comtesse de Neuchâtel, n'avoit pas été en droit de disposer de son fief en faveur de Conrard, comte de Fribourg, son neveu, & cependant admit ce dernier à lui prêter foi & hommage en 1397. Le même différend entre le seigneur suzerain & son vassal se renouvella lorsque le comté de Neuchâtel passa dans la maison de Hochberg qui aspiroit à se rendre indépendante. Il y eut procès à ce sujet, & l'hommage ne fut pas prêté. En 1512 les Suisses irrités de ce que Louis de Longueville, prince de Neuchâtel, avoit suivi le roi de France dans ses guerres en Italie, contre le duc de Milan leur allié, s'emparerent de cet état, & ne le rendirent qu'en 1529 à Jeanne de Hochberg & à ses enfans. René de Nassau, neveu & héritier de Philibert de Châlons, dernier seigneur de cette maison, demanda à celle de Longueville la restitution du comté de Neuchâtel. Cette derniere la refusa, prétendant être elle-même héritiere universelle de la maison de Châlons-Orange. Il en naquit un second procès qui n'a jamais été jugé. Mais c'est depuis cette époque que les comtes qui possédoient ce petit état se sont qualifiés, par la grace de Dieu, princes souverains de Neuchâtel, & la sentence de 1707 ayant reconnu le roi de Prusse, comme le vrai héritier de la maison de Châlons, a réuni par cela même le domaine utile à la seigneurie directe. Quant aux prétentions que l'empereur & l'empire pourroient former sur la souveraineté de cet état, elles ont été anéanties par la paix de Bâle en 1499, comme par celle de Westphalie en 1648, qui assurent l'une & l'autre une indépendance absolue, non seulement aux cantons Suisses, mais encore à tous leurs alliés, membres du corps helvétique ; & dans ces derniers est essentiellement compris le pays de Neuchâtel. Ce petit état est donc aujourd'hui une souveraineté indépendante, héréditaire aux filles, à défaut d'enfans mâles, inaliénable sans le consentement des peuples, & indivisible. Elle ne peut même être donnée en appanage à aucun prince cadet de la maison de Brandebourg. L'autorité souveraine est limitée par les droits des peuples. Les revenus du prince, qui consistent en censes foncieres, lods, dîmes, & quelques domaines, ne vont pas au-delà de 5100000 liv. de France, & ne peuvent être augmentés aux dépens des sujets. Le prince, lors de son avénement, jure le premier d'observer inviolablement les us & coutumes, écrites & non écrites, de maintenir les corps & les particuliers de l'etat dans la pleine jouissance des libertés spirituelles & temporelles, franchises & privileges à eux concédés par les anciens comtes, & leurs successeurs ; après quoi les sujets prétent le serment de fidélité ordinaire. L'état de Neuchâtel a des alliances très-anciennes avec le canton de Berne, de Lucerné, de Frybourg & de Soleure. Le premier, par ses traités particuliers de combourgeoisie avec le prince & les peuples, est établi & reconnu juge souverain de tous les différends qui peuvent s'élever entre eux par rapport à leurs droits respectifs. La religion qui domine dans la principauté de Neuchatel est la protestante. Farel y prêcha le premier la réformation qui, en 1530, fut embrassée par la plus grande partie des peuples à la pluralité des voix. Ceux qui habitoient la châtellenie du Landeron, conserverent seuls la religion catholique qu'ils exercent librement depuis lors. On assure qu'un seul suffrage en décida. Mais il faut observer que ce changement se fit contre les desirs du prince qui ne donna point à cet égard l'exemple à ses sujets. C'est le seul pays actuellement protestant où cette singularité ait eu lieu ; & elle a valu aux ecclésiastiques réformés de cet état des droits beaucoup plus étendus que ceux dont ils jouissent ailleurs. Les peuples, devenus réformés sans le concours de l'autorité souveraine, se virent chargés seuls du soin de régler toutes les affaires qui concernoient la nouvelle religion de l'état, & acquirent conséquemment tous les droits qui leur étoient nécessaires pour remplir une obligation aussi essentielle. Les chefs des corps du pays dresserent donc des constitutions ecclésiastiques, auxquelles le prince n'eut d'autre part que la sanction pour leur donner force de lois. Ils fixerent la doctrine en adoptant la confession des églises réformées de la Suisse. Leurs nouveaux pasteurs commencerent à former un corps à qui les peuples confierent le dépôt de la prédication & de la discipline. Ce corps, qu'on appelle la classe, examine les candidats pour le saint ministere, leur donne les ordres sacrés, élit les pasteurs pour les églises de la campagne, suspend, dépose, dégrade même ses membres sans que l'autorité civile y intervienne. Personne n'assiste de la part du prince dans ces assemblées. Un pasteur, nouvellement élu, est simplement présenté au gouverneur du pays, qui ne peut se dispenser de le confirmer & de l'invêtir du temporel de son bénéfice à moins qu'il n'en ait des raisons très-fortes. Les seules cures des villages catholiques sont à la nomination du souverain. Lorsqu'il en vaque une dans la capitale, la classe nomme & présente trois sujets au conseil de ville qui en choisit un. On a déja insinué que les peuples de la souveraineté de Neuchatel jouissent de divers droits qui, par rapport à eux, restreignent l'autorité du prince plus qu'elle ne l'est peut-être dans aucun des états de l'Europe. Les anciens comtes, possesseurs d'un pays inculte, couvert de rochers & de forêts, habité par un petit nombre de serfs, selon la coutume barbare du gouvernement féodal, comprirent aisément que le plus sûr moyen de peupler leur état, & conséquemment d'augmenter leur puissance, étoit d'un côté d'en affranchir les habitans actuels, & de l'autre d'accorder de grands privileges à ceux qui viendroient s'y etablir. Ils en firent même un asyle & promirent leur protection à quiconque s'y réfugieroit. Le succès répondit à leur attente. Les habitans de la capitale, devenus plus nombreux, formerent un corps, prirent le nom de bourgeois de Neuchatel, qualité que six semaines de résidence en ville procuroient alors à tout étranger, & obtinrent de leurs souverains ces concessions précieuses dont les titres & les effets subsistent encore aujourd'hui. On voit par le texte même de ces actes, qu'ils ne furent autre chose sinon des contrats, des conventions entre le prince & les sujets. Ceux-ci eurent soin d'en exiger la confirmation solemnelle à chaque changement de maître. Plusieurs souverains les amplifierent encore successivement tant en privileges ou exemptions qu'en droits utiles. A mesure que le pays se peupla, il s'y forma sur le modele de la capitale de nouveaux corps de bourgeoisies, tels sont ceux de Landeron, de Boudry & de Valengin, qui tous obtinrent des concessions de leurs princes communs. Les habitans de chaque village furent aussi érigés en communautés, à qui l'on donna des terres & des forêts pour les mettre en état de se soutenir dans leurs nouveaux établissemens. On observera ici que, selon la Jurisprudence féodale, toutes les terres étoient censées appartenir au seigneur qui, pour favoriser la population, en céda la plus grande partie à ses nouveaux sujets moyennant de légeres redevances. On remarquera encore que, soit par la faveur des princes, soit par l'usage, la plus sacrée de toutes les lois dans un pays de coutume tel que celui de Neuchatel, plusieurs privileges accordés originairement à des corps particuliers, sont devenus communs à tous les sujets qui en jouissent également aujourd'hui. Les bourgeois de Neuchatel n'habitoient pas tous dans la capitale, on les partagea en deux classes, les internes & les externes ; distinction locale dans son origine, mais devenue réelle depuis que les princes ont, en faveur de la résidence en ville, accordé aux premiers certains droits utiles dont les seconds ne jouissent pas. Toutes ces bourgeoisies dont on a parlé, ont leurs chefs, leurs magistrats, leurs conseils particuliers, avec le droit de s'assembler librement dans tous les tems pour délibérer sur leurs affaires de police intérieure & de finances, & sur les moyens de s'assurer la conservation de leurs privileges respectifs. Le gouvernement de ces corps est purement populaire. Les chefs subordonnés à l'assemblée générale ne peuvent se dispenser de lui communiquer les affaires importantes & de prendre ses ordres. La bourgeoisie de Neuchatel élit un magistrat particulier, appellé le banneret, qui, par son emploi, est le protecteur des bourgeois & le défenseur de leurs privileges. L'époque de 1707 fut essentielle pour le droit public de l'état de Neuchatel. Les peuples avoient eu quelquefois des differends avec leurs souverains touchant certains droits qu'on leur contestoit. Pour se les assurer irrévocablement, ils profiterent d'un événement qui leur procuroit une sorte d'indépendance ; & se trouvant par la mort de Made. la duchesse de Nemours sans souverain reconnu, ils résolurent de travailler à fixer pour toûjours la juste étendue de leurs divers privileges, & à en obtenir une confirmation solemnelle. On réduisit donc tous ces privileges sous certains chefs généraux, on en forma un code abrégé de droit public. L'ouvrage fut approuvé par les corps & les communautés de l'état, qui s'unirent alors par un acte exprès d'association générale pour la défense de leurs droits. Ce code fut présenté à tous ceux des prétendans à la souveraineté que la sentence éventuelle pouvoit regarder, on le leur fit envisager comme un préliminaire essentiel, comme une condition sans laquelle les peuples ne se soumettroient point à leur nouveau maître. Tous se hâterent de le signer & promirent d'en observer exactement les articles, au cas que la sentence souveraine leur adjugeât la principauté. Cet engagement fut confirmé publiquement par M. le comte de Meternich, plénipotentiaire de S. M. le roi de Prusse, après que les trois états eurent prononcé en faveur de ce monarque. Ce code qu'on peut appeller les pacta conventa des peuples de l'état de Neuchatel avec leurs souverains, est divisé en articles generaux qui comprennent les droits communs à tous les sujets, & en articles particuliers qui intéressent uniquement les bourgeois de Neuchatel & ceux de Valengin. Sans entrer dans un détail qui meneroit trop loin, on se contentera de présenter les droits qui influent le plus directement sur la liberté des peuples, après avoir fait quelques observations sur les principes du gouvernement du pays en général. La puissance du prince de Neuchatel se trouvant, comme on vient de le dire, limitée par ses engagemens avec ses sujets, les divers droits qui appartiennent à tout souverain doivent être divisés en deux classes : l'une comprend ceux que le prince s'est réservé; l'autre, ceux dont il s'est dépouillé en faveur des peuples. Par rapport à ces derniers, la constitution fondamentale est que la souveraineté de l'état est toûjours censée résider dans l'état même ; c'est-à-dire, que le conseil d'état du pays qui le gouverne au nom du prince, & auquel le gouverneur préside, est autorisé, dans tous les cas qui se présentent & sans avoir besoin de prendre de nouveaux ordres, à conserver aux peuples l'exercice des privileges dont ils jouissent, & à faire observer tout ce que contiennent les articles généraux & particuliers. C'est même le principal objet du serment que prêtent tous ceux qui, par leurs emplois, sont appellés à prendre part aux affaires publiques. On comprend aisément que cette précaution étoit indispensable pour un pays où le souverain ne fait pas sa résidence ordinaire, & pour des peuples qui jouissent de divers droits précieux. Ils ne peuvent avoir les yeux trop ouverts à cet égard ; aussi toutes les fois qu'ils ont eu lieu de s'appercevoir que le conseil d'état se dirigeoit par les ordres de la cour de Berlin aux dépens des lois dont l'observation leur est commise, leur premier soin a été de recourir au juge reconnu, à L. L. E. E. de Berne, de qui ils ont toûjours obtenu des sentences favorables. Mais le principe dont on vient de parler s'étend encore aux affaires civiles, à l'égard desquelles le tribunal des trois états est souverain & absolu. Douze juges le composent: quatre gentilshommes, conseillers d'état, quatre châtelains, & quatre membres du conseil de ville. Il reçoit & ouït de tous les appels qu'on y porte des tribunaux inférieurs, & ses sentences ne peuvent être infirmées par le prince qui même est obligé de le faire convoquer chaque année à Neuchatel & à Valengin. Le gouverneur qui y préside ne peut se dispenser de signer les sentences qui en émanent, ni le conseil d'état de les faire exécuter sans délai. Ce tribunal possede encore le pouvoir législatif, il examine les articles que l'on veut faire passer en loi de l'état ; & s'il les approuve, il les présente au gouverneur qui leur donne la sanction au nom du prince. Par le premier des articles généraux, les peuples exigent que la religion soit inviolablement maintenue dans son état actuel, & que le prince ne puisse y faire aucune innovation sans leur consentement. Les droits du corps des pasteurs y sont aussi réservés, ce qui exclud manifestement tout droit de suprématie en faveur du souverain. Quoique ce dernier ait la nomination des emplois civils & militaires qui ont rapport au gouvernement ou à la police générale de l'état, il ne peut cependant en conférer aucun, excepté celui de gouverneur, à d'autres qu'à des sujets de l'état, & qui y sont domiciliés. Ceux qui en ont été une fois revêtus, ne peuvent les perdre qu'après avoir été convaincus de malversation. Les brevets même qui ont ces emplois pour objet, ne sont effectués que lorsqu'ils ont été entérinés au conseil d'état. Tout sujet de l'état est libre de sortir du pays, de voyager dans tous les tems, & même de prendre parti au service des puissances étrangeres, pourvû qu'elles n'ayent point guerre avec son souverain, comme prince de Neuchatel, & pour les intérêts de cette principauté. Dans toute autre circonstance l'état garde une exacte neutralité, à-moins que le corps helvétique dont il est membre, ne s'y trouve intéressé. C'est sous cette derniere relation, que les Neuchatelois ont des compagnies au service de la France & des Etats généraux. Elles sont avouées de l'état, se recrutent librement dans le pays, font partie des régimens suisses, & servent sur le même pié. Par l'effet de ce droit, des sujets se sont souvent trouvés portant les armes contre leur propre souverain. Un capitaine aux gardes suisses, sujet en qualité de neuchatelois, de Henri, duc de Longueville, monta la garde à son tour au château de Vincennes, où ce prince fut mis en 1650. Un officier, & quelques soldats du même pays, qui servoient dans l'armée de France à la bataille de Rosbach, furent pris par les Prussiens, & traités non en sujets rebelles, mais en prisonniers de guerre. La cour de Berlin en porta, il est vrai, des plaintes aux corps de l'état ; mais elle s'est éclairée depuis lors sur ses vrais intérêts par rapport à cette souveraineté, & les choses subsistent sur l'ancien pié a cet égard. Il y auroit évidemment plus à perdre qu'à gagner pour S. M. leroi de Prusse, si les Neuchatellois abandonnoient ou suspendoient l'exercice d'un droit qui dans des circonstances telles que celles qui affligent aujourd'hui l'Europe, est la sauvegarde de leur pays. Quoique le gout pour le commerce ait affoibli chez eux celui qui les portoit généralement autrefois à prendre le parti des armes, ils ont cependant encore un nombre considérable d'officiers qui servent avec distinction. On en voit à la vérité, très-peu dans les troupes de leur souverain ; l'habitude qu'ils ont de la liberté pourroit en être la cause. Les milices du pays sont sur le même pié que toutes celles de la Suisse ; elles sont divisées en quatre départemens, à la tête de chacun desquels est un lieutenant colonel, nommé par le prince. Il est inutile de dire que les enrôlemens forcés sont inconnus dans cet état ; les peuples ne sont pas moins libres à cet égard qu'à tout autre. On a déja annoncé que les Neuchatelois sont absolument exempts de toutes charges, impôts, ou contributions. Le prince ne peut rien exiger d'eux à ce titre, sous quelque prétexte que ce soit ; les redevances annuelles dont leurs terres sont affectées, se réduisent à peu de chose ; celles qu'on paye en argent, sont proportionnées à la rareté du métal dans le pays lorsqu'on les établit. Il y a par rapport à toutes les autres une appréciation invariable & très-avantageuse, principalement pour les bourgeois de Neuchatel, & pour ceux de Valengin. Les peuples jouissent de la liberté du commerce le plus étendu ; rien n'est de contrebande dans leur pays, excepté, selon le texte des anciennes concessions, la farine non moulue dans les moulins du prince. Toute marchandise appartenant à un sujet de l'état ne paye aucun droit d'entrée ni de sortie. Enfin, les Neuchatelois n'ont pas négligé de prendre les précautions les plus exactes contre leurs anciens souverains, par rapport à la judicature criminelle. D'abord la punition d'aucun délit ne dépend du prince ou de ceux qui le représentent. Dans tous les cas, même dans ceux qu'on regarde comme minimes, les chefs des jurisdictions sont obligés d'intenter action aux coupables juridiquement, selon des formalités invariables, & d'instruire une procédure sous les yeux des tribunaux ordinaires, qui prononcent définitivement sur le démérite & sur la peine. Les fautes legeres sont punies par des amendes dont aucune n'est arbitraire, & qui ne peuvent qu'être très modiques, puisqu'elles n'ont pas haussé depuis trois siecles. Lorsqu'il est question de cas plus graves, & qui méritent la prison, les châtelains ou maires ne peuvent faire incarcérer le prévenu, sans avoir demandé aux juges un decret de prise de corps, qui ne s'accorde jamais légerement. Ces mêmes juges sont présens à l'instruction de toute la procédure ; leurs sentences d'absolution ou de condamnation sont souveraines ; le prince a le pouvoir de les adoucir, & même de faire grace au coupable, mais il n'a pas celui de les aggraver. Les bourgeois de Neuchatel ont à cet égard un privilége particulier ; celui de ne pouvoir être incarcérés que dans les prisons de la capitale, & sur une sentence rendue par les chefs de leur corps. C'est ainsi que les droits des peuples de la principauté de Neuchatel fixent ceux de leur souverain par rapport à la finance, comme pour la judicature, tant civile que criminelle. La conservation de ces droits leur est assurée par un contrat solemnel, & par leur qualité de suisses, qui ne peut appartenir qu'à un peuple libre. La forme singuliere de leur gouvernement est une suite nécessaire de leurs relations étroites avec le roi de Prusse, comme prince de Neuchatel, & avec le corps helvétique dont ils sont ma",[['47 N 23 E']],,47 N 23 E,47 N 23 E
v11-464-0,NEUHAUSEL,"NEUHAUSEL, (Géog.)​ en latin Neoselium, & par quelques-uns Ovaria. Les Hongrois l’appellent Ouvar, c’est-à-dire château ; petite, mais forte ville de la haute Hongrie, prise par les Turcs en 1663, & reprise par les Impériaux en 1685, qui passerent​tout au fil de l’épée sans faire grace ni à l’âge, ni au sexe. Elle est sur la riviere de Neytzach, dans une plaine marécageuse, à une lieue du confluent du Vag avec le Danube, à cinq lieues N. de Komore, 5 S. E. de Leopolstadt, 12 S. E. de Presbourg, 33 S. E. de Vienne. Long. 36. 10. lat. 48. 4.","[[""48 4' N 36 10' E""]]",,48 4' N 36 10' E,48 4' N 36 10' E
v11-477-4,Neustadt,"Neustadt, (Géog.)​ ville d’Allemagne, dans le duché de Brunswick-Lunébourg, à quatre lieues N. O. d’Hanover, sur la riviere de Leyne. Long. 27. 24. lat. 52. 34.","[[""52 34' N 27 24' E""]]",,52 34' N 27 24' E,52 34' N 27 24' E
v11-535-0,"NICOLAS, Saint ou NICLARBOURG","NICOLAS, Saint, ou NICLARBOURG (Géog.)​ ville de Lorraine, avec une église dédiée à S. Nicolas, où l’on va en pélerinage. Elle est sur la Meurte à 2 lieues de Nancy, 3 de Lunéville, 74 de Paris. Long. 24. lat. 48. 40. (D. J.)​","[[""48 40' N 24 E""]]",,48 40' N 24 E,48 40' N 24 E
v11-536-0,"NICOLO, san","NICOLO, san, (Géog.)​ île du golfe de Venise, & la plus grande des trois qu’on appelle Tremiti. Elle est au levant de celle de San Domino, & au midi de celle de Caprara. Long. 33. 12. lat. 42. 7. (D. J.)​","[[""42 7' N 33 12' E""]]",,42 7' N 33 12' E,42 7' N 33 12' E
v11-541-6,Nicopolis,"Nicopolis, (Géog. anc.)​ ville de l’Arménie mineure. Strabon nous apprend qu’elle fut bâtie par Pompée. Pline, l. VI. c. ix. & Ptolomée, liv. V. ch. vij. en parlent. Ce dernier la met au voisinage des montagnes. Pour la distinguer des autres Nicopolis, on l’appella Nicopolis Pompeii, du nom de son fondateur, comme nous l’apprenons de Dion Cassius, liv. XLIX. Dans le moyen âge elle fut la seconde ville de la premiere Arménie, & devint un siege épiscopal, suffragant de Sébaste. On la nomme maintenant Gianich ; elle est sur la riviere de Cérau-​ne, à 100 lieues d’Erzérom, 90 de Cagny ; c’est un siege de justice & de gouvernement chez les Turcs. Long. 55. 30. lat. 38. 15.","[[""38 15' N 55 30' E""]]",,38 15' N 55 30' E,38 15' N 55 30' E
v11-545-0,NICOTERA,"NICOTERA, (Géogr.)​ petite ville d’Italie au royaume de Naples, dans la Calabre ultérieure, avec un évêché suffragant de Reggio. Elle est près de la mer sur le haut d’une montagne, selon Baudrand. Cette ville est ancienne comme il paroît par le détail d’Antonin ; Léander assure qu’on la nomme aujourd’hui Nicodro. Long. 33. 50. lat. 38. 30.","[[""38 30' N 33 50' E""]]",,38 30' N 33 50' E,38 30' N 33 50' E
v11-576-0,NIGÉBOLI,"NIGÉBOLI, (Géog.)​ ville de Turquie dans la Bulgarie, capitale d’un sangiack, fameuse par la bataille de 1396, entre Bajazeth qui la gagna, & Sigismond qui devint ensuite empereur d’Allemagne. Les Grecs y ont un archevêque. Nigéboli est sur le Danube, à 14 lieues S. O. de Rotzig, 60 N. O. d’Andrinople. Long. 43. 18. lat. 43. 45. (D. J.)​","[[""43 45' N 43 18' E""]]",,43 45' N 43 18' E,43 45' N 43 18' E
v11-624-0,NISEN,"NISEN, (Géogr.)​ ou Niesna, ou Nisi-novogorod, ville très-peuplée de l’empire russien, capitale du petit duché de même nom, avec une citadelle & un archevêché. Elle est près du confluent de l’Occa & du Wolga, sur une montagne, à 98 lieues de Moscow par terre. Long. 65. 45. lat. 56. 34.","[[""56 34' N 65 45' E""]]",,56 34' N 65 45' E,56 34' N 65 45' E
v11-629-0,NISMES,"NISMES, (Géog.)​ en latin Nemausus, ville de France dans le bas-Languedoc. Elle est fort ancienne, & doit vraissemblablement son origine aux Phocéens d’Ionie, qui fonderent Marseille. Leur colonie s’étant trouvée trop resserrée dans le territoire de Marseille, fut obligée de se répandre à Orange, à Nice, à Antibes, à Turin, à Tarragone & à Nîmes. Les anciennes armoiries de cette ville, & les épitaphes grecques qui y ont été trouvées, semblent confirmer cette opinion.


Nîmes resta environ 400 ans dans l’état où les Phocéens la mirent, jusqu’au tems qu’elle tomba avec le reste des Volsques, dont elle étoit capitale, sous la puissance des Romains. Les Volsques habitoient le long du Rhône ; ils avoient assujetti cette ville, ou avoient été conquis par elle. Ce qu’il y a de sûr, c’est qu’au tems où Fabius Maximus la soumit aux Romains, elle étoit appellée Nemausus, urbs Volscorum Arecomicorum. Apparemment qu’elle sut dans la suite se soustraire de cette nouvelle domination ; car on observe qu’elle fut du nombre des 837 villes que Pompée conquit dans ses exploits, depuis les Alpes jusqu’aux derniers confins de l’Espagne.


Plusieurs marbres que l’on a trouvés dans les débris de Nîmes avec des inscriptions latines, font voir que les Romains y ont envoyé des colonies ; qu’elle a été gouvernée par des consuls & des decemvirs ; qu’il y avoit des édiles comme à Rome, un sénat, une compagnie de décurions, un questeur ; enfin qu’il y avoit un college de prêtres, & un temple dédié à Auguste.


Quand l’empire s’écroula sous Honorius & Arcadius, la ville de Nîmes tomba entre les mains des Goths, après avoir été environ 500 ans sous la puissance des Romains. On conjecture avec vraissemblance que la plûpart des monumens dont on voit encore aujourd’hui de superbes restes, ont été ordonnés par les deux Antonins, pour marquer leur bienveillance à une ville dont ils étoient originaires.


Nîmes vint dans le sixieme siecle au pouvoir des Visigots, & dans le huitieme elle succomba sous celui des Sarrasins, avec quelques autres places du Languedoc, qu’ils conserverent environ 20 ans, & jusqu’à ce que Pepin reconquit ce pays. Nîmes fut dans la suite gouvernée par des vicomtes, sous l’autorité des ducs de Septimanie. Ces vicomtes de Nîmes s’en rendirent propriétaires dans le x. siecle. Rémond, comte de Toulouse, en usurpa le haut domaine. Les rois d’Arragon s’attribuerent ensuite le même droit sur cette ville & sur son territoire appellé le Nemosez ; mais Jacques, roi d’Arragon, y renonça en faveur de S. Louis, par une transaction de l’an 1258.


En 1417, Nîmes qui appartenoit à Charles VI. roi de France, fut prise par le prince d’Orange, qui étoit à la tête des Anglois ; & ce fut alors que le château des Arenes fut ruiné. Les massacres qui se commirent dans cette ville pendant les cruelles guerres de religion du xvj. siecle, y multiplierent le Calvi-​nisme ; la plus grande partie des magistrats & du peuple se déclarerent pour la réforme, & firent bâtir en 1565 un grand temple qui dura jusqu’en 1685, qu’il fut abbatu par ordre de Louis XIV.


Il s’est tenu à Nîmes quatre conciles particuliers : le premier en 389, le second en 886, le troisieme en 997 & le quatrieme convoqué par le pape Urbain II. en 1096.


Je ne décrirai point les restes des monumens antiques qui se trouvent dans cette ville, ou dans ses environs : on peut en lire les détails dans l’histoire de cette ville par M. Gautier, & dans l’ouvrage des grands chemins de l’empire romain par M. Bergier. Il n’est pas douteux que Nîmes se distinguoit autrefois par son amphithéâtre nommé les Arenes, par la maison-quarrée, qui paroît avoir été un temple ; par l’étendue de ses murs qui avoient un circuit de 4640 toises ; enfin par ses neufs tours qui défendoient les anciens murs, dont la plus grande, appellée pour cette raison la tour-magne, subsiste encore en partie. Ajoutez à toutes ces raretés le Pont-du-Gard, qui servoit d’aqueduc, & qui pouvoit se comparer à tout ce que les Romains ont fait en ce genre de plus hardi. Voyez Pont-du-Gard.


Il reste encore des vestiges de quelques anciens temples qui donnent pareillement une grande idée de la puissance de ceux qui les ont fait bâtir, & de l’état où les arts étoient alors. Celui qu’on croit avoir été dédié à Diane, ou, si l’on veut, à Vesta, offroit une structure très-belle & très industrieuse. Il étoit entierement bâti de grosses pierres sans ciment ni mortier, avec plusieurs niches dans les intercolonnes. Il avoit dix-neuf toises de long, sept & demi de large, & six de hauteur dans œuvre ; on y voyoit seize colonnes d’ordre corinthien, qui supportoient une corniche sur laquelle reposoit la voûte avec des arcs doubles. On croit que la cathédrale de Nîmes est le temple qui avoit été dédié à Auguste, soit par flatterie, soit par les bienfaits qu’elle en avoit reçus.


La ville de Nîmes n’est plus ce qu’elle a été autrefois, & est même considérablement déchue depuis la révocation de l’édit de Nantes. On n’y compte pas aujourd’hui 20 mille ames, & son commerce se borne à quelques soiries, comme serges & bas de soie. Il y a un évêché suffragant de Narbonne, un présidial, une élection, une sénéchaussée, & une académie fondée en 1682.


Cette ville jouit d’un ciel pur & serein pendant presque toute l’année, & se trouve située dans un des plus agréables pays du monde. Une belle plaine fait une partie de son terroir, l’autre est composée de vallons couverts de vignes & d’oliviers, & de côteaux nommés Guarigues couverts de bois taillis, où croissent le thin, le romarin, la sarriette & le serpolet. Ces Guarigues produisent aussi des yeux, sur lesquels croît l’insecte qui fournit le kermès.


Nîmes est située à 5 lieues N. O. d’Arles, 8 S. O. d’Avignon, 8 N. E. de Montpellier, 30 N. E. de Narbonne, 147. S. E. de Paris. Long. selon Cassini, 21. 32. 30. lat. 43. 50. 25.


Parlons des gens de lettres de Nîmes, en passant sous silence Domitius Afer, parce qu’il trouvera son article entre les orateurs qui brillerent à Rome sous Tibere ; il s’agit à présent des modernes.


Brousson, (Jacques) né à Nîmes en 1647, suivit aussi la profession du barreau, & devint dans son pays le plus célebre avocat des Protestans dont il défendit la religion & les intérêts, par son éloquence, par sa plume & par ses veilles. Les plaies de sa mort saignent encore aux yeux des Réfugiés ; & certainement l’idée de son supplice ne peut qu’arracher des larmes de tous ceux qui ont des sentimens d’humanité, & la plus légere teinture des principes du chris-​tianisme. Il fut condamné pour sa religion le 4 Novembre 1698 à être rompu vif sur la roue. L’intendant du Languedoc, dont la postérité n’a pas succé les maximes, avoit publié une ordonnance par laquelle il promettoit cinq mille livres (c’est dix mille livres actuelles), à qui livreroit morts ou vifs MM. Brousson & de Vivens. Le premier fut arrêté à Orléans le 19 Septembre 1698, conduit à Pau, & exécuté à Montpellier le 4 Novembre suivant sur un échafaud entouré de deux bataillons du régiment d’Auvergne, & de vingt tambours qui battoient la caisse ; mais enfin les esprits se sont adoucis en s’éclairant davantage.


L’abbé Cassaigne, docteur en Théologie, né & élevé à Nîmes, où son pere étoit trésorier du domaine, devint garde de la bibliotheque du roi. Il fut reçu à l’académie françoise à l’âge de 27 ans, & M. Colbert le nomma l’un des quatre premiers membres dont on composa d’abord l’académie des Inscriptions. On sait par cœur le trait piquant de Despréaux : 



Si l’on est plus à l’aise assis en un festin, 
Qu’aux sermons de Cassaigne, ou de l’abbé Cotin.


L’abbé Cotin fut désespéré d’une ironie où la fatale nécessité de la rime plaça son nom à côté de celui de Cassaigne. L’hémistiche manquoit à M. Despréaux : vous voilà bien embarrassé, lui dit Furtiere, que ne mettez-vous-là l’abbé Cotin ? L’abbé Cassaigne n’en fut pas moins affligé intérieurement ; il étoit sur le point de prêcher à la cour, & ce trait satyrique le fit renoncer à la chaire. Enfin l’étude & le chagrin lui dérangerent tellement la tête, que ses parens le firent enfermer à S. Lazare, où il mourut en 1679, à 46 ans. Il a publié entr’autres ouvrages une assez bonne traduction de Saluste, & des trois livres de Ciceron de Oratore ; outre une préface aux œuvres de Balzac, qui n’est pas mauvaise.


Cotelier. (Jean-Baptiste) de la société de Sorbonne, profond dans la connoissance de la langue greque, étoit de Nîmes. Il s’est distingué, 1°. par son recueil des monumens des Peres dans les tems apostoliques, Paris 1672, & Holl. 1698, 2. vol. in-fol. 2°. par ses monumens de l’église greque ; 3°. par sa traduction des homélies de S. Chrysostome ; 4°. par le catalogue des manuscrits grecs de la bibliotheque du roi, qu’il a dressé avec M. du Cange. Il mourut à Paris en 1684, à 58 ans.


Nicot, (Jean) natif de Nîmes, devint maître des requêtes de l’hôtel du roi, fut envoyé ambassadeur en Portugal en 1559, & en rapporta le premier dans ce royaume la plante qui de son nom fut appellée nicotiane, aujourd’hui si connue sous le nom de tabac. Il mourut en 1600. On a de lui un dictionnaire françois-latin in-fol. qu’il ne faut pas mépriser.


Petit, (Samuel) un des plus savans ministres calvinistes du xvij. siecle, fit encore plus d’honneur à la ville de Nîmes sa patrie. Nous avons de lui plusieurs ouvrages excellens, & tout remplis d’érudition. Les principaux sont, leges atticæ ; miscellaneorum libri novem ; ecclogæ chronologicæ variarum lectionum libri quatuor ; observationum libri tres, &c. Il mourut en 1648, âgé de 54 ans.


Finissons par M. Saurin, (Jacques) ministre protestant de ce siecle. Il avoit d’abord pris le parti des armes, mais il le quitta pour étudier à Genève la Théologie. Il passoit pour le prédicateur le plus éloquent des refugiés françois de Hollande. On créa en sa faveur une place de ministre de la noblesse à la Haye, où il mourut en 1630, à 53 ans. Ses sermons qui forment 11 vol. in 8°. ne sont pas tous également bons. Ses discours sur l’ancien & le nouveau Testament brillent davantage par les planches & la beauté de l’édition, que par le savoir & la solidité des principes. (D. J.)​​","[['43 50\' 25"" N 21 32\' 30"" E']]",,"43 50' 25"" N 21 32' 30"" E","43 50' 25"" N 21 32' 30"" E"
v11-652-0,NIXAPA,"NIXAPA, (Géog.)​ ville des Indes occidentales dans la nouvelle Espagne, avec un riche couvent de Dominicains. On y recueille de la cochenille, de l’indigo, du sucre & du cacao. Elle est bâtie sur le bord d’une riviere, que l’on croit être un des bras de celle d’Alvarado, à 12 lieues de celle d’Antéquéra. Long. 280. 10. lat. 15. 20.","[[""15 20' N 280 10' E""]]",,15 20' N 280 10' E,Long. 280. 10. lat. 15. 20.
v11-655-0,NIZIN,"NIZIN, (Géog.)​ petite ville forte de l’empire russien, aux frontieres du palatinat de Kiovie, sur la rive gauche d’un ruisseau qui sépare ce palatinat du duché de Kzernikow. Long. 50. 20. lat. 51 45. (D. J.)​","[[""51 45' N 50 20' E""]]",,51 45' N 50 20' E,51 45' N 50 20' E
v11-663-2,Nocera,"Nocera, (Géog.)​ petite ville d’Italie au royaume de Naples, dans la Calabre ultérieure, entre Martorano à l’orient, & la mer à l’occident. Long. 34. 40. lat. 39. 15. (D. J.)​","[[""39 15' N 34 40' E""]]",,39 15' N 34 40' E,39 15' N 34 40' E
v11-685-1,Nogent-le-Roi,"Nogent-le-Roi, (Géog.)​ en latin moderne Novigentum-regis ; petite ville de France, dans l’Orléanois, à 5 lieues de Chartres, & à 4 de Dreux. Elle est située dans un vallon où l’Eure commence à porter bateau. Longit. 18. 55. latit. 48. 30.


C’est ici que Philippe de Valois décéda le 23 Août 1350 ; quoiqu’il n’eût que 57 ans, dit Brantome, il mourut vieux & cassé. Il avoit épousé en secondes nôces, Blanche d’Evreux qui étoit dans la fleur de la jeunesse, & la plus belle princesse de son tems ; il l’aima beaucoup ; & elle avança sa carriere en répondant trop à sa passion.


Ce prince eut par engagement du roi de Majorque, les comtés de Roussillon & de Cerdeigne dans les Pyrénées ; il acquit de lui la baronnie de Montpellier en Languedoc ; enfin il paya beaucoup d’argent pour le Dauphiné. Tout cela est assez surprenant dans un regne si malheureux ; mais l’impôt du sel, le haussement des tailles, les infidélités sur les monnoies lui donnerent les moyens de faire ces acquisitions. L’état fut augmenté, mais il fut appauvri ; & si Philippe VI. eut d’abord le surnom de fortuné, son peuple ne put jamais prétendre à ce beau titre ; & lui-même en déchut bien depuis la bataille de Crecy. (D. J.)​","[[""48 30' N 18 55' E""]]",,48 30' N 18 55' E,48 30' N 18 55' E
v11-694-0,NOIRMOUTIER,"NOIRMOUTIER, (Géog.)​ île de l’Océan occidental sur la côte de France, aux extrémités du Poitou & de la Bretagne, vers l’embouchure de la Loire. Cette île s’appelloit autrefois Her ou Herio. S. Philibert s’étant retiré dans cet endroit, y fonda vers l’an 674, un monastere qui fut nommé Hermoutiers, & depuis Noirmoutier, ou par corruption, ou à cause de l’habit noir des moines bénédictins qui l’occupoient. Mais depuis long-tems il n’y a plus de moines noirs dans le prieuré de S. Philibert : ce sont aujourd’hui des moines de Cîteaux.


Cette île a environ trois lieues de long, sept de tour, & une petite ville qui prend le nom de l’île, & qui peut contenir deux mille habitans. Long. 15. 24. lat. 46. 55. (D. J.)​","[[""46 55' N 15 24' E""]]",,46 55' N 15 24' E,46 55' N 15 24' E
v11-700-0,NOLI,"NOLI, (Géog.)​ ville d’Italie dans l’état & sur la côte de Gènes avec un évêché suffragant de Gènes, & un assez bon port, à 2 lieues N. E. de Final, 12 S. O. de Gènes. Long. 25. 59. lat. 44. 18. (D. J.)​","[[""44 18' N 25 59' E""]]",,44 18' N 25 59' E,44 18' N 25 59' E
v11-739-0,NONANCOURT,"NONANCOURT, (Géog.)​ en latin du moyen âge Nonanticuria ; petite ville de France en Normandie, au diocese d’Evreux, sur la riviere d’Aure, avec titre de vicomté, & un bailliage. Long. 18. 45. lat. 48. 44. (D. J.)​","[[""48 44' N 18 45' E""]]",,48 44' N 18 45' E,48 44' N 18 45' E
v11-765-0,"NORCIA, ou NORSIA, ou NURSIA","NORCIA, ou NORSIA, ou NURSIA, (Géog.)​ petite ville d’Italie, dans l’Ombrie, au duché de Spolete, autrefois épiscopale. Quoique sujette au pape, son gouvernement est en forme de république. Elle élit quatre magistrats qui-ne doivent savoir ni lire ni écrire. On voit qu’il ne tiendroit pas à cette bicoque de ramener la barbarie au sein de l’Italie. La situation de Norcia est entre des montagnes, à 8 lieues S. E. de Spolete, 11 lieues N. E. de Narni. Long. 30. 46. lat. 42. 37.


Saint Benoît naquit dans cette ville, ou dans son territoire, vers l’an 480. Il est bien connu pour avoir été l’instituteur d’un ordre de son nom, qui s’est répandu en peu de tems dans toute l’Europe, a acquis des richesses immenses, & a donné de savans hommes à l’Eglise. Il mourut au Mont-Cassin vers l’an 543, après y avoir jetté les fondemens d’un célebre monastere. Voyez Mont-Cassin.


Mais Nurcia est autrement fameuse dans l’histoire, pour avoir donné la naissance à un des plus grands capitaines romains, à Quintus Sertorius. Après s’être distingué dans le barreau par son éloquence, il accompagna Marius dans les Gaules, & le suivit à Rome ; ensuite au retour de Sylla il porta la guere en Espagne, & par sa valeur se rendit maître d’une partie de ces grandes provinces, qui servit depuis d’asyle & de retraite à ceux qui se déclarerent en sa faveur : il s’y soutint contre Metellus, le jeune Pompée, & tous les autres généraux qu’on lui opposa. Sa haute réputation passa jusqu’en Asie. Mithridate lui offrit des sommes considérables pour fournir aux frais de la guerre, avec une flotte qui seroit à ses ordres, pourvû seulement qu’il lui permît de recouvrer ses provinces ; mais Sertorius rempli de sentimens héroïques, protesta qu’il n’entendroit jamais à aucun traité, qui blesseroit la gloire ou les intérêts de sa patrie. Ce grand homme, qui avoit échappé à tous les périls de la guerre, périt peu de tems après, en 680, par la perfidie des Romains de son parti. Parpenna l’assassina dans un festin. Le nom de ce héros a fourni à Corneille sa belle tragédie de Sertorius. (D. J.)​","[[""42 37' N 30 46' E""]]",,42 37' N 30 46' E,42 37' N 30 46' E
v11-773-0,NORDSTRAND ou NOORSTRAND,"NORDSTRAND ou NOORSTRAND, (Géog.)​ Ile du royaume de Danemark, dans le duché de Sleswig, sur la côte occidentale, vis-à-vis les préfectures de Fleusbourg & de Husum : elle a été affligée en différens tems par de funestes inondations, qui l’ont peu-à-peu diminuée, & l’ont enfin submergée en 1634, a quelques endroits près. Elle étoit peuplée d’environ huit mille habitans, & plus de six mille personnes furent noyées dans ce désastre. Long. 26. 40. lat. 64. 36. (D. J.)​","[[""64 36' N 26 40' E""]]",,64 36' N 26 40' E,64 36' N 26 40' E
v11-785-0,NORTHEIM,"NORTHEIM, (Géog.)​ ville d’Allemagne, au duché de Brunswick-Lunebourg. Elle a reçu son nom des comtes de Northeim, du domaine desquels elle a autrefois fait partie. La religion protestante s’éta-​blit dans cette ville l’an 1539. Elle est située entre les rivieres de Rhume & de Leina. Long. 27. 45. lat. 51. 42. (D. J.)​","[[""51 42' N 27 45' E""]]",,51 42' N 27 45' E,51 42' N 27 45' E
v11-808-0,NOTO,"NOTO, (Géog.)​ ville de Sicile dans la partie méridionale de l’île, vers la source d’une petite riviere de même nom. C’est l’ancienne Neetum. Elle est située dans les terres, sur une petite montagne assez escarpée, à 9 milles E. de Modica, à 8 O. de la mer de Sicile, & à 15 N. du cap de Passaro. Long. 32. 45. lat. 36. 50.","[[""36 50' N 32 45' E""]]",,36 50' N 32 45' E,36 50' N 32 45' E
v11-820-0,NOVARE ou NOVARA,"NOVARE ou NOVARA, (Géog.)​ ancienne & forte ville d’Italie, au duché de Milan, capitale du Novarese, avec un évêché suffragant de Milan. C’est une des principales forteresses du Milanez. Les anciens l’ont nommée Novaria, comme le prouve une inscription qui se conserve à Rome. Elle demeura long-tems sous la puissance des ducs de Milan ; ensuite elle fut possédée successivement par les de la Torré, par les Visconti, par les Sforce & par les ducs de Parme. Elle est sur une colline, à 5 lieues N. E. de Verceil, 8 N. E. de Casal, 100 de Milan. Long. 26. 10. lat. 45. 25.


M. Fleuri dit que Pierre Lombard, appellé autrement le Maitre des sentences, étoit né près de Novare. Il fut évêque de Paris en 1160, & mourut en 1164, comme le porte son épitaphe. Son ouvrage des sentences est la source de la théologie scholastique, qui a fait tant de mal dans l’église latine.


Torniel (Augustin), de l’ordre des Barnabites, dont il devint général, naquit aussi près de Novare en 1543, & mourut à Milan en 1622, âgé de soixante-dix-neuf ans. On a de lui : annales sacri & profani ab orbe condito ad mortem JesusChristi. Mediol. 1610. in-fol. 2 vol. Francof. 1611. & Antuerp. 1620. edit. opt. C’est un ouvrage médiocre & qui n’est plus recherché, malgré l’éloge magnifique qu’en fait M. Dupin. (D. J.)​","[[""45 25' N 26 10' E""]]",,45 25' N 26 10' E,45 25' N 26 10' E
v11-846-0,NOVI,"NOVI, (Géog.)​ petite ville d’Italie dans l’état de Genes, à 12 lieues au N. O. de Gènes, & à 5 au S. O. de Tortone. Long. 26. 23. lat. 44. 45.","[[""44 45' N 26 23' E""]]",,44 45' N 26 23' E,44 45' N 26 23' E
v11-847-0,"NOVI-BASAR, ou Jéni-Basar","NOVI-BASAR, (Géog.)​ ou Jéni-Basar ; petite ville de la Turquie européenne dans la Servie, aux frontieres de l’Herzegovine, sur la riviere de Rasca, à 29 lieues O. de Nissa, 41 S. de Belgrade. Long. 38. 59. lat. 43. 25. (D. J.)​","[[""43 25' N 38 59' E""]]",,43 25' N 38 59' E,43 25' N 38 59' E
v11-857-2,Novogrod-Serpskoi,"Novogrod-Serpskoi, (Géog.)​ ou Novoserpskoi, ville de l’empire Russien, capitale de la province de même nom, dans le duché de Severie sur le Dubica, à 50 lieues N. E. de Kiovie. Long. 51. 45. lat. 52. 80.","[[""52 80' N 51 45' E""]]",,52 80' N 51 45' E,52 80' N 51 45' E
v11-941-0,NUR,"NUR, (Géog.)​ ville d’Asie dans le Zagatai, entre Samarcande & Bacare, presque à égale distance des deux villes. Long 85. 30. lat. 38. 25. (D. J.)​","[[""38 25' N 85 30' E""]]",,38 25' N 85 30' E,38 25' N 85 30' E
v11-945-0,NUSCO,"NUSCO, (Géog.)​ petit ville d’Italie au royaume de Naples, dans la principauté ultérieure, au pié d’une montagne, à 6 lieues au S. E. de Bénevent,​avec un évêché suffragant de Salerne. Long. 32. 40. lat. 40. 52. (D. J.​","[[""40 52' N 32 40' E""]]",,40 52' N 32 40' E,40 52' N 32 40' E
v12-1023-0,PETER-VARADIN,"PÉTER-VARADIN, (Géog. mod.)​ ou Petri-Varadin, ou Peter-Wardein ; ville forte de la basse-Hongrie, à 16 lieues N. O. de Belgrade, 6 E. d’Illok. Elle ap-​partient à la maison d’Autriche. C’est près de Péter-Varadin que le prince Eugene en 1716 livra bataille au grand visir Ali, favori du sultan Achmet III. & remporta la victoire la plus signalée. Long. 37. 44. lat. 45. 18. (D. J.)​","[[""45 18' N 37 44' E""]]",,45 18' N 37 44' E,45 18' N 37 44' E
v12-1106-0,PFORTZHEIM,"PFORTZHEIM, (Géog. mod.)​ petite ville d’Allemagne, dans la Suabe, au marquisat de Bade-Dourlach, aux frontieres du Craichsgow ; elle est sur la rive d’Entz, à 42 milles est de Dourlach, 8 nord-est de Haguenau, 7 sud-ouest de Heidelberg, 6 sud-est de Spire. Long. 27. 17. lat. 48. 55.


Reuchlin (Jean), l’un des savans hommes en langue latine, grecque, & hébraïque, que l’Allemagne ait produit dans le xvj. siecle, naquit à Pfortzheim. On le connoît aussi sous le nom de Fumée, & de Capnion, parce que reuch en allemand, & καπνίον en grec, signifient fumée. Il s’attira beaucoup d’en-​nemis, pour avoir obtenu de l’empereur qu’on ne brûlât pas les livres des Juifs, où il n’étoit point question de religion. Il donna lui-même plusieurs ouvrages où regnent l’érudition des langues, aussi loin qu’elle avoit été portée jusqu’alors. Il mourut en 1512, à 67 ans. Quelques écrivains lui attribuerent les Litteræ obscurorum virorum, dans lesquelles on tourne plaisamment en ridicule les théologiens scholastiques ; mais ce badinage est de Henri Hutten ; Reuchlin ne possédoit point l’esprit de raillerie ; il étoit toujours grave & sérieux dans ses écrits.","[[""48 55' N 27 17' E""]]",,48 55' N 27 17' E,48 55' N 27 17' E
v12-1216-0,PHILADELPHIE,"PHILADELPHIE, (Géog. anc. & mod.)​ Philadelphia, ou Philadelphea, ville de l’Asie mineure, à 27 milles de Sardes vers le sud-est, au pié du Tmolus, d’où la vue est très-belle sur la plaine : elle tiroit son nom d’Attalus philadelphe, frere d’Euménes son fondateur. Les habitans s’appelloient philadelphei & philadelphini. Cette ville fut célèbre entr’autres par des jeux publics, & Georges Wheler rapporte une inscription, où entr’autres choses on y lit : ΚΟΙΝΑ ΑϹΙΑϹ ΕΝ ΦΙΛΑΔΕΛΦΕΙΑ, c’est-à-dire les fêtes communes de l’Asie à Piladelphie, ou l’assemblée solemnelle pour les jeux de l’Asie à Philadelphie.


Philadelphie a été dans le premier siecle un siege épiscopal. Les grecs modernes conservent l’ancien nom de Philadelphie, & les Turcs l’appellent Allahscheyr, comme pour dire, la ville de Dieu : lorsqu’ils vinrent pour s’emparer du pays, les habitans se défendirent vigoureusement ; mais les Turcs, pour leur donner de la terreur, s’aviserent de faire un retranchement par une muraille toute d’os de morts liés ensemble avec de la chaux ; les habitans se rendirent en faisant une capitulation plus douce que celle de leurs voisins. On leur laissa quatre églises qu’ils ont encore ; savoir, Panagia, S. George, S. Théodore & S. Taxiarque, qui est le même que S. Michel. Il y a dans Philadelphie cinq à six mille habitans, entre lesquels on peut compter mille chrétiens. Long. 47. latit. 38. 6.


Il y a eu une ville de Cilicie, & une ville d’Egypte, qui ont porté le nom de Philadelphie. (D. J.)​","[[""38 6' N 47 E""]]",,38 6' N 47 E,38 6' N 47 E
v12-131-0,"PASSARVANT, ou PASSAROEVAN","PASSARVANT, ou PASSAROEVAN, (Géogr. mod.)​ ville des Indes, dans l’île de Java. Long. 134. 30. lat. mérid. 7. 30.","[[""7 30' S 134 30' E""]]",,7 30' S 134 30' E,7 30' S 134 30' E
v12-1462-0,PIETRA-SANTA,"PIETRA-SANTA, (Géog. anc.)​ petite ville d’Italie, dans la Toscane, entre l’état de la république de Lucques, & la principauté de Massa. Magin croit que c’est l’ancien endroit appellé Lucus Ferontæ. Long. 27. 55. latit. 44. 5. (D. J.)​","[[""44 5' N 27 55' E""]]",,44 5' N 27 55' E,44 5' N 27 55' E
v12-1557-0,PINHEL,"PINHEL, (Géog. mod.)​ petite ville de Portugal, dans la province de Tra los-montes, capitale d’une comarea, au confluent de la Coa, & de Rio-Pinhel, à 12 lieues au nord de Guarda, 30 Est de Salamanque : elle jouit de grands privileges, & les écrivains portugais prétendent, sans aucune preuve, qu’elle a été bâtie par les anciens Turdules. Long. 11. 18. lat. 40. 41. (D. J.)​","[[""40 41' N 11 18' E""]]",,40 41' N 11 18' E,40 41' N 11 18' E
v12-1571-0,PIOMBINO,"PIOMBINO, (Géog. mod.)​ petite ville d’Italie, sur la côte de Toscane, capitale d’une petite contrée de même nom, qui est entre le Siennois & le Pisan. Ses princes particuliers sont sous la protection du roi de Naples, lequel a droit de mettre garnison dans la forteresse de Piombino. On croit que c’est la Populonia des anciens, c’est-à-dire, la petite Populonia ; car la grande étoit à 3 milles à Porto-Barato. Cette ville est sur la mer à 6 lieues sud-est de Livourne, 24 sud-ouest de Florence, & 16 sud-ouest de Sienne. Long. 28. 16. latit. 42. 56. (D. J.)​","[[""42 56' N 28 16' E""]]",,42 56' N 28 16' E,42 56' N 28 16' E
v12-1581-0,PIPELY,"PIPELY, (Géog. mod.)​ petite ville des Indes, non murée, au royaume de Bengale, dans une plaine,​sur la riviere de Pipely, à quatre lieues au-dessus de son embouchure. Long. 106. 20. lat. 21. 40.","[[""21 40' N 106 20' E""]]",,21 40' N 106 20' E,21 40' N 106 20' E
v12-1708-0,PIZZIGHITONE,"PIZZIGHITONE, (Géog. mod.)​ petite ville d’Italie dans le Crémonois, avec un château vers les confins du Crémasque, sur la petite riviere de Serio qui se jette un peu au-dessous dans l’Adda. Elle fut prise sur l’empereur par les troupes alliées de France & de Sardaigne en 1733 ; mais on la rendit par le traité de paix. Cette place est à 5 lieues au nord-ouest de Crémone, à 8 sud-ouest de Milan, & à 6 sud-est de Lodi. Long. 27.16. lat. 45.12.","[[""45 12' N 27 16' E""]]",,45 12' N 27 16' E,45 12' N 27 16' E
v12-1751-0,PLAISANCE,"PLAISANCE, (Géog. mod.)​ Les Latins l’appelloient Placentia ; ceux du pays la nomment Piacenza ; & on prétend qu’elle tire le nom de Plaisance de son agréable situation dans un pays tout charmant. Ville d’Italie, capitale du duché de même nom, au confluent du Pô & de la Trebia, à 12 lieues nord-ouest de Parme, à 15 sud-est de Milan, à 20 au couchant de Mantoue, & à 30 est de Turin.


Ses rues sont droites & spacieuses ; la grande place est ornée de palais. Ses églises sont belles, & sur-tout celle de S. Sixte. Son évêché est suffragant de celui de Bologne. On compte dans cette ville environ 25 mille habitans, dont un dixieme est d’ecclésiastiques. Elle a subi les mêmes révolutions que Parme dans les différentes guerres d’Italie. Long. 27. 16′. lat. 45. 6′.


Ceux qui seront curieux de l’histoire de cette ville, peuvent parcourir les memorie storiche di Piacenza, par M. Poggiali, à Plaisance en 1761 : on en a déja 9 volumes. C’est un ouvrage prodigieusement prolixe, car le neuvieme volume ne finit qu’à l’année 1559, & le moindre petit livre suffiroit pour tracer complettement l’histoire de cette ville ; mais elle a produit dans les lettres un homme trop célebre par ses écrits & par sa mort tragique, pour oublier son nom ; c’est (Ferrante) Pallavicino, l’un des beaux esprits d’Italie au xvij. siecle, & de l’illustre maison de Pallavicini.


On conjecture qu’il naquit vers l’année 1615 : moins par inclination que par des raisons de famille, il entra dans la congrégation des chanoines réguliers de Latran ; il s’établit ensuite à Venise, d’où il fit un voyage en Allemagne. De retour en Italie, il écrivit une violente satyre contre le pape Urbain VIII. & contre la famille des Barberins, ce qui fut la triste cause de sa perte. Les Barberins extrèmement irrités, & ne voyant point de jour à se venger de lui dans un asyle aussi avantageux que Venise, résolurent de l’en tirer par trahison ; ils gagnerent un françois nommé Charles de Breche, fils d’un libraire de Paris. Ce françois lui conseilla de venir en France ; le malheureux Ferrante goûta le conseil du fourbe ; & en passant sur le pont de Sorgues, dans le comtat Venaissin, des gens apostés l’arrêterent & le conduisirent à Avignon, où il eut la tête tranchée le 5 Mars 1644. Ses amis vengerent sa mort ; & le traître qui l’avoit livré, ne jouit pas long-tems du fruit de sa perfidie : le cardinal Mazarin le fit assassiner par un nommé Ganducci, italien, dans une hôtellerie de la place Maubert.


Brussoni a donné la vie de Palavicino ; cette vie, avec les œuvres permises de cet écrivain, ont été imprimées à Venise en 1655, en quatre petits volumes in-douze. Les défendues l’ont été in Villa-franca, c’est à-dire à Geneve en 1660, en deux volumes in douze, & puis en Hollande en 1666 & en 1673, in-douze, sous la même inscription d’in Villa-franca, & sous le titre d’Opere scelte di Ferrante Pallavicino, civè, la pudicitia schernita, la rettorica delle puttane, il divortio celeste, il corriero svalligiato, la buccinata, dialogo tradue soldati del duca di Parma, la disgracia del conte d’Olivarez, la rete di Vulcano, l’Anima, Vigilia I. & II :​di novo ristampato, corretto, & agiuntovi la vita del autore, è la continuazione del corriero.


On lui attribue presqu’universellement le divorzzio celeste compris dans ce recueil ; & je ne sache que Girolamo Brussoni & M. de la Monnoie qui soutiennent le contraire.


Cet ouvrage plein de feu, d’esprit & d’imagination, fut imprimé in Villa-franca en 1643, in-douze ; il devoit être divisé en trois livres, dont il n’y a eu que le premier de la main de Pallavicino. On y suppose que Jesus-Christ, poussé à bout par les dissolutions de l’église romaine son épouse, avec plusieurs papes, & particulierement avec Urbain VIII. se résout à faire divorce avec elle ; que le Pere éternel envoie S. Paul sur terre pour y faire les informations nécessaires ; que cet apôtre se transporte à Lucques, à Parme, à Florence, à Venise & à Rome, où il est épouvanté des débordemens horribles qu’il y voit commettre ; que découvert à Rome par un possédé qu’on exorcisoit, & par conséquent obligé de s’enfuir, il oublie son épée, dont le pape s’empare, avec menaces d’en exterminer tous ses ennemis (& voilà le trait imputé par tant d’auteurs au furieux Jules II. assez ingénieusement employé) ; enfin, que sur ses informations le Pere éternel accorde le divorce demandé par Jesus-Christ.


Le second livre devoit traiter des bâtards de l’église romaine, & le troisieme du concours des autres églises pour les secondes noces de Jesus-Christ. On a depuis rempli ce dessein, en ajoutant deux nouveaux volumes au premier, & en les faisant imprimer tous trois à Genève en 1679. On assure que c’est Gregorio Leti qui a fait cette continuation.


Le premier de ces livres a été traduit en diverses langues : il y en a deux traductions françoises ; l’une dont on ignore l’auteur, & qui est intitulée le Céleste divorce, ou la séparation de Jesus-Christ d’avec l’église romaine son épouse, à cause de ses dissolutions, a été imprimée en 1644, in-douze : l’autre qui est de la façon de M. Brodeau d’Oiseville, conseiller au parlement de Metz, est intitulée le Divorce céleste, causé par les désordres & les dissolutions de l’épouse romaine, & dédié à la simplicité des chrétiens scrupuleux, avec la vie de l’auteur, & imprimée à Cologne, ou plûtôt à Amsterdam chez Roger & de Lorme, & 1696, in-douze. La traduction angloise est intitulée, Christ divorced, from the curch of Rome, because of her lewdnesss, & imprimée à Londres en 1679, in-8°.


L’Anima di Ferrante Pallavicino, qu’on a mise aussi dans ce recueil, est un petit ouvrage qui fut fait à l’occasion de sa mort, & où la cour de Rome est encore moins ménagée que dans ses écrits ; il fut imprimé in Villa-franca en 1643 in-douze, sous le nom de Giorgio Fallardi ; mais on l’attribue à Jean François Loredano.


On en promettoit six parties, dont on en destinoit une contre les Jésuites, mais on n’en a donné que deux alors, encore la derniere n’a-t-elle presque aucun rapport avec le Pallavicino. Fort long-tems après, quelqu’un s’avisa d’y ajouter les quatre autres parties que l’auteur avoit promises.


La troisieme est intitulée l’infamia de’Giesuiti ; la quatrieme, l’atheismo di Roma ; la cinquieme, il Fravio delle stelle altiere regnanti nel Vaticano ; & la sixieme, l’ignoranza superba. Elles ont été imprimées, conjointement avec les deux premieres, in Colonia, appresso Lodovico Feivaldo, en 1675, en deux volumes in-douze.


Le corriero sualigiato, ou courrier dévalisé de Pallavicino ; & sa buccinata per le api barberini, ou la trompette pour rassembler les abeilles barberines, furent les causes de sa perte : c’est un malheur qu’un homme qui avoit beaucoup d’esprit, en ait fait un si mauvais usage. Plongé dans la volupté, & avide​ de gloire, le feu de sa jeunesse le précipita dans toutes sortes de fautes ; il composa des ouvrages indignes de sa naissance & de sa profession, & prouva de plus par sa conduite cette grande vérité.



E che a’voli troppo alti e repentini,
Sogliono i precipizzi esser vicini.


Valla (Laurent), l’un des plus savans hommes de son tems, avoit précédé de deux siecles Pallavicino, car il naquit à Plaisance en 1415, & fut l’un de ceux qui s’opposerent le plus heureusement à la barbarie dont Rome avoit été infectée par les Goths. Il contribua beaucoup à renouveller en Italie la beauté de la langue latine, & mourut à Rome en 1458, âgé de 43 ans. Ses traductions de Thucydide, d’Hérodote & d’Homere, prouvent qu’il n’étoit pas profondément versé dans la langue grecque ; mais ses six livres des élégances de la langue latine, sont fort estimés.


Le pape Grégoire X. étoit natif de Plaisance. Il tint environ 5 ans le siége pontifical, & mourut à Arrezo en 1276. C’est lui qui ordonna le premier qu’après la mort du pape les cardinaux seroient renfermés dans un conclave, & n’en sortiroient point qu’ils n’eussent élu un souverain pontife, afin de ne pas laisser le siége aussi long-tems vacant qu’il l’avoit été après la mort de son prédécesseur. (Le chevalier de Jaucourt.)​","[[""45 6' N 27 16' E""]]",,45 6' N 27 16' E,45 6' N 27 16' E
v12-1751-1,Plaisance,"Plaisance, (Géog. mod.)​ baie & port de l’Amérique septentrionale, sur la côte méridionale de l’île de Terre-neuve. La baie a 18 lieues de profondeur ; le port, un des plus beaux de l’Amérique, peut contenir plus de cent vaisseaux à couvert de tous les vents. La France l’a cédé à l’Angleterre par le traité d’Utrecht. Long. 325. 40′. Latit. 47. 42′. (D. J.)​","[[""47 42' N 325 40' E""]]",,47 42' N 325 40' E,47 42' N 325 40' O
v12-1834-1,Plaven,"Plaven, (Géog. mod.)​ ville d’Allemagne, dans l’électorat de Saxe, au Voigtland, sur l’Estert, à un mille d’Olsnitz, & à 26 au sud-est de Dresde. C’est une des plus considérables de celles qui appartiennent à l’électeur dans le Voigtland. Long. 29. 55. lat. 50. 28.


Je connois deux théologiens nés à Plaven, en Voig-​tland : le premier est Pezelius (Christophe), mort à Bremen en 1604, à 65 ans. Il a publié un commentaire latin sur la genèse, & des ouvrages polémiques, qui sont tombés dans l’oubli.


L’autre théologien dont je veux parler est Frantzius (Wolfgang). Il mourut professeur en théologie à Wittemberg en 1628, âgé de 64 ans. Il publia grand nombre d’écrits concernant des controverses théologiques, mais il fit un livre plus recherché, c’est son Historia sacra animalium, imprimée plusieurs fois en Allemagne. (D. J.)​","[[""50 28' N 29 55' E""]]",,50 28' N 29 55' E,50 28' N 29 55' E
v12-1940-3,"Plume, la","Plume, la, (Géog. mod.)​ petite ville de France dans le bas Armagnac, avec une justice royale. Long. 18. 10′. lat. 44. 8.","[[""44 8' N 18 10' E""]]",,44 8' N 18 10' E,44 8' N 18 10' E
v12-2084-0,POLICANDRO,"POLICANDRO, (Géog. mod.)​ île de l’Archipel, & l’une des Cyclades, à l’orient de l’île de Milo, à​ l’occident de celle de Siquino, & au midi de celle de Paros & d’Antiparos.


Il y a beaucoup d’apparence que Policandro est l’île nommée Pholégandros par Strabon & par Pline : outre la ressemblance des noms, le premier de ces auteurs marque précisément que navigeant d’Ios vers le couchant, on rencontre Sicenos, Lagusa, & Pholegandros. Ce qu’Aratus dit de Pholegandros, dans Stiabon, convient bien à Policandro, savoir qu’on l’appelloit une de de fer, car elle est toute hérissée de rochers ; Etienne le géographe, qui cite le même passage d’Aratus, assure qu’elle a pris son nom de Pholegandros, l’un des fils de Minos.


Cette île n’a point de port : le bourg qui en est à trois milles du côté du nord-est, assez près d’un rocher effroyable, n’a d’autres murailles que celles qui forment le derriere des maisons, & contient environ cent familles du rite grec, lesquelles en 1700, payerent pour la capitation & pour la taille réelle 1000 écus.


Quoique cette ile soit pierreuse, seche, pelée, on y recueille assez de blé & assez de vin pour l’usage des habitans. Ils manquent d’huile, & l’on y sale toutes les olives pour les jours maigres. Le pays est couvert du tithymale, arbrisseau que l’on y brûle faute de meilleur bois. L’île d’ailleurs est assez pauvre, & l’on n’y commerce qu’en toiles de coton : la douzaine de serviettes n’y vaut qu’un écu ; mais elles n’ont guere plus d’un pié en quarré : pour le même prix on en donne huit qui sont un peu plus grandes, & bordées de deux côtés d’un passement.


Cette île ne manque pas de papas & de chapelles ; celle de la Vierge est assez jolie, située sur la grande roche, tout près des ruines de Castro, vieux château des ducs de Naxie, bâti sans doute sur les ruines de l’ancienne ville, laquelle portoit le nom de Philocandros, suivant Ptolomée. Il reste dans cette chapelle quelques morceaux de colonnes de marbre. Pour la statue ancienne dont parle M. Thevenot, on nous assura, dit Tournefort, qu’elle avoit été sciée, & employée à des montans de porte : on y découvrit, dans le dernier siecle, le pié d’une figure de bronze, que l’on fondit pour faire des chandeliers à l’usage de la chapelle. Au reste, cette île paroît assez gaie dans sa secheresse. Il y a un consul de France, qui fait aussi les fonctions d’administrateur & de vaivode. Il y a encore dans cette effroyable roche, dont on vient de parler, une fort belle grotte. Long. du bourg de l’île, 33. lat. 46. 35.","[[""46 35' N 33 E""]]",,46 35' N 33 E,46 35' N 33 E
v12-2119-0,POLOCZKI ou POLOCZK,"POLOCZKI ou POLOCZK, (Géog. mod.)​ ville du grand duché de Lithuanie, capitale du palatinat de même nom, au confluent de la Dwine & de la Polotta, à 30 lieues au levant de Braslaw, à 20 sud-ouest de Witepsk, à 50 milles au nord oriental de Vilna, avec deux châteaux. Les Moscovites s’en emparerent en 1563. Les Polonois la reprirent en 1579. Long. 47. 28. lat. 35. 32.","[[""35 32' N 47 28' E""]]",,35 32' N 47 28' E,35 32' N 47 28' E
v12-217-0,PATAY,"PATAY, (Géog. mod.)​ petite ville ruinée de France, dans la Beauce, au diocèse de Chartres, élection de Châteaudun. Les Anglois y furent défaits en 1429, & Talbot prisonnier. Long. 19. 18. lat. 48. 5. (D. J.)​","[[""48 5' N 19 18' E""]]",,48 5' N 19 18' E,48 5' N 19 18' E
v12-311-2,"Paul trois chateaux, saint","Paul trois chateaux, saint (Géog. mod.) petite ville de France au bas-Dauphine, capitale du Tricastinois, avec un évêché suffragant d'Arles, dont S. Sulpice fut le premier évêque. Elle est situee au penchant d'une colline sur les frontieres de la Provence, à une lieue du Rhône, 5 S. E. de Viviers, 7 S. de Montelimar, 135 de Paris. Longit. suivant Cassini 22. 30'. 30"". lat. 44. 20. (D. J.)","[['44 20\' N 22 30\' 30"" E']]",,"44 20' N 22 30' 30"" E","44 20' N 22 30' 30"" E"
v12-330-0,PAVOASAN,"PAVOASAN, (Géog. mod.)​ petite ville d’Afrique, dans l’île de S. Thomé, sur le bord de la mer, avec une forteresse, un évêché suffragant de Lisbonne, & un port. Elle est peuplée d’italiens, de françois, d’espagnols & de portugais. Long. 23. 30. lat. mérid. 30. (D. J.)​","[[""30 S 23 30' E""]]",,30 S 23 30' E,30 S 23 30' E
v12-363-0,PAYASSES,"PAYASSES, (Géog. mod.)​ petite ville de Turquie dans la Caramanie, sur le golfe d’Alexandrette, à quatre lieues de cette ville. Long. 55. 6. lat. 35. 30.","[[""35 30' N 55 6' E""]]",,35 30' N 55 6' E,35 30' N 55 6' E
v12-370-0,PAYERNE,"PAYERNE, (Géog. mod.)​ Paterniacus en latin du moyen âge ; petite ville de Suisse au canton de Berne, sur la Broye, dans une belle campagne, chef-lieu d’un gouvernement du même nom. Les Bernois l’enleverent au duc de Savoie en 1536. On lit sur une des portes de Payerne l’inscription suivante : Jovi. O. M. genio loci, fortunæ reduci, Appius Augustus, dedicat. Long. 25. 30. lat. 47. 10. (D. J.)​","[[""47 10' N 25 30' E""]]",,47 10' N 25 30' E,47 10' N 25 30' E
v12-375-0,PAZZY,"PAZZY, (Géog. mod.)​ ville de la Romanie, près de Gallipoli, avec un évêché suffragant d’Héraclée ; elle est sur la mer. Long. 44. 34. lat. 40. 30. (D. J.)​","[[""40 30' N 44 34' E""]]",,40 30' N 44 34' E,40 30' N 44 34' E
v12-449-0,"PÉDRO, (San)","PÉDRO, (san) Géogr. mod. 1°. petite ville d'Espagne dans la vieille Castille, sur l'Arlauza, au-dessous de Lerma vers le levant. 2°. Pédro (san) port de l'Amérique méridionale sur la côte orientale du Brésil, à l'embouchure de Rio grande. Long. 325. lat. mérid. 32. 3°. Pedro (san) ville de l'Amérique septentrionale au gouvernement de Honduras, à 30 lieues de Valladolid, & à 11 du port de Cavallos.",[['32 S 325 E']],,32 S 325 E,32 S 325 O
v12-453-0,PÉER,"PÉER, (Géogr. mod.)​ petite ville de l’évêché de Liége, au comté de Lootz. Long. 23. 10. lat. 51. 8. (D. J.)​","[[""51 8' N 23 10' E""]]",,51 8' N 23 10' E,51 8' N 23 10' E
v12-472-0,PÉGU,"PÉGU, (Géog. mod.)​ ville située au royaume & sur une riviere de même nom, étoit la capitale de l’empire de Pégu, avant qu’il fût tombé sous la puissance du roi d’Aracan. Aujourd’hui ce prince ne tient à Pégu qu’un vice-roi. Presque toutes les maisons de cette ville sont bâties de cannes & de roseaux. Long. 114. 36. lat. 17. (D. J.)​","[[""17 N 114 36' E""]]",,17 N 114 36' E,17 N 114 36' E
v12-589-0,PENDERACHI,"PENDERACHI, (Géog. mod.)​ autrement nommé Eregri ; petite ville de Grece dans la Romanie, avec un archevêque suffragant de Constantinople. Elle est bâtie sur les ruines de l’ancienne ville d’Héraclée, une des plus belles de l’Orient, si même on en juge par ses ruines, & par les vieilles murailles construites de gros quartiers de pierre qui sont encore sur le bord de la mer. Penderachi est près de la mer, à 20 lieues S. O. de Constantinople. Long. 45. 23. lat. 40. 57.","[[""40 57' N 45 23' E""]]",,40 57' N 45 23' E,40 57' N 45 23' E
v12-627-2,Pennon de Vélez,"Pennon de Vélez, (Géog. mod.)​ forteresse d’Afrique, dans un écueil de la Méditerranée, près de la ville de Vélez. Elle fut bâtie en 1508, par Dom Pedre de Navarre ; les Maures la prirent en 1522 ; les Espagnols la reprirent d’assaut en 1664, & depuis ce tems elle leur est demeurée. Long. 13. 20. lat. 35. 25. (D. J.)​","[[""35 25' N 13 20' E""]]",,35 25' N 13 20' E,35 25' N 13 20' E
v12-741-0,PEREASLAW,"PEREASLAW, (Géog. mod.)​ ville de Pologne, au Palatinat de Kiovie, sur le Tribiecz. Les Polonois l’ont cédé à la Russie. Elle est à 10 lieues sud-est de Kiovie. Long. 50. 19. lat. 49. 46. (D. J.)​","[[""49 46' N 50 19' E""]]",,49 46' N 50 19' E,49 46' N 50 19' E
v12-809-0,PERINTHE,"PERINTHE, (Géog. anc.) Perinthus, Perinthos ; ville nommée autrement Héraclée de Thrace, située sur la Propontide selon Ptolomée, lib. III. c. xj. à 54d. & 50'. de long. & à 42d. 20'. de lat. Ce fut cette ville qui résista la premiere aux Perses, & dont la prise facilita à Mécabise, lieutenant de Darius, la conquête du reste de la Thrace. Hérodote rapporte qu'il ne put s'en emparer que par le secours des Péoniens qui l'attaquerent à l'improviste. On sait le plaisant défi que les Périnthiens firent alors aux Péoniens ; ils les appellerent en trois sortes de duels, l'un d'hommes, l'autre de chevaux, & le troisieme de chiens : & comme ils se réjouissoient en chantant l'hymne de la victoire, qu'ils avoient déjà remportée dans le premier & le second desi, les Péoniens profitant du moment favorable où les Périnthiens étoient plongés dans l'ivresse & la sécurité, les taillerent en pieces, & se rendirent maitres de leur capitale. Philippe ayant formé le projet de subjuguer la Grece, ravagea les terres des Périnthiens, & tâcha de s'emparer de leur capitale ; mais les Athéniens sécoururent vivement Périnthe, & Philippe fut obligé d'abandonner cette entreprise. C'est à ce sujet que les Périnthiens firent en faveur des Atheniens leurs bienfaiteurs, un decret des plus honorables, dont Démosthene a donné le détail dans sa harangue pour Ctésiphon. Ce fut un Héraclius, prince de Constantinople, qui changea le nom de cette ville en celui d'Héraclée. Elle est fameuse par son exarque, dont l'évêque de Constantinople relevoit encore sous l'empereur Constantin. Cette prééminence dura jusqu'au premier concile de Constantinople, qui en dépouilla Héraclée, pour attacher tous les honneurs da patriarchat au siege de la nouvelle Rome. Cette ville est encore assez peuplée pour le pays, mais on n'y trouve plus que quelques vestiges de son amphithéâtre si vanté par les anciens ; cependant M. Buanoroti, dans ses observations, supra alcuni Medaglioni Antichi, a rassemblé tout ce que l'histoire & la fable disent de Périnthe ; l'ouvrage est digne du nom de l'auteur : dans la race de Michel-Ange il n'est pas permis d'être un homme médiocre. (D. J.)","[[""42 20' N 54 50' E""]]",,42 20' N 54 50' E,42 20' N 54 50' E
v12-887-0,PÉROUSE,"PÉROUSE, (Géog. mod.)​ en latin Perusia & Perusium, & en italien Perugia, ville d’Italie dans l’état de l’Eglise, capitale du Pérugin.


Elle fut autrefois une des douze principales villes de l’Etrurie ; mais durant les guerres civiles, entre Octave & Marc-Antoine ; ce premier l’ayant prise, la saccagea impitoyablement, en abandonna le pillage à ses troupes, & fit tuer en sa présence les trois cens hommes qui composoient son sénat. Elle se rétablit dans la suite, & soutint un siége de sept ans contre Totila roi des Goths, qui la prit à la fin, la ruina, & passa au fil de l’épée une partie de ses habitans. Les rois de France l’ayant conquise au viij. siecle, la donnerent au saint siége. Enfin elle fut mise dans la désolation durant la guerre des Guelphes & des Gibelins ; mais elle s’est relevée de tous ses malheurs. Elle est aujourd’hui très-propre, assez peuplée, & défendue par une citadelle. Elle étoit épiscopale dès le iij. siecle. L’évêque ne reconnoit que le pape. Elle est située entre le Tibre au levant, & la riviere de Genna au couchant, sur une colline, à 8 milles au nord-est d’Assie, 25 ouest de Nocera. Long. 32. 2. lat. 43. 8.


J’ai oublié de dire que Pérouse est une université, qui même a produit des jurisconsultes célebres dans le xiv. siecle. Balde, disciple de Bartole, fut du nombre. Une de ses réparties lui valut la chaire de Pa-​vie. Il étoit de petite taille, de sorte que quand on le vit arriver dans l’auditoire, on s’ecria, minuit præsentia famam. Il répondit, sans se décontenancer, augebit cætera virtus ; sur quoi Pauzirole ajoute, quo dicto omnibus sui admirationem injecit. Balde gagna beaucoup de bien par ses consultations, & composa quantité de livres, donnant tout son tems à l’étude. « Chaque pas que fait mon cheval, disoit-il un jour en voyageant, sont autant de lois qui sortent de ma mémoire » : bonne preuve qu’il avoit acquis, & qu’il conservoit son savoir à force de lire.


Mais ce sont les Dante de la famille des Rainaldi, qui ont sur-tout illustré de bonne-heure l’université de Pérouse ; c’étoit des gens en qui les talens semblent avoir été un héritage dans l’un & l’autre sexe.


Dante (Pierre Vincent) entendit les belles-lettres, les mathématiques, l’architecture, & composoit de si beaux vers à l’imitation de Dante florentin, que l’on jugea qu’il faisoit revivre en quelque façon la sublimité de ce grand génie. On lui donna même le surnom de Dante, qui est resté à sa famille. Il mourut fort âge en 1512, laissant un fils & une fille qui se distinguerent. Ce fils, nommé Julius, fit un livre de alluvione Tyberis, & des notes in ornamenta Architecturæ. Il mourut l’an 1575. Théodore Dante, sa sœur, mérita un rang parmi les mathématiciens du tems. Elle composa des livres sur cette science, & l’enseigna à Ignace son neveu dont je vais parler.


Dante (Ignace) se fit moine jacobin, mais moine jacobin savant dans les Mathématiques. Il fut appellé à Florence par la grand duc Cosme I, & ensuite à Rome par Grégoire XIII. qui lui donna l’évêché d’Alatri. Il publia quelques livres à Florence, & entre autres un traité de la construction & de l’usage de l’astrolabe. Il mourut en 1586.


Dante (Vincent), fils de Jule, petit-fils de Pierre Vincent, & neveu de la docte Théodora, suivit aussi les études de sa famille, & devint bon architecte & bon mathématicien. Il fut de plus très-versé dans la peinture & dans la sculpture. On a de lui en italien la vie de ceux qui ont excellé dans le dessein des statues. Il mourut à Pérouse l’an 1596, à l’âge de 46 ans.


Dante (Jean-Baptiste), né à Pérouse dans le xv. siecle, étoit encore vraisemblablement de la même famille. On dit qu’il se fit des aîles dont il se servit pour voler, & qu’en en faisant l’expérience dans le tems d’une grande fête, il eut le sort de Dédale, tomba en volant sur une église de la ville, & se cassa une cuisse. Il ne mourut pas de cette chute, mais de maladie avant l’âge de 40 ans.


Lancelot (Jean-Paul), florissoit dans le droit à Pérouse sa patrie, vers le milieu du xvj. siecle, & mourut dans cette ville en 1591, âgé de 80 ans. Il a mis au jour plusieurs livres de droit, & entr’autres des institutes du droit canon, réimprimées en France avec des notes de M. Doujat. (D. J.)​","[[""43 8' N 32 2' E""]]",,43 8' N 32 2' E,43 8' N 32 2' E
v12-950-0,PERTH,"PERTH, (Géog. mod.)​ ville d’Ecosse, capitale du comté du même nom, sur la riviere de Tay, à 10 lieues N. E. d’Edimbourg, 119 N. par O. de Londres. Long. 14. 35. lat. 50. 40. (D. J.)​","[[""50 40' N 14 35' E""]]",,50 40' N 14 35' E,50 40' N 14 35' E
v12-973-0,PESCARA,"PESCARA, (Géog. mod.)​ ville d’Italie, au royaume de Naples, dans l’Abruzze citérieure ; elle est à l’embouchure d’une riviere de même nom (l’Aternus des anciens) qui prend sa source dans l’Apennin, & se jette dans la mer Adriatique, à six milles de Chieti, 8 au levant de Citta di Penna, 12 SE. d’Atri, 112 N. E. de Naples. Long. 31. 53. latit. 42. 20. (D. J.)​.","[[""42 20' N 31 53' E""]]",,42 20' N 31 53' E,42 20' N 31 53' E
v13-101-0,"PONT-FRAET, ou PONT-FRET, ou PONTFRACT","PONT-FRAET, ou PONT-FRET, ou PONTFRACT, (Géogr. mod.)​ ville à marché d’Angleterre dans l’York-Shire, sur l’Are, à 60 lieues au nord-ouest de Londres. Son nom lui vient à ce que l’on prétend, d’un pont de bois qui se rompit dans le tems du passage de Guillaume, archevêque d’Yorck, neveu d’Etienne, roi d’Angleterre. Il y avoit autrefois dans cette ville un château, où Richard II. fut assassiné ; ce château a été détruit dans les guerres civiles sous le regne de Charles I. Pont-Fraet envoie deux députés au parlement d’Angleterre. Longit. 13. 12. lat. 53. 37.


Bramhall, (Jean) primat d’Irlande, naquit dans cette ville en 1593. Il fit recevoir à Dublin les 39 articles de la confession de foi de l’église anglicane ; mais en même tems (& c’est un trait à sa gloire) il distingua toujours les articles de paix des articles de foi. Ses ouvrages ont été imprimés in-folio, & sa vie a été mise à la tête.


C’est à Pont-Fraet que Richard II. finit ses jours en 1400 à 33 ans. Ce prince monta sur le trône en 1377, à l’âge de 11 ans, & ne suivit malheureusement ni les traces du fameux prince de Galles son pere, ni celles d’Edouard III. son ayeul. Il ne pensa qu’aux plaisirs, n’écouta que des flateurs, & se jetta dans des dépenses excessives, qu’il voulut soutenir par toutes sortes de voies ; ce furent là les causes de sa ruine. On lui reproche justement la mort du comte d’Arundel, du comte de Warwick, du duc de Glocester son oncle. Dès que les mécontens irrités se virent assez forts pour le détrôner, ils appellerent à leur tête le duc de Lancastre, qui surprit Richard dans un château où il s’étoit réfugié, & l’obligea de résigner sa couronne. Le parlement accepta cette démission, & nomma roi le duc de Lancastre. Richard fut enfermé dans la tour de Londres, & bientôt après conduit à Pont-Fraet, où il mourut d’une mort violente, dont le peuple crut que le duc de Lancastre son successeur n’étoit pas innocent. (D. J.)​","[[""53 37' N 13 12' E""]]",,53 37' N 13 12' E,53 37' N 13 12' E
v13-1124-1,Provins,"Provins, (Géog. mod.)​ ville de France dans la Brie champenoise, sur la petite riviere de Vouzie, à 2 lieues de la Seine, à 12 au sud-est de Meaux, & à 20 au sud-est de Paris.


Son nom latin du moyen âge est Pruvinum, Provinum ou Provignum castrum. Elle étoit connue du tems de Charlemagne, car il en fait mention dans les anciennes chroniques, & dans les vieux cartulaires. Les comtes de l’ancienne maison de Vermandois, de Blois & de Chartres l’ont possédé pendant long-tems, après quoi elle a été réunie à la couronne. Les comtes de Champagne y firent long-tems leur séjour dans un palais qu’ils y bâtirent à ce dessein. C’est dans ce palais que Thibaud IV. du nom, comte de Champagne & de Brie, fit écrire avec le pinceau les chansons qu’il avoit composées pour la reine blanche, mere de saint Louis.


Cette ville est aujourd’hui composée de quatre paroisses ; il y a une abbaye de chanoines réguliers, quatre communautés d’hommes, & quatre communautés de filles. Son présidial est de la premiere création des présidiaux, & l’on y juge conformément à la coutume de Meaux.


Le seul commerce de l’élection, dont cette ville est le siege, consiste en blés qu’on transporte à Paris par la Seine. Elle avoit anciennement une manufacture de draps qui s’est anéantie. Longit. 20. 56. latit. 48. 34.


Guiot, moine bénédictin, né à Provins au commencement du xij. siecle, est auteur d’un roman appellé la Bible-Guiot, qui n’a jamais été imprimée, mais dont on a des manuscrits. L’auteur nomma ce roman bible, parce qu’il disoit que son livre ne contenoit que des vérités ; ce livre si vrai est une sanglante satyre, dans laquelle le moine Guiot censure les vices de tout le monde, sans épargner les grands & les princes plus que les petites gens.


Villegagnon (Nicolas-Durand de), chevalier de Malte, étoit aussi de Provins. Il avoit beaucoup d’esprit, s’éleva par sa valeur à la charge de vice-amiral de Bretagne, & écrivoit assez bien en latin, comme il paroît par la description qu’il a faite de l’expédition d’Alger où il fut blessé au service de l’empereur Charles-Quint. Il embrassa d’abord la religion réformée, & entreprit d’établir une colonie dans l’Amérique méridionale. Il obtint trois vaisseaux pour cette entreprise, entra en 1555 dans la riviere de Janeïro sur la côte du Brésil, & y bâtit un fort, qu’il abandonna dans la suite, pour changer de religion & faire la guerre aux Calvinistes par des écrits. Il mourut pauvre en 1571. Voyez son article dans Bayle & dans le supplément de Moréri, Paris 1736. (Le chevalier de Jaucourt.)​​","[[""48 34' N 20 56' E""]]",,48 34' N 20 56' E,48 34' N 20 56' E
v13-1136-0,PRUCK,"PRUCK, (Géog. mod.)​ ville d’Allemagne dans l’Autriche, aux confins de la Hongrie, sur la riviere de Leita, à 3 lieues de Presbourg. Elle a d’assez bonnes fortifications, & les environs sont fort fertiles en tout ce qui est nécessaire à la vie. Quelques géographes prennent cette ville pour l’ancienne Rhispia. Long. 34. 42. lat. 48. 5.","[[""48 5' N 34 42' E""]]",,48 5' N 34 42' E,48 5' N 34 42' E
v13-128-0,POOL,"POOL, (Géog. mod.)​ petite ville d’Angleterre​ dans le Dorsetshire, à 25 lieues au sud-ouest de Londres : elle envoye deux députés au parlement. Il y a un fort beau port presque environné d’un bras de mer. La marée y monte & descend quatre fois en vingt-quatre heures. Long. 15. 47′. latit. 50. 45′.","[[""50 45' N 15 47' E""]]",,50 45' N 15 47' E,50 45' N 15 47' O
v13-1299-0,PULO-LOUTH ou PULO-LANDA,"PULO-LOUTH, ou Pulo-Landa, (Géog. mod.)​ île de la mer des Indes, entre celle de Bornéo, & celle des Célebes, à l’embouchure du détroit de Macassar. Elle a la figure d’un fer à cheval. Long. 132. 50. lat. mérid. 4.","[[""4 S 132 50' E""]]",,4 S 132 50' E,4 S 132 50' E
v13-137-0,POPOLO,"POPOLO, (Géog. mod.)​ petite ville d’Italie, dans l’Abruzze citérieure, sur la Pescara, qu’on y passe sur un pont, à huit milles au nord de Sulmona ; c’est l’ancienne Corfinium. Long. 31. 36. latit. 42. 1. (D. J.)​","[[""42 1' N 31 36' E""]]",,42 1' N 31 36' E,42 1' N 31 36' E
v13-1403-0,PUYCERDA,"PUYCERDA, (Géog. mod.)​ en latin du moyen âge, podium Ceretanum, ville d’Espagne dans la Catalogne, capitale de la Cerdaigne, entre les rivieres de Ségre & de Carol, au pié des Pyrénées, dans une belle plaine, à 21 lieues au couchant de Perpignan, & à 20 au nord-ouest de Barcelone ; elle est fortifiée, & a des eaux minerales. Long. 19. 25. lat. 42. 36.","[[""42 36' N 19 25' E""]]",,42 36' N 19 25' E,42 36' N 19 25' E
v13-1457-0,PYRN ou Pyrna,"PYRN ou Pyrna, (Géog. mod.)​ ville d’Allemagne dans la Misnie, avec un fort château nommé Sonnenstein. Elle est sur l’Elbe à quatre lieues de Dresde. C’est près de Pyrna que les Prussiens en 1756 bloquerent les Saxons qui étoient au nombre de quinze mille hommes & les obligerent par famine à se rendre à discrétion. Long. 31. 34. latit. 51. 6. (D. J.)​


Cetzel, (Jean) dominicain & inquisiteur, naquit à Pyrna vers le milieu du xv siecle, & mourut en 1519. Il avoit été choisi par les chevaliers teutoniques, pour prêcher les indulgences, & s’acquitta très-bien de sa commission. Il disoit en vendant cette rémission de toutes les peines des péchés, que les peuples n’avoient qu’à la bien payer, parce que leurs montagnes deviendroient des mines d’argent.","[[""51 6' N 31 34' E""]]",,51 6' N 31 34' E,51 6' N 31 34' E
v13-1479-0,PYSECK ou PYSSECK,"PYSECK ou PYSSECK, (Géogr. mod.)​ petite ville du royaume de Boheme, dans le cercle de Pranchim, à 20 lieues au midi de Prague, sur la riviere d’Ottawa, près de la Muldow. Elle fut prise, pillée, & brûlée par les Impériaux en 1619. Long. 32. 20. latit. 49. 15. (D. J.)​","[[""49 15' N 32 20' E""]]",,49 15' N 32 20' E,49 15' N 32 20' E
v13-1635-0,QUEDLINBOURG,"QUEDLINBOURG, (Géogr. mod.)​ petite ville d’Allemagne, au cercle de la haute Saxe, entre Halberstad & Anhalt, sur les confins du duché de Brunswick, avec une abbaye dont l’abbesse est princesse de l’Empire, sous la protection de l’électeur de Brandebourg. Cette petite ville est sur la riviere de Bode, à quatres lieues sud d’Halberstad, 13 ouest de Berneberg. Long. 29. 6. lat. 51. 18.


L’abbaye de Quedlinbourg, fut fondée, à ce que l’on croit, par Henri l’Oiseleur, en 932, & ce prince y fut inhumé en 936. Mathilde sa fille en fut la premiere abbesse. Le territoire de cette abbaye, s’étend à deux lieues à la ronde. L’abbesse Anne de Stolberg y introduisit la religion protestante qu’on y professe toujours, & l’abbesse peut recevoir autant de dames conventuelles qu’elle le juge à propos. Elle envoie ses députés aux dietes ; son contingent est un cavalier & dix fantassins.


Quenstedt (Jean-André), théologien assez célebre parmi les Luthériens, naquit en 1617 à Quedlinbourd, & mourut en 1688, après avoir donné un volumineux système de théologie qu’on ne lit plus, & qui parut Wittemb. en 1685 & 1696, in-fol. On a joint quelques-unes de ses dissertations les plus curieuses au recueil nommé Thesaurus philologicus ; mais on fait plus de cas de son ouvrage intitulé Sepultura veterum, seu tractatus de antiquis ritibus sepulchralibus Græcorum, Romanorum, Judoeorum & Christianorum, Wittebergæ 1648 & 1660 in-8°. Ce traité a été inséré dans le tome XI. du trésor des antiquités greques de Gronovius.


Le lecteur curieux des détails qui concernent cette petite ville, peut consulter l’ouvrage de Kettner (Frédéric Ernest), intitulé les antiquités de Quedlinbourg, Francofurt. 1712, in-4°. (D. J.)​","[[""51 18' N 29 6' E""]]",,51 18' N 29 6' E,51 18' N 29 6' E
v13-1638-0,QUEEN'S-FERRY,"QUEEN’S-FERRY, (Géog. mod.)​ petite ville d’Ecosse, dans la province de Lothian, sur le Forth, à 15 milles N. O. d’Edimbourg. Longit. 13. 35. latit. 56. 20.","[[""56 20' N 13 35' E""]]",,56 20' N 13 35' E,56 20' N 13 35' E
v13-1858-0,RACAH,"RACAH, (Géog. mod.)​ ville de l’Iraque babylonienne ou Chaldée, que quelques-uns mettent en Mésopotamie. Elle est située au 73 degré 15 de longitude, & à 36 de latitude septentrionale. C’est la même qui a été appellée Aracta, d’où étoit natif Albathani, célebre astronome, qui est ordinairement nommé par les Latins Albategnius aractensis. (D. J.)​","[[""36 N 73 15' E""]]",,36 N 73 15' E,36 N 73 15' E
v13-1880-0,RACKELSBURG,"RACKELSBURG, (Géog. mod.)​ petite ville d’Alemagne dans la basse Stirie, nommée par les anciens Raclitanum, & par les Vandales Radcony. Elle est sur la gauche du Muer, à 8 milles au-dessous de Gratz. Elle a été incendiée & rebâtie plusieurs fois ; Elle a pour sa défense un château sur une montagne ; les Turcs furent battus devant cette place l’an 1418. Long. 34. 30. latit. 46. 55. (D. J.)​","[[""46 55' N 34 30' E""]]",,46 55' N 34 30' E,46 55' N 34 30' E
v13-189-18,Port-de-Paix,"Port-de-Paix, (Hist. mod.) ou Port-Pey, bourg & paroisse considérable dans l'île de St. Domingue, à la bande du nord, vis-à-vis l'île de la Tortue, entre la pointe des Palmiers & l'embouchure des trois rivieres ; c'est le premier établissement que les François ont eu dans l'île de St. Domingue ; mais la rade n'en est pas bonne, l'air y est mauvais, & le terrein stérile. Long. suivant des Hayes 318. 35'. 30"". latit. 19. 58.","[['19 58\' N 318 35\' 30"" E']]",,"19 58' N 318 35' 30"" E","19 58' N 318 35' 30"" E"
v13-2179-0,RATENAU,"RATENAU, (Géog. mod.)​ ville d’Allemagne, dans la moyenne marche de Brandebourg, sur le Havel, entre les villes de Brandebourg & Havelberg. Elle fut bâtie en 430, & souffrit beaucoup dans les guerres du siecle passé, ayant été prise & reprise alternativement par les Suédois & par les Impériaux. Long. 30. 28. latit. 52. 39. (D. J.)​","[[""52 39' N 30 28' E""]]",,52 39' N 30 28' E,52 39' N 30 28' E
v13-2180-0,RATENBURG,"RATENBURG, (Géog. mod.)​ petite ville d’Allemagne dans le Tirol, entre Kufftein & Schwaz, sur l’Inn. Long. 29. 32. lat. 47. 12. (D. J.)​","[[""47 12' N 29 32' E""]]",,47 12' N 29 32' E,47 12' N 29 32' E
v13-2183-0,RATIATUM,"RATIATUM, (Géog. anc.)​ ville détruite des Gaules, dont Ptolomée est le seul des anciens écrivains qui en fasse mention. Deux manuscrits de cet auteur, conservés dans la bibliothèque du Roi de France, placent Ratiatum à 17. 50. de longit. & à 48. 20. de latit.


M. l’abbé Belley a fait une dissertation sur cette ville, pour prouver qu’elle étoit située vers la riviere de Loire, dans le pagus Ratiatensis, le pays des Raits, auquel elle a donné son nom. Elle a été vraisemblablement détruite pendant les courses des Normands qui firent dans tout ce pays là d’horribles ravages. Voyez les Mimoires de l’académie des inscript. tom. 19. in-4°. (D. J.)​","[[""48 20' N 17 50' E""]]",,48 20' N 17 50' E,48 20' N 17 50' E
v13-2536-0,REDON,"REDON, (Géog. mod.)​ ville de France, dans la basse Bretagne, au diocese de Vannes, sur la Villaine, à 10 lieues au levant de Vannes. Elle doit son origine à une abbaye de l’ordre de S. Benoît, qui y fut fondée sous le regne de Louis le Débonnaire, & elle existe encore. Redon est l’étape de toutes les marchandises qui vont à Rennes, & qu’on y conduit dans des bateaux. Longitude 15. 36. latitude 47. 38.","[[""47 38' N 15 36' E""]]",,47 38' N 15 36' E,47 38' N 15 36' E
v13-2541-0,REDONDO,"REDONDO, (Géog. mod.)​ ville de Portugal, dans la province de Béira, à l’embouchure du Mondego, à 6 lieues au sud-ouest de Coîmbre. Elle sut fondée l’an 1312. Ses environs sont fertiles en blé & en gibier. Long. 9. 34. latit. 39. 53′.","[[""39 53' N 9 34' E""]]",,39 53' N 9 34' E,39 53' N 9 34' E
v13-290-0,PORTO-GALETTE,"PORTO-GALETTE, (Géog. mod.)​ petite ville d’Espagne, dans la Biscaie, près de l’Océan, sur le bord d’une riviere qui la baigne, & qui entre jusque dans les maisons. Long. 14. 25. latit. 43. 26.","[[""43 26' N 14 25' E""]]",,43 26' N 14 25' E,43 26' N 14 25' O
v13-304-0,PORTSMOUTH,"PORTSMOUTH, (Géog. mod.)​ en latin portus magnus ; ville de la grande-Bretagne, dans le Hampt-Shire ou Haut-Shire : c’est un des plus fameux ports d’Angleterre, dans l’île de Portsey, qui a environ quatorze milles de tour. Portsmouth est bien fortifié, fort peuplé, a le titre de duché, & envoie deux députés au parlement. Il y a un chantier pour les vaisseaux de guerre, & des magasins pour les équiper ; c’est une pépiniere de mariniers, & Spithead, dans son voisinage, est le rendez-vous de la flotte royale allant à l’ouest, ou revenant de l’est. Long. 16. 30. latit. 50. 48. (D. J.)​","[[""50 48' N 16 30' E""]]",,50 48' N 16 30' E,50 48' N 16 30' E
v13-309-0,PORTUGAL,"PORTUGAL, (Géog. mod.)​ en latin Lusitania, royaume le plus occidental de l’Europe, borné au nord par la Galice, au midi & au couchant par l’Océan, au levant par l’Andalousie, la nouvelle-Castille, & le royaume de Léon. Son étendue est du nord au sud. Il a 120 lieues de longueur, & 50 de largeur.


L’air y est assez tempéré, pur & sain. C’est un très bon pays ; le blé n’y manque pas, les fruits sont exquis, les huiles délicieuses : on y trouve quantité de​ miel ; les laines sont admirables ; les salines très abondantes ; les bestiaux & les chevaux très-estimés : on sait combien les orangers, les vins, sur-tout ceux d’Alantejo & des Algarves sont recherchés.


Il y a des mines d’or & d’argent, des carrieres de beau marbre, & de pierres précieuses, des rubis, des émeraudes, des hyacinthes.


Il est arrosé d’un grand nombre de rivieres. Les principales sont le Tage, la Guadiana, le Duero, &c. La religion catholique est la seule permise. Il y a beaucoup de Juifs, mais cachés. L’inquisition y est très-sévere. Il y a trois archevêchés & dix évêchés, sans compter ceux des Indes & d’Afrique.


On divise le Portugal en six parties ; savoir, le royaume des Algarves ; les provinces entre Dueroe-Minho, Béïra, l’Alentéjo, Tra-los Montes, l’Estramadoure portugaise : outre cela le royaume de Portugal a des possessions considérables dans l’Amérique, comme le Brésil, dans l’Afrique & dans l’Asie.


La langue portugaise est un composée de la latine, de la françoise & de la castillane. Elle est grave & élégante ; & comme elle ne manque pas d’élévation pour les sujets héroïques, de même elle est remplie de douceur pour les délicatesses de l’amour.


Lisbonne est la capitale du royaume. Long. 9. 12. lat. 37. 42.


Le royaume de Portugal est la Lusitanie des anciens ; cependant la Lusitanie comprenoit des pays qui ne sont point aujourd’hui de Portugal ; & le Portugal renferme quelques contrées qui n’étoient point de la Lusitanie. Ses premiers habitans formoient plusieurs républiques, & se gouvernoient selon leurs loix & leurs coutumes.


Les Phéniciens ayant abordé sur les côtes de la Lusitanie, se fortifierent dans l’île de Cadix, d’où ils passerent dans le continent, & y firent des conquêtes par le secours des Carthaginois, environ 510 ans avant J. C. Ce pays fut ensuite soumis par les Romains, & successivement par les Alains, les Sueves, les Vandales, les Goths & les Maures.


Alphonse VI. roi de Castille & de Léon, fit la conquête de la meilleure partie de la Lusitanie sur les Maures en 1094. Il maria sa fille Therese légitimée de Castille, à Henri de Bourgogne, & lui donna pour dotte la ville de Porto avec le titre de comte de Portugal.


Henri conquit bien du pays sur les Maures, fonda proprement le royaume de Portugal, & fut couronné en 1139, après la fameuse bataille d’Ourique. Alors le pape Alexandre III. ne manqua pas d’exiger de lui pour la confirmation de cette couronne, en 1160, un tribut de deux marcs d’or ; le roi s’y soumit, sachant que dans les querelles de tant de souverains, le suffrage du pape, payé par une bonne rente, pouvoit quelquefois faire pancher la balance.


Ce nouveau royaume se soutint glorieusement, & les Portugais commencerent à mériter dans le xv. siecle une gloire aussi durable que l’univers, par le changement du commerce du monde, qui fut bientôt le fruit de leurs découvertes. Ce fut cette nation qui, la premiere des nations modernes, navigea sur l’Océan atlantique. Elle n’a dû qu’à elle seule le passage du cap de Bonne-Espérance, au lieu que les Espagnols dûrent à des étrangers la découverte de l’Amérique.


Le Portugal s’occupa toujours de ses grandes navigations & de ses succès en Afrique, sans prendre aucune part aux événemens de l’Italie qui allarmoient le reste de l’Europe.


Enfin ce royaume depuis Alphonse I. surnommé Henriquez, dura l’espace de quatre cens quarante-neuf ans, sous seize rois, & finit en 1578 par la mort​tragique de l’infortuné don Sébastien, qui périt en Afrique dans une bataille contre les Maures. On peut dire néanmoins que ce royaume ne finit qu’en 1580, dans la personne de don Henri II. qui, quoique prêtre & cardinal, fut reconnu roi de Portugal, après la mort de son neveu don Sébastien.


Philippe II. roi d’Espagne, se trouvant plus à portée que les autres prétendans, pour faire valoir ses prétentions sur la couronne de Portugal, s’empara de ce royaume, & le réunit à la monarchie espagnole en 1580. Il fut le premier qui, depuis les rois Goths, eut la gloire de voir toute l’Espagne sous sa domination, après avoir été divisée près de huit cens ans. Les successeurs de Philippe II. la posséderent dans le même état jusqu’à l’an 1640 que les Portugais, par un soulevement général, sécouerent le joug des rois castillans.


Une conspiration aussi bien exécutée que bien conduite, dit M. de Voltaire, mit sur le trône la maison de Bragance. Jean de Bragance fut partout proclamé roi sans le moindre tumulte ; un fils ne succede pas plus paisiblement à son pere. La maniere dont Olivarez annonça à Philippe IV. la perte du Portugal est célebre ; rien ne fait mieux voir comme on sait déguiser aux rois des nouvelles tristes. « Je viens vous annoncer, dit-il, une heureuse nouvelle ; votre majesté a gagné tous les biens du duc de Bragance ; il s’est avisé de se faire proclamer roi, & la confiscation de ses terres vous est acquise par son crime ».


Cette confiscation n’eut pas lieu, le Portugal devint un royaume considérable, surtout lorsque les richesses du Brésil, & les traités avec l’Angleterre, rendirent son commerce florissant. Joseph de Bragance, arriere petit-fils de Jean, est aujourd’hui sur le trône, & peu s’en est fallu qu’il n’ait perdu dernierement, par un assassinat, la couronne & la vie.


Cette couronne est héréditaire, & passe même aux enfans naturels au défaut des enfans légitimes.


Plusieurs écrivains ont donné les antiquités, l’histoire & la description du Portugal. Tels sont Gaspard Estazo, antiq. de Port. Antonio Vasconcellos, anaceph. reg. Lusitan. Jerôme Conertaggio, Edouard de Nugnez, Texeira, histor. de Port. Imhoff, stemma regum Lusitan. Maugin, description du Portugal ; Lequien de la Neuville, hist. de Portugal, 2 vol. in-4°. La Clede, hist. de Portugal. Vertot, révolutions de Portugal. Enfin le chevalier d’Oliveyra a indiqué les historiens & les écrivains de ce royaume dans des mémoires sur le Portugal, publiés à la Haye en 1743, in-12. (D. J.)​","[[""37 42' N 9 12' E""]]",,37 42' N 9 12' E,37 42' N 9 12' O
v13-539-0,PRAGUE ou PRAG,"PRAGUE ou PRAG, (Géogr. mod.)​ ville capitale du royaume de Boheme, sur la Muldaw qu’on y passe sur un pont, à 45 lieues au nord de Lintz, à 60 au sud-est de Berlin, a 28 au sud-est de Dresde, & à 56 au nord-ouest de Vienne.


Quelques géographes prétendent sans aucune preuve, que c’est l’ancienne Bubiemum ; d’autres que c’est la Casurgis de Ptolomée ; d’autres enfin que Marabodus roi des Marcomans, lui donna le nom de Maroboduum.


Quoi qu’il en soit, Prague est la plus grande ville d’Allemagne, & elle est partagée en trois ; la vieille ville, la ville neuve, & la petite, qui n’est occupée que par de pauvres juifs : les deux autres sont séparées par un pont, sur lequel on voit la statue de S. Jean Népomucene, que le roi Vinceslas fit jetter dans la riviere, pour n’avoir pas voulu révéler la confession de la reine.


On trouve dans la vieille ville le palais des anciens rois, & la métropole qui est un vieux bâtiment gothique. La nouvelle ville est plus grande que la vieille ; mais c’est qu’elle renferme beaucoup de jardins & de grandes places. On compte à Prague une infinité de couvens qui n’enrichissent pas cette ville ; les Jésuites seuls y ont trois maisons composées de 200 religieux.


Charles IV. empereur, fonda en 1347, l’université de Prague. C’est auprès de cette ville que se donna la célebre bataille qui décida en 1620, le différend de la couronne de Bohème en faveur de l’empereur Ferdinand II. contre Fréderic V. électeur palatin, qui avoit été élu roi de Bohème par les états du pays.​


Depuis ce tems, cette ville a encore été prise & reprise dans les guerres. Les François qui s’en étoient emparés, furent trop heureux d’évacuer cette place en 1742. Elle est restée à l’impératrice reine de Hongrie, reconnue reine de Boheme par le traité d’Aix-la-Chapelle. Long. suivant Tycho & Cassini, 32. 16. 30. lat. 50 4. 30.


Charles IV. empereur, roi de Bohème, fut le fondateur de Prague, où il mourut le 29 Novembre 1378. Il fit à Nuremberg en 1356, cette constitution qu’on appelle bulle d’or, à cause du sceau d’or qu’on nommoit bulla, dans la basse latinité. « On voit aisément par-là, pourquoi les édits des papes sont appellés bulles. Le style de cette charte se ressent bien de l’esprit du tems. On commence par une apostrophe à l’orgueil, à Satan, à la colere, à la luxure : on y dit que le nombre des sept électeurs est nécessaire pour s’opposer aux sept péchés mortels : on y parle de la chûte des Anges, du paradis terrestre, de Pompée & de César : on assure que l’Allemagne est fondée sur les trois vertus théologales, comme sur la Trinité.


« Cette loi de l’Empire fut faite en présence & du consentement de tous les princes, évêques, abbés, & même des députés des villes impériales, qui pour la premiere fois, assisterent à ces assemblées de la nation teutonique. Ces droits des villes, ces effets naturels de la liberté, avoient commencé à renaître en Italie, ensuite en Angleterre, puis en France, & enfin ils furent admis en Allemagne. On sait que les électeurs furent alors fixés au nombre de sept. Les archevêques de Mayence, de Cologne & de Trèves, en possession depuis long-tems d’élire des empereurs, ne souffrirent pas que d’autres évêques, quoiqu’aussi puissans, partageassent cet honneur.


« Au reste la dignité impériale, qui par elle-même ne donnoit alors aucune puissance réelle, ne reçut jamais plus de cet éclat qui impose aux peuples. Les trois électeurs ecclésiastiques, tous trois archichanceliers, y parurent avec les sceaux de l’Empire : Mayence portoit ceux d’Allemagne, Cologne ceux d’Italie, Trèves ceux des Gaules. Cependant l’empire n’avoit dans les Gaules que la vaine mouvance des restes du royaume d’Arles, de la Provence, du Dauphiné, bientôt après confondus dans le vaste royaume de France. La Savoie qui étoit à la maison de Maurienne, relevoit de l’Empire ; la Franche-comté sous la protection impériale, étoit indépendante.


« Pour donner quelque idée du faste qui accompagna la cérémonie de la bulle d’or, il suffit de savoir que le duc de Luxembourg & de Brabant, neveu de l’empereur, lui servoit à boire ; que le duc de Saxe, comme grand maréchal, parut avec une mesure d’argent pleine d’avoine ; que l’électeur de Brandebourg donna à laver à l’empereur & à l’impératrice ; & que le comte Palatin posa les plats d’or sur la table, en présence de tous les grands de l’Empire.


« On eut pris Charles IV. pour le roi des rois. Jamais Constantin, le plus fastueux des empereurs, n’avoit étalé des dehors plus éblouissans. Cependant Charles IV. tout empereur romain qu’il affectoit d’être, avoit fait serment au pape Clément VI. avant d’être élu, que s’il alloit jamais se faire couronner à Rome, il n’y coucheroit pas seulement une nuit, & qu’il ne rentreroit jamais en Italie sans la permission du S. Pere ; & il y a encore une lettre de lui au cardinal Colombier, doyen du sacré college, datée de l’an 1555, dans laquelle il appelle ce doyen votre majesté. Essai sur l’hist. univ. »


Peignons en deux mots le caractere de ce prince : il commença par ruiner sa maison pour acquérir l’Empire ; & finit par ruiner l’Empire, pour rétablir sa maison.​


Ghélen ou Geslen (Sigismond de), en latin Gelenius, né à Prague dans le xv. siecle, traduisit un des premiers de grec en latin, Josephe, Denys d’Halicarnasse & plusieurs autres auteurs ; il mourut en 1554.


Hieronime, que nous appellons Jérôme de Prague, du lieu de sa naissance, n’étoit ni moine, ni ecclésiastique, mais maître en théologie, grade académique qu’il reçut en 1399, & qu’il méritoit par ses talens. Ami & disciple de Jean Hus, il le surpassa de beaucoup en esprit & en éloquence ; voyez, si vous voulez le connoître, l’hist. du concile de Constance, par M. Lenfant. Son récit est confirmé par tous les auteurs contemporains ; j’entends par les témoignages d’Æneas Sylvius, de Théodoric de Niem qui étoit à Constance, du moine Théodoric Vrie, qui fleurissoit aussi en ce tems-là.


Jérôme avoit d’abord souscrit à la condamnation de la doctrine de son maître ; mais ayant appris avec quelle grandeur d’ame Jean Hus étoit mort, il eut honte de vivre. Il se rétracta publiquement, & fut envoyé au bucher. Poggio florentin, sécretaire de Jean XXIII. & l’un des premiers restaurateurs des Lettres, présent à ses interrogatoires & à son supplice, dit que Mutius Scevola ne fit pas brûler son bras avec plus de constance, que celui-ci tout son corps ; & que Socrate ne prit pas le poison avec plus d’allégresse, que celui-ci souffrit les flammes du bucher. Quum lictor ignem post tergum, ne id videret, injicere vellet : hùc, inquit, accede, & in conspectu accende ignem ; si enim illum timuissem, nunquam ad hunc locum, quem fugiendi facultas erat, accessissem. Hoc modo vir præter sidem egregius est consumptus, & singulos actus inspexi. Tels sont les termes de Poggio ; joignez-y les réflexions de M. de Voltaire sur la différence de la mort de Socrate, & celle de Jérôme de Prague. Là, c’est un citoyen, qui loin de tout appareil horrible, expire tranquillement au milieu de ses amis Ici, c’est le supplice épouventable du feu, dans lequel des prêtres ministres de clémence & de paix, jettent d’autres prêtres, d’une vie pure & d’un courage admirable. (Le Chevalier de Jaucourt.)​","[['50 4\' 30"" N 32 16\' 30"" E']]",,"50 4' 30"" N 32 16' 30"" E","50 4' 30"" N 32 16' 30"" E"
v13-559-0,PRATA,"PRATA, (Géog. mod.)​ petite île de la mer des Indes, à 20d. 40′. de latitude septentrionale, sur la route de Manille à Quantong, & environ sous les 130d. de longitude. Elle est basse, toute environnée de rochers, & plusieurs gros vaisseaux espagnols en venant de Manille, s’y sont perdus avec leurs trésors, & la plus grande partie des équipages.","[[""20 40' N 130 E""]]",,20 40' N 130 E,20 40' N 130 E
v13-571-0,PRAYA,"PRAYA, (Géog. mod.)​ ville chétive de l’île de San-Jago, au sud-ouest de l’île, & au sud-est de la capitale, dont elle est à 3 lieues ; son port est bon, & se nomme Porto Praya. Long. 355. 41. lat. 15. 16. (D. J.)​","[[""15 16' N 355 41' E""]]",,15 16' N 355 41' E,15 16' N 355 41' O
v13-608-0,PRECOPIA ou PERCOPIA,"PRECOPIA ou PERCOPIA, (Géog. mod.)​ ville de la Turquie, dans la Servie, sur la Morave, à 8 lieues ouest de Nissa, 18 sud-est de Zagodma. Long. 40. 6. latit. 43. 20. (D. J.)​","[[""43 20' N 40 6' E""]]",,43 20' N 40 6' E,43 20' N 40 6' E
v13-69-0,PONS,"PONS, (Géog. mod.)​ en latin Pontes, petite ville de France dans la Saintonge, près la riviere de Suigne, (en latin Santona), à quatre lieues de Saintes. Les Calvinistes, dans les guerres de religion, en avoient fait une place de sûreté, mais Louis XIII. la fit démanteler en 1621. Elle est partagée par la Suigne, sur laquelle il y avoit autrefois plusieurs ponts,​qui probablement ont donné le nom à la ville.


Elle a eu des seigneurs qu’on appelloit sires, à cause du nombre de fiefs nobles qui en relevoient, & qu’ils ont possédés dans la même maison jusqu’à la fin du xvj. siecle. Guillaume de Nangis rapporte dans sa chronique que le seigneur de Pons, nommé Renaud, alla trouver S. Louis en 1242, & fit en sa présence hommage à Alphonse, comte de Poitiers, frere du roi. La maniere dont les sires de Pons rendoient hommage est assez singuliere pour mériter d’être rapportée. Le sire de Pons, armé de toutes pieces, ayant la visiere baissée, se présentoit au roi, & lui disoit : « Sire, je viens à vous pour vous faire hommage de ma terre de Pons, & vous supplier de me maintenir en la jouissance de mes privileges ». Le roi le recevoit, & lui devoit donner par gratification l’épée qu’il avoit à son côté.


César Phebus d’Albret, maréchal de France, laissa une fille qui épousant le comte de Marsan, de la maison de Lorraine, lui remit en propre la sirie de Pons avec tous ses biens. Long. 17. 4. latit. 45. 36. (D. J.)​","[[""45 36' N 17 4' E""]]",,45 36' N 17 4' E,45 36' N 17 4' E
v13-85-0,PONT-DE-VESLE,"PONT-DE-VESLE, (Géog. mod.)​ petite ville de France, dans la Bresse, chef-lieu d’un mandement de même nom, à cinq lieues au couchant de Bourg, à dix au nord de Lyon, & à une au sud-est de Mâcon, sur la riviere de Vesle, qu’on y passe sur un pont. Il y a une paroisse, un hôtel-Dieu, & un gouverneur, quoique ce lieu ne soit pas fortifié. Long. 22. 28. lat. 46. 14. (D. J.)​","[[""46 14' N 22 28' E""]]",,46 14' N 22 28' E,46 14' N 22 28' E
v13-883-0,"PROCITA, ou PROCIDA","PROCITA, ou PROCIDA, (Géogr. mod.)​ île sur la côte d’Italie dans le golfe de Naples, à demi-lieue de celle d’Ischia ; on lui donne 8 à 9 milles de circuit. Son terroir est fertile & peuplé. Elle a au sud-est une petite ville de même nom, entourée de fortifications antiques, & bâtie sur une hauteur escarpée du côté de la mer. Long. 31. 34. lat. 40. 51. (D. J.)​","[[""40 51' N 31 34' E""]]",,40 51' N 31 34' E,40 51' N 31 34' E
v13-90-0,PONTE-DE-LIMA,"PONTE-DE-LIMA, (Géog. mod.)​ petite ville de Portugal, dans la province entre Duero-e-Minho, sur la riviere de Lima, qu’on y passe sur un pont, à trois lieues de Viana, à six lieues au nord-ouest de Brague, & à soixante-huit au nord de Lisbonne. Long. 9. 25. latit. 41. 37. (D. J.)​","[[""41 37' N 9 25' E""]]",,41 37' N 9 25' E,41 37' N 9 25' E
v14-1030-0,RIPEN ou RYPPEN,"RIPEN ou RYPPEN, (Géog. mod.)​ ville de Danemark, dans le Jutland septentrional, près de la côte occidentale, & capitale du diocèse auquel elle donne son nom. Elle est située à 20 lieues au nord-ouest de Sleswick, & est mouillée par la riviere de Nipsaa, qui y cause souvent de grands dommages. Elle a pour sa défense un ancien château, mais elle est surtout fortifiée par la nature. Son église cathédrale est bâtie de pierres de taille. L’évêché de cette ville a pris son commencement vers l’an 860, & l’éveque jouissoit autrefois de la jurisdiction temporelle & spirituelle ; mais en 1536, le roi Christian III. ayant introduit la religion luthérienne en Danemark, réunit le domaine de l’évêché à la couronne. Le diocèse de Ripen qui est borné au midi par le duché de Slesweick, & au nord par le Wibourg, est composé de 13 bailliages.


La ville de Ripen est gouvernée par deux bourguemestres & par un sénat. Les prairies des environs de cette ville donnent un profit considérable aux habitans par la nourriture des bestiaux ; car c’est l’endroit où l’on assemble les bœufs de presque tout le Jutland. On les embarque ensuite sur des vaisseaux pour les transporter en divers pays, & principalement en Hollande. Long. 42. 8′. latit. 55. 19′.


Borrichius (Olaüs) l’un des plus savans personnages du nord, naquit à Ripen en 1626, & devint conseiller de la chancellerie royale en 1689. Il protégea les sciences de son crédit & de sa bourse. Il fonda​à Copenhague une espece de college pour l’entretien de pauvres étudians, & donna pour cette fondation vingt-six milles rixdallers. Il mourut de la pierre en 1690. Ses ouvrages sur des matieres de médecine & de chimie sont toujours estimés ; & comme ce sont pour la plûpart des dissertations, on a recueilli les principales en 2 vol. in-4°.


Cragius (Nicolas) naquit à Ripen vers l’an 1549, & s’atracha à la littérature & aux négociations dans lesquelles il fut employé avec succès. Les administrateurs du royaume pendant la minorité de Christiern IV. le nommerent historiographe du roi avec six cens rixdallers d’appointement. Il composa les annales de Danemark depuis la mort de Fréderic I. jusqu’à l’an 1550. Cet ouvrage a demeuré enseveli jusqu’à l’année 1737, que M. Gramm l’a mis au jour à Coppenhague, in-folio ; mais le traité de la république de Lacédemone, de republicâ Lacedoemon. libri quatuor, est généralement estimé. Il parut d’abord à Genève en 1593, in 4°. & ensuite à Leyde en 1670 in-12. Gronovius l’a inséré dans son trésor d’antiquités grecques. Cragius mourut en 1602.


Je supprime les noms de quelques autres hommes de lettres moins illustres nés à Ripen ; mais je me rappelle que Mons étoit de cette ville, dont il devint bourguemestre. Mons est ce magistrat intrépide, qui eut le courage d’oser porter dans Coppenhague en 1523, à Christiern II. roi de Danemark, sa sentence de déposition prononcée par les états de Jutland. « Mon nom, dit-il au tyran, devroit être écrit sur la porte de tous les méchans princes. » Christiern détesté de tous ses sujets, abhorré de ses propres officiers, n’osant se fier à personne, reçut dans son palais, comme un criminel, cet arrêt singulier, qu’un seul homme désarmé lui signifioit. (Le chevalier de Jaucourt.)​","[[""55 19' N 42 8' E""]]",,55 19' N 42 8' E,55 19' N 42 8' E
v14-1035-0,RIPPON,"RIPPON, (Géog. mod.)​ le Rhigodunum de Ptolomée, l. I. c. iij. ville d’Angleterre, dans la province d’Yorck, sur la Youre, à 210 milles au nord-ouest de Londres ; Widfrid, archevêque d’Yorck, y fonda autrefois une abbaye de bénédictins. Aujourd’hui cette ville se distingue par ses manufactures de draps & d’éperons les meilleurs d’Angleterre. Long. 15. 56′. latit. 54. 5′. (D. J.)​","[[""54 5' N 15 56' E""]]",,54 5' N 15 56' E,54 5' N 15 56' O
v14-1106-0,ROCCA-D'ANFO,"ROCCA-D’ANFO, (Géog. mod.)​ petite ville d’Italie, dans l’état de Venise, sur le bord septentrional du lac Idro, au Bressan. Elle est munie de quelques fortifications. Long. 28. 4. lat. 45. 48. (D. J.)​","[[""45 48' N 28 4' E""]]",,45 48' N 28 4' E,45 48' N 28 4' E
v14-1109-5,Roche,"Roche, la, (Géog. mod.)​ en latin du moyen âge, rupes Ardenuæ ; ville des Pays-Bas, au duché de Luxembourg, dans la forêt d’Ardenne, bâtie sur une roche, d’où lui vient son nom, à 12 lieues au nord-ouest de Luxembourg, avec un château fortifié. Long. 23. 25. lat. 50. 7.


2°. La Roche est le nom d’une autre petite ville de Savoie, dans le Faucigni, assez près de la riviere d’Arve, & sur la Gauche. (D. J.)​","[[""50 7' N 23 25' E""]]",,50 7' N 23 25' E,50 7' N 23 25' E
v14-1117-0,ROCHE-POSAY,"ROCHE-POSAY, (Géog. mod.)​ petite ville de France, dans la Touraine, sur la Creuse, un peu au-dessous de l’endroit où elle reçoit la Gartempe. Long. 18. 30. lat. 46. 44. (D. J.)​","[[""46 44' N 18 30' E""]]",,46 44' N 18 30' E,46 44' N 18 30' E
v14-1121-0,ROCHE-SUR-YON,"ROCHE-SUR-YON, (Géog. mod.)​ bourg de France, dans le Poitou, sur la petite riviere d’Yon, à 6 lieues au nord-ouest de Luçon, avec titre de principauté, qui appartient à la maison de Conti. Long. 16. 10. lat. 46. 35. (D. J.)​","[[""46 35' N 16 10' E""]]",,46 35' N 16 10' E,46 35' N 16 10' E
v14-1149-0,"ROEUX, ou le Roeulx","RŒUX, ou le Rœulx ; (Géog. mod.)​ petite ville des Pays-bas dans le Hainaut, entre Soignies au nord, & Binche au midi. Cette petite ville fut érigée en comté par Charles-quint, en faveur de la maison de Croy. Long. 21. 44. lat. 50. 28. (D. J.)​","[[""50 28' N 21 44' E""]]",,50 28' N 21 44' E,50 28' N 21 44' E
v14-1213-0,ROMONT,"ROMONT, (Géog. mod.)​ ville de Suisse, dans le canton de Fribourg, avec titre de comté, à six lieues de Berne, & à cinq de Fribourg. C’est la plus jolie ville du canton, après la capitale. Elle fut bâtie ou fortifiée par Pierre de Savoie dans le xiij. siecle, lorsqu’il se fut rendu maître du pays de Vaud. On la nomma Rondemont à cause de sa situation sur une petite montagne ronde, & qui domine de tous côtés. Le duc Charles jouit du pays de Vaud, & de celui de Romont jusqu’à l’an 1536, que les Bernois alliés des Génévois, attaqués par le duc, conquirent le pays de Vaud ; les Fribourgeois qui n’étoient pas en guerre avec ce prince, prirent le comté de Romont, de crainte que les Bernois ne s’en saisissent. Ils en ont toujours joui depuis ce tems là ; & comme la maison de Savoie n’a pas pu en obtenir la restitution, les ducs se sont contentés de prendre le vain titre de comte de Romont, & de seigneurs de Vaud. La ville a aujourd’hui des foires fort fréquentées. Long. 25. lat. 46. 48. (D. J.)​","[[""46 48' N 25 E""]]",,46 48' N 25 E,46 48' N 25 E
v14-1257-0,ROQUEMAURE,"ROQUEMAURE, (Géog. mod.)​ ville de France, dans le bas Languedoc, située près les bords du Rhône, au diocèse d’Avignon, à 2 lieues au-dessus de cette ville, sur un roc escarpé. Long. 22. 27′, latit. 43. 58′.


C’est dans cette ville que mourut le pape Clément V en 1314, après neuf ans de pontificat, pendant lesquels les factions Guelphe & Gibeline, nées des querelles du sacerdoce & de l’empire, subsistoient toujours comme un feu qui se nourrissoit par de nouveaux embrasemens. Clément V né en Gascogne, étoit du parti de Boniface VIII, qui l’avoit nommé évêque de Comminge, & puis archevêque de Bordeaux. Le cardinal d’Ostie l’éleva sur la chaire de saint Pierre, & son élection se fit à Pérouse en 1305. On l’appella le pape Gascon. Dès qu’il fut élu, il aima mieux transférer le saint siege hors d’Italie, & jouir en France des contributions payées alors par tous les fideles, que disputer inutilement des châteaux auprès de Rome.


Clément alloit de Lyon à Vienne en Dauphiné, à Avignon, menant publiquement avec lui la comtesse de Perigord, & tirant ce qu’il pouvoit d’argent de la piété des bonnes ames. Ce fut à Vienne qu’il convoqua en 1311 un concile général, dans lequel l’ordre des Templiers fut aboli & la guerre sainte résolue. Il mourut en allant à Bordeaux pour changer d’air.


On sait qu’il fût couronné à Lyon en présence de Philippe le Bel, de Charles de Valois, & de plusieurs autres princes. Cette cérémonie fut troublée par la chûte d’une muraille, laquelle étant trop chargée de peuple, s’écroula, tua Jean II duc de Bretagne, & Gaillard frere du pape. Le roi & Charles de Valois, furent blessés légerement. La tiare tomba de dessus la tête du pontife, & une des belles escarboucles de sa couronne se perdit. On conçoit bien, que cet accident fut remarqué comme un présage des malheurs qui affligerent la chrétiennété & l’Italie, durant ce pontificat. (D. J.)​","[[""43 58' N 22 27' E""]]",,43 58' N 22 27' E,43 58' N 22 27' E
v14-1272-0,"ROSAY, ou Rosoy","ROSAY, (Géog. mod.)​ ou Rosoy, petite ville de France, dans la Brie, à 6 lieues de Meaux, & à 12 de Paris. Long. 20. 30. latit. 48. 42.","[[""48 42' N 20 30' E""]]",,48 42' N 20 30' E,48 42' N 20 30' E
v14-1275-0,ROSCHILD,"ROSCHILD, (Géog. mod.)​ ville de Danemarck, toute ouverte, dans l’île de Sélande, au fond d’un petit golfe rempli de sable, à 8 lieues au sud-ouest de Copenhague. Son évêché fondé en 1012, est suffragant de Copenhague. La cathédrale renferme les tombeaux de quelques rois de Danemarck. Cette ville n’a point de commerce, & l’université qu’on y a fondée n’est pas florissante. Long. 29. 62. lat. 55. 38.","[[""55 38' N 29 62' E""]]",,55 38' N 29 62' E,55 38' N 29 62' E
v14-1309-0,ROSSANO,"ROSSANO, (Géog. mod.)​ en latin Ruscianum ou Roscianum ; ville d’Italie au royaume de Naples, dans la Calabre citérieure, à 2 ou 3 milles du golfe de Venise, au bord d’une petite riviere qui se jette dans le Célano, à 10 lieues au nord-est de Cozensa. Cette ville dans le viij. siecle, étoit un évêché sous Reggio : on y transféra ensuite l’évêché de Thurium ; & enfin on l’érigea en archevêché vers l’an 1193. Long. 34. 26. lat. 39. 44.


Cette ville a été la patrie de l’antipape Jean XVII. nommé auparavant Philagathe, auquel l’empereur​Othon III. fit couper les mains & les oreilles, & arracher les yeux en 998. C’étoit une barbarie bien odieuse, vis-à-vis d’un évêque qui étoit homme de mérite, savant, & que Crescentius qui tenoit Rome sous sa dépendance avoit fait élire pape, pour l’opposer à Grégoire V. (D. J.)​","[[""39 44' N 34 26' E""]]",,39 44' N 34 26' E,39 44' N 34 26' E
v14-1339-0,ROTERDAM,"ROTERDAM, (Géog. mod.)​ ou plutôt Rotterdam, ville des Pays-Bas, dans la Hollande, sur la droite de la Meuse, à 3 lieues de la Haye, à 2 de Delft, & à 5 de la Brille.


Il ne faut point douter que son nom ne vienne de ce qu’elle fut bâtie à l’embouchure de la Rotte ; on ne sait point en quel tems, mais on sait qu’environ l’an 1270, elle sut érigée en ville ; car on y fit des remparts, & on lui donna des privileges. Sa situation sur la Meuse lui est extrèmement favorable pour le commerce ; cette riviere qui en cet endroit a près d’une demi-lieue de largeur, lui forme un port assez profond, pour que les plus gros vaisseaux viennent charger jusqu’au milieu de la ville, à la faveur d’un canal, où les eaux de la Meuse entrent par la vieille tête. Cette commodité pour charger & pour décharger, est cause qu’il se fait plus d’embarquemens à Rotterdam qu’à Amsterdam. En levant l’ancre à Rotterdam, on peut d’abord cingler en pleine mer, qui n’en est éloignée que de six lieues ; de sorte que les vaisseaux qui partent, peuvent s’y rendre dans une marée ; au lieu qu’à Amsterdam on est obligé d’aller faire le tour des îles du Texel.


Quoique Rotterdam ait le dernier rang parmi les villes de la province, elle ne le cede cependant en richesses & en beauté qu’à Amsterdam ; elle est le siege de l’amirauté de la Meuse. Elle est arrosée de sept canaux ornés de quais & d’allées d’arbres. Les maisons y sont à la moderne & très propres. La bourse est un beau bâtiment, ainsi que l’hôtel-de-ville, les arsenaux & les maisons des compagnies des Indes. Le gouvernement est entre les mains de vingt-quatre conseillers, dont quatre sont bourgmestres. Long. suivant Cassini, 22. 21′. 30″. latit. 51. 55′. 45″.


Rotterdam est la patrie d’Erasme, & elle a érigé une statue à la mémoire de cet illustre personnage. Voilà en deux mots l’éloge de cette ville. Si Homere avoit été aussi estimé durant sa vie qu’il l’a été après sa mort, plusieurs villes eussent vainement aspiré à la gloire de l’avoir produit ; car celle qui auroit eu véritablement cet avantage, en auroit donné promptement des preuves incontestables ; mais aucune dispute sur la patrie d’Erasme ; la grande réputation où il a été pendant sa vie, a prévenu ces sortes de litiges. Rotterdam a compris de bonne heure ses intérêts, & a tellement affermi les titres de sa possession, qu’on ne sauroit plus la lui disputer. Il a fallu être alerte ; car le tems auroit pu jetter mille doutes sur​ ce point, puisque la mere d’Erasme, dont la condition étoit médiocre, n’avoit cherché à Rotterdam que les moyens de cacher cette naissance.


Elle arriva le 28 Octobre 1467, & l’enfant dont elle accoucha, devint le plus bel esprit & le plus savant homme de son siecle. Ayant perdu son-pere & sa mere, ses tuteurs l’obligerent de prendre l’habit de chanoine régulier dans le monastere de Stein, proche Tergou, où il fit profession malgré lui en 1486, & où il s’amusa quelque tems à la peinture. Ensuite il alla étudier à Paris au college de Montaigu. De Paris il passa en Angleterre, où il s’accommoda merveilleusement de l’érudition & des autres avantages de ce royaume.


Il marque en divers en droits qu’il étoit charmé de ce pays-là, où il avoit rencontré plusieurs illustres Mecenes, & le triomphe des sciences. Il avoue ingénument que le grand éclat des lettres dont il avoit félicité l’Angleterre, commençoit à l’en rendre un peu jaloux. Il prétend même que les gens doctes dont elle abondoit en toutes sortes de sciences, pouvoient être un objet d’envie pour l’Italie. Il remarque que cette gloire étoit un ancien partage de la nation, & il nous apprend que les grands seigneurs s’y distinguoient en particulier par la culture des sciences : ce qui est encore aujourd’hui un avantage en quoi la noblesse angloise surpasse celle de toutes les autres nations du monde.


S’il disoit tant de bien de l’Angleterre, lorsqu’il en parloit serieusement, il n’en faisoit pas une description moins pleine d’attraits, lorsqu’il prenoit son style enjoué. Voyez ce qu’il écrivit à Andrelin, pour l’attirer en ce pays-là. Si Britanniæ dotes satis pernosces, Fauste, & tu alatis pedibus huc accurreres, etsi podagra tua non sineret, Dædalum te fieri optares. Num ut è plurimis unum quiddam attingam ; sunt hic nymphæ divinis vultibus, blandæ, faciles, & quas tu tuis camoenis facilè anteponas. Est præterea mos nunquam satis laudatus. Sive quò venias, omnium osculis exciperis ; sive discedas aliquò, osculis dimitteris, redis redduntur suavia ; venitur ad te, propinantur suavia ; disceditur abs te, dividuntur basia ; occurritur alicubi, basiatur affatem ; denique quocunque te moveas, suaviorum plena sunt omnia. Quæ si tu, Fauste, gustasses semel quàm sint mollicula, quàm fragrantia, prosecto cuperes non decennium solum, ut Solon fecit, sed ad mortem usque in Angliâ peregrinari. Epist. X. lib. V p. 315. Vous voyez que les Angloises ne lui plaisoient pas moins que les Anglois.


Erasme vola d’Angleterre en Italie qu’il n’avoit pas encore vu. Il séjourna à Boulogne, à Venise ou il publia ses adages, ensuite à Padoue, & enfin à Rome, où sa réputation étoit grande, & où il fut très-bien reçu du pontife & des cardinaux, particulierement du cardinal de Médicis, qui fut depuis le pape Léon X.


En 1509, il fit un second voyage à Londres, & demeura chez Thomas Morus, chancelier d’Angleterre. C’est-là qu’il composa en latin l’éloge de la folie ; mais finalement ne trouvant point dans cette île l’établissement que ses amis lui avoient fait espérer, il se vit obligé de se rendre en Flandres, où Charles d’Autriche, souverain des Pays Bas, qui fut depuis empereur sous le nom de Charle-quint, le fit son conseiller d’état, & lui assigna une pension de 200 florins, dont il fut payé jusqu’en 1525.


Il ne tint qu’à lui d’être cardinal. Il le seroit devenu sans doute sous le pape Adrien VI. s’il eût voulu lui aller faire sa cour, comme il en fut instamment sollicité par ce pape même, son compatriote, son ami & son compagnon d’études. Sous Paul III. l’affaire fut encore poussée plus loin : le cardinalat devint un fruit mûr pour Erasme ; il ne lui restoit pour le cueillir, qu’à vouloir tendre la main. Il aima mieux​se rendre à Bâle, où il publia plusieurs ouvrages, se plut dans cette ville, & y mourut le 12 de Juillet 1536. Il y fut enterré honorablement, & l’on y fait encore beaucoup d’honneur à sa mémoire.


Il seroit superflu de remarquer ici, qu’Erasme étoit un des plus grands hommes de la république des lettres ; on lui doit principalement dans nos pays la renaissance des sciences, la critique, & le goût de l’antiquité. C’est un des premiers qui ait traité les matieres de religion avec la noblesse & la dignité qui conviennent à nos mysteres. Il étoit tolérant, aimoit la paix, & en connoissoit tout le prix. Sa dissertation sur le proverbe dulce bellum inexpertis prouve bien qu’il avoit profondément médité sur ce sujet, les grands principes de la raison, de l’évangile & de la politique. Mais il eut beau vivre & mourir dans la communion romaine, & essuyer pour cette raison, bien des injures de quelques zélés protestans, il n’en a pas été moins maltraité durant sa vie & après sa mort, par plusieurs écrivains catholiques. C’est en vain qu’il vit avec joie les premieres démarches de Luther, & qu’il s’affligea, lorsqu’il crut le luthéranisme prêt à se perdre, il n’en fut pas moins accablé d’invectives par Luther, & par quelques autres plumes du même parti ; enfin ses sentimens modérés lui firent des ennemis dans toutes les sectes.


Il étoit d’une complexion délicate, & de la plus grande sobrieté ; quant à l’amour, il reconnoit qu’il n’en fut jamais l’esclave : veneri, pour me servir de ses termes, nunquam servitum est, ne vacavit quidem in tantis studiorum laboribus ; c’est très-bien dit, car l’oisiveté & la bonne chere sont les nourrices de la luxure.


Holbein, son ami particulier, fit son portrait à demi corps, que Beze orna d’une épigramme qu’on a fort louée, & qui n’a que du faux brillant ; la voici cette épigramme.



Ingens ingentem quem personat orbis Erasmum :
Hic tibi dimidium picta tabella refert.
At cur non totum ? Mirari define, lector,
Integra nam totum terra nec ipsa capit.


La pensée de Beze est une fausse pensée, parce qu’un peintre n’a pas plus de peine à faire un portrait grand comme nature, lorsque c’est le portrait d’un savant ou d’un héros dont la gloire vole par-tout, que quand c’est le portrait d’un paysan qui n’est connu que dans son village.


La bonne édition des œuvres d’Erasme, est celle d’Hollande, en 1703. onze vol. fol. Ils contiennent des traités en presque tous les genres ; grammaire, rhétorique, philosophie, théologie, épitres, commentaires sur le nouveau testament, paraphrases, traductions, apologies, &c. Tous ces traités sont écrits avec une pureté & une élégance admirable.


Au plus bel esprit de son tems, joignons un des premiers hommes de mer du dernier siecle, que Rotterdam a vû naître dans son sein ; c’est de Corneille Tromp que je veux parler, fils du grand Tromp ; il marcha sur ses traces, & fut le digne rival de Ruiter. Brandt a écrit sa vie ; elle est intéressante, mais ce n’est pas ici le lieu d’en donner l’extrait ; il suffit de dire que Tromp se trouva à plus de vingt batailles navales, & qu’il portoit par-tout la terreur & la victoire ; c’étoient alors les jours brillans des beaux faits de la Hollande. Le comte d’Estrade écrivoit au roi de France, en 1666. « Tromp a combattu en lion sur six vaisseaux, les uns après les autres ; mais il s’étoit engagé trop avant, & a obligé Ruiter de tout hasarder pour le retirer, ce qui a bien réussi, & ce qui pourroit le faire périr avec toute la flote une autre fois ».


La réputation qu’il s’étoit acquise dans le monde, étoit si grande, qu’au retour de la paix le roi de la​ Grande-Bretagne souhaita de le voir, & les comtes d’Arlington & d’Ossory furent chargés de cette négociation. Tromp se disposa à répondre à l’honneur que le roi lui faisoit, & le prince d’Orange lui-même l’accompagna jusqu’à la Brille, le 12 Janvier 1675.


Il se mit en mer avec trois yachts qui l’attendoient ; les ducs d’York, de Monmouth, de Buckingham, & grand nombre d’autres seigneurs, allerent au-devant de lui, & le concours du peuple fut extraordinaire ; le roi l’honora de la qualité de baron, la rendit héréditaire dans sa famille, & lui fit présent de son portrait enrichi de diamans. Au mois de Juin de cette même année, il commanda la flotte de quarante vaisseaux danois & hollandois, contre les Suédois, & remporta la victoire ; le roi de Danemarck lui donna l’ordre de l’éléphant, & la qualité de comte.


La guerre s’étant allumée avec la France, le roi Guillaume III. le nomma en 1691, pour commander la flote des états ; mais peu de mois après il mourut âgé d’environ 62 ans. Si quelques bruits chargerent la France d’avoir avancé ses jours, il ne faut admettre des accusations aussi graves & aussi odieuses, que sur des preuves d’une force irrésistible.


Enfin Jacques duc Monmouth, né à Rotterdam en 1649, a fait trop de bruit dans l’histoire pour ne pas parler de lui. Il étoit fils naturel de Charles II, & sa mere se nommoit Lucie Walters ; le roi son pere ayant été rétabli dans ses états en 1660, le fit venir à sa cour, & eut pour lui une tendresse extraordinaire ; il le créa comte d’Orkney, duc de Monmouth, pair du royaume, chevalier de l’ordre de la jarretiere, capitaine de ses gardes, & lieutenant-général de ses armées, après sa victoire contre les rebelles d’Ecosse.


Il possedoit toutes les qualités qui pouvoient le rendre agréable à la nation ; une bravoure distinguée, une figure gracieuse, des manieres douces, une générosité peu réfléchie ; ces qualités lui valurent la faveur populaire, qui s’accrut beaucoup par la haine qu’on portoit à la religion du duc d’Yorck ; cependant avec tant de part à l’affection du peuple, il n’auroit jamais été dangereux s’il ne s’étoit aveuglément resigné à la conduite de Shaftsbury, politique audacieux, qui le flatta de l’espoir de succéder à la couronne.


Le duc d’Yorck connoissant tout le crédit du duc de Monmouth, le fit exiler du royaume. Il choisit la Hollande pour sa retraite ; & comme personne n’ignoroit la part qu’il avoit toujours eue à l’affection d’un pere indulgent, il avoit trouvé toutes sortes de distinctions & d’honneurs, sous la protection du prince d’Orange. Lorsque Jacques étoit monté sur le trône, ce prince avoit pris la résolution de congédier Monmouth & ses partisans ; ils s’étoient retirés à Bruxelles, où le jeune fugitif se voyant encore poursuivi par la rigueur du nouveau monarque, fut poussé contre son inclination à former une entreprise téméraire & prématurée sur l’Angleterre. Il ne pouvoit se dissimuler que Jacques avoit succédé au trône sans opposition ; le parlement qui se trouvoit assemblé, témoignoit de la bonne volonté à satisfaire la cour, & l’on ne pouvoit douter que son attachement pour la couronne, ne donnât beaucoup de poids à toutes les mesures publiques. Les abus étoient encore éloignés de l’excès, & le peuple n’avoit pas encore marqué de disposition à s’en plaindre amérement. Toutes ces considérations se présenterent sans doute au duc de Monmouth ; mais telle fut l’impatience de ses partisans, telle aussi la précipitation du comte d’Argyle, qui étoit parti pour faire soulever l’Ecosse, que la prudence ne fut point écoutée, & le malheureux Monmouth se vit comme entraîné vers son sort.


La bataille de Sedgemoor près de Bridgewater, se​donna en 1685 ; le duc de Monmouth la perdit & s’éloigna par une prompte fuite ; mais après avoir fait plus de vingt milles, son cheval tomba sous lui ; il changea d’habits avec un paysan, dans l’espérance de se mieux cacher ; le paysan fut rencontré avec ceux du fugitif, par quelques royalistes qui le poursuivoient ; les recherches en devinrent plus ardentes, & l’infortuné Monmouth fut enfin découvert au fond d’un fossé, couvert de fange, le corps épuisé de fatigue & de faim, l’esprit abattu par l’image présente de ses malheurs, & par celle du sort qui le menaçoit : la nature humaine n’a point de ressource contre une si terrible situation ; bien moins dans un homme amolli par une continuelle prospérité, qui s’est cru sur-tout distingué par la valeur militaire. Monmouth ne put retenir ses larmes lorsqu’il se vit entre les mains de ses ennemis ; il parut enfin s’abandonner à l’amour, & même à l’espérance de la vie.


Quoique la grandeur de ses offenses, & le caractere de Jacques, dussent lui faire comprendre qu’il ne falloit compter sur aucune grace, il lui écrivit dans les termes les plus humbles, & le conjura d’épargner le sang d’un frere qui n’auroit à l’avenir que du zele pour ses intérêts. Le roi lui voyant tant de foiblesse & d’abattement, se le fit amener, & se flatta de lui arracher l’aveu de tous ses complices ; mais quelque passion que Monmouth eût pour la vie, il ne voulut point l’acheter par un infâme oubli de l’honneur. En reconnoissant l’inutilité de ses efforts, il reprit courage de son désespoir, & ne pensa qu’à se disposer à la mort, avec des sentimens plus dignes de son caractere & de son rang.


Ce favori du peuple Anglois fut accompagné sur l’échaffaut d’une abondante & sincere effusion de larmes ; il pria l’exécuteur de ne pas le traiter comme Russel, pour lequel il avoit eu besoin d’un coup redoublé ; mais cette précaution ne servit qu’à l’effrayer ; il frappa Monmouth d’un coup foible, qui lui laissa la force de se relever, & de le regarder au visage, comme pour lui reprocher son erreur ; il replaça doucement sa tête sur le bloc, & l’exécuteur lui donna deux autres coups qui n’eurent pas plus d’effet ; à la fin il jetta sa hache, en criant qu’il étoit incapable d’achever le sanglant office ; les schérifs l’obligerent de la reprendre, & deux autres coups séparerent la tête du corps.


Telle fut, en 1685, à l’âge de trente-six ans, la fin d’un seigneur que ses belles qualités, dans un tems moins tumultueux, auroient pu rendre l’ornement de la cour, & capable même de servir sa patrie ; je dis sa patrie, car Rotterdam n’étoit que son lieu natal, & même par un pur effet du hazard. (Le chevalier de Jaucourt.)​","[['51 55\' 45"" N 22 21\' 30"" E']]",,"51 55' 45"" N 22 21' 30"" E","51 55' 45"" N 22 21' 30"" E"
v14-1388-0,ROUGEMONT,"ROUGEMONT, (Géog. mod.)​ petite ville de France dans la Champagne, au diocèse de Langres, sur la riviere d’Armançon, à deux lieues au-dessus de Ravieres, & à six au sud-ouest de Châtillon sur Seine. Il y avoit une abbaye de filles, de l’ordre de S. Benoît, fondée l’an 1147, mais elle a été transférée à Dijon, l’an 1677. Long. 22. 11. latit. 47. 48. (D. J.)​","[[""47 48' N 22 11' E""]]",,47 48' N 22 11' E,47 48' N 22 11' E
v14-1546-0,"RUPIN, ou RUPPIN","RUPIN, ou RUPPIN, (Géog. mod.)​ ville d’Allemagne dans l’électorat de Brandebourg, chef-lieu d’un comté de même nom, à 9 milles au nord-ouest de Berlin. Elle est divisée en deux parties par un étang poissonneux. Long. 30. 56. lat. 53. (D. J.)​","[[""53 N 30 56' E""]]",,53 N 30 56' E,53 N 30 56' E
v14-1608-0,SABAKZAR,"SABAKZAR, (Géog. mod.)​ ville de l’empire Russien, au royaume de Casan, au midi du Volga & de l’île de Mokritz, dont elle est à trois verstes ; les habitations de cette ville ne sont que de bois, comme dans le reste de la Tartarie. Long. 68. 40. lat. 53. 38. (D. J.)​","[[""53 38' N 68 40' E""]]",,53 38' N 68 40' E,53 38' N 68 40' E
v14-1646-0,SABIONETA,"SABIONETA, (Géog. mod.)​ ville forte d’Italie, sur les confins du duché de Mantoue & du Cremonese, capitale d’un duché de même nom, à 15 milles de Parme, & à 25 de Crémone. Par le traité d’Aix-la-Chapelle*, la maison d’Autriche l’a cédée en 1748 à dom Philippe duc de Parme. Long. 27. 58. lat. 45. 4.


Gérard de Sabioneta, écrivain célebre du xij. siecle, mais moins connu sous le nom de Sabioneta, que sous celui de Gérard de Crémone, étoit un ecclésiastique versé dans les langues grecque, latine & arabe. Il s’attacha néanmoins particulierement à la Médecine, & l’exerça avec succès en Italie & en Espagne. Il traduisit du grec & de l’arabe en latin divers ouvrages considérables, & en composa lui-même quelques-uns.


Entre ses traductions de l’arabe & du grec, il faut mettre d’abord les œuvres d’Avicenne, avec des commentaires imprimés à Venise, chez les Juntes, en 1544 & 1555, deux vol. in-fol. 2°. Les œuvres de Rhasis Basileæ, en 1544, in-fol. 3°. Serapiones practica, Venet. 1497, in-fol. 4°. La chirurgie d’Albucasis, imprimée à Venise en 1500, in-fol. 5°. Gebri arabis astrologiæ, lib. IX. Norimbergæ, 1533, in-folio. La seule version latine faite du grec par Gérard de Crémone, est l’Ars parva de Galien.


Cet homme rare dans son siecle par ses études, ne se contenta pas de traduire, il composa même plusieurs ouvrages en Médecine, entr’autres, 1°. Commentarius in pronostica Hippocratis ; 2°. Commentarius in Viaticum Constantini africani, monachi Cassinensis ; 3°. Modus medendi ; 4°. Geomantia astronomica, car il s’appliqua aussi à l’Astrologie. Son style est assurément fort dur & fort barbare, au point qu’il dégoûte les lecteurs les plus patiens ; mais enfin c’étoit beaucoup dans le xij. siecle de pouvoir écrire en latin, & ce qui est plus étonnant, d’entendre le grec & l’arabe. (D. J.)​","[[""45 4' N 27 58' E""]]",,45 4' N 27 58' E,45 4' N 27 58' E
v14-1703-0,SACILÉ,"SACILÉ, (Géog. mod.)​ petite ville de l’état de Venise, dans la Marche trévisane, à 10 milles de Ceneda. Elle est peuplée & à son aise. Quelques auteurs croient que c’étoit autrefois un siege épiscopal suffragant d’Aquilée ; mais d’autres savans pretendent que ce siege étoit à Sacileto, bourg du Frioul. Long. 29. 55. lat. 46. 3. (D. J.)​","[[""46 3' N 29 55' E""]]",,46 3' N 29 55' E,46 3' N 29 55' E
v14-1740-0,SADRAST ou SADRASTPATAN,"SADRAST ou SADRASTPATAN, (Géog. mod.)​ ville des Indes, en-deçà du Gange, sur la côte de Coromandel, au midi de S. Thomé, à l’embouchure de la riviere de Palaru. Elle est à l’empereur du Mogol. Long. 100. 30. lat. 12. 40. (D. J.)​","[[""12 40' N 100 30' E""]]",,12 40' N 100 30' E,12 40' N 100 30' E
v14-1749-0,SAFIE,"SAFIE, (Géog. mod.)​ les Africains la nomment A fi, & les Portugais Asafie ; ville d’Afrique dans la Barbarie, au royaume de Maroc, sur la côte de l’Océan, à l’extrémité de la province de Duquela. Elle est environnée de murs & de tours, avec un château dont les Portugais ont été maîtres depuis l’an 1507, jusqu’en 1641 qu’ils l’abandonnerent. Plusieurs juifs s’y sont retirés pour le trafic. Le pays d’alentour est fertile en blé & en troupeaux. Long. 9. 38. latit. 32. (D. J.)​","[[""32 N 9 38' E""]]",,32 N 9 38' E,Long. 9. 38. | latit. 32.
v14-1907-0,SALERNE,"SALERNE, (Géog. mod.)​ ville d’Italie, aujourd’hui au royaume de Naples, sur le bord de la mer, capitale de la principauté citérieure, au fond d’un golfe de même nom, à douze lieues au sud-est de Naples, & à égale distance au midi de Bénévent. Long. 32. 20. latit. 40. 46.


Cette ville est ancienne, & faisoit autrefois partie du petit pays des Picentins, dont Picentia étoit alors la capitale. Strabon dit que les Romains fortifierent Salerne pour y mettre garnison, & qu’elle étoit un peu plus haute que le rivage. Tite-Live nous apprend, l. XXXII. c. 29, que cette ville devint colonie romaine.


Après la ruine de l’empire d’Occident par les Barbares venus des pays septentrionaux, les Lombards & les Goths se firent des établissemens aux dépens de l’empire grec, qui s’étoit ressaisi d’une partie de l’Italie, sur-tout dans ce qu’on appelle aujourd’hui le royaume de Naples. Mais il n’étoit pas en état de se soutenir contre tant d’ennemis qui l’attaquoient de tous les côtés. Les Lombards formerent des duchés & des principautés, comme Capoue, Salerne, & tant d’autres villes qui étoient alors les résidences de​ souverains qui s’y maintinrent, moyennant quelques soumissions à l’empire Grec.


Charlemagne, qui détruisit le royaume des Lombards, ne toucha point à ces souverainetés, qui étoient subordonnées à l’empire d’Orient ; ainsi, au commencement de l’onzieme siecle, Salerne étoit capitale d’une principauté, dont le seigneur avoit un très-beau pays. Guaimare, prince de Salerne, regnoit de cette maniere, lorsqu’une centaine de gentils-hommes normands délivrerent cette ville des Sarazins qui étoient venus pour la piller.


« Ces François, partis en 983 des côtes de Normandie pour aller à Jérusalem, passerent à leur retour sur la mer de Naples, & arriverent à Salerne dans le tems que cette ville venoit de se racheter à prix d’argent. Ils trouverent les Salertins occupés à rassembler le prix de leur rançon, & les vainqueurs livrés dans leur camp à la sécurité d’une joie brutale & de la débauche. Cette poignée d’étrangers, reproche aux assiégés la lâcheté de leur soumission ; & dans l’instant marchant avec audace au milieu de la nuit, suivis de quelques Salertins qui osent les imiter, ils fondent dans le camp des Sarazins, les étonnent, les mettent en fuite, les forcent de remonter en desordre sur leurs vaisseaux, & non-seulement sauvent les trésors de Salerne, mais ils y ajoutent les dépouilles des ennemis ».


Gisulphe, fils & successeur de Guaimare, se trouva fort mal de n’avoir pas ménagé ces mêmes Normands. Ils l’assiégerent, prirent sa ville, le chasserent du pays, & le réduisirent à aller vivre à Rome des bienfaits du pape. Maîtres de Salerne, ils la fortifierent, & en formerent une nouvelle principauté, dont dix-neuf princes de la postérité de Tancrede jouirent successivement.


Le port de cette ville étoit un des plus fréquentés de cette côte, avant que celui de Naples lui eût enlevé son commerce ; ce port n’est plus rien aujourd’hui, qu’on a abattu le grand mole qui l’enveloppoit, & qui mettoit les vaisseaux à l’abri des orages. Il ne reste plus à cette ville, que le commerce de terre pour la faire subsister. Ses rues sont vilaines & fort étroites ; mais elle a quelques palais aux environs de la place, au-dessus de laquelle est le château.


Salerne fut honorée de la qualité d’archevêché l’an 974 par Boniface VII. Son université, aujourd’hui très-méprisée, a été autrefois fameuse pour la médecine.


C’est à Salerne qu’est mort en 1085 le pape Grégoire VII. qui avoit été si fier & si terrible avec les empereurs & les rois. Il s’étoit avisé d’excommunier Robert, prince de Salerne, & le fruit de l’excommunication, fut la conquête de tout le Bénéventin par le même Robert. Le pape lui donna l’absolution, & accepta de lui la ville de Bénévent, qui, depuis ce tems là, est toujours demeurée au saint siege.


Bientôt après éclaterent les grandes querelles entre l’empereur Henri IV. & Grégoire VII. L’empereur s’étant rendu maître de Rome en 1084, assiégeoit le pape dans ce château, qu’on a depuis appellé le château Saint-Ange. Robert accourt alors de la Dalmatie, où il faisoit des conquêtes nouvelles, délivre le pape malgré les Allemands & les Romains réunis contre lui, se rend maître de sa personne & l’emmene à Salerne, où ce pape, qui déposoit tant de rois, mourut le captif & le protégé d’un gentil-homme normand.


Masuccio, auteur du xv. siecle, peu connu, étoit de Salerne. On a de lui en italien cinquante nouvelles, dans le goût de celles de Boccace, c’est-à-dire, très licentieuses. Elles ont été imprimées plusieurs fois, & pillées par des auteurs de même caractere ; témoin les contes du monde adventureux, imprimés à Paris en​1555 in-8°. La premiere édition du livre de Masuccio a pour titre il novellino, & parut à Naples en 1476, in-fol. Elle fut suivie de plusieurs autres, faites à Venise en 1484, en 1492, en 1503 avec figures ; en 1522, en 1525, in-8°. en 1531, in-8°. en 1535, in-8°. en 1541, in-8°. &c. Malgré toutes ces éditions, un satyrique d’Italie (Francesco Doni) a eu raison de se divertir de l’auteur, en lui attribuant ironiquement un ouvrage imaginaire, intitulé : Masuccio commento sopra la prima giornata del Boccaccio. (Le chevalier de Jaucourt.)​","[[""40 46' N 32 20' E""]]",,40 46' N 32 20' E,40 46' N 32 20' E
v14-1935-0,SALINS,"SALINS, (Géogr. mod.)​ ville de France en Franche-Comté, dans une vallée, entre deux montagnes, sur​le ruisseau de Forica, à six lieues au midi de Besançon. Elle est défendue par le fort Saint-André. Il y a quatre paroisses & trois chapitres. Les peres de l’Oratoire y ont un college. Cette ville prend son nom du sel qu’on y fait avec le feu, & dont on fournit la province & une partie de la Suisse. Long. 23. latit. 46. 57.


Lisolas (François baron de) né à Salins en 1613, s’attacha aux intérêts de la maison d’Autriche, à laquelle il rendit de grands services par ses négociations & par ses écrits. Il fut employé dans tous les traités les plus importans, & mourut en 1677, un peu avant les conférences de Nimegue. Son principal ouvrage est intitulé Bouclier d’état & de justice, dans lequel il entreprit de réfuter les droits que Louis XIV. prétendoit avoir sur divers états de la monarchie d’Espagne. Cet ouvrage plut beaucoup à la maison d’Autriche, & fut d’autant plus desagréable à la France, qu’elle étoit mal fondée dans ses prétentions. (D. J.)​","[[""46 57' N 23 E""]]",,46 57' N 23 E,46 57' N 23 E
v14-1939-0,SALISBURY,"SALISBURY, (Géog. mod.)​ Salesbury, Sarisbury, ou New-Sarum ; ville d’Angletere, capitale du Wiltshire, sur l’Avon, à 70 milles au sud-ouest de Londres. C’est une des belles villes du royaume, remarquable en particulier par sa cathédrale d’architecture gothique. Salisbury a le titre de comté depuis Guillaume le Conquérant, & son évêché est suffragant de Cantorbery. Long. 15. 53. lat. 51. 4.


On doit distinguer dans l’histoire deux villes de Salisbury, l’ancienne (Old Salisbury) & la moderne. L’ancienne étoit la Sorviodunum des Romains, & elle est nommée dans les chroniques bretonnes, Salesbiria, Saresbiria, Saerbiria, &c. Cette ancienne place fut abandonnée des habitans, sous le regne de Richard I, & l’on transporta la ville dans l’endroit où elle est aujourd’hui.


Bennet (Thomas), célebre théologien du xviij. siecle, y naquit en 1673, & mourut à Londres en 1728, âgé de 55 ans. Voici la liste de ses principaux ouvrages écrits en anglois. 1°. Réponse aux raisons des non-conformistes sur leur séparation de l’église anglicane. 2°. Réfutation du papisme. 3°. Traite du schisme. 4°. Réfutation du quakérisme. 5°. Histoire de l’usage public des formulaires de prieres. 6°. Droits du clergé de l’église chrétienne. 7°. Discours sur la Trinité, ou examen des sentimens du docteur Clarcke sur cette matiere. 8°. Grammaire hébraïque.


Il s’est fait plusieurs éditions de la plûpart des ouvrages que nous venons de nommer, & ils sont tous exempts des défauts qu’on trouve dans la plûpart des livres polémiques. Celui contre le docteur Clarcke est rempli de témoignages d’honnêteté & de politesse : « je me rappelle, dit-il, que quand je vous témoignois par lettres, que je désapprouvois votre opinion, vous eûtes la bonté de souffrir ma sincérité, avec cette patience, cette candeur, cette douceur, qui éclate constamment dans toute votre conduite. »


Dilton (Homfroi), étoit aussi natif de Salisbury. Il cultiva les mathématiques & la théologie. On a​ de lui un excellent ouvrage, intitulé, démonstration de la religion chrétienne, où il se propose de raisonner sur ce sujet, d’après la méthode des géometres. Il mourut en 1715, à l’age de 40 ans.


Massinger (Philippe), poëte dramatique, naquit à Salisbury, vers l’an 1585. Il a composé plusieurs comédies & tragédies, qui ont été jouées avec applaudissement. Langlaine en a rendu compte dans son livre, intitule : account of the dramaties english poëts, à Oxford 1691, in-8°. Massinger mourut en 1640, & fut enterré dans le même tombeau où repose Fletchers. (D. J.)​","[[""51 4' N 15 53' E""]]",,51 4' N 15 53' E,51 4' N 15 53' E
v14-1950-0,SALM,"SALM, (Géog. mod.)​ petite ville des Pays-bas, au duché de Luxembourg, à trois lieues de Roche-en-Famine, avec titre de comté. Long. 23. 24′. lat. 50. 6. (D. J.)​","[[""50 6' N 23 24' E""]]",,50 6' N 23 24' E,50 6' N 23 24' E
v14-1968-0,SALON,"SALON, (Géog. mod.)​ petite ville de France, en Provence, dans la viguerie d’Aix, & traversée par un bras de la Durance, appellée la fosse-Crapone. Salon est à huit lieues au nord-ouest d’Aix, & dépend d’Arles pour le spirituel. On voit dans l’église des cordeliers le tombeau de Michel Nostradamus, qui est mort dans cette ville. Long. 22. 48. latit. 43. 40.


Crapone (Adam de), gentilhomme natif de Salon dans le xvj. siecle, se distingua singulierement par ses connoissances de la méchanique hydraulique. Il exécuta en ce genre des ouvrages dignes de mémoire ; il fit écouler les eaux croupissantes de Fré-​jus, ce qui rendit l’air de cette ville plus sain. Il imagina & travailla en 1558 au canal de Provence, appellé de son nom le canal Crapone ; c’est un canal de six lieues au-dessus de l’embouchure de la Durance dans le Rhône, & qui porte l’abondance dans des campagnes stériles. Il avoit entrepris de joindre les deux mers en France, & le roi Henri II. avoit même commencé à y faire travailler ; mais la grande capacité de Crapone lui fut fatale : car ayant été envoyé à Nantes en Bretagne pour y démolir les travaux d’une citadelle qu’on avoit exécutée sur un méchant terrain, il fut empoisonné dans la quarantieme année de son âge, par les premiers entrepreneurs de cette citadelle. (D. J.)​","[[""43 40' N 22 48' E""]]",,43 40' N 22 48' E,43 40' N 22 48' E
v14-1999-0,SALTZA,"SALTZA, (Géog. mod.)​ ville d’Allemagne, dans la basse-Saxe, au duché de Magdebourg, sur l’Elbe, à deux milles de Calbe, & autant de Magdebourg ; elle tire son nom des sources salées qui s’y trouvent. Cette ville a été quelque tems libre, & Charlemagne y tint les états de l’empire en 803 ; mais elle a éprouvé de grands malheurs par la longue guerre civile d’Allemagne, & elle ne s’en est pas relevée. Long. 29. 35. lat. 52. 24. (D. J.)​","[[""52 24' N 29 35' E""]]",,52 24' N 29 35' E,52 24' N 29 35' E
v14-2097-0,SANCERRE,"SANCERRE, (Géog. mod.)​ ville de France, en Berry, aux frontieres du Nivernois, sur une colline, à la gauche & à une portée de canon de la Loire, à 9 lieues au nord-ouest de Nevers, à 10 de Bourges, à 4 de la Charité, en descendant vers Briare & Gien, & à 46 au midi de Paris, avec titre de comté. Long. 20. 31. latit. 47. 18.


Cette ville a été nommée en latin du moyen âge, Saxia, Saxiacum, Saxiacus vicus, Sancerra, Sancerrium, Santodorum ; & même par quelques-uns Sacrum Cæsaris, dans l’idée que Sancerre avoit été bâtie par Jules-César ; mais ce conquérant n’en dit pas un seul mot ; & après lui aucun auteur, ni aucune chartre n’en font mention avant Charlemagne ; c’est peut-être ce prince même qui l’a bâtie, & qui la peupla d’une colonie de Saxons ; du moins ne connoît-on pas d’autre origine de ses noms Saxia, Saxiacum & Saxiacus vicus.


Quoi qu’il en soit, elle étoit possédée dans le x. siecle par Thibaut I. comte propriétaire de Chartres, qui avoit une partie du Berry. Elle passa à ses descendans, ensuite à Beraud, comte de Clermont, & dauphin d’Auvergne. Sa fille épousa Jean de Beuil,​& par ce mariage ce comté entra & demeura dans cette maison jusqu’en 1640, que René de Beuil le rendit à Henri de Bourbon, prince de Condé ; de-là vient que la maison de Bourbon Condé en jouit aujourd’hui.


La ville de Sancerre étoit autrefois une des places fortes des calvinistes. Charles IX. après le massacre de la S. Barthélemy, résolut de la leur enlever, & la fit assiéger le 13 Janvier 1573. Ce siege est bien mémorable. Les troupes du roi furent repoussées à tous les assauts, & singulierement à l’assaut général qu’elles donnerent le 11 Mars suivant. Il fallut convertir le siege en blocus, & prendre par la famine une place où l’on ne pouvoit entrer de force.


Les historiens rapportent que les réformés souffrirent pendant ce blocus les mêmes extrémités que les juifs au siege de Jérusalem. Un pere & une mere réduits au désespoir, y mangerent leur propre fils, âgé de 3 ans, & qui venoit de mourir de faim. On ne se nourrissoit plus dans la ville que des bêtes mortes, de peaux, de cornes de piés de bœufs & de vaches, &c. Enfin, on fut obligé de capituler le 25 Août de la même année. Le roi fit abattre le château, & démolir toutes les fortifications. Sancerre ne s’est pas relevée depuis ; ce n’est plus qu’une seigneurie d’environ 20000 liv. de rente, en y comprenant la baronie de Vailly. (D. J.)​","[[""47 18' N 20 31' E""]]",,47 18' N 20 31' E,47 18' N 20 31' E
v14-2249-0,"SARAGOSSE, ou SARAGOCE","SARAGOSSE, ou SARAGOCE, (Géog. moderne.)​ en latin Cæsarea Augusta, Cæsar-augusta, ou Cæsar-Augusta, en espagnol Zaragoça ; ville d’Espagne, capitale du royaume d’Aragon, sur l’Ebre, à sa jonction avec le Galleguo & la Guerva. Elle est à 11 lieues communes d’Espagne au nord-est de Catalaïud, à 12 de Taraçone, à 16 de Lérida, à 21 au sud-est de Pampelune, à 40 au couchant de Barcelone, à 58 au nord-est de Madrid. Long. 16. 55. latit. 41. 45.


Pline, l. III. c. iij. dit que son ancien nom étoit Salduba ; & l’on croit qu’elle a été bâtie par les Phéniciens. Bochard prétend que Salduba vient du phénicien Saltobaal, qui veut dire, Baal est son soutien. Quoi qu’il en soit, elle conserva son nom de Salduba chez les Romains, jusqu’à ce qu’ayant été repeuplée par une colonie romaine sous Auguste, elle prit le nom de cet empereur ; d’où s’est formé le nom moderne.


On y a trouvé une médaille d’Auguste en bronze, où l’on voyoit d’un côté un étendard soutenu d’une pique, qui étoit le symbole d’une colonie, avec cette légende autour de la tête d’Auguste : Augustus D. F. & sur le revers, Cæsar Augusta M. Por. Cn. Fab. II. Vir.


Le P. Hardouin en fournit quelques autres que voici : l’une représente un laboureur qui mene des bœufs attachés à une charrue, symbole l’une colonie. Varron, lib. IV. de lingua latina, dit que l’on commençoit ainsi une colonie, en attelant un bœuf avec une vache ; de maniere que la vache étoit du côté de la colonie, & le bœuf du côte de la campagne. La charrue, selon cette disposition, traçoit le tour des murailles, & on portoit la charrue au lieu où l’on vouloit avoir la porte de la ville.


Pline dit, liv. III. c. iij. que Saragosse étoit une colonie franche arrosée par l’Ebre, & qu’auparavant il y avoit au même lieu un bourg nommé Salduba. Cæsar Augusta colonia immunis, amne Ibero affusa, ubi oppidum antea vocabatur Salduba. Il y a dans le trésor de Goltzius, page 238. cette ancienne inscription : Col. Cæsarea Aug. Salduba. Une autre médaille représente la tête d’Auguste couronnée de lauriers, avec ces mots : Cæsar Augusta. Cn. Dom. Amp. C. Vet. Lang. II Vir. c’est-à-dire, Cn. Domitio Ampliato. Cajo Veturio Languido, Duumviris. Une autre porte ces mots : L. Cassio, Caïo Valerio Fenestella, Duumviris.


On lit sur une autre médaille C. C. A. Pietatis Augustæ. On y voit la tête de la Piété, pour représenter la piété de Julie, fille d’Auguste. Sur le revers est un temple & les noms des duumvirs. Juliano Lupo Pr. C. Cæs. C. Pomponio Parr. II. Vir. c’est-à dire, Juniano Lupo Præfecto Cohortis Cæsarianæ Cajo Pomponio Parra Duumviris. Sur une autre, on voit entre deux étendards de cohortes & une aigle légionnaire, ces trois lettres C. C. A. qui signifient Colonia Cæsar Augusta.


Le plus grand nombre des médailles portent ces trois lettres C. C. A. plusieurs ont Cæsar. Augusta,​ avec un point après le mot Cæsar ; quelques-unes Cæs. Augusta : dans toutes ces médailles, il faut lire Cæsaræa Augusta. Cellarius soupçonne que le mot de Cæsar Augusta pourroit bien être venu de ce qu’en lisant le point a été négligé.


Entre les inscriptions de Gruter, p. 324. n. 12. il s’en trouve une qui, si elle étoit exactement copiée, favorise ceux qui disent Cæsaraugusta d’un seul mot ; la voici : Posthumiæ Marcellinæ ex Cæsaraug. Karensi, que M. de Marca explique ainsi : Posthumiæ origine Carensi, ex conventu Cæsaraugustano. En effet, Pline met le peuple Carenses dans le département de Saragosse.


Saragosse est une des plus belles villes, des plus grandes, des plus riches, & des mieux bâties d’Espagne. Ses rues sont bien pavées, larges & propres. On distingue entre les bâtimens publics, le palais du viceroi, l’hôtel-de-ville, & l’hôpital général. Le palais de l’inquisition a été converti en citadelle ; mais le tribunal ne subsiste pas moins avec tous ses officiers, résident, fiscal, alguasil, major, secrétaires, &c.


On compte à Saragosse dix-sept grandes églises & quatorze monasteres. Le chapitre de la cathédrale est composé de quarante-deux chanoines, dont treize ont des dignités. L’évêché qui étoit établi dès l’an 255, ne connoît une suite de ses évêques que depuis 1110. C’est cette même année qu’Alphonse surnommé le batailleur, roi d’Aragon & de Navarre, prit sur les Maures Saragosse, qui devint la capitale de l’Aragon, & qui ne retourna plus au pouvoir des Musulmans. Le pape Jean XXII. étant à Avignon, érigea en 1317 le siége épiscopal de Saragosse en archevêché. La date de la fondation de l’université est de l’an 1474.


Quant au gouvernement de cette ville, soit politique, soit judiciaire, il est bien différent de ce qu’il étoit autrefois. Elle a un viceroi, un capitaine général du royaume, & une audience royale, qui décident de tout. Il n’y a plus de grand justicia d’Aragon. Il étoit difficile de trouver une plus belle disposition que celle des lois de cette ville dans les tems antérieurs. Tout y marquoit l’éminence d’une prudence législative ; mais cette belle économie fut entierement changée en 1707, par l’abolition des priviléges de l’Aragon, que le roi réduisit en province du royaume de Castille, dont on lui donna les lois. La cour des jurés, semblable à celle de la grande Bretagne & encore plus parfaite, a passé à des régidors qui sont à la nomination du roi, & qui ont pour chef un intendant du prince, en qui toute l’autorité réside.


L’air est fort pur & fort sain à Saragosse ; tous les vivres y sont en abondance & à bon marché. On y passe l’Ebre sur deux ponts, dont l’un est de pierre & l’autre de bois. Cette riviere fournit aux habitans de l’eau, des denrées & du commerce ; elle y est belle & navigable : aussi les Carthaginois, les Grecs & les Romains la remontoient jusqu’à Saragosse. Elle coule autour de la ville, de maniere qu’elle en baigne le pié des édifices en quelques endroits, & ses bords y sont ornés d’un quai qui sert de promenade aux habitans. Elle n’avoit pas autrefois précisément le même lit qu’elle a aujourd’hui : comme elle causoit de grands dégâts sur sa route, lorsqu’elle venoit à s’enfler, on y a porté remede, en lui ouvrant un cours avec tant de succès, que quelque débordement qui lui survienne, elle s’étend paisiblement sur le rivage qui est de l’autre côté de la ville ; & quoique le courant soit fort, à cause de tous les ruisseaux qu’elle reçoit, elle ne fait aucun ravage dans les vergers & les jardins de son voisinage.


Prudence, en latin Aurelius Prudentius Clemens, poëte chrétien, naquit en 1348 à Saragosse, selon Alde Manuce, Sixte de Sienne, Possevin & quelques autres. Il fut d’abord avocat, ensuite homme de guerre, & enfin attaché à la cour par un bel emploi. Il n’exerça​sa muse sur des matieres de religion qu’à l’âge de 57 ans, & ne dissimula point dans ses écrits le libertinage de sa jeunesse. Voici ses propres paroles :



Tùm lasciva protervitas,
Et luxus petulans (heu pudet ac piget !)
Foedavit juvenem nequitiæ sordibus, ac luto.


Les poésies de Prudence sont plus remplies de zèle de religion que des ornemens de l’art ; le style en est souvent barbare, les fautes de quantité s’y trouvent en grand nombre ; & d’ailleurs l’orthodoxie n’y est pas toujours ménagée. On ne sait de qui il tenoit cette anecdote singuliere qu’il avance comme un fait certain (vers 125 & 133.) que les damnés ont tous les ans un jour de repos, & que c’est le jour où J. C. sortit de l’enfer. Il semble même qu’il a cru que l’ame de l’homme est corporelle ; du-moins selon M. le Clerc, ces paroles de Prudence, animæ rapit aura liquorem, signifient naturellement la mortalité de l’ame ; mais je crois que c’est mettre sur le sentiment ce qui doit être attribué à la versification.


Quoi qu’il en soit, on a plusieurs éditions de ses ouvrages ; celle de Deventer est la premiere, & celle d’Alde, à Venise en 1502 in-4°. n’est que la seconde. On estime sur-tout celle d’Hanaw en 1613, celle d’Amsterdam en 1667, avec les notes de Nicolas Heinsius ; & celle in usum delphini, donnée à Paris par le P. Chamillart, en 1687, in-4°.


Entre les savans plus modernes nés à Saragosse, je me contenterai de nommer Agostino, Molinos, & Surita.


Agostino (Antonio) a été l’un des plus habiles hommes de son siecle, dans la connoissance du droit civil & canonique, dans la littérature & les antiquités. Il fut auditeur de rote, ensuite évêque de Lérida, enfin archevêque de Tarragone, où il mourut en 1586, à 68 ans. La plûpart de ses ouvrages sont très-estimés, sur-tout ceux de la belle littérature ; comme 1°. celui qui a pour titre, familiæ Romanorum trigenta ; 2°. de legibus & senatusconsultis Romanorum ; 3°. ses dialogues en espagnol des médailles des Grecs & des Romains ; 4°. ses antiquités d’Espagne, qui ont été traduites en italien & en latin ; 5°. enfin le plus considérable de ses ouvrages est la correction de Gratien, dont M. Baluze a donné une excellente édition, imprimée à Paris en 1672, avec de savantes notes.


Molinos (Michel), né en 1627 à Saragosse, ou du moins dans le diocèse, est connu de tout le monde par sa doctrine sur la mysticité, qu’il répandit en Italie ; il renferma cette doctrine dans un livre espagnol qu’il intitula la conduite spirituelle, & dans lequel il inséra son oraison de quiétude. Tous ses écrits furent condamnés à être brulés au bout de vingt ans, & l’inquisition mit l’auteur dans une prison perpétuelle, où il mourut en 1696, après 7 ans de captivité, quoiqu’il eût fait abjuration de ses erreurs sur un échaffaud dressé dans l’église des dominicains. Il étoit alors âgé de soixante ans, & le public ne voyoit en lui qu’un honnête prêtre, dont les mœurs étoient irréprochables. Son livre n’avoit été publié qu’avec l’approbation des qualificateurs de l’inquisition. Innocent XI. avoit fait un cas tout particulier de Molinos ; & ce même pape l’abandonna à la persécution des jésuites, qui intéresserent Louis XIV. dans cette affaire.


Surita (Jérôme), né à Saragosse en 1502, a mis au jour une histoire curieuse du royaume d’Aragon. Il mourut âgé de 67 ans. « La seule chose dont on puisse blâmer Surita, dit M. de Thou, ou plûtôt le seul malheur dont on le doit plaindre, c’est qu’il ait été secrétaire de l’inquisition, & que passant pour un homme docte, plein de douceur & d’humanité, il ait pris un emploi si cruel en lui-même & si pernicieux à tous les gens de lettres ; soit qu’il l’ait cru nécessaire pour pourvoir à sa sûreté ; ou par​ le destin de sa nation, afin de soutenir sa dignité ». (Le chevalier de Jaucourt.)​","[[""41 45' N 16 55' E""]]",,41 45' N 16 55' E,41 45' N 16 55' E
v14-2250-0,SARAI ou BOSNA-SERAI,"SARAI ou BOSNA-SERAI, (Géogr. mod.)​ ville de la Turquie européenne, dans la Bosnie, sur le ruisseau de Migliataska, entre Belgrade à l’orient, & Sebenico au couchant. Ses revenus & ceux de son territoire sont affectés à la sultane mere. Long. 36. 25. lat. 44. 18. (D. J.)​","[[""44 18' N 36 25' E""]]",,44 18' N 36 25' E,44 18' N 36 25' E
v14-2302-0,SARGANS,"SARGANS, (Géog. mod.)​ ville de Suisse, capitale du comté auquel elle donne son nom, avec un château où réside le bailli ; c’est une petite ville bâtie sur la croupe d’un monticule qui est une branche de la grande montagne nommée Shalberg. Les sept anciens cantons acheterent cette ville, ainsi que le comté en 1423. Long. 27. 12. latit. 47. 10. (D. J.)​","[[""47 10' N 27 12' E""]]",,47 10' N 27 12' E,47 10' N 27 12' E
v14-2339-0,SARSANE ou SARZANE,"SARSANE ou SARZANE, (Géogr. mod.)​ ville d’Italie dans l’état de Gènes, sur les frontieres de Toscane, 18 lieues au sud-est de Gènes, & à 5 au nord-est de Massa. Son évêché, quoique sous la métropole de Pise, n’en subit pas la jurisdiction. Côme I. grand duc de Toscane, céda cette ville aux Génois pour Livourne, en quoi il fit un admirable échange. Long. 27. 36. lat. 44. 9. (D. J.)​","[[""44 9' N 27 36' E""]]",,44 9' N 27 36' E,44 9' N 27 36' E
v14-2355-0,SARY,"SARY, (Géog. mod.)​ ville de Perse, remarquable par les mines de cuivre de son territoire. Long. selon Tavernier, 78. 15. lat. 36. 40. (D. J.)​","[[""36 40' N 78 15' E""]]",,36 40' N 78 15' E,36 40' N 78 15' E
v14-2440-0,SAVERDUN,"SAVERDUN, (Géog. mod.)​ ville de France dans le pays de Foix, sur l’Ariege. Elle appartenoit autrefois aux comtes de Toulouse, & étoit alors une place importante. Elle soutint pendant la guerre des Albigeois un siege contre Simon de Monfort, & l’obligea de se retirer avec perte. Long. 19. 16. lat. 43. 12.


Benoît XII. né à Saverdon, où son pere étoit meunier, se fit religieux de Cîteaux, devint cardinal, fut élu pape à Avignon en 1334, & mourut dans cette ville en 1342. Il suivit l’exemple de Jean XXII. en déposant par de nouvelles bulles l’empereur Louis de Baviere, & le privant de tous ses biens, meubles & immeubles. Il crut aussi devoir donner une constitution sur l’état des ames après la mort, fait sur lequel il étoit à-propos de ne rien statuer, puisque son prédécesseur lui-même étant assis sur la chaire pontificale, voulut établir une opinion toute différente sur la vision béatifique ; & cette opinion auroit été reçue dans l’Eglise sans l’université de Paris, qui s’y opposa formellement. (D. J.)​","[[""43 12' N 19 16' E""]]",,43 12' N 19 16' E,43 12' N 19 16' E
v14-2449-0,SAVIGNANO,"SAVIGNANO, (Géogr. mod.)​ petite ville d’Italie dans la Romagne, au bord de la Plussa, sur l’ancienne voie émilienne, entre Cæsena & Rimini, à-peu-près à égale distance de chacune de ces villes. Long. 29. 43. latit. 44. 10. (D. J.)​","[[""44 10' N 29 43' E""]]",,44 10' N 29 43' E,44 10' N 29 43' E
v14-2450-0,"SAVILLAN, ou SAVILLANS","SAVILLAN, ou SAVILLANS, (Géogr. mod.)​ ville d’Italie dans le Piémont, capitale de la province de même nom, sur la riviere de Maira, entre Salusses & Fossano, à 5 milles de chacune de ces places, & à pareille distance de Coni ; c’est une petite ville, mais jolie & fortifiée. Long. 24. 20. latit. 44. 30. (D. J.)​","[[""44 30' N 24 20' E""]]",,44 30' N 24 20' E,44 30' N 24 20' E
v14-2469-0,SAVOCA,"SAVOCA, (Géog. mod.)​ petite ville de Sicile, dans le val Démona, sur la côte orientale de l’île, à l’embouchure d’une petite riviere de même nom, au nord de San Alexio. Long. 33. 10. lat. 38.","[[""38 N 33 10' E""]]",,38 N 33 10' E,38 N 33 10' E
v14-2775-0,SCHONREIN,"SCHONREIN, (Géog. mod.)​ petite ville d’Allemagne, dans la Franconie, sur les confins de l’évêché de Wurtzbourg, à la gauche du Mein, au-dessous de Gemund. Elle est chef-lieu d’un bailliage, & appartient à l’évêque de Wurtzbourg. Long. 27. 22. latit. 50. 6. (D. J.)​","[[""50 6' N 27 22' E""]]",,50 6' N 27 22' E,50 6' N 27 22' E
v14-2778-0,SCHOUMAN,"SCHOUMAN, (Géog. mod.)​ ville de Perse, située dans le sogd ou plaine de Saganian. Long. selon Abulféda, 91. 30. latit. septentrionale, 37. 20. (D. J.)​","[[""37 20' N 91 30' E""]]",,37 20' N 91 30' E,37 20' N 91 30' E
v14-2779-0,"SCHOUSCH, SCHOUSCHSTER, & SOUSTER","SCHOUSCH, SCHOUSCHSTER, & SOUSTER, (Géog. mod.)​ c’est le nom de l’ancienne ville de Suze, capitale du Khourestan, qui est l’ancienne Suziane.


Les Persans qui l’appellent aussi Toster, tiennent par tradition, qu’elle a été bâtie par Houschenk, troisieme roi de Perse, de la premiere race, nommée des Piscdadiens. Les tables arabiques donnent à​cette ville 84d. 30′. de longitude, & 31. 30. de latitude septentrionale, & la placent dans le troisieme climat. Voyez Suse. (D. J.)​","[[""31 30' N 84 30' E""]]",,31 30' N 84 30' E,31 30' N 84 30' E
v14-2806-0,SCIACCA,"SCIACCA, (Géog. mod.)​ petite ville de Sicile dans le val de Mazara, sur la côte méridionale au pié d’une montagne, avec un château & un port. C’est un des grands magasins de blé de tout le pays. Quelques-uns croient que c’est l’ancien lieu nommé ad aquas Labodas. Long. 30. 35. lat. 39. 32.","[[""39 32' N 30 35' E""]]",,39 32' N 30 35' E,39 32' N 30 35' E
v14-2975-0,SCZEBRECZIN,"SCZEBRECZIN, (Géog. mod.)​ les François trop habitués à estropier les mots géographiques, écrivent Chebrechin ; c’est ainsi que fait M. de Beaujeu dans ses mémoires : ville de Pologne, dans le Palatinat de Russie, & de la dépendance de Zamosch, à 3 lieues de Tourobin, sur une pente de colline ; elle est arrosée par la petite riviere de Wiepers, qui va se jetter à travers le Palatinat de Lublin, dans le Bog. Son commerce consiste en miel & en cire. Long. 41. 26. lat. 50. 35. (D. J.)​","[[""50 35' N 41 26' E""]]",,50 35' N 41 26' E,50 35' N 41 26' E
v14-3000-0,"SÉBESTE, ou Seben, ou Ceben","SÉBESTE, ou Seben, ou Ceben, (Géogr. mod.)​ & plus communément Hermanstad, ville de Transylvanie, au comté du même nom, dont elle est le chef-lieu, mais un misérable chef-lieu sans défense & sans murailles Long. 41. 14. latit. 46. 24. (D. J.)​","[[""46 24' N 41 14' E""]]",,46 24' N 41 14' E,46 24' N 41 14' E
v14-3011-0,SEBZVAR ou SEBZUAR,"SEBZVAR ou SEBZUAR, (Géog. mod.)​ ville de Perse, dans la province de Khorassan. Elle avoit été le siege des princes de la dynastie des Serbéduriens, avant que Tamerlan s’en rendît maître. Long. suivant​ M. Petit de la Croix, 91. latit. 31. (D. J.)​",[['31 N 91 E']],,31 N 91 E,31 N 91 E
v14-3029-0,SECKINGEN,"SECKINGEN, (Géog. mod.)​ ville d’Allemagne, en Suabe, dans une île formée par le Rhein, à trois milles au sud-est de Basle, & à six au couchant de Schassouse. C’est une des quatre villes forestieres. Elle essuya un terrible incendie en 1678, & fut prise en 1683 par le duc de Saxe-Weimar ; elle est aujourd’hui réduite à une simple place, entourée de quelques maisons. Beatus Rhenanus croit que c’est la Sanctio dont parle Ammien Marcellin, liv. XXII. Long. 25. 38. lat. 47. 43.


Keller (Jacques), en latin Cellarius, jésuite, naquit à Seckingen en 1568, & mourut à Munich en 1631, à 63 ans. Il publia quelques livres de controverse en allemand, & divers ouvrages de politique en latin sur les affaires du tems Il s’y déguise souvent sous les noms de Fabius Hercinianus, d’Aurimontius, de Didacus Tamias, &c. Son livre intitulé Mysteria politica fit grand bruit, & étoit fort injurieux à la cour de France. Les Jésuites qui ont compilé la bibliotheque des écrivains de leur ordre n’ont point reconnu leur confrere dans les faux noms sous lesquels il se déguisoit. (D. J.)​","[[""47 43' N 25 38' E""]]",,47 43' N 25 38' E,47 43' N 25 38' E
v14-3068-0,SEDAN,"SEDAN, (Géog. mod.)​ ville de France, en Champagne, frontiere du Luxembourg, sur la droite de la Meuse, à 12 lieues au sud-est de Charlemont, à 18 de Luxembourg, & à 56 de Paris.


Comme cette ville est une place très-importante, & une des clés du royaume, ses anciennes fortifications ont été augmentées par d’autres plus considérables, & en particulier par un château à 4 grands bastions, avec un arsenal. La ville a un présidial dont​l’étendue est médiocre, une élection, un séminaire établi en 1681, & un college de jésuites, fondé en 1673 ; les draps qu’on fabrique dans cette ville, sous le nom de Pagnon & de Rousseau, sont très-estimés, & contribuent beaucoup à la subsistance des habitans. Le roi a établi à Sedan, un gouverneur, un lieutenant de la ville, un du château, & un maire. Long. 22. 36. lat. 49. 43.


Sedan a eu autrefois des seigneurs particuliers, entre lesquels ceux qui possédoient cette principauté avant l’an 1642, étoient princes souverains, ne relevant ni de l’empereur, ni du roi de France. Mais depuis que Fréderic-Maurice, duc de Bouillon, pere de M. de Turenne, l’eut cedée à Louis XIII, contre d’autres terres dépendantes de la couronne, la dignité de prince de Sedan qu’il se réserva dans le traité, ne devint plus qu’un vain titre, qui donnoit seulement au duc un certain rang parmi les illustres maisons de France, avec quelques autres foibles marques d’honneur ; ensorte que la maison de Bouillon a perdu dans ce traité son plus beau fleuron, sans espoir de retour.


Drelincourt (Charles) fameux ministre de l’église calviniste, est né à Sedan en 1585, & mourut à Paris en 1669. Il s’acquit une grande réputation par son savoir, & laissa des ouvrages de piété, qu’on débite également dans l’une & dans l’autre religion. Tel est par exemple, son livre contre les frayeurs de la mort. Son fils Charles se distingua dans la Médecine, fut appellé professeur dans cette science à Leyde, & y finit ses jours en 1697.


C’est dans le château de Sedan que M. de Turenne vint au monde en 1611, & c’est un boulet de canon qui trancha ses jours en 1675. Cette même année vit finir la carriere des trois plus grands généraux de l’Europe. M. de Turenne fut tué, M. le Prince se retira, & M. de Montecuculli suivit son exemple, disant qu’un homme qui avoit eu l’honneur de combattre contre Mahomet Coprogli, contre M. le Prince, & contre M. de Turenne, ne devoit pas compromettre sa gloire contre des gens qui commençoient à commander les armées. Louis XIV. fit promptement huit nouveaux maréchaux de France, MM. d’Estrades, le duc de Noailles, le comte de Schomberg, le duc de Duras, le duc de Vivonne, le duc de la Feuillade, le duc de Luxembourg & le marquis de Rochefort. Madame Cormuel disoit de cette promotion, que c’étoit la monnoie de M. de Turenne. Henault. (D. J.)​","[[""49 43' N 22 36' E""]]",,49 43' N 22 36' E,49 43' N 22 36' E
v14-3171-0,SÉLELERRE,"SÉLELERRE, (Géog. mod.)​ petite ville, selon nos lexicographes, & selon la vérité, petit bourg de France, en Sologne, sur le Beuvron, à 4 lieues sud-est de Blois ; ce bourg a une seule paroisse, & un couvent de filles. Longitude 18. 58. latitude 47. 34. (D. J.)​","[[""47 34' N 18 58' E""]]",,47 34' N 18 58' E,47 34' N 18 58' E
v14-3189-0,SELINGSTAD,"SELINGSTAD, (Géog. mod.)​ on écrit aussi Selgenstad, Seligenstad, Selingunstad, ville d’Allemagne, en Franconie, dans l’électorat de Mayence. Elle dépend de l’électeur de Mayence. Long. 26. 5. latit. 50. (D. J.)​","[[""50 N 26 5' E""]]",,50 N 26 5' E,50 N 26 5' E
v14-478-0,REQUENA,"REQUENA, (Géog. mod.)​ ville d’Espagne dans la nouvelle-Castille, sur l’Oliana qui se rend dans le Xuçar, à 18 lieues au couchant de Valence, & à 50 de Madrid. Le P. Briet croit que c’est la Salaria des Bastitains. Long. 16. 18. lat. 39. 32. (D. J.)​","[[""39 32' N 16 18' E""]]",,39 32' N 16 18' E,39 32' N 16 18' E
v14-621-0,RETHEL,"RETHEL, (Géog. mod.)​ ville de France, en Champagne, capitale du Réthelois, sur une montagne, près de l’Aisne, à 10 lieues au nord-est de Rheims, à 14 au sud-ouest de Sedan, & à 45 au nord-est de Paris. Long. 22. 6. lat. 49. 37.


Rethel est fort ancienne ; c’étoit un fort du tems de Jules-César, qu’on nommoit castrum retectum. On appelloit anciennement le château de Rethel, Reteste, qui eut plusieurs seigneurs de ce nom dès le xiij. siecle. Le comté de Rethel est aussi de très-ancienne érection ; car dès le tems de Clovis, saint Arnould est qualifié comte de Réthel.


La ville de Rethel a été souvent prise & reprise dans le dernier siecle ; elle fut érigée en duché par Henri III. en 1581, en faveur de Charles de Gonzague. Ensuite le cardinal Mazarin acheta le duché de Rethel, & la confirmation lui en fut accordée en 1663. C’est un des plus beaux duchés du royaume, dont le revenu va au-delà de soixante mille livres ; l’élection de Rhetel est composée de 296 paroisses, presque toutes du diocèse de Rheims. (D. J.)​","[[""49 37' N 22 6' E""]]",,49 37' N 22 6' E,49 37' N 22 6' E
v14-800-0,RHEINFELDEN,"RHEINFELDEN, (Géog. mod.)​ ville d’Allemagne, dans le cercle de Suabe, & la plus importante des quatre villes forestieres, sur la gauche du Rhein, qu’on y passe sur un pont, à 9 lieues au sud-ouest de Fribourg, & à 3 au levant de Basle. En 1638, il y eut près de cette ville deux actions, dans une desquelles le duc de Rohan fut blessé à mort. En 1744, les François prirent Rochefelden, & ruinerent le fort qui la défendoit. Long. 25. 26. lat. 47. 43.


Eygs (Richard) jésuite, né à Rheinfelden en 1621, a donné quelques poésies latines, sacrées & profanes, dont les principales sont ses comica varii generis. Il mourut en 1659, à trente-huit ans. (D. J.)​","[[""47 43' N 25 26' E""]]",,47 43' N 25 26' E,47 43' N 25 26' E
v14-920-0,RIBEMONT ou RIBLEMONT,"RIBEMONT ou RIBLEMONT, (Géog. mod.)​ petite ville de France en Picardie, au diocèse & élection de Laon, près de la riviere d’Oise, sur une hauteur entre Guise & la Fere, à quatre lieues de Saint-Quentin, avec une abbaye d’hommes, ordre de Saint-Benoît, fondée l’an 1083. Il y a dans la ville une prevôté royale ; c’est un gouvernement particulier du gouvernement militaire de Picardie, & elle a aussi sa coutume particuliere qui dépend de celle de Vermandois. Long. 21. 8. lat. 41. 45. (D. J.)​","[[""41 45' N 21 8' E""]]",,41 45' N 21 8' E,41 45' N 21 8' E
v14-938-0,"RICHEMOND, ou plutôt Richmond","RICHEMOND, ou plutôt Richmond. (Géograp. mod.)​ ville à marché d’Angleterre, dans l’York-Shi-​re, sur la Swale, capitale du territoire qu’on appelle Richmond-Shire, où il y a des mines de plomb, de cuivre & de charbon de terre. Alain le Noir, comte de Bretagne, fit bâtir le bourg de Richmond, du tems de Guillaume le Conquérant, qui l’érigea en comté en sa faveur. Henri VIII. l’ayant érigé en duché en 1535, le donna à un de ses fils naturels, qu’il avoit eu d’Elisabeth Blunt. Il est aujourd’hui possédé par les descendans de Charles de Lénox, fils naturel du roi Charles II. à qui ce prince l’avoit donné. Ce duché est très-considérable ; le bourg a droit d’envoyer deux députés au parlement. Long. 15. 40. lat. 54. 25. (D. J.)​","[[""54 25' N 15 40' E""]]",,54 25' N 15 40' E,54 25' N 15 40' O
v15-1030-0,SOLLINGEN,"SOLLINGEN, (Géog. mod.)​ petite ville d’Allemagne dans le cercle de Westphalie, au duché de​ Berg, sur la riviere de Wiper. Long. 24. 19. latitude 51. 9.


Claudeberge, l’un des premiers sectateurs de Descartes en Allemagne, naquit à Sollingen en 1622, & mourut en 1665. Ses œuvres ont été recueillies & imprimées à Amsterdam en 1691, en deux volumes in-4°. On en faisoit un grand cas avant qu’une meilleure philosophie eût été connue. (D. J.)​","[[""51 9' N 24 19' E""]]",,51 9' N 24 19' E,51 9' N 24 19' E
v15-1161-0,SORAW,"SORAW, (Géog. mod.)​ ville d’Allemagne, dans la haute Saxe, sur les confins de la Silésie, capitale du marquisat de Lusace, près du Bober, à 2 lieues au nord-est de Sagan, & à 7 sud de Crossen. Long. 32. 55. latit. 51. 37.


Neander (Michel), un des plus célebres littérateurs allemands du xvj. siecle, naquit à Soraw en 1525, & mourut à Isfeld l’an 1595, âgé de 70 ans. Entre ses principaux ouvrages qu’il a publiés, je nomme 1°. les erotemata linguæ græcæ, Basilæa 1553 & 1565 in-8°. La préface qu’il a mise à la tête de la seconde édition, est une dissertation sur les bibliotheques anciennes, où il parle des livres qui sont perdus, & sur les bibliotheques de son tems les mieux fournies en manuscrits grecs. 2°. Linguæ hebreæ erotemata, Basil. 1556, in-8°. & plusieurs autres fois. La préface de cet ouvrage traite, comme la précédente, de la langue hébraique en général, des ouvrages & des savans les plus célebres dans les langues orientales. 3°. Opus aureum & scholasticum, Lipsiæ 1575, in-8°. Ce recueil contient le poëme de Coluthus de Lycoplis sur l’enlevement d’Hélene, celui de Thryphiodore d’Egypte, sur la ruine de Troie, & trois livres de Quintus Calaber, ou Cointe le Calabrois, sur le même sujet. 4°. Chronicon & historia Ecclesiæ, Lipsiæ 1590, in-8°. 5°. Orbis terræ partium simplex enumeratio. Lipsiæ 1582, 1586, 1589 & 1597, in-8°. Cet ouvrage assez curieux dans le tems où il parut, ne l’est plus pour nous.


Fabricius, Morboff, Baillet, & finalement le P. Niceron, ont beaucoup parlé de ce littérateur. Il ne faut pas le confondre, comme ont fait quelques bibliothécaires, avec le Neander (Michel), physicien & médecin, né à Souchimestal, en 1529, & mort en 1581. Ce dernier a donné entr’autres ouvrages une synopsis mensurarum & ponderum, à Basle, 1556, in-4°.","[[""51 37' N 32 55' E""]]",,51 37' N 32 55' E,51 37' N 32 55' E
v15-1609-0,SPROTTAW,"SPROTTAW, (Géog. mod.)​ ville d’Allemagne, dans la Silésie, au duché de Glogaw, au confluent du Bober & du Sprotta, à deux milles au-dessus de la ville de Sagan. Long. 32. 9. lat. 51. 33. (D. J.)​","[[""51 33' N 32 9' E""]]",,51 33' N 32 9' E,51 33' N 32 9' E
v15-1724-0,STEENBERGUE,"STEENBERGUE, (Géog. mod.)​ petite ville des Pays-Bas au Brabant hollandois, dans la partie septentrionale du marquisat de Berg-op-zoom. Cette ville est très-bien fortifiée, & elle fait avec les poldeers des environs une seigneurie qui appartient à la maison de Nassau-Orange ; mais les Etats généraux en sont souverains, & y levent les mêmes impôts que dans les autres pays de la généralité. La régence est composée d’un drossard, d’un bourguemestre & de six échevins, avec un secrétaire. Long. 21. 50. lat. 51. 36. (D. J.)​","[[""51 36' N 21 50' E""]]",,51 36' N 21 50' E,51 36' N 21 50' E
v15-1726-0,STEENWICK,"STEENWICK, (Géog. mod.)​ petite ville des Pays-Bas, dans la province d’Over-Issel, vers les confins de la Frise, sur la riviere d’Aa. Ses fortifications sont bonnes & régulieres. Elle étoit autrefois sous l’évêché de Deventer. Le Prince Maurice de Nassau la prit sur les Espagnols en 1592, & elle est restée depuis sous la domination des Etats généraux. Long. 23. 38. lat. 52. 49.


Cette petite ville est la patrie d’Oléarius (Adam), qui s’est acquis de la réputation par la relation du voyage qu’il fit en Perse, en Moscovie & en Tartarie, en qualité de secrétaire de l’ambassade du duc de Holstein. M. de Wicquefort a traduit en françois cette relation, & l’a faite imprimer à Paris en 1656, en deux vol. in-4°. Le même ouvrage a été réimprimé​ en 1726, en deux vol. in-fol. avec beaucoup de cartes & de figures copiées sur celles de l’édition allemande, dessinées par Oléarius lui-même. Oléarius de retour dans sa patrie, donna un abrégé des chroniques de Holstein, imprimé à Schleswick en 1663.


Paludanas (Bernard) autrement nommé Vanden-Brock, étoit compatriote d’Oléarius, & a publié entr’autres ouvrages de savantes remarques sur les voyages de Linschoten. (D. J.)​","[[""52 49' N 23 38' E""]]",,52 49' N 23 38' E,52 49' N 23 38' E
v15-1732-0,STEIN,"STEIN, (Géog. mod.)​ ville de Suisse, dans le canton de Zurich, sur la rive droite du Rhein, à l’endroit où ce fleuve sort du lac de Constance. Cette​ville jouit d’une entiere liberté, & se gouverne par ses propres magistrats, sous la protection de Zurich, depuis l’an 1484. Long. 26. 44. lat. 47. 50. (D. J.)​","[[""47 50' N 26 44' E""]]",,47 50' N 26 44' E,47 50' N 26 44' E
v15-1932-0,STROMBERG,"STROMBERG, (Géog. mod.)​ petite ville d’Allemagne, dans l’évêché de Munster, chef-lieu d’un burgraviat, à 3 lieues de Lipstadt. Long. 25. 57. lat. 51. 43. (D. J.)​","[[""51 43' N 25 57' E""]]",,51 43' N 25 57' E,51 43' N 25 57' E
v15-1997-0,SUANE,"SUANE, (Géog. mod.)​ province de l’Amérique méridionale. Elle s’étend jusqu’à la riviere du grand Kaketa, & comprend toutes les campagnes du nord du fleuve des Amazones. Elle a dans son sein une montagne qui produit de l’or ; cette montagne est à 317 degrés de longitude, & à 2 degrés de latitude australe. (D. J.)​",[['2 S 317 E']],,2 S 317 E,2 S 317 E
v15-2197-0,SULTZBURG,"SULTZBURG, (Géog. mod.)​ petite ville d’Allemagne, dans le Brisgaw, dépendante des margraves de Bade-Dourlac, qui y ont bâti un château. Le terroir de ce lieu produit des vins rouges sort estimés en Allemagne. Long. 25. 14. latit. 47. 53. (D. J.​","[[""47 53' N 25 14' E""]]",,47 53' N 25 14' E,47 53' N 25 14' E
v15-2254-0,SUPINO,"SUPINO, (Géog. mod.)​ en latin Sœpinum & Sepinum ; ville d’Italie, au royaume de Naples, dans le​ comté de Molise, à la source de la Tamara. Elle est située entre Vénafre, à l’occident, & Luceria à l’orient, dans l’Apennin, sur les confins de la terre de Labour, à 20 milles de Benevent : cette ville étoit un bourg des Samnites, appellé Sepium, par Ptolomée ; & Sepino, par Léander Alberti. Long. 32. 39. latit. 40. 51. (D. J.)​","[[""40 51' N 32 39' E""]]",,40 51' N 32 39' E,40 51' N 32 39' E
v15-229-0,SERRAVALLE ou SARRAVALLE,"SERRAVALLE ou SARRAVALLE, (Géog. mod.)​ petite ville d’Italie, dans l’état de Venise, au Trévisan, à deux milles nord-est de Cénéda. Long. 29. 51. latit. 46. 1.


Il y a un gros bourg de même nom dans le duché de Milan, aux confins du Tortonnèse & de l’état de Gènes, près de la petite riviere de Scrivia. Ce bourg donne son nom à un petit territoire qui est comme enclavé dans l’état de Gènes. (D. J.)​","[[""46 1' N 29 51' E""]]",,46 1' N 29 51' E,46 1' N 29 51' E
v15-2435-0,SUTRI,"SUTRI, (Géogr. mod.)​ en latin Sutrium ; petite ville d’Italie dans l’état de l’Eglise, au patrimoine de S. Pierre, sur le Pozzuolo, à 10 lieues au nord-ouest de Rome. Il s’y tint un concile en 1046. Elle fut érigée en évêché au cinquieme siecle par le pape S. Hilaire ; mais son état misérable a fait réunir cet évêché à celui de Népi. Long. 30. 5. latit. 42. 10. (D. J.)​","[[""42 10' N 30 5' E""]]",,42 10' N 30 5' E,42 10' N 30 5' E
v15-2443-0,SUZANNE sainte,"SUZANNE sainte, (Géog. mod.)​ petite ville de France, dans le Maine, à dix lieues du Mans, au bord de la petite riviere d’Hervé ; c’étoit autrefois une place forte. Long. 17. 14. latit. 48. 9. (D. J.)​","[[""48 9' N 17 14' E""]]",,48 9' N 17 14' E,48 9' N 17 14' E
v15-263-0,SERVAN,"SERVAN, (Géog. mod.)​ petite ville de la province de Ségestan. Son terroir est fertile en fruits, en dattes & en pins ; ce qui est rare dans cette province. Les géographes du pays la mettent à 79. 15. de longit. sous les 32. 10. de lat. (D. J.)​","[[""32 10' N 79 15' E""]]",,32 10' N 79 15' E,32 10' S 79 15' E
v15-2692-0,TACHA,"TACHA, (Géog. mod.)​ ville du royaume de Bohème, aux confins du haut-Palatinat, sur la riviere​de Mies. Ziska, chef des Hussites, la prit d’assaut en 1427, & y mit garnison. Long. 30. 42. latit. 49. 55. (D. J.)​","[[""49 55' N 30 42' E""]]",,49 55' N 30 42' E,49 55' N 30 42' E
v15-2740-0,TAGHMOND,"TAGHMOND, (Géog. mod.)​ petite ville d’Irlande, dans la province de Leinster, au comté de Wexford, à sept milles à l’orient de Wexford. Elle envoye deux députés au parlement de Dublin. Long. 11. 16. latit. 52. 10. (D. J.)​","[[""52 10' N 11 16' E""]]",,52 10' N 11 16' E,52 10' N 11 16' O
v15-2921-0,TANGAPATAN,"TANGAPATAN, (Géog. mod.)​ ville des Indes, au royaume de Travançor, sur la côte de Malabar, à huit lieues du cap de Comorin. Long. 96. 20. latit. 8. 19. (D. J.)​","[[""8 19' N 96 20' E""]]",,8 19' N 96 20' E,8 19' N 96 20' E
v15-2935-1,"Tanjaor, ou Tanjour","Tanjaor, (Géog. mod.)​ ou Tanjour, ville de​l’Inde méridionale, capitale du royaume de même nom, sur la côte de Coromandel, au bord d’un bras du fleuve Caveri : c’est la résidence d’un roi du pays. Long. suivant le P. Boucher jésuite, 96. 33. latit. 11. 27.","[[""11 27' N 96 33' E""]]",,11 27' N 96 33' E,11 27' S 96 33' E
v15-3073-1,"Taro, ou Borgo di val di Taro","Taro, (Géog. mod.)​ ou Borgo di val di Taro, petite ville d’Italie, dans le Plaisantin, sur la rive droite du Taro, & capitale du petit pays appellé Val-di-Taro, à douze lieues au sud-ouest de Parme. Long. 27. 25. latit. 44. 35. (D. J.)​​","[[""44 35' N 27 25' E""]]",,44 35' N 27 25' E,44 35' N 27 25' E
v15-3179-0,TAVISTOCK ou TAVESTOCK,"TAVISTOCK ou TAVESTOCK, (Géog. mod.)​ ville d’Angleterre, en Devonshire, sur la droite du Taw. Elle doit son origine à un ancien monastere qui fut détruit par les Danois. Malmesbury rapporte que de son tems cette ville étoit agréable par la commodité de ses bois, par la structure de ses églises & par les canaux tirés de la riviere, qui couloient devant les boutiques, & qui emportoient toutes les immondices. Long. 13. 35. latit. 50. 30.


Le poëte Browne (Guillaume) naquit dans cette ville, vers l’an 1590, & mourut en 1645. Après avoir fait ses études à Oxford, il entra chez le comte​de Pembroke qui lui témoigna beaucoup d’estime, & il fit si bien ses affaires dans cette maison, qu’il se vit en état d’acheter une terre ; mais ses poésies pastorales imprimées en 1625 à Londres, en deux tomes in-8°. lui procurerent une grande réputation, & elle n’est pas encore perdue, si je m’en rapporte au jugement de M. Philips & autres, dans leurs vies des plus célebres poëtes anglois. (D. J.)​","[[""50 30' N 13 35' E""]]",,50 30' N 13 35' E,50 30' N 13 35' O
v15-350-0,SEVERO san,"SEVERO san, (Géog. mod.)​ petite ville d’Italie, au royaume de Naples, dans la Capitanate, à vingt-quatre milles au couchant de Mansrédonia. Son évêché, auquel on a uni celui de Civitare, releve du saint siege. Long. 32. 56. latit. 41. 40. (D. J.)​","[[""41 40' N 32 56' E""]]",,41 40' N 32 56' E,41 40' N 32 56' E
v15-503-0,SIDEROCAPSA,"SIDEROCAPSA, (Géog. mod.)​ petite ville de la Turquie européenne, dans la Macédoine, au midi des ruines d’Emboli, au nord-ouest de Bolina, & à quelque distance du golfe Contessa. On la nommoit anciennement Chrysites, à cause de quelques mines d’or qu’elle renferme, & qui ne sont pas encore épuisées. Long. 31. 20. latit. 40. 32. (D. J.)​","[[""40 32' N 31 20' E""]]",,40 32' N 31 20' E,40 32' N 31 20' E
v15-526-0,SIENNE,"SIENNE, (Géog. mod.)​ ville d’Italie, dans la Toscane, capitale du Siennois, à 9 milles de Monte-Pulciano, à 11 de Florence, à 18 de Pérouse, & à 22 de Pise.


Elle est grande & assez bien bâtie ; sa situation sur une colline fait qu’on y respire un air pur, & qu’en même tems il faut toujours monter & descendre. Ses rues sont propres & pavées de briques mises de champ.


La cathédrale, quoique gothique, passe en total pour un bel édifice ; elle est revêtue de marbre en-dedans & en-dehors ; le pavé du chœur est de marbre blanc & noir, en maniere de mosaïque. Plusieurs fontaines fournissent de l’eau dans tous les quartiers. Les couvens de religieux y sont en grand nombre, & la plûpart ont des églises riches.


L’évêché de cette ville fut érigé en métropole en 1459 ; l’université fut établie en 1387. Ce fut à Sienne que le pape Nicolas II. tint le concile qui décida que l’élection des pontifes de Rome n’appartiendroit qu’aux cardinaux. Il y a une citadelle pour la défenle de cette ville, dont le territoire rapporte du blé, du vin & d’excellent fruit. Long. suivant Cassini, 28. 51. 30. lat. 42. 22.


Pline appelle Sienne, colonia Senensis, & Tacite, colonia Seniensis. Le nom de Sena lui est donné par Caton, par l’Itinéraire d’Antonin & par Ptolomée. Plusieurs savans croient que les Gaulois sénonois bâtirent cette ville pour leur repos. Quand les Romains en devinrent les maitres, ils l’agrandirent afin d’y pouvoir loger leurs colonies.


Dans le dénombrement de leur empire, Sienne imita les autres villes ses voisines qui s’érigerent en républiques. Ensuite il s’éleva dans son sein des partis qui s’armerent les uns contre les autres. Petruccio florentin, profitant de la foiblesse des Siennois, s’empara de leur ville par surprise, & la gouverna tyranniquement.


Après sa mort, le peuple chassa ses enfans, recouvra & conserva pendant quelque tems sa liberté, sous la protection de l’empereur. Enfin Sienne fut soumise à Côme I. duc de Toscane. Philippe II. roi d’Espagne, lui céda cette ville pour payement des sommes qu’il lui devoit. Depuis lors, il ne lui est pas resté la plus petite ombre de son ancienne souveraineté.


Mais quelques papes, & des gens de lettres des plus illustres y ont pris naissance ; je dois d’autant moins oublier de les remémorer, qu’ils n’ont point laissé après eux de rejettons : cette ville est retombée dans la barbarie.​


Je connois quatre papes nés à Sienne ; Alexandre III. Pie III. Paul V. & Alexandre VII.


Un des hommes du monde qui, dans les tems grossiers qu’on nomme du moyen âge, mérita le plus du genre humain, dit M. de Voltaire, est Alexandre III. élu pape en 1159, après la mort d’Adrien IV. Ce fut lui qui dans un concile abolit la servitude. C’est ce même pape qui triompha dans Venise par sa sagesse de la violence de l’empereur Frédéric Barberousse, & qui força Henri II. roi d’Angleterre, de demander pardon à Dieu & aux hommes du meurtre de Thomas Becket ; ce pape ressuscita les droits des peuples, réprima le crime dans les rois, & sut reserver au siege pontifical de Rome le privilege de la canonisation des saints. Après avoir gouverné sagement l’Eglise, il mourut comblé de gloire le 30 Août 1181.


Pie III. fils d’une sœur du pape Pie II. succéda à Alexandre VI. le 22 Septembre 1503. Il est loué dans les épîtres de Marsile Ficin, de Philelphe, de Sabellicus & de quelques autres gens de lettres, qui avoient conçu de grandes espérances de son gouvernement ; mais il mourut peu de jours après son exaltation d’une plaie à la jambe, avec soupçon d’avoir été empoisonné.


Paul V. (Camille Borghèse), originaire de Sienne, succéda au pape Léon XI. Monté sur le trône pontifical, il reprit les fameuses congrégations de auxiliis, & défendit aux deux partis de se censurer. Ensuite il s’avisa d’excommunier & d’interdire la république de Venise, pour avoir fait des lois qu’il jugeoit contraires aux libertés des ecclésiastiques ; mais les Vénitiens armerent, & Paul V. leva l’interdit & l’excommunication. Depuis lors il s’appliqua à embellir Rome, & à rassembler dans son palais les plus beaux ouvrages de peinture & de sculpture. Il mourut en 1621, à 69 ans, & eut pour successeur Grégoire XV.


Alexandre VII. de la famille des Chigi, né à Sienne en 1599, succéda à Innocent X. en 1655. Une de ses premieres démarches fut de renouveller les censures de son prédécesseur contre les cinq propositions de Jansénius. Il composa lui-même un nouveau formulaire qui fut reçu en France par une déclaration enregistrée, & par tous les évêques, excepté par quatre qui refuserent de signer ce formulaire. Alexandre VII. nomma neuf évêques françois pour faire le procès aux quatre prélats réfractaires, ce qui ne servit qu’à aigrir davantage les esprits.


Louis XIV. & le pape étoient alors en bonne intelligence ; l’insulte faite au duc de Crequi en 1662 avoit été réparée par sa sainteté, & le roi lui avoit rendu la ville d’Avignon. Ce pontife mourut peu de tems après en 1667, âgé de 68 ans, & eut pour successeur Clément IX.


On dit que dans le tems de sa nonciature d’Allemagne, il avoit resolu de quitter la religion romaine, & d’embrasser la protestante ; mais que la mort du comte Pompée son parent, qui fut empoisonné en passant par Lyon, pour se retirer en Allemagne, après son abjuration, lui fit retarder l’exécution de son premier dessein, & que son élévation au cardinalat lui inspira de toutes autres vues. Il aimoit les belles-lettres ; & quoiqu’il fût poëte médiocre, on a cependant imprimé au Louvre en 1656, un volume in-fol. de ses poésies, sous le titre de Philomathi musæ juveniles.


Je passe aux simples hommes de lettres nés à Sienne, & quelques-uns d’eux ont immortalisé leur nom.


Bernardin de Sienne étoit cependant natif de Massa-Carera en 1583. mais on lui donna le surnom de Sienne, parce qu’il passa dans cette ville la plus grande partie de sa vie. Ses prédications, ses austérités, son humilité, son zele pour le soulagement des pestiférés, lui acquirent une très-grande gloire. Il devint​vicaire général des freres de l’observance de S. François dans toute l’Italie ; il y réforma, ou établit de nouveau plus de trois cens monasteres, & refusa les évêchés de Sienne, de Ferrare & d’Urbin.


Pour animer davantage la dévotion des fideles, il fit faire un beau tableau, au milieu duquel étoit peint notre Sauveur entouré du soleil, & il obligeoit le peuple à adorer Jesus-Christ dans ce tableau. Cette conduite fut imitée par plusieurs moines du même ordre, qui exposoient le tableau en public dans les processions. Cependant quelques personnes sages n’approuvant point cette nouveauté, & craignant qu’on ne rendît plus d’honneur au tableau qu’à l’original, porterent l’affaire au tribunal de Martin V. Ce pape, après avoir fait là-dessus une consultation de prélats & de docteurs éclairés, défendit à Bernardin cette pratique comme dangereuse & superstitieuse, & Bernardin s’y conforma.


Il mourut à Aquila l’an 1444, dans la soixante-quatrieme année de son âge, & Nicolas V. l’a canonisé. Ses œuvres qui ne roulent que sur des sujets de dévotion, ont été imprimées à Vénise chez les Juntes en 1595, par les soins de Rodulphe, évêque de Sinigaglia, & à Paris l’an 1636 en deux vol. in-fol. par ceux du pere la Haye. Le style de S. Bernardin n’est ni pur, ni élevé ; mais dans le recueil donné sous son nom, les sermons qui sont véritablement de lui, contiennent une morale simple, dépouillée des fausses pensées & des jeux de mots de la plûpart des sermonaires d’Italie.


Catharin (Ambroise), célebre théologien du xvj. siecle, natif de Sienne, enseigna le droit dans plusieurs universités d’Italie, sous son nom de Politus Lancellotus. Il entra dans l’ordre de S. Dominique l’an 1515, à l’âge de 33 ans ; il prit alors le nom d’Ambroise Catharin, se donna tout entier à la Théologie, & se rendit bientôt célebre par ses écrits. Il parut avec éclat au concile de Trente en 1545, fut évêque de Minori en 1547, & archevêque de Conza en 1551. Il mourut subitement quelque tems après, & lorsqu’il touchoit au moment d’être nommé cardinal.


Il a publié un grand nombre d’ouvrages, & avancé dans quelques-uns des sentimens libres & hardis, sans s’embarrasser s’il s’écartoit de ceux de S. Augustin, de S. Thomas & des autres théologiens. Il déclare dans un traité sur la Prédestination, que Dieu n’a point prédestiné les hommes par un decret immuable, mais que leur salut dépend du bon usage qu’ils font des graces que l’Etre suprème leur accorde. Il établit la chûte d’Adam dans le péché qu’il fit en mangeant du fruit défendu, qui est, dit-il, un péché en nous en tant que notre volonté est comprise dans la sienne. Il pense aussi que Jesus-Christ seroit venu sur la terre quand même Adam n’auroit pas péché. Il prétend que S. Jean l’évangéliste n’est point mort, mais qu’il a été enlevé au ciel comme Henoch & Elie. Dans son traité de la Résurrection, loin de damner les enfans morts sans baptême, il assure qu’ils jouissent d’une félicité convenable à leur état. Il soutient dans un autre ouvrage que ces paroles, ceci est mon corps, ceci est mon sang, ne sont qu’énonciatives, & que Jesus-Christ n’a point consacré en les prononçant.


Enfin il a défendu au concile de Trente un sentiment qui a présentement un grand nombre de sectateurs en sorbonne, savoir, que l’intention extérieure est suffisante dans le ministre qui administre les sacremens ; c’est-à-dire que le sacrement est valide, pourvu que celui qui l’administre fasse extérieurement les cérémonies requises, quoique intérieurement il puisse avoir la pensée de se mocquer du sacrement & des choses saintes.


Ferrari (Jean-Baptiste), jésuite de Sienne, mort​ en 1655, a donné au public un dictionnaire syriaque utile, imprimé à Rome en 1622, in-fol. sous le titre de Nomenclator syriacus. Il temoigne dans sa préface qu’il a été aidé par de savans maronites sur l’interprétation des termes les plus obscurs.


Ochino (Bernardino) fut un de ces ecclésiastiques d’Italie, qui sortirent de leur pays dans le xvj. siecle, pour embrasser la religion protestante. Ochin avoit été d’abord cordelier, puis capucin, & même général de ce dernier ordre. Les historiens du tems disent qu’il enchantoit ses auditeurs par la grace, la politesse, l’abondance, la douceur & la pureté de son style. Il quitta l’habit de capucin, embrassa le luthéranisme, & passa par Geneve pour se rendre à Augsbourg. Il entreprit en 1547 le voyage d’Angleterre avec son ami Pierre martyr, d’où il fut appellé à Zurich en 1555 pour y être ministre de l’église italienne, qu’il desservit pendant huit ans.


Ses dialogues qu’on imprima, & qui sembloient contenir entr’autres erreurs l’approbation de la polygamie, irriterent les magistrats de Zurich, qui le chasserent de leur ville en 1563. Comme on ne voulut pas lui permettre de s’arrêter à Basle, seulement pendant l’hyver, il poursuivit tout de suite sa route en Pologne ; mais à peine y étoit il arrivé, que le nonce Commendon l’obligea d’en sortir, en vertu d’un édit qu’il obtint contre tous les hérétiques étrangers. Ochin se rendit en Moravie, & mourut à Slaucow en 1564, âgé de 77 ans. La peste l’emporta, lui, ses deux filles & son fils.


La liste de ses écrits se trouve dans la bibliotheque des Antitrinitaires. Il publia en italien six volumes de sermons ; une exposition de l’épître de S. Paul aux Romains, un commentaire sur l’épître aux Galates ; un dialogue sur le purgatoire ; des apologues, &c. La plûpart de ces livres ont été traduits en latin ; mais les ouvrages de cet auteur qui ont fait le plus de bruit, & qu’il est difficile de trouver, sont ses dialogues, ses labyrinthi sur la prédestination & le franc-arbitre, & ses sermons sur la messe.


Ochin publia ses dialogues au nombre de trente en italien ; Castalion les mit en latin, & les fit imprimer à Basle en 1563. Le vingt-unieme de ses dialogues traite de la polygamie. Il n’est pas vrai cependant qu’il tâche d’y prouver qu’il est permis, & qu’il est même ordonné aux Chrétiens d’épouser autant de femmes qu’il leur plaît. Si vous lisez le commencement du dialogue de polygamiâ, vous verrez que l’état de la question est celui-ci : « Un homme qui souhaite des enfans, & qui est marié à une femme stérile, maladive, & avec laquelle il ne sauroit s’accorder, peut-il en épouser une autre, sans répudier la premiere » ? Ochin suppose qu’on le consulte sur un tel cas de conscience. Il prend le parti de la négative ; & après avoir mis dans la bouche de son consultant les raisons les plus favorables à la pluralité des femmes, & avoir répondu foiblement d’assez bonnes choses, il conclut par conseiller de recourir à la priere, & par assurer que si l’on demande à Dieu avec foi la continence, on l’obtiendra. Il déclare enfin que si Dieu ne donne point la continence, on pourra suivre l’instinct que l’on connoîtra certainement venir de Dieu. Voila du pur fanatisme, mais il n’y a rien de plus.


M. Simon, dans son hist. critiq. des comment. du N. T. c. lv. parle fort pertinemment des dialogues d’Ochin, qui roulent sur la Trinité. Il reconnoît que l’auteur ne s’y déclare pas tout-à-fait unitaire ; il rapporte seulement les raisons de part & d’autre, en poussant fort loin les argumens des antitrinitaires, sous prétexte d’y répondre.


Les labyrinthes de cet écrivain, ont paru à Bayle l’ouvrage d’un homme qui avoit l’esprit net & pénétrant. Ochin, dit-il, y prouve avec force que ceux​qui soutiennent que l’homme agit librement, s’embarrassent dans quatre grandes difficultés, & que ceux qui tiennent que l’homme agit nécessairement, tombent dans quatre autres grands embarras ; si bien qu’il forme huit labyrinthes, quatre contre le franc-arbitre, & quatre contre la nécessité. Il se tourne de tous les côtés imaginables pour tâcher de rencontrer une issue, & n’en trouvant point, il conclud à chaque fois par une priere ardente adressée à Dieu, afin d’être délivré de ces abîmes. Néanmoins dans la suite de l’ouvrage, il entreprend de fournir des ouvertures pour sortir de cette prison ; mais il conclud que l’unique voie est de dire comme Socrate ; unum scio, quod nihil seio. Il faut se taire, dit-il, & juger que Dieu n’exige de nous ni l’affirmative, ni la négative sur des points de cette nature.


M. d’Aubigné discourt assez au long des sermons d’Ochin sur la messe. Cet italien, dit-il, vouloit premierement que le service fût en langage vulgaire, & qu’on en supprimât plusieurs ornemens, afin de pouvoir dire sur le reste que c’est la cêne du Seigneur qui s’est faite religieuse, per parer piu sancta. Ochin a donné douze sermons sur la messe. L’un porte pour titre missæ tragæedia, ac primum quomodo concepta, nota, baptisata suerit. L’autre, quomodo nutrita, educata, ornata, ditataque ad summam prœstantiam pervenerit. Cette maniere dramatique sent tout-à-fait le génie des Italiens, & ne respire point la dignité que demandent les mysteres.


Patricis (Francisco) siennois, évêque de Gaiete, florissoit dans le xv. siecle sous Sixte IV. & mourut en 1494. Il publia deux ouvrages, l’un de regno & regis institutione lib. IX. l’autre, de reipublicæ institutione. lib. IX. Ces deux traités firent du bruit ; cependant ni l’un, ni l’autre ne sont estimés des connoisseurs, parce qu’il y regne plus de lecture que de jugement. Le premier a paru deux fois à Paris ; savoir, en 1519 & en 1530, in-felio. Le second a été traduit en trançois par le sieur de Mouchetierre, & imprimé à Paris en 1610 in-8°.


Les Piccolomini ont fait un grand honneur à Sienne leur patrie. Piccolomini (Alexandre), archevêque de Patras, florissoit dans le xv. siecle, & prouva par ses écrits l’étendue de sa science. Il publia des ouvrages sur la théorie des planetes, les étoiles fixes, les questions méchaniques, la philosophie, la morale, la rhétorique, & la poétique d’Aristote. Il se servit de sa langue maternelle dans la plûpart de ses ouvrages, & il passe pour être le premier qui en ait usé de la sorte en matiere de philosophie & d’érudition. Imperialis l’en blâme, mais avec noblesse : Efferbuit mirè, dit-il, ingenium Alexandri Piccolominei senensis, in cogendo sub etruscis vexillis agmine scientiarum omnium, quo intentato aliàs fascinore, immortalem sibi pararet in Italicâ celebritate triumphum. Le traité que Piccolomini mit au jour sur la réformation du calendrier, mérita les éloges des plus grands juges ; mais son application à des ouvrages sérieux, ne l’empêcha point de s’amuser à la poésie, & à donner des pieces de théâtre : ses deux comédies l’Alessandra, & l’Amor constante, furent fort estimées. Il mourut à Sienne, en 1578, âgé de 70 ans.


M. de Thou étant en Italie, en 1573, l’alla voir avec Paul de Foix, embassadeur de Charles IX. Ils le trouverent tout occupé à l’étude, & plein de la consolation qu’il éprouvoit dans la lecture, au milieu des infirmités de la vieillesse, multa (dit de Thou) de studiis suis disseruit, eorumque se demùm in eâ ætate dulcissimum fructum capere dixit, aliis oblectamentis deficientibus, quibus aliæ ætates innocenter, & citrà offensam gaudere possunt. Quod cùm dicebat, non tam senectuti solatium quoerere dicebatur, quàm adolescentes qui aderant, quâ humanitate erat ad desidiam vitandam, & Philosophiæ studia capessenda, exemplo suo cohortari.​


Piccolomini (François) de la même famille qu’Alexandre, s’attira l’admiration de toute l’Italie par la beauté de ses leçons philosophiques, qu’il donna pendant 53 ans avec la même réputation, à Sienne, à Maxerata, à Pérouse & à Padoue. Il mourut en 1604, âgé de 84 ans, sans jamais avoir eu besoin de lunettes. Ses funérailles témoignerent d’une façon singuliere l’estime que les Siennois lui portoient ; car toute la ville prit le deuil le jour de son enterrement, & l’on ferma tous les tribunaux. Son ouvrage latin de philosophia morali, imprimé à Venise en 1583, lui fit beaucoup d’honneur. Le p. le Moine dans ses peintures morales, parle de cet ouvrage avec estime, & en critique aussi quelques endroits.


Sixte de Sienne, né juif à Sienne, se convertit au christianisme, embrassa l’ordre de S. Dominique, & mourut en 1566, à l’âge de 49 ans. Il mit au jour, en 1566, sa bibliotheque sainte, dans laquelle il expose la critique des livres de l’ancien Testament, & indique des moyens de les expliquer. Les catholiques & les protestans paroissent en général fort prévenus en faveur du mérite de cette bibliotheque, dont la meilleure édition est celle de Naples, en 1742, en deux volumes in-fol. Cependant, pour ne rien déguiser, c’est un ouvrage très-imparfait. L’auteur y juge communément en mal-habile homme de ceux dont il parle. Son érudition critique est fort chétive, ce qui ne doit pas surprendre ; car Sixte ne savoit bien que l’hébreu, médiocrement le latin, & très-peu le grec.


Je ne connois point de famille plus illustre dans les lettres que celle des Socin, tous nés à Sienne. Ils se sont distingués dans la jurisprudence & dans la théologie, pendant deux siecles consécutifs, pere, fils, petits-fils, arriere-petits-fils, oncles & neveux.


Socin (Marianus) naquit à Sienne, en 1401, & mourut en 1467. Ce fut l’homme le plus universel de son siecle, & le premier jurisconsulte, au jugement d’Æneas Silvius, & de Pancirole, qui a donné sa vie. Le pape Pie II. le combla de marques de son estime.


Cet homme illustre eut cependant un fils qui le surpassa, j’entends Socin (Barthélemi), né à Sienne, en 1437. Sa réputation le fit appeller à Ferrare. à Boulogne & à Pise, au moyen d’une pension de mille ducats. Il mourut en 1507. On a imprimé à Venise ses consultations avec celles de son pere, en 1579, en quatre volumes in-fol.


Socin (Marianus) petits-fils du précédent, & non moins célebre, naquit à Sienne en 1482, & mourut en 1556. Il professa le droit comme son grand-pere, dans plusieurs universités d’Italie, succéda à Alciat, & Boulogne sut enfin le retenir par des pensions & des privileges extraordinaires. Il eut treize enfans, entre lesquels Lélius & Alexandre se distinguerent éminemment.


Socin (Lelius) le premier auteur de la secte socinienne, naquit à Sienne, l’an 1525. Il commença par étudier le droit, mais ayant encore plus de goût pour la Théologie, il apprit le grec, l’hébreu, l’arabe, & voyagea en France, en Angleterre, en Hollande, en Suisse, en Allemagne & en Pologne. Il se fit connoître aux plus savans hommes de ce tems-là, & ne feignoit point de leur communiquer ses doutes, ou plutôt ses sentimens dans les matieres de religion. Sa famille qui les embrassa, fut obligée de se disperser. Camille son frere fut mis en prison. Quelques autres parens s’évaderent, & entr’autres son neveu Fauste. Lélius se rendit à Zurich, où il mourut, en 1562. Fauste recueillit ses papiers, & les fit valoir dans la suite.


Socin (Alexandre), pere de Fauste Socin, dont nous parlerons bien-tôt, mourut en 1541, à​Macerata, avec la réputation d’un docte jurisconsulte.


Socin (Fauste), fils d’Alexandre, & petit-fils de Marianus, naquit à Sienne en 1539. Il embrassa avidement, ainsi que tous ses parens, hommes & femmes, les opinions de Lélius son oncle. Aussi ce sauva-t-il de Sienne avec toute sa famille par la crainte de l’inquisition. Il revint cependant en Italie, où le grand-duc l’assura de sa protection, & lui donna des emplois honorables, qui l’empêcherent pendant 12 ans de se souvenir qu’il avoit été regardé comme celui qui mettoit la derniere main au système de théologie samosaténienne, que son oncle Lélius avoit ébauché. Enfin l’étude sérieuse de l’Ecriture l’emporta sur les délices de la cour, il s’en exila volontairement, & vint à Basle, où il séjourna trois ans, & composa son ouvrage de Jesu-Christo Servatore. Les disputes qu’il eut avec des théologiens protestans du pays, l’obligerent de se retirer en Pologne, en 1579, desirant d’entrer dans la communion des unitaires ; cependant ses ennemis ameuterent contre lui la populace, qui pilla ses meubles, & quelques-uns de ses manuscrits, qu’il regretta extraordinairement, sur-tout son traité contre les athées. Il se réfugia dans la maison d’un gentilhomme polonois, chez lequel il mourut en 1604. Mais sa doctrine, loin de mourir avec lui, a pris tant de faveur, qu’elle regne & domine à présent d’une maniere invisible dans toutes les sectes chrétiennes.


Les beaux arts ont été accueillis des Siennois, en même tems que les sciences.


Lorenzetti (Ambroise), né à Sienne dans le xjv. siecle, & contemporain de Giotto, apprit de lui les secrets de la peinture. Mais poussant plus loin son génie, il se fit un genre particulier, & s’y distingua. Il fut le premier qui tenta de représenter en quelque sorte les vents, les pluies, les tempêtes, & ces tems nébuleux, dont les effets sont si piquans sur la toile.


Vannius (François), né à Sienne en 1563, mort à Rome en 1609, fit remarquer dans ses ouvrages un coloris vigoureux, joint à la touche gracieuse du Correge. Il mit en même tems beaucoup de correction dans ses desseins, & fut comblé de faveurs par le pape Alexandre VII. son tableau de Simon le magicien qu’on voit dans l’église de S. Pierre à Rome, passe pour son chef-d’œuvre. (Le Chevalier de Jaucourt.)​","[['42 22\' N 28 51\' 30"" E']]",,"42 22' N 28 51' 30"" E","42 22' N 28 51' 30"" E"
v15-546-0,"SI-GAN, SI-GAN-FU, SIGNANFOU","SI-GAN, (Géog. mod.)​ SI-GAN-FU, & par le pere le Comte, qui estropie tous les noms, SIGNAN-​FOU, grande ville de la Chine, dans la province de Xenxi où elle a le rang de premiere métropole de la province. Elle est bâtie sur le bord de la riviere de Guci, en forme d’amphitheâtre : ses environs sont agréables & fertiles. Longitude, suivant le pere Gaubil, 125. 3. 15. latit. 32. 6.


Rien, selon les jésuites, n’a rendu cette ville plus remarquable que la découverte qui s’y fit en 1625, d’une inscription de plusieurs pages, qui nous apprend que la religion chrétienne est entrée à la Chine en 631. On trouvera cette inscription dans toutes les relations & dans le dictionnaire de la Martiniere. Ce n’est cependant autre chose qu’une fraude pieuse, une piece manifestement supposée, comme M. de la Crose l’a prouvé sans réplique. En vain les peres Magalhanès & le Comte établissent la venue de l’apôtre Saint Thomas à la Chine, M. Maigrot, évêque de Conon, & vicaire apostolique dans ce même royaume, reconnoît que les missionnaires ont pris pour l’apôtre Saint Thomas, un certain Tamo, ce sont ses propres termes, l’un des plus insignes fripons qui soient jamais enttrés à la Chine, & qui n’y vint qu’après l’an 582. (D. J.)​","[['32 6\' N 125 3\' 15"" E']]",,"32 6' N 125 3' 15"" E","32 6' N 125 3' 15"" E"
v15-577-0,"SIHUN, SIHON, SIHOUN","SIHUN, SIHON, SIHOUN, (Géog. mod.)​ grand fleuve d’Asie, qui sépare la Transoxane du pays de Geté. Les Arabes appellent la province de Marouaralnahar, toute l’étendue de pays qui est comprise entre les fleuves Sihun & Gihun. Le fleuve Sihun est le Jaxartes des anciens, & le fleuve Gihun, est le Bactrus ou l’Oxus. Le Sihun, suivant le P. Gaubil, prend sa source sous le 97d13′. de longitude, & au 40. d. de latitude. (D. J.)​","[[""40 N 97 13' E""]]",,40 N 97 13' E,40 N 97 13' E
v15-629-0,"SILVES, ou SILVA","SILVES, ou SILVA, (Géog. mod.)​ petite ville de Portugal, dans le royaume des Algarves, au nord-est de Lagos, un peu au-dessus du bord de la mer, & dans une campagne admirable ; mais la ville n’en est ni plus peuplée ni plus riche. Aussi l’évêché qu’elle avoit a été transféré à Faro en 1590. Long. 9. 8. latit. 37. 15. (D. J.)​","[[""37 15' N 9 8' E""]]",,37 15' N 9 8' E,37 15' N 9 8' E
v15-745-0,SIOR,"SIOR, (Géogr. mod.)​ ville d’Asie, capitale du royaume de Coré, dans la province de Sengado, à une lieue d’une large riviere. Long. 143. 38. latit. 37. 32. (D. J.)​","[[""37 32' N 143 38' E""]]",,37 32' N 143 38' E,37 32' N 143 38' E
v15-777-0,"SIRGIAN, ou SERDGIAN","SIRGIAN, ou SERDGIAN, (Géog. mod.)​ ville de Perse, capitale du Kerman. Elle est arrosée par plusieurs canaux, ce qui en rend le séjour gracieux. Les tables arabiques lui donnent pour long. 90. 20. latit. septent. 29. 30. (D. J.)​","[[""29 30' N 90 20' E""]]",,29 30' N 90 20' E,29 30' N 90 20' E
v15-798-0,SISEK ou SISSEK,"SISEK ou SISSEK, (Géog. mod.)​ place de la Croatie, sur la droite de la Save, au confluent de cette riviere avec la Kulpa. Longitude 34. 33. latitude 45. 58.","[[""45 58' N 34 33' E""]]",,45 58' N 34 33' E,45 58' N 34 33' E
v15-835-0,SIVAS,"SIVAS, (Géog. mod.)​ ville ruinée de la Turquie asiatique, dans l’Anatolie, à deux journées au midi de Tocat. Elle étoit le chef-lieu d’un gouvernement, & la résidence d’un bacha, avant que Tamerlan eût fait raser cette ville lorsqu’il s’en empara. Long. suivant les tables arabiques, 71. 30. lat. septentr. 39. 30. (D. J.)​","[[""39 30' N 71 30' E""]]",,39 30' N 71 30' E,39 30' N 71 30' E
v15-837-0,"SIVRAY, ou CIVRAY","SIVRAY, ou CIVRAY, (Géog. mod.)​ ville de France dans le Poitou, sur la Charente, à 10 lieues au midi de Poitiers, sur la route d’Angoulême. Elle a une sénéchaussée, & est chef-lieu d’un comté qui est un domaine de la couronne. Les Protestans faisoient autrefois fleurir cette ville, dans laquelle ils avoient un temple. Long. 17. 55. latit. 46. 12. (D. J.)​","[[""46 12' N 17 55' E""]]",,46 12' N 17 55' E,46 12' N 17 55' E
v15-843-0,SIXENA,"SIXENA, (Géog. mod.)​ village d’Espagne, dans l’Arragon, au comté de Ribagorça, sur la riviere d’Alcana, à cinq lieues de Balbastro, vers le couchant. Long. 17. 47. latit. 41. 46.


Ce village est remarquable par son célebre monastere de dames de l’ordre de saint Jean de Jérusalem ; il forme un grand bâtiment dans un lieu spacieux, & ceint de murailles comme une citadelle. Ce fut la reine Sancha, femme d’Alphonse II. roi d’Arragon, qui fonda ce monastere en 1188, & qui le dota richement. Après la mort d’Alphonse son mari, elle s’y retira avec sa fille Douce ; elles y prirent toutes deux l’habit, de même que quelques autres princesses du sang royal. Blanche, fille de Jacques II. roi d’Arragon, a été supérieure du même monastere, & c’est un beau rang.


La supérieure a son palais à part, richement orné : quand elle meurt, on fait ses obseques pendant sept jours ; ensuite on rompt le sceau de ses armes. Les dames d’Arragon & de Catalogne qui entrent dans cette maison, doivent être d’une race si ancienne & si connue, qu’il ne soit pas nécessaire d’en venir aux preuves de noblesse ; les autres les font à la maniere des chevaliers de l’ordre de Jérusalem.


Quand ces dames sont au chœur, elles portent un grand manteau & un sceptre d’argent à la main ; la supérieure confere tous les bénéfices cures de ses terres, & donne l’obédience à tous les prêtres. Elle visite son domaine avec les dames ses assistantes, & se trouve aux chapitres provinciaux de l’ordre en Arragon, où elle a séance & voix délibérative. Elle porte toujours la grande croix sur l’estomac, ce qui la distingue encore des autres dames. Je ne sache que l’abbêsse de Remiremont qui soit le pendant de la supérieure du monastere de Sixena. (D. J.)​","[[""41 46' N 17 47' E""]]",,41 46' N 17 47' E,41 46' N 17 47' O
v15-871-0,SLEGO,"SLEGO, (Géog. mod.)​ petite ville d’Irlande, dans la province de Connaught, capitale du comté de même nom, & la seule place remarquable de ce comté. Elle a le privilege de députer au parlement d’Irlande, & de tenir marché. Elle est défendue par un château, & a un assez bon port, mais d’un accès difficile, à cause d’une barre de sable qui le traverse. Long. 9. 20. latit. 54. 25. (D. J.)​","[[""54 25' N 9 20' E""]]",,54 25' N 9 20' E,54 25' N 9 20' O
v15-873-0,"SLESWICK, ou SLESWICH","SLESWICK, ou SLESWICH, (Géog. mod.)​ ville de Danemarck, capitale du duché de même nom, sur le golphe de Slie, à 6 milles d’Allemagne de Kiel, 11 de Gluckstad, 15 de Hambourg, 17 de Lubeck. Elle est grande, mais sans fortifications, & n’ayant d’autre église dans son enceinte que la cathédrale, où l’on voit les tombeaux des anciens ducs de Sleswick. Son évêché est suffragant de Lunden. Cette ville a perdu son état florissant, par les malheurs de toute espece qu’elle a éprouvés consécutivement & qu’elle n’a pu éviter à cause de sa situation, qui se trouve sur les frontieres des Danois, des Saxons & des Suédois, peuples qui se sont toujours fait la guerre, & qui tour à tour ont pris, pillé, brûlé cette malheureuse ville. Long. 45. 2. latit. 54. 33. (D. J.)​","[[""54 33' N 45 2' E""]]",,54 33' N 45 2' E,54 33' N 45 2' E
v15-879-0,SLONIM,"SLONIM, (Géog. mod.)​ petite ville du duché de Lithuanie, au palatinat de Novogrodeck, capitale d’un district de même nom, sur la rive gauche de la Sezara. Long. 44. 10. latit. 52. 40. (D. J.)​","[[""52 40' N 44 10' E""]]",,52 40' N 44 10' E,52 40' N 44 10' E
v15-963-0,SOIGNIES,"SOIGNIES, (Géog. mod.)​ petite ville des Pays-Bas, dans le Haynaut, au comté de Mons, sur la riviere de Senne, à quatre lieues au nord-ouest de Binche, & à sept au sud-ouest de Bruxelles, près d’une forêt de même nom qui a sept lieues de circuit.


Cette ville est nommée Sonegiæ dans les anciens titres, & c’est de Sonegiæ qu’on a fait Soignies. Elle a un chapitre séculier, un couvent de Capucins, un de Sœurs-grises, & les PP. de l’Oratoire y ont une maison depuis 1629. Long. 21. 45. lat. 50. 31. (D. J.)​","[[""50 31' N 21 45' E""]]",,50 31' N 21 45' E,50 31' N 21 45' E
v15-966-0,SOISSONS,"SOISSONS, (Géog. mod.)​ ville de France, capitale du Soissonnois, sur la riviere d’Aisne qu’on y passe sur un pont de pierre. Elle est assez grande, peuplée & située dans un vallon agréable & fertile, à 12 lieues d’Amiens & à 22 de Paris. Quoique ses dehors soient charmans, ses rues sont généralement étroites, & ses maisons mal bâties. Il y a dans cette ville un intendant, bureau des finances, présidial, élection, maréchaussée, jurisdiction des juges consuls & maîtrise des eaux & forêts. Les PP. de l’oratoire occupent le college. On voit quelques abbayes d’hommes dans cette ville, entre autres celle de S. Jean qui est chef d’ordre & l’unique. L’abbaye de filles, ordre de S. Benoit, appellée l’abbaye de Notre-Dame, est très-riche. On remarque dans son église deux tombeaux de marbre assez antiques, qui ont chacun cinq à six piés de longueur, & trois de hauteur. L’un de ces tombeaux paroît être celui de quelque chrétien riche & illustre ; & l’autre est celui de quelque homme de guerre.


L’évêché de Soissons est très-ancien ; son évêque est le premier suffragant de Rheims, & a droit de sacrer nos rois au défaut de l’archevêque, ce qui a été pratiqué au sacre de S. Louis, & à celui de Louis XIV. Il est vrai que la cérémonie de ce sacre ne se fait dans l’église métropolitaine de Rheims, par l’évêque de Soissons, que sous l’autorité & avec la permission du chapitre. Le revenu de l’évêché de Soissons est de 15​à 20000 livres. Son diocèse compte près de 400 paroisses, & 23 abbayes tant d’hommes que de filles. Le chapitre de l’église cathédrale est nombreux, & les canonicats sont un peu meilleurs depuis la suppression qu’on a fait de onze prébendes. Long. 20. 59. lat. 49. 22.


Soissons, en latin Augusta Suessionum, a pris, comme on voit, son nom des peuples Suessiones. Elle s’appelloit auparavant Noviodunum, & elle étoit célebre du tems de Jules-César, qui remarque que Divitiacus son roi, avoit été un prince illustre & puissant. Ce fut Auguste qui abolit le nom de Noviodunum qu’avoit cette ville, pour lui donner le sien.


Dans nos tems modernes Louis XIV. a érigé à Soissons une académie de beaux esprits, par des lettres patentes enregistrées au parlement, le 27 Juin 1675. En effet, elle a produit de tems en tems des gens de lettres de mérite.


Héricourt (Julien de), né dans cette ville, occasionna l’établissement de l’académie de Soissons. Son petit fils, Louis d’Héricourt, s’est distingué dans le barreau de Paris, & a mis au jour un livre fort estimé, sur le droit ecclésiastique françois.


Les Théologiens savent assez que Paschase Ratbert, abbé de Corbie, dans le neuvieme siecle, étoit de Soissons. Il se rendit illustre par un grand nombre d’ouvrages que le P. Sirmond a recueillis, & publiés pour la premiere fois à Paris, en 1618, en un volume in-folio. Le Traité de Paschase du corps & du sang de Notre Seigneur J. C. excita dans son tems, & a causé depuis, de grandes contestations qu’il est inutile de reveiller.


Robbe (Jacques), connu par ses ouvrages de géographie, naquit à Soissons en 1643, & y est mort en 1721. Il a fait deux dissertations qui n’ont pas été imprimées. Dans la premiere, il prétend que le Bibrax oppidum Rhemorum, dont parle César, est la ville de Laon. L’autre dissertation traite du lieu où se donna en 593, la fameuse bataille de True (ou Traussi), dans le Suessonois, sous Clotaire II. M. Robbe croit que ce lieu appellé en latin Trucciu, dans les gesta Francorum, c. xxxvj. est Prêle sur l’Aisne, village au nord de Braine.


Sussannau (Hubert), poëte & humaniste, naquit à Soissons, en 1514, publia quelques traités de grammaire, & des poésies latines qui furent assez bien reçues.


Voilà pour les gens de lettres. Ajoutons un mot d’un homme célebre dans l’histoire de France, & qui mourut à Soissons en 1611, à l’âge de 57 ans, je veux parler de Charles de Lorraine, duc de Mayenne, frere de Henri duc de Guise. Il fut long-tems jaloux de la réputation de ce frere, dont il avoit toutes les grandes qualités à l’activité près. Nourri comme le duc de Guise dans les allarmes, il succéda à sa gloire ainsi qu’à ses desseins. L’un donnoit beaucoup au hasard, & l’autre à la prudence ; l’un étoit trop hardi, l’autre trop mesuré ; le premier promettoit tout & tenoit peu, celui-ci promettoit rarement & ne manquoit guere à sa parole. Dès que le sceptre de la ligue eût passé dans ses mains, il sçut long-tems par une sage politique, réunir sous ses lois les diverses factions des esprits ; & s’il n’eut pas trouvé dans sa propre famille des rivaux qui lui disputoient la couronne de France, on ne doute guere qu’il n’eût réussi à la mettre sur sa tête. (Le chevalier de Jaucourt.)​","[[""49 22' N 20 59' E""]]",,49 22' N 20 59' E,49 22' N 20 59' E
v16-1157-0,TODI,"TODI, (Géog. mod.)​ en latin Tuder ou Tuderium ; ville d’Italie, dans l’état de l’Eglise, au duché de Spo-​lete, sur une colline, proche le Tibre, à vingt milles de Pérouse & de Narni. Long. 30. 4. latit. 42. 45.


Cette ville, dont l’évêché ne releve que du saint siege, est la patrie de S. Martin pape, premier de ce nom. Il se jetta dans des querelles théologiques qui lui devinrent fatales. L’empereur Constant le fit arrêter, & le rélegua dans la Chersonnèse ; ce fut là qu’il finit ses jours en 655, six ans après son élévation sur la chaire de S. Pierre. (D. J.)​","[[""42 45' N 30 4' E""]]",,42 45' N 30 4' E,42 45' N 30 4' E
v16-1187-0,TOLENTINO,"TOLENTINO, (Géog. mod.)​ ville d’Italie, dans la Marche d’Ancone, sur la gauche de Chiento, à six milles de San Sevérino, à dix de Macerata, & quinze de Camerino. Elle avoit dès le cinquieme siecle un évêché, qui fut uni à celui de Macerata en 1586. Long. 31. 4. lat. 43. 12.


Philelphe (François), un des plus célebres écrivains du quinzieme siecle, naquit dans cette ville en 1398, & mourut à Milan en 1481, ayant 83 ans presque accomplis. Il professa dans les plus illustres villes d’Italie, avec une réputation extraordinaire, à Venise, à Florence, à Sienne, à Bologne, à Milan, &c. Il étoit grammairien, poëte, orateur & philosophe. On a de lui des harangues, des lettres, des dialogues, des satyres, & un grand nombre d’autres écrits latins en vers & en prose. Voici la liste de quelques-uns de ses principaux ouvrages.


1°. Appiant Alexandrini historiæ. Il entreprit cette version parce qu’il ne pouvoit souffrir, disoit-il, qu’un auteur aussi éloquent ne parût qu’un barbare, par la mauvaise traduction que Décembrius en avoit donnée. 2°. Une traduction de Dion, dont Léonard Arétin fait de grands éloges. Béroalde a publié cette traduction in-4°. avec quelques autres opuscules. 3°. Conviviorum libri duo, imprimés plusieurs fois, entr’autres à Paris en 1552 in-8°. Item 4°. Satyræ, Milan 1476, in-fol. Venise 1502, in-4°. Paris 1518, in-4°. Ces satyres sont au nombre de cent, partagées en dix livres, & contiennent chacune cent vers, ce qui les lui a fait appeller hecatosticha ; elles ont le mérite par rapport aux faits, mais non pas pour la beauté des vers. 5°. Epistolarum familiarum libri XXXVII. Venise 1502, in-fol. & à Hambourg 1681 ; on trouve dans ces lettres des particularités de la vie de l’auteur, & quantité de traits de l’histoire littéraire & politique de ce tems-là. 6°. Carminum libri V. Bresciae 1497, in-4°. Outre ces ouvrages latins, Philelphe a donné un commentaire italien sur les sonnets de Pétrarque, dont la premiere édition est de Bologne 1475, in-fol.


Il est certain que c’étoit un très-habile homme, quoique vain, mordant, satyrique ; mais c’étoit le goût dominant de son siecle, où presque tous les savans n’ont pas été plus modérés que lui. Je pardonnerois moins à Philelphe son inconstance & son inquiétude continuelle. Toujours mécontent de son​sort, il chercha sans cesse la tranquillité, qu’il n’étoit pas en lui de se procurer. Sa dissipation mal entendue, ce mépris de l’argent dont il se pare à chaque instant, l’obligerent à faire des bassesses, qui répondoient peu à la prétendue noblesse de ses sentimens.


Il est vrai pourtant qu’il étoit généreux, donnoit volontiers d’une main ce qu’il arrachoit de l’autre, & ne pouvoit prendre sur lui l’attention de ménager pour se procurer des ressources dans la nécessité. Il avoit une nombreuse famille, & plusieurs valets ; aimoit le faste, & recevoit honorablement ses amis. D’ailleurs il n’épargnoit rien pour acheter & pour faire copier des livres. Au reste, il avoit conservé une santé vigoureuse par la sobriété ; aussi n’éprouvoit-il aucune incommodité dans sa plus grande vieillesse. Ses lettres respirent des sentimens, une morale saine, & une érudition aussi variée & aussi étendue que son siecle le comportoit. (D. J.)​","[[""43 12' N 31 4' E""]]",,43 12' N 31 4' E,43 12' N 31 4' E
v16-1204-1,Tolna,"Tolna, (Géog. mod.)​ capitale du petit comté de même nom, sur la droite du Danube, à vingt lieues au midi de Bude ; c’étoit autrefois une place assez considérable. Long. 36. 52. latit. 46. 28. (D. J.)​","[[""46 28' N 36 52' E""]]",,46 28' N 36 52' E,46 28' N 36 52' E
v16-1227-0,TOMBUT,"TOMBUT, (Géog. mod.)​ royaume d’Afrique dans la Nigritie. Il est borné au nord par le royaume de Combour, au midi par la Guinée, au levant par le royaume de Gabi, & au couchant par les Mandingues ; c’est un pays qui contient plusieurs mines d’or & de cuivre, & qui produit du blé, du riz & autres grains nécessaires à la vie. Le roi de Tombut est de tous les princes de la Nigritie le plus riche & le plus puissant. Il réside dans la capitale qui porte le même nom, & qui est située à quelque distance du Niger ; c’est une ville considérable par l’abord des marchands de Barbarie & des autres pays voisins, qui y font un grand commerce. Léon d’Afrique dit que cette ville a été fondée l’an 1213 par un prince de Barbarîe, appellé Monsa Suleiman. Longit. 14. 5. latit. 15. 34. (D. J.)​","[[""15 34' N 14 5' E""]]",,15 34' N 14 5' E,15 34' N 14 5' E
v16-1258-0,TONNAY-CHARENTE,"TONNAY-CHARENTE, (Géog. mod.)​ en latin du moyen âge, Talniacum, Tauniacum ;  ville de France, en Saintonge, au diocèse de Saintes, sur la Charente, à une lieue au-dessous de Rochefort, & à six de Saint-Jean d’Angeli. Elle est assez ancienne, a titre de principauté, un château, & une abbaye d’hommes de l’ordre de saint Benoît. Son port est passablement bon. Long. 16. 42. latit. 50. 5. (D. J.)​","[[""50 5' N 16 42' E""]]",,50 5' N 16 42' E,50 5' N 16 42' E
v16-1269-3,Tonnerre,"Tonnerre, (Géog. mod.)​ en latin moderne Tornodurum ; petite ville de France, dans la Champagne, chef-lieu d’un comté sur la riviere d’Armanson,​ à 9 lieues d’Auxerre, & à 40 de Paris. Il y a élection & grenier à sel, une collégiale, & quelques couvens. Les vins de son territoire sont en réputation. Long. 21. 37. latit. 47. 50. (D. J.)​","[[""47 50' N 21 37' E""]]",,47 50' N 21 37' E,47 50' N 21 37' E
v16-1481-0,TOURNUS,"TOURNUS, (Géog. mod.)​ petite ville de France, en Bourgogne, sur la droite de la Saône, entre Mâcon & Châlons, à 82 lieues de Paris, dans une situation agréable & fertile.


Tournus a toujours été du diocèse de Châlons, & dépendoit autrefois du comté de la même ville ; aujourd’hui elle est du comté de Mâcon, où ses causes ressortissent. Elle est divisée en deux paroisses ; mais ce qui la distingue est son abbaye d’hommes de l’ordre de saint Benoît, qui a été érigé en collégiale, & qui a un abbé titulaire. La justice, soit dans la ville de Tournus, soit dans ses dépendances, appartient à cet abbé ; il a seul le droit d’en nommer tous les officiers, qui prennent de lui leurs provisions ; il a aussi seul le droit de créer des notaires & des procureurs postulans ; aussi plusieurs auteurs ont écrit à l’envi l’histoire de l’abbaye de Tournus, savoir Falcon, moine de cette abbaye dans le xj. siecle ; Pierre de Saint-Julien, surnommé de Baleurre ;  le P. Chifflet, jésuite, & Pierre Juenin. Long. 34. 46. lat. 46. 34.


La ville de Tournus est d’une origine inconnue ; il n’en est parlé que dans le troisieme siecle, sous le nom de castrum Timertium ou Trenorcium ;  elle devint ville de la Gaule celtique dans le pays des Eduens, qui avoient Autun pour leur capitale ; ainsi elle étoit comprise dans l’ancienne province Lyonnoise. Pierre Juenin a mis au jour à Dijon, en 1733, en 2 vol. in-4°. l’histoire de cette ville.


Maignon (Jean), poëte françois, étoit de Tournus :  il fit ses études chez les jésuites de Lyon, & fut quelque tems avocat au présidial de cette ville : il vint ensuite à Paris & s’y établit. Il y mourut assassiné, dit-on, sur le Pont-neuf en 1661, étant encore assez jeune. Il a composé beaucoup de mauvaises tragédies, entre autres Artaxerce, qui fut représentée par l’illustre théatre ; c’étoit le nom que prenoit une société de jeunes gens, du nombre desquels étoient Moliere & Maignon, & qui s’exerçant à la déclamation, représentoient des pieces, tantôt dans​le fauxbourg saint Germain, & tantôt dans le quartier S. Paul. Artaxerce fut imprimé à Paris en 1645. Les autres pieces de Maignon sont ; les Amants discrets, 1645 ; le grand Tamerlan & Bajazet, 1648 ; le Mariage d’Orondate & de Statira, 1648 ; Zenobie, reine de Palmire, 1660 ; son Encyclopédie parut à Paris in-4°. sous le titre de la science universelle, 1663. l’auteur mourut pendant qu’on l’imprimoit. Lorsqu’il travailloit à cet ouvrage, quelqu’un lui demandant s’il seroit bien-tôt achevé : bien-tôt, dit-il, je n’ai plus que quelques mille vers. Le singulier, c’est de faire une Encyclopédie en vers ; on n’a peut-être jamais rien imaginé de si ridicule. Despréaux n’a pas eu tort de mettre Maignon au rang des froids écrivains.



On ne lit guere plus Rampale & Mesnardiere
Que Maignon, du Souhait, Corbin, & la Morliere.


Scaron a dépeint admirablement le poëte Maignon dans certaine épître chagrine, où il lui fait dire qu’il a aussi dessein de mettre en vers les conciles. (D. J.)​","[[""46 34' N 34 46' E""]]",,46 34' N 34 46' E,46 34' N 34 46' E
v16-1577-0,TRAJANOPOLI,"TRAJANOPOLI, (Géog. mod.)​ petite ville dépeuplée de la Turquie européenne, dans la Romanie, sur la riviere de Mariza, entre Enos & Andrinople, avec un archevêque grec. Cette ville est la Trajanopolis que Ptolomée, l. III. c. xj. marque en Thrace, sur le fleuve Hebrus. Long. 14. 6. latit. 41. 14. (D. J.)​","[[""41 14' N 14 6' E""]]",,41 14' N 14 6' E,41 14' N 14 6' E
v16-1731-0,TRAUNSTEIN,"TRAUNSTEIN, (Géog. mod.)​ ville d’Allemagne, dans la haute Baviere, sur la riviere de Traun, entre le lac Chiemsée & l’archevêché de Saltzbourg.​ Elle a dans son voisinage des sources d’eau salée. Long. 30. 18. lat. 47. 48.","[[""47 48' N 30 18' E""]]",,47 48' N 30 18' E,47 48' N 30 18' E
v16-1860-0,TREVIGNO ou TREVINO,"TREVIGNO, (Géog. mod.)​ ou TREVINO, comme écrit Rodrigo Mendez Silva, ville d’Espagne en Biscaye, dans la province d’Alava, sur une colline, proche la riviere d’Ayuda, avec une citadelle, à six lieues au sud ouest de Vittoria. Son territoire abonde en blé, fruits & pâturages. Long. 14. 35. lat. 42. 50. (D. J.)​","[[""42 50' N 14 35' E""]]",,42 50' N 14 35' E,42 50' N 14 35' O
v16-1869-0,TREYSA ou plutôt Treysen,"TREYSA, (Géog. mod.)​ ou plutôt Treysen, ville d’Allemagne, dans le pays de Hesse, chef-lieu du comté de Ziegenheim, sur une colline proche la riviere de Schwalm. Elle fut brûlée par les impériaux en 1640. Long. 26. 48. lat. 50. 54.","[[""50 54' N 26 48' E""]]",,50 54' N 26 48' E,50 54' N 26 48' E
v16-188-1,Tende,"Tende, (Géog. mod.)​ ville d’Italie dans le Piémont, capitale du comté de même nom, sur la rive droite de la Roja, à dix lieues au sud-ouest de Coni, & à vingt au midi de Turin. Longit. 26. 8. lat. 44. (D. J.)​","[[""44 N 26 8' E""]]",,44 N 26 8' E,44 N 26 8' E
v16-1886-0,TRIBESÉES,"TRIBESÉES, (Géog. mod.)​ ville d’Allemagne dans la Poméranie, sur les confins du Mecklenbourg, proche la riviere de Trébel, entre Rostock & Gripswalde, avec un château. Elle appartient au roi de Suede. Long. 32. 52. latit. 54. 12.","[[""54 12' N 32 52' E""]]",,54 12' N 32 52' E,54 12' N 32 52' E
v16-2045-3,Tripoli,"Tripoli, (Géog. mod.)​ ville d’Asie, dans la Syrie, sur la côte, & à trois quarts de lieue de la Méditerranée. Elle est ceinte de murailles, particulierement vers la mer, sur le bord de laquelle elle a quelques tours quarrées avec du canon pour se défendre contre les corsaires ; elle est fort peuplée de turcs & de juifs, qui y font un grand commerce de soie. On y compte quatre maisons de religieux francs. Long. 56. 32. latit. 34. 10.


La Tripoli d’Asie est une ville très-ancienne située dans le canton que les anciens nommoient Phénicie, entre Botrys au midi, & Arca au septentrion, & sur le bord d’une riviere qui descend du Liban. Il en est parlé dans le second livre des Machabées, xiv. 1, où il est dit que trois jours après la mort d’Antiochus Epiphanes, Démétrius, fils de Séleucus, à qui le royaume de Syrie appartenoit de droit, s’enfuit de Rome, & vint aborder à Tripoli.


Le nom de Tripoli signifie en grec trois villes, parce qu’en effet elle étoit composée de trois villes éloignées l’une de l’autre de la longueur d’un stade. L’une de ces villes étoit aux Arcadiens, l’autre aux Sidoniens, & la troisieme aux Tyriens. Il y a grande apparence qu’avec le tems ces trois villes n’en formerent plus qu’une, par le moyen des maisons que l’on bâtit entre les espaces qui les séparoient. On a plusieurs médailles d’Antoine avec Cléopatre, d’Auguste, de Néron, de Trajan, de Sévere & d’Eliogabale, avec ce mot, ΤΡΙΠΟΛΕΙΤΩΝ, & une de Julie Soæmie, où on lit : ΤΡΙΠΟΤΩΝ. (D. J.)​","[[""34 10' N 56 32' E""]]",,34 10' N 56 32' E,34 10' N 56 32' E
v16-2092-0,TRIVENTO,"TRIVENTO, (Géog. mod.)​ en latin Treventum, petite ville d’Italie, au royaume de Naples, dans le comté de Molisse, sur le Trigno, à 28 lieues au nord-est de Naples, avec un évêque qui ne releve que du saint siege. Long. 32. 10. latit. 41. 47. (D. J.)​","[[""41 47' N 32 10' E""]]",,41 47' N 32 10' E,41 47' N 32 10' E
v16-212-1,Tenez,"Tenez, (Géogr. mod.)​ ville d’Afrique, au royaume de Tremecen, capitale de la province de même nom, à demi-lieue de la mer, sur le penchant d’une montagne, entre Oran & Alger. Il y a une forteresse où on tient toujours garnison. Quelques-uns croyent qu’elle occupe la place de Césarée de Mauritanie. Long. 19. 32. latit. 36. 24.","[[""36 24' N 19 32' E""]]",,36 24' N 19 32' E,36 24' N 19 32' E
v16-2238-2,Truxillo,"Truxillo, (Géog. mod.)​ ville de l’Amérique septentrionale, dans la nouvelle Espagne, au gouvernement d’Honduras, sur la côte du golphe du même nom ; son port est au fond de la baie. Son terroir est fertile en fruits excellens, & en vins qu’on recueille deux fois l’année. Long. 292. 16. latit. 15. 38. (D. J.)​","[[""15 38' N 292 16' E""]]",,15 38' N 292 16' E,15 38' N 292 16' O
v16-2383-0,TURFAN,"TURFAN, (Géog. mod.)​ ville de la grande Tartarie, au royaume de Cialis sur la route de Casgar à la grande muraille de la Chine, entre Cialis & Camul. Long. 113. 7. latit. 39. 43. (D. J.)​","[[""39 43' N 113 7' E""]]",,39 43' N 113 7' E,39 43' N 113 7' E
v16-2581-0,VAISON,"VAISON, (Géog. mod.)​ petite ville, ou bicoque de France, en Provence, au comtat Venaissin, proche la riviere d’Ouvèse, à douze lieues au nord-est d’Avignon, dont son évêché est suffragant. Long. 22. 47. latit. 44. 17.


Le nom latin de Vaison est Vasco, ou plutôt Vasio, Vasiorum civitas, Vasio Vocontiorum, autrefois la capitale des Vocontiens, l’une des grandes villes des Gaules, & du nombre de celles qu’on appelloit fæderatæ, c’est-à-dire alliées des Romains, comme nous l’apprenons de Pline. Elle étoit dans la plaine, ainsi qu’on le voit par ses ruines. Elle reçut de bonne heure le christianisme ; car un de ses évêques nommé Daphnus, episcopus vasionensis, envoya un député au concile d’Arles tenu l’an 314.​


Cette ville fut ruinée sur la fin du sixieme siecle, soit par les Sarrasins, soit par les Lombards d’Italie, qui ayant passé les monts, ravagerent les pays qui sont entre le Rhône & les Alpes. A la place de cette ancienne ville de Vaison, on a bâti sur une montagne la nouvelle ville, qui n’est, à proprement parler, qu’une méchante bicoque dépeuplée, de la dépendance du pape, sans fortifications, & dont l’évêque a moins de revenu que plusieurs curés ordinaires. (D. J.)​","[[""44 17' N 22 47' E""]]",,44 17' N 22 47' E,44 17' N 22 47' E
v16-2606-0,VALENCIENNES,"VALENCIENNES, (Géog. mod.)​ ville de France, dans le Hainaut, sur le bord de l’Escaut, entre Condé & Bouchain, à huit lieues au nord-est de Cambrai, à six au sud ouest de Mons, & à cinquante de Paris.


Les rois de France avoient un palais à Valenciennes, sous Clovis III. qui y tint une assemblée des grands du royaume, valentinianis in palatio nostro, dit la patente de ce prince ; cependant Valenciennes n’étoit encore qu’une bourgade ; mais sa situation avantageuse la rendit avec le tems une bonne ville. L’Escaut qui la coupe par le milieu, & où il y a de belles écluses, y porte bateau. Comme cette riviere la divise en deux, la ville est aussi de deux dioceses, de Cambrai & d’Arras ; c’est ce qui fait qu’elle a été attribuée par divers auteurs au Hainaut, & par d’autres à la Flandre. Les empereurs de qui Cambrai & le Hainaut relevoient, prétendoient avoir la souveraineté de toute la ville ; mais cette prétention leur étoit disputée par les comtes de Flandre, & par les rois de France de qui ces comtes relevoient. Louis XIV. prit Valenciennes en 1677. & elle lui fut cédée l’année suivante par le traité de Nimegue.


Cette ville, dont Henri Oultreman a donné l’histoire imprimée à Anvers, en 1590. in 4°. contient à-peu-près quatre mille maisons, & environ vingt mille habitans ; les rues sont étroites, mal percées, & toutes tortues ; ses fortifications & la citadelle ont été réparées, & construites en partie par le maréchal de Vauban ; la citadelle est une des plus irrégulieres qu’on puisse voir, mais les redoutes sont belles & bien revêtues.


Il y a dans cette ville un gouverneur, un lieutenant de roi, & bonne garnison ; la citadelle a son gouverneur particulier ; les membres de la magistrature sont nommés tous les ans par le gouverneur de la ville, & par l’intendant de la province. La justice royale qu’on appelle la prévôté-le-comte, s’étend sur les ving-quatre villages de la prévôté, & connoît des cas royaux dans la ville ; l’appel des jugemens est porté au parlement de Douay. Le commerce de Valenciennes consiste en camelots, bouracans, toiles fines appellées batistes, & belles dentelles. Long. 21. 45. latit. 50. 22.


Froissard (Jean). prêtre, historien & poëte, naquit à Valenciennes vers l’an 1337. & montra dès sa jeunesse un fond de dissipation naturelle, qui exerça souvent la patience de ses maîtres. Il aimoit la chasse, les assemblées, les danses, la bonne chere, le vin, & les femmes. Tout cela paroît par un morceau de ses poésies, où il se dépeint ainsi lui même :



Et si destoupe mes oreilles,
Quand j’oi vin verser de bouteilles,
Car au boire prens grant plaisir,
Aussi fais en beaus draps vestir,
En viande fresche & nouvelle.
Violettes en leur saisons,
Et roses blanches & vermeilles
Voi volontiers, car c’est raisons,
Et chambres plaines de candeilles,
Jus & dances, & longes veilles,
Et beaus lis pour li rafreschir,
Et au couchier pour mieulx dormir
Especes, (épices) clairet, & rocelle :
En toutes ces choses veir
Mon esperit se renouvelle.


Le goût pour l’histoire remplit un peu le vuide que l’amour des plaisirs laissoit dans son esprit & dans son cœur. Il avoit à peine vingt ans lorsqu’il entreprit d’écrire l’histoire des guerres de son tems, par-​ticulierement de celles qui suivirent la bataille de Poitiers. Quatre ans après, en 1356, étant allé en Angleterre, il en présenta une partie à la reine Philippe de Haynaut, femme d’Edouard III. Quelque jeune qu’il fût alors, il avoit déja parcouru toutes les provinces de la France.


L’objet de son voyage en Angleterre étoit de s’arracher au trouble d’une passion qui le tourmentoit depuis long tems ; mais malgré les amusemens qu’on lui procura, & les caresses dont on l’accabla, rien ne put charmer l’ennui qui le dévoroit ; il résolut de se rapprocher ; cependant ses assiduités & ses soins auprès de sa maîtresse ayant été encore sans succès, il s’éloigna d’elle une seconde fois ; il retourna en Angleterre, & fut nommé clerc, c’est à-dire secrétaire ou écrivain de la chambre de la reine. Elle prenoit souvent plaisir à lui faire composer des poésies amoureuses ; mais ce n’étoit là qu’un amusement qui ne préjudicioit point à des travaux plus sérieux, puisqu’il fit aux frais de cette princesse, pendant les cinq années qu’il passa à son service, plusieurs voyages dont l’objet paroit avoir été de rechercher tout ce qui devoit servir à enrichir son ouvrage.


Après la mort de cette reine, qui l’avoit comblé de biens, il s’attacha à Vinceslas de Luxembourg, duc de Brabant, ensuite à Gui, comte de Blois. Ce dernier prince lui donna des lettres de recommandation pour Gaston Phœbus, comte de Béarn, ce qui lui procura le moyen de s’instruire à fonds des provinces du royaume les plus éloignées, où il savoit qu’un grand nombre de guerriers se signaloient tous les jours par de merveilleux faits d’armes. En 1395. il fit une course en Angleterre, où il n’avoit pas été depuis vingt ans ; le roi le gracieusa beaucoup, & le gratifia à son départ de cent nobles dans un gobelet d’argent doré, pesant deux marcs. Il mourut six ans après, âgé d’environ 64 ans.


Son histoire est un ouvrage précieux. Elle comprend tout ce qui s’est passé en France, en Espagne, & en Angleterre, depuis 1326, jusqu’en 1400. Enguerrand de Monstrelet continua cette besogne jusquen 1467. On a plusieurs éditions de la chronique de Froissard ; les premieres sont à Paris, chez Jean Petit, & chez Antoine Vérard, en caracteres gothiques. Denys Saulvage la réimprima à Lyon en 1559. la quatrieme édition parut à Paris en 1574 ; mais comme les François accusent Froissard de partialité pour la nation angloise, ils ont par-ci par là, tronqué son histoire dans toutes leurs éditions.


On dit qu’on garde dans la Bibliotheque de Breslaw, un manuscrit complet de la chronique de Froissard ; c’est sur ce manuscrit qu’elle mériteroit d’être réimprimée. Il faudroit y joindre dans ce cas le mémoire sur la vie de l’historien, par M. de Sainte Palaye, inséré dans le recueil de l’académie des Inscriptions, tom. X. in-4°. p. 564. (Le chevalier de Jaucourt.)​","[[""50 22' N 21 45' E""]]",,50 22' N 21 45' E,50 22' N 21 45' E
v16-2631-0,VALLADOLID,"VALLADOLID, (Géog. mod.)​ en latin Pincium, ville d’Espagne dans la vieille Castille, sur la riviere de Pisuerga, près de son embouchure dans le Duero, à 20 lieues au sud-ouest de Burgos, à 25 au nord-est de Salamanque, & à 35 au nord de Madrid.


Valladolid est une des plus grandes villes d’Espagne. Elle contient soixante & dix couvens de l’un & de l’autre sexe, & des églises à proportion ; d’ailleurs l’étendue de ses places publiques y est très-considérable. On donne sept cens pas de circuit à la seule place du marché nommée el campo ; les maisons de cette place sont égales, & à quatre étages. L’université n’est composée que de quelques colleges. On a fondé dans cette ville en 1752, une académie des sciences & des arts ; mais cette académie ne se presse pas de répandre ses lumieres, car elle n’a point encore publié d’ouvrages. L’évêché de cette cité est suffragant de Tolede, & a été fondé en 1595. Son revenu est évalué à quinze mille ducats. Cette ville a été la résidence des rois de Castille jusqu’à Charlesquint. Les dehors en sont très-agréables ; c’est une belle plaine couverte de jardins, de vergers, de prés & de champs. Long. 13. 35. lat. 41. 43.


Vallodolid est la patrie de quatre ou cinq jésuites, dont les noms ne sont connus qu’en Espagne ; mais il n’en est pas de même de Mercado (Louis de) en latin Mercatus, un des savans médecins du xvj. siecle ; toutes ses œuvres ont été recueillies & imprimées Francofurti 1654, cinq vol. in-fol. Il mourut en 1593, à 53 ans.


Nuanez (Ferdinand), surnommé Pincianus, du nom latin de sa patrie, a eu la gloire d’apporter le premier l’usage de la langue greque en Espagne. La​noblesse de son extraction lui procura l’honneur d’être fait chevalier de S. Jacques ; mais quoiqu’il fût en même tems intendant des finances de Ferdinand le catholique, il n’employa sa fortune qu’à devenir le propagateur des belles-lettres dans sa patrie ; sourd aux promesses les plus magnifiques, & insensible aux espérances de la cour les plus flatteuses, il consacra son loisir studieux à communiquer aux autres les lumieres qu’il possédoit. Il fit pour la plus grande partie la version latine des septante, imprimée dans la polyglotte du cardinal Ximenès. Emule d’Hermolaüs Barbaro, il publia des commentaires sur Pline, Pomponius Méla & Séneque, tous trois ses compatriotes ; enfin, il mérita les éloges des plus savans hommes, de juste-Lipse, d’Isaac Vossius & d’autres critiques. Il mourut en 1553, âgé de plus de 80 ans. (Le chevalier de Jaucourt.)​","[[""41 43' N 13 35' E""]]",,41 43' N 13 35' E,41 43' N 13 35' O
v16-2667-0,VAND OEUVRE,"VAND’ŒUVRE, (Géogr. mod.)​ petite ville de France, dans la Champagne, sur la riviere de Barse, à six lieues au levant de Troyes. Longit. 22. 4. latit. 48. 12.


Cette petite ville est la patrie de Nicolas Bourbon, poëte latin qui vivoit sous le regne de François I. Marguerite de Valois le donna pour précepteur à Jeanne d’Albret de Navarre sa fille, & mere d’Henri IV. Il mourut à Condé, vers l’an 1550. Il a laissé huit livres d’épigrammes, sous le titre de nugæ, baga-​telles, au sujet duquel du Bellai fit ces deux jolis vers :



Paule, tuum inscribis, Nugarum nomine librum,
In toto libro nil melius titulo.


C’est un bon mot, mais qui ne doit point détruire le mérite de l’ouvrage même, dont Erasme faisoit grand cas. Bourbon étoit fils d’un riche maître des forges, ce qui lui donna lieu de publier son poëme de la forge en latin ferraria. Il décrit dans cet ouvrage tout le travail de la forge, & de l’occupation des ouvriers qui coupoient le bois, qui faisoient le charbon, qui fouilloient la mine, qui la nettoyoient, qui la voituroient au fourneau pour le fondeur, & pour les forgerons ; il les met tous en action, & il ne laisse à son pere que le soin de les payer & de veiller sur le produit.


Il eut un petit neveu, nommé comme lui Nicolas Bourbon, & comme lui très-bon poëte latin. Ce neveu fut de l’académie françoise, & mourut comblé de pensions en 1644. âgé d’environ 70 ans. Ses poésies parurent à Paris l’an 1630. in-12. On fait grand cas dans ce recueil de la piece intitulée : imprecation contre le parricide d’Henri IV. Les deux beaux vers en l’honneur de ce prince, qui sont à la porte de l’arsenal de Paris, sont encore du même poëte ; les voici, quoique tout le monde les sache par cœur, ou si vous voulez, par cette même raison :



Ethna hæc Henrico vulcania tela ministrat,
Tela gigantoeos debellatura furores.


(D. J.)​","[[""48 12' N 22 4' E""]]",,48 12' N 22 4' E,48 12' N 22 4' E
v16-2769-0,VASSI,"VASSI, (Géog. mod.)​ en latin du moyen âge Vassiacus ou Vasiacus, ville de France, en Champagne, la principale place du pays de Vallage, au milieu duquel elle est située, sur une petite riviere appellée la Blaise. C’est un lieu fort ancien, & qui étoit déjà un domaine royal, fiscus regius, des le milieu du septie-​me siecle, sous le regne de Clovis II. Elle fleurissoit beaucoup avant le massacre des réformés, qu’on eut lieu d’attribuer principalement au duc de Guise, & par lequel commencerent les affreuses guerres civiles en France pour la religion. Long. 19. 23. latit. 47. 4.


Jaquelot (Isaac), célebre théologien calviniste, naquit dans cette ville en 1647, & se vit obligé de sortir de France par la révocation de l’édit de Nantes. Le corps des nobles lui donna une église à la Haye, & le roi de Prusse le nomma son prédicateur à Berlin, où il mourut en 1708, âgé de 61 ans. Il a publié des ouvrages estimés, entr’autres des sermons, un traité de l’existence de Dieu, des dissertations sur le Messie, & finalement un traité de la vérité des livres du vieux & du nouveau Testament, imprimé à Rotterdam 1715, in-8°. (D. J.)​","[[""47 4' N 19 23' E""]]",,47 4' N 19 23' E,47 4' N 19 23' E
v16-2804-0,UBEDA,"UBEDA, (Géog. mod.)​ cité d’Espagne, au royaume de Jaën, dans l’Andalousie, à une lieue au nord-est de Bacça, dans une campagne fertile en vin, en blé & en fruits. Long. 15. 4. latit. 37. 46.","[[""37 46' N 15 4' E""]]",,37 46' N 15 4' E,37 46' N 15 4' O
v16-2812-0,UDINE,"UDINE, (Géog. mod.)​ en latin Utina, Utinum, ville d’Italie, dans l’état de Venise, capitale du Frioul, entre le Tajamento & le Lisouzo, à 8 milles au sud-ouest de Cividad di Friuli, & à 20 milles au couchant de Garitz. L’air y est tempéré, & le terroir fertile en grains, en vin & fruits délicieux. Long. 30. 45. lat. 46. 10.


Léonard de Utino, ainsi nommé parce qu’il étoit né à Udine, entra dans l’ordre de S. Dominique, & fut un des plus célebres prédicateurs de son tems. Ses sermons écrits en latin, ont eu un débit prodigieux dans le xv. siecle ; cependant quelques éloges qu’on en ait fait, ils tenoient beaucoup du caractere de ceux de Barlette, de Maillard & de Menot ; & si l’on n’y trouve pas des turlupinades semblables aux leurs, du moins y rencontre-t-on des plaisanteries peu dignes de la gravité de la chaire ; telle est celle-ci tirée du sermon xliij.



Foemina corpus, animam, vim, lumina, vocem,
Polluit, annihilat, necat, eripit, orbat, acerbat.


On a publié les sermons de ce dominicain sous le titre de sermones aurei, & Bayle dit qu’ils furent imprimés pour la premiere fois l’an 1446. A la vérité il produit ses garans, mais il devoit au-contraire censurer une semblable erreur, puisque l’Imprimerie n’a point été connue, ni pratiquée dans aucun pays du monde, avant l’an 1450. La premiere édition des sermons d’or du dominicain d’Udine est de l’an 1473, sans nom de ville, ni d’imprimeur, en 2. vol. in-fol.


Amaseus (Romulus), un des savans de Rome qui brillerent le plus sous le pontificat de Jules III. étoit natif d’Udine. Il a fait paroître son intelligence de la langue greque par la traduction de Pausanias, & par celle de l’ouvrage de Xénophon, qui concerne l’expédition du jeune Cyrus. Il naquit en 1489, & mourut vers l’an 1550.


Robortello (François), autre critique du xvj. siecle, naquit à Udine, & mourut à Padoue en 1567 à 51 ans. On a de lui un traité de l’histoire, des com-​mentaires sur plusieurs des poëtes grecs & latins, & des ouvrages polémiques pleins d’aigreur & de violence, en particulier contre Alciat, Sigonius & Baptiste Egnatius, qui lui répondit finalement l’épée à la main, ce qui termina la dispute. (D. J.)​","[[""46 10' N 30 45' E""]]",,46 10' N 30 45' E,46 10' N 30 45' E
v16-2843-0,VEGGIA ou VEGLIA,"VEGGIA ou VEGLIA, (Géograph. mod.)​ île du golfe de Venise, sur la côte de la Morlaquie, au voisinage de l’île de Cherzo. On lui donne environ cent milles de tour. C’est la plus belle île de cette côte. Elle produit du vin, de la soie, & des petits chevaux estimés. Sa capitale qui porte le même nom, est sur le bord de la mer, du côté du midi, où elle a un port capable de contenir dix galeres & quelques vaisseaux. Cette ville est honorée d’un évêché. Long. 32. 27. latit. 46. 12.


L’île de Veggia est nommée Kar par les Esclavons, & ce pourroit être la Curica de Ptolomée. Après la décadence de l’empire, elle se gouverna quelque tems par ses propres lois, ayant des princes particuliers, dépendans des rois de Dalmatie. L’un d’eux la céda, à ce qu’on croit, à la république de Venise en 1480, du-moins depuis ce tems-là les Vénitiens en ont joui tranquillement. Ils y envoyent pour la gouverner un noble avec titre de provéditeur. (D. J.)​","[[""46 12' N 32 27' E""]]",,46 12' N 32 27' E,46 12' N 32 27' E
v16-289-0,TERKI,"TERKI, (Géog. mod.)​ ville fortifiée d’Asie, capitale de la Circassie, sur la riviere de Terck, à une demi-lieue de la mer, & environnée de marais. Le czar y tient une forte garnison. Long. 66. 34. latit. 43. 23. (D. J.)​","[[""43 23' N 66 34' E""]]",,43 23' N 66 34' E,43 23' N 66 34' E
v16-484-0,TEZOTE,"TEZOTE, (Géog. mod.)​ petite ville d’Afrique, au royaume de Fez, dans la province de Garet, dont elle est capitale, sur la pointe d’un rocher, à trois lieues de Melile. Long. 15. 38. lat. 24. 40. (D. J.)​","[[""24 40' N 15 38' E""]]",,24 40' N 15 38' E,24 40' N 15 38' E
v16-488-1,Thabor,"Thabor, (Géog. mod.)​ ville de Bohème sur une hauteur, proche la riviere de Lansnitz. entre Prague & Budwiss, dans le cercle de Bechin. Elle a été souvent prise durant les guerres d’Allemagne. Long. 32. 43. lat. 49. 20. (D. J.)​","[[""49 20' N 32 43' E""]]",,49 20' N 32 43' E,49 20' N 32 43' E
v16-778-0,THUS ou TUS,"THUS ou TUS, (Géog. mod.)​ ville de Perse, dans le Khorassan. Long. selon Nassir-Eddin qui y naquit, 92. 30. latit. 37. & dans le quatrieme climat. (D. J.)​","[[""37 N 92 30' E""]]",,37 N 92 30' E,37 N 92 30' E
v16-893-0,TIFAUGES,"TIFAUGES, (Géog. mod.)​ petite ville ou plutôt bourg de France, en Poitou, élection de Mauleon, sur la Sevre nantoise, aux confins de l’Anjou & de la Bretagne. Long. 16. 35. lat. 46. 58. (D. J.)​","[[""46 58' N 16 35' E""]]",,46 58' N 16 35' E,46 58' N 16 35' E
v16-957-2,Tine,"Tine, (Géogr. mod.)​ petite ville de la Turquie européenne, dans la Bosnie, à quatorze lieues au nord-est de Sébénico. Long. 24. 45. latit. 44. 27. (D. J.)​","[[""44 27' N 24 45' E""]]",,44 27' N 24 45' E,44 27' N 24 45' E
v17-1104-0,VUNING,"VUNING, (Géog. mod.)​ ville de la Chine, dans la province de Kiangsi, & sa premiere métropole. Elle est de 3. 6. plus occidentale que Pékin, sous les 40. 50. de latitude septentrionale. (D. J.)​","[[""40 50' N 3 6' W""]]",['Pékin'],40 50' N 3 6' W,40 50' N
v17-1121-0,UZKUNT,"UZKUNT, (Géog. mod.)​ ville dans la Transoxane, entre le Turquestan & le Zagataï, sur le Sion. Nassir-Eddin & Ulug-Beg la nomment Urkend. Long. 102. 30. latit. 44. (D. J.)​","[[""44 N 102 30' E""]]",,44 N 102 30' E,44 N 102 30' E
v17-1179-0,WARDE,"WARDE, (Géog. mod.)​ ville du royaume de Danemark, dans le Jutland ; au diocèse de Rypen, à six lieues au nord de cette ville, vers l’embouchure d’une riviere qui lui donne son nom, & qui se jette dans la mer par une longue & large embouchure, vis-à-vis l’île de Fanoë. Longitude 26.19. latitude 55. 25. (D. J.)​","[[""55 25' N 26 19' E""]]",,55 25' N 26 19' E,55 25' N 26 19' E
v17-1194-1,Wartenberg,"Wartenberg, (Géogr. mod.)​ ville de la Prusse royale, dans le palatinat de Marienbourg, sur la riviere d’Alla, au sud-est de Gutstat, & au midi de Freudenberg. Long. 38. 50. latit. 53. 45. (D. J.)​","[[""53 45' N 38 50' E""]]",,53 45' N 38 50' E,53 45' N 38 50' E
v17-1205-0,WASSERBURG,"WASSERBURG, (Géog. mod.)​ ville d’Allemagne, dans la Baviere, sur l’Inn, à 10 lieues à l’est de Munich, avec titre de comté. Longit. 29. 45. latit. 48.","[[""48 N 29 45' E""]]",,48 N 29 45' E,48 N 29 45' E
v17-1213-0,WATTEN,"WATTEN, (Géog. mod.)​ petite ville de France, dans la Flandre, en la châtellenie de Bourbourg, sur l’Aa, à 2 lieues au-dessous de S. Omer, avec une abbaye d’hommes de l’ordre de S. Augustin. Long. 19. 56. latit. 54. 43.","[[""54 43' N 19 56' E""]]",,54 43' N 19 56' E,54 43' N 19 56' E
v17-1227-0,WEERT,"WEERT, (Géog. mod.)​ petite ville des Pays bas, dans le Brabant, au quartier de Bois-le-Duc, dans le Péeland, à 4 lieues de Ruremonde. Long. 23. 29. lat. 51. 9.


Il y a dans cette petite ville un couvent de recolets, un prieuré de chanoines augustins, & un monastere de religieuses pénitentes, fondé par Jean de Weert, natif de cette ville, dont il prit le nom.


Cet homme d’une naissance obscure, s’éleva par sa valeur au plus haut grade militaire, & rendit son nom très-célebre. Il commença sa fortune d’une maniere fort étonnante. Il apprenoit le métier de cordonnier ; son maître le battit, il s’engagea dans un régiment de troupes allemandes qui étoit à Weert. Bientôt il se fit distinguer, & après avoir passé d’une maniere brillante par tous les grades militaires, il devint vice-roi de Bohème, & commandant de Prague, où il mourut vers l’an 1665. C’est lui dont le nom, après avoir fait grand bruit dans les nouvelles publiques, retentit enfin dans nos chansons françoises. On en fit courir un grand nombre à la cour & à la ville, où il servoit de refrain.


Ménage voulant prouver que nous employons également le mot tudesque dans le discours familier, pour dire un allemand, cite M. de Montplésir, qui a dit dans une de ses chansons :



Faut-il se lever si matin,
Dit le comte de Fiesque ;
On ne dort non plus qu’un lutin
Avecque ce tudesque.
Maugré-bleu de la nation :
Le diable emporte Gassion,
Et Jean de Weert.


Mademoiselle l’Héritier nous aprend, dans le Mercure galant, d’Avril 1702, l’origine de ces chansons. Elle dit que Jean de Weert s’etant rendu maître de plusieurs places dans la Picardie, porta la terreur jusqu’aux portes d’Amiens, par les troupes qu’il envoyoit en parti. Cette terreur se répandit jusque dans Paris ; & comme le peuple grossit toujours les objets, le seul nom de Jean de Weert y inspiroit l’effroi.


Ce général ayant été fait prisonnier à la bataille de Rheinfeld, en 1638, la muse du Pont-Neuf célébra ses transports de joie sur un air de trompette qui couroit alors. Elle disoit que les François avoient fait un tel nombre de prisonniers, & Jean de Weert. Comme il y avoit dans ces chansons une certaine naïveté grossiere, mais réjouissante, la cour & la ville les chanterent. Enfin, des gens d’esprit en firent d’autres délicates & fort jolies sur le même air de Jean de Weert. Ce vaillant officier, dont le nom avoit fait un bruit si éclatant, laissa en France une mémoire immortelle de sa prise, & l’on nomma le​ tems où elle étoit arrivée, le tems de Jean de Weert. (Le chevalier de Jaucourt.)​","[[""51 9' N 23 29' E""]]",,51 9' N 23 29' E,51 9' N 23 29' E
v17-1259-0,WENSYSSEL ou VENDSUSSEL,"WENSYSSEL ou VENDSUSSEL, (Géog. mod.)​ en latin Vendela, Vandalia, ville de Danemarck, dans le Jutland méridional. Elle a eu autrefois un évêché, qui fut transféré à Alborg l’an 1540. Cette ville est encore le chef-lieu d’une préfecture de son nom. Long. 27. 52. latit. 57. 3.","[[""57 3' N 27 52' E""]]",,57 3' N 27 52' E,57 3' N 27 52' E
v17-1275-0,WERN ou WERNE,"WERN ou WERNE, (Géog. mod.)​ petite ville d’Allemagne, en Westphalie, dans le haut évêché de Munster, sur les confins du comté de la Marck, proche la rive droite de la Lippe, à 4 lieues au midi de Munster. Long. 25. 18. lat. 51. 40. (D. J.)​","[[""51 40' N 25 18' E""]]",,51 40' N 25 18' E,51 40' N 25 18' E
v17-1301-0,WESTERVICK,"WESTERVICK, (Géog. mod.)​ petite ville de Suede dans le Smaland, aux frontieres de l’Ostrogothie, sur la côte au midi de Lindkoping, avec un port. Long. 35. 18. latit. 57. 55.","[[""57 55' N 35 18' E""]]",,57 55' N 35 18' E,57 55' N 35 18' E
v17-1319-1,Wexford,"Wexford, (Géog. mod.)​ ville d’Irlande, dans la province de Leinster, capitale du comté de même nom, à 60 milles au midi de Dublin. Elle est grande, belle, bien bâtie, avec un bon port, à l’embouchure du Slany. On remarque que le flux & le reflux s’y font trois heures plutôt que dans l’Océan. Long. 11. 10. latit. 52. 18. (D. J.)​","[[""52 18' N 11 10' E""]]",,52 18' N 11 10' E,52 18' N 11 10' O
v17-1320-0,WEXIO,"WEXIO, (Géog. mod.)​ ville de Suéde, dans la Gothie méridionale, sur le bord du lac Salen, à 10 lieues au nord de Calmar, avec un évêché suffragant d’Upsal. Long. 32. 40. latit. 56. 2.


Wexionius, (Michel), étoit né à Wéxio, & mourut à Stockholm en 1671. Il a publié quelques ouvrages sur le droit suédois, & une description latine de la Suede, descriptio Sueciæ, Aboæ 1672. in-12 ; ce petit livre est rare, ayant été défendu, parce que l’auteur y découvroit des secrets sur le gouvernement de l’état. (D. J.)​","[[""56 2' N 32 40' E""]]",,56 2' N 32 40' E,56 2' N 32 40' E
v17-1333-1,"Wiborg ou Wiburg, ou Wibourg","Wiborg ou Wiburg, ou Wibourg, (Géog. mod.)​ ville de l’empire Russien, capitale de la Karélie-Finoise au fond d’un golfe, que forme celui de Finland, à 15 lieues au couchant de Kexholm, avec évêché, suffragant de Riga ; c’est une place commerçante & forte, munie d’une bonne citadelle, qui a long-tems résisté aux armes des Russes ; enfin, le czar Pierre l’assiégea & la prit en 1710. Elle étoit défendue par une garnison d’environ 4000 Suédois, qui fut faite prisonniere de guerre, malgré la capitulation. Wiborg fut cédée à la Russie en 1721, par le traité de Nieustadt. Longit. 47. 23. latit. 60. 52. (D. J.)​","[[""60 52' N 47 23' E""]]",,60 52' N 47 23' E,60 52' N 47 23' E
v17-1342-0,WIELUN,"WIELUN, (Géog. mod.)​ ville de la grande Pologne, dans le palatinat de Siradie, aux confins de la Silene, sur une riviere qui se rend dans la Warta, à 10 sieues de Siradie ; elle a un château pour la défendre. Long. 36. 15. latit. 51. 8. (D. J.)​","[[""51 8' N 36 15' E""]]",,51 8' N 36 15' E,51 8' N 36 15' E
v17-1367-0,WILLISAW,"WILLISAW, (Géog. mod.)​ petite ville de Suisse, dans le canton de Lucerne, sur la riviere de Wiger, entre de hautes montagnes. Long. 25. 42. Latit. 47. 7. (D. J.)​","[[""47 7' N 25 42' E""]]",,47 7' N 25 42' E,47 7' N 25 42' E
v17-1395-0,WINNICZA,"WINNICZA, (Géogr. mod.)​ ville de Pologne, dans la Podolie, capitale du Palatinat de Braclaw, sur la rive du Bog, à 12 lieues de Braclaw. C’est le siege d’un tribunal de justice, & le lieu de l’assemblée de la noblesse. Long. 46. latit. 49. 27.","[[""49 27' N 46 E""]]",,49 27' N 46 E,49 27' N 46 E
v17-1547-0,XICONA,"XICONA, (Géog. mod.)​ & par l’auteur de la Poblacion général de las Espagnas, Sexona ; petite ville d’Espagne, au royaume de Valence, entre des montagnes, au nord d’Alicante, avec un château bâti sur une hauteur. Il croît dans ses environs du vin aussi estimé que celui d’Alicante. Long. 17. 22. latit. 38. (D. J.)​","[[""38 N 17 22' E""]]",,38 N 17 22' E,38 N 17 22' E
v17-1603-0,YAMBO,"YAMBO, (Géog. mod.)​ petite ville d’Asie dans l’Arabie, sur la côte orientale de la mer Rouge, route de Médine, avec un petit port qui en est éloigné de 10 lieues. Long. 53. 42. latit. 21. 38.","[[""21 38' N 53 42' E""]]",,21 38' N 53 42' E,21 38' N 53 42' E
v17-1636-0,"YESD, ou YEST, ou JESSEDE","YESD, ou YEST, ou JESSEDE, (Géog. mod.)​ ville de Perse, sur la route d’Ispahan à Kerman, au milieu des sables qui s’étendent deux lieues à la ronde ; il y a cependant quelques bonnes terres qui produisent d’excellens fruits. C’est une grande villace où l’on a établi des caravanserais, & des bazards. Il y a beaucoup de manufactures d’étoffes en laine & en soie pure, ou mêlée d’or & d’argent. Longit. selon Tavernier, 7. 15. latit. 32. 15.


Moulla Scherefeddin Aly, qui composa l’histoire des conquêtes du prince Timur, en persan, étoit né à Yesd ; il publia cet ouvrage à Schiraz, l’an de grace 1424, & de l’Hégire 828. Kondemir le préfére pour la beauté du style, à tous les auteurs qui ont traité l’histoire des Mogols & des Tartares : d’ailleurs, les routes sont exactement décrites dans ce livre, & elles éclaircissent beaucoup la géographie de ces pays là. (D. J.)​","[[""32 15' N 7 15' E""]]",,32 15' N 7 15' E,32 15' N 7 15' E
v17-166-0,VÉROLI,"VÉROLI, (Géog. mod.)​ en latin Verulæ ; ville d’Italie dans la campagne de Rome, sur les confins du royaume de Naples, au pié de l’Apennin, à 20 lieues au sud-est de Rome, avec un évêché qui ne releve que du pape. Long. 31. 6. lat. 41. 38.


Palearius (Aonius), l’un des plus vertueux, des plus malheureux hommes de lettres, & en même tems l’un des bons écrivains du xvj. siecle, étoit né à Véroli. Il s’acquit l’estime des savans de ce tems-là, par son poëme, De immortatitate animarum, imprimé à Lyon en 1536 in-16. Sa réputation & son éloquence lui attirerent des envieux, qui pour le perdre, le diffamerent comme un impie. Ils l’accuserent d’avoir écrit en faveur des Protestans, & contre l’inquisition. Pie V. voulut signaler le commencement de son pontificat par le supplice d’un hérétique ; Palearius fut choisi, & condamné à être pendu, étranglé, & brûlé l’an 1566 : cette horrible sentence fut exécutée sans aucune miséricorde. Outre son poëme de l’immortalité de l’ame, on a de lui d’autres pieces en vers & en prose, dont la meilleure édition est celle de Westein à Amsterdam, en 1696 in-8°.​


Sulpitius (Jean), surnommé Verulanus du nom de Véroli sa patrie, florissoit sur la fin du xv. siecle. Il cultiva les belles-lettres avec succès. Il fit imprimer Végèce, & publia le premier Vitruve ; ce que M. Perrault n’auroit pas dû ignorer. C’est encore Sulpitius qui a rétabli l’usage de la musique sur le théatre. Rome qui l’avoit comme perdue, pour donner à la déclamation des acteurs ce que les Grecs donnoient au chant & à l’harmonie, la vit reparoître vers l’an 1480, par les soins & le génie de Sulpitius. Il commença par donner au peuple le plaisir de la musique des opéra sur des théatres mobiles ; ensuite il en amorça le pape & les cardinaux ; enfin son invention fut goûtée de tout le monde, & ce goût se soutiendra long-tems. (D. J.)​","[[""41 38' N 31 6' E""]]",,41 38' N 31 6' E,41 38' N 31 6' E
v17-1675-0,YSTED ou UDSTED,"YSTED ou UDSTED, (Géog. mod.)​ ville de Suede dans la Scanie, sur la côte méridionale de cette province, à 2 lieues suédoises de Malmoë, à 3 de Christianstad, & à 9 de Lunden. Long. 30. 50. latit. 55. 38. (D. J.)​","[[""55 38' N 30 50' E""]]",,55 38' N 30 50' E,55 38' N 30 50' E
v17-173-0,"VÉRONIS, ou VÉRONÉEZ","VÉRONIS, ou VÉRONÉEZ, (Géog. mod.)​ ville de l’empire russien, dans le duché de Rézau, sur le haut d’une montagne, proche la riviere de Véronis qu’on passe sur un pont, avec une citadelle. Elle con-​tient quatre à cinq mille habitans. Longitude 60. 6. latitude 53. 15. (D. J.)​","[[""53 15' N 60 6' E""]]",,53 15' N 60 6' E,53 15' N 60 6' E
v17-1780-0,"ZANFARA, ou JANFARA","ZANFARA, ou JANFARA, (Géog. mod.)​ royaume d’Afrique, dans la Nigritie. Il est borné au levant par le royaume de Zegzeg, & au midi par le Sénégal. Les caravanes de Tripoli qui vont dans ce royaume, en apportent de l’or, en échange de draps & autres marchandises qu’ils y laissent. Le terroir est fécond en blé, riz, millet, & coton ; ses habitans sont grands & fort noirs. Le lieu principal du pays, est à 40 deg. de longitude, sous les 16. deg. de latitude septentrionale. (D. J.)​",[['16 N 40 E']],,16 N 40 E,16 N 40 E
v17-1825-1,Zathmar,"Zathmar, (Géog. mod.)​ petite ville de Hongrie. capitale du comté de même nom, sur la riviere de Samos, qui en forme une île, sur les frontieres de la Transilvanie, à 18 lieues de Toxay, & à 50 de Bude. Elle appartient à l’empereur. Long. 27. 32. latit. 49. 58. (D. J.)​","[[""49 58' N 27 32' E""]]",,49 58' N 27 32' E,49 58' N 27 32' E
v17-1844-0,ZEGZEG,"ZEGZEG, (Géog. mod.)​ royaume d’Afrique, dans la Nigritie, au midi du Niger, qui le sépare du royaume de Cassène. Il est borné au midi par le royaume de Benin, au couchant par les deserts, & au levant par le royaume de Zanfara. Il appartient au roi de​Tombut. Les habitans demeurent dans de chétives cabanes. Son lieu principal, dont il prend le nom, est placé à 36. 40. de longitude, sous les 14. 40. de latitude septentrionale.","[[""14 40' N 36 40' E""]]",,14 40' N 36 40' E,14 40' N 36 40' E
v17-1864-0,ZEMME,"ZEMME, (Géog. mod.)​ ville de Perse. Tavernier dit, que les géophaphes du pays la marquent à 99d. 14′. de long. sous les 38. 35. de latit.","[[""38 35' N 99 14' E""]]",,38 35' N 99 14' E,38 35' N 99 14' E
v17-1895-0,ZERBST,"ZERBST, (Géogr. mod.)​ ville d’Allemagne sur l’Elbe, dans la principauté d’Anhalt, vers les confins du duché de Magdebourg ; elle est chef-lieu d’une seigneurie de même nom, à 2 lieues de Dessaw, à 5 de Magdebourg, & à 6 de Vittemberg Il y a un château où réside une des quatre branches des princes d’Anhalt. Long. 30. 24. latit. 51. 58.


Beckman (Chrétien) né à Zerbst, & mort à Anhalt en 1648, âgé de 68 ans, a publié dans sa langue maternelle plusieurs ouvrages de théologie qui sont aujourd’hui dans l’oubli. (D. J.)​","[[""51 58' N 30 24' E""]]",,51 58' N 30 24' E,51 58' N 30 24' E
v17-1904-0,ZERTAH,"ZERTAH, (Géog. mod.)​ ville de Perse dans la province de Belad Ciston, selon Tavernier, qui dit que les géographes du pays marquent à 79 d. 30′de long. & à 32. d. 30′ de lat. (D. J.)​","[[""32 30' N 79 30' E""]]",,32 30' N 79 30' E,32 30' N 79 30' E
v17-1933-0,ZIEGENHEIM,"ZIEGENHEIM, (Géog. mod.)​ ville d’Allemagne, dans le landgraviat de Heile, capitale du comté de même nom, sur la petite riviere de Schwalm, à six lieues au sud-ouest de Cassel ; elle est petite, mais bien bâtie. Long. 27. 12. latit. 51. 8. (D. J.)​","[[""51 8' N 27 12' E""]]",,51 8' N 27 12' E,51 8' N 27 12' E
v17-1972-1,Zittau,"Zittau, (Géog. mod.)​ ville d’Allemagne dans la haute Lusace, sur la Neiss, aux frontieres de la Boheme, à quatre lieues au-dessus de Gorlitz. Wenceslas, roi de Boheme, la fit entourer de murailles en 1255. Long. 32. 28. latit. 50. 53. (D. J.)​","[[""50 53' N 32 28' E""]]",,50 53' N 32 28' E,50 53' N 32 28' E
v17-2031-1,Zug,"Zug, (Géogr. mod.)​ prononcez Zoug ; en latin moderne Tugium ; ville de Suisse, capitale du canton de même nom, dans une belle campagne, sur le bord oriental du lac de son nom, au pié d’une colline. C’est une jolie ville, dont les rues sont grandes, larges, & les maisons bien bâties. On y voit quatre édifices religieux, entre lesquels est l’église collégiale de S. Oswald. Le chef du canton, appellé amman, & dont la charge dure deux ans, réside toujours à Zug avec la régence. Il est pris tour-à-tour dans les cinq communautés qui composent le canton. Long. 26. 12. latit. 47. 10. (D. J.)​","[[""47 10' N 26 12' E""]]",,47 10' N 26 12' E,47 10' N 26 12' E
v17-2045-0,ZURICH,"ZURICH, (Géog. mod.)​ en latin moderne Tigurum, ville de Suisse, capitale du canton de ce nom, sur le penchant de deux collines, à l’extrémité septentrionale du lac de Zurich, d’où sort la riviere de Limmat. Cette riviere partage la ville en deux parties inégales, qui communiquent l’une à l’autre par deux grands ponts de bois.


La ville de Zurich n’est pas ancienne ; mais elle est une des plus considérables de la Suisse, pour sa beauté & pour sa puissance ; elle est fortifiée par de larges fossés revêtus de pierres de taille ; ses rues sont propres, ses maisons assez bien bâties, & son hôtel-de-ville d’une belle symmétrie. Son arsenal composé de plusieurs grands bâtimens, est le mieux fourni de toute la Suisse.​


Il y a dans cette ville une bonne académie & une vieille bibliotheque assez bien entretenue. Les greniers publics sont toujours fournis de bons blés ; les hôpitaux sont bien rentés ; mais en prenant soin de pourvoir ces maisons de charité de bons revenus, on a pris pour principe d’y soulager les pauvres, conformément à leur condition, sans chercher à les loger en princes.


On sait que la ville de Zurich embrassa la réformation en 1524, & que Zwingle y contribua beaucoup par ses prédications. Depuis ce tems-là cette ville a cultivé les sciences, & a produit quelques savans illustres que nous nommerons dans la suite de cet article.


Les Zurichois imiterent le canton de Lucerne, & se formerent eux-mêmes en canton l’an 1351. La ville étoit impériale, & n’avoit jamais fait partie de la domination de la maison d’Autriche. Albert & Othon d’Autriche ayant forme le projet d’assiéger cette ville, les bourgeois s’unirent aux quatre cantons ; ils s’emparerent du pays qui forme aujourd’hui le canton de Glaris, & obligerent Albert d’Autriche à les respecter.


La forme du gouvernement de la ville du Zurich tient de l’aristocratie & de la démocratie. Ce gouvernement est formé d’un grand & d’un petit conseil, qui composent ensemble le nombre de deux cens douze membres. Le grand en a cent soixante-deux, & le petit quarante-huit : ce qui fait deux cens dix membres, auxquels il faut ajouter les deux chefs de l’état que l’on appelle bourgmestres. Chaque tribu bourgeoise fournit douze personnes pour le grand conseil, & trois pour le petit.


La ville de Zurich est à 18 lieues au sud-ouest de Constance, à 15 au sud-est de Basle, & à 23 au nord-est de Berne. Long. suivant Cassini & Scheuchzer, 26. 51′. 30″. latit. 47. 22.


Je ne dois pas oublier les noms de quelques savans nés dans cette ville.


Bibliander (Théodore) y prit naissance au commencement du xvj. siecle, & mourut de la peste qui attaqua Zurich en 1564. Il avoit mis auparavant la derniere main à l’édition de la bible qui parut à Zurich en 1543, & que le rabin Léon de Juda avoit commencée. Bibliander a aussi composé des commentaires latins sur plusieurs livres du vieux Testament. On estime sa consultation contre les Turcs, & son traité de communi ratione linguarum.


Gesner (Conrad) l’un des plus savans hommes du xvj. siecle, naquit en 1516, & mourut en 1565, à 49 ans. Ses principaux ouvrages sont 1°. historiæ animalium, dont la meilleure édition est de Francfort, 1604, 5 vol. in-fol. 2°. de chirurgiâ scriptores optimi, Tiguri, 1555. in-fol. 3°. epistolarum medicinalium lib. III. Tiguri, 1577, in-quarto : 4°. lexicon græco-latinum : 5°. bibliotheca authorum universatis, Tiguri, 1545, in-fol. Ce dernier ouvrage est un des premiers dictionnaires historiques modernes, & qui mérite par conséquent beaucoup d’indulgence pour les défauts & les fautes qu’on y trouve. Le pere Nicéron a donné l’article de cet illustre savant, consultez-le.


Gualter (Rodolphe), gendre de Zwingle, naquit en 1519, & mourut en 1586, âgé de 67 ans. Il a commenté la plupart des livres du vieux & du nouveau Testament, & a publié sous le nom d’Eubulus Dynaterus, annotationes in verrinas Ciceronis. Il se délassoit aussi quelquefois à faire des vers latins qui ont été imprimés.


Heidegger (Jean-Henri), né près de Zurich en 1633, mourut dans cette ville en 1698, après avoir publié plusieurs ouvrages théologiques, qui lui acquirent de la réputation.


Hottinger (Jean-Henri), l’un des fameux écrivains du xvij. siecle, & des plus versés dans la littérature​orientale, naquit à Zurich en 1620, & commença à s’ériger en auteur à l’âge de 24 ans, pour attaquer sur une matiere très-épineuse, le célebre p. Morin ; il entreprit de réfuter les dissertations de ce théologien sur le pentateuque samaritain. Ce coup d’essai fut son chef-d’œuvre ; il intitula son ouvrage, exercitationes anti-morinianæ ; & tous les protestans en firent d’autant plus d’éloges, que la matiere ne pouvoit pas être plus favorable à leur façon de penser, puisqu’Hottinger se battoit pour le texte hébreu de la bible, dont le p. Morin énervoit l’autorité de tout son pouvoir. Il voyagea aux frais de la ville de Zurich, dans les pays étrangers, & apprit les langues orientales sous Golius. De retour dans sa patrie, il ne cessa de produire livre sur livre, dont vous trouverez le catalogue dans sa vie écrite par Heidegger. Les principaux sont 1°. historia orientalis : 2°. bibliothecarius quadripartitas : 3°. thesaurus philologicus sacræ Scripturæ : 4°. historia ecclesiastica : 5°. promptuarium sive bibliotheca orientalis : 6°. etymologicum orientale : 7°. dissertationes miscellancæ, &c. Il n’a pas toujours gardé dans ses écrits la modération convenable, & il les a donnés avec trop de précipitation ; mais quoi qu’en dise M. Arnauld, il est plus croyable dans ses disputes que ne l’étoit Allatius, parce qu’il réunit toutes les marques d’un homme de bonne foi. Allatius, grec de nation, & façonné en Italie, a plus de politesse & plus de tour ; mais le zurichois a plus de candeur & de simplicité. Allatius dit de sa tête tout ce qu’il lui plait : Hottinger allegue ses témoins. Enfin Zurich le combla d’honneurs & de distinction ; elle ne voulut que le prêter à l’électeur palatin, pour ranimer les études de l’université d’Heidelberg. Au bout de six ans elle le rappella, & lui confia des affaires importantes. L’académie de Leyde le demanda pour être professeur en théologie, & l’obtint enfin par la faveur des états de Hollande, auxquels Mrs. de Zurich crurent ne pouvoir refuser cette marque de leur condescendance.


Comme il préparoit toutes choses pour son voyage, il périt malheureusement à 47 ans, le 5 Juin 1667, sur la riviere qui passe à Zurich. Il s’étoit mis dans un bateau avec sa femme, trois de ses enfans, son beau-frere, un de ses bons amis, & sa servante, pour terminer le bail d’une terre qu’il avoit à deux lieues de Zurich ; le bateau ayant donné sur un pieu, que la crue de la riviere empéchoit de voir, se renversa. Hottinger, son beau-frere & son ami se tirerent du péil à la nage ; mais ils rentrerent dans l’eau, quand ils apperçurent le danger où le reste de la troupe étoit encore. Ce fut alors qu’Hottinger périt ; son ami & ses trois enfans eurent la même destinée ; sa femme, son beau-frere & sa servante furent les seuls sauvés ; il laissa quatre fils & deux filles qui ne se trouverent pas de ce triste voyage.


Scheuchzer (les) ont tous honoré leur patrie par leurs ouvrages en médecine & en lustoire naturelle. Jean Jacques Scheuchzer mort en 1733, à 61 ans, a donné une physique sacrée ou histoire naturelle de la bible, imprimée à Amsterdam, en quatre volumes in-fol. Jean Scheuchzer son frere fut nommé premier médecin de Zurich, & mourut en 1738. Jean-Gaspard Scheuchzer, fils de Jean-Jacques, est mort avant son pere en 1729, & s’étoit déja fait connoître par une traduction en anglois de la belle histoire du Japon de Kempfer.


Schweitzer (Jean-Gaspar), en latin Suicerus, habile philologue du xvij. siecle, mourut en 1688 à 68 ans. On a de lui un savant lexicon, ou trésor ecclésiastique des peres grecs, & d’autres savans ouvrages. La meilleure édition de son trésor ecclésiastique est celle d’Amsterdam en 1728, en deux volumes in-folio.


Simler (Josias) mort dans sa patrie en 1576, à 45​ ans, a donné quelques ouvrages d’histoire & de théologie, outre un assez bon abrégé de la bibliotheque de Conrad Gesner.


Styckius (Jean-Guillaume), littérateur, né en 1542, mourut en 1607. Il s’est fait connoître par plusieurs ouvrages, dont les principaux sont 1°. commentarius in Arriani periplum Ponti-Euxini & maris Erythræi : 2°. de sacrificiis Judæotum & Ethnicorum : 3°. antiquitatum convivalium libri IV. Dans le dernier ouvrage sur les festins des anciens, l’auteur traite avec érudition la maniere dont les Hébreux, les Chaldéens, les Grecs, les Romains & plusieurs autres nations faisoient leur repas d’apparat, & les cérémonies qu’ils y observoient. (Le chevalier de Jaucourt.)​","[['47 22\' N 26 51\' 30"" E']]",,"47 22' N 26 51' 30"" E","47 22' N 26 51' 30"" E"
v17-2177-0,GUAYAQUIL,"GUAYAQUIL, (Géograph.) nom d'une ville & d'une grande riviere, à qui cette ville donne son nom dans la province de Quito, au Pérou. La plûpart des anciennes cartes placent Guayaquil sur la rive orientale, quoiqu'elle soit en effet située sur la rive occidentale du fleuve, en le remontant au nord, 4 lieues & demie au-dessus de son embouchure, qui a plus d'une lieue de large. La riviere de Guayaquil & ses bords, ainsi que ceux du Nil, sont peuples d'une grande quantité de crocodiles, qu'on nomme Caymans en Amérique ; la ville a été prise & pillée par les flibustiers à la fin de l'autre siecle. Il y a une vieille & une nouvelle ville ; elles se communiquent par une chaussée longue & étroite, élevée sur pilotis. L'une & l'autre sont bâties de bois ou plutôt de cannes ou roseaux refendus d'une espece semblable à celle qu'on nomme bambou, dans l'Inde orientale : on sait que ces cannes ont 20 & 30 piés ou plus de haut, & sont grosses à proportion. Guayaquil, quoique dans un terrein bas, marécageux & inondé dans la saison pluvieuse, est une ville fort commerçante ; c'est l'unique port de la province de Quito, propre à recevoir de gros bâtimens. Un vaisseau de ligne peut remonter jusqu'à la ville en déchargeant son artillerie ; cependant le mouillage ordinaire est à la pointe nord-est de l'île de la Puna (Pouna), 7 lieues au sud de la ville, à 2 lieues & demie de l'embouchure de la riviere. Il y a dans les forêts voisines de Guayaquil d'excellens bois de construction pour les navires, entr'autres un bois jaune fort dur nommé guatchapeli. On compte de Guayaquil à Quito, 70 à 80 lieues par des chemins dont la premiere moitié est impraticable, depuis Octobre jusqu'en Mai. Par le résultat d'un grand nombre d'observations des académiciens de Paris, envoyés au Pérou 1735 pour la mesure de la terre, Guayaquil est située par 2 degrés 12 min. de latitude australe. Sa longitude n'a pas été observée directement, mais je la puis conclure de sa latitude combinée avec le gisement du sommet de la montagne de Chimbo-raço, dont la position est d'ailleurs exactement terminée par la suite des triangles formés pour la description de la méridienne de Quito. Le 9 Juin 1737, je relevai de Guayaquil le sommet de Chimbo-raço au nord 48 degrés est de la boussole, & j'observai le même soir au soleil couchant la déclinaison de l'aimant de 8 deg. 24 min. du nord à l'est. L'intersection du rumb corrigé de Chimbo-raço, vûe de Guayaquil, avec le parallele de 2 deg. 12 min. australes, latitude observée de cette ville, fixe sa position à 75500 toises de Chimbo-raço, au sud 56 deg. ouest de cette montagne ; c'est-à-dire 1 deg. environ 23 min. à l'ouest de Quito, ou 81 deg. 53 min. à l'occident de Paris. Article de M. de la Condamine.","[[""2 12' S 81 53 W""]]",,2 12' S 81 53 W,2 12' S 81 53' O
v17-256-0,VESOUL,"VESOUL, (Géog. mod.)​ en latin du moyen âge Vesulum, Vesolum, castrum Vesolense ; ville de France dans la Franche-Comté, au baillage d’Amont, à deux lieues de la Saone, au nord de Besançon, & à seize au couchant de Montbelliard ; elle est au pié d’une montagne, proche la riviere de Durgeon. Il y a dans cette ville un college, & deux monasteres de filles. Vésoul a été cédée à la France par le traité de Nimegue, en 1679. Long. 23. 50. latit. 47. 38. (D. J.)​","[[""47 38' N 23 50' E""]]",,47 38' N 23 50' E,47 38' N 23 50' E
v17-296-1,Vevay,"Vevay, (Géog. mod.)​ en latin Vibiscus, & en allemand Vivis ; petite ville de Suisse, dans le canton de Berne, au pays Romand, sur le bord du lac de Genève, à 16 lieues au sud-ouest de Berne, & à demi-lieue du pié des Alpes. Il est fait mention de cette ville dans Antonin, cependant on n’y trouve point de monumens d’antiquité ; mais en échange elle est aujourd’hui florissante. Long. 24. 36. lat. 46. 27. (D. J.)​","[[""46 27' N 24 36' E""]]",,46 27' N 24 36' E,46 27' N 24 36' E
v17-326-2,"Viana, de Foz de Lima","Viana, de Foz de Lima, (Géog. mod.)​ ville de Portugal, dans la province d’entre Duero-e-Minho, à l’embouchure de la riviere de Lima, à 3 lieues au sud-est de Caminha, & à 6 à l’ouest de Braga. Elle est la capitale d’une comparça ou jurisdiction. Le gouverneur & le commandant de la province y font leur séjour. La citadelle a son gouverneur particulier. Son port est bon. Long. 8. 45. lat. 41. 30. (D. J.)​","[[""41 30' N 8 45' E""]]",,41 30' N 8 45' E,41 30' N 8 45' E
v17-359-0,VICO-AQUENSE,"VICO-AQUENSE, (Géog. mod.)​ ville d’Italie, au royaume de Naples, dans la terre de Labour, proche la mer ; son évêché fondé dans le treizieme siecle, est suffragant de Sorrento. La ville a été bâ-​tie par Charles II. roi de Naples, sur les ruines d’Æque. Long. 31. 55. latit. 40. 40. (D. J.)​","[[""40 40' N 31 55' E""]]",,40 40' N 31 55' E,40 40' N 31 55' E
v17-408-0,VIESTI,"VIESTI, (Géog. mod.)​ ville d’Italie, au royaume de Naples, dans la Capitanate, sur le golfe de Venise, au pié du mont Gargan, à 1-2 lieues au nord-est de Manfredonia, dont son évêché releve. Plusieurs géographes prétendent que c’est l’Apanestæ de Ptolomée, l. III. c.j. D’autres pensent que cette pauvre ville a été bâtie des ruines de l’ancienne Merinum. Long. 33. 52. latit. 41. 56.","[[""41 56' N 33 52' E""]]",,41 56' N 33 52' E,41 56' N 33 52' E
v17-428-0,VIGO,"VIGO, (Géog. mod.)​ ville d’Espagne dans la Galice, sur la côte de l’Océan, à 3 lieues au sud-ouest de Redondillo, & à 106 au nord-ouest de Madrid, avec un bon port de mer, dans lequel les Anglois prirent ou coulerent à fond les galions d’Espagne en 1702. La campagne des environs est des plus fertiles. Long. 9. 14. latit. 42. 3. (D. J.)​","[[""42 3' N 9 14' E""]]",,42 3' N 9 14' E,42 3' N 9 14' O
v17-442-9,Villa-franca de Panades,"Villa-franca de Panades, (Géog. mod.)​ ville d’Espagne, dans la Catalogne, capitale d’une viguerie, à quatre lieues au nord-est de Terragone. Elle est fermée de murailles. C’est la Carthago Panorum des anciens. Elle fut bâtie par les Carthaginois qui servirent en Espagne sous la conduite d’Amilcar. Dom Pedro, roi d’Arragon, y finit ses jours l’an 1285. Long. 19. 22. latit. 41. 18. (D. J.)​","[[""41 18' N 19 22' E""]]",,41 18' N 19 22' E,41 18' N 19 22' E
v17-449-40,Ville-Franche de Panat,"Ville-Franche de Panat, (Geog. mod.)​ petite ville ou bourg de France, dans le Rouergue, sur le ruisseau de Dordon, près du Tarn, à 4 lieues au mi-​di de Rodès, & à 5 au nord-ouest de Milhau. Long. 19. 40. latit. 44. 13. (D. J.)​","[[""44 13' N 19 40' E""]]",,44 13' N 19 40' E,44 13' N 19 40' E
v17-449-42,Ville-Franche,"Ville-Franche, (Géog. mod.)​ petite ville du comté de Nice, sur la côte de la Méditerranée, au pié d’une montagne, & au fond d’une baie qui peut avoir deux milles de profondeur. Cette petite ville est à demi ruinée. Elle est à une lieue au nord-est de Nice, & à trois au sud-ouest de Monaco. Long. 25. 4. latit. 43. 40. & la variation de six degrés nord-ouest. (D. J.)​","[[""43 40' N 25 4' E""]]",,43 40' N 25 4' E,43 40' N 25 4' E
v17-577-1,"Visiapour, Visapour, Visapor","Visiapour, (Géogr. mod.)​ Visapour, Visapor, ville des Indes, dans la presqu’île en-deçà du Gange, capitale du royaume de Décan, sur le fleuve Mandova. On lui donne trois lieues de circuit & de grands fauxbourgs. Le roi du pays y a son palais ; ce prince est tributaire du grand Mogol. Longit. suivant le pere Catrou, 124. 30. lat. 19. 25. (D. J.)​","[[""19 25' N 124 30' E""]]",,19 25' N 124 30' E,19 25' N 124 30' E
v17-621-0,VITRÉ,"VITRÉ, (Géog. mod.)​ ville de France, dans la Bretagne, sur la droite de la Vilaine, à 6 lieues au nord-est de Rennes, à 25 au nord de Nantes, & à 22 au sud-ouest de Saint-Malo. C’est la seconde ville du diocèse de Rennes. Elle députe aux états de la province, qui s’y sont même quelquefois assemblés. Il s’y fait un assez bon commerce de toiles crues, de bas, & de gants de sil. Longitude 16. 22. latitude 48. 12.


Argentré (Bertrand d’), historien & jurisconsulte du xvij. siecle, étoit d’une ancienne noblesse de Bretagne. On a de lui une histoire de Bretagne, & des commentaires estimés sur la coutume de cette province. Il mourut en 1690, à 71 ans. (D. J.)​","[[""48 12' N 16 22' E""]]",,48 12' N 16 22' E,48 12' N 16 22' E
v17-635-0,VITTORIA,"VITTORIA, (Géog. mod.)​ ville d’Espagne, dans la Biscaie, fondée par don Sanche, roi de Navarre, & capitale de la province d’Alava, avec titre de cité, entre Miranda & Tolosa, à 60 lieues au nord de Madrid. Elle a une double enceinte de murailles, sans aucune fortification. Ses grandes rues sont bordées​ d’arbres arrosés des ruisseaux d’eau vive pour leur entretien contre la chaleur. On y commerce en marchandises de fer, & en lames d’épées qu’on y fabrique avec soin. Long. 14. 43. latit. 42. 49.


Alava (Diego Equivel de), célebre évêque espagnol du xvj. siecle, naquit à Vittoria, & mourut vers l’an 1562. Son ouvrage intitulé, de conciliis universalibus, ac de his quæ ad religionis & reipublicæ christianæ reformationem instituenda videntur, parut à Grenade en 1582, in-fol. c’est un ouvrage plein de bonnes vues de réformation qui n’ont pas été suivies. L’auteur avoit assisté au concile de Trente, & proposa dans une congrégation générale des évêques qui y étoient, de lire publiquement les bulles du pape, concernant les pouvoirs qu’il donnoit aux légats. Mais le cardinal de Ste Croix fit tomber cette proposition, parce que la bulle du pontife de Rome accordée à ses légats ôtoit réellement toute autorité au concile, ce qui fit que chaque légat tint sa bulle secrete. Lorsqu’après l’ouverture du concile on débattit la question de la pluralité des bénéfices, Alava proposa de défendre toutes les commendes & l’union de deux bénéfices en un même sujet, quoique cette union ne fût que pour la vie de celui qui en jouissoit ; mais les autres évêques, & sur tout ceux d’Italie, ne goûterent point cette réforme, & la rejetterent hautement d’un consentement unanime. (D. J.)​","[[""42 49' N 14 43' E""]]",,42 49' N 14 43' E,42 49' N 14 43' E
v17-652-0,"VIVERO, ou BIVERO","VIVERO, ou BIVERO, (Géog. mod.)​ petite ville d’Espagne, dans la Galice, sur une montagne escarpée, à neuf lieues au nord-ouest de Ribadéo, & à sept au sud-est du cap Ortégal. Long. 10. 28. latit. 43. 42. (D. J.)​","[[""43 42' N 10 28' E""]]",,43 42' N 10 28' E,43 42' N 10 28' E
v17-665-0,UKERMUNDE ou UCKERMUNDE,"UKERMUNDE ou UCKERMUNDE, (Géogr. mod.)​ ville d’Allemagne, dans la Poméranie, à l’embouchure de l’Uker, à trois lieues d’Anclam, avec un château bâti par Bogislas III. duc de Poméranie. Long. 32. 4. latit. 53. 52. (D. J.)​","[[""53 52' N 32 4' E""]]",,53 52' N 32 4' E,53 52' N 32 4' E
v17-704-0,"UMA, l', ou UHMA","UMA, l’, ou UHMA, (Géog. mod.)​ riviere de Suede : elle a sa source dans les montagnes de la Laponie suédoise, aux confins de la Norwege, traverse la Bothnie occidentale, & se perd dans le golfe, près de la petite ville ou bourg d’Uma, auquel elle donne son nom. Long. de ce bourg, 37. 35. latit. 63. 60. (D. J.)​","[[""63 60' N 37 35' E""]]",,63 60' N 37 35' E,63 60' N 37 35' E
v17-735-1,Ungewar,"Ungewar, (Géogr. mod.)​ petite ville de la haute Hongrie, capitale du comté du même nom, dans une île formée par la riviere d’Ungh, à douze lieues au levant de Cassovie. Long. 40. 6. latit. 48. 53. (D. J.)​","[[""48 53' N 40 6' E""]]",,48 53' N 40 6' E,48 53' N 40 6' E
v17-858-0,VOLLENHOVE,"VOLLENHOVE, (Géogr. mod.)​ petite ville des Pays-bas, dans l’Overissel, capitale de la contrée de même nom, sur le Zuiderzée, à 2 lieues de Steenwick, & à 5 de Zwol, par la route de Leuwarde. Son château fut bâti par Godefroi de Rhénen, évêque d’Utrecht, & dans la suite la commodité du lieu engagea des particuliers à y élever les maisons dont la ville s’est formée. C’est une des plus considérables de la province, par sa situation & son commerce. Long. 23. 30. lat. 32. 44. (D. J.)​","[[""32 44' N 23 30' E""]]",,32 44' N 23 30' E,32 44' N 23 30' E
v17-968-1,"Urbin, ou Urbain","Urbin, ou Urbain, (Géog. mod.)​ anciennement Urbinum, petite ville d’Italie dans l’état de l’église, capitale du duché du même nom, sur une montagne entre les rivieres de Métro & la Foglia. Son évéché fut érigé en archevéché en 1551 ; & Clément X. y fonda une université. Le palais des ducs d’Urbin fut bâti par le duc Frédéric I. duc d’Urbin, qui embel-​lit ce palais de statues, de peintures, & d’une bibliotheque de livres précieux. On peut consulter au sujet de cette ville un ouvrage intitulé, Memorie concernenti la citta di Urbino, Romæ 1724, in-fol. fig. Long. suivant Cassini & Bianchini, 30, 21. latit. 43, 48′. 30.


Urbin se vante avec raison d’avoir produit des hommes célebres dans les sciences. Il est certain que Virgile, ou plutôt Vergile (Polydore) né dans cette ville au xv. siecle, ne manquoit ni d’esprit ni d’érudition. Il fut envoyé en Angleterre au commencement du siecle suivant pour y lever le tribut que l’on nommoit denier de saint Pierre ; mais il se rendit si recommandable dans son ministere, & il se plut de telle sorte dans ce pays, qu’il résolut d’y passer sa vie ; il renonça donc à la charge d’exacteur de ce tribut, & obtint la dignité d’archidiacre de l’église de Wells. Il ne se dégoûta point du royaume lorsque les affaires de la religion changerent sous Henri VIII. & sous Edouart ; ce ne fut qu’en 1550 qu’il en sortit, à cause que sa vieillesse demandoit un climat plus chaud ; & le roi lui accorda la jouissance de ses bénéfices dans les pays étrangers. On croit qu’il mourut à Urbin l’an 1556.


Son premier livre fut un recueil de proverbes qu’il publia en 1498. Son second ouvrage fut celui de rerum inventoribus, dont il s’est fait plusieurs éditions. Son traité des prodiges parut l’an 1526 ; c’est un ouvrage bien différent de celui de Julius-Obsequens, augmenté par Lycosthènes ; car Polydore y combat fortement les divinations. Il dédia à Henri VIII. en 1533 son histoire d’Angleterre, dont les savans critiques anglois ne font aucun cas. Voici ce qu’en dit Henri Savil : Polydorus in rebus nostris hospes, & (quod caput est) neque in republicâ versatus, nec vir magni ingenii ; pauca ex multis delibans, & falsa plerùmque pro veris amplexus, historiam nobis reliquit, cùm cætera mendosam, tùm exiliter sanè & jejunè conscriptam. 


Le comte Bonarelli (Gui Ubaldo) naquit à Urbin en 1563, & mourut à Fano en 1608, à 45 ans. Il est auteur de la Philis de Scyro, Filli di Sci o, pastorale pleine de graces & d’esprit, dont j’ai déjà parlé au mot Scyros.


Commandin (Fréderic) naquit à Urbin, en 1509, & mourut en 1575, âgé de 66 ans. Il étudia d’abord la médecine, mais trouvant trop d’incertitude dans les principes de cette science, & trop de dangers dans ses expériences, il s’appliqua tout entier à l’étude des mathématiques, & y gagna beaucoup de gloire. Le public lui est redevable de plusieurs ouvrages des mathématiciens grecs qu’il a traduits & commentés ; par exemple, d’Archimede, d’Apollonius, de Pappus, de Ptolemée, d’Euclide. On lui doit encore Aristarchus de magnitudinibus ac distantiis solis & lunæ, à Pésaro 1572, in-4°. Hero de spiritalibus, à Urbin, 1575, in-4°. Machometes Bagdedinus de superficierum divisionibus, à Pésaro 1570, in-fol. Le style de Commandin est pur, & il a mis dans ses ouvrages tous les ornemens dont les mathématiques sont susceptibles. Baldus (Bernardin) a fait sa vie, & nous assure que s’il n’avoit pas trop aimé les femmes, Momus n’auroit rien pu trouver à reprendre dans cet habile géometre. Commandin mérite sans doute d’être loué ; mais ce n’est pas la plus petite de ses louanges, que d’avoir eu le même Baldus pour disciple.


En effet, Baldus se montra un des plus savans hommes de son tems. Il naquit à Urbin l’an 1553, fut fait abbé de Guastalla, l’an 1586, & mourut l’an 1617, à 64 ans. Il passa sa vie dans l’étude, sans ambition, sans vaine gloire, plein de bonté dans le caractere, excusant toujours les fautes d’autrui, & cependant fort dévot, non-seulement pour un mathématicien, mais même pour un homme d’église, car il jeûnoit​ deux fois la semaine, & communioit tous les jours de fêtes.


Son premier ouvrage est un livre des machines de guerre, de tormentis bellicis, & eorum inventoribus. Les commentaires qu’il publia l’an 1582 sur les méchaniques d’Aristote, prouverent sa capacité en cette sorte de connoissances. Il mit au jour quelque tems après, le livre de verborum vitruvianorum significatione.  Il publia, l’an 1595, cinq livres de novâ gnomonice. 


Comme il possédoit les langues orientales, il traduisit sur l’hébreu le livre de Job, & les lamentation de Jérémie. Il fit aussi un dictionnaire de la langue arabe. Ce n’est pas tout, il traduisit Heronem de automaticis & balistis, les paralipomenes de Quintus Calaber, & le poëme de Musée. Enfin il donna dans le cours de ses voyages, quelques poëmes, les uns en latin, les autres en italien ; & c’est dans cette derniere langue qu’est écrit celui de l’art de naviger. II aimoit tellement le travail, qu’il se levoit à minuit pour étudier, & qu’il lisoit même en mangeant. Fabricius Scharloncinus a écrit sa vie que les curieux peuvent consulter.


Un des plus savans antiquaires du dernier siecle, Fabretti (Raphael), naquit à Urbin, l’an 1619. Il voyagea dans toute l’Italie, en France & en Espagne, où il demeura 13 ans, avec un emploi considérable que lui procura le cardinal Imperiali ; mais l’amour qu’il avoit pour les antiquités, lui fit desirer de revenir à Rome, où les papes Alexandre VIII. & Innocent XII. le comblerent de bienfaits. Fabretti en profita, pour se donner entierement à son étude favorite. Plusieurs excellens ouvrages en ont été les fruits. En voici le catalogue.


1°. De aquis & aquæ-ductibus veteris Romæ dissertationes tres. Romæ 1680, in-4°. Il y avoit dans l’ancienne Rome environ vingt sortes de ruisseaux que l’on avoit fait venir de lieux assez éloignés par le moyen des aqueducs, & qui y produisoient un grand nombre de fontaines. Ces aqueducs tenoient leur rang parmi les principaux édifices publics, non-seulement par leur utilité, mais encore par la magnificence, la solidité & la hardiesse de leur structure. Fabretti tâche dans cet ouvrage d’expliquer tout ce qui regarde ces sortes d’antiquités ; & son livre peut beaucoup servir à entendre Frontin, qui a traité des aqueducs de Rome, tels qu’ils étoient de son tems, c’est-à-dire sous l’empire de Trajan. Les dissertations de Fabretti contiennent quantité d’observations utiles, au jugement de Kuster. Elles ont été insérées dans le quatrieme volume des antiquités romaines de Grevius, avec des figures. Utrecht, 1697, in-fol.


2°. De columna Trajana, syntagma. Accesserune veteris tabellæ anagliphæ Homeri iliadem, atque ex Stesichoro, Archino, Lesche, Ilii excidium continentis & emissarii lacus Fucini descriptio. Romæ, 1683, in-fol. Ce livre est rempli de recherches d’antiquités fort curieuses.


3°. Inscriptionum antiquarum, quæ in ædibus paternis asservantur, explicatio. Romæ, 1699, in-fol. Cet ouvrage est divisé en huit chapitres. Le premier traite de titulis & columbariis. Pour l’intelligence de ces terme, il faut savoir que les anciens, & principalement les personnes de distinction, avoient de fort grands tombeaux qui servoient pour toutes les personnes de la même famille. Ces tombeaux étoient partagés en différentes niches, semblables à celles d’un colombier, ce qui leur a fait donner le nom de columbaria par les Latins.


Dans chaque niche il y avoit une urne où étoient les cendres d’une personne, dont le nom étoit marqué dessus ; ces inscriptions s’appelloient tituli. Fabretti prouve qu’il n’y a jamais eu de loi chez les Romains de brûler les morts ; & que depuis le tems de​Sylla le dictateur, qui est le premier dont on a brûlé le corps, l’ancien usage d’enterrer les morts n’a jamais entierement cessé. Les urnes où l’on recueilloit les cendres s’appelloient ollæ, & avant que les cendres y fussent mises, virgines. L’auteur établit dans ce même chapitre, que par les mots livia Augusti dans les inscriptions, les anciens désignoient la femme d’Auguste, & non sa fille ; & que tous les gladiateurs n’étoient pas de condition servile, mais qu’il y en avoit de l’ordre des chevaliers. Dans le chapitre second il justifie que le nom de genii se donnoit tantôt aux dii manes, tantôt aux ames humaines, tantôt à ces puissances qui tenoient le milieu entre les dieux & les hommes.


Il prouve aussi que la ville de Parme s’appelloit anciennement Julia Chrysopolis. Il observe dans le troisieme chapitre, que les anciens mettoient un point à la fin de chaque mot dans leurs inscriptions, mais toujours à la fin de chaque ligne, & quelquefois à la fin de chaque syllabe. Il recherche la signification du mot ascia dans les anciennes inscriptions ; terme, dit-il, qu’il ne trouve guere que dans les inscriptions des Gaules. Il remarque dans le quatrieme chapitre, que le mot d’alumnus, ne se prend jamais dans les bons auteurs dans un sens actif, mais dans un sens passif. Il montre dans le septieme, que les poids des anciens étoient plus grands que ceux des modernes. Il soutient dans le huitieme, que les vaisseaux de verre que l’on trouve auprès des tombeaux des anciens chrétiens, sont des preuves de leur martyre, & que les taches rouges qu’on y apperçoit, sont des restes du sang que les fideles y ont mis, ce qui n’est nullement vraissemblable, & est peu physique.


A la fin de ce recueil, il rend compte des corrections qu’il a faites dans les inscriptions recueillies par Gruter en deux volumes ; outre un grand nombre d’autres corrections sur divers autres compilateurs d’inscriptions, qui sont répandues dans l’ouvrage même.


M. Fabretti avoit une capacité merveilleuse pour déchiffrer les inscriptions qui paroissent toutes défigurées, & dont les lettres sont tellement effacées, qu’elles ne sont presque plus reconnoissables. Il nettoyoit la surface de la pierre, sans toucher aux endroits où les lettres avoient été creusées ; ensuite il mettoit dessus un carton bien mouillé, & le pressoit avec une éponge, ou un rouleau entouré d’un linge ; ce qui faisoit entrer le carton dans le creux des lettres pour en prendre la poussiere qui s’y attachoit, & dont la trace faisoit connoître les lettres qu’on y avoit autrefois gravées.


M. Baudelot dans son livre de l’utilité des voyages, indique un secret à-peu-près semblable, pour lire sur les médailles les lettres qu’on a de la peine à déchiffrer. (Le Chevalier de Jaucourt.)​","[['43 48\' 30"" N 30 21\' E']]",,"43 48' 30"" N 30 21' E","43 48' 30"" N 30 21' E"
v2-1005-0,BERCHTOLSGADEN,"*​ BERCHTOLSGADEN, (Géog.)​ ville d’Allemagne dans la préfecture de même nom, enclavée dans l’archevêché de Saltzbourg, & située sur l’Aha. Long. 30. 40. lat. 47. 30.","[[""47 30' N 30 40' E""]]",,47 30' N 30 40' E,47 30' N 30 40' E
v2-1046-0,BERLIN,"*​ BERLIN, (Géog.)​ ville d’Allemagne, capitale de l’électorat de Brandebourg, & résidence du roi de Prusse, sur la Sprée qui tombe dans l’Elbe, & qui communique à l’Oder par un canal, dont l’entrée est à Francfort. Long. 31. 7. 15. lat. 52. 53.","[['52 53\' N 31 7\' 15"" E']]",,"52 53' N 31 7' 15"" E","52 53' N 31 7' 15"" E"
v2-1082-0,BERTINORO,"*​ BERTINORO, (Géog.)​ ville d’Italie, dans la Romagne, sur une colline. Long. 27. 17. lat. 44. 8.","[[""44 8' N 27 17' E""]]",,44 8' N 27 17' E,44 8' N 27 17' E
v2-1146-0,BEZIERS,"*​ BEZIERS, (Géog.)​ ville de France au bas Languedoc, sur une colline près de l’Orbe. Lon. 20. 52. 35. lat. 43. 20. 41.","[['43 20\' 41"" N 20 52\' 35"" E']]",,"43 20' 41"" N 20 52' 35"" E","43 20' 41"" N 20 52' 35"" E"
v2-1161-0,BIANA,"*​ BIANA, (Géog.)​ ville d’Asie, dans les états du Mogol ; on y trouve d’excellent indigo ; elle est à 20 lieues d’Agra. Long. 95. 30. lat. 46. 24.","[[""46 24' N 95 30' E""]]",,46 24' N 95 30' E,46 24' N 95 30' E
v2-1212-0,BIELA,"*​ BIELA, ville de l’empire Russien, capitale de la province de même nom, sur la riviere d’Opska. Long. 52. 25. lat. 55.","[[""55 N 52 25' E""]]",,55 N 52 25' E,55 N 52 25' E
v2-1216-0,BIELLA ou BIELA,"*​ BIELLA ou BIELA, petite ville d’Italie dans le Piémont, capitale du Bellese, près de la riviere de Cerva. Long. 25. 33. lat. 45. 22.","[[""45 22' N 25 33' E""]]",,45 22' N 25 33' E,45 22' N 25 33' E
v2-1322-0,BINGEN,"BINGEN, (Géog.)​ ville d’Allemagne, dans l’électorat de Mayence, sur le bord du Rhin. Long. 25. 18. lat. 50. 3.","[[""50 3' N 25 18' E""]]",,50 3' N 25 18' E,50 3' N 25 18' E
v2-1357-0,BISAGOS,"BISAGOS, (Géog.)​ îles d’Afrique proche de la côte de Guinée, dont la principale est celle de Formosa. Long. 2. lat. 11.",[['11 N 2 E']],,11 N 2 E,11 N 2 O
v2-1362-0,BISCARA,"BISCARA, (Géog.)​ ville d’Afrique au royaume​ d’Alger, dans la province de Labez. Long. 23. 20. lat. 35. 10.","[[""35 10' N 23 20' E""]]",,35 10' N 23 20' E,35 10' N 23 20' E
v2-1386-0,BISIGNANO,"BISIGNANO, (Géog.)​ ville d’Italie, au royaume de Naples, dans la Calabre, avec titre de principauté. Long. 34. 10. lat. 39. 37.","[[""39 37' N 34 10' E""]]",,39 37' N 34 10' E,39 37' N 34 10' E
v2-1407-0,BISTRICKZ,"BISTRICKZ, (Géog.)​ ville forte de la Transilvanie, capitale du comté de même nom, sur la riviere de Bistricz. Long. 42. 33. lat. 47. 33.","[[""47 33' N 42 33' E""]]",,47 33' N 42 33' E,47 33' N 42 33' E
v2-1486-0,BLAYE ou BLAIE,"BLAYE ou BLAIE, (Géog.)​ ville de France dans le Bourdelois en Guyenne, sur la Gironde. Lon. 16. 53. lat. 45. 6.","[[""45 6' N 16 53' E""]]",,45 6' N 16 53' E,45 6' N 16 53' E
v2-1517-0,BLOIS,"BLOIS, (Géog.)​ ville de France, capitale du Blaisois, sur la Loire. Lon. 18. 59. 50. lat. 47. 35. 19.","[['47 35\' 19"" N 18 59\' 50"" E']]",,"47 35' 19"" N 18 59' 50"" E","47 35' 19"" N 18 59' 50"" E"
v2-1598-0,BOIANO,"BOIANO, (Géog.)​ petite ville d’Italie, au pié de l’Apennin, au royaume de Naples, dans le comté de Molise, près du Biferno. Long. 32. 8. lat. 41. 30.","[[""41 30' N 32 8' E""]]",,41 30' N 32 8' E,41 30' N 32 8' E
v2-1605-0,BOINITZ,"BOINITZ, (Géog.)​ ville de la haute Hongrie, au comté de Zoll, rémarquable par ses bains & son safran. Long. 36. 40. lat. 48. 42.","[[""48 42' N 36 40' E""]]",,48 42' N 36 40' E,48 42' N 36 40' E
v2-1768-0,BORGO,"BORGO, (Géog.)​ ancienne ville de Suede, sur le golfe de Finlande, dans la province de Nylande, & dans le territoire de Borgo. Long. 44. lat. 60. 34.","[[""60 34' N 44 E""]]",,60 34' N 44 E,60 34' N 44 E
v2-1768-4,Borgo San Donnino,"Borgo San Donnino, (Géog.)​ petite vllle du duché de Parme. Long. 27. 30. lat. 41. 53.","[[""41 53' N 27 30' E""]]",,41 53' N 27 30' E,41 53' N 27 30' E
v2-1769-0,BORJA,"BORJA, (Géog.)​ petite ville d’Espagne, dans le royaume d’Arragon. Long. 16. 15. lat. 41. 50.","[[""41 50' N 16 15' E""]]",,41 50' N 16 15' E,41 50' N 16 15' E
v2-1785-0,BOROUBRIDGE,"BOROUBRIDGE, (Géog.)​ ville d’Angleterre, dans la province d’Yorck, sur la riviere d’Youre, à cinq lieues d’Yorck. Long. 16. 5. lat. 54.","[[""54 N 16 5' E""]]",,54 N 16 5' E,54 N 16 5' O
v2-1799-0,BOSA,"BOSA, (Géog.)​ ville maritime dans la partie occidentale de l’île de Sardaigne, avec une citadelle & un assez bon port. Elle est située sur la riviere de Bosa, à sept lieues d’Alghier. Long. 26. 25. lat. 40. 19.","[[""40 19' N 26 25' E""]]",,40 19' N 26 25' E,40 19' N 26 25' E
v2-1945-2,Bourbon-Lancy,"Bourbon-Lancy, (Géog.)​ ville de France, au duché de Bourgogne, dans l’Autunois, avec un bon château. On y remarque un grand pavé de marbre appellé le grand bain, qui est un ouvrage des Romains. Long. 21d, 26′. 32″. lat. 46. 37.","[['46 37\' N 21 26\' 32"" E']]",,"46 37' N 21 26' 32"" E","46 37' N 21 26' 32"" E"
v2-1947-0,BOURBOURG,"BOURBOURG, (Géog.)​ petite ville de France, dans la Flandre, à une demi-lieue de Gravelines. Long. 19. 50. lat. 50. 55.","[[""50 55' N 19 50' E""]]",,50 55' N 19 50' E,50 55' N 19 50' E
v2-1952-0,BOURDEAUX ou BORDEAUX,"BOURDEAUX ou BORDEAUX, (Géog.)​ grande, belle & riche ville de France sur la Garonne, capitale de la Guienne. Son archevêque prend le titre de primat des Aquitaines. Il y a un parlement & beaucoup d’autres tribunaux ; un hôtel des monnoies, & trois forts : le principal est le château Trompette ; il commande au port, qui est un des plus beaux du royaume. Lon. 16d. 55′. 52″. lat. 44d. 50′. 18″.","[['44 50\' 18"" N 16 55\' 52"" E']]",,"44 50' 18"" N 16 55' 52"" E","44 50' 18"" N 16 55' 52"" E"
v2-197-0,BALAGANSKOI,"* BALAGANSKOI, (Géog.) ville des Moscovites dans la Sibérie, partie de la grande Tartarie: elle est sur la riviere d'Angara, au 114. degré de longit. & au 59. de lat.",[['59 N 114 E']],,59 N 114 E,59 N 114 E
v2-2144-1,Brava,"Brava, ville & république d’Afrique avec un bon port, sur la côte d’Ajan, près de celle de Zanguebar. Long. 59. 10. lat. 1.","[[""1 N 59 10' E""]]",,1 N 59 10' E,1 N 59 10' E
v2-2196-2,Breme,"Breme, (Géog.)​ ville libre & impériale fortifiée, arrosée par le Weser ; elle est au nombre des villes Hanséatiques, & il s’y fait un commerce très-considérabie. Le port de cette ville en est éloigné de trois lieues ; il en sort grand nombre de vaisseaux, qui trafiquent sur la mer Baltique & vont à la pêche de la baleine. Long. 26. 20. lat. 53. 10.","[[""53 10' N 26 20' E""]]",,53 10' N 26 20' E,53 10' N 26 20' E
v2-2197-0,BREMERWERDE ou BREMERFURT,"BREMERWERDE ou BREMERFURT, (Géog.)​ ville & château fort dans le duché de Breme, à trois milles de Breme. Long. 26. 30. lat. 53. 40.","[[""53 40' N 26 30' E""]]",,53 40' N 26 30' E,53 40' N 26 30' E
v2-2228-0,BREST,"BREST, (Géog.)​ ville de France fort considérable par ses fortifications & son port sur l’Océan, qui est un des meilleurs du royaume ; elle est défendue par un fort château bâti sur un rocher escarpé. Lon. 13d 9′ 10″. lat 48d. 22′ 55″.","[['48 22\' 55"" N 13 9\' 10"" E']]",,"48 22' 55"" N 13 9' 10"" E","48 22' 55"" N 13 9' 10"" E"
v2-224-0,BALBASTRO,"*​ BALBASTRO, (Géog.)​ ville d’Espagne au​ royaume d’Aragon sur le Vero. Long. 17. 50. lat. 41. 50.","[[""41 50' N 17 50' E""]]",,41 50' N 17 50' E,41 50' N 17 50' O
v2-2254-0,BREY,"BREY, (Géog.)​ petite ville du pays de Liége, dans le comté de Looz. Long. 23. 10. lat. 51. 6.","[[""51 6' N 23 10' E""]]",,51 6' N 23 10' E,51 6' N 23 10' E
v2-2258-0,BRIANÇON,"BRIANÇON, (Géog.)​ ville de France dans le haut Dauphiné, avec un château fort sur la Durance. Long. 24. 20. lat. 44. 46.","[[""44 46' N 24 20' E""]]",,44 46' N 24 20' E,44 46' N 24 20' E
v2-2261-0,BRIARE,"BRIARE, (Géog.)​ petite ville de France en Gâtinois, sur la Loire, remarquable par le canal qui porte son nom, & qui fait communiquer la Loire & la Seine. Long. 20d. 24′. 13″. lat. 47d. 38′. 16″.","[['47 38\' 16"" N 20 24\' 13"" E']]",,"47 38' 16"" N 20 24' 13"" E","47 38' 16"" N 20 24' 13"" E"
v2-2303-0,BRILLE (la),"BRILLE, (la) Géog.​ ville maritime de la province d’Hollande, dans l’île de Voorn. Elle est fortifiée, & a un bon port près de l’embouchûre de la Meuse. Lon. 21. 31. lat. 51. 53.","[[""51 53' N 21 31' E""]]",,51 53' N 21 31' E,51 53' N 21 31' E
v2-2317-0,BRIONNE,"BRIONNE, (Géog.)​ ville de France, avec titre de comté, dans la province de Normandie, sur la Rille. Long. 18. 26. lat. 49. 35.","[[""49 35' N 18 26' E""]]",,49 35' N 18 26' E,49 35' N 18 26' E
v2-2338-0,BRISTOL,"BRISTOL, (Géog.)​ grande ville d’Angleterre fort commerçante sur la riviere d’Avon, avec titre de comté : elle est en partie dans la province de Sommerset, & en partie dans celle de Glocester, renommée par la bonté des eaux minérales qui s’y trouvent. Long. 15. lat. 51. 27.","[[""51 27' N 15 E""]]",,51 27' N 15 E,51 27' N 15 E
v2-2371-0,BRODERA,"BRODERA, (Géog.)​ ville des Indes orientales dans l’empire du Mogol, au royaume de Guzurate : il s’y fait un grand négoce de toiles de coton. Long.  90. 30. lat. 22. 25.","[[""22 25' N 90 30' E""]]",,22 25' N 90 30' E,22 25' N 90 30' E
v2-2443-0,BRUGES,"BRUGES, (Géog.) grande ville des Pays-Bas, dans la Flandre Autrichienne ; il s'y fait un assez grand commerce ; elle est à 8 lieues de Gand, & il y a un canal de communication entre ces deux villes. Lat. 51d. 11'. 30"". long. 20. 47. Le territoire qui en dépend, s'appelle le franc de Brages.","[['51 11\' 30"" N 20 47\' E']]",,"51 11' 30"" N 20 47' E","51 11' 30"" N 20 47' E"
v2-2444-0,BRUGNETO,"BRUGNETO, (Géog.)​ petite ville d’Italie, dans l’état de Genes, sur la Verra, dans l’Apennin. Long.  27. 20. lat. 44. 15.","[[""44 15' N 27 20' E""]]",,44 15' N 27 20' E,44 15' N 27 20' E
v2-2555-0,BUENAVENTURA,"BUENAVENTURA, baie que forme la mer du sud sur la côte occidentale de l’Amérique méridionale, & dans le gouvernement de Popayan. Lat. 4.  degrés nord. long. 301.",[['4 N 301 E']],,4 N 301 E,4 N 301 O
v2-2566-0,BUGIE,"BUGIE, (Géog.)​ ville forte & peuplée d’Afrique au royaume d’Alger, capitale de la province de son nom, avec une baie commode. Long. 22. 15. lat.  36. 34.","[[""36 34' N 22 15' E""]]",,36 34' N 22 15' E,36 34' N 22 15' E
v2-2568-0,BUGLAS ou L'ISLE DES NEGRES,"BUGLAS ou L’ISLE DES NEGRES, (Géog.)​ île de l’Océan oriental, l’une des Philippines. Long.  140d. lat. 10.",[['10 N 140 E']],,10 N 140 E,10 N 140 E
v2-2636-1,Burgdorff,"Burgdorff, (Géog.)​ petite ville avec château, en Suisse, dans le canton de Berne. Long. 25. 10. lat.  47. 6.","[[""47 6' N 25 10' E""]]",,47 6' N 25 10' E,47 6' N 25 10' E
v2-2751-0,CABEÇA-DE-VIDE,"CABEÇA-DE-VIDE, (Géog.)​ petite ville avec château, en Portugal, dans l’Alentéjo, à cinq lieues​ de Port-Alegre. Longitude 10. 48. latitude 39.","[[""39 N 10 48' E""]]",,39 N 10 48' E,39 N 10 48' E
v2-2808-0,CAÇERES,"CAÇERES, (Géog.)​ petite ville d’Espagne dans l’Estramadure, proche les confins de Portugal : elle est sur la riviere de Sabrot, à neuf lieues d’Alcantara. Long. 12. 8. lat. 39. 15.","[[""39 15' N 12 8' E""]]",,39 15' N 12 8' E,39 15' N 12 8' O
v2-2815-0,CACHEO,"CACHEO, (Géog.)​ ville d’Afrique dans la Nigritie, sur la riviere de Saint-Dominguo : elle appartient aux Portugais. Long. 2. 40. lat. 12.","[[""12 N 2 40' E""]]",,12 N 2 40' E,12 N 2 40' O
v2-2886-0,CAEN,"CAEN, (Géog.)​ ville de France, capitale de la basse Normandie ; elle est sur l’Orne Lon. 17. 18.  13. lat. 49. 11. 10.","[['49 11\' 10"" N 17 18\' 13"" E']]",,"49 11' 10"" N 17 18' 13"" E","49 11' 10"" N 17 18' 13"" E"
v2-2915-0,CAHORS,"CAHORS, (Géog.)​ ville de France, capitale du Quercy dans la Guienne sur la Lot. Long. 19d. 7′. 9″. lat. 44d. 26′. 4″.","[['44 26\' 4"" N 19 7\' 9"" E']]",,"44 26' 4"" N 19 7' 9"" E","44 26' 4"" N 19 7' 9"" E"
v2-2923-0,CAJAZZO,"CAJAZZO, (Géog.)​ petite ville d’Italie au royaume de Naples, dans la terre de Labour. Long. 32.  lat. 41. 10.","[[""41 10' N 32 E""]]",,41 10' N 32 E,41 10' N 32 E
v2-2930-0,CAIFUNG,"CAIFUNG, (Géog.)​ ville d’Asie dans la Chine, province de Honnang. Long. 131. 30. lat. 35.","[[""35 N 131 30' E""]]",,35 N 131 30' E,35 N 131 30' E
v2-2998-0,CALATRAVA,"CALATRAVA, (Géog.)​ ville d’Espagne dans la nouvelle Castille, sur la riviere de Guadiane, près de la Sierra-Morena, dans un pays nommé Campo di  Calatrava. Long. 14. 20. lat. 39. 8.","[[""39 8' N 14 20' E""]]",,39 8' N 14 20' E,39 8' N 14 20' E
v2-3157-0,CAMBRAY,"CAMBRAY, (Géog.)​ belle & grande ville de France dans le Pays-bas. Elle est très-fortifiée, munie d’une citadelle très-forte sur l’Escaut. Long. 20d.  53′. 41″. lat. 50d. 10′. 32″.","[['50 10\' 32"" N 20 53\' 41"" E']]",,"50 10' 32"" N 20 53' 41"" E","50 10' 32"" N 20 53' 41"" E"
v2-3224-4,Campo Major,"Campo Major, (Géog.)​ petite ville de Portugal, dans la province d’Alentejo. Long. 11. 17. lat.  38. 50.","[[""38 50' N 11 17' E""]]",,38 50' N 11 17' E,38 50' N 11 17' O
v2-3239-0,CANANOR,"CANANOR, (Géog.)​ petit royaume d’Asie, avec une ville qui porte le même nom, sur la côte de Malabar, appartenante aux Portugais. Long. 95. 45. lat. 12. 15.","[[""12 15' N 95 45' E""]]",,12 15' N 95 45' E,12 15' N 95 45' E
v2-3362-0,CANTAZARO,"CANTAZARO, (Géog.)​ ville d’Italie au royaume de Naples dans la Calabre ultérieure. Long. 34. 35. lat. 38. 59.","[[""38 59' N 34 35' E""]]",,38 59' N 34 35' E,38 59' N 34 35' E
v2-3375-0,CANTORBERY,"CANTORBERY, (Géog.)​ ville d’Angleterre, capitale du comté de Kent sur la Stoure. L’archevêque est primat d’Angleterre. Long. 18. 38. lat. 51. 17.","[[""51 17' N 18 38' E""]]",,51 17' N 18 38' E,51 17' N 18 38' E
v2-3414-0,CAPESTAN,"CAPESTAN, (Géog.)​ petite ville de France, dans le Languedoc, près de la riviere d’Aude & du​ canal royal. Long. 20. 40. lat. 43. 25.","[[""43 25' N 20 40' E""]]",,43 25' N 20 40' E,43 25' N 20 40' E
v2-3477-0,CAPRI,"CAPRI, (Géog.)​ capitale de l’île du même nom ; elle a un bon château ; elle est à 8 lieues de Naples. Long. 31. 41. lat. 40. 35.","[[""40 35' N 31 41' E""]]",,40 35' N 31 41' E,40 35' N 31 41' E
v2-348-5,Bar-sur-Seine,"*​ Bar-sur-Seine, (Géog.)​ ville de France, au duché de Bourgogne. Long. 22. lat. 48. 5.","[[""48 5' N 22 E""]]",,48 5' N 22 E,48 5' N 22 E
v2-3519-0,"CARACAS, CARACOS, LES CARAQUES, ou S. JEAN DE LÉON","CARACAS, CARACOS, LES CARAQUES, ou S. JEAN DE LÉON, ville riche & considérable de l’Amérique en terre-ferme, dans la province de même nom ; ses environs produisent beaucoup de cacao. Long. 312. 35. lat. 9. 40.","[[""9 40' N 312 35' E""]]",,9 40' N 312 35' E,9 40' N 312 35' O
v2-3648-0,CARIGNAN,"CARIGNAN, (Géog.)​ petite ville du Piémont, avec titre de principauté. Lon. 25. 20. lat. 44. 45.","[[""44 45' N 25 20' E""]]",,44 45' N 25 20' E,44 45' N 25 20' E
v2-3670-0,CARLINGFORD,"CARLINGFORD, (Géog.)​ petite ville maritime d’Irlande, au comté de Louth. Long. 11. 20. lat. 54. 6.","[[""54 6' N 11 20' E""]]",,54 6' N 11 20' E,54 6' N 11 20' O
v2-3673-0,CARLOWITZ,"CARLOWITZ, (Géog.)​ petite ville de Hongrie, sur le Danube. Long. 37. 43. lat. 45. 25.","[[""45 25' N 37 43' E""]]",,45 25' N 37 43' E,45 25' N 37 43' E
v2-3764-0,CARTAMA,"CARTAMA, (Géog.)​ petite ville d’Espagne au royaume de Grenade. Long. 13. 32. lat. 36. 32.","[[""36 32' N 13 32' E""]]",,36 32' N 13 32' E,36 32' N 13 32' E
v2-3776-0,CARTHAGO,"CARTHAGO, (Géog.)​ ville considérable de l’Amérique septentrionale, dans le Mexique. Lon. 296. 15. lat. 9. 5.","[[""9 5' N 296 15' E""]]",,9 5' N 296 15' E,9 5' N 296 15' O
v2-3805-0,CASBIN ou CASWIN,"CASBIN ou CASWIN, grande ville de Perse dans l’Irac, proche de la montagne d’Elwend. Long. 67. 35. lat. 36. 30.","[[""36 30' N 67 35' E""]]",,36 30' N 67 35' E,36 30' N 67 35' E
v2-3880-0,CASTEL-ARAGONESE,"CASTEL-ARAGONESE, ville forte d’Italie, dans l’île de Sardaigne, avec un bon port. Long. 26. 32. lat. 40. 56.","[[""40 56' N 26 32' E""]]",,40 56' N 26 32' E,40 56' N 26 32' E
v2-399-0,BARBERINO,"*​ BARBERINO, (Géog.)​ ville d’Italie, dans la Toscane, dans le Florentin, au pié de l’Apennin, sur la riviere de Siere. Long. 28. 55. lat. 44. 5.","[[""44 5' N 28 55' E""]]",,44 5' N 28 55' E,44 5' N 28 55' E
v2-4144-0,CEFALONIE ou CEPHALONIE,"CEFALONIE ou CEPHALONIE, (Géog.)​ île considérable de la Grece, au sud de l’Albanie, fort abondante ; la capitale porte le même nom. Longitude 38. 20. lat. 38. 30.","[[""38 30' N 38 20' E""]]",,38 30' N 38 20' E,38 30' N 38 20' E
v2-425-0,BARCELONETTE,"*​ BARCELONETTE, (Géog.)​ petite ville de France dans le Dauphiné, capitale de la vallée de son nom. Long. 24. 23. lat. 44. 26.","[[""44 26' N 24 23' E""]]",,44 26' N 24 23' E,44 26' N 24 23' E
v2-4358-0,CEVA,"CEVA, (Géog.)​ ville forte d’Italie, dans le Piémont, au comté d’Asti, sur le Tanaro. Long. 25. 40. lat. 44. 20.","[[""44 20' N 25 40' E""]]",,44 20' N 25 40' E,44 20' N 25 40' E
v2-48-0,"BACA-SERAY, ou BACHA-SERAI","*​ BAÇA-SERAY, ou BACHA-SERAI, (Géog.)​ ville de la presqu’île de Crimée, dans la petite Tartarie. Long. 52. 30. lat. 45. 30.","[[""45 30' N 52 30' E""]]",,45 30' N 52 30' E,45 30' N 52 30' E
v2-490-1,Barra,"*​ Barra, (Géog.)​ île de l’Océan à l’occident de l’Ecosse. Long. 10. lat. 56. 40.


Il y a un petit royaume de ce nom dans la Nigritie.","[[""56 40' N 10 E""]]",,56 40' N 10 E,56 40' N 10 O
v2-529-0,BARUTH,"*​ BARUTH, (Géog.)​ ancienne ville de Turquie dans la Syrie, sur le bord de la mer. Long. 52. 50. lat. 33. 30.","[[""33 30' N 52 50' E""]]",,33 30' N 52 50' E,33 30' N 52 50' E
v2-581-1,Bassée (la),"*​ Bassée (la), Géog.​ ville des Pays-Bas François, au comté de Flandre, sur les confins de l’Artois, & sur un canal qui se rend dans la Deule. Longit. 20. 30. lat. 50. 53.​","[[""50 53' N 20 30' E""]]",,50 53' N 20 30' E,50 53' N 20 30' E
v2-596-0,"BASSORA, ou BALSORA","*​ BASSORA, ou BALSORA, (Géog.)​ grande ville d’Asie, au-dessous du Confluent du Tigre & de l’Euphrate, dans l’Irac Arabi. Long. 66. lat. 30. 20.","[[""30 20' N 66 E""]]",,30 20' N 66 E,30 20' N 66 E
v2-630-0,BATAVIA,"*​ BATAVIA, (Géog.)​ ville d’Asie dans l’île de​ Java, au royaume de Bantan. Long. 124. 30. lat. mérid. 6. 10.","[[""6 10' S 124 30' E""]]",,6 10' S 124 30' E,6 10' S 124 30' E
v2-639-1,Bath,"*​ Bath, (Géog.)​ ville d’Angleterre en Sommersetshire, sur l’Avon. Long. 15. 10. lat. 51. 20.","[[""51 20' N 15 10' E""]]",,51 20' N 15 10' E,51 20' N 15 10' E
v2-809-0,BEDER,"*​ BEDER, (Géog)​ ville d’Asie, dans les états du Mogol, capitale des Talingas. Long. 95. 10. lat. 16. 50.","[[""16 50' N 95 10' E""]]",,16 50' N 95 10' E,16 50' N 95 10' E
v2-822-0,BEFORT,"*​ BÉFORT, (Géog.)​ ville de France capitale du Sundgaw, au haut d’une montagne. Lon. 24. 32. 30. lat. 47. 38. 18.","[['47 38\' 18"" N 24 32\' 30"" E']]",,"47 38' 18"" N 24 32' 30"" E","47 38' 18"" N 24 32' 30"" E"
v2-861-0,BELCHITE,"*​ BELCHITE, (Géog.)​ petite ville d’Espagne, au royaume d’Arragon, sur la riviere d’Almonazir. Long. 17. lat. 41. 19.","[[""41 19' N 17 E""]]",,41 19' N 17 E,41 19' N 17 E
v2-877-0,BELGRADE,"*​ BELGRADE, (Géog. anc. & mod.)​ ville de la Turquie Européenne, capitale de la Servie, au confluent du Danube & de la Save. Long. 38. 30. lat. 45. Quelques-uns croyent que c’est le Taurinum des anciens.","[[""45 N 38 30' E""]]",,45 N 38 30' E,45 N 38 30' E
v2-878-0,BELGRADO,"*​ BELGRADO, (Géog.)​ petite ville d’Italie dans le Frioul & l’état de Venise. Lon. 30. 35. lat. 46.","[[""46 N 30 35' E""]]",,46 N 30 35' E,46 N 30 35' E
v2-91-0,BADE ou BADEN,"*​ BADE ou BADEN (Géographie.)​ ville d’Allemagne, dans le cercle de Suabe. Long. 26. 54. lat. 48. 50.","[[""48 50' N 26 54' E""]]",,48 50' N 26 54' E,48 50' N 26 54' E
v2-913-0,BELLUNO,"*​ BELLUNO, (Géog.)​ ville d’Italie, capitale du Bellunois dans la Marche-Trévisane, sur la Piave. Long. 29. 45. lat. 46. 9.","[[""46 9' N 29 45' E""]]",,46 9' N 29 45' E,46 9' N 29 45' E
v2-943-0,BENAVARRI,"*​ BENAVARRI, (Géographie)​ ville d’Espagne, au royaume d’Aragon. Long. 18. 10. lat. 41. 55.","[[""41 55' N 18 10' E""]]",,41 55' N 18 10' E,41 55' N 18 10' E
v2-962-0,BENEVENT,"*​ BENEVENT, (Géog.)​ ville d’Italie, au royaume de Naples, près du confluent du Sabato & du Calore. Long. 32. 27. lat. 41. 6.","[[""41 6' N 32 27' E""]]",,41 6' N 32 27' E,41 6' N 32 27' E
v2-971-0,BENI-ARAX,"*​ BENI-ARAX, (Géog.)​ ville d’Afrique, au royaume d’Alger. Long. 17. lat. 35.",[['35 N 17 E']],,35 N 17 E,35 N 17 E
v2-980-0,BENSHEIM,"*​ BENSHEIM, (Géog.)​ petite ville d’Allemagne dans l’électorat de Mayence, sur un ruisseau. Lon. 26. 15. lat. 49. 49.","[[""49 49' N 26 15' E""]]",,49 49' N 26 15' E,49 49' N 26 15' E
v3-1028-0,CITTA-NUOVA,"CITTA-NUOVA, (Géog.)​ petite ville maritime d’Italie dans l’Istrie, dans les états de la république de Venise. Long. 37. 23. lat. 45. 30.","[[""45 30' N 37 23' E""]]",,45 30' N 37 23' E,45 30' N 37 23' E
v3-110-0,CHAMBÉRY,"CHAMBÉRY, (Géog. mod.)​ ville considérable & capitale du duché de Savoie, sur les ruisseaux de Laisse & d’Albans. Long. 23. 30. lat. 45. 35.","[[""45 35' N 23 30' E""]]",,45 35' N 23 30' E,45 35' N 23 30' E
v3-1127-0,CLAUDE (Saint),"CLAUDE, (Saint-) Géog. mod.​ ville de France en Franche-Comté, sur la riviere de Lison. Longit. 23. 35. lat. 46. 20.","[[""46 20' N 23 35' E""]]",,46 20' N 23 35' E,46 20' N 23 35' E
v3-13-0,CHABLIS,"CHABLIS, (Géog. mod.)​ petite ville de France dans l’Auxerrois, sur les confins de la Champagne. Long. 21. 20. lat. 47. 47.","[[""47 47' N 21 20' E""]]",,47 47' N 21 20' E,47 47' N 21 20' E
v3-1305-0,COCHIN,"COCHIN, (Géog. mod.)​ ville considérable d’Asie, capitale d’un royaume de même nom sur la côte de Malabar. Les habitans sont idolatres. Les femmes y peuvent prendre autant de maris qu’il leur plaît. Long. 95. 15. lat. 10.","[[""10 N 95 15' E""]]",,10 N 95 15' E,10 N 95 15' E
v3-1402-0,COIMBRE,"COIMBRE, (Géog. mod.)​ grande ville du royaume de Portugal, capitale de la province de Béira, sur le Mondego, fameuse par son université. Long. 9. 40. lat. 40. 10.","[[""40 10' N 9 40' E""]]",,40 10' N 9 40' E,40 10' N 9 40' O
v3-1462-11,Colle,"Colle, (Géog. mod.)​ petite ville d’Italie au grand duché de Toscane, dans le Florentin. Long. 28. 45. lat. 43. 24.","[[""43 24' N 28 45' E""]]",,43 24' N 28 45' E,43 24' N 28 45' E
v3-1496-0,COLMAR,"COLMAR, (Géog. mod.)​ ville considérable de France dans la haute Alsace, dont elle est capitale, près de la riviere d’Ill. Long. 25d2′11″. lat. 48d4′44″.","[['48 4\' 44"" N 25 2\' 11"" E']]",,"48 4' 44"" N 25 2' 11"" E","48 4' 44"" N 25 2' 11"" E"
v3-1616-0,COMMERCY,"COMMERCY, (Géograph. mod.)​ petite ville de France, au duché de Bar, avec titre de principauté, sur la Meuse. Long. 23. 15. lat. 48. 40.","[[""48 40' N 23 15' E""]]",,48 40' N 23 15' E,48 40' N 23 15' E
v3-1718-0,COMPOSTELLE,"COMPOSTELLE, (Géogr. mod.)​ ville fameuse d’Espagne à cause du pélerinage de S. Jacques, dont on croit que les reliques y reposent, sur les rivieres de Tambra & d’Ulla. Long. 9. 28. lat. 42. 54.","[[""42 54' N 9 28' E""]]",,42 54' N 9 28' E,42 54' N 9 28' E
v3-1766-0,CONCHES,"CONCHES, (Géog. mod.)​ petite ville de France en Normandie, dans le pays d’Onche. Long. 18d. 26′. 6″. lat. 48d. 57′. 43″.","[['48 57\' 43"" N 18 26\' 6"" E']]",,"48 57' 43"" N 18 26' 6"" E","48 57' 43"" N 18 26' 6"" E"
v3-1806-0,CONDE,"CONDÉ, (Géog. mod.)​ petite ville très-forte de France aux Pays-bas dans le Hainaut, près du confluent de la Haine & de l’Escaut. Long. 21d. 15′. 33″. lat. 50d. 26′. 55″.","[['50 26\' 55"" N 21 15\' 33"" E']]",,"50 26' 55"" N 21 15' 33"" E","50 26' 55"" N 21 15' 33"" E"
v3-1806-1,Condé,"Condé, (Géog. mod.)​ petite ville de France en Normandie, dans le Bessin sur le Nereau. Long. 16. 58. lat. 48. 50.","[[""48 50' N 16 58' E""]]",,48 50' N 16 58' E,48 50' N 16 58' E
v3-2-0,CHAALONS ou CHASLONS sur Marne,"CHAALONS ou CHASLONS sur Marne, (Géog. mod.)​ grande ville de France, en Champagne, sur les rivieres de Marne, de Mau & de Nau. Long. 22d2′12″ . lat. 48d57′12″ .","[['48 57\' 12"" N 22 2\' 12"" E']]",,"48 57' 12"" N 22 2' 12"" E","48 57' 12"" N 22 2' 12"" E"
v3-388-16,Chateau-Portien,"Chateau-Portien, (Géog.)​ petite ville de France en Champagne, dans une partie du Rethelois, appellé Portien, sur l’Aine. Long. 21. 58. lat. 49. 35.","[[""49 35' N 21 58' E""]]",,49 35' N 21 58' E,49 35' N 21 58' E
v3-388-17,Chateau-Renard,"Chateau-Renard, (Géog.)​ petite ville de France dans le Gâtinois. Long. 20. 18. lat. 48.","[[""48 N 20 18' E""]]",,48 N 20 18' E,48 N 20 18' E
v3-388-23,Chateau-Vilain,"Chateau-Vilain, (Géog.)​ petite ville de France en Champagne, avec titre de duché-pairie, sur la riviere d’Aujon. Long. 22. 34. lat. 48.","[[""48 N 22 34' E""]]",,48 N 22 34' E,48 N 22 34' E
v3-444-0,CHAUL,"CHAUL, (Geog.)​ ville forte des Indes, sur la côte de Malabar, dans le royaume de Visapour, avec un port. Long. 90. 20. lat. 18. 30.","[[""18 30' N 90 20' E""]]",,18 30' N 90 20' E,18 30' N 90 20' E
v3-713-0,CHINI,"CHINI, (Géog.)​ petite ville & comté des Pays-Bas, au duché de Luxembourg, sur la riviere de Semoi. Long. 23. 8. lat. 49. 38.","[[""49 38' N 23 8' E""]]",,49 38' N 23 8' E,49 38' N 23 8' E
v3-838-0,CHRISTIANOPLE,"CHRISTIANOPLE, (Géog.)​ ville forte de Suede, capitale de la Blekingie, avec un port sur la mer Baltique. Long. 34. 12. lat. 56. 20.","[[""56 20' N 34 12' E""]]",,56 20' N 34 12' E,56 20' N 34 12' E
v3-958-0,CIOTAT,"CIOTAT, (Géog. mod.)​ ville maritime de France en Provence, viguerie d’Aix. Long. 23. 15. lat. 43.10. Cinxia vient de Cingo.","[[""43 10' N 23 15' E""]]",,43 10' N 23 15' E,43 10' N 23 15' E
v4-1005-0,CRAVAN,"CRAVAN, (Géog. mod.)​ petite ville de France en Bourgogne, près du confluent de la Cure & de l’Yonne. Long. 21. 15. lat. 47. 42.","[[""47 42' N 21 15' E""]]",,47 42' N 21 15' E,47 42' N 21 15' E
v4-1031-0,CREMA ou CRESME,"CREMA ou CRESME, (Géog. mod.)​ ville d’Italie dans l’état de Venise, capitale du Cremasque, sur le Serio. Long. 27. 25. lat. 45. 25.","[[""45 25' N 27 25' E""]]",,45 25' N 27 25' E,45 25' N 27 25' E
v4-1196-0,CROSSEN,"CROSSEN, (Géog. mod.)​ ville d’Allemagne en Silésie, capitale de la principauté de même nom, au confluent du Bober & de l’Oder. Long. 23. lat. 52.",[['52 N 23 E']],,52 N 23 E,52 N 23 E
v4-1204-0,"CROTOY, (le)","CROTOY, (le) Géog. mod.​ petite ville de France en Picardie, dans le Ponthieu, à l’embouchure de la Somme. Long. 19. 20. lat. 50. 15.","[[""50 15' N 19 20' E""]]",,50 15' N 19 20' E,50 15' N 19 20' E
v4-1281-0,CUENCA,"CUENÇA, (Géog. mod.)​ ville d’Espagne dans la nouvelle Castille, capitale du pays de la Sierra, sur la riviere de Xucar. Long. 15. 50. lat. 40. 10.","[[""40 10' N 15 50' E""]]",,40 10' N 15 50' E,40 10' N 15 50' E
v4-1315-0,CULM,"CULM, (Géog. mod.)​ ville de Pologne, capitale du palatinat de même nom, dans la Prusse polonoise, près de la Vistule. Long. 26. 45. Lat. 53. 4.","[[""53 4' N 26 45' E""]]",,53 4' N 26 45' E,53 4' N 26 45' E
v4-1368-0,CURIA MARIA,"CURIA MARIA, (Géog. mod.)​ île de l’Océan en Asie, sur la côte de l’Arabie heureuse, vis-à-vis de l’embouchure de la riviere de Prim. Long. 71. lat. 77.",[['77 N 71 E']],,77 N 71 E,77 N 71 E
v4-1391-0,CURZOLA,"CURZOLA, (Géog. mod.)​ île du golfe de Venise, sur les côtes de Dalmatie, aux Vénitiens. Long. 34. 50. lat. 43. 6.","[[""43 6' N 34 50' E""]]",,43 6' N 34 50' E,43 6' N 34 50' E
v4-1397-0,CUSTRIN,"CUSTRIN, (Geog. mod.)​ ville forte & considérable d’Allemagne au cercle de basse-Saxe, dans la nouvelle marche de Brandebourg. Long. 32. 35. lat. 52. 34.","[[""52 34' N 32 35' E""]]",,52 34' N 32 35' E,52 34' N 32 35' E
v4-1408-0,CUYLEMBOURG,"CUYLEMBOURG, (Géog. mod.)​ ville des Pays-Bas dans les Provinces-Unies du duché de Gueldre, sur le Leck. Long. 22. 43. lat. 51. 58.","[[""51 58' N 22 43' E""]]",,51 58' N 22 43' E,51 58' N 22 43' E
v4-1463-0,CZAKENTHURN,"CZAKENTHURN, (Géog. mod.)​ ville forte d’Allemagne en Stirie, dans l’Autriche, sur les frontieres de Hongrie, entre la Drave & le Muhir. Long. 34. 54. lat. 46. 24.","[[""46 24' N 34 54' E""]]",,46 24' N 34 54' E,46 24' N 34 54' E
v4-1472-0,CZENSTOCHOW,"CZENSTOCHOW, (Géog. mod.)​ petite ville de Pologne au palatinat de Cracovie, sur la Warte. Long. 36. 50. lat 50. 48.","[[""50 48' N 36 50' E""]]",,50 48' N 36 50' E,50 48' N 36 50' E
v4-1482-0,CZONGRAD,"CZONGRAD, (Géog. mod.)​ ville de la haute Hongrie, capitale du comté de même nom, au confluent de la Theiss & du Keres. Long. 38. 32. lat. 46. 30.","[[""46 30' N 38 32' E""]]",,46 30' N 38 32' E,46 30' N 38 32' E
v4-1499-0,DAGHO ou DAGHOA,"DAGHO ou DAGHOA, (Géog. mod.)​ île de la mer Baltique, sur la côte de Livonie, entre le golfe de Finlande & Riga. Long. 40. lat. 59.",[['59 N 40 E']],,59 N 40 E,59 N 40 E
v4-1500-0,DAGNO,"DAGNO, (Géog. mod.)​ petite ville d’Albanie, située sur le Drin. Long. 37. 23. lat. 42.","[[""42 N 37 23' E""]]",,42 N 37 23' E,42 N 37 23' E
v4-1519-0,DALKEITH,"DALKEITH, (Géog. mod.)​ ville d’Ecosse : elle est dans la Lothiane & sur l’Ehsk. Long. 14. 35. lat. 56. 10.","[[""56 10' N 14 35' E""]]",,56 10' N 14 35' E,56 10' N 14 35' E
v4-1525-1,Dam ou Damm,"Dam ou Damm, (Géog. mod.)​ ville des Pays-bas au comté de Flandre. Elle appartient à la maison d’Autriche. Long. 20. 50. lat. 51. 14.","[[""51 14' N 20 50' E""]]",,51 14' N 20 50' E,51 14' N 20 50' E
v4-1562-0,DANGALA ou DONGOLA,"DANGALA ou DONGOLA, (Géog. mod.)​ ville d’Afrique, capitale de la Nubie, située sur le Nil. Long. 52. 10. lat. 15. 6.","[[""15 6' N 52 10' E""]]",,15 6' N 52 10' E,15 6' N 52 10' E
v4-1598-0,DARMOUTH ou DERMOUTZ,"DARMOUTH ou DERMOUTZ, (Géog. mod.)​ ville d’Angleterre, dans le Devonshire. Long. 14. 2. lat. 50. 16.","[[""50 16' N 14 2' E""]]",,50 16' N 14 2' E,50 16' N 14 2' E
v4-1619-0,DAVID (Saint),"DAVID, (Saint-) Géog. mod.​ ville d’Angleterre au pays de Galles, dans le comté de Pembrock, non loin de la mer. Long. 12. 22. lat. 52. 5.","[[""52 5' N 12 22' E""]]",,52 5' N 12 22' E,52 5' N 12 22' E
v4-1634-0,DDAFAR,"DDAFAR, (Géog. mod.)​ ville de l’Arabie heureuse, au royaume d’Yemen, Long. 70. lat. 15.",[['15 N 70 E']],,15 N 70 E,15 N 70 E
v4-1966-0,DELFZY,"DELFZY, (Géog. mod.)​ forteresse des provinces-unies, sur le Fivol, à la seigneurie de Groningue. Long. 24. 26. lat. 53. 18.","[[""53 18' N 24 26' E""]]",,53 18' N 24 26' E,53 18' N 24 26' E
v4-2068-0,"DENDERMONDE, ou DERMONDE, ou TENERMONDE","DENDERMONDE, ou DERMONDE, ou TENERMONDE, ville des Pays-bas autrichiens : elle est située au confluent de la Dendre & de l’Escaut. Long. 21. 38. lat. 51. 3.","[[""51 3' N 21 38' E""]]",,51 3' N 21 38' E,51 3' N 21 38' E
v4-2157-0,DERAS,"DERAS, (Géograph. mod.)​ ville de Perse en Asie. Long. 79. 30. lat. 31. 32.","[[""31 32' N 79 30' E""]]",,31 32' N 79 30' E,31 32' N 79 30' E
v4-2184-0,DÉROTE ou DÉRONTE,"DÉROTE ou DÉRONTE, (Géog. mod.)​ ville d’Egypte, située dans une île qui forme le canal qui va du Caire à Rosette. Longit. 49, lat. 30, 40.","[[""30 40' N 49 E""]]",,30 40' N 49 E,30 40' N 49 E
v4-2489-0,DIEPHOLT,"DIEPHOLT, (Géog. mod.)​ ville d’Allemagne, au cercle de Westphalie. Long. 26. 10. latit. 52. 45.","[[""52 45' N 26 10' E""]]",,52 45' N 26 10' E,52 45' N 26 10' E
v4-2522-0,DIGNANT,"DIGNANT, (Géog. mod.)​ ville d’Istrie en Italie ; elle appartient aux Vénitiens. Long. 31. 40. lat. 45. 10.","[[""45 10' N 31 40' E""]]",,45 10' N 31 40' E,45 10' N 31 40' E
v4-2530-0,DIJON,"DIJON, (Géog. mod.)​ capitale de la Bourgogne, province de France, située entre l’Ouche & Suzon, deux petites rivieres. Long. 22d42′23″. lat. 47d19′22″.","[['47 19\' 22"" N 22 42\' 23"" E']]",,"47 19' 22"" N 22 42' 23"" E","47 19' 22"" N 22 42' 23"" E"
v4-2555-0,DIMOTUC,"DIMOTUC, (Géog. mod.)​ ville de la Romanie, dans la Turquie européenne. Elle est située sur une montagne, baignée par la riviere de Mariza, l’Ebre des anciens. Long. 44. 8. lat. 41. 38.","[[""41 38' N 44 8' E""]]",,41 38' N 44 8' E,41 38' N 44 8' E
v4-2559-0,DINANT,"DINANT, (Géog. mod.)​ ville des Pays-Bas ; elle est située proche de la Meuse ; elle est du diocèse de Liége. Long. 22. 34. lat. 50. 15.","[[""50 15' N 22 34' E""]]",,50 15' N 22 34' E,50 15' N 22 34' E
v4-2686-0,DIU,"DIU, (Géogr. Mod.)​ ville du royaume de Guzarate aux Indes, dans une île de même nom. Long. 86. 20. lat. 21. 45.","[[""21 45' N 86 20' E""]]",,21 45' N 86 20' E,21 45' N 86 20' E
v4-2722-0,DIZIER (Saint),"DIZIER (Saint), Géog. mod.​ ville de Champagne en France ; elle est située sur la Marne, Longit, 22. 25. lat. 48. 35.","[[""48 35' N 22 25' E""]]",,48 35' N 22 25' E,48 35' N 22 25' E
v4-323-0,CONZA,"CONZA, (Géog.)​ petite ville d’Italie au royaume de Naples, dans la principauté ultérieure, sur la riviere d’Offante. Long. 32. 55. lat. 40. 50.","[[""40 50' N 32 55' E""]]",,40 50' N 32 55' E,40 50' N 32 55' E
v4-385-0,COQUIMBO,"COQUIMBO, (Géog.) ville de l'Amérique méridionale, près d'une riviere de même nom au Chili. Long. 306d 241 1511. lat. 29d 541 1011.","[['29 54\' 10"" S 306 24\' 15"" E']]",,"29 54' 10"" S 306 24' 15"" E","29 541' 1011"" S 306 241' 1511"" O"
v4-451-0,CORDOUE,"CORDOUE, (Géogr. mod.)​ ville considérable d’Espagne dans l’Andalousie, sur le Guadalquivir. Long. 13. 48. lat. 37. 42.","[[""37 42' N 13 48' E""]]",,37 42' N 13 48' E,37 42' N 13 48' E
v4-465-0,CORIA,"CORIA, (Géog. mod.)​ petite ville d’Espagne au royaume de Léon dans l’Estramadure, sur la riviere d’Alagon. Long. 12. 2. lat. 39. 36.","[[""39 36' N 12 2' E""]]",,39 36' N 12 2' E,39 36' N 12 2' E
v4-554-0,CORREGIO,"CORREGIO, (Géog. mod.) petite ville d'Italie, capitale d'un petit pays de même nom, au duché de Modene. Long. 28. 20. lat. 44. 145.","[[""44 145' N 28 20' E""]]",,44 145' N 28 20' E,44 145' N 28 20' E
v4-621-0,COSENZA,"COSENZA, (Géog. mod.)​ ville considérable d’Italie au royaume de Naples, sur le Grate. Long. 34. 10. lat. 39. 23.","[[""39 23' N 34 10' E""]]",,39 23' N 34 10' E,39 23' N 34 10' E
v4-635-0,COSSANO,"COSSANO, (Géog. mod.)​ ville d’Italie au royaume de Naples, dans la Calabre ultérieure. Long. 34. 5. lat. 39. 55.","[[""39 55' N 34 5' E""]]",,39 55' N 34 5' E,39 55' N 34 5' E
v4-716-0,COUCY,"COUCY, (Géogr. mod.)​ ville de France dans le Laonois, près de la riviere d’Oyse. Long. 20. 58. lat. 48. 30.","[[""48 30' N 20 58' E""]]",,48 30' N 20 58' E,48 30' N 20 58' E
v5-103-0,DORAR,"DORAR, (Géog. mod.)​ ville de la Marche, en France. Elle est située sur la Sere. Longit. 18. 46. lat. 46. 10.","[[""46 10' N 18 46' E""]]",,46 10' N 18 46' E,46 10' N 18 46' E
v5-114-3,Dormant,"Dormant, (Géog. mod.)​ ville de la Champagne en France ; elle est située sur la Marne. Long. 21. 22. lat. 49. 3.","[[""49 3' N 21 22' E""]]",,49 3' N 21 22' E,49 3' N 21 22' E
v5-119-0,DORNOIK,"DORNOIK, (Géog. mod.) capitale du comté de Susherland en Ecosse. Long. 14. 10. lat. 571 58.",[['57 58\' N 14 10\' E']],,57 58' N 14 10' E,571 58' N 14 10' O
v5-129-0,DORTMUND,"DORTMUND, (Géog. mod.)​ ville d’Allemagne au cercle de Westphalie : elle est située sur l’Emser. Long. 25. 6. lat. 51. 30.","[[""51 30' N 25 6' E""]]",,51 30' N 25 6' E,51 30' N 25 6' E
v5-1323-0,ENGHIEN ou ANGUIEN,"ENGHIEN ou ANGUIEN, (Géog.)​ ville du comté de Hainaut, dans les Pays-Bas. Long. 21. 40. latit. 50. 40.","[[""50 40' N 21 40' E""]]",,50 40' N 21 40' E,50 40' N 21 40' E
v5-1399-2,Ens,"Ens, (Géogr. mod.)​ ville de la haute Autriche, en Allemagne ; elle est située dans le pays & sur la riviere d’Ens. Long. 32. 22. lat. 48. 12.","[[""48 12' N 32 22' E""]]",,48 12' N 32 22' E,48 12' N 32 22' E
v5-147-0,DOUAI,"DOUAI, (Géog. mod.)​ ville de la Flandre françoise aux Pays-Bas : elle est située sur la Scarpe, & communique avec la Deule par un canal. Long. 20d. 44′. 47″. lat. 50d. 22′. 10″.","[['50 22\' 10"" N 20 44\' 47"" E']]",,"50 22' 10"" N 20 44' 47"" E","50 22' 10"" N 20 44' 47"" E"
v5-1497-0,ENTREVAUX,"ENTREVAUX, (Géog.)​ ville de Provence, en France ; elle est située sur le Var. Long. 24. 46. lat. 44. 1.","[[""44 1' N 24 46' E""]]",,44 1' N 24 46' E,44 1' N 24 46' E
v5-1744-0,EPPINGEN,"EPPINGEN, (Géog. mod.)​ ville du Palatinat du Rhin en Allemagne, sur l’Esalts. Long. 27. 34. lat. 49. 12.","[[""49 12' N 27 34' E""]]",,49 12' N 27 34' E,49 12' N 27 34' E
v5-175-0,DOURAK,"DOURAK, (Géog. mod.)​ ville de Perse, située au confluent de l’Euphrate & du Tigre. Long. 74. 32. lat. 32. 15.","[[""32 15' N 74 32' E""]]",,32 15' N 74 32' E,32 15' N 74 32' E
v5-176-0,DOURDAN,"DOURDAN, (Géog. mod.)​ ville de l’île de France ; elle est située sur l’Orge. Longitude 19. 42. lat. 48. 30.","[[""48 30' N 19 42' E""]]",,48 30' N 19 42' E,48 30' N 19 42' E
v5-1832-0,ERLANG,"ERLANG, (Géog. mod.)​ ville du cercle de Franconie, en Allemagne ; elle appartient au marquisat de Culemback, & elle est située sur la Regnitz. Long. 28. 42. lat. 49. 38.","[[""49 38' N 28 42' E""]]",,49 38' N 28 42' E,49 38' N 28 42' E
v5-184-0,DOUVRES ou DOVER,"DOUVRES, ou DOVER, (Géogr. mod.)​ ville maritime d’Angleterre. De ce port à celui de Calais il n’y a que sept lieues. Cette ville est à 23 lieues sud-est d’Angleterrede Londres. Lat. 51. 7. 47. long. 18. 58. 57.","[['51 7\' 47"" N 18 58\' 57"" E']]",,"51 7' 47"" N 18 58' 57"" E","51 7' 47"" N 18 58' 57"" O"
v5-1866-0,ERZEROM,"ERZEROM, (Géog.)​ ville assez grande de la Turquie Asiatique, située sur l’Euphrate, & bâtie dans une plaine au pié d’une chaîne de montagnes, ce qui y rend les hyvers également longs & rudes. Elle est à cinq journées de la met Noire, ​ & à dix de la frontiere de Perse. On la regarde comme le passage & le reposoir de toutes les marchandises des Indes par la Turquie. M. de Tournefort en parle fort au long dans ses voyages, & ce qu’il en dit mérite d’être lu. Long. 6. 34. 15. lat. 39. 56. 35. suivant le P. de Beze. Article de M. le Chevalier de Jaucourt​.","[['39 56\' 35"" N 6 34\' 15"" E']]",,"39 56' 35"" N 6 34' 15"" E","39 56' 35"" N 6 34' 15"" E"
v5-1990-0,ESSEK,"ESSEK, (Géog. mod.)​ ville du comté de Walpon dans l’Esclavonie, en Hongrie ; elle est située sur la Drave. Long. 36. 30. lat. 45. 36.","[[""45 36' N 36 30' E""]]",,45 36' N 36 30' E,45 36' N 36 30' E
v5-2024-0,ESTAMPES,"ESTAMPES, (Géog. mod.)​ ville de la Beauce, en France ; elle est située sur la Suine. Long. 19. 45. lat. 48. 24.","[[""48 24' N 19 45' E""]]",,48 24' N 19 45' E,48 24' N 19 45' E
v5-2032-0,ESTAPLES,"ESTAPLES, (Géog. mod.)​ ville du Boulonnois, dans la Picardie, en France : elle est située à l’embouchure de la Canches. Long. 19. 18′. 16″. lat. 50. 30″. 44′.","[['50 30\' 44"" N 19 18\' 16"" E']]",,"50 30' 44"" N 19 18' 16"" E","50 44' 30"" N 19 18' 16"" E"
v5-2039-0,ESTE,"ESTE, (Géog. mod.)​ petite ville du Padoüan, dans l’état de Venise, en Italie. Longit. 29. 15. lat. 45. 15.","[[""45 15' N 29 15' E""]]",,45 15' N 29 15' E,45 15' N 29 15' E
v5-332-0,DUNKERQUE,"DUNKERQUE, (Géog. mod.)​ ville de France, au comté de Flandres. Long. 20d. 2′. 52″. lat. 51d. 2′. 4″.","[['51 2\' 4"" N 20 2\' 52"" E']]",,"51 2' 4"" N 20 2' 52"" E","51 2' 4"" N 20 2' 52"" E"
v5-349-1,Durango,"Durango, (Géog. mod.)​ ville de l’Amérique septentrionale, dans la nouvelle Biscaye. Long. 271. 15. lat. 24. 30.","[[""24 30' N 271 15' E""]]",,24 30' N 271 15' E,24 30' N 271 15' E
v5-362-0,DURHAM,"DURHAM, (Géog. mod.)​ capitale de la province d’Angleterre qui a le même nom ; elle est sur la Ware. Long. 15. 55. lat. 54. 45.","[[""54 45' N 15 55' E""]]",,54 45' N 15 55' E,54 45' N 15 55' E
v5-46-0,DOLTABAR,"DOLTABAR, (Géog. mod.)​ ville de la province de Balagale dans les états du Mogol. Long. 94. 30. lat. 18. 40.","[[""18 40' N 94 30' E""]]",,18 40' N 94 30' E,18 40' N 94 30' E
v5-75-0,DOMITZ,"DOMITZ, (Géog. mod.)​ ville d’Allemagne, au cercle de basse Saxe. Elle est située au confluent de l’Elbe & l’Elve. Long. 29. 16. lat. 53. 25.","[[""53 25' N 29 16' E""]]",,53 25' N 29 16' E,53 25' N 29 16' E
v5-761-0,EGLISOU ou EGLISAU,"EGLISOU ou EGLISAU, (Géog. mod.)​ ville du canton de Zurich, en Suisse, sur la rive droite du Rhin. Long. 26. 15. lat. 47. 45.","[[""47 45' N 26 15' E""]]",,47 45' N 26 15' E,47 45' N 26 15' E
v5-77-0,DOMME,"DOMME, (Géog. mod.)​ ville du haut Périgord, en France : elle est située sur une montagne, proche de la Dordogne. Long. 18. 54. lat. 45. 58.","[[""45 58' N 18 54' E""]]",,45 58' N 18 54' E,45 58' N 18 54' E
v5-803-0,EIMBECK,"EIMBECK, (Géog. mod.)​ ville de la basse Saxe en Allemagne. C’est la capitale du Grubenhagen. Elle est proche de l’Ilme. Long. 17. 38. lat. 51. 46.","[[""51 46' N 17 38' E""]]",,51 46' N 17 38' E,51 46' N 17 38' E
v5-827-0,ELBEUF,"ELBEUF, (Géog. mod.)​ gros bourg de Normandie, en France ; il a titre de duché-pairie : il est situé sur la Seine. Long. 18. 38. lat. 49. 20.","[[""49 20' N 18 38' E""]]",,49 20' N 18 38' E,49 20' N 18 38' E
v5-89-0,DONCHERY,"DONCHERY, (Géog. mod.)​ ville de la Champagne en France : elle est située sur la Meuse, dans le Rhetelois. Long. 22d32′56″. lat. 49d41′51″.","[['49 41\' 51"" N 22 32\' 56"" E']]",,"49 41' 51"" N 22 32' 56"" E","49 41' 51"" N 22 32' 56"" E"
v5-899-0,ELNBOGEN ou LOKER,"ELNBOGEN ou LOKER, (Géog. mod.)​ ville de Boheme au cercle de même nom : elle est sur l’Eger. Long. 30. 26. lat. 50. 20.","[[""50 20' N 30 26' E""]]",,50 20' N 30 26' E,50 20' N 30 26' E
v5-916-0,ELY,"ELY, (Géog. mod.)​ ville du comté de Cambridge, en Angleterre ; elle est située sur l’Oust. Long. 17.35. lat. 52.20.","[[""52 20' N 17 35' E""]]",,52 20' N 17 35' E,52.20 N 17.35 E
v5-960-0,EMBDEN,"EMBDEN, (Géog. mod.)​ ville du cercle de Westphalie en Allemagne, capitale du comté de même nom, située sur l’Ems. Long. 24. 38. lat. 53. 20.","[[""53 20' N 24 38' E""]]",,53 20' N 24 38' E,53 20' N 24 38' E
v6-241-0,EUSTACHE L'Ile de Saint-,"EUSTACHE, (l’Ile de Saint-) Géog. mod.​ île de l’Amérique septentrionale : c’est la plus forte des Antilles, par sa situation. Long. 17. 40. lat. 16. 40.","[[""16 40' N 17 40' E""]]",,16 40' N 17 40' E,16 40' N 17 40' E
v6-429-0,EYND'HOUE,"EYND’HOUE, (Géog. mod.)​ ville du Brabant hollandois, aux Pays-Bas ; elle est située sur la Drommel. Long. 23. 5. lat. 51. 28.","[[""51 28' N 23 5' E""]]",,51 28' N 23 5' E,51 28' N 23 5' E
v6-646-0,FEARNES,"FEARNES, (Géog.)​ petite ville d’Irlande dans Leinstershire, avec un évêché suffragant de Dublin, à dix-huit lieues S. de ladite ville. Long. 11. 6. lat. 52. 32. (D. J.)​","[[""52 32' N 11 6' E""]]",,52 32' N 11 6' E,52 32' N 11 6' O
v6-742-0,FERRARE,"FERRARE, (Géog.) ville d'Italie, qui n'a porté ce titre que dans le vij. siecle, capitale du duché de même nom, dans l'état ecclésiastique, avec un évêché qui ne releve que du pape. Elle a de belles églises, & une bonne citadelle que Clement VIII. a fait bâtir, & qui lui coûta, dit-on, deux millions d'écus d'or. Ferrare autrefois florissante, ainsi que tout le Ferrarois, est entierement déchue de sa splendeur, depuis qu'elle a passé avec le duché en 1597 sous la dom nation du saint siége, qui n'y entretient qu'un légat, chef de la police & de la justice du pays. En effet cette ville est aujourd'hui si pauvre, qu'elle a plus de maisons que d'habitans. Elle est située sur la plus petite branche du Pô, à dix lieues nord-est de Bologne, quinze nord-ouest de Ravenne, vingt-huit nord-est de Florence, soixante-seize nord-ouest de Rome. Long. 29d. 11'. 30''. lat. 44d. 54'. 0''. Entre les illustres personnages, dont elle a été la patrie avant la fin de ses beaux jours, on compte avec raison Giraldi, Guarini, Riccioli, & le cardinal Bentivoglio. Lilio Gregorio Giraldi né en 1478, mort en 1552, s'est distingué par son histoire des dieux des payens, par celle des poëtes de son tems, & par son invention des trente nombres épactaux ; mais ce savant éprouva toutes sortes de malheurs pendant le cours de sa vie, & son mérite le rendoit digne d'une plus heureuse destinée. Baptiste Guarini né en 1537, mort en 1612, passa ses jours dans le trouble des négociations & des changemens de maîtres, après avoir immortalisé son nom par sa tragi-comédie pastorale, le Pastor Fido qui fut représenté en 1570 pour la premiere fois à la cour de Philippe II. roi d'Espagne, avec une grande magnificence. Jean-Baptiste Riccioli jésuite, né en 1598, mort en 1671, s'est fait connoître par ses ouvrages astronomiques & chronologiques. Guy Bentivoglio cardinal, né en 1579, mort en 1644, au moment qu'il alloit être élevé sur le throne pontifical, a rendu sa plume célebre par son histoire des guerres civiles de Flandre, ses lettres, & ses mémoires qui sont des modeles de diction. (D. J.)","[['44 54\' 0"" N 29 11\' 30"" E']]",,"44 54' 0"" N 29 11' 30"" E","44 54' 0"" N 29 11' 30"" E"
v6-755-2,Ferté-Milon (la),"Ferté-Milon, (la) Géog.​ petite ville de l’île de France sur l’Ourque, uniquement remarquable par la naissance du célebre Racine, qui après avoir partagé le sceptre dramatique avec Corneille, est mort à Paris le 22 Avril 1699, âgé de 60 ans, & comblé de gloire dans la carriere qu’il a courue. Heureux s’il eût été aussi philosophe que grand poëte ! 20d40′. lat. 49d8′. (D. J.)​","[[""49 8' N 20 40' E""]]",,49 8' N 20 40' E,49 8' N 20 40' E
v6-799-0,FEURS ou FEUR,"FEURS ou FEUR, (Géog.)​ forum Segusianorum ; ancienne ville de France, capitale du haut-Forêt, sur la Loire, à 10 lieues sud-est de Roüane, 10 sud-oüest de Lyon, 95 sud-est de Paris. Long. 21. 53. 33. lat. 45. 44. 43. Joseph Guichard du Verney, célebre anatomiste, naquit à Feurs en 1648, & est mort à Paris en 1730. (D. J.)​","[['45 44\' 43"" N 21 53\' 33"" E']]",,"45 44' 43"" N 21 53' 33"" E","45 44' 43"" N 21 53' 33"" E"
v6-90-0,ETLINGEN,"ETLINGEN, (Géog. mod.)​ ville de la Suabe au marquisat de Bade, en Allemagne. Long. 27. 6. lat. 48. 55.","[[""48 55' N 27 6' E""]]",,48 55' N 27 6' E,48 55' N 27 6' E
v6-940-0,FISMES,"FISMES, ad fines, (Géogr.)​ ancienne petite ville de France en Champagne, remarquable par deux conciles qui s’y sont tenus ; l’un en 881, & l’autre en 935. C’est la patrie de mademoiselle Adrienne le Couvreur, la Melpomene de nos jours, enterrée sur les bords de la Seine ; mais, dit M. de Voltaire dans sa piece sur la mort de cette célebre actrice,



. . . . . . .Ce triste tombeau
Honoré par nos chants, consacré par ses manes,
Est pour nous un temple nouveau.


Fismes est sur la Vesle, à 6 lieues de Reims, 28 N. E. de Paris. Long. 21. 25. lat. 49. 18. (D. J.)​","[[""49 18' N 21 25' E""]]",,49 18' N 21 25' E,49 18' N 21 25' E
v6-989-12,Fleche (La),"Fleche, (La) Géogr.​ en latin Fisca, Fissa, Fixa Andegavorum, petite ville de France à l’extrémité de l’Anjou vers le Maine, sur le Loir. Les Jesuites y ont un magnifique college, fondé par Henri IV. en 1603, avec 7000 liv. de rentes annuelles sur le papegai de Bretagne. Ce collége pourroit se glorifier d’avoir été l’école de Descartes, si ce grand homme ne nous avertissoit lui-même qu’il commença par oublier ce qu’il y avoit appris. Longit. suivant Cassini, 17. 23. 30. lat. 47. 42.","[['47 42\' N 17 23\' 30"" E']]",,"47 42' N 17 23' 30"" E","47 42' N 17 23' 30"" E"
v7-1010-0,"GÉVALI, ou GASLE","GÉVALI, ou GASLE, Gevalia, (Géog.)​ est une ville de Suede, capitale de la Gestricie, proche le golphe de Bothnie, à 18 lieues N. O. d’Upsal, 26 N. O. de Stockholm, 14 E. de Coperberg. Long. 34. 50. lat. 60. 32. (D. J.)​","[[""60 32' N 34 50' E""]]",,60 32' N 34 50' E,60 32' N 34 50' E
v7-1014-0,GEX,"GEX, Gesium, (Géog.)​ petite ville de France dans le pays ou baronnie de Gex, au pié du mont Saint-Claude, qui fait la séparation du pays de Gex, de la Franche-Comté. Il est du gouvernement de Bourgogne, & du ressort du parlement de Dijon. Il n’y a rien d’important dans le pays de Gex, que le pas ou passage de l’Ecluse, autrement dit de la Cluse, servant de défense à l’entrée de Bugey & de la Bresse, par un fort creusé dans le roc, qui fait partie du Mont Jura, escarpé en cet endroit, & borné par le Rhone qui coule au pié.


La ville de Gex est située entre le Mont-Jura, le Rhone, le lac de Genève, & la Suisse, à 4 lieues N. O. de Genève. Long. 23d. 44. lat. 46. 20. (D. J.)​","[[""46 20' N 23 44' E""]]",,46 20' N 23 44' E,46 20' N 23 44' E
v7-1016-0,GÉZIRE,"GÉZIRE, (Géog.)​ on écrit aussi Gézirah, & il faut rappeller ici la remarque faite au mot Gézirah ; car elle s’applique à Gézire. C’est une ville d’Asie, au Diarbeck, dans une île formée par le Tigre, à 28 lieues N. O. de Mésul, & à 18 d’Amadie : elle est sous l’obéissance d’un Bey. Long. 58. 45. lat. 36. 30. (D. J.)​","[[""36 30' N 58 45' E""]]",,36 30' N 58 45' E,36 30' N 58 45' E
v7-1049-0,GIGLIO,"GIGLIO, Ægilium ou Igilium, (Géog.)​ petite île d’Italie sur la côte de Toscane, avec un château pour la défendre des corsaires. Elle est située au N. O. de l’île d’Elve, & fait partie de l’état de Sienne. Le portulan de la Méditerranée dit qu’elle est environ à 12 milles S. O. de la pointe de l’O. d’Argentaro, & lui donne 6 à 7 milles de longueur. Long. 28. 35. latit. 42. 24. (D. J.)​","[[""42 24' N 28 35' E""]]",,42 24' N 28 35' E,42 24' N 28 35' E
v7-1056-0,"GILLES, (Saint-)","GILLES, (Saint-) Sancti-Ægidii villa, Géogr.​ petite ville de France au bas Languedoc, un des deux grands prieurés de Malte dans la Langue de Provence, à 5 lieues O. d’Arles, 11 N. E. de Montpellier. Long. 22. 8. lat. 43. 40. (D. J.)​","[[""43 40' N 22 8' E""]]",,43 40' N 22 8' E,43 40' N 22 8' E
v7-1080-0,GIRGE,"GIRGE, Girgio, Girgium, (Géog.)​ ville considérable d’Afrique, capitale de la haute Egypte, proche le Nil, à dix lieues au-dessus de Said. Elle a sept grandes mosquées qui ont des minarets, huit grands basards couverts, & peut-être vingt mille habitans. On y vit pour rien ; son principal commerce consiste en blé, lentilles, feves, toiles & laines. Longit. 49. 50. lat. 25. 5. (D. J.)​","[[""25 5' N 49 50' E""]]",,25 5' N 49 50' E,25 5' N 49 50' E
v7-1097-0,GIUND,"GIUND, (Géog.)​ ville d’Asie dans la grande Tartarie au Turquestan, vers le Sihon, qui est le Jaxarre des anciens : Abulféda lui donne 78d4′. de long. elle a, selon quelques-uns, 43d30′. de latit. septentrionale. (D. J.)​","[[""43 30' N 78 4' E""]]",,43 30' N 78 4' E,43 30' N 78 4' E
v7-1129-0,GLATZ,"GLATZ, (Géog.)​ comté de Bohème fertile en eaux minérales : on y trouve quelques mines d’argent, du fer, du charbon de terre, & beaucoup de bois ; Glatz en latin moderne Glatinum, en est la ville capitale, & a pour sa défense un bon château sur la montagne. Elle est au bord de la Neisse & aux frontieres de la Silésie, à seize lieues S. O. de Breslaw, trente-six N. O. de Prague, cinquante-deux N. de Vienne. Longit. 34. 32. latit. 50. 25. (D. J.)​","[[""50 25' N 34 32' E""]]",,50 25' N 34 32' E,50 25' N 34 32' E
v7-1172-0,GLUCKSBOURG,"GLUCKSBOURG, Glucksburgum, (Géog.)​ petite ville de Danemark avec un fort dans le duché de Sleswick. Elle appartient aux ducs d’Holstein-Glucksbourg, & est le chef-lieu d’un bailliage du même nom dans le petit pays d’Angeln. Long. 27. 29. latit. 54. 38. (D. J.)​","[[""54 38' N 27 29' E""]]",,54 38' N 27 29' E,54 38' N 27 29' E
v7-1173-0,GLUCKSTADT,"GLUCKSTADT, Gluckstadium, (Géog.)​ ville moderne d’Allemagne dans le cercle de la basse Saxe, au duc de Holstein, avec une forteresse batie par Christian IV. de même que la ville en 1620. Elle est sujette au roi de Danemark, & est située sur l’Elbe à 87 lieues N. O. de Hambourg, 10 de Kiel, 12 de Lubek N. E. 20 de Bresme. Voyez Hermanides, Daniæ descript. long. 42. 45. lat. 53. 52. (D. J.)​","[[""53 52' N 42 45' E""]]",,53 52' N 42 45' E,53 52' N 42 45' E
v7-1199-0,GODAH,"GODAH, (Géog.)​ ville d’Asie dans l’Indoustan, fermée de murs, mais beaucoup moins florissante que dans le siecle passé, parce que le Raja qui gouverne hérite de tous ses sujets ; cependant sa situation à environ 20 lieues de Brampour, est admirable pour le commerce, & la terre y est très-fertile​ en blé, en coton & en pâturages. Longit. 95. 45. latit. 21. 50. (D. J.)​","[[""21 50' N 95 45' E""]]",,21 50' N 95 45' E,21 50' N 95 45' E
v7-122-0,FORGES,"FORGES, (Géog.)​ bourg de France dans la haute Normandie, uniquement connu par ses eaux minérales. Voyez la descrip. géog. & histor. de la haute Norm. Piganiol de la Force, descript. de la France, tom. V. Hist. de l’acad. des Sc. 1708. Forges est dans le petit pays de Bray, à neuf lieues N. O. de Roüen, quatre de Gournai, trois de Neufchâtel, vingt-cinq N. O. de Paris. Long. 19d. 15′. lat. 49d. 38′. (D. J.)​","[[""49 38' N 19 15' E""]]",,49 38' N 19 15' E,49 38' N 19 15' E
v7-1270-0,GORGONA,"GORGONA, (Géog.)​ petite île d’Italie dans la mer de Toscane, près de l’île de Capraïa, entre la côte du Pisan à l’est & l’île de Corse au sud : son circuit est d’environ trois lieues. Longit. 27. 35. latit. 43. 22. (D. J.)​","[[""43 22' N 27 35' E""]]",,43 22' N 27 35' E,43 22' N 27 35' E
v7-1293-0,GOTTINGEN,"GOTTINGEN, Gottinga, (Géogr.)​ ville d’Allemagne au duché de Brunswick, partage de l’électeur de Hanover à qui elle appartient aujourd’hui. Elle est sur la Leine, à 10 lieues nord-est de Cassel, 12 sud-oüest de Goslar. Long. 27. 40. latit. 51. 34.


Elle est la patrie de Cassel (Jean), savant littérateur, mort à Helmstad le 19 Avril 1613 âgé de 80 ans. (D. J.)​","[[""51 34' N 27 40' E""]]",,51 34' N 27 40' E,51 34' N 27 40' E
v7-1353-0,GRABOW,"GRABOW, (Géog.)​ petite ville de la basse Saxe au duché de Meckeibourg, sur le ruisseau de l’Elde, à deux milles d’Allemagne de Neustadt. Longit. 29. 35. lat. 53. 36.


Il y a deux autres petites villes de ce nom en Pologne ; l’une sur le Prosne au palatinat de Kalish ; l’ature au palatinat de Belz, près de la source du Wiepertz. (D. J.)​","[[""53 36' N 29 35' E""]]",,53 36' N 29 35' E,53 36' N 29 35' E
v7-1358-0,"GRACIEUSE, (la)","GRACIEUSE, (la) Géog.​ île de l’Océan atlantique, l’une des Açores, ainsi nommée à cause de la beauté de sa campagne, & de l’abondance de ses fruits. Elle est à 7 lieues N. O. de Tercere. Long. 330. 30. latit. 39. 20. (D. J.)​","[[""39 20' N 330 30' E""]]",,39 20' N 330 30' E,39 20' N 330 30' O
v7-1409-0,GRASSE ou GRACE,"GRASSE ou GRACE, en latin Grinnicum, (Géog.)​ petite ville de France en Provence, avec un évêché suffragant d’Embrun. Elle est sur une montagne, à six lieues O. de Nice, cinq N. O. d’Antibes, vingt-six N. E. d’Aix. Longit. 24. 36. 5. lat. 43. 39. 25. (D. J.)​","[['43 39\' 25"" N 24 36\' 5"" E']]",,"43 39' 25"" N 24 36' 5"" E","43 39' 25"" N 24 36' 5"" E"
v7-1427-6,Grave,"Grave, Gravia, (Géogr.)​ forte ville des Pays-Bas dans le Brabant hollandois. Elle est sur la rive gauche de la Meuse qui remplit ses fossés, à 2 lieues de Cuyk, à 3 de Nimegue, 6 de Bois-le-Duc, 26 N. E. de Bruxelles. Long. 23. 16. lat. 51. 46. (D. J.)​","[[""51 46' N 23 16' E""]]",,51 46' N 23 16' E,51 46' N 23 16' E
v7-1428-0,GRAVELINES,"GRAVELINES, (Géogr.)​ les Flamands l’appellent Grevelingen, en latin moderne Gravaringa, ville forte des Pays-Bas dans la Flandre françoise, sur la frontiere de l’Artois. Théodoric comte de Flandres la fit bâtir vers l’an 1160, & la nomma Nieuport. Voyez de Valois, notit. gall. page 266. Les fortifica-​tions sont du chevalier de Ville & du maréchal de Vauban. Les Anglois prirent Gravelines en 1383, & les François en 1644 : l’archiduc Léopold la reprit en 1652, & le maréchal de la Ferté en 1658. Elle fut cédée à la France par le traité des Pyrénées ; elle est dans un terrein marécageux sur l’Aa, près de la mer, à 5 lieues O. de Calais, 6 S. O. de Dunkerque, 16 S. O. de Gand. Long. suivant Cassini, 15d39′5″. latit. 50d58′40″. (D. J.)​","[['50 58\' 40"" N 15 39\' 5"" E']]",,"50 58' 40"" N 15 39' 5"" E","50 58' 40"" N 15 39' 5"" E"
v7-1431-0,GRAVESENDE,"GRAVESENDE, (Géogr.)​ petite ville d’Angleterre, dans la province de Kent, sur la Tamise, à 20 milles au-dessous de Londres, & à 7 de Rochester. C’est un port & passage très-fréquenté. Long. 17. 58. latit. 51. 30. (D. J.)​","[[""51 30' N 17 58' E""]]",,51 30' N 17 58' E,51 30' N 17 58' O
v7-1435-0,GRAVINA,"GRAVINA, (Géog.)​ petite ville d’Italie au royaume de Naples dans la terre de Barry, au pié des montagnes, avec un évêché suffragant de Matéra & titre de duché. On la croit la Pleyra des anciens ; son nom italien vient du mot françois ravine, parce qu’elle est assise sur une grande ravine. Elle est à 4 lieues N. de Matera, 10 S. O. de Barry. Long. 34. 10. latit. 41. 54. (D. J.)​","[[""41 54' N 34 10' E""]]",,41 54' N 34 10' E,41 54' N 34 10' E
v7-1492-0,GRIGNAN,"GRIGNAN, (Géog.)​ petite ville de Provence, ou plûtôt des annexes de la Provence, avec titre de comté, sur les confins du Dauphiné. Long. 22. 35. lat. 44. 25. (D. J.)​","[[""44 25' N 22 35' E""]]",,44 25' N 22 35' E,44 25' N 22 35' E
v7-1510-0,GRIMMEN,"GRIMMEN, (Géog.)​ ville ancienne de Poméranie, au duché de Bardt, à cinq milles d’Allemagne de Strahklsund : elle fut entourée de murailles l’an 1190. Long. 37. 45. lat. 54. 18. (D. J.)​","[[""54 18' N 37 45' E""]]",,54 18' N 37 45' E,54 18' N 37 45' E
v7-1548-0,GROSSEN,"GROSSEN, (Géog.)​ ville d’Allemagne dans la Silésie, avec titre de duché. Elle est au confluent du Bober & de Loder, à 16 lieues N. O. de Glogaw, 10 S. E. de Francfort sur l’Oder. Long. 32. 58. latit. 52. 2. (D. J.)​","[[""52 2' N 32 58' E""]]",,52 2' N 32 58' E,52 2' N 32 58' E
v7-1586-0,GUADALOUPE,"GUADALOUPE, aquæ Lupiæ, (Géog.)​ ville d’Espagne dans l’Estramadure, avec un célebre couvent d’Hieronymites, d’une structure magnifique & d’une richesse immense ; ils sont au nombre de cent vingt, & ont vingt-huit mille ducats de revenu pour leur entretien. La ville est sur le ruisseau de même nom à onze lieues de Truxillo. Long. 13. 15. lat. 39. 15. (D. J.)​","[[""39 15' N 13 15' E""]]",,39 15' N 13 15' E,39 15' N 13 15' O
v7-1594-0,GUAGOCINGO,"GUAGOCINGO, (Géog.)​ ville de l’Amérique septentrionale dans la Nouvelle Espagne, entre Puéblo de los Angelès & la ville de Mexico, à douze lieues S. E. de cette derniere. Long. 277. 10. latit. 19. 40. (D. J.)​","[[""19 40' N 277 10' E""]]",,19 40' N 277 10' E,19 40' N 277 10' O
v7-1601-0,"GUAM, autrement GUAN, ou GUAHAN","GUAM, autrement GUAN, ou GUAHAN, (Géog.)​ la premiere & la plus méridionale des îles des Larrons, ou, ce qui est la même chose, des îles Mariannes ; elle dépend des Espagnols qui y ont un petit fort avec sept canons, un gouverneur, & quelques soldats ; c’est-là que se viennent raffraîchir leurs vaisseaux des Philippines qui vont d’Acapulco à Manille ; mais pour le retour les vents ne leur laissent pas aisément reprendre cette route. Guam est à sept lieues de Rota ou Sarpana, suivant le P. Morales ; & suivant Wodes Rogers, à quarante lieues ; son terroir est rougeâtre & aride. Les principaux fruits qu’elle produit sont des pommes de pin, des melons d’eau, des melons musqués, des oranges, des citrons, des noix de cacao. Le vent regle y souffle toûjours du sud-est, excepté pendant la mousson de l’ouest, qui dure depuis la mi-Juin jusqu’à la mi-Août. Les habitans y sont presque tous naturels du pays ; leur teint est d’un brun olivâtre ; ils vont tout nuds, à la reserve d’un torchon qui leur pend au derriere, & les femmes y portent de petits jupons. Long. 157. 10. lat. 13. 25. (D. J.)​","[[""13 25' N 157 10' E""]]",,13 25' N 157 10' E,13 25' N 157 10' E
v7-1615-0,GUARDAFUI,"GUARDAFUI, (Géog.)​ capitale de l’Ethiopie en Afrique, sur la côte d’Abyssinie, à l’extrémité orientale du royaume d’Adel, & à l’entrée du détroit de Babel-Mandel. Long. 312. lat. 11. 40. (D. J.)​","[[""11 40' N 312 E""]]",,11 40' N 312 E,11 40' N 312 E
v7-1630-0,GUBEN,"GUBEN, Guba, (Géog.)​ petite ville d’Allemagne dans la basse Lusace, sur la Neiss, à 10 lieues S. O. de Francfort sur l’Oder, & 25 N. E. de Dresde. Long. 32. 34. lat. 51. 55.


Elle est la patrie des Kirch (Godefroy, & Christ-Fried) pere & fils, tous deux distingués par leurs observations & leurs ouvrages en Astronomie. (D. J.)​","[[""51 55' N 32 34' E""]]",,51 55' N 32 34' E,51 55' N 32 34' E
v7-1633-0,GUCHEU,"GUCHEU, (Géog.)​ ville de la Chine sur la riviere de Ta, dans la province de Quangsi, dont elle est la cinquieme métropole. La commodité des rivieres qui l’arrosent, y fait fleurir le commerce ; on recueille le cinnabre en abondance dans les montagnes de son territoire : mais ce qui vaut mieux, on y voit deux temples consacrés aux hommes illustres. Elle​est de 6d. 33′. plus occidentale que Pékin ; sa latit.
est de 24d. 2′. (D. J.)​","[[""24 2' N 6 33' W""]]",,24 2' N 6 33' W,24 2' N 6 33' O
v7-1657-0,GUETARIA,"GUETARIA, Menosca, (Géog.)​ petite ville d’Espagne, dans la province de Guipuscoa, avec un château & un port sur la mer de Biscaye. Long. 15. 12. latit. 43. 26.


C’est la patrie de Cano (Sebastien), ce fameux navigateur, qui fit le premier le tour du monde sous Magellan, & rentra dans Séville le 8 Septembre 1522, après trois ans un mois de navigation. (D. J.)​","[[""43 26' N 15 12' E""]]",,43 26' N 15 12' E,43 26' N 15 12' E
v7-1713-0,GUINES,"GUINES, (Géog.)​ petite ville de France en Picardie, située dans un pays marécageux, à deux lieues de la mer ; elle est capitale d’un petit comté qui faisoit autrefois partie de celui de Boulogne. Long. 19. 30. latit. 50. 57. (D. J.)​","[[""50 57' N 19 30' E""]]",,50 57' N 19 30' E,50 57' N 19 30' E
v7-1737-0,GUNTZENHAUSEN,"GUNTZENHAUSEN, (Géog.)​ petite ville d’Allemagne dans le cercle de Franconie, sur la riviere d’Atmal, près de Wissenbourg. Long. 28. 26. lat. 48. 58.


Elle n’est remarquable que par la naissance d’André Osiander, un des premiers sectateurs de Luther, & qui défendit sa doctrine par un grand nombre d’ouvrages. Il mourut en 1552, à 54 ans. Tous les gens de son nom se sont distingués dans la même carriere. (D. J.)​","[[""48 58' N 28 26' E""]]",,48 58' N 28 26' E,48 58' N 28 26' E
v7-174-0,FOSSANO,"FOSSANO, (Géog.)​ ville récente d’Iitalie dans le Piémont, avec une citadelle & un évêché suffragant de Turin : elle est sur la Sture, à deux lieues E. de Savillan, quatre N. E. de Côni, dix S. de Turin, onze S. E. de Pignerol. Longit. 25d23′. latit. 44d25′. (D. J.)​","[[""44 25' N 25 23' E""]]",,44 25' N 25 23' E,44 25' N 25 23' E
v7-185-0,FOTCHÉOU,"FOTCHÉOU, (Géog.) une des plus célebres villes de la Chine, capitale de la province de Fokien. Il y a un grand commerce, de beaux édifices publics & des ponts magnifiques. Elle est arrosée de la riviere de Min & des eaux de l'Océan. Son terroir abonde en litchi, lungyen & muiginli. Sa longitude suivant le P. Martini, qui place le premier méridien au palais de Pekin, est 2d. 40'. latit. 25d. 58. orient. (D. J.)","[[""25 58' N 2 40' E""]]",['Pékin'],25 58' N 2 40' E,25 58' N 2 40' E
v7-19-0,FOKIEN,"FOKIEN, (Géog.)​ province maritime de la Chine, & la onzieme de cet empire. Elle a l’océan des Indes à l’est & au sud-est ; la province de Quanton, au sud-ouest ; celle de Kiansi à l’ouest, & celle de Tchekian, au nord, selon M. de Lisle. V. le P. Martini dans son Atlas de la Chine. Long. 134. 139. lat. 23. 30. 28. (D. J.)​","[['23 30\' 28"" N 134 139\' E']]",,"23 30' 28"" N 134 139' E","23 30' 28"" N 134 139' E"
v7-285-1,Francfort sur l'Oder,"Francfort sur l'Oder, (Géog.) ville & université d'Allemagne dans la moyenne Marche de Brandebourg, autrefois impériale, à-présent sujette au roi de Prusse. Elle est à environ vingt-deux milles d'Allemagne S. de Stetin, quinze milles S. E. de Berlin, vingt-quatre milles N. E. de Wirtemberg, soixante-dix milles N. O. de Vienne, selon Sreet. Longit. 32. 26. 15. latir. 52. 22. o. (D. J.)","[['52 22\' 0"" N 32 26\' 15"" E']]",,"52 22' 0"" N 32 26' 15"" E","52 22' N 32 26' 15"" O"
v7-361-0,FREUDENBERG,"FREUDENBERG, (Géog.)​ petite ville en Franconie, située sur le Mein ; elle appartient à l’évêque de Vurtzbourg. Long. 23. 16. 30. lat. 49. 38 (D. J.)​","[['49 38\' N 23 16\' 30"" E']]",,"49 38' N 23 16' 30"" E","49 38' N 23 16' 30"" E"
v7-367-0,FRIAS,"FRIAS, (Géog.)​ petite ville de la Castille vieille en Espagne, avec titre de duché, sur l’Ebre. Long. 14. 5. latit. 42. 48. (D. J.)​","[[""42 48' N 14 5' E""]]",,42 48' N 14 5' E,42 48' N 14 5' E
v7-368-1,Fribourg,"Fribourg, Friburgum, (Géog.)​ ville de Suisse forte par sa situation, capitale du canton de même nom, fondée par Berchtold IV. duc de Zeringhen en 1176 ; elle fut reçûe au nombre des cantons en 1481. On​ sait que son canton est un des treize qui composent la confédération des Suisses, & dont le gouvernement est proprement aristocratique. Voyez l’histoire des Suisses ; Longuerue ; & Heiss. hist. de l’Empire, liv. VI. La ville de Fribourg est sur le penchant d’une montagne raboteuse, arrosée de la Sane, à 7 lieues S. O. de Berne, 12 N. E. de Lausanne, 14 S. O. de Soleure, 30 S. O. de Zurich. Longit. 25. latit. 46. 50. (D. J.)​","[[""46 50' N 25 E""]]",,46 50' N 25 E,46 50' N 25 E
v7-445-0,"FUESSEN, ou FUSSER","FUESSEN, ou FUSSER, en latin Fucena, & par quelques-uns, Abudiacum, (Géog.)​ petite ville d’Allemagne dans l’évêché d’Augsbourg en Soüabe sur le Leck, à seize lieues S. O. d’Ausbourg. Voyez Zeyler, suev. topogr. Longit. 34d. 10′. latit. 47d. 15′. (D. J.)​","[[""47 15' N 34 10' E""]]",,47 15' N 34 10' E,47 15' N 34 10' E
v7-485-0,FUNGMA,"FUNGMA, (Géog.)​ île d’Asie, au sud du royaume de Corée, à l’E. de l’embouchure de la riviere Jaune, & à l’O. de Firando, île du Japon. Les tables hollandoises donnent à la pointe occidentale de Fungma 146d15′ de long. & 34d30′ de lat. M. de Lisle retranche les 30 minutes de lat. dans sa carte des Indes & de la Chine, & remarque que cette île s’appelle aussi Guelpaerts. (D. J.)​","[[""34 30' N 146 15' E""]]",,34 30' N 146 15' E,34 30' N 146 15' E
v7-696-0,GANFO,"GANFO, (Géogr.)​ ville de la Chine dans la province de Kiangsi, au département de Kiegan, neuvieme métropole de cette province. Elle est de 3d10′. plus occidentale que Pekin, & sa latitude est de 27d55′. (D. J.)​","[[""27 55' N 3 10' W""]]",['Pékin'],27 55' N 3 10' W,27 55' N
v7-74-0,FONTENAY-LE-COMTE,"FONTENAY-LE-COMTE, (Géog.)​ petite ville de France, capitale du bas Poitou, située sur la Verdée, à environ 6 lieues de la mer, à 4 lieues N. E. de la Rochelle, à 5 N. de Marans. Long. 15. 42. latit. 46. 30. (D. J.)​","[[""46 30' N 15 42' E""]]",,46 30' N 15 42' E,46 30' N 15 42' E
v7-744-0,GARED,"GARED, (Géog.)​ nouvelle petite ville d’Afrique​ dans la Barbarie, au royaume de Maroc, dans la province de Suz, remarquable par ses moulins à sucre. Elle a été bâtie par le cherif Abdalla qui regnoit du tems de Marmol. Long. 8. 40. lat. 29. 11. (D. J.)​","[[""29 11' N 8 40' E""]]",,29 11' N 8 40' E,29 11' N 8 40' E
v7-76-0,FONTEVRAUD,"FONTEVRAUD, (Géog.​ & hist. monast.​) Font-Evraud, & suivant Ménage, Fontevaux, Font-Ebraldi, est un bourg en Anjou à trois lieues de Saumur. Long. 17. 41. 54. latit. 47. 10. 47.


Ce bourg n’est cependant connu que par une célebre abbaye de filles, chef d’ordre érigée par le bienheureux Robert d’Arbrissel, né en 1047, & mort en 1117 ; personnage trop singulier, pour ne pas rappeller dans cette occasion un petit mot de sa mémoire & de l’ordre qu’il fonda.


Après avoir fixé ses tabernacles à la forêt de Fontevraud, il prit l’emploi de prédicateur ambulant, & parcourut nuds-piés les provinces du royaume, afin d’exhorter principalement à la pénitence les femmes débauchées, & les attirer dans son cloître de Marie-Magdeleine. Il y réussit merveilleusement, fit en ce genre de grandes conversions, & entr’autres celle de toutes les filles de joie qu’il trouva dans un lieu de débauche à Rouen, où il étoit entré pour y annoncer la parole de vie. On sait encore qu’il persuada à la reine Bertrade, si connue dans l’histoire, de prendre l’habit de Fontevraud, & qu’il eût le bonheur d’établir son ordre par toute la France.


Le pape Paschal II. le mit sous la protection du saint siége en 1106, le confirma par une bulle en 1113, & ses successeurs lui ont accordé de magnifiques priviléges. Robert d’Arbrissel en conféra quelque tems avant sa mort le généralat à une dame nommée Pétronille de Chemillé ; mais il ne se contenta pas seulement de vouloir que son ordre pût tomber en quenouille, il voulut de plus qu’il y tombât toûjours, & que toûjours une femme succédât à une autre femme dans la dignité de chef de l’ordre, commandant également aux religieux comme aux religieuses.


Il n’y a rien sans doute de plus singulier dans le monde monastique, que de voir tout un grand ordre composé des deux sexes, reconnoître une femme pour son général ; c’est néanmoins ce que font les moines & les nones de Frontevraud, en vertu de l’institut du fondateur. Ses volontés ont été exécutées, & même avec un éclat surprenant ; car parmi les trente-quatre ou trente-cinq abbesses qui ont succédé jusqu’à ce jour (1756) à l’heureuse Pétronille de Chemillé, on compte quatorze princesses, & dans ce nombre, cinq de la maison de Bourbon.


L’ordre de Fontevraud est divisé en quatre provinces, qui sont celles de France, d’Aquitaine, d’Auvergne, & de Bretagne. Il y a quinze prieurés dans la premiere, quatorze dans la seconde, quinze dans la troisieme, & treize dans la quatrieme. C’est sur cet ordre, si l’on veut satisfaire pleinement sa curiosité, qu’il faut lire Sainte-Marthe dans le IV. vol. du Gallia christiana, & sur-tout l’ouvrage du P. de la Mainferme, religieux de Fontevraud, intitulé Clypeus ordinis Fontebraldensis. Le premier volume fut imprimé en 1684, le second en 1688, le troisie-​me en 1692 ; & il faut joindre à cette lecture, celle de l’article de Fontevraud dans la derniere édition du Dictionnaire de Bayle. (D. J.)​","[['47 10\' 47"" N 17 41\' 54"" E']]",,"47 10' 47"" N 17 41' 54"" E","47 10' 47"" N 17 41' 54"" E"
v7-853-0,GEISLENGEN,"GEISLENGEN, (Géog.)​ ville impériale d’Allemagne dans la Soüabe, à 7 lieues nord-oüest d’Ulm. Long. 27. 37. latit. 48. 38. (D. J.)​","[[""48 38' N 27 37' E""]]",,48 38' N 27 37' E,48 38' N 27 37' E
v7-973-0,GERGENTI,"GERGENTI, Agrigentinum, (Géog.)​ ville d’Italie dans la Sicile, avec un château qui la défend du seul côté où elle soit accessible, & un évêché suffragant de Palerme, à trois milles de la mer. Elle est dans la vallée de Mazara, à vingt-quatre lieues sud-oüest de Mazara, vingt sud-est de Palerme. Longit. 31. 21. lat. 47. 23.


Elle a pris son nom de la ville d’Agrigente, des ruines de laquelle elle s’est formée, quoiqu’elle ne soit pas précisément sur le même terrein. Voy. Agrigente au supplém. de l’Encyclopédie ; car on ne négligera rien pour perfectionner cet Ouvrage. (D. J.)​","[[""47 23' N 31 21' E""]]",,47 23' N 31 21' E,47 23' N 31 21' E
v7-985-0,GERNSHEIM,"GERNSHEIM, (Géog.)​ petite ville d’Allemagne sur le Rhin, sujette au Landgrave de Darmstadt. Elle est à 4 lieues N. E. de Worms, & à autant S. O. de Darmstadt. Long. 26. 6. lat. 49. 44. (D. J.)​","[[""49 44' N 26 6' E""]]",,49 44' N 26 6' E,49 44' N 26 6' E
v7-99-0,FORCHEIMB,"FORCHEIMB, (Géog.)​ en latin Vorchemium, ville d’Allemagne fortifiée, en Franconie, dans l’évêché de Bamberg, sur la riviere de Rednitz, à six lieues S. E. de Bamberg, huit de Nuremberg. Voyez Zeyler, Francon. topograp. Long. 28d. 40. lat. 49d. 44. (D. J.)​","[[""49 44' N 28 40' E""]]",,49 44' N 28 40' E,49 44' N 28 40' E
v8-1027-0,HOMAGUES (les),"HOMAGUES s. m. (les) Géog.​ peuple de l’Amérique méridionale, sur la riviere des Amazones, à l’orient du Pérou, & du pays de los Pacamores. La province qu’habite ce peuple, passe pour la plus grande & la meilleure de toutes celles qui sont le long de la riviere des Amazones ; sa longueur est de 200 lieues, & les habitations assez fréquentes. M. de Lisle nomme ce pays île des Omaguas, ou Aguas, vers les 310d. de long. & les 3d. 20′. de latit. méridionale. Voyez quelques autres détails à Omaguas. (D. J.)​","[[""3 20' S 310 E""]]",,3 20' S 310 E,3 20' S 310 O
v8-1122-0,HORN,"HORN, (Géogr.)​ petite ville d’Allemagne dans la basse Autriche, sur les confins de la Moravie, à quinze lieues nord-est de Vienne. Long. 35. 20. lat. 48. 25. (D. J.)​","[[""48 25' N 35 20' E""]]",,48 25' N 35 20' E,48 25' N 35 20' E
v8-1149-0,HOSI,"HOSI, (Géog.) ville de la Chine, dans la province de Junnan, au département de Lingan, & la troisieme métropole de cette province. Elle est, dit Martinius dans son Atlas Chinois, de 14d 29'plus occidentale que Pékin, à 24d 10'de latitude. (D. J.)","[[""24 10' N 14 29' W""]]",['Pékin'],24 10' N 14 29' W,24 10' N 14 29' O
v8-118-0,HALABAS,"HALABAS, (Géog.)​ ville d’Asie dans l’Indoustan, capitale d’une province de même nom ; elle est sur le Gange, sujette au Mogol, à cinquante lieues S. E. d’Agra. Thevenot en parle au long dans son voyage des Indes, chap. xxxviij & prétend que c’est la Chrysobacra de Pline. Le grand mogol Akébar s’en rendit maître, après avoir subjugué le royaume de Bengale, & y fit bâtir une forte citadelle. Long. 100. 35. lat. 26. 30. (D. J.)​","[[""26 30' N 100 35' E""]]",,26 30' N 100 35' E,26 30' N 100 35' E
v8-120-0,HALBERSTADT,"HALBERSTADT, Halberstadium, (Géog.)​ ville d’Allemagne dans le cercle de basse-Saxe, capitale d’un évêché sécularisé, & réduit en principauté par le traité de Westphalie, dont joüit la maison de Brandebourg. La ville est agréablement située sur la petite riviere de Hotheim, à treize de nos lieues S. E. de Brunswick, onze S. O. de Magdebourg, douze N. O. de Mansfeld. La principauté de Halberstadt est enfermée dans le duché de Brunswig, le duché de Magdebourg, & la principauté d’Anhalt. Long. 33. 8. lat. 52. 6.


Halberstadt est la patrie d’Arnisæus (Henningus), philosophe & medecin estimé au commencement du dix-septieme siecle. On fait en général beaucoup de cas de ses ouvrages de politique ; il établit dans la plûpart un dogme directement opposé à celui d’Althusius, savoir que l’autorité des princes ne doit jamais être violée par le peuple ; il mourut en 1635. (D. J.)​","[[""52 6' N 33 8' E""]]",,52 6' N 33 8' E,52 6' N 33 8' E
v8-1219-0,HOXTER,"HOXTER, (Géog.)​ Huxaria, petite ville d’Allemagne dans la Westphalie, sur le Weser, aux confins du Duché de Brunswich, à 1 lieue N. O. de Corwey, 10 N. E. de Paderbon. Long. 27. lat. 51, 50. (D. J.)​","[[""51 50' N 27 E""]]",,51 50' N 27 E,51 50' N 27 E
v8-1239-0,HUDWICHWALD,"HUDWICHWALD, (Géog.)​ ville maritime de Suede, capitale de l’Helsingie, sur la côte orientale du golfe de Bothnie, entre les îles d’Agan & de Holsoon. Long. 36. 10. latit. 60. 40. (D. J.)​","[[""60 40' N 36 10' E""]]",,60 40' N 36 10' E,60 40' N 36 10' E
v8-147-3,Halle,"Halle, (Géog.)​ petite ville démantelée des Pays-Bas Autrichiens dans le Hainaut, & sur les confins du Brabant. Ce lieu prend son nom de l’église de Notre-Dame, qui en est la tutélaire, & qu’on appelle vulgairement Notre-Dame-de-Halle, ou de-Hau. Juste Lipse qui a écrit l’histoire des présens que​l’ancienne dévotion a valu à cette église, pendit pour son offrande une plume d’argent devant l’autel. Halle fut pillée par les François en 1691 ; elle est sur la Zinne, à dix lieues N. E. de Mons, trois S. O. de Bruxelles. Long. 21. 50. lat. 50. 44. (D. J.)​","[[""50 44' N 21 50' E""]]",,50 44' N 21 50' E,50 44' N 21 50' E
v8-1578-0,JACCA,"JACCA, (Géog.)​ ancienne ville d’Espagne, au royaume d’Arragon, avec un évêché suffragant de Sarragosse, & une forteresse ; elle est sur la riviere d’Arragon au pié des Pyrénées, à 8 lieues N. O. d’Huesca, 10 N. E. de Sarragosse. Ptolomée en parle, & elle a conservé son nom sans aucun changement. Long. 17. 16. lat. 42. 22. (D. J.)​","[[""42 22' N 17 16' E""]]",,42 22' N 17 16' E,42 22' N 17 16' O
v8-1586-0,JACI d'Aquila,"JACI d’Aquila, (Géog.)​ petite ville maritime de Sicile sur la côte orientale, entre le golphe de sainte-Thecle & Ponta Sicca, à mi-chemin de Catane à Tavormina. Long. 33. 2. lat. 37. 42. (D. J.)​","[[""37 42' N 33 2' E""]]",,37 42' N 33 2' E,37 42' N 33 2' E
v8-1611-0,JAFANAPATAN,"JAFANAPATAN, (Géog.)​ ville forte des Indes orientales, capitale d’un royaume ou d’une presqu’île de même nom, dans l’île de Ceylan. Les Hollandois la prirent sur les Portugais le 21 Juin 1658, & depuis ce tems-là elle leur est demeurée. Long. 98. lat. 9. 30. (D. J.)​","[[""9 30' N 98 E""]]",,9 30' N 98 E,9 30' N 98 E
v8-170-0,"HALPO, ou HALAPO","HALPO, ou HALAPO, (Géog.)​ ville de l’Amérique dans la Nouvelle Espagne, dans la province de Tabasco, & sur la riviere de ce nom, à 3 lieues au-dessus d’Estapo ; elle est passablement riche & habitée par des Indiens. Longit. 273. 40. latit. 17. 48. (D. J.)​","[[""17 48' N 273 40' E""]]",,17 48' N 273 40' E,17 48' N 273 40' E
v8-1712-0,JANOWITZ,"JANOWITZ, (Géog.)​ petite ville de Bohème au cercle de Kaurschim, fameuse par la bataille de 1645, où le général suédois Torstenson défit les Impériaux. Elle est à six milles de Prague, en allant vers la Moravie. Long. 32. 28. latit. 5. 12. (D. J.)​","[[""5 12' N 32 28' E""]]",,5 12' N 32 28' E,5 12' N 32 28' E
v8-1724-0,JAOCHEU,"JAOCHEU, (Géog.)​ ville de la Chine dans la province de Kiangsi, dont elle est la seconde métropole. Son territoire fournit presque toute la vaisselle de porcelaine dont se servent les Chinois. Elle est plus occidentale que Pékin de 32d. & est à 29. 40. de latitude. (D. J.)​","[[""29 40' N 32 W""]]",['Pékin'],29 40' N 32 W,29 40' N
v8-1750-0,JARGEAU ou GERGEAU,"JARGEAU ou GERGEAU, (Géog.)​ ancienne ville de France dans l’Orléannois sur le bord méridional de la Loire, avec un pont qui faisoit un passage important durant les guerres civiles. Le roi Charles VII. tint ses grands jours dans cette ville en 1430, & Louis XI. y maria sa fille Jeanne de France avec Pierre de Bourbon comte de Beaujeu, le 3 de Novembre 1473. Jargeau n’est pas le Gergovia de César, mais elle est connue sous le nom de Gergosilum dans le 9e siecle ; & dans le 10e, elle appartenoit à l’église d’Orléans ; aussi l’évêque d’Orléans en est encore le seigneur temporel ; elle est à 4 lieues S. E. d’Orléans, 28 S. O. de Paris. Long. 19. 45. lat. 47. 50. (D. J.)​","[[""47 50' N 19 45' E""]]",,47 50' N 19 45' E,47 50' N 19 45' E
v8-176-0,HALVA,"HALVA, (Géog.)​ petite ville d’Afrique au royaume de Fez, sur les bords du Cébu, à trois lieues de Fez. Long. 13. 40. latit. 33. 30. (D. J.)​","[[""33 30' N 13 40' E""]]",,33 30' N 13 40' E,33 30' N 13 40' E
v8-178-0,HALY,"HALY, (Géog.)​ ville d’Afrique dans l’Arabie heureuse, sur les confins de l’Yémen, du côté de Hégias. Long. 60. latit. 19. 40. (D. J.)​","[[""19 40' N 60 E""]]",,19 40' N 60 E,19 40' N 60 E
v8-1865-0,IDANHA-VELHA,"IDANHA-VELHA, (Géog.)​ c’est-à-dire Idanha la vieille, ville de Portugal dans la province de Béira ; elle fut prise d’assaut par les Irlandois en 1704 ; elle est sur le Ponsul, à dix lieues N. E. de Castel Branco, huit N. O. d’Alcantara. Long. 11. 32. lat. 39. 46. (D. J.)​","[[""39 46' N 11 32' E""]]",,39 46' N 11 32' E,39 46' N 11 32' E
v8-1886-0,IDSTEIN,"IDSTEIN, (Géog.)​ bourg ou petite ville d’Allemagne, dans la Wétéravie, résidence d’une branche de la maison de Nassau, à qui elle appartient ; elle est à 5 lieues N. E. de Mayence. Long. 25. 33. lat. 50. 9. (D. J.)​","[[""50 9' N 25 33' E""]]",,50 9' N 25 33' E,50 9' N 25 33' E
v8-1892-6,"Jean de Lône, S.","Jean de Lône, S. (Géog.)​ petite ville de France en Bourgogne, dans le Dijonois, chef lieu du bailliage de même nom, & la sixieme qui députe aux états. Les armées de l’empereur, du roi d’Espagne, & du duc Charles de Lorraine, formant 80 mille hommes, furent contraintes d’en lever le siege en 1635. Louis XIII. par reconnoissance lui accorda une exemption perpétuelle de tailles, taillons, & de tous autres subsides en 1636. Peut-être que le nom qu’elle porte lui vient d’un temple que Latone avoit dans l’endroit où elle est située ; c’est sur la Saône, à 6 lieues S. de Dijon, 3 d’Auxonne, 62 S. E. de Paris. Long. 22. 44. lat. 47. 10. (D. J.)​","[[""47 10' N 22 44' E""]]",,47 10' N 22 44' E,47 10' N 22 44' E
v8-2010-0,ILEUSUGAGUEN,"ILEUSUGAGUEN, (Géog.)​ ville forte d’Afrique au royaume de Maroc, dans la province d’Héa, sur une montagne à trois lieues de Hadequis. Long. 8. 28. lat. 30. 40. (D. J.)​","[[""30 40' N 8 28' E""]]",,30 40' N 8 28' E,30 40' N 8 28' E
v8-2021-0,ILKUSCH,"ILKUSCH, Ilcussum, (Géog.)​ ville royale de Pologne au palatinat de Cracovie, remarquable par ses mines d’argent, mêlées avec du plomb ; il est bon d’observer ici, que les mines ne sont point entiérement du droit royal en Pologne ; elles appartiennent au seigneur sur la terre duquel elle se rencontrent, & ce seigneur en fait quelque reconnoissance au roi ; mais les mines qui sont sur les terres​ de la couronne, comme par exemple, celles d’Ilkusen se partagent entre le roi, le palatin & l’évêque ; cette ville est dans un pays ingrat, au pié de plusieurs montagnes, à six lieues N. O. de Cracovie. Long. 37. 35. lat. 50. 26. (D. J.)​","[[""50 26' N 37 35' E""]]",,50 26' N 37 35' E,50 26' N 37 35' E
v8-2033-0,ILLOCK,"ILLOCK, (Géog.)​ petite ville de la basse-Hongrie dans l’Esclavonie. Elle est sur le Danube, à 2 lieues de Peterwaradin, 8 S. E. d’Issek, 30 N. O. de Belgrade. Long. 37. 45. lat. 45. 30. (D. J.)​","[[""45 30' N 37 45' E""]]",,45 30' N 37 45' E,45 30' N 37 45' E
v8-204-0,HAMIZ-MÉTAGARA,"HAMIZ-MÉTAGARA, (Géog.)​ ville d’Afrique dans la Barbarie, au royaume de Fez, remarquable par ses jardins où l’on nourrit des vers à soie. Long. 13. 48. lat. 33. 36. (D. J.)​","[[""33 36' N 13 48' E""]]",,33 36' N 13 48' E,33 36' N 13 48' E
v8-2050-0,"ILST, ELZA","ILST, ELZA, (Géog.)​ petite ville des Provinces-Unies, dans la Frise, au Westergoo, à deux lieues du Zuidersée, à quatre lieues de Leuwarden. Long. 23. 8. lat. 53. 3.


Quatre freres nommés Popma Ausone, Sixte, Tite & Cyprien, tous quatre nés à Ilst, ont tous quatre cultivé le même goût pour les Belles-Lettres, ce qui est très-rare dans une famille, & ont tous quatre été auteurs ; mais l’aîné Ausone Popma paroît s’être le plus distingué par son érudition, en qualité de grammairien ; voyez, sur ces ouvrages, Valere André, Suffridus Petri, Scioppius & Baillet. (D. J.)​","[[""53 3' N 23 8' E""]]",,53 3' N 23 8' E,53 3' N 23 8' E
v8-250-0,HARBERT,"HARBERT, Salamboria, (Géog.)​ ville d’Asie dans le Diarbek, proche d’Amid, sous la domination du turc, avec un archevêque arménien & un archevêque syrien. Long. 54. 21. Lat. 40. 55. (D. J.)​","[[""40 55' N 54 21' E""]]",,40 55' N 54 21' E,40 55' N 54 21' E
v8-253-0,HARBOURG,"HARBOURG, Harburgum, (Géog.)​ ville d’Allemagne dans le cercle de la basse Saxe, au duché de Lunebourg, dans l’électorat d’Hanovre avec un fort château pour sa défense. Elle est sur l’Elbe, à 6 lieues S. O. de Hambourg, 15 N. O. de Lunebourg. Long. 27. 16. lat. 53. 34. D. J.)​","[[""53 34' N 27 16' E""]]",,53 34' N 27 16' E,53 34' N 27 16' E
v8-2537-0,INSTADT,"INSTADT, (Géog.)​ petite ville d’Allemagne sur le Danube, près de Passau, dont elle est seulement séparée par l’Inn, à son confluent. Long. 31. 15. lat. 48. 25. (D. J.)​","[[""48 25' N 31 15' E""]]",,48 25' N 31 15' E,48 25' N 31 15' E
v8-259-0,HARDERWIK,"HARDERWIK, Harderwicum, (Géog.)​ ville des​Provinces-Unies dans la Gueldres, au quartier d’Arnheim, avec une université. Elle est sur le Zuiderzée, à 8 lieues N. O. d’Arnheim, 7 N. E. d’Amersfort, 12 N. O. de Nimegue, 13 E. d’Amsterdam. Les annales de Gueldres en mettent la fondation à l’an 1230, & c’est tout au plus tard. L’université a été érigée le 12 Avril 1648. Long. 23. 12. lat. 52. 24. (D. J.)​","[[""52 24' N 23 12' E""]]",,52 24' N 23 12' E,52 24' N 23 12' E
v8-2684-0,INVERLOCHY,"INVERLOCHY, (Géog.)​ petite ville d’Ecosse, fortifiée par Guillaume III. & où l’on entretient une garnison. On l’appelle autrement le Fort Guillaume ; elle est située dans la province de Lochabir, au bord d’un grand lac, à 32 lieues d’Edinbourg, 120 lieues N. O. de Londres. Long. 12. 26. lat. 57. 8. (D. J.)​","[[""57 8' N 12 26' E""]]",,57 8' N 12 26' E,57 8' N 12 26' E
v8-2727-0,JOINVILLE,"JOINVILLE, (Géog.)​ petite ville de France en Champagne, dans le Vallage, avec titre de principauté érigée en 1552.


Ceux qui donnent à cette ville une grande ancienneté, & qui en font remonter l’origine à Jovin, lieutenant de Valentinien, empereur d’Occident, l’ont nommée Jovini villa ; ceux au contraire qui rapprochent son origine au siecle de Louis le Gros, c’est-à-dire au XII siecle, & je crois qu’ils ont raison, l’appellent Johannis villa. Elle est sur la Marne, à 6 lieues de S. Dizier, 28. S. E. de Reims, 10 S. O. de Bar-le-Duc, 50 S. E. de Paris. Long. 22. 45. lat. 48. 20.


Charles de Lorraine, cardinal, nâquit à Joinville​ le 17 Février 1529 ; on ne peut s’empêcher de vouloir le connoître, quand on considere que cette connoissance fait celle de trois regnes consécutifs, les plus intéressans de notre histoire ; ainsi j’espere qu’on m’excusera, si je m’étends un peu à peindre un homme qui a joué sous ces trois regnes un si grand rôle, & dont la naissance a été si funeste à l’état.


Doué par la nature de grandes qualités, il ne chercha qu’à satisfaire son ardeur insatiable d’acquérir des biens & des honneurs ; il s’insinua par de basses complaisances dans la faveur de la duchesse de Valentinois, maîtresse de Henri II, & qui menoit tout à sa volonté ; son crédit devint sans bornes sous François II, car lui & le duc de Guise, son frere, gouvernoient le royaume à leur fantaisie ; en 1558, ils entammerent des conférences secretes à Péronne avec Granvelle, évêque d’Arras, pour la ruine des Colignis & de leur parti.


La crainte qu’eut le pape d’un concile national en France, l’obligea d’assembler en 1562 un concile général à Trente ; le cardinal de Lorraine s’y rendit avec un train d’une magnificence incroyable ; les légats, les évêques de l’assemblée, les ambassadeurs des ministres étrangers, allerent au-devant de lui pour le recevoir ; sa puissance, son cortège, son génie, causerent de l’ombrage & de la jalousie au pontife de Rome ; il ramassa ses forces, & saisi de crainte, il pria Philippe de le soutenir dans le concile.


Le rang & le pouvoir du cardinal de Lorraine étoient portés si loin, que le connétable Anne de Montmorency lui écrivoit Monseigneur, & signoit, votre très-humble & très-obéissant serviteur ; & le cardinal écrivoit Monsieur le Connétable, & au bas, votre bien bon ami. A la mort de son frere le duc de Guise qu’il apprit étant à Trente, il ne songea qu’à s’accommoder avec le pape, ne soutint plus les libertés de l’église gallicane, & trouva convenable, pour les intérêts de sa maison, de s’humaniser avec sa sainteté.


A son retour de Trente, on lui accorda des gardes, qui non-seulement eurent ordre de l’accompagner jusques dans le Louvre, mais encore de ne le pas quitter à l’autel, & de mêler ainsi l’odeur de la méche parmi l’odeur de l’encens & des parfums sacrés ; privilege assez semblable à celui qu’obtint depuis le cardinal de Richelieu.


En 1572, il se rendit à Rome pour entretenir le pape des grands projets qu’il avoit concertés avec la reine-mere, dont le principal étoit le massacre de la S. Barthélemi ; il fit compter mille écus d’or à un gentilhomme du duc d’Aumale, qui lui en apporta la nouvelle, & se rendit en procession à l’église de S. Louis, où il célébra la messe à ce sujet avec une pompe superbe. Il revint en France en 1574, assista à une des processions de pénitens, établie par Henry III, y prit du froid, de la fievre, & mourut le 23 Décembre, âgé de 55 ans.


Plongé dans la galanterie pendant tout le cours de sa vie, il séduisoit les femmes par sa figure, par son esprit, & plus encore par ses présens. « J’ai oui conter, dit Brantôme, que quand il arrivoit à la cour quelque fille ou dame qui fût belle, il la venoit accoster, & lui disoit qu’il la vouloit dresser ; aussi y en avoit-il peu qui ne fussent obligées de ceder à ses largesses, & peu ou nulles sont-elles sorties de cette cour femmes ou filles de bien »…


Il n’eut pas son égal en dépenses fasteuses, qui accompagnoient toutes ses actions, & s’étendoient même sur les pauvres & les mendians. Son valet de chambre, qui manioit son argent des menus plaisirs, portoit une grande gibeciere qu’il remplissoit tous les matins de trois ou quatre cent écus, & les​distribuoit aux pauvres qu’il rencontroit ; & ce qu’il en tiroit, le donnoit sans y rien trier…


La fierté avec laquelle il traita la duchesse de Savoie, en la baisant par force, peint son orgueil & son amour-propre. « Est-ce avec moi, lui dit-il, qu’il faut user de cette mine & façon, je baise bien la reine ma maîtresse, qui est la plus grande reine du monde, & vous, je ne vous baiserois pas, qui n’êtes qu’une petite duchesse crottée »…


La violence de son caractere s’exerça contre les protestans de France, tandis qu’il pensionnoit par politique les protestans d’Allemagne ; l’insulte qu’il reçut en sortant de la maison d’une courtisane, l’obligea à faire aller toute la cour à Saint-Germain, malgré l’ancienne coutume ; & la ridicule prédiction d’un astrologue, qu’il seroit tué d’un arme à feu, l’engagea à faire défendre tout port d’armes sous le regne de François II. Ajouterai-je ici qu’on a trouvé dans les archives de Joinville, une indulgence en expectative pour ce cardinal & douze personnes de sa suite, laquelle indulgence remettoit à chacun d’eux par avance trois péchés à la fois. (D. J.)​","[[""48 20' N 22 45' E""]]",,48 20' N 22 45' E,48 20' N 22 45' E
v8-2881-13,"Isle-Jourdain, l'","Isle-Jourdain, l’ (Géog.)​ Castellum Ictium, petite ville de France dans le bas-Armagnac avec titre de comté. M. l’abbé de Longuerue n’a pas dédaigné d’en faire l’histoire dans sa description de la France, tom. I. pag. 197. Long. 18. 45. lat. 43. 40. (D. J.)​","[[""43 40' N 18 45' E""]]",,43 40' N 18 45' E,43 40' N 18 45' E
v8-2881-15,Isle de Jean Mayen,"Isle de Jean Mayen, (Géog.) île de l'Océan septentrional, au nord des îles de Féro, au levant du Groenland, vers le 71 deg. de lat. & le 13 de long. Elle fut découverte en 1614 par Jansz Mayen ; on la reconnoît par une haute montagne que l'on voit de loin. (D. J.)",[['71 N 13 E']],,71 N 13 E,71 N 13 E
v8-2881-4,Isle de l'Ascension,"Isle de l'Ascension, (Géog.) cette petite île de l'Océan, entre l'Afrique & le Brésil, paroît manifestement formée ou entierement brûlée par un volcan éteint. Elle est d'ailleurs si singuliere par la nature de son terroir, par la figure & la position de ses montagnes, dont la vûe inspire une certaine horreur, qu'il faut ajouter quelques lignes à ce qu'on en a dit au mot Ascension. Quoique cette île soit déserte, son histoire pourroit peut-être occuper assez long-tems un naturaliste ; du-moins doit-on la regarder comme un point qui intéresse la Géographie & la Navigation. Tous nos vaisseaux de la compagnie des Indes orientales y abordent à leur retour dans ce royaume, & y prennent pour leur subsistance un grand nombre de tortues de mer. M. l'abbé de la Caille, qui s'y est trouvé le 15 Octobre 1753, profita de son séjour dans cette île pour en déterminer la latitude. Il l'a jugée, au lieu du mouillage ordinaire, de 7d 54'australe ; & ayant eu le bonheur d'y observer une émersion du premier satellite de Jupiter, qui le fut aussi à Paris par MM. Maraldi & Delisle, cette observation lui a servi à établir la longitude de ce lieu de 16d 19'à l'occident du méridien de Paris. Voyez les Mém. de l'Acad. des Sc. année 1751. (D. J.)","[[""7 54' S 16 19' W""]]",['Paris'],7 54' S 16 19' W,7 54' S 16 19' O
v8-2886-0,ISNICH,"ISNICH, (Géog.)​ ville de la Turquie asiatique, dans la Natolie, où elle occupe la place de l’ancienne Nicée ; mais elle n’a rien de remarquable aujourd’hui qu’un aqueduc, ne présente à la vûe que les tristes ruines de son ancienne splendeur, & contient à peine trois cent mauvaises maisons, la plupart habitées par des Juifs ; ses murs sont presque tous raccommodés de piés-destaux de marbre & de granite. Son territoire est fertile en fruits & en vin ; on peut dans un vent favorable faire le trajet de Constantinople à Isnich en sept heures ; car elle est à 25 lieues de Constantinople, sur le bord d’un lac poissonneux qui a 40 milles de tour, & qui donne son nom turc à la ville. C’est le lac Ascanius des anciens, & le Nixaca des Grecs modernes. Tavernier dit que ce lac s’appelle Chabangioul, à cause de la ville de Chabangi, qui est aussi sur ses bords à 5 ou 6 milles de Nicée. Long. de la ville d’Isnich 47. 45. lat. 40. 15. (D. J.)​","[[""40 15' N 47 45' E""]]",,40 15' N 47 45' E,40 15' N 47 45' E
v8-2908-0,ISSOUDUN,"ISSOUDUN, (Géog.)​ ville de France en Berry, avec un vieux château. Quelques géographes prennent Issoudun pour l’ancienne Ernodurum, ville de la Gaule celtique, que d’autres placent à saint-Ambrois sur Arnon, village du Berry ; elle est dans une belle plaine, sur la petite riviere de Théols, à sept lieues de Bourges, 54 sud-ouest de Paris, long. 18. 39. 49. lat. 46. 56. 53.


Baron (Michel) le plus grand acteur tragigue, l’Esope de la France, nâquit à Issoudun, & mourut à Paris en 1729, âgé de 77 ans. Il se nommoit Boyron ; mais Louis XIV. l’ayant appellé plusieurs fois Baron, ce nom lui est resté. Baron dès sa plus tendre jeunesse, marqua ses talens supérieurs dans une petite troupe que la demoiselle Raisin avoit formée sous le titre de Comédiens de M. le Dauphin. Moliere l’ayant vû & entendu déclamer, l’attira dans celle dont il étoit le chef ; Baron y joua toujours avec de nouveaux applaudissemens, jusqu’en 1691, qu’il se retira du théatre, ayant obtenu du roi une pension de mille écus ; il passa trente ans dans une vie​ privée, & reparut au bout de ce tems-là sur la scene, avec plus d’éclat que jamais.


La nature sembloit s’être épuisée en formant cet homme rare. Il avoit une taille avantageuse, la mine haute & fiere, la parole aisée, la prononciation nette & d’une grande précision ; sa voix étoit sonore, forte, juste & flexible, ses tons énergiques & variés ; ses gestes vrais, précis, nobles, ménagés ; tout exprimoit en lui, son visage, son regard, ses attitudes, & son silence même ; il n’étoit point seulement acteur, il étoit Achille, Agamemnon, Pirrhus, Auguste, Cinna, Venceslas ; il termina au mois de Septembre 1729 sa seconde carriere, en jouant dans la tragédie de Rotrou le même rôle de Vinceslas, par lequel il avoit débuté la derniere fois qu’il monta sur le théatre ; il sentit un peu d’oppression, & s’arrêta sur ce vers :



Si proche du cercueil où je me vois descendre.


Trois mois après il mourut, & n’a pas été remplacé, mais la Champmeslé & la Lecouvreur l’ont été.


On sait les quatre vers que fit Despréaux pour mettre au bas de l’estampe de Baron.



Du vrai, du pathétique il a fixé le ton ;
De son art enchanteur l’illusion divine
Prêtoit un nouveau lustre aux beautés de Racine,
Un voile aux défauts de Pradon.


(D. J.)​","[['46 56\' 53"" N 18 39\' 49"" E']]",,"46 56' 53"" N 18 39' 49"" E","46 56' 53"" N 18 39' 49"" E"
v8-311-0,HARWICH,"HARWICH, Harwicum, (Géog.)​ ville maritime d’Angleterre au comté d’Essex, avec un port à l’embouchure de la Sture, sur les frontieres de Suffolck ; c’est d’où partent les paquebots pour la Brille en Hollande ; elle est à cinq lieues N. E. de Colchester, vingt N. E. de Londres. Long. 18. 38. lat. 51. 55.


Les curieux feront bien de lire sur cette ville &​ sur celle de Douvres, le livre suivant : the Antiquities and history of Harvich and Dovercourt, by Samuel Dale. London, 1730, in-4°. (D. J.)​","[[""51 55' N 18 38' E""]]",,51 55' N 18 38' E,51 55' N 18 38' E
v8-359-0,HAVELBERG,"HAVELBERG, Havelberga, (Géog.)​ petite ville d’Allemagne au cercle de Basse Saxe, dans l’électorat de Brandebourg, avec un évêché suffragant de Magdebourg, sécularisé en faveur de la maison de Brandebourg, à qui cette ville est demeurée après avoir été prise & reprise plusieurs fois dans les guerres d’Allemagne. Elle est sur le Havel, à 9 lieues N. E. de Stendal, 15 N. O. de Brandebourg. Long. 30. 18. lat. 53. 4. (D. J.)​","[[""53 4' N 30 18' E""]]",,53 4' N 30 18' E,53 4' N 30 18' E
v8-396-0,HAUTE-RIVE,"HAUTE-RIVE, Alta-Ripa, (Géog.)​ petite ville de France dans le haut-Languedoc, sur l’Ariege, à quatre lieues S. de Toulouse. Long. 19. 10. lat. 43. 25. (D. J.)​","[[""43 25' N 19 10' E""]]",,43 25' N 19 10' E,43 25' N 19 10' E
v8-451-0,HECATOMPYLE ou HECATOMPYLOS,"HECATOMPYLE ou HECATOMPYLOS, (Géogr. anc.)​ ancienne ville de la Parthie, capitale du royaume des Parthes sous les Arsacides, qui y faisoient leur résidence. Ptolomée, par sa table des principales villes, publiée dans la collection d’Oxford, la met à 97d de longit. & à 37d20′ de latit. Ce n’est donc pas Ispahan située à 32d20′ de latit. ce n’est pas non plus Yesd. Diodore de Sicile, l. IV. cap. xxviij. parle d’un autre Hécatompyle, qui étoit en Lybie. Enfin, Thèbes en Egypte y a été aussi nommée Hécatompyle à cause de ses cent portes. (D. J.)​","[[""37 20' N 97 E""]]",,37 20' N 97 E,37 20' N 97 E
v8-50-0,HADDINGTON ou HADDINGTOWN,"HADDINGTON, ou plûtôt HADDINGTOWN, en latin Hadina, (Géog.)​ ville au bourg de l’Ecosse méridionale, capitale d’un bailliage ou sherifsdom de même nom dans la Lothiane, à cinq lieues E. d’Edimbourg. Long. 15. 6. lat. 56. 10.


C’est la patrie de Jean Major, fameux théologien scholastique, mort en Ecosse en 1548, âgé de 42 ans. Il avoit étudié & enseigné à Paris ; mais tous ses ouvrages sont tombés dans l’oubli, jusqu’à son histoire latine de la Grande-Bretagne. (D. J.)​","[[""56 10' N 15 6' E""]]",,56 10' N 15 6' E,56 10' N 15 6' O
v8-500-2,Hélene (Sainte-),"Hélene (Sainte), Géog.​ île de la mer Atlantique, qui a six lieues de circuit ; elle est haute, montueuse, & entourée de rochers escarpés. Les montagnes qui se découvrent à 25 lieues en mer, sont couvertes la plûpart de verdure & de grands arbres, comme l’ébénier, tandis que les vallées sont fertiles en toutes sortes de fruits, & d’excellens légumes ; les arbres fruitiers y ont en même tems des fleurs, des fruits verds & des fruits mûrs ; les forêts sont remplies d’orangers, de limoniers, de citronniers, &c. Il y a du gibier & des oiseaux en grande quantité, de la volaille, & du bétail qui est sauvage. La mer y est fort poissonneuse ; la seule incommodité qu’on éprouve, vient de la part des mouches & des araignées qui y sont monstrueusement grosses.


Cette île fut découverte par Jean de Nova, Portugais, en 1502, le jour de sainte Hélene. Les Portugais l’ayant abandonnée, les Hollandois s’en emparerent, & la quitterent pour le cap de Bonne-Espérance. La compagnie des Indes d’Angleterre s’en saisit ; & depuis, les Anglois l’ont possédée, & l’ont mise en état de se bien défendre. Long. selon Halley, 11. 32. 30. lat. mérid. 16.


Il y a une autre île de ce nom dans l’Amérique septentrionale au Canada, dans le fleuve de S. Laurent, vis-à-vis de Mont-Réal. (D. J.)​","[['16 S 11 32\' 30"" E']]",,"16 S 11 32' 30"" E","16 S 11 32' 30"" O"
v8-551-0,HELSINBOURG,"HELSINBOURG, (Géog.)​ ville, port, & château de Suede, dans la Schone, sur l’Oresund ; elle est à 15 lieues S. d’Helmstadt, 9 N. O. de Lunden. Long. 30. 35. lat. 56. 2.


C’est tout près de cette ville, que naquit le célebre Ticho-Brahé, le 19 Décembre 1546. On lui donna le titre de restaurateur de l’Astronomie, qui appartenoit à Copernic, & que Kepler mérita depuis ; car l’espece de conciliation des systèmes de Ptolomée & de Copernic, qu’imagina Ticho-Brahé, n’a point été goûtée des Astronomes ; cependant il a la gloire d’avoir le premier perfectionné cette science par un observatoire, par des écrits & des instrumens, à la dépense desquels on dit qu’il employa plus de cent mille écus de son propre bien. Il préféra pour femme une paysanne de ses terres, à de grands partis que ses parens lui destinoient. Il mourut à Prague, le 24 Octobre 1601. dans la 55e année de son âge, pour avoir par respect retenu trop long-tems son urine à la table d’un grand seigneur. Il a publié ses observations sous le nom de Tables Rodolphines, & un catalogue de mille étoiles fixes. (D. J.)​","[[""56 2' N 30 35' E""]]",,56 2' N 30 35' E,56 2' N 30 35' E
v8-555-0,HELSTON,"HELSTON, (Géog.)​ petite ville à marché d’Angleterre, dans le comté de Cornoüailles : elle envoye deux députés au Parlement, & est à 2 lieues de Falmouth, O. à 75. S. O. de Londres. Long. 12. 27. lat. 50. 10. (D. J.)​","[[""50 10' N 12 27' E""]]",,50 10' N 12 27' E,50 10' N 12 27' O
v8-632-0,HEPPENHEIM,"HEPPENHEIM, (Géog.)​ Apianum, petite ville d’Allemagne dans l’électorat de Mayence, entre Heidelberg & Darmstadt. Long. 26. 11. lat. 49. 39. (D. J.)​","[[""49 39' N 26 11' E""]]",,49 39' N 26 11' E,49 39' N 26 11' E
v8-760-0,HERSTAL,"HERSTAL, (Géog.)​ ancienne ville d’Allemagne en Westphalie, dans l’évêché de Padersborn, sur le Weser. Long. 26. 30. lat. 43. 50. (D. J.)​","[[""43 50' N 26 30' E""]]",,43 50' N 26 30' E,43 50' N 26 30' E
v8-777-0,HESN-MEDI,"HESN-MEDI, (Géog.)​ ville de Perse. Long. selon Tavernier, 74. 45. lat. 32-5. (D. J.)​","[[""32 5' N 74 45' E""]]",,32 5' N 74 45' E,32 5' N 74 45' E
v8-859-0,HIESMES ou EXMES,"HIESMES ou EXMES, (Géog.)​ bourg de France en Normandie, autrefois chef lieu d’un comté de grande étendue, appellée l’Hiémois ou l’Emois ; ce bourg est sur une montagne stérile, à 4 lieues de Séez, 36 O. de Paris. M. Huet prétend que les Osismi, dont parle César, étoient les peuples d’Hiêmes, qu’il écrit Hiesmes ; mais les Osismiens étoient à l’extrémité de la basse-Bretagne. Long. 17. 78. lat. 48. 46. (D. J.)​","[[""48 46' N 17 78' E""]]",,48 46' N 17 78' E,48 46' N 17 78' E
v8-867-0,HILDESHEIM,"HILDESHEIM, (Géog.)​ ville d’Allemagne dans la basse Saxe, avec un évêché suffragant de Magdebourg. Elle est libre & impériale, quoique dépendante en quelque chose de l’évêque. Le magistrat d’Hildesheim admit la confession d’Ausbourg en 1543, & les deux religions ont subsisté dans la ville depuis ce tems-là. On a conservé la cathédrale à l’évêque, qui est le seul évêque catholique de toute la Saxe. Hildesheim jouit, entre autres beaux privileges, de celui de se gouverner par ses propres loix ; cependant les citoyens font serment de fidélité à l’évêque, comme leur seigneur, & à condition qu’il les maintiendra dans leurs franchises & privileges. Le premier évêque d’Hildesheim, nommé Gonther, mourut en 835. Voyez Heiss, histoire de l’Empire, liv. VI. Elle est sur l’Innerste, à 8 de nos lieues S. E. d’Hannover, 9 S. O. de Brunswig, & 9 O. de Wolffenbutel. Long. 31. 50. lat. 52. 28.


Pour ce qui regarde la célebre colonne d’Irminsal, transportée dans le chœur de l’église d’Hildesheim, où elle a servi à soutenir un chandelier à plusieurs branches, nous parlerons de cet ancien monument du paganisme au mot.


Les curieux de l’histoire naturelle des fossiles de divers pays, peuvent consulter la description latine de ceux d’Hildesheim, donnée par Frédéric Lachmandar, Hildesh. 1669, in-4°.


Vous trouverez dans les Dict. histor. les articles de deux Jurisconsultes nés dans cette ville, & connus par quelques ouvrages de Droit ; j’entends Hanius (Henri), mort en 1668 à l’âge de 63 ans, & Oldecop (Juste), mort en 1677 âgé de 70 ans. (D. J.)​","[[""52 28' N 31 50' E""]]",,52 28' N 31 50' E,52 28' N 31 50' E
v8-888-0,HIO,"HIO, (Géog.)​ ville de Suede dans la Westrogotie, sur le lac Vater, à cinq lieues suédoises de Falkoping. Long. 31. 35. lat. 57. 53. (D. J.)​","[[""57 53' N 31 35' E""]]",,57 53' N 31 35' E,57 53' N 31 35' E
v8-933-0,HITH ou HYETH,"HITH ou HYETH, (Géog.)​ ville maritime d’Angleterre, dans la province de Kent ; c’est un des huit ports qui ont de grands privileges, & dont les députés au parlement sont appellés barons des cinq ports, parce qu’originairement on n’en comptoit que cinq. Il paroît que les Romains l’ont connu sous le nom de portus Lemanis, & ils y avoient fait une voie militaire qui alloit de cet endroit à Cantorbéry ; mais aujourd’hui ce port est comme abandonné, parce que les sables l’ont presque rempli. Long. 18. 48. lat. 51. 6. (D. J.)​","[[""51 6' N 18 48' E""]]",,51 6' N 18 48' E,51 6' N 18 48' E
v9-1044-0,"LAVELLO, Labellum","LAVELLO, Labellum. (Géogr.) ancienne petite ville d'Italie au royaume de Naples, dans la Basilicate, aux confins de la Capitanate, avec un évêché suffragant de Barri, à 6 lieues N. O. de Cirenza, 18 S. O. de Barri, 30 N. E. de Naples. Longit. 33. 30. latit. 41. 3. (D. J.)","[[""41 3' N 33 30' E""]]",,41 3' N 33 30' E,41 3' N 33 30' E
v9-1046-0,LAVENBOURG,"LAVENBOURG, (Géog.)​ petite ville d’Allemagne dans la Poméranie ultérieure, & dans les états du roi de Prusse, électeur de Brandebourg. Long. 35. 28. lat. 54. 45. (D. J.)​","[[""54 45' N 35 28' E""]]",,54 45' N 35 28' E,54 45' N 35 28' E
v9-1085-0,"LAWINGEN, Lavinga","LAWINGEN, Lavinga, (Géog.)​ ville d’Allemagne en Souabe, autrefois impériale, mais ensuite sujette au duc de Neubourg. Elle est sur le Danube, à 3 lieues nord-ouest de Burgaw, 5 nord-est d’Ulm, 6 de Donavert, & 12 nord-est d’Augsbourg. Long. 28. 4. lat. 48. 32.


Albert-le-grand, Albertus magnus, qui a fait tant de bruit dans le treizieme siecle, & qui en feroit si peu dans le dix-huitieme, étoit de Lawingen. Ses prétendus ouvrages parurent à Lyon en 1651, en 2 vol. in-fol. mais les sept huitiemes de cette édition ne sont pas de lui. Dans son Commentaire du maître des sentences, l’on trouve au sujet du devoir conjugal, les questions qui révoltent la pudeur la moins délicate ; il faut peut-être en attribuer la cause à la grossiereté des tems auxquels il a vécu ; mais c’est mal le justifier, que de dire qu’il avoit appris tant de choses monstrueuses au confessionnal, qu’il ne​pouvoit se dispenser d’en traiter quelques-unes. (D. J.)​","[[""48 32' N 28 4' E""]]",,48 32' N 28 4' E,48 32' N 28 4' E
v9-1128-0,"LECCE, Aletium","LECCE, Aletium, (Géog.)​ ville d’Italie, au royaume de Naples, dans la terre d’Otrante, dont elle est la principale, & la résidence du gouverneur, avec un évêché suffragant d’Otrante. Elle est à 4 lieues du golfe de Venise, 8 N. O. d’Otrante, 8 S. E. de Brindisi, 78 S. E. de Naples. Long. 36. 55. lat. 40. 38.


Leccé est la patrie de Ammirato Scipione, que le grand-duc de Toscane accueillit obligeamment à Florence ; il publia en italien l’histoire de cette ville, & de ses familles illustres : il y mourut en 1603.


Palmis Abraham juif, & docteur en Medecine au commencement du xvj. siecle. Je le nomme ici, parce qu’il est, je pense, le premier qui ait donné au public une grammaire hébraïque. Il n’en avoit point encore paru en Europe avant la sienne ; il est vrai qu’aujourd’hui cette grammaire de Palmis n’est point estimée, mais elle en a occasionné de bonnes, sans lesquelles on ne peut apprendre l’hébreu.","[[""40 38' N 36 55' E""]]",,40 38' N 36 55' E,40 38' N 36 55' E
v9-1152-0,LEERDAM,"LEERDAM, (Géog.)​ Lauri, petite ville des Pays-bas dans la Hollande, sur la Linge, à 2 lieues de Gorkum, & environ autant de Viane. Long. 22. 23. lat. 51. 56.


Cette ville est bien moins connue comme un fief de la maison d’Arkel, que pour avoir été la patrie de Corneille Janssen, si fameux sous le nom de Jansénius, mort évêque d’Ypres en 1639, âgé de 54 ans. Son livre, où il se propose d’expliquer les sentimens inintelligibles de S. Augustin sur les matieres abstruses de la grace, a donné lieu à un malheureux schime, dont l’Eglise romaine, & sur-tout celle de France, a souffert de grandes plaies, qui saignent encore, & qui devroient bien se cicatriser.","[[""51 56' N 22 23' E""]]",,51 56' N 22 23' E,51 56' N 22 23' E
v9-1206-0,LEMBRO,"LEMBRO, (Géog.)​ isle de l’Archipel sur la côte orientale de la presqu’isle de Romanie ; elle est d’environ 27 milles de circuit, avec un bourg de même nom, & un port. Elle est entre l’isle de Lamadrachi & celle de Ténédos. Voyez la carte de la méditerranée par Berthelot. Lembro est nommée par les anciens Imbros. Long. 43. 35. lat. 40. 25.","[[""40 25' N 43 35' E""]]",,40 25' N 43 35' E,40 25' N 43 35' E
v9-1290-0,LÉROS,"LÉROS, (Géog. anc.)​ le nom moderne est Léro, ile d’Asie, dans la mer Egée, l’Archipel, l’une des sporades, sur la côte de Cane ; c’étoit une des colonies des Milésiens ; ses habitans avoient assez mauvaise réputation du côté de la probité, si nous en jugeens par une épigramme de Phocydide, qui se trouve dans l’anthologie ; mais au lieu de l’original que peu de lecteurs entendroient, j’y substituerai la traduction qu’en a faite M. Chevreau dans ses Œuvres mêlées, p. 369.



Ceux de Léros ne valent rien,
Hors Patrocle pourtant qui malgré sa naissance
A passé jusqu’ici pour un homme de bien ;
Mais quand avec Patrocle on a fait connoissance,
Encore s’apperçoit-on qu’il tient du Lérien.


Long. de Léro 44. 40. lat. 37. (D. J.)​","[[""37 N 44 40' E""]]",,37 N 44 40' E,37 N 44 40' E
v9-1303-0,"LESNOW, Lesnovia","LESNOW, Lesnovia, (Géog.)​ petite place de Pologne dans la Volhinie, à 15 milles de Lucko ; elle est remarquable par la victoire que Jean Casimir, roi de Pologne, y remporta en 1051 sur l’armée réunie des Cosaques & des Tartares ; elle fut incendiée & saccagée en 1656 par Charles Gustave, soi de Suede. Long. 43. 55. lat. 50. 45. (D. J.)​","[[""50 45' N 43 55' E""]]",,50 45' N 43 55' E,50 45' N 43 55' E
v9-1338-0,LEUCATE,"LEUCATE, (Géog.)​ petite ville de France dans le bas Languedoc. Elle n’est remarquable que par le siege qu’elle soutint en 1637 contre l’armée espagnole qui y fut défaite. Les fortifications ont été démolies sous Louis XIV. Elle est auprès de l’étang de même nom, à 7 lieues S. de Narbonne, 6 N. E. de Perpignan, 168 S. E. de Paris. Long. 20. 44. lat. 43. 40. (D. J.)​","[[""43 40' N 20 44' E""]]",,43 40' N 20 44' E,43 40' N 20 44' E
v9-135-0,IZLI ou ZEZIL,"IZLI, (Géogr.)​ ou ZEZIL, ville d’Afrique en Barbarie, au royaume de Trémécem. Marmol vous en donnera l’histoire & la description : on la nommoit autrefois Giva. Long. selon Ptolomée, 14. 30. lat. 32. 30. (D. J.)​","[[""32 30' N 14 30' E""]]",,32 30' N 14 30' E,32 30' N 14 30' E
v9-1377-0,LEUK,"LEUK, (Géog.)​ gros bourg de Suisse, presqu’au milieu du Valais, remarquable par la force de sa situation, par l’assemblée fréquente des députés du pays avec ceux de l’évêque pour y délibérer sur les affaires communes, & par les bains de Leuk qui sont à deux lieues. Ce sont des eaux minérales chaudes, sans odeur, & dont on a trouvé cinq sources ; long. 25. 30. lat. 46. 12. (D. J.)​","[[""46 12' N 25 30' E""]]",,46 12' N 25 30' E,46 12' N 25 30' E
v9-1382-0,LEVROUX,"LEVROUX, (Géog.)​ en latin, Leprosum, ou Lebrosum ; ville de France, dans le Berry, élection d’Issoudun. Il est justifié que c’est une ville ancienne, par des vestiges de la grandeur romaine que l’on y remarque encore, tels que la place des arènes, & l’amphithéatre. D’ailleurs, on y a trouvé des médailles & des monnoies romaines. Au commencement du dernier siecle, on y découvrit une lame de cuivre, sur laquelle étoit cette inscription : Flavia Cuba, Firmiani filia, Colozzo Deo Marti suo, hoc signum fecit Augusto ; tout cela paroît prouver que les Romains ont autrefois habité ce lieu : Levroux, est au pied d’un côteau, à 5 lieues d’Issoudun, & à 15 de Bourges. M. de Valois croit que ce lieu fut ainsi nommé, à cause de la multitude de lépreux qu’il y avoit, ou peut-être à cause que c’étoit un endroit où on les recevoit dans des hôpitaux. Long. 19, 15. lat. 47. 2. (D. J.)​","[[""47 2' N 19 15' E""]]",,47 2' N 19 15' E,47 2' N 19 15' E
v9-1388-0,"LÉWARDE, Leowardia","LÉWARDE, Leowardia, (Géog.)​ belle riche & grande ville des Pays-bas, dans la république des Provinces-unies ; elle est capitale de l’Ostergoo, du Westergoo & de Sevenwolden, la résidence du Stadhouder de la province, & le lieu du conseil souverain & de la chancellerie de toute la Frise. Les bâtimens tant publics que particuliers, sont beaux & propres. Elle est partagée par divers canaux, qui facilitent son commerce. Elle est située sur trois rivieres, à 11 lieues O. de Gromingue, 24 N. de Déventer, 26 N. E. d’Amsterdam. Long. 23. 17. lat. 53. 12.","[[""53 12' N 23 17' E""]]",,53 12' N 23 17' E,53 12' N 23 17' E
v9-1422-0,"LIBAU, Liba","LIBAU, Liba, (Géog.)​ place de Curlande, avec un port sur la mer Baltique & aux frontieres de la Samogitie. Cette place appartient au duc de Curlande, & est à 18 milles germaniques N. O. de Mémel, 25 O. de Mittau, 16 S. O. de Goldingen. Long. 39. 2. lat. 56. 27.","[[""56 27' N 39 2' E""]]",,56 27' N 39 2' E,56 27' N 39 2' E
v9-1494-0,LICODIA,"LICODIA, (Géog.)​ petite ville de Sicile, dans la vallée de Noto, à 30 milles de Syracuse. Long. 32. 50. lat. 36. 56.","[[""36 56' N 32 50' E""]]",,36 56' N 32 50' E,36 56' N 32 50' E
v9-1501-0,LIDA,"LIDA, (Géog.)​ en latin Lida, petite ville de Pologne avec une citadelle, située dans la Lithuanie, au palatinat de Troki, dont elle est à 17 lieues S. E. sur le ruisseau de Dzila. Long. 44. 4. latit. 53. 50. (D. J.)​","[[""53 50' N 44 4' E""]]",,53 50' N 44 4' E,53 50' N 44 4' E
v9-1520-0,"LIESSIES, Loetitia","LIESSIES, Loetitia, (Géog.)​ petite ville, ou plutôt bourg du Hainaut, remarquable par son abbaye de Bénédictins, fondée en 751. Ce lieu a pris son nom des peuples qu’on nommoit Læti, & qui faisoient une partie des Nerviens. Liessies est sur la petite riviere d’Hespres, diocèse de Cambray, à 4 lieues de Maubeuge, & à 8 lieues S. de Mons. Long. 21. 34. lat. 50. 18. (D. J.)​","[[""50 18' N 21 34' E""]]",,50 18' N 21 34' E,50 18' N 21 34' E
v9-1538-0,"LIGNITZ, Lignicium","LIGNITZ, Lignicium, (Géograph.)​ ville forte de Bohème, dans la Silésie, capitale d’une principauté de même nom. On a prétendu qu’elle avoit été fondée par les Lygiens ; mais ce peuple n’avoit point de villes, & d’ailleurs nous ne savons pas assez précisément quel pays il occupoit. Ceux qui croient que Lignitz est l’Hegetmatia de Ptolomée, ne sont pas mieux fondés, puisque du tems de ce géographe la Germanie au-delà du Rhin étoit aussi sans villes ; les urnes & autres monumens que l’on a découverts aux environs de Lignitz, ne prouvent point une origine romaine ; les Sarmates & les Slaves brûloient leurs morts, de même que les Romains ; & de plus, on trouve ces sortes d’antiquités dans toute la Silésie. Enfin Lignitz n’étoit qu’un village quand Boleslas, surnommé le Haut, l’entoura de murs, & en​ fit une ville. Elle est sur le ruisseau de Cat à 2 milles N. de Jawer, à 7 N. O. de Breslaw, & autant S. de Glogaw. Long. 33. 50. lat. 51. 55.


Un gentilhomme, né à Lignitz, Gaspard de Schwencfeld, fit beaucoup de bruit dans le xvj. siecle, par ses erreurs & son fanatisme. Il finit ses jours à Ulm en 1561, âgé de 71 ans. Mais les persécutions continuelles qu’il essuya pendant sa vie, lui procurerent, après sa mort, un grand nombre de sectateurs ; alors tous ses ouvrages dispersés furent recueillis avec soin, & réimprimés ensemble en 1592, en quatre volumes in 4°. Il y soutient que l’administration des sacremens est inutile au salut ; que la manducation du corps & du sang de Jesus-Christ se fait par la foi ; qu’il ne faut baptiser personne avant sa conversion ; qu’il suffit de se confesser à notre Sauveur ; que celui-là seul est un vrai chrétien qui est illuminé ; que la parole de Dieu est Jesus-Christ en nous ; cette derniere proposition est un non-sense, diroient les Anglois, & je crois qu’ils auroient raison. (D. J.)​","[[""51 55' N 33 50' E""]]",,51 55' N 33 50' E,51 55' N 33 50' E
v9-1540-0,LIGNY,"LIGNY, (Géog.)​ en latin moderne Lincium, Liniacum ou Ligniacum, ville de France avec titre de comté dans le duché de Bar, dont elle est la plus considérable après la capitale. Longuerue vous en donnera toute l’histoire. Ligny est sur l’Orney, à trois lieues S. E. de Bar-le-duc, huit O. de Toul, ciquante-deux S. E. de Paris. Long. 23. 2. lat. 48. 36. (D. J.)​","[[""48 36' N 23 2' E""]]",,48 36' N 23 2' E,48 36' N 23 2' E
v9-1558-0,LILLO,"LILLO, (Géog.)​ fort des Pays-bas Hollandois sur l’Escaut, à 3 lieues d’Anvers ; les habitans d’Anvers qui soutenoient le parti des confédérés, le battirent en 1583, pour se conserver la navigation de l’Escaut, & les Espagnols furent obligés d’en lever le siége en 1588. Long. 21. 47. lat. 51. 18. (D. J.)​","[[""51 18' N 21 47' E""]]",,51 18' N 21 47' E,51 18' N 21 47' E
v9-1611-0,LINCOLN,"LINCOLN, (Géog.)​ ville d’Angleterre, capitale de Lincolnshire, avec un évêché suffragant de Cantorberi, & titre de comté. Elle envoie deux députés au parlement. Son nom latin est Lindum, & par les écrivains du moyen âge, Lindecollinum, ou Lindecollina, selon Bede. Le nom breton est Lindecylne, dont la premiere syllabe signifie un lac, un marais. Les anciens peuples de l’île l’appelloient Lindcoit, à cause des forêts qui l’environnoient. Les Saxons la nommoient Lin-cyllanceartep, & les Normands, Nichol.


Cette ville a été quelquefois la résidence des rois de Mercie. Elle est sur le Witham, à 24 milles N. E. de Nottingham, 39 N. de Pétersboroug, 51 S. d’York, 105 N de Londres. Long. selon Street, 19d40′49″. lat. 53. 15.","[['53 15\' N 19 40\' 49"" E']]",,"53 15' N 19 40' 49"" E","53 15' N 19 40' 49"" E"
v9-1613-0,"LINDAU, en latin Landivia & Lindavium","LINDAU, en latin Landivia & Lindavium, (Géog.)​ ville libre & impériale, dans la Souabe, avec une célebre abbaye de chanoinesses, sur laquelle on peut voir le P. Helyot, tom. VI. chap. liij.


On attribue la fondation de cette abbaye à Albert, maire du palais de Charlemagne, qui prit soin de la doter & de l’enrichir. Avec le tems, l’abbêsse devint princesse de l’empire, & eut son propre maire elle-même. Les chanoinesses de cette abbaye font preuve de trois races, ne portent aucun habit qui les distingue, peuvent se marier, & ne sont tenues qu’à chanter au chœur, & à dire les heures canoniales. Quoique la ville de Lindau soit luthérienne, elle n’en vit pas moins bien avec l’abbesse & les chanoinesses, qui sont bonnes catholiques.


Cette ville qui est une vraie république, & qui entr’autres privileges, jouit du droit de battre monnoie, a pour chef un bourgmestre, & un stad-amman, qu’elle élit tous les deux ans du corps des patriciens ou des plébéiens, pour gouverner avec le sénat, & huit tribuns du peuple, sans l’aveu desquels tribuns on ne peut résoudre aucune affaire importante, comme de religion, de guerre, de paix, ou d’alliance. On change les magistrats tous les ans.


La situation de cette petite ville n’est pas moins avantageuse que celle de son gouvernement ; elle est dans une île du lac de Constance, dont le tour est de 4 milles 450 pas proche la terre-ferme, à laquelle elle est attachée par un pont de pierre, long de 290 pas, entre l’Algow au couchant, la Suisse au levant, les Grisons au midi, & le reste de la Souabe au nord ; en sorte qu’elle paroît comme l’étape des marchandises de diverses nations. Ceux de Souabe & de Baviere y font des amas de froment, de sel & de fer, qu’ils vendent ensuite aux Suisses & aux Grisons. On y porte des montagnes de Suisse, d’Appenzel, & des Grisons, du beurre, du fromage, des planches, des chevrons, & autres marchandises qui passent par Nuremberg & par Augsbourg, pour être conduites en Italie. Sa position est à 5 lieues S. E. de Buckhorn, 10 S. de Constance, 30 S. O. d’Augsbourg. Long. selon Gaube, 26d. 21′. 30″. Lat. 51. 30.","[['51 30\' N 26 21\' 30"" E']]",,"51 30' N 26 21' 30"" E","51 30' N 26 21' 30"" E"
v9-1645-1,Lintz,"Lintz, (Géog.)​ petite ville d’Allemagne dans le haut électorat de Cologne, sur le Rhin, à 5 milles N. O. de Coblentz, S. O. de Cologne. Long. 24. 56. lat. 50. 31. (D. J.)​","[[""50 31' N 24 56' E""]]",,50 31' N 24 56' E,50 31' N 24 56' E
v9-1656-1,Lipari,"Lipari, (Géogr.)​ ville capitale de l’île de même nom, avec un évêché suffragant de Messine. Elle est bien ancienne, s’il est vrai qu’elle fut bâtie avant le siege de Troie, & qu’Ulysse y vint voir Eole, successeur de Liparus, fondateur de cette ville.


Les Lipariens, au rapport de Diodore de Sicile, étoient une colonie des Cnidiens, nation greque, originaire de la Carie ; ils fonderent d’abord en Sicile une ville, qu’ils nommerent Motya, & puis s’établirent à Lipara. Dans la suite des tems les Carthaginois s’emparerent de Lipara, sous la conduite de Himilcon, & lui imposerent un tribut de cent talens. Lorsque les Romains furent vainqueurs des Carthaginois, ils leur firent perdre la souveraineté de Lipara, qui selon les apparences, devint colonie romaine, car Pline, liv. III. chap. ix. en parle en ces termes : Lipara cum civium Romanorum oppido.


En 1544 Barberousse ruina de fond en comble l’ancienne ville de Lipara, située sur un rocher escarpé, & que la mer baignoit en partie. Il emmena captifs en Turquie, plusieurs milliers d’habitans du pays ; mais Charles-Quint répara cette ville de son mieux, & en fit une place forte. Elle est située à environ quarante milles de la côte septentrionale de la Sicile. Long. 33. lat. 38. 35. (D. J.)​","[[""38 35' N 33 E""]]",,38 35' N 33 E,38 35' N 33 E
v9-1666-0,"LIPPSTADT, Lippia","LIPPSTADT, Lippia, (Géog.)​ ville d’Allemagne dans la Westphalie, capitale du comté de la Lippe, autrefois libre, & impériale, à présent sujette en partie à ses comtes & en partie au roi de Prusse, électeur de Brandebourg. Il est vraissemblable que c’est une ville nouvelle, fondée dans le xij. siecle, quoique quelques-uns la prennent pour la Luppia de Ptolomée. Elle est dans un marais mal-sain sur la Lippe, à 7 lieues S. O. de Paterborn, 13 S. E. de Munster. Long. 26. 2. lat. 51. 43. (D. J.)​","[[""51 43' N 26 2' E""]]",,51 43' N 26 2' E,51 43' N 26 2' E
v9-1695-0,LISSA ou ISSA,"LISSA ou ISSA, (Géog.)​ petite île du golfe de Venise, sur la côte de Dalmatie, appartenante aux Vénitiens. Quoiqu’elle soit une des plus petites îles qui se trouvent sur la côte de Dalmatie, elle ne laisse pas d’être célebre dans l’histoire ancienne. Jules Césur, Comm. liv. IV. De bello civili, & Tite-Live, Décad. 4. liv. I. nous disent qu’elle avoit donné à la république Romaine un secours de vingt vaisseaux armés contre Philippe, roi de Macédoine. Elle ne pourroit donner aujourd’hui à la république de Venise, que quelques tonneaux d’excellent vin, des sardines & des anchois, que l’on pêche en assez grande abondance sur ses côtes. Long. 34. 35. lat. 43. 22.","[[""43 22' N 34 35' E""]]",,43 22' N 34 35' E,43 22' N 34 35' E
v9-17-0,JUDENBOURG,"JUDENBOURG, (Géog.)​ Judenburgum, ville d’Allemagne dans le cercle d’Autriche, capitale de la haute Stirie. Une singularité du gouvernement de cette ville, est que le magistrat n’y juge point à mort, & que toutes les causes criminelles se portent à Gratz ; voyez Zeyler Stiriæ typograph. Judenbourg est dans un canton agréable, à 14 milles N. O. de Gratz, 25 S. O. de Vienne. Long. 32. 55. lat. 47. 20. (D. J.)​","[[""47 20' N 32 55' E""]]",,47 20' N 32 55' E,47 20' N 32 55' E
v9-1710-0,LITA,"LITA, (Géog.)​ petite ville de la Turquie européenne, dans la Macédoine, avec un évêché suffragant de Salonique, à 7 lieues du golfe de ce nom. Long. 40. 47. lat. 40. 41. (D. J.)​","[[""40 41' N 40 47' E""]]",,40 41' N 40 47' E,40 41' N 40 47' E
v9-1784-0,LLERENA,"LLERENA, (Géog.)​ ville d’Espagne dans l’Andalousie, sur ses frontieres, au midi de la Guadiana. M. Baudrand qui estropie trop souvent les noms, appelle cette ville Ellerena. Elle fut bâtie en 1241, par les maîtres de l’ordre de S. Jacques, & déclarée cité en 1640 par Philippe IV. Les chevaliers en sont seigneurs, & y entretiennent un évêque de leur ordre, relevant immédiatement du saint siege. Cette ville est située à 18 lieues S. E. de Mérida, & 20 N. E. de Séville dans une belle plaine, abondante en tout ce qui peut contribuer aux douceurs de la vie ; mais le tribunal de l’inquisition établi dans cette ville, ne concourt pas à sa félicité. Long. 12. 45. lat. 38. 8.","[[""38 8' N 12 45' E""]]",,38 8' N 12 45' E,38 8' N 12 45' O
v9-1801-0,"LOCCHEM, Lochemum","LOCCHEM, Lochemum, (Géog.)​ ville des Pays-bas Hollandois dans la Gueldres, au comté de Zultphem sur la Berckel, à 3 lieues de Zultphen. Les François la prirent en 1672, & l’abandonnerent en 1674, après en avoir rasé les fortifications. Long. 23. 58. lat. 52. 13. (D. J.)​","[[""52 13' N 23 58' E""]]",,52 13' N 23 58' E,52 13' N 23 58' E
v9-181-0,KALIN,"KALIN, (Géog.)​ ville de Perse, que Tavernier place à 87 dégrés 5 de longitude, & 35d15′ de lat. (D. J.)​","[[""35 15' N 87 5' E""]]",,35 15' N 87 5' E,35 15' N 87 5' E
v9-182-0,KALIR,"KALIR, (Géog.)​ petite ville d’Allemagne, au cercle de Souabe, au duché de Wirtemberg, avec un vieux château. Elle est divisée en deux par la riviere de Nagoldt. Long. 27. 20. lat. 48. 38. (D. J.)​","[[""48 38' N 27 20' E""]]",,48 38' N 27 20' E,48 38' N 27 20' E
v9-186-0,KALNICK,"KALNICK, (Géog.)​ ville forte de Pologne, au Palatinat de Braclaw. Elle se rendit au roi de Pologne en 1674. Long. 47. 53. lat. 48. 59. (D. J.)​","[[""48 59' N 47 53' E""]]",,48 59' N 47 53' E,48 59' N 47 53' E
v9-1877-0,LONDRES,"LONDRES, (Géog.)​ en bon latin Londinium, (voyez ce mot) & en latin moderne Londinum, capitale de la grande Bretagne, le siege de la monarchie, l’une des plus anciennes, des plus grandes, des plus riches, des plus peuplées & des plus florissantes villes du monde. Elle étoit déja très-célebre par son commerce du tems de Tacite, copiâ negociatorum ac commeatuum maximè celebre ; mais Ammien Marcellin a été plus loin, il a tiré l’horoscope de sa grandeur future : Londinium, dit-il, vetus oppidum, quod Augustam posteritas adpellabit.


Elle mérite aujourd’hui ce titre à tous égards. M. de Voltaire la présente dans sa Henriade, comme le​centre des arts, le magasin du monde & le temple de Mars.


Pour comble d’avantages, elle jouit du beau privilege de se gouverner elle-même. Elle a pour cet effet, ses cours de justice, dont la principale est nommée, commun-conncil, le conseil-commun ; c’est une espece de parlement anglois, composé de deux ordres ; le lord maire & les échevins, représentent la chambre des seigneurs ; & les autres membres du conseil, au nombre de 231, choisis dans les différens quartiers de la ville, représentent la chambre des communes. Cette cour seule a le pouvoir d’honorer un étranger du droit de bourgeoisie. C’est dans cette cour que se font les lois municipales, qui lient tous les bourgeois, chacun y donnant son consentement, ou par lui-même, ou par ses représentans ; en matieres ecclésiastiques, la ville est gouvernée par son évêque, suffragant de Cantorbery.


Londres contient cent trente-cinq paroisses, & par conséquent un grand nombre d’églises, dont la cathédrale nommée S. Paul, est le plus beau bâtiment qu’il y ait dans ce genre, après S. Pierre de Rome. Sa longueur de l’orient à l’occident, est de 570 piés ; sa largeur du septentrion au midi, est de 311 piés ; son dôme depuis le rez de chaussée, est d’environ 338 piés de hauteur. La pierre de cet édifice qui fût commencé en 1667, après l’incendie, & qui fut promptement achevé, est de la pierre de Portland, laquelle dure presque autant que le marbre.


Les Non-conformistes ont dans cette ville environ quatre-vingt assemblées ou temples, au nombre desquels les protestans étrangers en ont pour eux une trentaine ; & les Juifs y jouissent d’une belle synagogue.


On compte dans Londres cinq mille rues, environ cent mille maisons, & un million d’habitans.


Cette capitale, qui selon l’expression des auteurs anglois, éleve sa tête au-dessus de tout le monde commerçant, est le rendez-vous de tous les vaisseaux qui reviennent de la Méditerrannée, de l’Amérique & des Indes orientales. C’est elle, qui après avoir reçu les sucres, le tabac, les indiennes, les épiceries, les huiles, les fruits, les vins, la morue, &c. répand toutes ces choses dans les trois royaumes : c’est aussi dans son sein que viennent se rendre presque toutes les productions naturelles de la grande Bretagne. Cinq cens gros navires y portent continuellement du charbon de terre ; que l’on juge par ce seul article, de l’étonnante consommation qui s’y fait des autres denrées nécessaires à la subsistance d’une ville si peuplée. Les provinces méditerranées qui l’entourent, transportent dans ses murs toutes leurs marchandises, soit qu’elles les destinent à y être consommées, ou à être embarquées pour les pays étrangers. Vingt mille mariniers sont occupés sur la Tamise à conduire à Londres, ou de Londres dans les provinces, une infinité de choses de mille especes différentes. Enfin, elle est comme le ressort qui entretient l’Angleterre dans un mouvement continuel.


Je ne me propose point d’entrer ici dans de plus grands détails sur ce sujet. John Stow a comme immortalisé les monumens de cette ville immense, par son ample description, que l’auteur de l’état de la grande Bretagne a poursuivi jusqu’à ce jour ; on peut les consulter.


Mais je ne puis m’empêcher d’observer, que la plûpart des belles choses, ou des établissemens importans qu’on y voit, sont le fruit de la munificence de ses citoyens estimables qui ont été épris de l’amour du bien public, & de la gloire d’être utiles à leur patrie.


L’eau de la nouvelle riviere, dont les habitans de Londres jouissent, outre l’eau de la Tamise, est​ dûe aux soins, à l’habileté & à la générosité du chevalier Hughes Middleton. Il commença cet ouvrage de ses propres deniers en 1608, & le finit au bout de cinq ans, en y employant chaque jour des centaines d’ouvriers. La riviere qui fournit cette eau, prend sa source dans la province de Hartford, fait 60 milles de chemin, avant que d’arriver à Londres, & passe sous huit cent ponts.


La bourse royale, cet édifice magnifique destiné aux assemblées des négocians, & qui a donné lieu à tant d’excellentes réfléxions de M. Addisson dans le spectateur, fut fondée en 1566 par le chevalier Thomas Gresham, négociant, sous le regne d’Elisabeth. C’est aujourd’hui un quarre long de 230 piés de l’orient à l’occident, & de 171 piés du septentrion au midi, qui a couté plus de 50 mille livres sterling ; mais comme il produit 4 mille livres sterling de rente, on peut le regarder pour un des plus riches domaines du monde, à proportion de sa grandeur.


Le même Gresham, non content de cette libéralité, bâtit le college qui porte son nom, & y établit sept chaires de professeurs, de 50 liv. sterling par an chacune, outre le logement.


On est redevable à des particuliers, guidés par le même esprit, de la fondation de la plûpart des écoles publiques, pour le bien des jeunes gens : par exemple, l’école nommée des Tailleurs, où l’on enseigne cent écoliers gratis ; cent pour deux shellins 6 sols chacun par quartier ; & cent autres pour cinq shellins chacun par quartier, (ce qui ne fait que 3 ou 6 livres de notre monnoie par tête, pour trois mois.) Cette école, dis-je, a été fondée par Thomas White, marchand tailleur, de Londres ; il devint échevin de la ville, & ensuite fut créé chevalier.


M. Sutton acheta en 1611 le monastere de la Chartreuse, 13 mille liv. sterling, & en fit un hôpital pour y entretenir libéralement quatre-vingt personnes, tirées d’entre les militaires & les négocians.


Ce même citoyen crut aussi devoir mériter quelque chose de ses compatriotes qui voudroient cultiver les lettres. Dans cette vûe, il fonda une école, pour apprendre le latin & le grec à quarante jeunes gens, dont les plus capables passeroient ensuite à l’université de Cambridge, où d’après sa fondation, l’on fournit annuellement à chacun d’eux, pour leur dépense pendant huit ans, 30 liv. sterling.


La statue de Charles II. qui est dans Soho-Square, a été élevée aux frais du chevalier Robert Viner.


Mais la bourse de Gresham, & tous les bâtimens dont nous venons de parler, périrent dans l’incendie mémorable de 1666, par lequel la ville de Londres fut presque entierement détruite. Ce malheur arrivé après la contagion, & au fort d’une triste guerre contre la Hollande, paroissoit irréparable. Cependant, rien ne fait tant voir la richesse, l’abondance & la force de cette nation, quand elle est d’accord avec elle-même, que le dessein formé par elle, d’abord que l’embrasement eut cessé, de rétablir de pierres & de briques sur de nouveaux plans, plus réguliers & plus magnifiques, tout ce que le feu avoit emporté d’édifices de bois, d’aggrandir les temples & les lieux publics, de faire les rues plus larges & plus droites, & de reprendre le travail des manufactures & de toutes les branches du commerce en général, avec plus de force qu’auparavant ; projet qui passa dans l’esprit des autres peuples, pour une bravade de la nation Angloise, mais dont un court intervalle de tems justifia la solidité. L’Europe étonnée, vit au bout de trois ans, Londres rebâtie, plus belle, plus réguliere, plus com-​mode qu’elle n’étoit auparavant ; quelques impôts sur le charbon, & sur-tout l’ardeur & le zéle des citoyens, suffirent à ce travail, également immense & couteux ; bel exemple de ce que peuvent les hommes, dit M. de Voltaire, & qui rend croyable ce qu’on rapporte des anciennes villes de l’Asie & de l’Egypte, construites avec tant de célérité.


Londres se trouve bâtie dans la province de Middlesex, du côté septentrional de la Tamise, sur un côteau élevé, situé sur un fond de gravier, & par conséquent très-sain. La riviere y forme une espece de croissant ; la marée y monte pendant quatre heures, baisse pendant huit, & les vaisseaux de charge peuvent presque arriver jusqu’au pont de cette métropole ; ce qui est un avantage infini pour le prodigieux commerce qu’elle fait.


Son étendue de l’orient à l’occident, est au moins de huit milles ; mais sa plus grande largeur du septentrion au midi, n’a pas plus de deux milles & demi. Comme Londres est éloignée de la mer d’environ 60 milles, elle est à couvert dans cette situation de toute surprise de la part des flottes ennemies.


Sa distance est à 85 lieues S. E. de Dublin, 90 S. d’Edimbourg, 100 N. O. de Paris, 255 N. E. de Madrid, 282 N. O. de Rome, & 346 N. E. de Lisbonne, avec laquelle néanmoins elle a une poste reglée chaque semaine, par le moyen de ses pacquebots.


Par rapport à d’autres grandes villes, Londres est à 70 lieues N. O. d’Amsterdam, 170 S. O. de Copenhague, 240 O. de Vienne, 295 S. O. de Stockholm, 280 O. de Cracovie, 530 O. de Constantinople & de Moscow.


Long. suivant Flamstead & Cassini, 17. 26. 15. lat. 51. 31. La différence des méridiens entre Paris & Londres, ou pour mieux dire entre l’observatoire de Paris & de celui de Gresham, est de 2. 20. 45. dont Londres est plus à l’occident que Paris. (D. J.)​","[['51 31\' N 17 26\' 15"" E']]",,"51 31' N 17 26' 15"" E","51 31' N 17 26' 15"" O"
v9-1884-0,LONGFORD,"LONGFORD, (Géog.)​ petite ville d’Irlande, dans la province de Leinster, au comté de Longford, canton de 27 milles d’étendue, large de 16, & qu’on divise en six baronies. Son chef-lieu est la ville dont nous parlons, située sur la riviere de Camlin, à 5 mille O. de S. John’s-Town, & à 6 milles d’Ardagh. Long. 9. 50. lat. 53. 38. (D. J.)​","[[""53 38' N 9 50' E""]]",,53 38' N 9 50' E,53 38' N 9 50' O
v9-1897-0,LONS-LE-SAUNIER,"LONS-LE-SAUNIER, (Géog.)​ en latin Ledo, plus communément Ledo-Salinarius, & quelquefois​Leodunum : on dit aussi par abus, Lion-le-Saunier. petite ville de France en Franche-comté, près du duché de Bourgogne. Elle prend son nom d’une auge, ou mesure d’eau salée, laquelle en terme de saunerie, s’appelle long. Gollut dit qu’un long contient 24 muids. Cette ville est située sur la petite riviere de Solvan ; à 8 lieues de Dôle, 9 de Châlons. Long. 23. 15. lat. 46. 36. (D. J.)​","[[""46 36' N 23 15' E""]]",,46 36' N 23 15' E,46 36' N 23 15' E
v9-1924-0,LORRIS,"LORRIS, (Géog.)​ petite ville de France en Orléannois, située dans des marécages, à six lieues de Montargis. Cette ville a une coutume singuliere qui porte son nom, & qui s’étend assez loin. Elle fut rédigée en 1531 ; le sieur de la Thaumassiere a fait un ample commentaire sur cette coutume, qui parut à Bourges en 1679 in-fol. C’est un grand malheur que cette multiplicité de coutumes dans ce royaume, & cette foule de commentateurs qu’un avocat doit avoir dans sa bibliotheque ; mais il ne s’agit pas ici de déplorer nos folies, il est question d’une ville dont la long. est 20. 24. la lat. 47. 55.​


Guillaume de Lorris prit ce surnom, parce qu’il naquit dans cette ville sous le regne de S. Louis. Fauchet & la Croix du Maine, racontent qu’il entreprit de composer le fameux roman de la Rose, pour plaire à une dame qu’il aimoit. Il mourut vers l’an 1260, sans avoir achevé cet ouvrage, qui a été continué par Jean Clopinel, dit de Meun, sous le regne de Philippe-le-Bel. (D. J.)​","[[""47 55' N 20 24' E""]]",,47 55' N 20 24' E,47 55' N 20 24' E
v9-1967-1,Louth,"Louth, (Géog.)​ en latin Luvapolis, petite ville à marché d’Irlande, dans la province de Leinster, capitale du comté de Louth. Elle est à 7 milles S. O. de Dundalk, & à 6 N. O. d’Atherdée. Long. 11. lat. 53. 56. (D. J.)​","[[""53 56' N 11 E""]]",,53 56' N 11 E,53 56' N 11 O
v9-2002-4,"Lucar la Mayor, San","Lucar la Mayor, San, (Géogr.)​ petite ville d’Espagne dans l’Andalousie, avec titre de duché & de cité depuis 1636. Elle est sur la Guadiamar, à 3 lieues N. O. de Seville. Long. 12. 12. lat. 37. 25. (D. J.)​","[[""37 25' N 12 12' E""]]",,37 25' N 12 12' E,37 25' N 12 12' E
v9-2014-1,"Lucerne, Lucerna","Lucerne, Lucerna, (Géog.)​ ville de Suisse, autrefois impériale, capitale du canton de même nom. Elle a peut-être tiré le sien d’une vieille tour qui borde un de ses ponts, au haut de laquelle tour on allumoit un fanal pour éclairer les bateaux qui sortoient ou entroient dans la ville.


Son gouvernement civil est aristocratique, & fort approchant de celui de Berne ; mais quant au gouvernement ecclésiastique, les Lucernois bons catholiques dépendent de l’évêque de Coutances, & les nonces du pape y exercent aussi leur autorité. Ils secouerent en 1333 le joug de la maison d’Autriche, & entrerent dans la ligue des cantons de Schwits, Uri & Underwald.


Lucerne est située sur le lac qui porte son nom, dans l’endroit où la Russ sort de ce lac, à 12 lieues S. O. de Zurich, 14 N. E. de Berne, 19 S. E. de Bâle. Long. 26. 1. lat. 47. 5. (D. J.)​","[[""47 5' N 26 1' E""]]",,47 5' N 26 1' E,47 5' N 26 1' E
v9-2024-1,Luçon,"Luçon, (Géog.)​ petite ville de France en Poitou, avec un évêché suffragant de Bordeaux, érigé en 1317 par Jean XXII : long. 16. 29. 26. lat. 46. 27. 14.","[['46 27\' 14"" N 16 29\' 26"" E']]",,"46 27' 14"" N 16 29' 26"" E","46 27' 14"" N 16 29' 26"" E"
v9-2052-0,LULA ou LUHLA,"LULA ou LUHLA, (Géog.)​ ville de la Laponie, au bord du golfe de Bothnie, au nord de l’embouchure de la riviere dont elle porte le nom. Long. 40. 30. latit. 66. 30. (D. J.)​","[[""66 30' N 40 30' E""]]",,66 30' N 40 30' E,66 30' N 40 30' E
v9-2072-0,LUNDEN,"LUNDEN, (Géog.)​ Lundinum Scanorum, ville de Suede capitale de la province de Schone avec un évêque de la confession d’Augsbourg, & une université fondée en 1668 par Charles XI. Cette ville avoit été érigée en archevêché en 1103, & en primatie de Suede & de Norvège en 1151. Les Danois furent obligés de la céder à la Suéde en 1658. Ce fut près de cette ville que Charles XI. défit Christian V. roi de Danemarck en 1676. Elle est à 7 lieues E. de Copenhague, 90 S. O. de Stokolm. Long. selon Picard & les Acta litterar. suec. 30. 53. 45. lat. selon les mêmes 55. 42. 10.


Lunden est encore une petite ville ou plutôt un bourg au cercle de basse Saxe dans le Ditzmarsz, vers les confins de Sleswig, proche l’Eyder ; ce bourg appartient au duc de Holstein. (D. J.)​","[['55 42\' 10"" N 30 53\' 45"" E']]",,"55 42' 10"" N 30 53' 45"" E","55 42' 10"" N 30 53' 45"" E"
v9-2120-0,LUTTERWORTH,"LUTTERWORTH, (Géog.)​ bourg à marché d’Angleterre en Leicestershire, à 72 milles N. O. de Londres. Long. 15. 26. latit. 52. 26.


Je n’ai parlé de ce bourg, que parce que c’est le lieu de la naissance, de la mort & de la sépulture de Jean Wiclef, décédé en 1384. Il s’étoit déclaré hautement pendant sa vie contre les dogmes de l’Eglise romaine. Son parti déja considérable dans le royaume de la grande Bretagne, étoit étayé de la protection du duc de Lancastre, dont l’autorité n’étoit pas moins grande que celle du roi son frere. Wiclef expliquoit la manducation du corps de notre Seigneur, à-peu-près de la même maniere que Berenger l’avoit expliquée avant lui. Ses sectateurs, qu’on nomma Lollards, s’augmentoient tous les jours ; mais ils se multiplierent bien davantage par les persécutions qu’ils essuyerent sous Henri IV. & sous Henri V.","[[""52 26' N 15 26' E""]]",,52 26' N 15 26' E,52 26' N 15 26' O
v9-2127-0,"LUXEU, ou LUXEUIL, Luxovium","LUXEU, ou LUXEUIL, Luxovium, (Géog.)​ petite ville de France en Franche-Comté, au pié d’une célebre abbaye de même nom, à laquelle elle doit son origine ; elle est au pié du mont de Vosge, à six lieues de Vezoul. Long. 24. 4. lat. 47. 40.","[[""47 40' N 24 4' E""]]",,47 40' N 24 4' E,47 40' N 24 4' E
v9-2164-0,LYME,"LYME, (Géog.)​ petite ville à marché en Angleterre, en Dorsetshire, sur une petite riviere de même nom, avec un havre peu fréquenté, & qui n’est connu dans l’histoire que parce que le duc de Montmouth y prit terre, lorsqu’il arriva de Hollande, pour se mettre à la tête du parti, qui vouloit lui donner la couronne de Jacques II. Lyme envoie deux députés au Parlement, & est à 120 milles S. O. de Londres. Long. 14. 48. lat. 50. 46. (D. J.)​","[[""50 46' N 14 48' E""]]",,50 46' N 14 48' E,50 46' N 14 48' O
v9-2173-0,LYON,"LYON, (Géogr.)​ grande, riche, belle, ancienne & celebre ville de France, la plus considérable du royaume après Paris, & la capitale du Lyonnois. Elle se nomme en latin Lugdunum, Lugudunum, Lugdumum Segusianorum, Lugdumum Celtarum, &c. Voyez Lugdunum.


Lyon fut fondée l’an de Rome 712, quarante-un ans avant l’ere chrétienne, par Lucius Munatius Plancus, qui étoit consul avec Æmilius Lepidus. Il la bâtit sur la Sône, au lieu où cette riviere se jette dans le Rhône, & il la peupla des citoyens romains qui avoient été chassés de Vienne par les Allobroges.


On lit dans Gruter une inscription où il est parlé de l’établissement de cette colonie ; cependant on n’honora pas Lyon d’un nom romain ; elle eut le nom gaulois Lugdun, qu’avoit la montagne aujourd’hui Forvieres, sur laquelle cette ville fut fondée. Vibius Sequester prétend que ce mot Lugdun signifioit en langue gauloise, montagne du corbeau. Quoi qu’il en soit, la ville de Lyon est presque aussi souvent nommée Lugudunum dans les inscriptions antiques des deux premiers siecles de notre ere. M. de Boze avoit une médaille de Marc-Antoine, au revers de laquelle se voyoit un lion, avec ce mot partagé en deux, Lugu-duni.


Lyon fondée, comme nous l’avons dit, sur la mon-​tagne de Forvieres, nommée Forum-vetus, & selon d’autres Forum-veneris, s’agrandit rapidement le long des collines, & sur le bord de la Sône ; elle devint bientôt une ville florissante & l’entrepôt d’un grand commerce. Auguste la fit capitale de la Celtique, qui prit le nom de province lyonnoise. Ce fut de Lyon, comme de la forteresse principale des Romains au-deçà des Alpes, qu’Agrippa tira les premiers commencemens des chemins militaires de la Gaule, tant à cause de la rencontre du Rhône & de la Sône qui se fait à Lyon, que pour la situation commode de cette ville, & son rapport avec toutes les autres parties de la Gaule.


Il n’y a rien eu de plus célebre dans notre pays, que ce temple d’Auguste, qui fut bâti à Lyon par soixante peuples des Gaules, à la gloire de cet empereur, avec autant de statues pour orner son autel.


On ne peut point oublier qu’après que Caligula eut reçu dans Lyon l’honneur de son troisieme consulat, il y fonda toutes sortes de jeux, & en particulier cette fameuse académie Athænæum, qui s’assembloit devant l’autel d’Auguste, Ara Lugdunensis. C’étoit là qu’on disputoit les prix d’éloquence greque & latine, en se soumettant à la rigueur des lois que le fondateur avoit établies. Une des conditions singulieres de ces lois étoit que les vaincus non seulement fourniroient à leurs dépens les prix aux vainqueurs, mais de plus qu’ils seroient contraints d’effacer leurs propres ouvrages avec une éponge, & qu’en cas de refus, ils seroient battus de verges, ou même précipités dans le Rhône. De-là vient le proverbe de Juvenal, sat. 2. v. 44.



Palleat ut nudis pressit qui calcibus anguem,
Aut Lugdunensem rhetor dicturus ad aram.


Le temple d’Auguste, son autel, & l’académie de Caligula, dont parlent Suétone & Juvenal, étoient dans l’endroit où est aujourd’hui l’abbaye d’Aisnay, nom corrompu du mot Athænæum.


Lyon jouissoit de tant de décorations honorables, lorsque cent ans après sa fondation, elle fut détruite en une seule nuit, par un incendie extraordinaire, dont on ne trouve pas d’autres exemples dans les annales de l’histoire. Seneque, épist. 91 à Lucius, dit avec beaucoup d’esprit, en parlant de cet embrasement, qu’il n’y eut que l’intervalle d’une nuit, entre une grande ville & une ville qui n’existoit plus ; le latin est plus énergique : inter magnam urbem, & nullam, una nox interfuit. Cependant Néron ayant appris cette triste nouvelle, envoya sur le champ une somme considérable pour rétablir cette ville, & cette somme fut si bien employée, qu’en moins de vingt ans Lyon se trouva en état de faire tête à Vienne, qui suivoit le parti de Galba contre Vitellius.


On voit encore à Lyon quelques pauvres restes des magnifiques ouvrages dont les Romains l’avoient embellie. Le théâtre où le peuple s’assembloit pour les spectacles étoit sur la montagne de Saint-Gust, dans le terrein qui est occupé par le couvent & les vignes des Minimes. On y avoit construit des aqueducs pour conduire de l’eau du Rhône dans la ville, avec des réservoirs pour recevoir ces eaux. Il ne subsiste de tout cela qu’un réservoir assez entier, qu’on appelle la grotte Berelle, quelques arcades ruinées & des amas de pierres.


Le palais des empereurs & des gouverneurs, lorsqu’ils se trouvoient à Lyon, étoit sur le penchant de la même montagne, dans le terrein du monastere des religieuses de la Visitation. L’on ne sauroit presque y creuser que l’on n’y trouve encore quelque antiquaille. On peut ici se servir de ce mot antiquaille, parce qu’une partie de la colline en a retenu le nom.


Lorsque dans le cinquieme siecle les Gaules furent envahies par des nations barbares, Lyon fut​ prise par les Bourguignons, dont le roi devint feudataire de Clovis sur la fin du même siecle. Les fils de Clovis détruisirent cet état des Bourguignons, & se rendirent maîtres de Lyon. Mais cette ville dans la suite des tems changea plusieurs fois de souverains ; & ses archevêques eurent de grands différends avec les seigneurs du Lyonnois, pour la jurisdiction. Enfin les habitans s’étant affranchis de la servitude, contraignirent leur archevêque de se mettre sous la protection du roi de France, & de reconnoître sa souveraineté. C’est ce qui arriva sous Philippe le Bel en 1307 ; alors ce prince érigea la seigneurie de Lyon en comté, qu’il laissa à l’archevêque & au chapitre de saint Jean ; & c’est là l’origine du titre de comtes de Lyon que prennent les chanoines de cette église.


En 1563, le droit de justice que l’archevêque avoit, fut mis en vente, & adjugé au roi, dernier enchérisseur. Depuis ce tems-là toute la justice de Lyon a été entre les mains des officiers du Roi.


Cette ville a présentement un gouverneur, un intendant, une sénéchaussée & siége présidial, qui ressortissent au parlement de Paris ; un échevinage, un arsenal, un bureau des tresoriers de France, une cour des monnoies & deux foires renommées.


L’archevêché de Lyon vaut environ cinquante mille livres de rente. Quand il est vacant c’est l’évêque d’Autun qui en a l’administration, & qui jouit de la régale ; mais il est obligé de venir en personne en faire la demande au chapitre de saint Jean de Lyon. L’archevêque de Lyon a aussi l’administration du diocèse d’Autun pendant la vacance, mais il ne jouit pas de la régale.


Comme plusieurs écrivains ont donné d’amples descriptions de Lyon, j’y renvoie le lecteur, sans entrer dans d’autres détails. Je remarquerai seulement, que cette ville se trouvant au centre de l’Europe, si l’on peut parler ainsi, & sur le confluent de deux rivieres, la Sône & le Rhône ; une situation si heureuse la met en état de fleurir & de prospérer éminemment par le négoce. Elle a une douane fort ancienne & fort considérable ; mais il est bien singulier que ce n’est qu’en 1743, que les marchandises allant à l’étranger ont été déchargées des droits de cette douane. Cette opération si tardive, dit un homme d’esprit, prouve assez combien longtems les François ont été aveuglés sur la science du commerce.


Lyon est à six lieues N. O. de Vienne, vingt N. O. de Grenoble, vingt-huit S. O. de Genève, trente-six N. d’Avignon, quarante S. O. de Dijon, soixante N. O. de Turin, cent S. E. de Paris. Long. suivant Cassini, 22d. 16′. 30″. lat. 45d. 45′. 20″.


On sait que l’empereur Claude fils de Drusus, & neveu de Tibere, naquit à Lyon dix ans avant J. C. mais cette ville ne peut pas se glorifier d’un homme dont la mere, pour peindre un stupide, disoit qu’il étoit aussi sot que son fils Claude. Ses affranchis gouvernerent l’empire, & le deshonorerent ; enfin lui-même mit le comble au desastre en adoptant Néron pour son successeur au préjudice de Britannicus. Parlons donc des gens de lettres, dont la naissance peut faire honneur à Lyon, car elle en a produit d’illustres.


Sidonius Apollinaris doit être mis à la tête, comme un des grands évêques & des célebres écrivains du cinquieme siecle. Son pere étoit préfet des Gaules sous Honorius. Apollinaire devint préfet de Rome, patrice, & évêque de Clermont. Il mourut en 480, à cinquante-deux ans. Il nous reste de lui neuf livres d’épitres & vingt-quatre pieces de poésies, publiées avec les notes de Jean Savaron & du pere Sirmond.


Entre les modernes, Messieurs Terrasson, de Boze,​Spon, Chazelles, Lagni, Truchet, le pere Ménétirer, &c. ont eu Lyon pour patrie.


L’abbé Terrasson (Jean) philosophe pendant sa vie & à sa mort, mérite notre reconnoissance par son élégante & utile traduction de Diodore de Sicile. Malgré toutes les critiques qu’on a faites de son Sethos, on ne peut s’empêcher d’avouer qu’il s’y trouve des caracteres admirables & des morceaux quelquefois sublimes ; il mourut en 1750. Deux de ses freres se sont livrés à la prédication avec applaudissement ; leurs sermons imprimés forment huit volumes in-12. L’avocat Terrasson ne s’est pas moins distingué par ses ouvrages de jurisprudence. Il étoit l’oracle du Lyonnois, & de toutes les provinces qui suivent le droit romain.


M. de Boze (Claude Gros de) habile antiquaire & savant littérateur, s’est distingué par plusieurs dissertations sur les médailles antiques, par sa bibliotheque de livres rares & curieux, & plus encore par les quinze premiers volumes in-4°. des mémoires de l’académie des Inscriptions, dont il étoit le secrétaire perpétuel. Il mourut en 1754 âgé de soixante-quatorze ans.


Le public est redevable à M. Spon (Jacob) des recherches curieuses d’antiquités in folio, d’une relation de ses voyages de Grece & du Levant, imprimés tant de fois, & d’une bonne histoire de la ville de Genève. Il mourut en 1685 âgé seulement de trente-huit ans.


Chazelles (Jean Mathieu de) imagina le premier qu’on pouvoit conduire des galeres sur l’Océan ; ce qui réussit. Il voyagea dans la Grece & dans l’Egypte ; il mesura les pyramides, & remarqua que les quatre côtés de la plus grande sont exposés aux quatre régions du monde ; c’est-à-dire à l’orient, à l’occident, au midi & au nord. Il fut associé à l’académie des Sciences, & mourut à Marseille en 1710 âgé de cinquante-trois ans.


M. de Lagny (Thomas Fantet de) a publié plusieurs mémoires de Mathématiques dans le recueil de l’académie des Sciences, dont il étoit membre. Il mourut en 1734 âgé de soixante-quatorze ans. Voyez son éloge par M. de Fontenelle.


Truchet (Jean) célebre méchanicien, plus connu sous le nom de P. Sébastien, naquit à Lyon en 1657, & mourut à Paris en 1729. Il enrichit les manufactures du royaume de plusieurs machines très-utiles, fruit de ses découvertes & de son génie ; il inventa les tableaux mouvans, l’art de transporter de gros arbres entiers sans les endommager ; & cent autres ouvrages de Méchanique. En 1699, le roi le nomma pour un des honoraires de l’académie des Sciences, à laquelle il a donné comme académicien quelques morceaux, entr’autres une élégante machine du système de Galilée, pour les corps pesans, & les combinaisons des carreaux mi-partis, qui ont excité d’autres savans à cette recherche.


Le R. P. Menetrier (Claude François.) jésuite, décédé en 1705, a rendu service à Lyon sa patrie, par l’histoire consulaire de cette ville. Il ne faut pas le confondre avec les deux habiles antiquaires de Dijon, qui portent le même nom, Claude & Jean-Baptiste le Menestrier, & qui ont publié tous les deux des ouvrages curieux sur les médailles d’antiquités romaines.


Je pourrois louer le poëte Gacon (François) né à Lyon en 1667, s’il n’avoit mis au jour que la traduction des odes d’Anacréon & de Sapho, celle de la comédie des oiseaux d’Aristophane, & celle du poëme latin de du Fresnoy sur la Peinture. Il mourut en 1725.


Vergier (Jacques) poëte lyonnois, est à l’égard de la Fontaine, dit M. de Voltaire, ce que Campistron est à Racine, imitateur foible, mais naturel.​ Ses chansons de table sont charmantes, pleines d’élégance & de naïveté. On sait quelle a été la triste fin de ce poëte ; il fut assassiné à Paris par des voleurs en 1720, à soixante-trois ans.


Enfin Lyon a donné de fameux artistes ; par exemple, Antoine Coysevox, dont les ouvrages de sculpture ornent Versailles, Jacques Stella, qui devint le premier peintre du Roi, & qui a si bien réussi dans les pastorales ; Joseph Vivien, excellent dans le pastel, avant le célebre artiste de notre siecle, qui a porté ce genre de peinture au dernier point de perfection, &c. (D. J.)​","[['45 45\' 20"" N 22 16\' 30"" E']]",,"45 45' 20"" N 22 16' 30"" E","45 45' 20"" N 22 16' 30"" E"
v9-2189-0,MAAMETER,"MAAMETER, (Géog.)​ ville de Perse, autrement nommée Bafrouche. Elle est située, selon Tavernier, à 77. 35. de long. & à 36. 50. de latitude. (D. J.)​","[[""36 50' N 77 35' E""]]",,36 50' N 77 35' E,36 50' N 77 35' E
v9-219-0,KAOCHEU,"KAOCHEU, (Géog.)​ ville de la Chine, septieme métropole de la province de Quanton ; elle est dans un terroir où se trouvent beaucoup de paons, de vautours excellens pour la chasse, & de belles carrieres de marbre. Long. 129. lat. 22. 23. (D. J.)​","[[""22 23' N 129 E""]]",,22 23' N 129 E,22 23' N 129 E
v9-2241-0,"MACHÉCHOU, ou MACHÉCOL","MACHÉCHOU, ou MACHÉCOL, (Géog.)​ petite ville de France en Bretagne, diocèse & recette de Nantes, chef-lieu du duché de Retz, sur la petite riviere de Tenu, à 8 lieues de Nantes. Long. 15. 48. lat. 47. 2. (D. J.)​","[[""47 2' N 15 48' E""]]",,47 2' N 15 48' E,47 2' N 15 48' E
v9-225-0,KAPOSWAR,"KAPOSWAR, (Géogr.)​ forteresse de la basse-Hongrie, ainsi nommée de la riviere de Kapos, qui l’arrose à 12 lieues de Tolna. Long. 36. 38. latit. 46. 28. (D. J.)​","[[""46 28' N 36 38' E""]]",,46 28' N 36 38' E,46 28' N 36 38' E
v9-2251-0,MACHIAN,"MACHIAN, (Géog.)​ l’une des îles Moluques, dans l’Océan oriental : elle a environ 7 lieues de tour. Long. 144. 50. lat. 16. (D. J.)​","[[""16 N 144 50' E""]]",,16 N 144 50' E,16 N 144 50' E
v9-2314-0,MADAIN,"MADAIN, (Géog.)​ ville d’Asie en Perse, dans l’Iraque babylonienne en Chaldée, sur le Tygre, à 9 lieues de Bagdat, avec un palais bâti par Khosroès surnommé Nurshivan. Les tables arabiques donnent à Madain 79 degrés de long. & 33. 10. de latit. septentrionale.","[[""33 10' N 79 E""]]",,33 10' N 79 E,33 10' N 79 E
v9-2321-0,"MADERE, ou MADERA","MADERE, ou MADERA, (Géog.) île de l'Océan atlantique, située à environ 13 lieues de Portosanto, à 60 des Canaries entr'elles & le détroit de Gibraltar, par les 32 degrés 27 minutes de latitude septentrionale, & à 18 de longitude, à l'ouest du méridien de Londres. Elle fut découverte en 1420 par Juan Gonzalès & Tristan Vaz, Portugais. Ils la nommerent Madeira, c'est-à-dire bois ou forêt, parce qu'elle étoit hérissée de bois lorsqu'ils la découvrirent. On dit même qu'ils mirent le feu à une de ces forêts pour leurs besoins ; que ce feu s'étendit beaucoup plus qu'ils n'avoient prétendu, & que les cendres qui resterent après l'incendie, rendirent la terre si fertile, qu'elle produisit dans les commencemens soixante pour un ; de sorte que les vignes qu'on y planta, donnoient plus de grapes que de feuilles. Madere a, suivant Sanut, 6 lieues de largeur, 15 de longueur de l'orient à l'occident, & environ 40 de circuit. Elle forme comme une longue montagne qui court de l'est à l'ouest sous un climat des plus agréables & des plus tempérés. La partie méridionale est la plus cultivée, & on y respire toujours un air pur & serein. Cette île fut divisée par les Portugais en quatre quartiers, dont le plus considérable est celui de Funchal. On comptoit déja dans Madere en 1625 jusqu'à quatre mille maisons, & ce nombre a beaucoup augmenté. Elle est arrosée par sept ou huit rivieres & plusieurs ruisseaux qui descendent des montagnes. La grande richesse du lieu sont les vignobles qui donnent un vin exquis ; le plan en a été apporté de Candie. On recueille environ 28 mille pieces de vin de Madere de différentes qualités ; on en boit le quart dans le pays ; le reste se transporte ailleurs, sur-tout aux Indes occidentales & aux Barbades. Un des meilleurs vignobles de l'ile appartient aux jésuites, qui en tirent un révenu considérable. Tous les fruits de l'Europe réussissent merveilleusement à Madere. Les citrons en particulier, dont on fait d'excellentes confitures, y croissent en abondance ; mais les habitans font encore plus de cas des bananes. Cette île abonde aussi en sangliers, en animaux domestiques, & en toutes sortes de gibier. Elle retire du blé des Açores, parce qu'elle n'en recueille pas assez pour la nourriture des insulaires. Ils sont bigots, superstitieux au point de refuser la sépulture à ceux qu'ils nomment hérétiques ; en même tems ils sont très-débauchés, d'une lubricité effrénée, jaloux à l'excès, punissant le moindre soupçon de l'assassinat, pour lequel ils trouvent un asyle assuré dans les églises. Ce contraste de dévotion & de vices prouve que les préjugés ont la force de concilier dans l'esprit des hommes les oppositions les plus étranges ; ils les dominent au point, qu'il est rare d'en triompher, & souvent dangereux de les combattre.","[[""32 27' N 18 W""]]",['Londres'],32 27' N 18 W,32 27' N 18 O
v9-2332-0,"MADRAS, ou MADRASPATAN","MADRAS, ou MADRASPATAN, (Géographie.)​ grande ville des Indes orientales, sur la côte de Coromandel, avec un fort, nommé le fort Saint-Georges. Elle appartient aux Anglois, & est pour la compagnie d’Angleterre, ce que Pondichéry est pour celle de France. On doit la regarder comme la métropole des établissemens de la nation angloise en orient, au-delà de la côte de la Pescherie.


Cette ville s’est considérablement augmentée depuis la ruine de Saint-Thomé, des débris de laquelle elle s’est accrue. On y compte 80 à 100 mille ames. Les impôts que la compagnie d’Angleterre y levoit avant la guerre de 1745, montoient à 50000 pagodes ; la pagode vaut environ 8 shellings, ou 8 livres 10 sols de notre argent.


M. de la Bourdonnaye se rendit maître de Madras en 1746, & en tira une rançon de 5 à 6 millions de France. C’est ce même homme, qu’on traita depuis en criminel, & qui après avoir langui plus de trois ans à la Bastille, eut l’avantage de trouver dans M. de Gennes, célebre avocat, un zélé défenseur de sa conduite ; de sorte qu’il fut déclaré innocent par la commission que le roi nomma pour le juger.


Madras est situé au bord de la mer, dans un terrein très-fertile, à une lieue de Saint-Thomé, 25 de Pondichery. Long. 98. 8. lat. selon le P. Munnaos, 13. 20. (D. J.)​","[[""13 20' N 98 8' E""]]",,13 20' N 98 8' E,13 20' N 98 8' E
v9-2336-0,MADRID,"MADRID, (Géogr.)​ ville d’Espagne dans la nouvelle Castille, & la résidence ordinaire des rois. On croit communément que c’est la Mantua Carpetanorum des anciens, ou plutôt qu’elle s’est formée des ruines de villæ-Manta.


En 1085, sous le regne d’Alphonse VI. après la capitulation de Tolède, qu’occupoient les Mahométans, toute la Castille neuve se rendit à Rodrigue, surnommé le Cid, le même qui épousa depuis Chimene, dont il avoit tué le pere. Alors Madrid, petite place qui devoit un jour être la capitale de l’Espagne, tomba pour la premiere fois au pouvoir des Chrétiens.


Cette bourgade fut ensuite donnée en propre aux archevêques de Tolède, mais depuis Charles V. les rois d’Espagne l’ayant choisie pour y tenir leur cour, elle est devenue la premiere ville de cette vaste monarchie.


Elle est grande, peuplée, ornée du palais du roi, de places, d’autres édifices publics, de quantité d’églises, & d’une académie fondée par Philippe IV. mais les rues y sont mal propres & très-mal pavées. On y voit plusieurs maisons sans vitres, parce que c’est la coutume que les locataires font mettre le vitrage à leurs dépens, & lorsqu’ils délogent, ils ont soin de l’emporter ; le locataire qui succede s’en passe, s’il n’est pas assez riche pour remettre des vitres.


Un autre usage singulier, c’est que dans la bâtisse des maisons, le premier étage qu’on éleve appartient au roi, duquel le propriétaire l’achete ordinairement. C’est une sorte d’impôt très-bisarre, & très-mal imaginé.


Philippe IV. a fondé dans cette capitale une maison pour les enfans trouvés ; on peut prendre des administrateurs un certificat qui coute deux patagons ; ce certificat sert pour retirer l’enfant quand on veut. Tous ces enfans sont censés bourgeois de Madrid, & même ils sont réputés à certains égards gentilshommes, c’est-à-dire qu’ils peuvent entrer​ dans un ordre de chevalerie, qu’on appelle habito.


Madrid jouit d’un air très-pur, très-subtil, & froid dans certains tems, à cause du voisinage des montagnes. Elle est située dans un terrain fertile, sur une hauteur, bordée de collines d’un côté, à six lieues S. O. d’Alcala, sept de l’Escurial, neuf de Puerto de Guadaréma, cent six N. E. de Lisbonne, environ deux cens de Paris, & trois cens de Rome. Long. selon Cassini, 13d. 45′. 45″. lat. 40. 26. (D. J.)​","[['40 26\' N 13 45\' 45"" E']]",,"40 26' N 13 45' 45"" E","40 26' N 13 45' 45"" O"
v9-2395-0,"MAGLIANO, Manliana","MAGLIANO, Manliana, (Géogr.)​ petite ville d’Italie dans la Sabine ; elle est située sur la cime d’une montagne, près du Tibre, à 12 lieues S. O. de Spolete, 8 N. E. de Rome. Long. 30. 10. lat. 42. 20. (D. J.)​","[[""42 20' N 30 10' E""]]",,42 20' N 30 10' E,42 20' N 30 10' E
v9-2410-0,MAGNI-SIAH,"MAGNI-SIAH, (Géog.) ville d'Asie, dans la province de Serhan, au pié d'une montagne ; c'est la même ville, selon les apparences, que la Magnésie du mont Sipyle. Les orientaux lui donnent 60d. de long. & 40d. de lat. (D. J.)",[['40 N 60 E']],,40 N 60 E,40 N 60 E
v9-2415-0,MAGNY,"MAGNY, (Géog.)​ petite ville de France, au Vexin françois, sur la route de Paris à Rouen, à 14 lieues de ces deux villes, & dans un terrein fertile en blé : le P. Breit croit que c’est le Petromantalum des anciens. Long. 19. 22. lat. 49. 8.


C’est la patrie de Jean-Baptiste Santerre, un de nos peintres qui a excellé dans les sujets de fantaisie. Il a fait encore des tableaux de chevalet d’une grande beauté, entre autres celui d’Adam & d’Eve. Voyez l’article de cet illustre maître, au mot Ecole françoise (D. J.)​","[[""49 8' N 19 22' E""]]",,49 8' N 19 22' E,49 8' N 19 22' E
v9-2464-0,"MAILLEZAIS, , Malliacum Pictonum","MAILLEZAIS, Malliacum Pictonum, (Géogr.)​ ville de France en Poitou ; son évêché fut transféré à la Rochelle en 1648. Elle est dans une île formée par la Seure & l’Autise, entre dans des marais à huit lieues N. E. de la Rochelle, vingt S. O. de Poitiers, quatre-vingt onze S. O. de Paris. Long. 16d. 55′. 22″. lat. 46d. 22′. 16″. (D. J.)​","[['46 22\' 16"" N 16 55\' 22"" E']]",,"46 22' 16"" N 16 55' 22"" E","46 22' 16"" N 16 55' 22"" E"
v9-2478-0,MAINTENON,"MAINTENON, (Géog.)​ gros bourg de France dans la Beauce, sur la riviere d’Eure, à quatre lieues de Chartres. Il y a une collégiale & un château : ce fut près de ce bourg, que Louis XIV. entreprit en 1684, de conduire une partie des eaux de la riviere d’Eure à Versailles. Les travaux furent abandonnés en 1688, & sont restés inutiles. En 1679, le même prince érigea la terre de Maintenon en marquisat, & en fit présent à Françoise d’Aubigné, qui prit le titre de marquise de Maintenon, sous lequel elle devint si célebre par sa faveur auprès du monarque dont elle conserva la confiance tant qu’il vécut, quoiqu’elle fût plus âgée que lui. Long. de ce bourg. 19. 15. lat. 48. 33. (D. J.)​","[[""48 33' N 19 15' E""]]",,48 33' N 19 15' E,48 33' N 19 15' E
v9-2488-2,Maïorque,"Maïorque, (Géogr.) les Latins l'ont connue sous le nom de Palma ; c'est une belle & riche ville, capitale de l'île de même nom, avec un évêché suffragant de Valence. On y compte huit à dix mille habitans, & on loue beaucoup la beauté des places publiques, de la cathédrale, du palais royal, & de la maison de contractation, où se traitent les affaires du commerce. Il y a dans cette ville un capitaine général qui commande à toute l'île, & une garnison contre l'incursion des Maures. Les Anglois prirent Maïorque en 1706, mais elle fut reprise en 1715, & depuis ce tems elle est restée aux Espagnols. Elle est au S. O. de l'île, avec un bon havre, à 29 lieues N. E. d'Ivica, 48 S. E. de Barcelone, 57 E. de Valence. Long. selon Cassini, 20. o. 4. lat. 39. 35. (D. J.)","[['39 35\' N 20 0\' 4"" E']]",,"39 35' N 20 0' 4"" E",39 35' N 20 4' O
v9-2595-0,MALMESBURY,"MALMESBURY, (Géogr.)​ en latin Maldunum ; petite ville à marché d’Angleterre en Wiltshire. Elle envoie deux députés au parlement, & est située sur l’Aven, à 72 milles O. de Londres. Long. 15. 36. lat 51. 36.


Ce lieu est remarquable par les ruines de sa célebre abbaye fondée en 660, & pour avoir donné la naissance non-seulement à Guillaume de Malmesbury, mais au fameux Hobbes.


Le moine bénédictin qui porte le nom de cette abbaye détruite, florissoit dans le xij. siecle. Il est auteur d’une histoire ecclésiastique d’Angleterre, & d’autres ouvrages qu’Henri Saville fit imprimer à Londres en 1596.


Hobbes (Thomas), l’un des plus grands esprits du dernier siecle & qui en abusa, homme étonnant par la profondeur de ses méditations, naquit en 1588, & mourut en 1679 à 91 ans ; cependant sa mere, saisie de frayeur à l’approche de l’armée navale d’Espagne, étoit accouchée de lui avant terme. Tout le monde connoît les dangereux principes qu’il établit dans son traité du citoyen & son léviathan ; il désigne le corps politique sous le nom de cette bête. Les inconvéniens du système de cet auteur ingénieux sont immenses, & les beaux génies d’Angleterre les ont trop bien mis au jour pour qu’on puisse jamais les déguiser à soi-même ou aux autres. Voyez l’art. Hobbisme. (D. J.)​","[[""51 36' N 15 36' E""]]",,51 36' N 15 36' E,51 36' N 15 36' E
v9-303-0,KENDAL,"KENDAL, (Géog.)​ c’est peut-être le concangium des Latins, ville riche & bien peuplée d’Angleterre au Westmorland. On y fait un bon commerce de draps, de droguets, de serges, de coton, de bas & de chapeaux. Elle est sur la riviere de Ken, dans une vallée d’où elle prend son nom, à 60 milles N. O. de Londres. Long. 14. 35. lat. 54. 22. (D. J.)​","[[""54 22' N 14 35' E""]]",,54 22' N 14 35' E,54 22' N 14 35' E
v9-306-0,KENNAOUG,"KENNAOUG, (Géog.)​ ville de l’Indoustan, au pays de Hend, au second climat. Long. selon d’Herbelot, 115d. lat. 26. (D. J.)​",[['26 N 115 E']],,26 N 115 E,26 N 115 E
v9-312-0,KENTZINGUE,"KENTZINGUE, (Géog.)​ petite ville d’Allemagne, dans le Brisgow, sur l’Elz, peu loin du Rhin, & appartenante à l’empereur. Long. 25. 26. lat. 48. 15. (D. J.)​","[[""48 15' N 25 26' E""]]",,48 15' N 25 26' E,48 15' N 25 26' E
v9-315-0,KERAH,"KERAH, (Géog.)​ ville de Perse, dont la longit. selon Tavernier, est de 86. 40. latit. 34. 15. (D. J.)​","[[""34 15' N 86 40' E""]]",,34 15' N 86 40' E,34 15' N 86 40' E
v9-345-0,KEXHOLM,"KEXHOLM, (Géog.)​ on l’appelle autrement Carelsgorod, Kexholmia, ville de l’empire russien dans la Carélie, avec un château sur le lac de Ladoga. La Russie l’a conquise sur la Suede. Elle est à 13 lieues N. E. de Vibourg, 75 N. E. d’Abo. Long. 48. 40. latit. 61. 22. (D. J.)​","[[""61 22' N 48 40' E""]]",,61 22' N 48 40' E,61 22' N 48 40' E
v9-348-0,KHAIBAR,"KHAIBAR, (Géog.)​ petite ville de l’Arabie heureuse, abondante en palmiers, à six stations de Médine, entre le septentrion & l’orient. Elle est, selon Abulféda, à 67d30′ de longitude, & à 24d20′ de latitude. (D. J.)​","[[""24 20' N 67 30' E""]]",,24 20' N 67 30' E,24 20' N 67 30' E
v9-369-0,KIDDERMINSTER,"KIDDERMINSTER, (Géogr.)​ ville d’Angleterre dans la province de Worcester. Elle se distingue par ses étoffes de fil & laine, dont on fait des tapisseries, & qu’on emploie à d’autres usages. Long. 15. 30. lat. 51. 54. (D. J.)​","[[""51 54' N 15 30' E""]]",,51 54' N 15 30' E,51 54' N 15 30' E
v9-394-0,KILLYLAGH,"KILLYLAGH, (Géog.)​ petite ville d’Irlande dans la province d’Ulter, au comté de Down, sur le lac de Stranforg. Elle est à 17 milles de Dromore, & envoie deux députés au parlement d’Irlande. Long. 11. 22. lat. 64. 30. (D. J.)​","[[""64 30' N 11 22' E""]]",,64 30' N 11 22' E,64 30' N 11 22' O
v9-404-0,KINGSALE,"KINGSALE, (Géog.)​ ville à marché d’Irlande, dans la province de Mounster, au comté & à 12 milles S. de Gork. Elle est peuplée, marchande, & a un excellent port. Long. 9. 10. lat. 51. 36. (D. J.)​","[[""51 36' N 9 10' E""]]",,51 36' N 9 10' E,51 36' N 9 10' E
v9-424-0,KIRCHEHER,"KIRCHEHER, (Géog.)​ ville d’Asie dans la Natolie, entre Césarée & Angoura. Long. 36. 30. lat. 39. (D. J.)​","[[""39 N 36 30' E""]]",,39 N 36 30' E,39 N 36 30' E
v9-427-0,KIRKALDIE,"KIRKALDIE, (Géog.)​ ville d’Ecosse, dans la province de Fise, à 3 lieues N. d’Edimbourg, & 113 N. O. de Londres. Long. 14. 45. lat. 56. 20. (D. J.)​","[[""56 20' N 14 45' E""]]",,56 20' N 14 45' E,56 20' N 14 45' O
v9-440-0,KITTIS,"KITTIS, (Géog.) montagne de la Laponie suédoise, voisine de Pello, village habité par quelques finnois, à 66d 48'20"" de latit. On la suppose dans ce calcul, plus orientale que Paris, de 1"" 23'. En y montant, on trouve une abondante source d'eau la plus claire, qui sort d'un sable très-fin, & qui dans les plus grands froids de l'hiver, conserve sa liquidité. Pendant que la mer du fond du golfe de Bothnie, & tous les fleuves sont aussi durs que le marbre, cette eau coule comme au fort de l'été. Voyez les mémoir. de l'Acad. des Scienc. ann. 1737, pag. 401 & 433. (D. J.)","[['66 48\' 20"" N 1 23\' E']]",['Paris'],"66 48' 20"" N 1 23' E","66 48' 20"" N"
v9-455-0,KNOCKFERGUS ou CARRICFERGUS,"KNOCKFERGUS ou CARRICFERGUS, (Géogr.)​ ville à marché d’Irlande, capitale d’un comté de même nom dans la province d’Ulster, avec un château & un excellent fort, à 8 milles de Belfast, & à 90 de Dublin. Long. 11. 42. lat. 54. 45. (D. J.)​","[[""54 45' N 11 42' E""]]",,54 45' N 11 42' E,54 45' N 11 42' O
v9-483-0,"KONGAL, ou KONGEL","KONGAL, ou KONGEL, (Géog.)​ petite ville de Norwege, au gouvernement de Bahus, sur la Gothelba. Les Danois la céderent aux Suédois en 1636, par le traité de Roschild. Long. 29. 10. lat. 57. 50. (D. J.)​","[[""57 50' N 29 10' E""]]",,57 50' N 29 10' E,57 50' N 29 10' E
v9-523-0,KOUAKEND,"KOUAKEND, (Géogr.)​ ville d’Asie, de la dépendance de Farganah, & dans la contrée supérieure de Nessa. Abulféda & les tables persiennes lui donnent de long. 90. 50. latit. 42. (D. J.)​","[[""42 N 90 50' E""]]",,42 N 90 50' E,42 N 90 50' E
v9-527-0,KOUCHT,"KOUCHT, (Géog.)​ ville de Perse, dont le terroir porte d’excellent blé & de très-bons fruits. Elle est, selon Tavernier, à 83. 40. de long. & à 33. 20. de latitude. (D. J.)​","[[""33 20' N 83 40' E""]]",,33 20' N 83 40' E,33 20' N 83 40' E
v9-531-0,KOWNO,"KOWNO, (Géog.)​ ville de Pologne en Lithuanie, dans le palatinat de Troki, aux confins de la Samogitie, à l’embouchure de la Vilia, à 8 milles de Troki & à 13 de Vilna. Long. 43. 40. latit. 54. 28. (D. J.)​","[[""54 28' N 43 40' E""]]",,54 28' N 43 40' E,54 28' N 43 40' E
v9-543-0,KRICZOW ou KRUZOW,"KRICZOW ou KRUZOW, (Géogr.)​ petite ville épiscopale de Lithuanie, au palatinat de Mécilaw, sur le Lors. Long. 50. 50. lat. 53. 50. (D. J.)​","[[""53 50' N 50 50' E""]]",,53 50' N 50 50' E,53 50' N 50 50' E
v9-547-0,KRUSWICK,"KRUSWICK, (Géogr.)​ petite ville & châtellenie de Pologne, dans la Cujavie, au palatinat de Brzzet, sur le lac de Cuplo. C’est la patrie du fameux Piaste, qui de simple bourgeois fut élevé sur le trône, à ce que prétend le Laboureur dans son voyage de Pologne. Long. 36. 32. lat. 52. 34. (D. J.)​","[[""52 34' N 36 32' E""]]",,52 34' N 36 32' E,52 34' N 36 32' E
v9-563-0,KURGAN le,"KURGAN le, (Géogr.) riviere d'Asie. Elle a sa source dans la province de Korazan, vers le 85 deg. de long. & le 35 deg. de lat. au nord des montagnes qui regnent dans la partie méridionale de cette province. Après un cours d'environ 60 lieues d'Allemagne, elle se jette dans la mer Caspienne à l'ouest de la ville d'Astrabath. C'est une riviere fort poissonneuse, & qui fertilise les cantons du Khorasan qu'elle arrose. (D. J.)",[['35 N 85 E']],,35 N 85 E,35 N 85 E
v9-578-0,"LAA, ou LAAB ou LAHA","LAA, ou LAAB ou LAHA, (Géog.)​ en latin Laha par Cuspinien, & Lava par Bonfinius ; petite ville d’Allemagne, dans la basse Autriche, remarquable par la victoire qu’y remporta l’empereur Rodolphe d’Habsbourg en 1278, sur Ottocare roi de Bohéme, qui y fut tué. C’est ce qui a acquis l’Autriche & la Stirie à la maison qui les posséde aujourd’hui. Les Hongrois & le roi Béla furent aussi défaits près de Laab par les Bohémiens en 1260 ; elle est sur la Téya, à 12 lieues N. E. de Vienne. Long. 33. 36. lat. 48. 43. (D. J.)​","[[""48 43' N 33 36' E""]]",,48 43' N 33 36' E,48 43' N 33 36' E
v9-64-0,"JUMIEGE, Gemmeticum","JUMIEGE, Gemmeticum, (Géog.)​ bourg de France en Normandie, au pays de Caux, remarquable par une célebre abbaye de benédictins. Il est sur la Seine, à 5 lieues S. O. de Rouen, 3 S. E. de Caudebec, 30 N. O. de Paris. Long. 18. 30. lat. 49. 25. (D. J.)​","[[""49 25' N 18 30' E""]]",,49 25' N 18 30' E,49 25' N 18 30' E
v9-658-0,LADENBOURG,"LADENBOURG, (Géog.)​ Ladenburgum, petite ville d’Allemagne au palatinat du Rhin, entre Heidelbern & Manheim sur le Necker. Elle appartient à l’évêché de Worms, & à l’électeur Palatin. Long. 27. 17. lat. 49. 27. (D. J.)​","[[""49 27' N 27 17' E""]]",,49 27' N 27 17' E,49 27' N 27 17' E
v9-661-0,LADOGA,"LADOGA, (Géogr.)​ ville de l’empire Russien, sur le bord méridional du lac du même nom. Long. 51. 4. lat. 60. (D. J.)​","[[""60 N 51 4' E""]]",,60 N 51 4' E,60 N 51 4' E
v9-69-0,JUNGNING,"JUNGNING, (Géog.)​ ville de la Chine, onzieme métropole de la province de Junnan. Long. 120. 10. lat. 27. 33. (D. J.)​","[[""27 33' N 120 10' E""]]",,27 33' N 120 10' E,27 33' N 120 10' E
v9-699-0,LAHIJON,"LAHIJON, (Géog.)​ ville de Perse, selon Tavernier, qui la met à 74. 25. de long. & à 37. 15. de latitude. (D. J.)​","[[""37 15' N 74 25' E""]]",,37 15' N 74 25' E,37 15' N 74 25' E
v9-700-0,"LAHOLM, Laholmia","LAHOLM, Laholmia, (Géog.)​ ville forte de Suede, dans la province de Halland, proche la mer Baltique, avec un château & un port sur le bord septentrional de la riviere de Laga, à 20 lieues N. E. de Helsingborg, 4 S. E. d’Helmstadt. Long. 30. 18. lat. 56. 35. (D. J.)​","[[""56 35' N 30 18' E""]]",,56 35' N 30 18' E,56 35' N 30 18' E
v9-792-0,"LAMPEDOUSE, ou LAMPADOUSE","LAMPEDOUSE, ou LAMPADOUSE, (Géog.)​ Ptolomée la nomme Lopadusa ; les Italiens l’appellent Lampedosa. Petite ile de la mer d’Afrique sur la côte de Tunis, d’environ 16 milles de circuit, & 6 de longueur, à 20 lieues E. de Tunis, & 43 de Malte ; elle est déserte, mais elle a un assez bon port, où les vaisseaux vont faire de l’eau. C’est auprès de cette île que l’armée navale de l’empereur Charles-Quint fit naufrage en 1552. Long. 30. 35. lat. 36. (D. J.)​","[[""36 N 30 35' E""]]",,36 N 30 35' E,36 N 30 35' E
v9-828-0,"LANDEN, Landenum","LANDEN, Landenum, (Géog.)​ petite ville des Pays-bas autrichiens, dans le Brabant, au quartier de Louvain, fameuse par la bataille meurtriere que le maréchal de Luxembourg y gagna sur les alliés, le 29 Juillet 1693. On appelle aussi cette journée la bataille de Nerwinde, nom d’un village voisin. Landen est sur le Beck, à 2 lieues de Tillemont, 7. N. O. de Huy, 7. S. E. de Louvain, 8. N. E. de Namur. Long. 22. 40. latit. 50. 45. (D. J.)​","[[""50 45' N 22 40' E""]]",,50 45' N 22 40' E,50 45' N 22 40' E
v9-839-0,LANDSCROON,"LANDSCROON, (Géogr.)​ fort de France en haute Alsace, dans le Suntgau, à une lieue de Bâle, sur une hauteur. Long. 25. 7. lat. 47. 36.","[[""47 36' N 25 7' E""]]",,47 36' N 25 7' E,47 36' N 25 7' E
v9-899-3,Laodicée,"Laodicée, surnommée la Brûlée, Laodicea combusta, Λαοδίκεια Κατακεκαυμένη, ville d’Asie, que les uns mettent dans la Pisidie, d’autres en Phrygie ; d’autres enfin dans la Lycaonie, parce qu’elle étoit aux confins de ces différens pays. Son surnom lui vient de la nature de son terrein, qui paroissoit brûlé, & qui étoit fort sujet aux tremblemens de terre. Ptolomée fixe sa long. à 62. 40. sa lat. à 39. 40.","[[""39 40' N 62 40' E""]]",,39 40' N 62 40' E,39 40' N 62 40' E
v1-241-0,ACADIE ou ACCADIE,"*​ ACADIE ou ACCADIE, s. f. presqu’isle de l’Amérique septentrionale, située sur les frontieres orientales du Canada, entre Terre-Neuve & la nouvelle Angleterre. Long. 311-316. lat. 43-46.


Le commerce en est resté aux Anglois : il est commode pour la traite des pelleteries & la pêche des morues. Les terres y sont fertiles en blé, pois, fruits, légumes. On y trouve de gros & de menus bestiaux. Quelques endroits de l’Acadie donnent de très-belles mâtures. L’isle aux loups, ainsi appellée parce qu’ils y sont communs, donne beaucoup de leurs peaux & de leur huile. Cette huile, quand elle est fraîche, est douce & bonne à manger : on la brûle aussi. Les pelleteries sont le castor, la loutre, le loup-cervier, le renard, l’élan, le loup marin, & autres que fournit le Canada. Voyez Canada. Quant à la pêche de la morue, elle se fait dans les rivieres & les petits golfes-Le Cap-Breton s’est formé des débris de la Colonie Françoise qui étoit à l’Acadie.","[['43 N 311 E', '46 N 316 E']]",,43 N 311 E 46 N 316 E,43 N 311 O | 46 N 316 O
v1-1129-0,ALDBOROUG,"*​ ALDBOROUG, (Géog)​ ville d’Angleterre, dans le comté de Suffolk. Longit. 18. lat. 57. 40. Il y a encore une ville de même nom dans la subdivision septentrionale de la province d’Yorck. L. 17. lat. 57. 9.","[[""57 40' N 18 E""], [""57 9' N 17 E""]]",,57 40' N 18 E | 57 9' N 17 E,57 40' N 18 E | 57 9' N 17 E
v1-1359-0,ALSACE,"*​ ALSACE, province de France, bornée à l’est par le Rhin, au sud par la Suisse & la Franche-Comté, à l’occident par la Lorraine, & au nord par le Palatinat du Rhin. Long. 24. 30-35. 20. lat. 47. 36-49.


Le commerce de ce pays consiste en tabac, eau-de-vie, chanvre, ​garence​, écarlate, safran, cuirs, & bois ; ces choses se trafiquent à Strasbourg, sans compter les ​choux pommés​ qui font un objet beaucoup plus considérable qu’on ne croiroit. Il y a manufacture de tapisserie de ​moquette & de bergame, de draps, de couvertures de laine, de futaines​, de toiles de chanvre & de lin ; martinet pour la fabrique du cuivre : on trouvera à l’article ​Cuivre​ & aux Planches de Minéralogie​, la description & la figure de ces martinets. Moulin à épicerie, commerce de bois de chauffage, qui appartient aux Magistrats seuls ; tanneries à petits cuirs, comme chamois, boucs, chevres, moutons ; suifs, poisson sec & salé, chevaux, &c.… Le reste du pays a aussi son négoce ; celui de la basse Alsace est en bois ; de la haute en vin, en eaux-de-vie, vinaigre, blés, seigles, avoines. Les Suisses tirent ces dernieres denrées de l’une & de l’autre Alsace. En porcs & bestiaux ; en tabac ; en safran, térébenthine, chanvre, lin, tartre, suif, poudre à tirer, chataignes, prunes, graines & légumes. Le grand trafic des chataignes, des prunes & autres fruits se fait à Cologne, à Francfort, & à Bâle. L’Alsace a des manufactures en grand nombre : mais les étoffes qu’on y fabrique ne sont ni fines ni cheres. Ce sont des tiretaines moitié laine & moitié fil, des treillis, des canevas & quelques toiles. Quant aux mines, l’Auteur du Dictionnaire du Commerce​ dit, que hors celles de fer, les autres sont peu abondantes.


On va juger de la valeur de ces mines par le compte que nous en allons rendre ​d’après des mémoires qui nous ont été communiqués, par M. le Comte d’Hérouville de Clayes, Lieutenant Général des Armées de Sa Majesté​. Les mines de Giromagny, le Puix & Auxelle-haut, sont situées au pié des montagnes de Voges, à l’extrémité de la haute Alsace ; la superficie des montagnes où sont situées les mines, appartient à différens particuliers, dont on achete le terrain, quand il s’agit d’établir des machines, & de faire de nouveaux percemens.


Depuis le don fait des terres d’Alsace à la maison de Mazarin, ces mines ont été exploitées par cette maison jusqu’à la fin de 1716, que le Seigneur Paul-Jules de Mazarin les fit détruire, par des raisons dont il est inutile de rendre compte ; parce qu’elles n’ont aucun rapport à la qualité de ces mines. Ces mines sont restées presque sans exploitation jusqu’en 1733, qu’on commença à les rétablir.


Ce travail a été continué jusqu’en 1740 ; & voici l’état où elles étoient en 1741, 1742, 1743, &c.


La mine de saint Pierre, située dans la montagne appellée le Mont-jean, banc de Giromagny, a son entrée & sa premiere galerie au pié de la montagne ; elle est de quarante ​toises​ de longueur : le long de cette galerie, est le premier puits de 89 piés de profondeur ; je dis le long, parce qu’au-delà du trou de ce puits, la galerie est continuée de 55 toises & se rend aux ouvrages de la mine de S. Joseph. Le second puits a 100 piés de profondeur ; le troisieme 193 ; le quatrieme 123 : alors on trouve une autre galerie de quatre toises qui conduit au cinquieme puits, qui est de 128 piés. Au milieu de ce puits, on rencontre une galerie de 40 toises de longueur, qui conduit aux ouvrages où sont actuellement quatre mineurs occupés à un filon de mine d’argent d’un pouce d’é-​paisseur, qui promet augmentation. De ces ouvrages, on revient au sixieme puits, qui est de 107 piés de profondeur, où les ouvrages sur le ​minuit​ sont remplis de décombres, que l’on commence à enlever.


Du sixieme puits vers le midi, on a commencé une galerie de 35 toises de longueur, pour arriver à des ouvrages qu’on appelle du ​cougle​, où il y a un filon de mine d’argent de deux pouces & demi d’épaisseur, où trois mineurs sont employés, & où l’on espere en employer vingt. Cette partie de la mine passe pour la plus riche.


Le septieme puits a 94 piés de profondeur. En tirant de ce puits au minuit par une galerie de trente-cinq toises, on trouve des ouvrages dans lesquels il y a deux mineurs à un filon de 4 à 5 pouces d’épaisseur de mine d’argent, cuivre & plomb. Le huitieme puits a 100 piés de profondeur ; le neuvieme a aussi 100 piés de profondeur. Au fond de ce puits, on trouve une galerie de 40 toises, qui conduit aux ouvrages vers le minuit, où sont employés neuf mineurs sur un filon de quatre à cinq pouces. Le dixieme puits a 86 piés, & le onzieme 120 piés. Le douzieme est de 60 ; on y trouve un filon de 4 pouces d’épaisseur sur trois toises de longueur, continuant par une mine ​picassée​, jusqu’au fond où se trouve encore un filon de deux pouces d’épaisseur sur six toises de longueur, & un autre picassement de mine en remontant.


Nous avons dit en parlant du premier puits, qu’au-dela de ce puits la galerie étoit continuée de 55 toises, pour aller à la mine de saint Joseph. Au bout de cette galerie est un puits de la profondeur de 60 piés ; un second puits de 40 : mais ces ouvrages sont si remplis de décombres qu’on ne peut les travailler. Cette mine de saint Pierre est riche ; & si les décombres en étoient enlevées, on pourroit employer vers le midi 30 mineurs coupant mine. On tira de cette mine pendant le mois de Mars 1741, quatorze quintaux de mine d’argent tenant 8 ​lots​ ; 86 de mine d’argent, cuivre & plomb, tenant en argent 4 lots en cuivre, ​12 lots p​ $\frac {0}{0}$, le plomb servant de fondant ; plus 30 quintaux tenant trois lots, qui sont provenus des pierres de cette même mine, que l’on a fait piler & laver par les ​boccards​.


Pour exploiter cette mine, il y a un canal sur terre d’un grand quart de lieue de longueur, qui conduit les eaux sur une roue de trente-deux piés de diametre, laquelle tire les eaux du fond de cette mine par 22 pompes aspirantes & foulantes. Pour gouverner cette machine, il faut un homme qui ait soin du canal, un maître de machine, quatre valets, trois charpentiers, trois ​houtemens​, soixante-dix manœuvres, pour tirer la mine hors du puits ; deux maréchaux, deux valets, huit ​chaideurs​, outre le nombre de coupeurs dont nous avons parlé.


La mine de saint Daniel sur le banc de Giromagny, actuellement exploitée, a son entrée au levant par une galerie de la longueur de 30 toises ; & sur la longueur de cette galerie, il se trouve trois puits ou chocs différens. Le premier a 48 piés ; le second 48 ; le troisiéme 36. Ces trois puits se réunissent dans le fond où il se trouve une galerie de 42 toises. Dans cette galerie est un autre puits de 60 piés ; puis une autre galerie de six toises, & au bout de cette galerie un puits de douze piés de profondeur. Le filon du fond de la mine est argent, cuivre & plomb, de la largeur de six pouces sur six toises de longueur, & le filon des deux galeries est de six pouces de largeur sur vingt toises de longueur. Cette mine produit actuellement par mois 70 ​quintaux​ de mine de plomb, 40 quintaux de mine d’argent. La mine de plomb tenant 45 lots de plomb p. $\frac {0}{0}$ & 8 lots de mine aussi pour $\frac {0}{0}$ ou quintal.​


La mine de saint Nicolas, banc de Giromagny, donnoit trois métaux, argent, cuivre & plomb ; on cessa en 1738 d’y travailler faute d’argent, pour payer les ouvriers qui n’y travailloient qu’à fortfait. Elle a son entrée au levant par une galerie de 8 toises au bout de laquelle est un puits ; & cette galerie continue depuis ce puits encore 18 toises, au bout desquelles on trouve un filon de cuivre de l’épaisseur de deux pouces sur une toise de longueur ; ce filon est mêlé de veines de mine d’argent, dont le quintal tient 6 lots. Cette mine a trois puits : le premier de 40 piés ; le second de 60, & le troisieme de 20 piés de profondeur.


On observoit en 1741, qu’il étoit nécessaire d’exploiter cette mine pour l’utilité de celle de S. Daniel.


La mine de S. Louis sur le banc de Giromagny, a son entrée au midi par une galerie de 10. toises, au bas de laquelle est un puits de 12. piés : au bas de ce puits est une autre galerie de la longueur de 80 toises, qui aboutit sur la galerie du premier puits de la mine de Phenigtorne. Dans le premier puits, il y en a un autre de 24. piés de profondeur, où se trouve un filon d’argent, de cuivre & plomb, de 4. pouces d’épaisseur sur 4. toises de longueur.


La mine de Phenigtorne passe pour la plus considérable du pays : elle a son entrée au levant au pié de la montagne de ce nom, & son filon est au midi ; elle est mêlée d’argent & cuivre ; le quintal produit 2. marcs d’argent & 10. à 12. livres de cuivre : quand le filon est mêlé de roc, elle ne donne qu’un marc d’argent par quintal, mais toûjours la même quantité de cuivre. La premiere galerie pour l’entrée de cette mine est de quinze toises jusqu’au premier puits : il y a 12. chocs ou puits de 100. piés de profondeur. Les ouvrages qui méritoient d’être travaillés ne commençoient en 1741. qu’au sixieme puits. Dans le septieme puits, il y avoit un filon seulement picassé de mine d’argent ; rien dans le huitieme : dans le neuvieme, au bout d’une galerie de 30. toises de long, il y avoit un filon qui pouvoit avoir de la suite ; au bout de cette galerie il y avoit encore un puits commencé, où l’on trouvoit un pouce de mine qui promettoit un gros filon : dans le dixieme & onzieme peu de chose : dans le douzieme, vers minuit, il se trouvoit un filon de trois pouces d’épaisseur sur 4 toises de longueur ; & dans le fond de la montagne, où la machine prenoit son eau, il y avoit un filon de trois pouces, en tirant du côté du puits, de la longueur de douze toises, au bout desquelles se trouvoit encore un puits commencé, de la profondeur de 20. piés, & de trois toises de longueur, dans le fond duquel est un filon de six pouces d’épaisseur, de mine d’argent & cuivre, sans roc ; & aux deux côtés dudit puits, encore le même filon d’une toise de chaque côté.


Nous ne donnerons point la coupe de toutes ces mines, une seule suffisant pour aider l’imagination à se faire une image exacte des autres. La mine de Phenigtorne étant la plus riche, nous l’avons préférée. Voyez Minéralogie, Pl. I​. A est la galerie pour entrer dans la mine ; B, la galerie du ​soldant tirant​ à S. Louis ; C, galerie dans le troisieme étage ; D, galerie sur le sixieme étage ; E, galerie dans le sixieme étage ; F, galerie sur le septieme étage ; G, galerie sur le huitieme étage ; H, galerie sur le neuvieme étage ; I, galerie au milieu du neuvieme étage ; LL, les ouvrages du côté de minuit ; M, le fond des ouvrages ; NN, les ouvrages du côté de midi ; ppp, le puits où est le plus fort de la mine ; la trace ombrée fort marque la mine ; q, ​bermond​ d’eau porté par le grand tuyau dans le réservoir R ; T, un grand réservoir pour soûtenir les eaux de la machine.


Cette mine de Phenigtorne exploitée dans les re-​gles, pouvoit, selon l’estimation de 1741. produire 90 quintaux, plûtôt plus que moins, par mois.


On voit par ce profil, que les trois mines de S. Daniel, de S. Louis & de S. Nicolas, peuvent communiquer dans la Phenigtorne par des galeries, & par conséquent abréger beaucoup les travaux & les dépenses.


La mine de S. François, sur le banc du Puix, n’étoit point exploitée en 1741. elle a son entrée au levant par une galerie de 15. toises, au bout de laquelle on trouve le premier puits qui est de 60. piés de profondeur ; & du premier puits au second, la galerie est continuée sur la longueur de sept toises, où l’on trouve le second puits de 90. piés de profondeur.


Cette mine contient du plomb, tenant trois lots d’argent par quintal, & 40. l. de plomb pour $\frac {0}{0}$. Le filon commence au premier puits, & va jusqu’au fond du second, gros de tems en tems de trois pouces, sur la longueur de 80. piés du côté du midi & minuit : dans le fond du puits il y a un autre filon de quatre à cinq pouces, mêlé de roc par moitié ; & en remontant du côté du midi, il y a encore un filon de trois à quatre pouces d’épaisseur, sur trois toises de longueur, qui contient plus d’argent que les autres filons de la mine.


La mine de S. Jacques, sur le banc du Puix, non exploitée en 1741. passoit alors pour ne pouvoir l’être sans nuire à la Phenigtorne, qui valoit mieux ; & cela faute d’une quantité d’eau suffisante pour les deux dans les tems de sécheresse.


La mine de S. Michel, banc du Puix, non exploitée en 1741. est de plomb pur ; elle a son entrée entre le midi & le couchant par une galerie de huit toises, au bout de laquelle est un puits de 30 piés : son filon est petit, & de peu de valeur : mais de bonne espérance.


La mine de la Selique, banc du Puix, non exploitée en 1741. est de cuivre pur, n’a qu’une galerie de 20 toises au bout de laquelle il y a un puits commencé, qui n’a pas été continué ; le filon n’en êtoit pas encore en regle.


La mine de S. Nicolas des bois, banc du Puix, non exploitée en 1741. est de cuivre & plomb, à en juger par les décombres.


Les autres mines du banc du Puix, qui n’ont jamais été exploitées, du moins de mémoire d’hommes, sont la montagne Collin, la montagne Schelogue, les trois Rois, S. Guillaume, la Buzeniere, & Sainte-Barbe.


La Taichegronde, non exploitée, est une mine d’argent qui paroît abondante & riche.


Toutes ces montagnes, tant du banc de Giromagny que du Puix, sont contiguës ; une petite riviere les sépare : de la premiere à la derniere il n’y a guere qu’une lieue de tour.


Il y a au banc d’Etueffont une mine d’argent, cuivre & plomb, distante d’une lieue & demie de celles de Giromagny ; elle n’a point non plus été exploitée de mémoire d’homme.


Au banc d’Auxelles, la mine de S. Jean est entierement exploitée à la premiere galerie seulement ; elle est de plomb : on y entre par une galerie de cent toises pratiquée au pié du Montbomard ; vingt mineurs y sont occupés. Il y a dans cette mine dix chocs ou puits de différentes profondeurs, depuis 56. jusqu’à 57. piés chacun.


La mine de S. Urbain, au même banc, est exploitée à fortfait ; elle est de plomb : on y entre par une galerie pratiquée au midi, de cinq à six toises : la découverte de cette mine est nouvelle ; elle est de 1734. ou 1735. Son filon, qui parut d’abord à la superficie de la terre, est maintenant de douze pouces d’épaisseur en des endroits, & de six pouces en​d’autres ; & sa longueur de cinq toises avec espérance de continuité.


Au même banc, la mine de S. Martin non exploitée depuis un an, est de plomb ; son exposition est au midi : on y entre par une galerie de vingt toises, au bout de laquelle est un choc ou puits de 18 piés seulement de profondeur. Le filon de cette mine est de quatre à cinq pouces d’épaisseur, & de quatre toises de longueur ; c’est la même qualité de mine qu’à S. Urbain.


La mine de Sainte-Barbe, non exploitée depuis deux ans, est exposée au levant : on y entre par une galerie de la longueur de douze toises, au bout de laquelle est un seul puits de 90 piés de profondeur : elle donnoit argent, cuivre & plomb.


Au même banc, la mine de S. Jacques, non exploitée depuis deux ans, a son exposition au midi ; sans galerie d’abord : elle n’a qu’un puits de 24 piés de profondeur, au bout duquel on trouve une galerie de quatre toises qui conduit à un autre puits de 60. piés, où sont des ouvrages à pouvoir occuper cinquante mineurs coupant mines.


Au même banc, la mine de l’Homme-sauvage, non exploitée, a son exposition au midi par une galerie de trois toises seulement, & travaillée à découvert son exploitation a cessé depuis trois ans. Cette mine est de plomb ; son filon est de deux pouces d’épaisseur.


Au même banc, la mine de la Scherchemite, non exploitée, a son exposition au levant ; elle est de plomb : son filon étoit, à ce que disoient les ouvriers, d’un demi-pié d’épaisseur.


Mine de S. George, non exploitée : elle est de cuivre ; son puits est sans galerie, & n’a que 18 piés de profondeur.


Mines de la Kelchaffe & du Montménard, non exploitées : elles sont argent, cuivre & plomb ; & de vieux mineurs les disent très-riches.


Les mines d’Auxelle-haut sont aussi contiguës les unes aux autres.


Voilà l’etat des principales mines d’Aliace en 1741. voici maintenant les observations qu’elles occasionnerent.


1°. Qu’il faut continuer un percement commencé à la mine de S. Nicolas, banc de Giromagny, jusqu’à la mine de S. Daniel ; parce qu’alors les eaux de S. Daniel s’écouleront dans S. Nicolas, & le transport des décombres se fera plus facilement par le rechangement des manœuvres & l’épargne des machines coûteuses qu’il faut employer aux eaux de Saint-Daniel. On conjecture encore que le percement ne sera pas long, les ouvriers de l’une des mines entendant les coups de marteau qui se frappent dans l’autre.


2°. Que pour relever la mine de Phenigtorne, il faut rétablir l’ancien canal & les deux roues, à cause de la grande quantité d’eau que produit la source qui est au fond de la mine.


3°. Qu’il faudroit déplacer les fourneaux, les fonderies, & tous les établissemens auxquels il faut de l’eau, dont la Phénigtorne a besoin, & qu’elle ne pourroit partager avec ces établissemens sans en manquer dans les tems de sécheresse.


4°. Que la mine de S. François, banc du Puix, peut être reprise à peu de frais.


5°. Que celle de S. Jacques, même banc, est à abandonner, parce que les machines à eau nuiroient à la Phenigtorne, & qu’on ne peut y en établir ni à chevaux ni à bras.


6°. Que l’exploitation des mines d’Auxelle-haut, en même tems que de celles de Puix & de Giromagny, seroient fort avantageuses, parce qu’on tireroit des unes ce qui seroit nécessaire, soit en fondant soit autrement, pour les autres.


7°. Que pour tirer partie de la mine de S. Jean,​ au banc d’Etueffont, il faudroit nettoyer trois étangs qui servent de réservoir, afin que dans les tems de sécheresse on en pût tirer l’eau, & suppléer ainsi à la source qui manque.


8°. Que les ouvriers, quand ils ne travaillent qu’à fortfait, ruinent nécessairement les Entrepreneurs, & empêchent la continuation des ouvrages ; les galeries étant mal entretenues, les décombres mal nettoyées, & le filon tout-à-fait abandonné, quand il importeroit d’en chercher la suite.


9°. Que les Entrepreneurs, par le payement à fortfait, payant aux mineurs un sol six deniers par livre de plomb suivant l’essai, les autres métaux qui se trouvent dans la mine de plomb, quoique non perdus, ne sont pas payés.


10°. Que l’essai doit contenir par quintal de mine 45. livres de plomb, & que quand il produit moins, le Directeur ne la recevant pas, le mineur est obligé de la nettoyer pour la faire monter au degré.


11°. Que le Directeur ne la reçoit point à moindre degré, parce que plus la mine est nette, plus elle donne en pareil volume, & moins il faut de charbon pour la fondre. Il importe donc par cette raison que la mine soit mêlée de roc le moins qu’il est possible : mais en voici d’autres qui ne sont pas moins importantes ; c’est que ce roc est une matiere chargée d’arsenic, d’antimoine, & autres poisons qui détruisent le plomb & l’argent, l’emportant en fumée.


12°. Qu’il se trouve dans le pays toutes choses nécessaires, tant en bois qu’en eaux, machines, fondeurs, mineurs, &c. pour l’exploitation des mines ; & qu’il est inutile de recourir à des étrangers, surtout pour les fontes ; l’expérience ayant démontré que celles des Fondeurs du pays réussissent mieux que celles des étrangers.


13°. Que sans nier que les Allemands ne soient de très-bons ouvriers, il ne faut cependant pas imputer à leur habileté, mais à la force de leurs gages, ce qu’ils font de plus que les nôtres, dont la rente est moindre.


14°. Que quant aux bois nécessaires pour les mines de Puix & de Giromagny, tous les bois des montagnes étoient jadis affectés à leur usage ; qu’il seroit à souhaiter que ce privilége leur fût continué, & que les forges de Belfort & les quatorze communautés du val de Rozemont se pourvussent ailleurs.


15°. Que les autres bois des montagnes voisines qui ne sont pas dégradés, s’ils sont bien entretenus, suffiront à l’exploitation.


16°. Que le fortfait empêche les ouvrages ingrats de s’exécuter, quelque profit qu’il puisse en revenir pour la suite ; & par conséquent que cette convention du Directeur au mineur ne devroit jamais avoit lieu.


17°. Que les mines étant presque toûjours engagées dans les rocs, leur exploitation consomme beaucoup de poudre à canon, & qu’il faudroit l’accorder aux Entrepreneurs au prix que le Roi la paye.


18°. Qu’il faut établir le plus qu’on pourra de boccards pour piler les pierres de rebut, tant les anciennes que les nouvelles, parce que l’usage des boccards est de petite dépense, & l’avantage considérable. Voici la preuve de leur avantage ; celle de leur peu de dépense n’est pas nécessaire.


Après l’abandon des mines d’Alsace, les fermiers des domaines de M. le Duc de Mazarin, n’ignorant pas ce qu’ils pourroient retirer des pierres de rebut provenues de l’ancienne exploitation, traiterent pour avoir la permission de cette recherche, avec M. le Duc de Mazarin. Le Seigneur Duc ne manqua pas d’être lésé dans ce premier traité ; il le fit donc résilier ; & il s’obligea par un autre à fournir les bois & les charbons, les fourneaux & les boccards,​pour la moitié du profit. On peut juger par ces avances combien les rentrées devoient être considérables.


19°. Que si la Compagnie Angloise qui avoit traité de ces mines, s’en est mal trouvée, c’est qu’elle a été d’abord obligée de se constituer dans des frais immenses, en machines, en maison, en magasin, en fourneaux, en halles, &c. sans compter les gages trop forts qu’elle donnoit aux ouvriers.


20°. Qu’il conviendroit, pour prévenir tout abus, qu’il y eût des Directeurs, Inspecteurs & Contrôleurs des mines établis par le Roi.


21°. Que les terrains des particuliers que l’on occupe pour l’exploitation des mines, sont remplacés par d’autres, selon l’estimation du traitant ; mais non à sa charge, tant dans les autres mines du Royaume, que dans les mines étrangeres, & qu’il faudroit étendre ce privilége à celles d’Alsace.


22°. Qu’afin que les précautions qu’on prendra pour exploiter utilement ces mines, ne restent pas inutiles, il faudroit ménager les bois, & avoir une concession à cet effet de certains bois à perpétuité, ainsi qu’il est pratiqué dans toutes les autres mines de l’Europe ; parce que les baux à tems n’étant jamais d’un terme suffisant pour engager les Entrepreneurs aux dépenses nécessaires, il arrive souvent que les Entrepreneurs à tems limité, ou travaillent & disposent les mines à l’avantage des successeurs, ou que les Entrepreneurs à tems, voyant leurs baux prêts à expirer, font travailler à fortfait pour en tirer le plus de profit, & préparent ainsi une besogne ruineuse à ceux qui y entrent après eux.


23°. Que pour le bon ordre des mines en général, il conviendroit que le Roi établit de sa part un Officier, non-seulement pour lui rendre compte de la vigilance des Entrepreneurs & des progrès qu’ils pourroient faire ; mais qui pût encore y administrer la justice pour tout ce qui concerne les Officiers, Ouvriers, Mineurs ; & les appels en justice ordinaire étant toûjours dispendieux, que ceux des Jugemens de cet Officier ne se fissent que pardevant les Intendans de la province.


24°. Que tous les Officiers, Mineurs, Fondeurs, maîtres des boccards & lavoirs, ainsi que les voituriers ordinaires qui conduisent les bois & charbons, jouissent de toute franchise, soit de taille, soit de corvée.


25°. Qu’il plût au Roi d’accorder la permission de passer en toutes les provinces du Royaume les cuivres & les plombs, sans payer droits d’entrée & de sortie.


26°. Que le Conseil rendit un Arrêt par lequel il fût dit que, tous les Associés dans l’entreprise des mines seront tenus de fournir leur part ou quotité des fonds & avances nécessaires, dans le mois ; faute de quoi ils seront déchus & exclus de la société, sans qu’il soit nécessaire de recourir à aucune sommation ni autorité de justice ; cette loi étant usitée dans toute l’Europe en fait de mines.


Voilà ce que des personnes éclairées pensoient en 1741, devoir contribuer à l’exploitation avantageuse, tant des mines d’Alsace, que de toute mine en général : nous publions aujourd’hui leurs observations, presque sûrs qu’il s’en trouvera quelques-unes dans le grand nombre, qui pourroient encore être utiles, quelque changement qu’il soit peut-être arrivé depuis 1741 dans ces mines. Que nous serions satisfaits de nous tromper dans cette conjecture, & que l’intervalle de dix ans eût suffi pour remettre les choses sur un si bon pié, qu’on n’eût plus rien à desirer dans un objet aussi important !


Elles observoient encore en 1741 dans les visites qu’elles ont faites de ces mines, que les Mineurs se conduisoient sans aucun secours de l’art ; que les Entrepreneurs n’avoient aucune connoissance de la Géométrie soûterraine ; qu’ils ignoroient l’anatomie des montagnes ; que les meilleurs fondans y étoient in-​connus ; que pourvû que le métal fût fondu, ils se soucioient fort peu du reste, de la bonne façon & de la bonne qualité, qui ne dépend souvent que d’une espece de fondant qui rendroit le métal plus net, plus fin, & meilleur ; que les ouvriers s’en tenoient à leurs fourneaux, sans étudier aucune forme nouvelle ; qu’ils n’examinoient pas davantage les matériaux dont ils devoient les charger ; qu’ils imaginoient qu’on ne peut faire mieux que ce qu’ils font ; qu’on est ennemi de leur intérêt, quand on leur propose d’autres manœuvres : que quand on leur faisoit remarquer que les scories étoient épaisses, & que le métal fondu étoit impur, ils vous répondoient, c’est la qualité de la mine, tandis qu’ils devoient dire, c’est la mauvaise qualité du fondant, & en essayer d’autres : que si on leur démontroit que leurs machines n’avoient pas le degré de perfection dont elles étoient susceptibles, & qu’il y auroit à reformer dans la construction de leurs fourneaux, ils croyoient avoir satisfait à vos objections, quand ils avoient dit, c’est la méthode du pays ; & que si leurs usines étoient mal construites, on ne les auroit pas laissées si long-tems imparfaites : qu’il est constant qu’on peut faire de l’excellent acier en Alsace ; mais que l’ignorance & l’entêtement sur les fondans, laisse la matiere en ​gueuse​ trop brute, le fer mal préparé, & l’acier médiocre. Qu’on croyoit à Kingdall que les armes blanches étoient de l’acier le plus épuré, & qu’il n’en étoit rien ; que la présomption des ouvriers, & la suffisance des maîtres, ne souffroient aucun conseil : qu’il faudroit des ordres ; & que ces ordres, pour embrasser le mal dans toute son étendue, devroient comprendre les tireries, fonderies, & autres usines : que la conduite des eaux étoit mal entendue ; les machines mauvaises, & les trempes médiocres ; qu’il n’y avoit nulle œconomie dans les bois & les charbons ; que les établissemens devenoient ainsi presqu’inutiles ; que chaque entrepreneur détruisoit ce qu’il pouvoit pendant son bail ; que tout se dégradoit, usines & forêts : qu’il suffisoit qu’on fût convenu de tant de charbon, pour le faire supporter à la mine ; que dure ou tendre, il n’importoit, la même dose alloit toûjours ; que le fondant étant trop lent à dissoudre, il faudroit quelquefois plus de charbon ; mais que ni le Maître ni l’ouvrier n’y pensoient pas : en un mot, que la matiere étoit mauvaise, qu’ils la croyoient bonne, & que cela leur suffisoit. Voilà des observations qui étoient très-vraies en 1741 ; & il faudroit avoir bien mauvaise opinion des hommes, pour croire que c’est encore pis aujourd’hui.


Mais les endroits dont nous avons fait mention ne sont pas les seuls d’où on tire de la mine en Alsace : Sainte-Marie-aux-Mines donne fer, plomb & argent ; Giromagny & Banlieu, de même ; Lach & Val-de-Willé, charbon, plomb ; d’Ambach, fer ordinaire, fer fin ou acier ; Ban-de-la-Roche, fer ordinaire ; Framont, fer ordinaire ; Molsheim, fer ordinaire, plâtre, marbre ; Sultz, huile de pétrole & autres bitumes. Ces mines ont leurs usines & hauts-fourneaux ; au Val de Saint-Damarin, pour l’acier ; au Val de Munster pour le laiton ; à Kingdall pour les armes blanches & les cuivres ; à Baao, pour le fer & l’acier.


L’Alsace a aussi ses carrieres renommées : il y a à Rousack, ​moilons​, pierre de taille, chaux & pavé ; à Bolwil, chaux ; à Rozeim, pierre de taille, pavé, meules de moulin, bloc, & bonne chaux ; à Savernes, excellent pavé.


Les mines non exploitées sont, pour le fer, le Val de Munster & celui d’Orbay ; pour le fer & cuivre, le Val de Willé, Baao & Thaim ; pour le gros fer, le fin, & le plomb, d’Ambach ; pour l’argent, le plomb & le fer, Andlau ; pour le plomb, Oberenheim ; pour le charbon, Vische ; pour le fer & l’alun, le Ban-de-la-Roche & Framont. On trouve encore à Marlheim,​Valsone & Hautbaac, des marcassites qui indiquent de bonnes mines.


Voici ce que les Mines de Giromagny produisoient en 1744.


Etat de Livraison pour le mois de Mars.




 13. 2400 Mines de Chaydé, argent 
 $5 \frac {1}{2}$ 
 5


 13. 4550 Pilons de Saint Pierre 
 4 
 5


 13. 1400 Pilons de Phenigtorne 
 2 
 $\frac {1}{2}$ 
 


 13. 3800 Crasses de la fonderie 
 $\frac {1}{2}$ 
 3 
 22


 17. 700 Pilons de Phenigtorne 
 $\frac {3}{2}$ 
 6


 22. 2400 Mines de Chaydé 
 5 
 6


 22. 2400 Pilons de Saint Pierre 
 4 
 $\frac {4}{2}$ 
 


 22. 400 Halles de Saint André 
 $\frac {3}{4}$ 
 
 23


 22. 5600 Mines de Saint André 
 $\frac {1}{2}$ 
 
 52


 27. 3300 Crasses de la fonderie 
 $\frac {1}{2}$ 
 2 
 34


 27. 3500 De Saint Jean d’Auxelle 
 1 
 
 39


 27. 1800 De Saint Jean d’Auxelle 
 $1 \frac {1}{4}$ 
 
 43


 30. 600 Crasses de la fonderie 
 $\frac {1}{2}$ 
 $\frac {1}{2}$ 
 20


 30. 300 Halles de Saint André 
 $\frac {1}{2}$ 
 
 24


 30. 1300 Mines de Chaydé 
 $4 \frac {1}{4}$ 
 5


 30. 1950 Pilons de Phenigtorne 
 3 
 $\frac {1}{2}$


 30. 2200 Pilons de Saint Pierre 
 4 
 4


 30. 1550 Mines de Sainte Barbe 
 $\frac {1}{2}$ 
 
 39


 
 {{—|l}}


 Total. . . . 
 63m 
 31 
 10541


 
 {{—|l}}



C’est-à-dire, que cette livraison donne en argent 63 marcs 3 liv. & en cuivre fin 1054.


Etat de la Livraison du mois d’Avril, même année.




 11. 1300 Pilons de Phenigtorne 
 2 
 $\frac {1}{2}$ 



 14. 3100 Crasses de la fonderie 
 $\frac {1}{2}$ 
 $\frac {1}{2}$ 
 34


 15. 3600 Mines de Chaydé 
 $\frac {4}{2}$ 
 6 



 18. 4600 Mines de Saint André 
 $\frac {1}{2}$ 
 
 49


 18. 4600 Pilons de Saint Pierre 
 4 
 4 



 19. 900 Pilons de Phenigtorne 
 2 
 $\frac {1}{2}$ 



 21. 1800 Crasses de Phenigtorne 
 1 
 $\frac {1}{2}$ 
 28


 23. 600 Crasses de la fonderie 
 1 
 $\frac {1}{2}$ 
 25


 24. 900 Pilons de Phenigtorne 
 2 
 2 



 24. 2700 Mines de Chaydé 
 $3 \frac {3}{4}$ 
 8 



 24. 1250 Mines de Saint André 
 2 
 
 48


 27. 1750 De Saint Jean d’Auxelle 
 $\frac {3}{4}$ 
 
 39


 27. 1350 De Saint Jean d’Auxelle 
 $\frac {3}{4}$ 
 
 42


 28. 1600 Mines de Sainte Barbe 
 $\frac {1}{2}$ 
 
 46


 29. 3800 Pilons de Saint Pierre 
 $3 \frac {1}{2}$ 
 $\frac {4}{2}$ 



 29. 900 Mines de Chaydé 
 $3 \frac {3}{4}$ 
 8 



 30. 1800 Crasses de la fonderie 
 $\frac {3}{4}$ 
 1 
 19


 30. 1300 Pilons de Phenigtorne 
 2 
 $\frac {1}{2}$ 



 30. 650 Halles de Saint André 
 2 
 
 26


 30. 4450 Mines de Saint André 
 2 
 
 48


 30. 1100 Halles de Saint Daniel 
 1 
 2 
 16


 
 {{—|l}} 


 Total. . . . 
 55m 
 131 
 10871.


 
 {{—|l}}



C’est-à-dire, argent fin, 55 mars 13 livres ; & cuivre fin, 1087 livres.","[[""47 36' N 24 30' E"", ""49 N 35 20' E""]]",,47 36' N 24 30' E 49 N 35 20' E,47 36' N 24 30' E | 49 N 35 20' E
v1-3802-0,AYAN,"*​ AYAN, (Géog.)​ la côte d’Ayan ou d’Ajen est en Afrique, dans la haute Ethiopie, depuis la ligne équinoctiale jusqu’au douzieme degré de latitude méridionale, ce qui fait environ trois cents lieues de longueur sur l’Océan ou la mer de Zanguebar ; elle en a environ cent quarante sur le détroit de Babelmandel, ou sur la mer Arabique ; elle est divisée en quatre royaumes, d’Adel, d’Adea, de Mandagano, & de Brava.","[['0 N', '12 S']]",,0 N 12 S,12 S
v2-297-0,BANDA,"*​ BANDA (Géog.)​, sept iles d’Asie, vers le quatrieme degré de latitude méridionale.",[['4 S']],,4 S,4 S
v2-851-0,BEKIA,"*​ BEKIA, (Géog.)​ île de l’Amérique septentrionale, une des Antilles, qui n’est guere fréquentée que par quelques Caraïbes de S. Vincent qui y font la pêche, & y cultivent de petits jardins ; elle manque d’eau-douce, & abonde en viperes dangereuses. Lat. 12. 24.","[[""12 24' N""]]",,12 24' N,12 24' N
v2-3136-0,CAMARANA,"CAMARANA, (Géog.)​ île d’Asie dans l’Arabie, sur la mer Rouge. Lat. 15.",[['15 N']],,15 N,15 N
v3-223-0,CHAOGAN,"CHAOGAN, (Géog.)​ ville de la Chine, dans la province de Fokien. Lat. 24.",[['24 N']],,24 N,24 N
v3-679-0,CHILES & COMBAL,"CHILES & COMBAL, (Géog.)​ deux montagnes très-hautes de l’Amérique méridionale, & dont les sommets sont couverts de neige. Elles sont situées à près d’un degré de latitude septentrionale, sur la route de la ville d’Ybarra à Pasto, à quarante lieues de la mer. On les voit de la côte.",[['1 N']],,1 N,
v3-913-0,CIEME,"CIEME, (Géog.)​ ville de la Chine dans la province de Xantung. Lat. 36. 23.","[[""36 23' N""]]",,36 23' N,36 23' N
v4-1517-0,DALHACA ou DALACA,"DALHACA ou DALACA, (Géog. mod.)​ île de la mer Rouge, vis-à-vis la côte d’Abex. Lat. 14. 20-16. 15. long. 58. 30-59. 1.","[[""14 20' N 58 30' E"", ""16 15' N 59 1' E""]]",,14 20' N 58 30' E 16 15' N 59 1' E,14 20' N 58 30' E | 16 15' N 59 1' E
v5-1943-0,ESPAGNE,"ESPAGNE, (Géog.​ hist.​) royaume considérable de l’Europe, borné par la mer, le Portugal & les Pyrénées : il a environ 240 lieues de long sur 200 de large. Long. 9. 21. lat. 36. 44.


Je laisse les autres détails aux Géographes, pour retracer ici le tableau qu’un grand peintre a fait des révolutions de ce royaume dans son Histoire du siecle de Louis XIV.


L’Espagne, soûmise tour-à-tour par les Carthaginois, par les Romains, par les Goths, par les Vandales, & par les Arabes qu’on nomme Maures, tomba sous la domination de Ferdinand, qui fut à juste titre surnommé roi d’Espagne, puisqu’il en réunit toutes les parties sous sa domination ; l’Arragon par lui-même, la Castille par Isabelle sa femme, le royaume de Grenade par sa conquête sur les Maures, & le royaume de Navarre par usurpation : il décéda en 1516.


Charles-Quint son successeur forma le projet de la monarchie universelle de notre continent chrétien, & n’abandonna son idée que par l’épuisement de ses forces & sa démission de l’empire en 1556.​


Le vaste projet de monarchie universelle, commencé par cet empereur, fut soûtenu par Philippe II. son fils. Ce dernier voulut, du fond de l’escurial, subjuguer la Chrétienté par les négociations & par les armes ; il envahit le Portugal ; il desola la France ; il menaça l’Angleterre : mais plus propre à marchander de loin des esclaves qu’à combattre de près sec ennemis, il ne put ajoûter aucune conquête à la facile invasion du Portugal. Il sacrifia de son aveu quinze cents millions, qui font aujourd’hui plus de trois mille millions de notre monnoie, pour asservir la France & pour regagner les sept Provinces-Unies ; mais ses thrésors n’aboutirent qu’à enrichir les pays qu’il voulut dompter : il mourut en 1598.


Sous Philippe III. la grandeur espagnole ne fut qu’un vaste corps sans substance, qui avoit plus de réputation que de force. Ce Prince, moins guerrier encore & moins sage que Philippe II. eut peu de vertus de roi : il ternit son regne & affoiblit la monarchie par la superstition, ce vice des ames foibles, par les nombreuses colonies qu’il transplanta dans le Nouveau-Monde, & en chassant de ses états près de huit cents mille Maures, tandis qu’il auroit dû au contraire le peupler d’un pareil nombre de sujets : il finit ses jours en 1621.


Philippe IV. héritier de la foiblesse de son pere, perdit le Portugal par sa négligence, le Roussillon par la foiblesse de ses armes, & la Catalogne par l’abus du despotisme : il mourut en 1665.


Enfin l’inquisition, les moines, la fierté oisive des habitans, ont fait passer en d’autres mains les richesses du Nouveau-Monde. Ainsi ce beau royaume, qui imprima jadis tant de terreur à l’Europe, est par gradation tombé dans une décadence dont il aura de la peine à se relever.


Peu puissant au-dehors, pauvre & foible au-dedans, nulle industrie ne seconde encore dans ces climats heureux, les présens de la nature. Les soies de Valence, les belles laines de l’Andalousie & de la Castille, les piastres & les marchandises du Nouveau-Monde, sont moins pour l’Espagne que pour les nations commerçantes ; elles confient leur fortune aux Espagnols, & ne s’en sont jamais repenties : cette fidélité singuliere qu’ils avoient autrefois à garder les dépôts, & dont Justin fait l’éloge, ils l’ont encore aujourd’hui ; mais cette admirable qualité, jointe à leur paresse, forme un mêlange, dont il résulte des effets qui leur sont nuisibles. Les autres peuples font sous leurs yeux le commerce de leur monarchie ; & c’est vaissemblablement un bonheur pour l’Europe que le Mexique, le Pérou, & le Chily, soient possédés par une nation paresseuse.


Ce seroit sans doute un évenement bien singulier, si l’Amérique venoit à secoüer le joug de l’Espagne, & si pour lors un habile vice-roi des Indes, embrassant le parti des Amériquains, les soûtenoit de sa puissance & de son génie. Leurs terres produiroient bien-tôt nos fruits ; & leurs habitans n’ayant plus besoin de nos marchandises, ni de nos denrées, nous tomberions à-peu près dans le même état d’indigence, où nous étions il y a quatre siecles. L’Espagne, je l’avoue, paroît à l’abri de cette révolution, mais l’empire de la fortune est bien étendu ; & la prudence des hommes peut-elle se flater de prévoir & de vaincre tous ses caprices ? Voyez Ecole (philosophie de l’). Article de M. le Chevalier de Jaucourt​.","[['36 N 9 E', '44 N 21 E']]",,36 N 9 E 44 N 21 E,36 44' N 9 21' E
v6-232-0,EUROPE,"EUROPE, (Géog.)​ grande contrée du monde habitée. L’étymologie qui est peut-être la plus vraissemblable, dérive le mot Europe du phénicien urappa, qui dans cette langue signifie visage blanc ; épithete qu’on pourroit avoir donné à la fille d’Agénor sœur de Cadmus, mais du moins qui convient aux Européens, lesquels ne sont ni basanés comme les Asiatiques méridionaux, ni noirs comme les Africains.


L’Europe n’a pas toûjours eu ni le même nom, ni les mêmes divisions, à l’égard des principaux peuples qui l’ont habité ; & pour les sous-divisions, elles dépendent d’un détail impossible, faute d’historiens qui puissent nous donner un fil capable de nous tirer de ce labyrinthe.


Mais loin de considérer dans cet article l’Europe telle que l’ont connue les anciens, dont les écrits sont parvenus jusqu’à nous, je ne veux dire ici qu’un seul mot de ses bornes.


Elle s’étend dans sa plus grande longueur depuis le cap de Saint-Vincent en Portugal & dans l’Algarve, sur la côte de l’Océan atlantique, jusqu’à l’embouchure de l’Obi dans l’Océan septentrional, par l’espace de 1200 lieues françoises de 20 au degré, ou de 900 milles d’Allemagne. Sa plus grande largeur, prise depuis le cap de Matapan au midi de la Morée jusqu’au Nord-Cap, dans la partie la plus septentrionale de Norwege, est d’environ 733 lieues de France de 20 au degré pareillement, ou de 550 milles d’Allemagne. Elle est bornée à l’orient par l’Asie ; au midi par l’Afrique, dont elle est séparée par la mer Méditerranée ; à l’occident par l’Océan atlantique, ou occidental, & au septentrion par la mer Glaciale.


Je ne sai si l’on a raison de partager le monde en quatre parties, dont l’Europe en fait une ; du moins cette division ne paroît pas exacte, parce qu’on n’y sauroit renfermer les terres arctiques & les antarctiques, qui bien que moins connues que le reste, ne laissent pas d’exister & de mériter une place vuide sur les globes & sur les cartes.


Quoi qu’il en soit, l’Europe est toûjours la plus petite partie du monde ; mais, comme le remarque​l’auteur de l’esprit des lois, elle est parvenue à un si haut degré de puissance, que l’histoire n’a presque rien à lui comparer là-dessus, si l’on considere l’immensité des dépenses, la grandeur des engagemens, le nombre des troupes, & la continuité de leur entretien, même lorsqu’elles sont le plus inutiles & qu’on ne les a que pour l’ostentation.


D’ailleurs il importe peu que l’Europe soit la plus petite des quatre parties du monde par l’étendue de son terrein, puisqu’elle est la plus considérable de toutes par son commerce, par sa navigation, par sa fertilité, par les lumieres & l’industrie de ses peuples, par la connoissance des Arts, des Sciences, des Métiers, & ce qui est le plus important, par le Christianisme, dont la morale bienfaisante ne tend qu’au bonheur de la société. Nous devons à cette religion dans le gouvernement un certain droit politique, & dans la guerre un certain droit des gens que la nature humaine ne sauroit assez reconnoître ; en paroissant n’avoir d’objet que la félicité d’une autre vie, elle fait encore notre bonheur dans celle-ci.


L’Europe est appellée Celtique dans les tems les plus anciens. Sa situation est entre le 9 & le 93 degré de longitude, & entre le 34 & le 73 de latitude septentrionale. Les Géographes enseigneront les autres détails au lecteur. Article de M. le Chevalier de Jaucourt​.","[['34 N 9 E', '73 N 93 E']]",,34 N 9 E 73 N 93 E,34 N 9 E | 73 N 93 E
v6-932-0,FIRANDO,"FIRANDO, (Géog.)​ petit royaume du Japon, dans une île adjacente à celle de Ximo. Il y a un port sur la mer de Corée, dont le moüillage est bon, vers le 33d. 30-40′. de lat. nord. (D. J.)​","[[""33 30' N"", ""33 40' N""]]",,33 30' N 33 40' N,33 30-40' N
v6-1033-0,FLORIDE,"FLORIDE, (Géog.)​ grand pays de l’Amérique septentrionale, renfermée entre le 25 & le 40d de latit. Nord, & entre le 270 & le 297 de longitude. Elle comprend la Loüisiane, la Floride espagnole, la nouvelle Géorgie, & une partie de la Caroline. Elle est bornée au couchant & au nord par une grande chaîne de montagnes qui la séparent du nouveau Mexique au couchant, & de la Nouvelle-France au nord : le golfe du Mexique la baigne au midi, & la mer du Mexique au levant. Le cap de la Floride est la pointe méridionale de la presqu’île de Tigeste, vis-à-vis de l’île Cuba, dont il est éloigné d’environ 30 lieues, & avec laquelle il forme l’entrée du golfe du Mexique, ou le canal de Bahama, fameux par tant de naufrages.


Jean Ponce de Léon découvrit la Floride la premiere fois l’an 1512 ; d’autres disent qu’elle fut premierement découverte en 1497 par Sébastien Cabok portugais, qu’Henri VII. roi d’Angleterre avoit envoyé chercher passage du côté de l’Oüest, pour naviger dans l’Orient ; mais Cabok se contenta d’avoir vû la terre, sans avoir été plus loin. Jean Ribaut est le premier françois qui se soit établi dans la Floride ; il y bâtit un petit fort en 1562. Les Espagnols ne s’y sont établis qu’après avoir eu bien du monde de tué par les sauvages : mais aujourd’hui même les François, & sur-tout les Anglois, y ont beaucoup plus de pays que les Espagnols ; les premiers y possedent la Loüisiane, & les seconds la Nouvelle-Géorgie, avec la partie méridionale de la Caroline.


La Floride comprend une si grande étendue de pays & de peuples sans nombre, qu’il n’est pas possible de rien dire de sa nature, de ses productions, de son climat, du caractere de ses habitans, qui convienne à tout ce qui porte ce nom. En général, les Floridiens ont la couleur olivâtre tirant sur le rouge, à cause d’une huile dont ils se frotent. Ils vont presque nuds, sont braves & assez bien faits : ils immolent au Soleil, leur grande divinité, les hommes qu’ils prennent en guerre, & les mangent ensuite. Leurs chefs nommés paraoustis, & leurs prêtres ou medecins, nommés jonas, semblables aux jongleurs du Canada, ont un grand pouvoir sur le peuple. Il y a dans ce pays-là toutes sortes d’animaux, d’oiseaux, & de simples, entr’autres quantité de sassafras & de phatziranda. Nous avons déjà une description des oiseaux & des principales plantes de la Caroline, avec leurs couleurs naturelles, donnée par M. Catesby. Mais quand aurons-nous une description fidele de la Floride ? c’est ce qu’il est difficile d’espérer ; & en attendant, nous ne pouvons nous confier à celles de Laët, de Corréal, de de Bry, de Calvet, de Lescarbot, ni même à celle du P. Charlevoix. (D. J.)​","[['25 N 270 E', '40 N 297 E']]",,25 N 270 E 40 N 297 E,25 N 270 O | 25 N 297 O | 40 N 270 O | 40 N 297 O
v7-89-0,"FORBISHER, (Détroit de)","FORBISHER, (Détroit de) Géog.​ en anglois Forbisher’s streight, détroit de l’Océan septentrional, entre la côte maritime de Groënlande, & une île à laquelle on ne donne point de nom sur les cartes.


Martin Forbisher, natif de la Province d’Yorck, fameux par ses courses & par ses exploits sur mer, fit trois différens voyages en 1576, 1577, & 1578, pour découvrir une route au N. O. afin de passer s’il étoit possible, par le Nord de l’Amérique dans les mers des Indes. Il ne trouva point ce qu’il cherchoit ; mais il découvrit en échange plusieurs grands bras de mer, des baies, des îles, des caps, & des terres qui formoient un grand détroit auquel il a donné son nom.


Notre anglois trouva le détroit dont il s’agit ici, dans le 69d de latitude. Les habitans du lieu sont basanés, ont des cheveux noirs, le nez écrasé, & s’habillent de peaux de veaux marins ; la plûpart des femmes se font des découpures au visage, & y appliquent pour fard, une couleur bleue & ineffaçable. Les montagnes de glace & de neige empêcherent le chevalier Forbisher de pénétrer dans le pays, & de pouvoir le décrire. Personne depuis ce tems-là n’a été plus heureux. Voyez sur la vie de ce grand navigateur Heroologia anglica. (D. J.)​",[['69 N']],,69 N,69 N
v7-148-0,FORMOSE,"FORMOSE, (Geog.)​ selon le P. Duhalde, grande île de la mer de la Chine, à l’orient de la province de Fokien, & qui s’étend du nord au sud 22d. 8′. de lat. septentrionale jusqu’au 25d. 20′. Une chaîne de montagnes la sépare dans cette longueur, en orientale & occidentale. La partie orientale n’est habitée que par les naturels du pays. La partie occidentale est sous la domination des Chinois, qui la cultivent avec soin ; ils en ont chassé les Hollandois en 1661, & y ont nommé un viceroi en 1682. Voyez le P. Duhalde, descript. de la Chine, & le P. Charlevoix, hist. du Japon. Le Tai-Ouang-Fou est la capitale de cette île. Long. 139. 10-141. 28. lat. 22.8-25. 20. (D. J.)​","[[""22 8' N 139 10' E"", ""25 20' N 141 28' E""]]",,22 8' N 139 10' E 25 20' N 141 28' E,22.8 N 139 10' E | 25 20' N 141 28' E
v7-443-0,FUEGO (Isla del-),"FUEGO (Isla del-), Géog​ ou en françois, l’île de Feu ; île de l’Océan atlantique, & l’une des îles du Cap-verd, à l’occident de la pointe la plus méridionale de San-Jago, & au levant septentrional de l’île de Brava, Les tables hollandoises lui donnent 351d. 48′. de longit. & 14d. 50′. de latit. M. de l’Isle met le bout septentrional de l’île de Feu par les quinze degrés de latitude ; & comme elle peut avoir cinq lieues de vingt au degré dans sa longueur N. & S. il se peut que les Hollandois n’ayent eu égard qu’à la partie méridionale de l’ile. Le géographe françois met la longit. 353d. 12′. Au reste, cette île n’est proprement qu’une haute montagne, remarquable par les flammes sulphureuses qu’elle vomit, comme le mont Æthna & le Vésuve, & qui incommodent beaucoup le voisinage : ces flammes ne s’apperçoivent que la nuit ; mais on les voit alors de bien loin en mer. Il sort de l’ouverture quantité de pierres ponces portées par les courans de côté & d’autre, & qui viennent jusqu’à San-Jago. Lisez Dampier & Owington, en attendant mieux. (D. J.)​","[['alt'], [""14 50' N 351 48' E""], [""15 N 353 12' E""]]",,alt | 14 50' N 351 48' E | 15 N 353 12' E,14 50' N 351 48' O | 15 N 353 12' O
v7-474-0,FUNEN ou FUYNEN,"FUNEN ou FUYNEN, (Géog.)​ en latin Finnia, île considérable de Danemark, d’une figure presque ronde, dans la mer Baltique, entre l’île de Zéland dont elle est séparée à l’est par le grand Belt, & le sud-Jutland, dont elle est aussi séparée à l’oüest par le petit Belt. Cette ile est fort peuplée, abondante en grains, en pâturages, en chevaux très-estimés, & elle est l’apanage du fils aîné du roi de Danemark. Odensée en est la capitale. Long. 27d. 26-28. 40. lat. 55d 6-50. (D. J.)​","[[""55 6' N 27 26' E"", ""55 50' N 28 E""]]",,55 6' N 27 26' E 55 50' N 28 E,"55 6-50' N 27 26-28' 40"" E"
v7-697-0,"GANGE, (le)","GANGE, (le) Géogr.​ la plus célebre riviere de l’Asie ; elle prend sa source dans les montagnes du Caucase, aux confins des états du Mogol, traverse du septentrion au midi toute l’Inde qu’elle divise en Inde en-deçà & Inde en-delà du Gange ; & après avoir reçu plusieurs rivieres, elle se décharge dans le golfe de Bengale par plusieurs embouchures.


Seleucus Nicanor est le premier qui ait pénétré jusqu’au Gange, & qui ait découvert le golfe de Bengale où se jette ce fleuve. Selon M. de Lisle, la source du Gange est vers le 96d. de longit. & le 35d45′. de latit. & son embouchure occidentale vers le 106. de long. & le 21d15′. de lat. son embouchure orientale est vers le 108d25′. & par le 22. de latit. Son cours, selon le calcul de Varenius, est de 3000 milles d’Allemagne.


Ses eaux sont très-belles, & fournissent de l’or & des pierres précieuses ; les Indiens prétendent même qu’elles ont une vertu sanctifiante, & que ceux qui meurent sur ses bords doivent habiter, après leur décès, une région pleine de délices. Delà vient qu’ils envoyent des lieux les plus reculés des urnes pleines de cendres de leurs morts, pour les jetter dans le Gange. Qu’importe qu’on vive bien ou mal, on fera jetter ses cendres dans le Gange, & l’on joüira d’un bonheur infini. « Toute religion qui justifie par de telles pratiques, perd inutilement le plus grand ressort qui soit parmi les hommes ». Réflexion bien importante de l’auteur de l’esprit des lois. (D. J.)​","[[""35 45' N 96 E""], [""21 15' N 106 E""], [""22 N 108 25' E""]]",,35 45' N 96 E | 21 15' N 106 E | 22 N 108 25' E,35 45' N 96 E | 21 15' N 106 E | 22 N 108 25' E
v7-703-0,GANJAM,"GANJAM, (Géogr.)​ ville commerçante d’Asie dans le Mogolistan, à 34 lieues de Bampour. Sa grandeur est médiocre, ses rues sont étroites & mal disposées ; mais le peuple y est nombreux. Elle est située à la hauteur de 19d30′ nord, sur une petite élevation le long du Tapete, à un quart de lieue de son embouchure.


Ganjam est célebre par sa pagode, qui est une tour de pierre massive, de figure polygone, haute d’environ 80 piés, sur 30 à 40 de base. A cette masse de pierre est jointe une espece de salle, où est placée l’idole qui s’appelle Coppal. Elle est servie par des sacrificateurs & des devadachi, c’est-à-dire par des esclaves des dieux. Ce sont des filles prostituées, dont l’emploi est de danser & de sonner de petites cloches en cadence, en chantant des chansons infames, soit dans la pagode, quand on y fait des sacri-​fices ; soit dans les rues, quand on promene l’idole en cérémonie.


Il regne à Ganjam un déréglement de mœurs qui n’a rien de semblable dans toute l’Inde : le libertinage y est si public, que l’on y crie souvent à son de trompe, qu’il y a du péril à aller chez les devadachi qui demeurent dans la ville, mais qu’on peut voir en toute sûreté celles qui desservent le temple de Coppal. (D. J.)​","[[""19 30' N""]]",,19 30' N,19 30' N
v7-1292-0,GOTO,"GOTO, (Géogr.)​ on écrit aussi Gotho & Gotto, royaume du Japon composé de cinq petites îles, situées presqu’à l’entrée de la baye d’Omura à l’oüest, au midi de Firando, par les 32d. 33′. de lat. sept. La capitale de ce royaume se nomme Ocura. (D. J.)​","[[""32 33' N""]]",,32 33' N,32 33' N
v7-1475-0,GRENOBLE,"GRENOBLE, Gratianopolis, (Géogr.)​ ancienne ville de France, capitale du Dauphiné, avec un évêché suffragant de Vienne, & un parlement érigé en 1493 par Louis XI. qui n’étoit encore que dauphin ; mais son pere ratifia cette érection deux ans après.


Grenoble est sur l’Isere, à onze lieues S O. de Chambéri, quarante-deux N. O. de Turin, seize S. E. de Vienne, cent vingt-quatre S. O. de Paris. Long. suivant Harris, 23d. 31′. 15″. suivant Cassini, 23d. 14′. 15″. latit 45d. 11′.


Cette ville reçut le nom de Gratianopolis de l’empereur Gratien fils de Valentinien I. car elle s’appelloit auparavant Cularo ; & c’est sous ce nom qu’il en est parlé dans une lettre de Plancus à Cicéron, epist. xxiij. Long-tems après, les Romains l’érigerent en cité : dans le cinquieme siecle, elle fut assujettie par les Bourguignons, & dans le sixieme par les François Mérovingiens ; ensuite elle a obéi à Lothaire, à Boson, à Charles le Gros, à Louis l’Aveugle, à Rodolphe II. à Conrad & à Rodolphe le lâche, ses fils, qui lui donnerent de grands priviléges.


On met au nombre des jurisconsultes dont Grenoble est la patrie, Pape (Guy), qui mourut en 1487 ; son recueil de décisions des plus belles questions de droit, n’est pas encore tombé dans l’oubli.


M. de Bouchenu de Valbonnais, (Jean Pierre Moret) premier président du parlement de Grenoble, né dans cette ville le 23 Juin 1651, mérite le titre du plus savant historiographe de son pays, par la belle histoire du Dauphiné, qu’il a publiée en trois vol. in fol. il est mort en 1730, âgé de 79 ans. Il voyagea dans sa jeunesse, & se trouva sur la flotte d’Angleterre à la bataille de Solbaye, la plus furieuse qu’eût encore vû Ruyter, & où l’on s’attribua l’avantage de part & d’autre. (D. J.)​","[['alt'], ['45 11\' N 23 31\' 15"" E'], ['45 11\' N 23 14\' 15"" E']]",,"alt | 45 11' N 23 31' 15"" E | 45 11' N 23 14' 15"" E","45 11' N 23 31' 15"" E | 45 11' N 23 14' 15"" E"
v7-1532-0,"GROENLAND, (le)","GROENLAND, (le) Groenlandia, (Géog.)​ grand pays des terres arctiques, entre le détroit de Davis au couchant, le détroit de Forbischer au midi, & l’Océan septentrional où est l’Islande, à l’oüest : on ignore ses bornes au nord, & on ne sait pas encore si ce vaste pays est un continent attaché à celui de l’Amérique ou à celui de la Tartarie, ou si n’étant joint à pas un des deux, ce n’est qu’une île.​


Quoi qu’il en soit, il est habité par des sauvages ; & malgré le grand froid qui regne, il s’y trouve du gros & du menu bétail, des rennes, des loups-cerviers, des renards, & des ours blancs ; on y a pris autrefois de très-belles martres, & des faucons en grand nombre. La mer est pleine de loups, de chiens, de veaux marins, & sur-tout d’une quantité incroyable de baleines, à la pêche desquelles les Anglois & les Hollandois envoyent chaque année plusieurs bâtimens.


La Peyrere a donné une relation du Groenland, qu’il a tirée de deux chroniques, l’une islandoise & l’autre danoise ; cette relation est imprimée dans les voyages au nord.


Il attribue la découverte de ce pays à Erric le Rousseau, norvégien, qui vivoit dans le neuvieme siecle ; plusieurs de ses compatriotes s’y fixerent dans la suite, y bâtirent, & y établirent avec les habitans un commerce qui subsista jusqu’en 1348 : il se perdit alors ; & quelques tentatives que l’on ait faites depuis pour retrouver l’ancien Groenland, c’est-à-dire l’endroit autrefois habité par les Norvégiens, & où étoit leur ville de garde, il n’a pas été possible d’y réussir. Cependant Martin Forbisher crut avoir retrouvé ce pays en 1578, mais il ne put y aborder à cause de la nuit, des glaces, & de l’hyver ; une compagnie danoise y envoya deux navires en 1636, mais ils aborderent seulement au détroit de Davis.


La partie des côtes la plus connue du Groenland, s’étend depuis environ le 325d. de longitude jusqu’au premier meridien, & de-là jusqu’au 12 ou 13d. en-deçà ; sa latitude commence vers le 73d. on n’en connoît point les côtes au-delà du 78d. (D. J.)​","[['73 N 13 E', '78 N 325 E']]",,73 N 13 E 78 N 325 E,73 N 325 O | 73 N 0 O | 73 N 12 O | 73 N 13 O | 78 N 325 O | 78 N 0 O | 78 N 12 O | 78 N 13 O
v7-1598-0,GUALATA,"GUALATA, (Géog.)​ royaume d’Asie dans la Nigritie ; il est borné au nord par les Derveches, au sud par le royaume de Zanhagua, à l’est par une chaîne de montagnes, & à l’oüest par les Ludayes : on ne connoît dans tout ce pays que quelques endroits habités par des peuples qui menent une vie sauvage & misérable ; on y recueille seulement du riz, du petit millet, de l’orge, & des dattes. Sanut dit qu’il y a dans ce royaume une ville sans murailles nommée Hoden, située à six journées du Cap-Blanc, par le 19d. 30′. de latitude septentrionale, mais que cette place n’est faite que pour la commodité des caravanes qui vont de Tombut en Barbarie. (D. J.)​","[[""19 30' N""]]",,19 30' N,19 30' N
v7-1605-0,GUANAPE,"GUANAPE, (Géog.)​ port de la mer du Sud dans l’Amérique méridionale au Pérou dans l’audience de Lima, au midi de Truxillo. Les navires qui viennent de Panama ont coûtume d’aborder à ce port pour y prendre ce qui leur est nécessaire. Sa position est à-peu-près sous le 8d. 30′. de latit. méridionale. (D. J.)​","[[""8 30' S""]]",,8 30' S,8 30' S
v7-1619-0,GUARMAY,"GUARMAY, (Géog.)​ port & vallée de l’Amérique méridionale, au Perou, dans la mer du Sud, sous le 10d. 30′. de latit. méridionale. La vallée autrefois très-peuplée, n’est plus qu’une habitation de pâtres qui y nourrissent des cochons. (D. J.)​","[[""10 30' S""]]",,10 30' S,10 30' S
v7-1620-0,GUASCO,"GUASCO, (Géog.)​ port, riviere, & vallée de l’Amérique méridionale, sur la côte du Chily. La vallée est pleine de perdrix, de brebis, & d’écureuils, dont les peaux sont d’usage. Le port est une baie ouverte. Latit. mérid. 28. 45. (D. J.)​","[[""28 45' S""]]",,28 45' S,28 45' S
v8-471-0,HEGETMATIA,"HEGETMATIA, (Géog. anc.)​ ancienne ville de la grande Germanie, selon Ptolomée : quelle est cette ville ? nous n’en sçavons rien. Quelques-uns cependant assûrent que c’est Lignitz en Silésie ; mais cette décision est insoûtenable, par les raisons suivantes. 1°. Les deux positions ne s’accordent point ; la longit. d’Hégetmatia, selon Ptolomée, est 39. 40. 11. latit. 50. la longit. de Lignitz est 33. 50. lat. 51. 55. De plus, du tems de Ptolomée, la grande Germanie, ou la Germanie d’au-delà le Rhin, n’avoit point de villes : il est vrai qu’il se sert du nom de ville pour désigner ces habitations, mais en effet ce n’étoient que des bourgades. (D. J.)​","[['alt'], ['50 N 39 40\' 11"" E'], [""51 55' N 33 50' E""]]",,"alt | 50 N 39 40' 11"" E | 51 55' N 33 50' E","50 N 39 40' 11"" E | 51 55' N 33 50' E"
v8-1323-0,HURONS lac des,"HURONS lac des, (Géog.)​ le lac des Hurons communique au sud avec le lac Erié, dans lequel il s’étend du sud au nord depuis le 43d. jusques au 45. 30′. de latit. septentrionale & de l’est à l’ouest, entre les 293 & 299d. de long. on lui donne ordinairement 350 lieues de circuit de pointe en pointe. Une si grande étendue n’est, dit-on, peuplée sur les bords que de deux villages ; notre imagination ne peut se faire à de si prodigieux deserts. (D. J.)​","[['43 N 293 E', ""45 30' N 299 E""]]",,43 N 293 E 45 30' N 299 E,43 N 293 O | 45 30' N 299 O
v8-1665-0,JAMAIQUE,"JAMAIQUE, s. f. la, (Géog.)​ grande île de l’Amérique septentrionale, découverte par Christophe Colomb, en 1494. Elle est à 15 lieues de Cuba, à 20 lieues de Saint-Domingue, à 116 de Porto-bello & à 114 de Carthagène.


Sa figure tient un peu de l’ovale ; c’est un sommet continu de hautes montagnes, courant de l’E. à l’O. remplies de sources fraîches, qui fournissent l’île de rivieres agréables & utiles ; cette île a 20 lieues de large du N. au S. 50 de long de l’E. à l’O. & 150 de circuit.


Le terroir s’y trouve d’une fertilité admirable en tout ce qui est nécessaire à la vie. Les rivieres & la mer sont fort poissonneuses ; la verdure y est perpétuelle, l’air sain, & les jours & les nuits y sont à peu-près d’égale longueur pendant tout le cours de l’année. Elle a plusieurs bons ports, baies & havres, un nombre incroyable d’oiseaux sauvages, des plantes très-curieuses, peu d’animaux mal-faisans, excepté l’alligador, qui même attaque rarement les hommes.


Toute l’histoire naturelle de cette île a été donnée en Anglois par le chevalier Hans-Sloane, qui y a long-tems séjourné. Son ouvrage qu’il fit imprimer à ses dépens, forme deux volumes in-folio, pleins de tailles-douces. Le premier volume parut à Londres en 1707, & le second en 1725 ; cet ouvrage vaut une dixaine de guinées, & l’on ne le trouve que dans des ventes de bibliotheques de curieux.


L’Amiral Pen, sous le regne de Cromwell, prit la Jamaïque sur les Espagnols en 1655 ; depuis ce tems-là elle est restée aux Anglois, qui l’ont soigneusement cultivée, & l’ont rendue une des plus florissantes plantations du monde. On y compte aujour-​d’hui près de soixante mille Anglois, & plus de cent mille Negres ; enfin son importance pour la nation britannique, fait qu’on n’en confie le gouvernement qu’à des gens du premier rang : elle est divisée en quatorze paroisses ou jurisdictions.


Cette île produit du sucre, du cacao, de l’indigo, du coton, du tabac, des écailles de tortues, dont on fait de fort beaux ouvrages en Angleterre ; les cuirs, le bois pour la teinture, le sel, le gingembre ; le piment, & autres épiceries : les drogues, comme le gayac, les racines de squine, la salsepareille, la casse, entrent encore dans le commerce des habitans. Long. selon Harvis, 301d33′45″ . lat. méridionale 17. 40. lat. septentrionale 18. 45. (D. J.)​","[['17 40\' N 301 33\' 45""', '18 45 N 301 33\' 45""']]",,"17 40' N 301 33' 45"" 18 45 N 301 33' 45""","17 40' S 301 33' 45"" O | 18 45' N 301 33' 45"" O"
v8-1729-0,"JAPON, le","JAPON, le, (Géog.)​ grand pays de la partie la plus orientale de l’Asie. C’est un composé de quantité d’îles, dont les trois principales sont celles de Niphon, de Saikokf, & de Sikokf ; ces trois îles sont entourées d’un nombre prodigieux d’autres îles ; les unes petites, pleines de rochers stériles, les autres grandes, riches & fertiles. Toutes ces îles & terres qui forment le Japon, ont été divisées l’an 590 de J. C. en sept principales contrées, qui sont partagées en quarante-huit provinces, & subdivisées en plusieurs moindres districts.


Le revenu de toutes les îles & provinces, qui appartiennent à l’empire du Japon, monte tous les ans à 3228 mans, & 6200 kokfs de ritz ; car au Japon, tous les revenus sont réduits à ces deux mesures en ritz ; un mans contient dix mille kokfs, & un kokf trois mille balles ou sacs de ritz.


Le tems est fort inconstant dans cette vaste contrée ; l’hiver est sujet à des froids rudes, & l’été à des chaleurs excessives. Il pleut beaucoup pendant le cours de l’année, & sur-tout dans les mois de Juin & de Juillet, mais sans cette régularité qu’on remarque dans les pays plus chauds des Indes orientales. Le tonnerre & les éclairs sont très-fréquens. La mer qui environne le Japon, est fort orageuse, & d’une navigation périlleuse, par le grand nombre de rochers, de bas-fonds & d’écueils, qu’il y a au-dessus & au-dessous de l’eau.


Le terroir est en général montagneux, pierreux, & stérile ; mais l’industrie & les travaux infatigables des habitans, qui d’ailleurs vivent avec une extrème frugalité, l’ont rendu fertile, & propre à se passer des pays voisins. Toute la nation se nourrit de ritz, de légumes & de fruits, sobriété qui semble en elle une vertu plûtôt qu’une superstition. L’eau douce ne manque pas, car il y a un grand nombre​ de lacs, de rivieres, & de fontaines froides, chaudes & minérales ; les tremblemens de terre n’y sont pas rares, & détruisent quelquefois des villes entieres par leurs violentes & longues secousses.


La plus grande richesse du Japon consiste en toutes sortes de minéraux & de métaux, particulierement en or, en argent, & en cuivre admirable. Il y a quantité de soufrieres, entr’autres une île entiere qui n’est que soufre. La province de Bungo produit de l’étain si fin & si blanc, qu’il vaut presque l’argent. On trouve ailleurs le fer en abondance ; d’autres provinces fournissent des pierres précieuses, jaspes, agathes, cornalines, des perles dans les huitres, & dans plusieurs autres coquillages de mer. L’ambre gris se recueille sur les côtes, & chacun peut l’y ramasser. Les coquillages de la mer, dont les habitans ne font aucun cas, ne cedent point en beauté à ceux d’Amboine & des îles Moluques. Le Japon possede aussi des drogues estimées, qui servent à la Teinture & à la Médecine. On n’y a point encore découvert l’antimoine, & le sel armoniac ; le vif-argent & le borax y sont portés par les Chinois.


L’empire du Japon est situé entre le 31 & le 42d de latitude septentrionale. Les Jesuites, dans une carte corrigée sur leurs observations astronomiques, le placent entre le 157 & le 175d30′ de longitude. Il s’étend au nord-est, & à l’est-nord-est ; sa largeur est très-irréguliere, & étroite en comparaison de sa longueur, qui prise en droite ligne, & sans y comprendre toutes les côtes, a au moins 200 milles d’Allemagne. Il est comme le royaume de la Grande-Bretagne, haché & coupé, mais dans un plus haut dégré, par des caps, des bras de mer, des anses & des baies. Il se trouve un bras de mer entre les côtes les plus septentrionales du Japon, & un continent voisin ; c’est un fait confirmé par les découvertes récentes des Russes ; Jedo est aujourd’hui la capitale de cet empire ; c’étoit autrefois Meaco. Voyez Jedo & Méaco.


Si le Japon exerce la curiosité des Géographes, il est encore plus digne des regards d’un philosophe. Nous fixerons ici les yeux du lecteur, sur le tableau intéressant qu’en a fait l’historien philosophe de nos jours. Il nous peint avec fidélité ce peuple étonnant, le seul de l’Asie qui n’a jamais été vaincu, qui paroît invincible ; qui n’est point, comme tant d’autres, un mélange de différentes nations, mais qui semble aborigene ; & au cas qu’il descende d’anciens Tartares, 1200 ans avant J. C. suivant l’opinion du P. Couplet, toujours est-il sûr qu’il ne tient rien des peuples voisins. Il a quelque chose de l’Angleterre, par la fierté insulaire qui leur est commune, & par le suicide qu’on croit si fréquent dans ces deux extrémités de notre hémisphere ; mais son gouvernement ne ressemble point à l’heureux gouvernement de la Grande-Bretagne ; il ne tient pas de celui des Germains, son système n’a pas été trouvé dans leurs bois.


Nous aurions dû connoître ce pays dès le xiij. siecle, par le recit du celebre Marco Paolo. Ce illustre vénitien avoit voyagé par terre à la Chine ; & ayant servi long-tems sous un des fils de Gengis-Kan, il eut les premieres notions de ces îles, que nous nommons Japon, & qu’il appelle Zipangri ; mais ses contemporains qui admettoient les fables les plus grossieres, ne crurent point les vérités que Marc Paul annonçoit : son manuscrit resta long-tems ignoré. Il tomba enfin entre les mains de Christophe Colomb, & ne servit pas peu à le confirmer dans son espérance, de trouver un monde nouveau, qui pouvoit rejoindre l’orient & l’occident. Colomb ne se trompa que dans l’opinion, que le Japon touchoit à l’hémisphere qu’il découvrit ; il en étoit si convain-​cu, qu’étant abordé à Hispaniola, il se crut dans le Zipangri de Marco Paolo.


Cependant, pendant qu’il ajoûtoit un nouveau monde à la monarchie d’Espagne, les Portugais de leur côté s’aggrandissoient avec le même bonheur dans les Indes orientales. La découverte du Japon leur est dûe, & ce fut l’effet d’un naufrage. En 1542, lorsque Martin Alphonse de Souza étoit viceroi des Indes orientales, trois portugais, Antoine de Mota, François Zeimoto, & Antoine Peixota, dont les noms méritoient de passer à la postérité, furent jettés par une tempête sur les côtes du Japon ; ils étoient à bord d’une jonque chargée de cuir, qui alloit de Siam à la Chine : voilà l’origine de la premiere connoissance qui se répandit du Japon en Europe.


Le gouvernement du Japon a été pendant deux mille quatre cent ans assez semblable à celui du calif des Musulmans, & de Rome moderne. Les chefs de la religion ont été, chez les Japonnois, les chefs de l’empire plus long-tems qu’en aucune autre nation du monde. La succession de leurs pontifes rois, & de leurs pontifes reines (car dans ce pays-là les femmes ne sont point exclues du trône pontifical) remonte 660 ans avant notre ere vulgaire.


Mais les princes séculiers s’étant rendus insensiblement indépendans & souverains dans les provinces, dont l’empereur ecclésiastique leur avoit donné l’administration, la fortune disposa de tout l’empire en faveur d’un homme courageux, & d’une habileté consommée, qui d’une condition basse & servile, devint un des plus puissans monarques de l’univers ; on l’appella Taïco.


Il ne détruisit, en montant sur le trône, ni le nom, ni la race des pontifes, dont il envahit le pouvoir, mais depuis lors l’empereur ecclésiastique, nommé Dairi ou Dairo, ne fut plus qu’une idole révérée, avec l’apanage imposant d’une cour magnifique ; voyez Dairo. Ce que les Turcs ont fait à Bagdat, ce que les Allemans ont voulu faire à Rome, Taïco l’a fait au Japon, & ses successeurs l’ont confirmé.


Ce fut sur la fin du xvj siecle, vers l’an 1583 de J. C. qu’arriva cette révolution. Taïco instruit de l’état de l’empire, & des vûes ambitieuses des princes & des grands, qui avoient si longtems pris les armes les uns contre les autres, trouva le secret de les abaisser & de les dompter. Ils sont aujourd’hui tellement dans la dépendance du Kubo, c’est-à-dire, de l’empereur séculier, qu’il peut les disgracier, les exiler, les dépouiller de leurs possessions, & les faire mourir quand il lui plaît, sans en rendre compte à personne. Il ne leur est pas permis de demeurer plus de six mois dans leurs biens héréditaires ; il faut qu’ils passent les autres six mois dans la capitale, où l’on garde leurs femmes & leurs enfans pour gage de leur fidélité. Les plus grandes terres de la couronne sont gouvernées par des lieutenans, & par des receveurs ; tous les revenus de ces terres doivent être portés dans les coffres de l’empire ; il semble que quelques ministres qu’on a eus en Europe ayent été instruits par le grand Taïco.


Ce prince, pour mettre ensuite son autorité à couvert de la fureur du peuple, qui sortoit des guerres civiles, fit un nouveau corps de lois, si rigoureuses, qu’elles ne semblent pas être écrites, comme celles de Dracon, avec de l’encre, mais avec du sang. Elles ne parlent que de peines corporelles, ou de mort, sans espoir de pardon, ni de surséance pour toutes les contraventions faites aux ordonnances de l’empereur. Il est vrai, dit M. de Montesquieu, que le caractere étonnant de ce peuple opiniâtre, capricieux, déterminé, bizarre & qui brave tous les périls & tous les malheurs, semble à la premiere vûe, absoudre ce législateur de​ l’atrocité de ses lois ; mais des gens, qui naturellement méprisent la mort, & qui s’ouvrent le ventre par la moindre fantaisie, sont-ils corrigés ou arrêtés par la vûe des supplices, & ne peuvent-ils pas s’y familiariser ?


En même tems que l’empereur, dont je parle, tâchoit par des lois atroces, de pourvoir à la tranquilité de l’état, il ne changea rien aux diverses religions établies de tems immémorial, dans le pays, & laissa à tous ses sujets la liberté de penser comme ils voudroient sur cette matiere.


Entre ces religions, celle qui est la plus étendue au Japon, admet des récompenses & des peines après la vie, & même celle de Sinto qui a tant de sectateurs, reconnoît des lieux de délices pour les gens de bien, quoiqu’elle n’admette point de lieu de tourmens pour les méchans ; mais ces deux sectes s’accordent dans la morale. Leur principaux commandemens qu’ils appellent divins, sont les nôtres ; le mensonge, l’incontinence, le larcin, le meurtre, sont défendus ; c’est la loi naturelle réduite en préceptes positifs. Ils y ajoûtent le précepte de la tempérance, qui défend jusqu’aux liqueurs fortes, de quelque nature qu’elles soient, & ils étendent la défense du meurtre jusqu’aux animaux ; Siaka qui leur donna cette loi, vivoit environ mille ans avant notre ere vulgaire. Ils ne different donc de nous en morale, que dans le précepte d’épargner les bêtes, & cette différence n’est pas à leur honte. Il est vrai qu’ils ont beaucoup de fables dans leur religion, en quoi ils ressemblent à tous les peuples, & à nous en particulier, qui n’avons connu que des fables grossieres avant le Christianisme.


La nature humaine a établi d’autres ressemblances entre ces peuples & nous. Ils ont la superstition des sortileges que nous avons eu si long-tems. On retrouve chez eux les pélerinages, les épreuves de feu, qui faisoient autrefois une partie de notre jurisprudence ; enfin ils placent leurs grands hommes dans le ciel, comme les Grecs & les Romains. Leur pontife (s’il est permis de parler ainsi) a seul, comme celui de Rome moderne, le droit de faire des apothéoses, & de consacrer des temples aux hommes qu’il en juge dignes. Ils ont aussi depuis très-long-tems des religieux, des hermites, des instituts même, qui ne sont pas fort éloignés de nos ordres guerriers ; car il y avoit une ancienne société de solitaires, qui faisoient vœu de combattre pour la religion.


Le Japon étoit également partagé entre plusieurs sectes sous un pontife roi, comme il l’est sous un empereur séculier ; mais toutes les sectes se réunissoient dans les mêmes points de morale. Ceux qui croyoient la métempsycose & ceux qui n’y croyoient pas, s’abstenoient & s’abstiennent encore aujourd’hui de manger la chair des animaux qui rendent service à l’homme ; tous s’accordent à les laisser vivre, & à regarder leur meurtre comme une action d’ingratitude & de cruauté. La loi de Moyse tue & mange, n’est pas dans leurs principes, & vraisemblablement le Christianisme adopta ceux de ce peuple, quand il s’établit au Japon.


La doctrine de Confucius a fait beaucoup de progrès dans cet empire ; comme elle se réduit toute à la simple morale, elle a charmé tous les esprits de ceux qui ne sont pas attachés aux bonzes, & c’est toujours la saine partie de la nation. On croit que le progrès de cette philosophie, n’a pas peu contribué à ruiner la puissance du Dairi : l’empereur qui régnoit en 1700, n’avoit pas d’autre religion.


Il semble qu’on abuse plus au Japon qu’à la Chine de cette doctrine de Confucius. Les philosophes japonnois regardent l’homicide de soi-même, comme une action vertueuse, quand elle ne blesse pas la société ; le naturel fier & violent de ces insulaires met​souvent cette théorie en pratique, & rend l’homicide beaucoup plus commun encore au Japon, qu’il ne l’est en Angleterre.


La liberté de conscience ayant toujours été accordée dans cette empire, ainsi que dans presque tout le reste de l’Orient, plusieurs religions étrangeres s’étoient paisiblement introduites au Japon. Dieu permettoit ainsi que la voie fût ouverte à l’évangile dans ces vastes contrées ; personne n’ignore qu’il fit des progrès prodigieux sur la fin du seizieme siecle, dans la moitié de cet empire. La célebre ambassade de trois princes chrétiens Japonnois au pape Grégoire XIII, est, ce me semble, l’hommage le plus flateur que le saint-siege ait jamais reçu. Tout ce grand pays, où il faut aujourd’hui abjurer l’évangile, & dont aucun sujet ne peut sortir, a été sur le point d’être un royaume chrétien, & peut-être un royaume portugais. Nos prêtres y étoient honorés plus que parmi nous ; à présent leur tête y est à prix, & ce prix même y est fort considérable : il est d’environ douze mille livres.


L’indiscrétion d’un prêtre portugais, qui refusa de céder le pas à un des officiers de l’empereur, fut la premiere cause de cette révolution. La seconde, fut l’obstination de quelques jésuites, qui soutinrent trop leurs droits, en ne voulant pas rendre une maison qu’un seigneur japonnois leur avoit donnée, & que le fils de ce seigneur leur redemandoit. La troisieme, fut la crainte d’être subjugués par les chrétiens. Les bonzes appréhenderent d’être dépouillés de leurs anciennes possessions, & l’empereur enfin craignit pour l’état. Les Espagnols s’étoient rendus maîtres des Philippines voisines du Japon ; on savoit ce qu’ils avoient fait en Amérique, il n’est pas étonnant que les Japonnois fussent allarmés.


L’empereur séculier du Japon proscrivit donc la religion chrétienne en 1586 ; l’exercice en fut défendu à ses sujets sous peine de mort ; mais comme on permettoit toujours le commerce aux Portuguais & aux Espagnols, leurs missionnaires faisoient dans le peuple autant de prosélytes, qu’on en condamnoit au supplice. Le monarque défendit à tous les habitans d’introduire aucun prêtre chrétien dans le pays ; malgré cette défense, le gouverneur des îles Philippines fit passer des Cordeliers en ambassade à l’empereur du Japon. Ces ambassadeurs commencerent par bâtir une chapelle publique dans la ville capitale ; ils furent chassés, & la persécution redoubla. Il y eut longtems des alternatives de cruautés & d’indulgences. Enfin arriva la fameuse rébellion des chrétiens, qui se retirerent en force & en armes en 1637, dans une ville de l’empire ; alors ils furent poursuivis, attaqués, & massacrés au nombre de trente-sept mille l’année suivante 1638, sous le regne de l’impératrice Mikaddo. Ce massacre affreux étouffa la révolte, & abolit entierement au Japon la religion chrétienne, qui avoit commencé de s’y introduire dès l’an 1549.


Si les Portugais & les Espagnols s’étoient contentés de la tolérance dont ils jouissoient, ils auroient été aussi paisibles dans cet empire, que les douze sectes établies à Méaco, & qui composoient ensemble dans cette seule ville, au-de-là de quatre cent mille ames.


Jamais commerce ne fut plus avantageux aux Portugais que celui du Japon. Il paroît assez, par les soins qu’ont les Hollandois de se le conserver, à l’exclusion des autres peuples, que ce commerce produisoit, sur-tout dans les commencemens, des profits immenses. Les Portugais y achetoient le meilleur thé de l’Asie, les plus belles porcelaines, ces bois peints, laqués, vernissés, comme paravents, tables, coffres, boëtes, cabarets, & autres semblables, dont notre luxe s’appauvrit tous les jours ;​ de l’ambre gris, du cuivre d’une espece supérieure au nôtre ; enfin l’argent & l’or, objet principal de toutes les entreprises de négoce.


Le Japon, aussi peuplé que la Chine à proportion, & non moins industrieux, tandis que la nation y est plus fiere & plus brave, possede presque tout ce que nous avons, & presque tout ce qui nous manque. Les peuples de l’Orient étoient autrefois bien supérieurs à nos peuples occidentaux, dans tous les arts de l’esprit & de la main. Mais que nous avons regagné le tems perdu, ajoûte M. de Voltaire ! les pays où le Bramante & Michel Ange ont bâti Saint Pierre de Rome, où Raphaël a peint, où Newton a calculé l’infini, où Leibnitz partagea cette gloire, où Huyggens appliqua la cycloïde aux pendules à secondes, où Jean de Bruges trouva la peinture à l’huile, où Cinna & Athalie ont été écrits ; ces pays, dis-je, sont devenus les premiers pays de la terre. Les peuples orientaux ne sont à présent dans les beaux arts, que des barbares, ou des enfans, malgré leur antiquité, & tout ce que la nature a fait pour eux. (D. J.)​","[['31 N 157 E', ""42 N 175 30' E""]]",,31 N 157 E 42 N 175 30' E,31 N 157 E | 42 N 175 30' E
v8-1772-0,JASQUE,"JASQUE, (Géog.)​ petite ville maritime de Perse, sur un cap qui resserre le golfe d’Ormus, dans la province de Tubéran. Ce cap a 25d. 31′. d’élévation, & est éloigné d’Ormus de 30 lieues ; il dépend du gouverneur de Gomron. Voyez Thévenot, voyage du Levant. (D. J.)​","[[""25 31' N""]]",,25 31' N,
v8-2881-18,"Isles Piscadores, ou îles des Pêcheurs","Isles Piscadores, ou îles des Pêcheurs, (Géog.)​ ce sont plusieurs grandes îles désertes, situées près de Formosa, entre cette île & la Chine, à 23 deg. ou environ de lat. septentrionale, & presque à la même hauteur que le tropique du cancer. (D. J.)​",[['23 N']],,23 N,23 N
v9-487-0,KONIGSBERG,"KONIGSBERG, (Géog.)​ Regiomons, ville de la Prusse ducale, ou pour parler selon l’usage présent, capitale du royaume de Prusse, avec un palais, dans lequel il y a une sale sans piliers, de 274 piés de long, sur 59 de large.


La ville a été fondée au treizieme siecle par les chevaliers de l’ordre Teutonique. Son université doit sa naissance en 1544, à Albert de Brandebourg, premier duc de Prusse. Cette ville est sur la riviere de Pregel : proche la mer, à 25 lieues N. E. d’Elbing, 30 N. E. de Dantzick, 65. N. de Warsovie. Long. selon Cassini, 38. 31.′ 15″, & selon Linnemarnus, 39 19. Lat. selon tous deux, 54. 43.


Il y a un autre Konigsberg au cercle de Franconie, appartenant à la maison de Saxe Weimar, & située à trois lieues de Schwenfurth.


On nomme encore quatre autres petites villes de ce nom ; une dans la haute Lusace, une en Silésie, une au pays de Hesse, & finalement la quatrieme dans l’électorat de Brandebourg.


Comme le mot koenig signifie roi, & koenigsberg, montagne de roi, on a donné ce nom à plusieurs villes situées sur des hauteurs. Il répond à nos mots françois, Royaumont, & Mont-royal.


Entre les savans dont Konigsberg, capitale du royaume de Prusse, est la patrie, je ne dois pas oublier de nommer MM. Gottsched, Grabe, Guillandin & Sandius.


M. Gottsched est célebre en Allemagne par ses poésies ; & son épouse s’est aussi distinguée dans la même carriere.


Grabe (Jean) né en 1666, mourut à Londres en 1711 ; il étoit plein d’érudition, & très-versé dans la lecture des anciens peres de l’Eglise ; cependant il n’a pas toujours témoigné un discernement habile à distinguer les écrits supposés, des véritables.


Guillandin (Melchior) céda, dès sa premiere jeunesse, à la passion de voyager ; mais la curiosité qui le porta à voir l’Asie, l’Afrique & l’Amérique, lui coûta cher ; car en passant d’Egypte en Sicile, il fut​pris par des pirates, qui le menerent à Alger, où on le fit servir comme forçat. Fallope paya généreusement sa rançon, & le tira d’esclavage. Il se rendit à Padoue pour remercier son bienfaiteur, s’y établit & y mourut professeur de Botanique en 1689, extrémement âgé. Ses commentaires sur les trois chapitres de Pline de Papyro, sont un excellent ouvrage.


Sandius (Christophle) né à Konigsberg, & mort à Amsterdam en 1680, à l’âge de trente six ans, est auteur de la bibliotheque des Antitrinitaires, sagement rédigée dans l’ordre chronologique, seule bonne méthode. Il est encore connu par son Nucleus historiæ ecclesiasticæ, matiere qu’il possedoit à merveille ; ses remarques sur les historiens latins de Vossius, sont une preuve de son savoir dans la littérature. (D. J.)​","[['alt'], ['54 43\' N 38 31\' 15"" E'], [""54 43' N 39 19' E""]]",,"alt | 54 43' N 38 31' 15"" E | 54 43' N 39 19' E","54 43' N 38 31' 15"" E | 54 43' N 39 19' E"
v9-504-0,KOPING,"KOPING, (Géog.)​ Kopingia, ville de Suede dans le territoire appellé Westmanie, & présentement l’Uffund ou Ukerbo, au nord du lac Maler. Jean Gustave Halman a publié en 1728 à Stockolm l’histoire & la description de cette ville. Elle est située, selon lui, entre le 36 & 37 degré de longit. & entre le 59 & le 60 degré de latit.


Le mot de koping veut dire marché, & entre dans la terminaison de plusieurs noms de villes ou de bourgs en Suede, tels sont Falkoping, Lidkoping, Nordkoping, Nykoping, Suderkoping. (D. J.)​","[['59 N 36 E', '60 N 37 E']]",,59 N 36 E 60 N 37 E,59 N 36 E | 60 N 37 E
v9-584-0,LABAPI ou LAVAPIA,"LABAPI ou LAVAPIA, (Géog.)​ riviere de l’Amérique méridionale au Chili, à 15 lieues de celle de Biopio, & séparées l’une de l’autre par une large baie, sur laquelle est le canton d’Aranco. Le Labapi est à 37. 30. de latitude méridionale selon Herréra. (D. J.)​","[[""37 30' S""]]",,37 30' S,37 30' S
v9-655-0,LADAC ou LADNEA,"LADAC ou LADNEA, (Géog.)​ royaume d’Asie dans le grand Thibet, dont il fait partie : il est par les 35d de latitude septentrionale, & a au nord des deserts traversés par le chemin de Cachemire au Tangut. (D. J.​",[['35 N']],,35 N,35 N
v9-1201-0,"LÉMAN, le lac","LÉMAN, le lac, (Géog.)​ Lemanus lacus, lac situé entre la Savoie & le pays de Vaud, dépendant de la république de Berne. On le nomme communément le lac de Genève, & nous avons déja dit, je ne sais où, qu’il a porté le nom de lac de Lauzane, lacus Lauzanius.


La figure de ce lac approche un peu de celle d’un croissant, dont les deux cornes seroient émoussées, & dont l’une des mêmes cornes auroit une grande échancrure par-dedans. Il est vrai que nous en avons de bonne cartes ; mais toutes ne représentent pas sa véritable figure ; ce lac s’étend bien plus contre le nord, & moins du côté de l’orient que plusieurs de ces cartes ne le marquent.


Il est situé entre le 24 degré 10′, & le 25 de longitude, à compter cette longueur depuis l’isle de Fer,​ & entre le 46 degré 12′, & le 46 degré 31′ de latitude.


La longueur de ce lac depuis Genève jusqu’à Villeneuve, en passant par le pays de Vaud, est de 15 lieues de marine, dont il y en a 20 au degré ; & ces 15 lieues font 18 lieues trois quarts communes de France ; mais cette distance prise en ligne droite par dessus le Chablais, n’excede pas 12 lieues de marine.


La plus grande largeur de ce lac, à le prendre de Rolle jusqu’au voisinage de Thonon, est de trois à quatre lieues, ou plutôt à cause du biais qui se trouve entre ces deux endroits, sa plus grande largeur doit être seulement estimée environ sept milles toises de France de six piés de roi chacune, ce qui fait un peu plus de trois lieues communes du même royaume, mais ce lac se rétrécit beaucoup ensuite en venant vers Genève ; car depuis Rolle jusqu’à Genève, il n’est guere, que je sache, en aucun endroit plus large d’une lieue marine.


La surface du lac Léman est d’environ 26 lieues communes quarrées, dont chacune a 2282 toises & deux cinquiemes de côte.


La profondeur de ce lac est dans quelques endroits très-considérable, particulierement du côté de Savoie ; cependant on n’a point fait encore d’expériences suffisantes pour la justifier, & le fait en vaudroit la peine. Je prie les physiciens du pays de constater cette profondeur ; car nous ne pouvons faire aucun fonds sur des témoignages de pêcheurs mal-habiles ; témoignages d’autant plus suspects que les uns estiment la plus grande profondeur de ce lac, près de Melleria, à 200 brasses, tandis que d’autres la font monter au double. D’après leur même rapport, ce qu’ils appellent le petit lac de Genève, c’est-à-dire le lac qui s’étend depuis la ville de Nion jusqu’à celle de Genève, n’a nulle part plus de 40 brasses de profondeur ; encore un coup leurs assurances demandent une révision.


Il en est presque de même au sujet des trombes qu’on a observés quelquefois sur ce lac, par exemple en 1741 & 1742 ; les trombes dont nous parlons, sont des especes de vapeurs épaisses qui s’élevent de tems à autre sur le lac Léman, occupent en largeur des 15 à 20 toises, à peu près autant en hauteur, & se dissipent ensuite dans un instant, sans qu’on soit encore suffisamment éclairé sur leurs causes.


Un phénomène beaucoup moins rare que nous offre le lac Léman, est une espece de flux & reflux qu’on y remarque sous le nom vulgaire & ridicule de seiches ; cette espece de flux & reflux, qui se trouve d’une part près de l’embouchure du Rhône, ou bien à l’autre extrémité, près de l’embouchure de l’Arve, doit êtrë vraissemblablement produit par la fonte des neiges, conformément au détail exact & savamment raisonné qu’en a fait M. Jallabert dans l’hist. de l’acad. des Scienc. ann. 1742.


Le lac Léman est en partie formé par le Rhône qui le traverse dans toute sa longueur, en sort à Genève, & y conserve seulement sa couleur jusqu’à une certaine distance : ce lac au contraire de plusieurs autres décroît en hiver, & croît en été quelquefois jusqu’à dix piés & davantage. Les neiges fondues des montagnes dans cette saison, grossissent de leurs eaux, les ruisseaux & rivieres qui entrent dans le lac, & par conséquent le lac lui-même. Il ne se gele presque jamais dans les plus grands froids, parce qu’il abonde en sources vives.


Mais si l’on joint à cet avantage sa belle situation, l’aspect admirable qu’il procure de maisons de plaisance, de villes, de bourgs & de villages, de champs cultivés, de côteaux, de vignobles & de campagnes fertiles, l’excellent poisson de plusieurs sortes qu’il fournit en abondance, sa profondeur, son étendue, la bonté du bassin sur lequel il roule des eaux pures​légeres & argentines, on ne pourrra s’empécher de le regarder pour un des plus beaux lacs de l’Europe, & de dire à sa gloire, avec le premier poëte de nos jours.



Que le chantre flateur du tyran des Romains,
L’auteur harmonieux des douces Géorgiques,
Ne vante plus ses lacs & leurs bords magnifiques,
Ces lacs que la nature a creusés de ses mains
Dans les campagnes italiques,
Le lac Léman est le premier . . . . .
. . . . . . . C’est sur ces bords heureux,
Qu’habite des humains la déesse éternelle,
L’ame des grands travaux, l’objet des nobles vœux,
Que tout mortel embrasse, ou desire ou rappelle,
Qui vit dans tous les cœurs, & dont le nom sacré
Dans les cours des tyrans est tout bas adoré,
La liberté ! . . . . .


(D. J.)​","[[""46 12' N 24 10' E"", ""46 31' N 25 E""]]",,46 12' N 24 10' E 46 31' N 25 E,46 12' N 24 10' E | 46 31' N 25 E
v9-1366-0,"LEVERPOOL, ou LIVERPOOL","LEVERPOOL, ou LIVERPOOL, en latin Liserpalus, (Géog.)​ petite ville d’Angleterre, dans le comté de Lancastre, à 18 milles de Chester, 150 N. O. de Londres, & à l’embouchure du Mersey, dans la mer d’Irlande, où elle a un grand port ; elle a droit de députer au parlement. Long. 13. 30. & selon Strect, 14. 56. 15. lat. 53. 16. & selon Strect, 53. 22. (D. J.)​","[['alt'], [""53 16' N 13 30' E""], ['53 22\' N 14 56\' 15"" E']]",,"alt | 53 16' N 13 30' E | 53 22' N 14 56' 15"" E","53 16' N 13 30' O | 53 22' N 14 56' 15"" O"
v9-1559-0,LIMA,"LIMA, (Géog.)​ ville de l’Amérique méridionale au Pérou, dont elle est la capitale, ainsi que la résidence du vice-roi, avec un archevêché érigé en 1546, & une espece d’université, dirigée par des moines, & fondée par Charles-Quint en 1545.


François Pizarre jetta les fondemens de Lima en 1534 ou 1535, & douze Espagnols sous ses ordres commencerent à s’y loger. Le nombre des habitans augmenta promptement ; on alligna les rues, on les fit larges, & on divisa la ville en quarrés, que les Espagnols appellent quadras.


Le roi d’Espagne y établit un vice-roi, avec un pouvoir absolu, mais dont le gouvernement ne dure que sept ans ; les autres charges se donnent, ou plûtôt se vendent, pour un tems encore plus court, savoir pour cinq ans, pour trois ans. Cette politique, établie pour empêcher que les pourvûs ne forment des partis contre un prince éloigné d’eux, est la principale cause du mauvais gouvernement de la colonie, de toutes sortes de déprédations, & du peu de profit qu’elle procure au roi ; aucun des officiers ne se soucie du bien public.


Le pere Feuillée, M. Frezier, & les lettres édifiantes, vous instruiront en détails très-étendus, du gouvernement de Lima, de son audience royale, de son commerce, de ses tribunaux civils & ecclésiastiques, de son université, de ses églises, de ses hôpitaux, & de ses légions de moines, qui par leurs logemens, ont absorbé la plus belle & la plus grande partie de la ville ; ils vous parleront aussi de la quantité de couvens de filles, qui n’y sont guère moins nombreux ; enfin, des mœurs dissolues qui regnent dans un pays, où la fertilité, l’abondance de toutes choses, la richesse & l’oisiveté, ne peuvent inspirer que l’amour & la mollesse.


On n’y éprouve jamais l’intempérie de l’air, les nuages y couvrent ordinairement le ciel, pour garantir ce beau climat des rayons que le soleil y darderoit perpendiculairement. Ces nuages ne font quelquefois que s’abaisser en brouillards, pour rafraîchir la surface de la terre, fertile en toutes sortes de fruits délicieux de l’Europe & des îles Antilles, oranges, citrons, figues, raisins, olives, ananas, goyaves, patates, bananes, sandies, melons, lucumos, chérimolas, & autres.


Les campagnes de la grande vallée de Lima offrent des prairies vertes toute l’année, ici tapissées de luzerne, là des fruits dont nous venons de parler : la belle riviere de Lima arrose cette vallée par une infinité de canaux pratiqués au milieu des plaines.


En un mot, Lima donneroit l’idée du séjour le plus riant, si tous ces avantages n’étoient pas troublés par de fréquens tremblemens de terre, qui doivent inquietter sans cesse ses habitans. Il y en eut un le 17 Juin 1678, qui ruina une grande partie de la ville. Celui de 1682 démolit presque entierement les édifices publics. Depuis la plûpart des maisons des particuliers y ont été faites généralement d’un seul étage, & seulement couvertes de roseaux, sur lesquels on répand de la cendre, pour empêcher que la rosée ne passe à-travers.


Enfin, le 28 Octobre 1746, on entendit à Lima, sur les dix heures & demie du soir, un bruit souterrain, qui précede toûjours en ce pays-là les tremblemens de terre, & dure assez long-tems pour qu’on puisse sortir des maisons. Les secousses vin-​rent ensuite, & furent si violentes, qu’en quatre à cinq minutes de tems, il n’est resté de toute cette capitale que vingt maisons sur pié. Soixante-quatorze églises ou couvens, le palais du vice-roi, l’audience royale, les hôpitaux, les tribunaux, & tous les édifices publics, qui étoient plus élevés & plus solidement bâtis que les autres, ont été ruinés de fond en comble.


Le Callao, ville fortifiée & port de Lima, à deux lieues de cette capitale, fut vraisemblablement renversé par les mêmes secousses ; dans le même tems où le tremblement se fit sentir, la mer s’éloigna du rivage à une grande distance ; elle revint ensuite avec tant de furie, qu’elle submergea treize des vaisseaux qu’elle avoit laissés à sec & sur le côté dans le port. Elle porta quatre autres vaisseaux fort avant dans les terres, où elle s’étendit à une de nos lieues, rasant entierement Callao & engloutissant tous ses habitans, au nombre d’environ cinq mille, & plusieurs de ceux de Lima qu’elle trouva sur le chemin.


Les oscillations que fit la mer jusqu’à ce qu’elle eût repris son assiette naturelle, couvrirent les ruines de cette malheureuse ville de tant de sable, qu’il reste à peine quelque vestige de sa situation. On avoit trouvé déjà onze cens quarante-un corps ensevelis sous ses décombres au départ du premier vaisseau qui porta cette triste nouvelle en Europe ; j’ignore combien on en a déterré dans la suite.


Mais on a travaillé insensiblement à tirer des ruines de Lima la plus grande partie des effets précieux qui y ont été enfouis, & à rebâtir les édifices publics plus bas qu’ils n’étoient avant cet accident.


Cette ville a à l’orient les hautes montagnes des Andes, autrement appellées les Cordelieres ; elle est arrosée par la belle riviere qui descend de ces hautes montagnes, au sud est la grande vallée de Lima, dont nous avons parlé.


La position de cette ville sur la carte d’Amérique, publiée en 1700 par M. Halley, revient à 78 degrés, 40 minutes de longitude occidentale du méridien de Paris ; & suivant le pere Feuillée, la long. est 275d53′30″. lat. 12d3′16″. Selon Cassini la long. de cette ville est 299d1′0″. lat. 12d1′15″. (D. J.)​","[['alt'], [""78 40' W""], ['12 3\' 16"" S 275 53\' 30"" E'], ['12 1\' 15"" S 299 1\' 0"" E']]",['Paris'],"alt | 78 40' W | 12 3' 16"" S 275 53' 30"" E | 12 1' 15"" S 299 1' 0"" E","12 3' 16"" S 275 53' 30"" O | 12 1' 15"" S 299 1' 0"" O"
v9-1790-0,"LOANGO, ou LOWANGO","LOANGO, ou LOWANGO, (Géog.)​ royaume d’Afrique dans la basse Guinée, sur la côte de l’Océan éthiopique. Il commence au cap Sainte-Catherine, par les 2 degrés de latitude méridionale, & finit par les 5 degrés de la même latitude, ce qui lui donne 3 degrés ou 75 lieues des côtes nord & sud. Son étendue est & ouest dans les terres est d’environ 100 lieues. Il est séparé du royaume de Congo par le Zaire, la capitale s’appelle Loango.


Les habitans de cette contrée sont noirs, & plongés dans l’idolâtrie ; les hommes portent aux bras de larges bracelets de cuivre : ils ont autour du corps un morceau de drap, ou de peau d’animal, qui leur pend comme un tablier ; ils sont nuds depuis la ceinture en haut, mettent sur la tête des bonnets d’herbes, piqués avec une plume dessus, & une queue de buffle sur l’épaule, ou dans la main, pour chasser les mouches.


Les femmes ont des jupons ou lavougus de paille, qui couvrent ce qui distingue leur sexe, & ne les entrouvrent qu’à moitié, le reste de leur corps est nud par le haut & par le bas. Elles s’oignent d’huile de palmier & de bois rouge mis en poudre ; elles portent toûjours sous le bras une petite natte, pour s’asseoir dessus par-tout où elles vont.


Ce sont elles qui gagnent la vie de leurs maris, comme font toutes les autres femmes de la côte d’Afrique ; elles cultivent la terre, sement, moissonnent, servent leurs hommes à table, & n’ont pas l’honneur de manger avec eux.


Ils vivent les uns & les autres de poisson, & de viande à demi corrompue. Ils boivent de l’eau ou du vin de palmier, qu’ils tirent des arbres.


Le roi est despotique, & ce seroit un crime digne de mort d’oser le regarder boire ; c’est pour cela qu’avant que sa majesté boive, on sonne une clochette, & tous les assistans baissent le visage contre terre ; quand sa majesté a bû, on sonne encore la même clochette, & chacun se releve ; d’ailleurs, le roi mange rarement en présence de ses sujets, & même ce n’est que les jours de fêtes qu’il se montre en public.


Les revenus de l’état sont en cuivre, en dents d’éléphans, en habits d’herbes qu’on nomme lavougus, & dont le monarque a des magasins ; mais les principales richesses consistent en bétail, & en esclaves des deux sexes.


Ce pays nourrit des éléphans, quantité de buffles, de bœufs, de cerfs, de biches, de pourceaux, de volaille. Il abonde en tigres, en léopards, en civettes, & autres bêtes qui fournissent de belles fourrures. On y voit des singes à queue, que Van-den-Broeck a pris pour des hommes sauvages.​


Les funérailles du peuple de Loango se font assez singulierement ; ils placent le mort sur une espece de bucher, dans la posture d’un homme assis, le couvrent d’un habit d’herbes, allument du feu tout autour, & après avoir entierement desseché le cadavre, ils le portent en terre avec pompe.


Dans ce royaume, les fils du roi ne sont pas les héritiers de la couronne, ce sont ceux de sa sœur ou de l’aîné de ses sœurs. Il a tant de femmes & d’enfans, qu’il y auroit toûjours des guerres entre eux si la succession pouvoit les regarder. (D. J.)​","[['2 S', '5 S']]",,2 S 5 S,2 S | 5 S
v9-1913-0,LORETTE,"LORETTE, (Géog.)​ petite & assez forte ville d’Italie, dans la marche d’Ancone, avec un évêché relevant du pape, & érigé par Sixte V. en 1586.


Malgré cet avantage, Lorette n’est qu’un pauvre lieu, peuplé seulement d’ecclésiastiques & de marchands de chapelets benis ; mais l’église & le palais épiscopal sont du dessein du célebre Bramante ; cependant l’église ne sert pour ainsi dire que d’étui à la chambre, où selon la tradition vulgaire du pays, Jesus-Christ lui-même s’est incarné ; & ce sont des anges qui ont transporté cette chambre, la casa santa, de la Palestine, dans la marche d’Ancone.


La casa santa a 32 piés d’Angleterre de longueur, 13 de largeur, & 17 de hauteur. On y voit une image de la sainte Vierge en sculpture, haute de 4 piés, & qu’on donne pour être l’ouvrage de Saint-Luc. Sa triple couronne couverte de joyaux, est un présent de Louis XIII. roi de France.


La chambre du trésor est un endroit spacieux, dont 17 armoires à doubles battans lambrissent les murs. On prétend que ces armoires sont remplies des plus riches offrandes en or pur, en vases, & en pierres précieuses ; mais bien des gens doutent de l’existence actuelle de toutes ces richesses.


Quoi qu’il en soit, Lorette est située sur une montagne, à 3 milles de la côte du golfe de Venise, 5 S. E. d’Ancone, 45 N. O. de Rome. Long. 31. 25. lat. 43. 24. ou plûtôt selon la fixation du P. Viva, 43. 42.


Les Jésuites ont aussi une place dans l’Amérique septentrionale, au bord de la mer Vermeille, au pays de Concho, qu’ils ont nommée Lorette-concho, sur laquelle on peut lire les lettres édifiantes, tom. V. Ils ont là quelques bourgades, il n’y manque plus que des pellerins. (D. J.)​","[['alt'], [""43 24' N 31 25' E""], [""43 42' N 31 25' E""]]",,alt | 43 24' N 31 25' E | 43 42' N 31 25' E,43 24' N 31 25' E | 43 42' N 31 25' E
v9-2002-1,"Luçar, San, cap","Luçar, San, cap, (Géog.)​ cap de l’Amérique septentrionale dans la mer du Sud ; ce cap fait la pointe la plus méridionale de la Californie. Nous savons que sa longitude est exactement 258d3′0″.","[['258 3\' 0"" E']]",,"258 3' 0"" E","258 3' 0"" O"
v9-2024-0,LUCON,"LUCON, (Géog.)​ île considérable d’Asie dans l’Océan oriental, la plus grande & la plus septentrionale des îles Philippines, situées à la latitude d’environ 15 degrés. Elle est cependant saine, & a les eaux les meilleures du monde ; elle produit tous les fruits qui croissent dans les climats chauds, & est admirablement placée pour le commerce de la Chine & des Indes.


On la nomme aussi Manille, du nom de sa capitale, elle a environ 160 lieues de long. 30 à 40 de large, & 360 de circuit : On y trouve de la cire, du coton, de la cannelle sauvage, du souffre, du cacao, du ris, de l’or, des chevaux sauvages, des sangliers & des bufles. Elle fut conquise en 1571 par Michel Lopez espagnol, qui y fonda la ville de Manille ; les habitans sont Espagnols & Indiens, tributaires de l’Espagne.


La baye & le port de Manille qui sont à sa côte occidentale, n’ont peut-être rien de pareil. La baye est un bassin circulaire de près de 10 lieues de diametre, renfermé presque tout par les terres ; voyez les Voyages du Lord Anson, & la belle carte qu’il a donnée de cette île.


Sa situation, selon les cartes de Tornton, est à 116. 30. à l’orient du méridien de Londres, & 114. 5. du méridien de Paris, lat. 14. à 15. (D. J.)​","[['alt'], [""14 N 116 30' E"", ""15 N 116 30' E""], [""14 N 114 5' E"", ""15 N 114 5' E""]]","['Londres', 'Paris']",alt | 14 N 116 30' E 15 N 116 30' E | 14 N 114 5' E 15 N 114 5' E,15 N 116 30' E | 15 N 114 5' E
v10-46-0,MANDOA,"MANDOA, (Géog.)​ ville de l’Indoustan, dans la province de Malva, au midi de Ratipor. lat. 22. (D. J.)​",[['22 N']],,22 N,22 N
v10-104-0,MANICABO,"MANICABO, (Géog.)​ ville des Indes, sur la côte occidentale de l’île de Sumatra, entre Priaman au nord, & Indrapoura au midi. Il croît aux environs beaucoup de poivre. Latit. méridion. 2. (D. J.)​",[['2 S']],,2 S,2 S
v10-218-0,MARANON,"MARANON, (Géogr.)​ prononcez Maragnon ; c’est l’ancien nom de la riviere des Amazones, le plus grand fleuve du monde, & qui traverse tout le continent de l’Amérique méridionale d’occident en orient.


Le nom de Maranon a toujours été conservé à ce fleuve, depuis plus de deux siecles chez les Espagnols, dans tout son cours & dès sa source ; il est vrai que les Portugais établis depuis 1616 au Para, ne connoissoient ce fleuve dans cet endroit-là que sous le nom de riviere des Amazones, & qu’ils n’appellent Maranon ou Maranhon dans leur idiome, qu’une province voisine de celle de Para ; mais cela n’empêche point que la riviere des Amazones & le Maranon ne soient le même fleuve.


Il tire sa source dans le haut Pérou du lac Lauricocha, vers les onze degrés de latitude australe, se porte au nord dans l’étendue de 6 degrés, ensuite à l’est jusqu’au cap de Nord, où il entre dans l’Océan sous l’équateur même, après avoir couru depuis Jaën, où il commence à être navigable, 30 degrés en longueur, c’est-à-dire 750 lieues communes,​ évaluées par les détours à mille ou onze cent lieues. Voyez la carte du cours de ce fleuve, donnée par M. de la Condamine dans les mém. de l’acad. des Scienc. ann. 1745.",[['11 S']],,11 S,11 S
v10-407-0,MARQUETTE,"MARQUETTE, (Géog.)​ riviere de l’Amérique septentrionale, dans la nouvelle France ; elle se jette à la bande de l’est du lac des Ilinois : son embouchure est par les 43d. 49. de lat. septentr. (D. J.)​","[[""43 49' N""]]",,43 49' N,43 49' N
v10-1271-0,MEZDAGA,"MEZDAGA, (Géog.)​ ville d’Afrique dans la province de Curt, au royaume de Fez. Elle est ancienne, & bâtie au pié du mont Atlas : Ptolomée en met la long. à 10. 10. la lat. à 33. la latitude est assez juste, mais la longitude doit être à environ 13d. (D. J.)​","[['alt'], [""33 N 10 10' E""], ['33 N 13 E']]",,alt | 33 N 10 10' E | 33 N 13 E,33 N 10 10' O | 33 N 13 O
v10-1448-0,MINORQUE,"MINORQUE, (Géog.)​ île du royaume d’Espagne dans la Méditerranée, au nord-est & à 10 lieues de l’île Majorque. Elle s’étend du nord-ouest au sud-est, l’espace de 12 ou 15 lieues, de sorte qu’elle peut avoir 40 à 50 lieues de long, sur 2 de large : elle appartient aux Anglois.


Cette île est nommée Minorca, parce qu’elle est la moindre des îles Baléares. Son terrein, quoique montueux, ne laisse pas de produire presque toutes les choses nécessaires à la vie, excepté l’huile ; à cause que cette île est fort exposée aux frimats du nord. Elle ne le cede point à Majorque, pour l’abondance des animaux sauvages & domestiques. Il s’y trouve en particulier d’excellens mulets. Les anciens lui ont donné le nom de Nura, sans qu’on en puisse deviner la raison.


Son port qu’on nomme Port-Mahon, est un des plus beaux de l’univers. Nous en ferons un article séparé.


Citadella, capitale de l’île, est extrèmement fortifiée. Les François ne l’ont prise en 1756, que par ces coups du hasard, qui sont quelquefois couronnés du succès.


La lat. de Minorque est entre le 39 & le 40 degré ; long. 21. 30. jusqu’au 22. degré. (D. J.)​","[[""39 N 21 30' E"", '40 N 22 E']]",,39 N 21 30' E 40 N 22 E,39 N 21 30' E | 40 N 22 E
v10-1871-0,MONTE-VEDIO,"MONTE-VEDIO, (Géogr.)​ ville du Perou, nouvellement bâtie par les Etpagnols. Le havre n’est bon que pour les petits vaisseaux, car il n’a pas plus de dix-sept piés d’eau dans le tems de la haute marée. Le port est défendu par une forteresse, munie de quinze pieces de canon, & d’une garnison de cent hommes qu’on y envoie d’Espagne ; le pays est également beau & fertile, les vignes y réussissent à merveille, il y a même aux environs des mines d’or & de diamans ; cependant cette ville est sans habitans & sans commerce : la nature prodigue tous ses trésors en pure perte à la nation Espagnole, elle n’en sait tirer aucune avantage. Monte-Vedio est situé à l’est, un quart de sud-est de Buenos-Aires, dans l’embouchure de la riviere de la Plata. Lat. selon le P. Feuillée, 34d52′30″. (D. J.)​","[['34 52\' 30"" S']]",,"34 52' 30"" S","34 52' 30"" S"
v10-2174-0,MOXES,"MOXES. (Géogr.)​ Sous le nom de Moxes, on comprend un assemblage de différentes nations idolâtres de l’Amérique méridionale. Ces peuples habitent un pays immense, qui se découvre à-mesure qu’en quittant Sainte-Croix de la Sierra, on côtoye une longue chaine de montagnes escarpées qui vont du sud au nord. Il est situé dans la zone torride, & s’étend depuis 10 jusqu’à 15 degrés de latitude méridionale : on en ignore entierement les limites.​


Cette vaste étendue de terres paroît une plaine assez unie, mais elle est presque toujours inondée faute d’issue pour faire écouler les eaux : outre cette incommodité, ils ont encore celle du climat dont la chaleur est excessive.


Les ardeurs d’un soleil brûlant jointes à l’humidité presque continuelle de la terre, produisent une grande quantité de serpens, de viperes, de fourmis, de mosquites, de punaises volantes, & d’autres insectes, qui désolent les habitans. Cette même humidité rend le terroir si stérile, qu’il ne porte ni blé, ni vignes, ni aucun des arbres fruitiers qu’on cultive en Europe : c’est ce qui fait aussi que les bêtes à laine ne peuvent y subsister, mais les taureaux & les vaches y multiplient comme dans le Pérou.


Il n’y a parmi les Moxes aucune espece de gouvernement ; on n’y voit personne qui commande ou qui obéisse. S’il survient quelque querelle, chaque particulier se fait justice par ses mains.


Quoiqu’ils soient sujets à des infirmités presque continuelles, ils n’y savent d’autres remedes que d’appeller certains enchanteurs, qu’ils s’imaginent avoir reçu un pouvoir particulier de les guérir.


L’unique occupation des Moxes est d’aller à la chasse & à la pêche ; celle des femmes est de préparer la nourriture, & de prendre soin des enfans. S’il arrive qu’elles mettent au monde deux jumeaux, on enterre l’un d’eux, par la raison que deux enfans ne peuvent pas bien se nourrir à-la-fois.


Toutes ces différentes nations sont souvent en guerre les unes contre les autres. Leur maniere de combattre est toute tumultuaire. Ils n’ont point de chef, & ne gardent aucune discipline. On reconnoît les vaincus à la fuite. Ils font esclaves ceux qu’ils prennent dans le combat, & ils les vendent pour peu de chose aux peuples voisins.


Les enterremens se pratiquent sans aucune cérémonie. Les parens du défunt creusent une fosse, accompagnent le corps en silence, le mettent en terre, & partagent sa dépouille.


Les Moxes n’apportent pas plus de façons à leurs mariages ; tout consiste dans le consentement mutuel des parens de ceux qui s’épousent, & dans quelques présens que fait le mari au pere ou au plus proche parent de celle qu’il veut épouser. Mais c’est une coutume établie chez eux, que le mari suit sa femme par-tout où elle veut aller.


Ces nations sont distinguées les unes des autres par les diverses langues qu’elles parlent, & qui semblent n’avoir point de rapport entr’elles. (D. J.)​","[['10 S', '15 S']]",,10 S 15 S,10 S | 15 S
v11-92-0,NANGASAKI,"NANGASAKI, (Géog.)​ ville impériale du Japon, à l’extrémité occidentale de l’île de Ximo, dans la province de Figen, avec un bon port fréquenté par les Hollandois & les Chinois. C’est une très-grande ville & fort peuplée : on lui donne trois quarts de lieue de longueur, & presqu’autant de largeur.


Les étrangers demeurent hors de la ville dans des endroits séparés, où ils sont épiés comme des personnes suspectes. Il y a environ 62 temples tant au-dedans qu’au-dehors de la ville ; dans ce nombre il y en a 50 en l’honneur des idoles étrangeres, dont le culte a été apporté d’outre-mer. Ces temples sont non-seulement consacrés à la dévotion, mais ils servent encore aux récréations & aux plaisirs ; c’est pourquoi ils sont accompagnés de jardins, d’allées & d’appartemens. Après les temples, les lieux les plus fréquentés sont les maisons de débauche ; il y a un quartier entier qui leur est destiné, & qui contient les plus jolies maisons de particuliers, toutes habitées par des courtisannes.


Le havre de Nangasaki commence au nord de la ville ; il y a rarement moins de 50 navires dans le port, dont la plûpart sont des joncs de la Chine, outre quelques centaines de bateaux de pécheurs & autres petits bâtimens. L’ancrage est au bout de la baie, à une portée de mousquet de la ville. Elle est sans château, sans murailles, sans fortification, sans aucune défense. Trois rivieres la traversent, & cependant elles ne donnent pas quelquefois assez d’eau pour arroser les champs de riz, & pour faire aller quelques moulins. Voyez de plus grands détails dans Koempfer. Long. suivant le même Koempfer, 151. lat. 32. 36. Long. suivant Harris, 145d. 16′. 15″. & suivant le P. Spinola, 146. 17. 30. lat. suivant ce dernier, 23. 43. Mais je m’en tiendrois plus volontiers à l’estimation de Koempfer. (D. J.)​","[['alt'], [""32 36' N 151 E""], ['145 16\' 15"" E'], ['23 43\' N 146 17\' 30"" E']]",,"alt | 32 36' N 151 E | 145 16' 15"" E | 23 43' N 146 17' 30"" E","32 36' N 151 E | 23 43' N 145 16' 15"" E | 23 43' N 146 17' 30"" E"
v11-134-0,"NAREA ou ENAREA, ou ENARIA","NAREA ou ENAREA, ou ENARIA, (Géog.)​ car M. Ludolf préfere ces deux derniers noms ; c’est un des royaumes d’Afrique dans l’Abyssinie, entre le huitieme & le neuvieme degrés de latitude septentrionale.","[['8 N', '9 N']]",,8 N 9 N,8 N | 9 N
v11-325-0,"NÉGREPONT, Isle de","NÉGREPONT, Isle de, (Géog.)​ île de Grèce, appellée par les anciens Eubæ, & qui est après Candie, la plus belle de toutes les îles de l’Archipel. Elle a 360 milles de tour, & s’étend le long de la Béotie, dont elle n’est séparée que par le fameux canal de l’Euripe, & l’on croit qu’elle en a été anciennement détachée par un coup de mer. On y voyoit autrefois dans les beaux jours de la Gréce, trois villes considérables, célébres dans l’histoire ; Carysthe, Chalcis & Eretrie. Les jeux qui s’y célébroient appellés gérestiens, avoient été institués par Géreste, en l’honneur de Neptune, qui l’avoit sauvé d’une tempête.


Le nom moderne de Négrepont, Négroponte, ou comme disent les Italiens Nigroponte, vient de celui d’Egripos que les grecs lui donnent. Les premiers françois qui passerent dans cette île, entendant dire aux gens du pays eis ton Egripont, ce qui signifie à Egripos, crurent qu’on appelloit ce lieu Negripont, confondant la derniere lettre de l’article ton avec Egripont. Cette origine du nom nous ressemble si fort, qu’il n’en faut point aller chercher d’autre, ni l’attribuer à l’erreur des Italiens, qui l’appellent Nigroponte, comme s’il y avoit quelque pont de pierre noire qui passa de la Béotie dans l’île.​ Quoi qu’il en soit, le nom de Négrepont est commun à l’île, à la ville & au détroit.


On compte dans cette île, quatre principaux promontoires, dont l’un se nomme le cap d’Oro ; c’est sur la croupe de ce promontoire, que Nauplius, roi de Négrepont, fit allumer des feux, afin qu’à la faveur de cette lumiere, l’armée des grecs qui revenoit de Troie pût arriver à bon port. C’est dans le voisinage du cap Zittar, autre promontoire de l’île du côté du nord, qu’étoit la côte d’Artémisia, ainsi nommée du temple qui y avoit été élevé ; & c’est-là que les grecs mirent leur armée navale à l’abri, durant les guerres que leur firent les Perses.


Après la prise de Constantinople par les Croisés, les François & les Vénitiens s’emparerent de l’île de Négrepont. On vit naître alors des seigneurs de Négrepont, des ducs de Naxie, des marquis de Monferrat, rois de Thessalie, &c. enfin les Vénitiens devinrent peu-à-peu maîtres de l’ile, qu’ils gouvernerent par un baile jusqu’à l’année 1469, que les Turcs la leur enleverent.


La terre de Négrepont est très-fertile en pâturages, en blé, en vin, en coton & en huile. Il y avoit autrefois plusieurs villes peuplées, & grand nombre de gros bourgs & de villages ; mais depuis que cette île est passée sous la domination du grand seigneur, tout y est tombé dans un dépérissement incroyable. Long. 41. 32-42. 55 lat. 38. 39. 16. (D. J.)​","[['38 39\' 16"" N 41 32\' E', '38 39\' 16"" N 42 55\' E']]",,"38 39' 16"" N 41 32' E 38 39' 16"" N 42 55' E","38 39' 16"" N 41 32' E | 38 39' 16"" N 42 55' E"
v11-489-0,NEW-JERSEY ou NOUVELLE-JERSEY,"NEW-JERSEY ou NOUVELLE-JERSEY, (Géog.)​ province de la nouvelle Albion, divisée en Est-Jersey, ou Jersey orientale, & en Ouest-Jersey, ou Jersey-occidentale.


La province d’Est-Jersey est située entre le 39 & le 41d de latitude septentrionale. Elle est bornée au S. E. par la mer Océane & à l’est par un gros torrent navigable, appellé la riviere de Hudson. La commodité de la situation, & la bonté de l’air, ont engagé les Anglois à y élever quatre ou cinq villes considérables. Tous les avantages s’y trouvent pour la navigation ; les bâtimens peuvent demeurer en sureté dans la baie de Sand-Hoock, au fort des plus grandes tempêtes ; l’on peut les expédier de tous les vents, & entrer & sortir en été comme en hiver. Il y a quantité de bois propre pour la construction des navires. La pêche y est abondante ; la terre y produit les especes de grains qui croissent en Angleterre, de bon lin, & des chanvres.


La province d’Ouest Jersey s’étend sur la mer, & ne le cede point à celle d’Est Jersey. C’est une des meilleures colonies de toute l’Amérique. On y trouve des fourrures de castors, de renards noirs, de loutres, &c. Le tabac y vient à merveille, & la pêche de la morue y est abondante. (D. J.)​","[['39 N', '41 N']]",,39 N 41 N,39 N | 41 N
v11-578-0,NIGER,"NIGER, (Géog.)​ c’est le Nigir de Ptolomée, liv. IV. chap. vj. & le Nigris de Pline, liv. V. chap. iv. grand fleuve d’Afrique qui arrose la Nigritie : les François le nomment autrement, la riviere du Sénégal. Quoique le cours de ce fleuve nous soit un peu mieux connu qu’il ne l’étoit des anciens, cependant il s’en faut beaucoup que nous en soyons assurés. On croit qu’il tire sa source d’un lac nommé Maberia par les Sauvages, & qu’on place au cinquieme degré de latitude septentrionale. Les anciens ont imaginé qu’il venoit du Nil par un passage souterrein, parce qu’il se déborde tous les ans en même tems que le Nil, mais nous en dirons plus bas les raisons. On prétend qu’il se partage en deux branches, dont celle qui coule au sud s’appelle Gambie, on lui donne une de ses embouchures au onzieme degré de latitude, & la plus éloignée à quinze degrés de distance de l’équateur.


Suivant les cartes de M. de Lisle, le Niger perd son nom dans le lac de Guarde, & de là à la mer, ce qui fait 700 milles anglois en ligne droite ; mais M. Suow qui a été gouverneur de James-Fort, sur la riviere Gambie, nous assure que le Niger n’a point un cours aussi étendu qu’on nous le représente dans les cartes géographiques. Il nous apprend encore que c’est une riviere barrée, qui ne peut recevoir de batiment plus gros que des barques jusqu’à l’endroit où se trouve l’établissement des François, au-dessus duquel il n’y a que des bâtimens plats qui puissent naviguer jusqu’à Galam ; au-lieu que la Gambie est navigable pour des vaisseaux, si chargés qu’ils puissent être, environ cinquante lieues au-dessus de l’établissement des Anglois, & qu’il porte des vaisseaux de cent tonneaux jusqu’à Barraconda, & un peu plus haut (car la marée monte​ jusques-là) c’est-à-dire à près de 150 lieues au-dessus du fort James.


Quant aux inondations du Niger, il n’en faut pas chercher la cause bien loin ; ce sont les pluies qui tombent entre la ligne & le tropique qui produisent les accroissemens de cette riviere : ces pluies commencent les premiers jours de Juin, & continuent trois à quatre mois. Elles gagnent toujours pays, & avancent de l’est à l’ouest. La riviere se débordant par la crue de ses eaux, inonde les pays plats, engraisse les terres & les fertilise par le limon qu’elle y laisse. (D. J.)​","[['5 N'], ['11 N'], ['15 N']]",,5 N | 11 N | 15 N,5 N | 11 N | 15 N
v11-1231-0,ŒSEL,"ŒSEL, (Géog.)​ en latin Osilia ; île de la mer Baltique sur la côte de Livonie, près du golfe de Riga. Elle appartient à la Russie. Long. 39. 40′. 40-54″ . lat. 57. 48′. 58-38″ .","[[""57 48' N 39 40' E"", ""58 38' N 40 54' E""]]",,57 48' N 39 40' E 58 38' N 40 54' E,"57 48' 58-38"" N 39 40' 40-54"" E"
v11-1777-0,OROBA,"OROBA, (Géog. anc.)​ nom de deux villes de la Syrie, l’une près du Tigre, l’autre dans les terres. Selon Ptolomée, liv. VI. ch. j. la long. d’Oroba près du Tigre est 79d. 20′. lat. 30d. 20′. La long. d’Oroba dans les terres est 79d. 20′. lat. 38d. 10′. (D. J.)​","[[""30 20' N 79 20' E""], [""38 10' N 79 20' E""]]",,30 20' N 79 20' E | 38 10' N 79 20' E,30 20' N 79 20' E | 38 10' N 79 20' E
v11-2081-0,OXFORD,"OXFORD, (Géog.)​ ville d’Angleterre dans la province à laquelle elle donne son nom, & dont elle est la capitale, avec un évêché suffragant de Cantorberi, fondé par Henri VIII. qui établit six nouveaux évêchés en Angleterre, après qu’il en eut supprimé tous les couvens. Oxford est au confluent du Cherwel & de l’Issis, à 16 milles S. O. de Buckingham, 45 O. de Londres, 60 S. O. de Cambridge. Long. suivant Cassini, 16. 17. 30 Long. suivant Halley, 16. 15. 30. lat. suivant les mêmes, 50. 45.​


L’université d’Oxford, érigée en 895, est une des plus fameuses qu’il y ait au monde. Elle a 25 colleges, dont 18 ont de grands revenus. Ils entretiennent chacun un certain nombre de fellows ou aggregés, & de scholars ou étudians ; en sorte qu’on compte à Oxford jusqu’à mille étudians entretenus par les colleges, & deux mille qui ne le sont pas. Chaque college a sa bibliothéque ; la plus belle est celle de Bodley, the Bodleyan library, qui contient un grand nombre de manuscrits orientaux. Il y a 16 professeurs & un orateur public dans cette université.


Oxford se distingue encore par son théâtre, par son musœum, par son jardin de simples, & par son imprimerie. Gilbert Scheldon, archevêque de Cantorbéri, fit bâtir le théâtre à ses propres frais. Le musœum s’appelle Ashmoleanum, du nom d’Elie Ashmole qui en fit présent à l’université. On l’a depuis enrichi d’antiquités d’Egypte, d’un grand cabinet de raretés naturelles, données par le D. Lister, &c.


Mais ce qui immortalise la gloire d’Oxford, ce sont les savans hommes dont elle est la nourrice ou la patrie. Le D. Wood, qui lui-même y est né en 1632, vous les fera connoître dans ses deux ouvrages intitulés antiquitates Oxonienses, qui forment ensemble 3 vol. in fol. & qui composent une histoire littéraire d’Angleterre. Je n’ai pas ces deux ouvrages sous les yeux pour les consulter ; mais je me rappelle assez bien que Chillingworth, Fell, Gale, Hariot, Hody, Lydiat, Owen, Pocock, le comte de Rochester, &c. sont du nombre des savans auxquels Oxford a donné la naissance : combien y en a-t il d’autres qui échappent à ma mémoire ? On connoît assez ceux que je viens de nommer.


Chillingworth (Guillaume) savant théologien de l’église anglicane, étoit encore grand mathématicien. Il naquit en 1602, se trouva au siege de Glocester en 1643, & y fit la fonction d’ingénieur ; mais ayant été fait prisonnier à la prise du château d’Arondel, on le conduisit à Chichester, où il mourut en 1644, des fatigues qu’il avoit essuyées. Entre ses ouvrages on estime particulierement celui qui est intitulé, la religion protestante, voie sûre pour le salut : c’est un modele de bonne logique.


Fell (Jean) évêque d’Oxford, est connu des étrangers par son excellente édition des œuvres de S. Cyprien, à Oxford 1682 in fol. Il mourut en 1686, à 61 ans.


Gale (Thomas) savant littérateur, a donné plusieurs ouvrages très-estimés. Les principaux sont, 1°. Historiæ poëticæ antiqui scriptores ; 2°. Historiæ anglicanæ scriptores quinque ; 3°. Historiæ Britannicæ, Saxonicæ, Anglo Danicæ, scriptores quindecim, &c. Il mourut en 1709.


Hariot (Thomas) mathématicien, a donné une relation de la Virginie fort curieuse, & mourut en 1621, à 60 ans.


Hody (Humfrey) grand littérateur, mort en 1706, à 47 ans, a donné plusieurs ouvrages, dont le plus curieux est une histoire en latin des illustres grecs qui ont rétabli en Europe l’étude de la langue grecque, & des humanités. Samuel Jebb l’a fait imprimer à Londres, en 1742 in-8°. avec la vie de l’auteur.


Lydiat (Thomas) mit au jour plusieurs traités sur des matieres de physique & de chronologie ; le principal est celui des notes sur les marbres d’Arondel, Oxonii 1676 in-fol. Il mourut en 1646, à 74 ans.


Owen (Jean) théologien presbytérien, publia divers ouvrages théologiques, dans lesquels il sema beaucoup de traits d’érudition, de politique & de philosophie. On lui doit des remarques sur les prologomenes & la polyglotte de Walton. Son livre, de​ naturâ, ortu & studio veræ Theologiæ, a été réimprimé plusieurs fois. Il prêcha en 1648, contre Charles II. & les Royalistes. Il mourut en 1683, âgé de 67 ans.


Pocock (Edouard) célebre théologien, & l’un des plus savans hommes dans les langues orientales, qui ait jamais paru. Il naquit en 1604, fit deux voyages au levant, & acheta dans le dernier plusieurs manuscrits orientaux. Il mourut en 1691, à 87 ans. Il a traduit les annales d’Eutichius, patriarche d’Alexandrie ; l’histoire des dynasties d’Abulpharage, & une version du syriaque de la seconde épître de S. Pierre, de celles de S. Jean, & de S. Jude ; une version du livre intitulé, porta Mosis ; un essai de l’histoire des arabes ; des commentaires sur Michée, Malachie, Osée & Joël ; une traduction en hébreu du traité de Grotius sur la vérité de la religion chrétienne ; un recueil de lettres, & autres ouvrages, qui ont été imprimés à Londres en 1740, en 2 vol. in-fol.


Wilmot (Jean) comte de Rochester, étoit un des beaux esprits de la cour de Charles II. mais il mourut en 1680, à la fleur de son âge, à 32 ans. M. de S. Evremond nous le peint trop comme un homme à bonnes fortunes ; c’étoit en même tems un homme de génie, & un grand poëte. Entr’autres ouvrages brillans, d’une imagination ardente, qui n’appartenoit qu’à lui, il a publié quelques satyres sur les mêmes sujets que Despréaux avoit choisis ; & si ses idées manquent quelquefois de ces bienséances délicates dont nous faisons tant de cas, il est toujours vrai qu’elles sont exprimées avec la force & l’énergie qui constituent le poëte. (Le chevalier de Jaucourt.)​","[['alt'], ['50 45\' N 16 17\' 30"" E'], ['50 45\' N 16 15\' 30"" E']]",,"alt | 50 45' N 16 17' 30"" E | 50 45' N 16 15' 30"" E","50 45' N 16 17' 30"" E | 50 45' N 16 15' 30"" E"
v11-2387-3,"Palma, golfe de","Palma, golfe de, (Géog. mod.)​ golfe qui est entre l’île S. Antioche & la terre ferme de Sardaigne. Latit. observée & déterminée par le P. Feuillée, 38d. 59′. 24″. (D. J.)​","[['38 59\' 24"" N']]",,"38 59' 24"" N","38 59' 24"" N"
v12-499-0,PEKING,"PEKING, (Géog. mod.)​ ou Xuntien & Cambalu dans quelques relations de voyageurs ; grande ville de la Chine, la capitale de l’empire, & le siége ordinaire des empereurs. Nous en parlons par cette seule raison ; le pere du Halde vous en donnera la description. On lit dans les lettres édifiantes, que cette ville a six lieues de tour de 3600 pas chacune. Ses portes ont quelque chose de plus magnifique que celles de toutes les villes de l’Europe ; elles sont extrèmement élevées, & enferment une grande cour quarrée environnée de murailles, sur lesquelles on a bâti des sallons, tant du côté de la campagne, que du côté de​ la ville. Le palais de l’empereur a deux milles d’Italie en longueur, un en largeur, & six de tour. Il y tient plus de trois mille concubines. Longit. suivant les peres Jésuites, Cassini & Desplaces 134d. 8′, & suivant le pere Gaubil 133. 51. 45. lat. 39. 54. Long. orient, suivant M. le Monnier 133. 35. lat. 39. 55. Long. suivant le pere Feuillée, 133. 55. lat. 39. 55. (D. J.)​","[['alt'], [""39 54' N 134 8' E""], ['39 54\' N 133 51\' 45"" E'], [""39 55' N 133 35' E""], [""39 55' N 133 55' E""]]",,"alt | 39 54' N 134 8' E | 39 54' N 133 51' 45"" E | 39 55' N 133 35' E | 39 55' N 133 55' E","39 54' N 133 51' 45"" E | 39 55' N 133 35' E | 39 55' N 133 55' E"
v12-571-0,PEMBA,"PEMBA, (Géog. mod.)​ 1°. île de la mer des Indes, proche de la côte orientale d’Afrique, vis-à-vis de la baie de saint Raphaël, sur la côte du Mélinde. Elle est située à 4d. 50′. de latitude méridionale, sous les 56d. 30′. de longitude, vers l’orient méridional de la ville de Monbaza : l’île de Pemba a le titre de royaume.


2°. Pemba, petite province d’Afrique, au royaume de Congo, dont la capitale se nomme Banza : c’est la résidence du gouverneur général. Long. mérid. 7. 28.","[[""4 50' S 56 30' E""], [""7 28' S""]]",,4 50' S 56 30' E | 7 28' S,4 50' S 56 30' E | 7 28' E
v12-917-0,"PERSE, la","PERSE, la, (Géog. mod.)​ grand royaume d’Asie, borné au nord par la Circassie & la Géorgie ; au midi, par le golfe Persique & la mer des Indes ; au levant, par les états du Mogol ; & au couchant, par la Turquie asiatique.


Le Mont-Taurus la coupe par le milieu, à-peu-près comme l’Apennin coupe l’Italie, & il jette ses branches çà & là dans diverses provinces, où elles ont toutes des noms particuliers. Les provinces que cette montagne couvre du nord au sud, sont fort chaudes : les autres qui ont cette montagne au midi, jouissent d’un air plus tempéré.


Le terroir est généralement sablonneux & stérile dans la plaine, mais quelques provinces ne participent point de cette stérilité. Il y a peu de rivieres dans toute la Perse, & même il n’y en a aucune de bien navigable dans toute son étendue. La plus grande, qui porte quelques radeaux, est l’Aras, l’Araxes des anciens, qui coule en Arménie ; mais si le terroir est sec par le défaut de rivieres, les Persans par leur travail & leur industrie, le rendent fertile dans une grande partie de l’empire.


Le climat de Perse est admirable pour la vigne ; on y recueille d’excellent vin, du riz, des fruits, & des grains de toute espece, excepté du seigle & de l’avoine ; les melons y sont d’une grosseur extraordinaire, & d’un goût exquis. Dès qu’on a passé le Tigre en tirant vers ce royaume, on ne trouve que des roses dans toutes les campagnes.


Les montagnes sont remplies de gibier ; mais la plus grande partie du commerce consiste à élever une quantité prodigieuse de vers à soie, dont on fait tous les ans plus de vingt mille balles de soie, chaque balle pesant deux cens seize livres. On en vend la plus grande partie en Turquie, dans les Indes, & aux Anglois & Hollandois qui trafiquent à Ormus. Une autre branche du commerce de la Perse, consiste en magnifiques tapis, en toiles de coton, en étoffes d’or & d’argent, & en perles.


Les Persans sont d’une taille médiocre, maigres & secs, comme du tems d’Ammien Marcellin, mais forts & robustes. Ils sont de couleur olivâtre, & ont​le poil noir ; leur vêtement est une tunique de coton ou de soie, large, qui descend jusqu’au gras de la jambe, & qu’ils ceignent d’une écharpe, sur laquelle les gens très-riches mettent une belle ceinture. Ils ont sous cette tunique quand ils sortent, une veste de soie de plusieurs couleurs ; leurs chausses sont de coton, faites comme des caleçons ; leurs souliers sont pointus au bout, & ont le quartier fort bas. Ils se peignent les ongles d’une couleur orangée ; leur turban est de toile de coton fine, rayée, de différentes couleurs, & qui fait plusieurs tours ; les grands du royaume portent des bonnets fourrés, ordinairement rouges. La coëffure de leurs prêtres est blanche, & leur robe est de la même couleur.


Les femmes opulentes sont brillantes dans leur habillement ; elles n’ont point de turban, mais leur front est couvert d’un bandeau d’or émaillé, large de trois doigts, & chargé de pierreries ; leur tête est couverte d’un bonnet brodé d’or, environné d’une écharpe très-fine, qui voltige & descend jusqu’à la ceinture ; leurs cheveux sont tressés, & pendent par derriere ; elles portent au col des colliers de perles ; elles ne mettent point de bas, parce que leurs caleçons descendent jusqu’au-dessous de la cheville du pié ; l’hyver elles ont des brodequins richement brodés ; elles se servent comme les hommes de pantoufles de chagrin ; elles peignent en rouge leurs ongles & le dedans des mains ; elles se noircissent les yeux avec de la tuthie, parce que les yeux noirs sont les plus estimés en Perse.


La dépense du ménage chez les Persans est fort médiocre, pour la cave & la cuisine ; la toile de coton dont les bourgeois s’habillent est à grand marché ; les meubles consistent en quelques tapis ; le riz fait la nourriture de toute l’année ; le jardin fournit le fruit, & le premier ruisseau tient lieu de cave.


L’éducation consiste à aller à l’école pour y apprendre à lire & à écrire ; les metzides ou mosquées qui servent pour la priere, servent aussi pour les écoles ; tout le monde écrit sur le genou, parce qu’on n’a point en Perse l’usage des tables, ni des siéges ; le papier se fait de chiffons de coton ou de soie ; on unit ce papier avec une polissoire pour en ôter le poil.


La langue persane tient beaucoup de l’arabe, s’apprend aisément, & se prononce un peu du gosier ; mais la plûpart des Persans apprennent avec leur langue celle des Turcs qui est familiere à la cour. Ils étudient encore dans leurs colleges l’Arithmétique, la Médecine, l’Astronomie, ou plutôt l’Astrologie.


Le royaume est un état monarchique, despotique ; la volonté du monarque sert de loi. Il prend le titre de sophi, & en qualité de fils de prophete ; il est en même tems le chef de la religion. Les enfans légitimes succedent à la couronne ; à leur défaut, on appelle les fils des concubines : s’il ne se trouve ni des uns, ni des autres, le plus proche des parens du côté paternel, devient roi. Ce sont comme les princes du sang, mais la figure qu’ils font est bien triste ; ils sont si pauvres, qu’ils ont de la peine à vivre. Les fils du sophi sont encore plus malheureux ; ils ne voient jamais le jour que dans le fond du serrail, d’où ils ne sortent pas du vivant du roi. Il n’y a que le successeur au trône qui ait ce bonheur ; & la premiere chose qu’il fait, est de priver ses freres de l’usage de la vûe, en leur faisant passer un fer rouge devant les yeux, pour qu’ils ne puissent aspirer à la couronne.


Après le sophi, les grands pontifes de la religion mahométane tiennent le premier rang à sa cour ; ils sont au nombre de quatre. Le premier pontife de Perse s’appelle sadre-cassa, il est le chef de l’empire pour le spirituel, gouverne seul la conscience du roi, & regle la cour & la ville d’Hispahan, selon les regles de l’alcoran. Il est tellement révéré, que les rois​ prennent ordinairement les filles des Sadres pour femmes ; il commet le second pontife pour avoir soin du reste du royaume, & établit des vicaires dans toutes les villes capitales des provinces. On lui donne la qualité de Nabab, qui veut dire, vicaire de Mahomet & du roi.


Il y a six ministres d’état pour le gouvernement du royaume, & chacun a son département ; on les appelle rhona-dolvet, c’est-à-dire les colonnes de l’empire. Le premier est le grand visir, appellé etmadoulet-itimad-ud-dewlet, c’est-à-dire l’appui de la puissance ; il est le chancelier du royaume, le chef du conseil, le sur-intendant des finances, des affaires étrangeres, & du commerce ; toutes les gratifications & les pensions, ne se payent que par son ordre. Je ne parlerai point des autres colonnes de l’état Persan ; c’est assez d’avoir nommé la principale.


L’usage des festins publics est bien ancien en Perse, puisque le livre d’Esther fait mention de la somptuosité du banquet d’Assuérus ; ceux que le sophi fait aujourd’hui par extraordinaire, sont toujours superbes, car on y étale ce qu’il y a de plus précieux dans sa maison.


Toute la Perse est pour ainsi dire du domaine du roi, mais ses revenus consistent encore en impôts extraordinaires, & en douanes qu’il afferme ; les deux principales, sont celle du golfe Persique, & celle de Ghilan ; ces deux douanes sont affermées à environ 7 millions de notre monnoie. Les troupes de sa maison qui montent à quatorze mille hommes, sont entretenus sur les terres du domaine ; celles qu’il emploie pour couvrir ses frontieres, peuvent monter à cent mille cavaliers, qui sont aussi entretenus sur le domaine. Le roi de Perse n’a point d’infanterie reglée ; il n’a point non plus de marine ; il ne tiendroit qu’à lui d’être le maître du golfe d’Ormus, de la mer d’Arabie, & de la mer Caspienne ; mais les Persans détestent la navigation.


Leur religion est la mahométane, avec cette différence des Musulmans, qu’ils regardent Ali, pour le successeur de mahomet ; au lieu que les musulmans prétendent que c’est Omar. De-là naît une haine irréconciliable entre les deux nations. L’ancienne religion des mages est entierement détruite en Perse ; on nomme ses sectateurs gawes, c’est-à-dire idolatres ; ces gawes n’ont cependant point d’idoles, & méprisent ceux qui les adorent ; mais ils sont en petit nombre, pauvres, ignorans & grossiers


Si la plûpart des princes de l’Asie ont coutume d’affecter des titres vains & pompeux, c’est principalement du monarque Persan, qu’on peut le dire avec vérité. Rien n’est plus plaisant que le titre qu’il met à la tête de ses diplomes ; il faut le transcrire ici par singularité.


« Sultan Ussein, roi de Perse, de Parthie, de Médie, de la Bactriane, de Chorazan, de Candahar, des Tartares Usbecks ; des royaumes d’Hircanie, de Draconie, de Parménie, d’Hidaspie, de Sogdiane, d’Aric, de Paropamize, de Drawgiane, de Margiane & de Caramanie, jusqu’au fleuve Indus : Sultan d’Ormus, de Larr, d’Arabie, de Susiane, de Chaldée, de Mésopotamie, de Géorgie, d’Arménie, de Circassie ; seigneur des montagnes impériales d’Ararac, de Taurus, du Caucase ; commandant de toutes les créatures, depuis la mer de Chorazan, jusqu’au golfe de Perse, de la famille d’Ali, prince des quatre fleuves, l’Euphrate, le Tigre, l’Araxe & l’Indus ; gouverneur de tous les sultans, empereur des musulmans, rejetton d’honneur, miroir de vertu, & rose de délices, &c. »


La Perse est située entre le 79 & le 108d de longitude, & entre le 25 & 42d de latitude. On la divise​en treize provinces, dont six à l’orient, quatre au nord, & trois au midi.


Les six provinces à l’orient, sont celles de Send, Makeran, Sitzistan, Sablustan, Khorasan, Estarabade.


Les quatre au nord sont Masanderan ou Tabristan ; Schirvan, Adirbeitzan, Frak-Atzem, qui renferme Hispahan, capitale de toute la Perse.


Enfin les trois provinces au midi, sont Khusistan, Farsistan ou Fars, & Kirman. (Le chevalier de Jaucourt.)​","[['25 N 79 E', '42 N 108 E']]",,25 N 79 E 42 N 108 E,
v12-1231-0,"PHILIPPINES, les","PHILIPPINES, les, (Géog. mod.)​ îles de la mer des Indes, au-delà du Gange, presque vis-à-vis les grandes côtes des riches royaumes de Malaca, Siam, Camboia, Chiampa, Cochinchine, Tunquin, & la Chine. Elles sont situées dans la mer que Magellan appella l’archipel de S. Lazare, parce qu’il y mouilla​ ce jour-là sous la zone Torride, entre l’équateur & le tropique du Cancer.


Ces îles anciennnement connues sous le nom de Maniolæ furent découvertes en 1521 par le même Magellan dont je viens de parler, & qui y fut tué. Elles furent appellées Philippines du nom de Philippe II. roi d’Espagne, sous le regne duquel les Espagnols s’y sont fixés en 1564.


Quand ils y entrerent, ils y trouverent trois sortes de peuples. Les Mores Malais étoient maîtres des côtes, & venoient, comme ils le disoient eux-mêmes, de Bornéo & de la terre-ferme de Malaca. De ceux-ci sont sortis les Tagales, qui sont les originaires de Manille & des environs, comme on le voit par leur langage qui est fort semblable aux Malais, par leur couleur, par leur taille, par leurs coutumes & leurs manieres. L’arrivée de ces peuples dans ces îles a pu être fortuite & causée par quelque tempête, parce qu’on y voit souvent aborder des hommes dont on n’entend point le langage. En 1690, par exemple, une tempête y amena quelques Japonois. Il pourroit bien se faire aussi que les Malais seroient venus habiter ces îles d’eux-mêmes, soit pour le trafic ou autres raisons ; mais tout cela est incertain.


Ceux qu’on appelle Bisayas & Pintados dans la province de Camerinos, comme aussi à Leyte, Samal, Panay & autres lieux, viennent vraissemblablement de Macassar, où l’on dit qu’il y a plusieurs peuples qui se peignent le corps comme des Pintados.


Pierre Fernandez de Quiros, dans la relation de la découverte des îles de Salomon en 1595, dit qu’ils trouverent à la hauteur de 10d. nord à 1800 lieues du Pérou, à-peu-près à la même distance des Philippines, une île appellée la Magdeleine, habitée par des Indiens bien faits, plus grands que les Espagnols, qui alloient nuds, & dont le corps étoit peint de la même maniere que celui de Bisayas.


On doit croire que les habitans de Mindanao, Nolo, Bool & une partie de Cébu sont venus de Ternate. Tout le persuade : le voisinage, le commerce, & leur religion, qui est semblable à celle des habitans de Ternate. Les Espagnols en arrivant les trouverent maîtres de ces îles.


Les noirs qui vivent dans les rochers & dans les bois, dont l’île de Manille est couverte, different entierement des autres. Ils sont barbares, se nourrissent de fruits, de racines, de ce qu’ils prennent à la chasse, & n’ont d’autre gouvernement que celui de la parenté, tous obéissans au chef de la famille. Ils ont choisi cette sorte de vie par amour pour la liberté. Cet amour est si grand chez eux, que les noirs d’une montagne ne permettent point à ceux d’une autre de venir sur la leur, autrement ils se battent cruellement.


Ces noirs s’étant alliés avec des Indiens sauvages, il en est venu la tribu des Manghiens, qui sont des noirs qui habitent dans les îles de Mindora & de Mundo. Quelques-uns ont les cheveux crépus comme les negres d’Angola, d’autres les ont longs. Les Sambales, autres sauvages, portent tous les cheveux longs, comme les Indiens conquis.


Du reste, il est encore vraissemblable qu’il a passé dans les Philippines des habitans de la Chine, de Siam, de Camboya, & de la Cochinchine. Quoi qu’il en soit, les Espagnols ne possedent guere que les côtes de la plûpart de ces îles.


Le climat y est chaud & humide. Il y a plusieurs volcans, & elles sont sujettes non-seulement à de fréquens tremblemens de terre, mais à des ouragans si terribles qu’ils déracinent les plus gros arbres. Ces accidens n’empêchent point que les arbres ne soient toujours verds, & qu’ils ne portent deux fois l’année. Le ris vient assez bien dans ces îles, & les pal-​miers y croissent en abondance. Les bufles sauvages y sont communs ; les forêts sont remplies de cerfs, de sangliers, & de chevres sauvages semblables à celles de Sumatra. Les Espagnols y ont apporté de la nouvelle Espagne, du Japon & de la Chine des chevaux & des vaches qui ont beaucoup multiplié.


On tire de ce pays des perles, de l’ambre gris, du coton, de la cire & de la civette. Les montagnes abondent en mines d’or, dont les rivieres charient des paillettes avec leur sable ; mais les Indiens s’attachent peu à les ramasser, dans la crainte qu’ils ont qu’on ne les y force par l’esclavage.


Les principales d’entre les Philippines sont Manille ou Luçon, Mindanao, Ibabao, Leyte, Paragua, Mindoro, Panay, Cébu, Bool & l’île des noirs. Les cartes géographiques mettent toutes les Philippines entre le 132 & le 145 degré de longitude, & leur latitude depuis 5 degrés jusqu’à 20. (Le chevalier de Jaucourt.)​","[['5 N 132 E', '20 N 145 E']]",,5 N 132 E 20 N 145 E,10 N | 132 E | 145 E | 5 N | 20 N
v12-1487-0,"PILCOMAYO, le, ou RIO PILCOMAYO","PILCOMAYO, le, ou RIO PILCOMAYO, (Géog. mod.)​ grande riviere de l’Amérique méridionale. Elle prend sa source dans la province de los Charcas, & se jette dans le Paraguay, vers les 26d. de latitude méridionale.​",[['26 S']],,26 S,26 S
v13-1298-0,PULO-DINDING,"PULO-DINDING, (Géog. mod.)​ petite île de la mer des Indes, sur la côte de Malaca, entre Queda & Pera. La rade y est bonne du côté du levant, entre l’île & le continent ; l’eau y est assez profonde, & le havre est sûr. Les Hollandois, à qui elle appartient, y ont un fort du côté du levant. Outre le riz que cette île produit, on y trouve des mines d’étain, ce qui a attiré les Hollandois. Lat. 6. 30.","[[""6 30' N""]]",,6 30' N,6 30' N
v13-1300-0,PULO-NIAS,"PULO-NIAS, (Géog. mod.)​ île peuplée de la mer des Indes, au couchant & près de Sumatra, entre l’île Baniao au nord, & celle de Pulo-Minton au midi. Latit. 1. 5.","[[""1 5' N""]]",,1 5' N,1 5' N
v14-1011-0,RIO-de-la-HACHA,"RIO-de-la-HACHA, (Géog. mod.)​ nom, 1°. d’un gouvernement de l’Amérique méridionale, dans le nouveau royaume de Grenade : 2°. de la capitale (si l’on peut parler ainsi) de ce gouvernement : 3°. de la riviere qui l’arrose.


Le gouvernement est borné au septentrion par la mer du nord ; à l’orient, par un grand golfe qui le sépare du gouvernement de Venezuelot ; au midi par l’audience de Santa-Fé ; & à l’occident par le gouvernement de Sainte-Marthe.


La capitale de ce gouvernement est bâtie dans un terroir fertile sur le bord de la riviere de son nom. cette capitale ne contient pas cent maisons ; cependant on trouve dans son visinage des veines d’or, & des salines. Lat. 11.


La riviere de la Hacha mouille ce hameau, & se jette dans la mer du nord au fond d’une grande baie. (D. J.)​",[['11 N']],,11 N,11 N
v14-1016-0,RIO-LONGO ou RIO-MORENO,"RIO-LONGO ou RIO-MORENO, (Géog. mod.)​ riviere d’Afrique au pays de Benguela. Son embouchure est à cinq lieues de la baie de Buenguela-Viella, sous le 11. 4. de latit. méridionale. (D. J.)​","[[""11 4' S""]]",,11 4' S,11 4' S
v14-1136-0,RODAS,"RODAS, (Géog. mod.)​ forteresse des Indes, au royaume de Bengale, sur une montagne : c’est une des fortes places de l’Asie, qui appartient aujourd’hui au grand Mogol. Latit. 15. 20. (D. J.)​","[[""15 20' N""]]",,15 20' N,15 20' N
v14-1335-0,ROTENBURG,"ROTENBURG, (Géog. mod.)​ prononcez Rotenbourg. Il y a quatre villes de ce nom en Allemagne.


1°. Rotenburg, ville libre & impériale, dans la Franconie, sur la riviere de Tauberg. Elle fut fondée au commencement du vj. siecle, & ses habitans étoient encore payens. L’empereur Frédéric I. l’érigea en ville libre de l’empire. Les troupes suédoises, françoises, impériales & bavaroises la prirent, & la ruinerent tour-à-tour dans le dernier siecle. Tous les habitans de cette ville & du comté de son nom sont luthériens. Long. 27. 45. latit. 49. 20.


2°. Rotenburg, ville de Suabe, au comté d’Hohenberg, sur le Necker, à 5 lieues au coachant de Tubingen, avec un château de même nom & titre de comté. Long. 26. 28. latit. 48. 24.


3°. Rotenburg, petite ville de l’évêché de Spire appartenant à l’évêque de Spire.


4°. Rotenburg, ville du pays de Hesse située entre des montagnes, sur la riviere de Fulda, avec un château bâti en 1574 par Guillaume IV. landgrave de Hesse.


 Cette ville est petite ; mais elle a été illustrée par la naissance de Dithmar (Juste-Christophe), auteur de plusieurs ouvrages curieux. Voici les principaux : 1°. dissertationes academicæ ex jure publico naturali & historiâ, &c. Lipsioe, 1737 in-4°. La plûpart de ces pieces roulent sur des matieres intéressantes à l’Allemagne, comme de l’origine des électeurs, du faux Valdemar, prétendu marcgrave de Brandebourg, &c. 2°. Caii Cornelii Taciti, de situ, moribus & populis Germaniæ, libellus. Francof. 1725. L’auteur y a joint un commentaire perpétuel & historique sur les noms, la situation, les actions des peuples de l’Allemagne, les sociétés qu’ils ont formées, leurs mœurs, leurs droits, l’origine de leurs coutumes, &c. c’est le meilleur ouvrage qu’on ait sur la Germanie de Tacite. L’édition est fort jolie, mais elle a un grand défaut, c’est d’être peu correcte. 3°. Histoire & description de l’ordre de S. Jean, à Francfort sur l’Oder 1728, in-4°. en allemand, avec des planches. 4°. Commentatio de ordine militari de balneo. Francfort, 1729, infol. Le roi George I. ayant voulu rétablir l’ordre de chevalerie du bain, M. Dithmar fit alors cet ouvrage auquel il a joint les statuts de cet ordre en anglois, avec une traduction latine. 5°. Introduction à la con-​noissance des sciences qui concernent l’administration des domaines, des finances, & de la police. Francfort, 1730, in-8°. en allemand. L’auteur est mort en 1737, à 60 ans. Voyez sa vie dans la biblioth. german. tom. XLII. art. 9. (Le chevalier de Jaucourt.)​","[[""49 20' N 27 45' E""], [""48 24' N 26 28' E""]]",,49 20' N 27 45' E | 48 24' N 26 28' E,49 20' N 27 45' E | 48 24' N 26 28' E
v14-1991-0,SALTA,"SALTA, (Géog. mod.)​ ville toute ouverte de l’Amérique méridionale, au Tueman, sur une petite riviere, au midi de S. Salvador, & à 15 lieues d’Estreco. Quoique cette ville soit petite, elle commerce beaucoup & avantageusement avec le Pérou, en blé, en farine, en bétail, en vin, en chair salée, &c. Latit. méridionale 24. 56. (D. J.)​","[[""24 56' S""]]",,24 56' S,24 56' S
v14-2031-0,SAMANA,"SAMANA, (Géog. mod.)​ petite île de l’Amérique, entre les Lucayes, dans la mer du Nord. Elle est possédée par ses habitans naturels, & peu cultivée. On lui donne quatre lieues de long sur une de large. Elle est située par les 23. 20. de latitude.","[[""23 20' N""]]",,23 20' N,23 20' N
v14-2421-0,SAVA,"SAVA, (Géog. mod.)​ petite ville de Perse, à deux ou trois journées au nord-ouest de Kom. Il y a dans cette ville deux célebres mosquées, où les Persans viennent par dévotion pour de grands personnages qui y ont leurs tombeaux. Lat. 34. 56.","[[""34 56' N""]]",,34 56' N,34 56' N
v14-2988-1,"Sébastien, saint","Sébastien, saint, (Géog. mod.)​ ville de l’Amérique méridionale, au Brésil, dans la capitainerie de Rio-Janéiro, sur la côte occidentale du golfe formé par cette riviere, dans une plaine entourée de montagnes. Corréa, célebre capitaine du xv. siecle, fonda cette ville, que son petit-fils augmenta & embellit dans le siecle suivant. Les Jésuites & les Bénédictins y ont des palais : c’est le siege d’un évêque suffragant de Saint-Salvador, & la résidence du gouverneur de la province. Le commerce consiste principalement en coton, & bois du Brésil. Latit. méridion. 23. 46. (D. J.)​","[[""23 46' S""]]",,23 46' S,23 46' S
v14-3119-1,"Ségovie, la nouvelle","Ségovie, la nouvelle, (Géog. mod.)​ Il y a trois villes de ce nom à distinguer. La premiere est une ville de l’Amérique septentrionale, dans la nouvelle Espagne, audience de Guatimala, sur les frontieres de la province de Honduras, sur la droite de la riviere d’Yare. Latit. 13. 24.


La seconde est une ville de l’Amérique, dans la terre ferme, province de Venezuela, sur le bord de la riviere de Bariquicemete, bâtie par les Espagnols en 1552. Elle a des mines d’or dans son voisinage. Latit. 6. 7.


La troisieme est une ville d’Asie dans l’île de Luçon, une des Philippines, dans la province & sur la riviere de Cagayan. Elle a un évêché fondé en 1598. (D. J.)​","[[""13 24' N""], [""6 7' N""]]",,13 24' N | 6 7' N,13 24' N | 6 7' N
v15-21-1,"Sénégal, île","Sénégal, île, (Géog. mod.)​ autrement île de Saint-Louis par les François ; petite île d’Afrique, à l’embouchure de la riviere de Sénégal, à deux lieues au-dessous de la grande île de Bifeche, & environ à trois quarts de lieue au-dessus de l’Islet aux Anglois. Les François y bâtirent un fort dans le dernier siecle, & c’étoit-là le principal comptoir de la compagnie dite du Sénégal. Cette petite île qui n’a pas une lieue de circuit, est à 15d. 57. de latitude septentrionale, au milieu de la riviere de Sénégal. (D. J.)​","[[""15 57' N""]]",,15 57' N,15 57' N
v15-343-0,SEVER Saint,"SEVER Saint, (Géog. mod.)​ ou Saint-Sever-Cap, pour le distinguer de Saint-Sever de Rustan. Saint-Sever-Cap est une petite ville de France, dans la Gascogne, au diocèse d’Aire, sur l’Adour, à 6 lieues au nord-ouest d’Aire, & à 155 de Paris. Il y a une sénéchaussée du ressort d’Acqs, & une abbaye d’hommes, ordre de Saint Benoît, fondée l’an 993. Long. 17. 44. latit. 43. 40.


Saint-Sever de Rustan, est une autre petite ville de France dans le Bigorre, au diocèse d’Auch, & à deux lieues de Tarbes, sur l’Arros, avec une abbaye d’hommes, ordre de Saint Benoît, unie à la congrégation de Saint Maur. Long. 17. 37. latit. 43. 8.


D. Martianay, bénédictin de la congrégation de Saint Maur, naquit à Saint-Sever-Cap en 1647, & mourut à Paris en 1717. Il a donné une nouvelle édition des œuvres de Saint Jérôme, & un grand nombre d’autres ouvrages, dans lesquels il regne plus d’érudition que de jugement & de saine critique. Sa vie de Magdelaine du Saint Sacrement, qu’il mit au jour à Paris en 1711, est aussi ridicule qu’aucune de celles qui se trouvent dans les légendes. (D. J.)​","[[""43 40' N 17 44' E""], [""43 8' N 17 37' E""]]",,43 40' N 17 44' E | 43 8' N 17 37' E,43 40' N 17 44' E | 43 8' N 17 37' E
v15-399-0,SHAFTSBURY,"SHAFTSBURY, (Géog. mod.)​ en latin Septonia, grand & beau bourg à marché d’Angleterre, dans Dorset-shire, sur une colline, près des frontieres de Wilt-shire, entre les forêts de Craneborne & de Gillingham, à trois milles de la derniere, proche la Stoure. On y jouit d’une fort belle vue, & ses maisons au nombre de cinq cens, sont toutes bâties de pierres de taille. Shaftsbury a le titre de comté ; mais c’étoit dans son origine une place beaucoup plus considérable qu’elle ne l’est aujourd’hui ; car elle avoit jusqu’à dix églises paroissiales dans son enceinte. Alfred la fonda en 880, & la nomma Sheaftesbyrig, du mot saxon sheaft, qui veut dire une pyramide. Le roi Canut y est mort, & y est enterré. Long. 17. 36. lat. 51. 40. Mais la longitude, suivant Strect, est 19. 0′. 11″. latit. 52. 48. (D. J.)​","[['alt'], [""51 40' N 17 36' E""], ['52 48\' N 19 0\' 11"" E']]",,"alt | 51 40' N 17 36' E | 52 48' N 19 0' 11"" E","51 40' N 17 36' E | 52 48' N 19 0' 11"" E"
v15-470-0,SICILE,"SICILE, (Géog. mod.)​ c’est la plus considérable par sa grandeur & sa fertilité des îles de la Méditerranée, entre l’Afrique & l’Italie. Elle n’est séparée de l’Italie que par le petit détroit de Messine, qui n’a que trois milles de large ; au lieu que le plus court trajet de Sicile en Afrique est de quatre-vingt milles. Sa longueur, prise de l’est à l’ouest, est d’environ 180 milles d’Italie, & sa largeur du midi au nord de 130, d’autant qu’elle commence au cap Passaro,​ sous la hauteur de 35-15, & finit à 37-30 de latitude.


Sa forme est triangulaire, dont chaque angle fait une pointe ou un cap. Celui qui regarde l’Italie a été nommé par les anciens Pelorus, & aujourd’hui capo del Faro. Celui qui regarde la Morée, Pachynum, aujourd’hui capo Passaro ; & celui qui regarde l’Afrique, Lylibœum, aujourd’hui capo di Dico.


La Sicile est divisée en trois provinces qu’on nomme vallées, dont l’une s’appelle val di Demona, l’autre val di Noto, & la troisieme val di Mazara. Le val de Demona contient les villes de Messine, Melazzo, Cefalu, Taormina qui sont maritimes, & quelques autres dans le pays. Le val de Noto a dans son enceinte les villes de Catania, Agosta, Syracusa, Noto, Lentini, Carlentini & autres. Le val de Mazara comprend les villes de Palerme, Mazara, Marsala, Trapano, Termini, Girgenti, Xaxa, Licate & autres.


Palerme, Messine & Catane sont les trois capitales du pays, chacune dans sa province. Les villes où il y a port de mer, sont Messine, Agosta, Syracusa, Trapani, Palerme & Malazzo ; le climat de cette grande île est chaud, mais l’air y est pur, le printems y est continuel, & le terroir fertile. Le nombre des habitans de toute l’île montoit, par le dénombrement qui en fut fait dans le dernier siecle, à plus de neuf cens mille ames ; mais on sait que ce nombre a beaucoup diminué depuis.


Les principales rivieres sont le Cantaro, l’Alabus ou Onabola des anciens, la Jarreta, anciennement Symoethus, selon quelques-uns : les rivieres de Patti & d’Oliviero, le Termini, l’Armiraglio, le Drago, la Terra-Nova, l’Abisso, &c.


Le Monte-Gibello, anciennement Ætna, moins redoutable que le Vésuve, est cependant renommé pour sa hauteur, ses forêts, sa neige perpétuelle, & le feu qu’il jette souvent avec force cendres. Le tour de cette montagne est d’environ soixante milles. Du levant au midi ce sont des vignes, & du couchant au nord des bois pleins de bêtes sauvages. Le mont Trapani, anciennement Eryx, est près de Palerme. Les autres montagnes de l’île sont moins connues dans l’histoire ; mais toutes abondent en sources d’eau douce, & quelques-unes fournissent des bains d’eaux chaudes, tiedes & soufrées.


Le terroir de la Sicile est des meilleurs. Il produit abondamment du blé, du vin, de l’huile, du safran, du miel, de la cire, du coton & de la soie. La vallée de Noto est couverte de gras pâturages & de blés ; & celle de Démone est fertile en bois & en arbres fruitiers. La mer fournit aussi beaucoup de poisson. Enfin la Sicile est heureusement située pour le commerce & la navigation.


On peut voir, à l’article Sicilia qui doit suivre celui-ci, les premiers peuples qui ont passé dans cette île & qui y ont dominé, jusqu’à ce que les Romains s’en soient rendus les maîtres. Dans la décadence de leur empire, cette île fut dévastée par Genseric, roi des Vandales, qui la soumit. Le trop malheureux Bélisaire, général de Justinien, la reconquit sur eux en 535 ; mais elle redevint la proie des Sarrazins d’Afrique dans le ix. siecle. Ils y établirent des gouverneurs, qui se nommoient émirs, & qui se maintinrent à Palerme jusqu’à l’an 1074, qu’ils en furent chassés par les Normands, qui avoient pour chefs Robert Guiscard & Roger son fils. Ce dernier fonda en 1139 un nouveau royaume en Sicile, qui fut ensuite exposé à bien des révolutions, par l’avidité des princes qui y prétendoient en vertu de leurs alliances.


Roger, vainqueur des musulmans dans cette île, & des chrétiens au royaume de Naples, baisa les piés du pape Urbain II. son prisonnier, & obtint de lui​l’investiture de sa conquête, & fit modérer la redevance à six cens squifates, monnoie qui vaut environ une pistole. Le pape consentit encore qu’il n’y eût jamais dans l’île de Sicile, ni légation, ni appellation au saint siege, que quand le roi le voudroit ainsi. C’est depuis ce tems-là que les rois de Sicile, seuls rois vassaux des papes, sont eux-mêmes d’autres papes dans cette île.


Constance, fille de Roger, porta le royaume de Naples & de Sicile dans la maison de Souabe, par son mariage avec l’empereur Henri VI. en 1186. Après la mort de Conrard leur petit-fils, Mainfroy son frere bâtard, fut reconnu pour son héritier ; mais Charles de France, comte d’Anjou & de Provence, s’étant fait investir du royaume de Naples & de Sicile par le pape Clément IV. en 1265, tua Mainfroy l’année suivante, & fit couper la tête au fils de Conrard en 1269. Pierre III. roi d’Aragon, qui avoit épousé Constance fille de Mainfroy, fit égorger tous les François en 1282, le jour de pâques au premier coup de son de vêpres, d’où ce massacre a été appellé depuis les vêpres siciliennes.


Cette affreuse catastrophe envenima les fameuses querelles des deux manons d’Anjou & d’Aragon, dont l’histoire est si remplie. La derniere eut l’avantage, se maintint en possession, & chassa les François qui n’ont pu depuis remettre le pié dans ces deux royaumes.


La Sicile est restée sous la domination des Espagnols jusqu’à la paix d’Utrecht en 1713, que les alliés la donnerent au duc de Savoie qui y fut couronné la même année. Les Espagnols qui avoient été forcés à cette cession, revinrent en Sicile en 1719, & l’envahirent presqu’entierement ; ils en furent cependant chassés par les Anglois. Le traité de Londres disposa de la Sicile en faveur de l’empereur, qui céda en échange au duc de Savoie le royaume de Sardaigne, & promit les successions de Toscane, de Parme & de Plaisance à l’infant Don Carlos. Enfin la guerre de 1733, suivie du traite de 1736, a mis ce dernier prince en possession des royaumes de Naples & de Sicile, sous le titre de roi des deux Siciles, savoir de la Sicile en deçà du Phare, & de la Sicile au-delà du même Phare.


Il gouverne cette île par un vice-roi, comme cela s’est pratiqué depuis la guerre de Messine, qui donna lieu à la destruction des lois & des privileges de toutes les villes. De-là vient que les peuples nombreux qui y étoient autrefois, se sont fondus. Le plus grand commerce est un revenu d’environ cent mille écus que produisent les permissions accordées à chaque particulier de manger du laitage & des œufs en carême. Le clergé séculier & monastique jouit du droit de franchise pour l’entrée de toutes sortes de marchandises & de denrées de leurs biens ; de là chaque famille a quelque ecclésiastique pour fils & pour proche parent, & ne paye rien : mais ce qu’il y a de plus singulier, c’est qu’un ecclésiastique qui n’est attaché par le sang à aucune famille, vend son droit de franchise à ceux des séculiers qui n’ont point d’ecclésiastique pour parent. Toutes les églises & les chapelles du royaume, qui sont en très-grand nombre dans chaque ville, & même à la campagne, jouissent d’un droit d’asyle en faveur de tous les scélérats qui s’y retirent. Presque toutes les charges de robe & d’épée se vendent, & l’on peut croire si d’ordinaire l’argent est préféré au mérite.


La ville de Palerme est la seule du royaume où l’on bat monnoie : encore y fabrique-t-on rarement des especes d’or ou d’argent, faute de matiere, qui sort toute du pays.


Abrégeons : la Sicile n’a plus rien aujourd’hui de considérable que ses montagnes & son tribunal de l’inquisition, qui a des commissaires avec cour &​ officiers dans tous les coins du royaume. Ceux qui possedent les charges & offices de l’inquisition, jouissent, ainsi que leurs maisons, des privileges qui y sont attachés, ne reconnoissent point d’autre tribunal ; & la multitude de ces charges & offices remplies par la noblesse, les riches & les bourgeois est si grande, qu’il ne faudroit pas d’autre cause pour ruiner entierement la monarchie de Sicile.


On sait que pour comble de maux, cette île éprouva en 1693 un affreux tremblement de terre, qui porta partout la desolation. Les villes de Catane, d’Agouste, de Syracuse, de Lentini, de Carlentini, de Modica, furent presque détruites : un grand nombre de bourgs & de villages essuya la même catastrophe, & l’on compta près de quinze mille personnes qui périrent dans ce bouleversement.


Tant de révolutions qu’a éprouvé la Sicile, rendent intéressante l’histoire & la description de cette île, & c’est sur quoi les curieux peuvent consulter l’un ou l’autre des ouvrages suivans.


Burigni, histoire de Sicile, imprimée à la Haye en 1745, 2 vol. in-4°.


Fazelli, de rebus Siculis, Catanae, 1749, 2 vol. in fol.


Description de la Sicile, publiée en Italien par le marquis de Villa-Blanca. Cet ouvrage a paru en 1760. (Le chevalier de Jaucourt.)​","[[""35 15' N"", ""37 30' N""]]",,35 15' N 37 30' N,35 15' N | 37 30' N
v15-715-0,"SINGOR, ou Singora","SINGOR, ou Singora, (Géogr. mod.)​ ville des Indes, au royaume de Siam, sur la côte orientale de la presqu’île de Malaca, à l’embouchure d’une petite riviere, qui se jette dans le golfe de Patane. Latit. 9. 48. (D. J.)​","[[""9 48' N""]]",,9 48' N,9 48' N
v15-725-0,SINNING,"SINNING, (Géog. mod.)​ ville de la Chine, dans la province de Quangtung, au département de​Quangcheu, premiere métropole de la province. Latit. 31. 47. (D. J.)​","[[""31 47' N""]]",,31 47' N,31 47' N
v15-1106-0,"SONDE, détroit de la","SONDE, détroit de la, (Géog. mod.)​ détroit célebre de la mer des Indes, entre les îles de Sumatra & de Java, sous les 5 & 6 degrés de latitude méridionale. (D. J.)​","[['5 S', '6 S']]",,5 S 6 S,5 S | 6 S
v15-2124-0,SUEDE,"SUEDE, (Géog. mod.)​ un des royaumes des plus grands & des plus septentrionaux de l’Europe. Les terres qu’il renferme, sont comprises à-peu-près entre le 30. & le 45. degré de longitude, & entre les 55. & 70 degrés de latitude septentrionale. Il a ainsi dans sa plus grande longueur plus de 350 lieues du septentrion au midi, & plus de 140 d’orient en occident. Il est borné au nord par la Laponie norwégienne ou danoise, & par l’Océan septentrional ; au sud par la mer Baltique & par le golphe de Finlande ; à l’orient par la Moscovie, & au couchant par la Norwege, le détroit du Sund & le Categat.


Ce royaume jouit d’un air sain, qui est cependant si froid & si peu tempéré, qu’à l’hiver qui occupe les trois quarts de l’année, succedent durant deux mois des chaleurs excessives. Il n’y a presque point de milieu entre un froid très-violent & une chaleur étouffante ; & par conséquent il n’y a que peu ou point du tout de printems ni d’automne. Le soleil, dans sa plus grande élevation, est dix-huit heures & demie sur l’horison de Stockolm, & fait pendant quelques semaines un jour continuel ; mais les jours d’hiver sont bien courts à proportion, car le soleil n’y paroît que cinq heures & demie. La lumiere de la lune, la blancheur de la neige & la clarté du ciel​ dédommagent foiblement de l’absence du soleil. On se précautionne contre l’âpreté du froid par le moyen des poëles qui sont dans les maisons, & par de bonnes fourures quand on est obligé de sortir. Les pauvres même sont obligés de se servir de peaux de mouton, & autres peaux semblables pour pouvoir résister au froid du climat. La négligence en ce genre seroit fatale, car on ne sauroit être mal-vêtu en Suede, sans courir risque de perdre le nez, les doigts des mains & des piés, & quelquefois même la vie.


La Suede se divise en Suede propre, Gothlande, Nortlande & Finlande. La Suede propre est située entre les Nordelles au nord, l’Ostrogothland au sud, la mer à l’orient, & les gouvernemens de Bahus, d’Aggerhus & de Drontheim vers occident ; elle renferme cinq provinces, savoir l’Uplande, la Sudermanie, la Westmanie, la Néricie & la Dalécarlie.


La Suede est un pays arrosé de rivieres & entrecoupé de grands lacs, qui, avec les montagnes & les forêts, occupent plus de la moitié du royaume. La terre y est ingrate en plusieurs choses utiles à la vie. On y voit des campagnes à perte de vue, couvertes de chênes & de sapins d’une hauteur prodigieuse. La chasse & la pêche produisent de quoi nourrir cette vaste contrée. On chasse les bêtes-fauves pour les manger ; les loups, les renards, les chats sauvages pour en avoir les peaux, qui servent à des fourrures. Il y a quantité d’aigles, de faucons & d’autres oiseaux de proie qui nous sont inconnus. Les renards & les écureuils y deviennent grisâtres, & les lievres blancs comme de la neige. Outre la mer, les lacs y fourmillent de poissons qu’on ne connoît point ailleurs. On y prend quantité de stréamlings, sorte de poisson plus petit qu’un hareng ; on le sale, on l’encaque dans des barrils, & on le vend ensuite dans tout le pays. Le bétail de la Suede est en général petit, ainsi que dans les autres pays septentrionaux. La laine que donnent les moutons est extrêmement grossiere, & ne peut servir qu’aux habits des paysans. Les chevaux, quoique petits, sont légers, vigoureux, forts, & excellens pour le traîneau, qui est l’unique voiture des habitans pendant la longue durée de l’hiver.


Les forêts produisent du bois de charpente & à brûler tant qu’on veut ; on en fait un grand débit, tant pour les bâtimens que pour les mâtures des vaisseaux. Les mines de cuivre & de fer font un objet de commerce considérable. Il y a telle mine de cuivre dont on tire annuellement la valeur d’un million. Outre le fer qui se consume dans le pays, il s’en transporte tous les ans chez l’étranger pour d’assez grosses sommes ; mais voilà toutes les ressources de cette monarchie.


Son origine & son commencement nous sont inconnus. Les révolutions qu’elle a essuyées ont été exactement décrites par Puffendorf, & agréablement par l’abbé de Vertot. La Suede, probablement épuisée d’habitans par les anciennes émigrations dont l’Europe fut inondée, parut comme ensevelie dans la barbarie pendant les huit, neuf, dix & onzieme siecles. Le christianisme qui y fut préché dès le neuvieme, n’y fit aucun progrès. Elle renonça au christianisme dans le siecle suivant, & dans le onzieme siecle, toutes les côtes de la mer Baltique étoient encore payennes.


Les premiers rois de cet état étoient absolus. Les Suénones, dit Tacite, sont tombés sous la domination d’un seul ; ce n’est plus une monarchie tempérée, c’est le pur despotisme. Les Suénones sont les Suédois ; je n’ai pas besoin d’en avertir, ni de remarquer que les choses ont bien changé. Les Suédois, ce peuple de tous les Germains le seul esclave du tems de Tacite, & l’un des plus barbares dans les​siecles d’ignorance, sont devenus de nos jours une nation du Nord des plus éclairées, & l’une des plus libres des peuples européens qui ont des rois. Outre que la monarchie y est mitigée, la nation suédoise est encore libre par sa belle constitution, qui admet les paysans mêmes dans les états généraux.


La couronne de Suede, anciennement élective, n’est devenue successive & héréditaire que sous le regne de Gustave I. Il fut résolu dans une assemblée de la noblesse, tenue à Stockholm en 1680, & confirmée à la diete en 1682, que les filles succéderoient à la couronne, si les mâles venoient à manquer dans la famille royale.


Les états du royaume avoient beaucoup plus d’autorité qu’ils n’en ont, depuis qu’on a changé la forme du gouvernement. Il consiste en quatre ordres, qui sont la noblesse, le clergé, les bourgeois, & les paysans. Ces quatre états composés d’un millier de gentilshommes, de cent ecclésiastiques, de cent cinquante bourgeois, & d’environ deux cens cinquante paysans, faisoient les lois du royaume.


On convoque ordinairement les états de quatre en quatre ans ; & quand ils s’assemblent à Stockholm, c’est dans la grande salle du château. La noblesse a pour chef le maréchal de la diete, qui est nommé par le roi : elle est partagée en trois classes ; la premiere est celle des comtes & des barons, la seconde, celle des maisons illustres par les charges de la couronne, ou par les emplois considérables, & la derniere est celle des simples nobles.


Cette distinction n’a été introduite que depuis que la couronne est héréditaire : car du tems de l’élection, il n’y avoit que la vertu & le mérite qui missent de la différence entre les gentilshommes. L’archevêque d’Upsal est à la tête du clergé, en qualité du primat du royaume. Les bourgeois ont ordinairement à leur tête le bourguemestre de Stockholm, & les paysans choisissent un président. Le roi congédie le plutôt qu’il peut l’assemblée des états, de peur qu’elle ne censure l’administration publique, & ne propose des réformations.


Le sénat est le corps le plus considérable du royaume après les états généraux. Le corps des sénateurs, aujourd’hui réduit à douze, étoit autrefois libre, juge des actions & de la vie du roi ; il n’est plus aujourd’hui que le témoin de sa conduite, & quoiqu’il entre en connoissance de toutes les affaires d’état, sa fonction est de lui donner conseil, sans pouvoir lui rien prescrire.


Le roi seul a le droit d’établir les impôts, de régler les étapes pour les soldats des provinces, de faire battre la monnoie, & de faire creuser les mines de salpêtre, à-moins qu’elles ne soient dans les terres ecclésiastiques. Il nomme à toutes les charges du royaume, & à toutes les magistratures ; il lui est permis, en cas de nécessité, de lever le dixieme homme pour aller à la guerre ; mais il prend en échange l’argent qui seroit employé à cette levée, & trouve, par ce moyen, le secret de ne pas dépeupler ses états ; ce qui fait que les armes de Suede sont presque toutes composées de soldats étrangers, & particulierement d’Allemands.


Outre les sénateurs, il y a dans ce royaume, cinq grands officiers de la couronne, qui sont régens nés du royaume pendant la minorité des rois. Ces cinq officiers sont le drossart, ou le grand justicier, le connétable, l’amiral, le chancelier, & le grand trésorier. Ils président chacun à une chambre, composée de quelques sénateurs ; quand leur charge vient à vacquer, le roi la donne à qui bon lui semble, & ordinairement au plus ancien sénateur de la chambre.


Le grand justicier préside au suprême conseil de justice, auquel on appelle de tous les autres ; c’est lui qui a le privilege de mettre la couronne sur la tête​ du roi dans la cérémonie de son couronnement.


Le connétable est le chef du conseil de guerre, & prend soin de tout ce qui regarde les armées. Aux entrées des rois, il marche le premier devant eux tenant l’épée nue ; & dans l’assemblée des états, il est assis devant le trône, à main droite.


Le pouvoir de l’amiral est fort considérable : il a le commandement des armées navales ; il a le choix de tous les officiers de guerre & des finances qui servent dans la marine, & auxquels il donne des provisions. La justice de l’amirauté lui appartient, & se rend en son nom ; il a les amendes, les confiscations, le droit de dixieme sur toutes les prises & conquêtes faites à la mer, le droit d’ancrage, l’inspection sur les arsenaux maritimes, & la distribution des congés à tous les vaisseaux qui partent des ports & havres du royaume. Il est président du conseil de marine, qui connoît de toutes les entreprises de guerre, des abus & des malversations commises par les officiers de marine ; enfin il juge définitivement & en dernier ressort toutes les affaires qui concernent l’amirauté.


Le chancelier est le chef de la police, en corrige les abus, & fait tous les réglemens nécessaires pour le bien public ; il est dépositaire des sceaux de la couronne ; il expédie toutes les affaires d’état, & expose les volontés du roi aux états-généraux ; il préside au conseil de police, & c’est en ses mains que le roi dépose la justice pour la faire rendre à ses sujets.


Le grand-trésorier a l’administration des finances & des revenus du roi. Il fait rendre tous les comptes des fermes aux trésoriers particuliers : c’est lui qui signe les ordonnances, & autres expéditions du trésor, qui ordonne des fonds, & qui paie tous les officiers du royaume ; il préside à la chambre des comptes, qui expédie tous les arrêts portant imposition sur les peuples, & où l’on rapporte toutes les affaires qui regardent les finances.


Le revenu des rois de Suede a été beaucoup augmenté depuis le changement de religion, par la possession des biens du clergé, & par la réunion au domaine de tous ceux qui en avoient été aliénés. Le roi tire encore son revenu de droits qu’il leve sur les mines du royaume, sur les amendes, & sur les marchandises.


La justice est administrée en Suede par quatre tribunaux souverains, qu’on nomme parlemens, qui connoissent des affaires civiles & criminelles en dernier ressort dans leur jurisdiction. Ces quatre parlemens sont, celui de Stockholm, celui de Jenkoping, celui d’Abo en Finlande, & celui de Wismar, qui a dans son département les états que le roi de Suede possede en Allemagne.


La religion luthérienne regne en Suede. L’Eglise de ce royaume est gouvernée par un archevêque & par dix évêques, qui ne sont embarrassés de l’administration d’aucune affaire particuliere, & qui ne sont jamais appellés au conseil que lorsque les états s’assemblent. Leurs revenus sont forts médiocres. Ils ont sous eux sept ou huit surintendans qui ont tous autorité d’évêques, mais qui n’en ont pas le nom ; & sur chaque dix églises, il y a un prevôt ou diacre de la campagne. Il a quelqu’autorité sur les ecclésiastiques inférieurs qu’on compte par le nombre des églises, qui montent, tout-au-plus, à deux mille, tant dans le duché de Finlande, que dans la Suede. Les chapelains & les curés grossissent le corps des ecclésiastiques de près de quatre mille personnes. Ils sont tous fils de paysans, ou de simples bourgeois, & par conséquent ils se contentent du petit revenu qu’ils tirent de leurs charges. Lorsqu’il meurt un évêque, le clergé de chaque diocèse, propose trois personnes au roi, qui choisit l’une des trois pour remplir la prélature vacante. Tous les chapitres du royau-​me donnent aussi leurs suffrages pour l’élection d’un archevêque, mais la décision appartient au roi seul, qui de plus, a le patronage de toutes les églises, à la réserve de quelques-unes, dont la noblesse dispose.


On ne connoissoit point en Suede, en Danemarck, & dans le reste du nord, avant la fin du seizieme siecle, aucun de ces titres de comte, de marquis, de baron, si fréquens dans le reste de l’Europe. Ce fut le roi Eric, fils de Gustave Vasa, qui les introduisit dans son royaume, vers l’an 1561 pour se faire des créatures ; mais ce fut une foible ressource, & ce prince laissa au monde un nouvel exemple des malheurs qui peuvent suivre le desir de se rendre despotique.


Le fils du restaurateur de la Suede fut accusé de plusieurs crimes pardevant les états assemblés, & déposé par une sentence unanime, comme Christiern II. l’avoit été en Danemarck ; on le condamna à une prison perpétuelle, & on donna la couronne à son frere Jean III.


Les forces militaires du royaume de Suede consistent sur terre à près de cinquante régimens, qui font 60 mille hommes. Chaque régiment est ordinairement de 1200 hommes, y compris 96 officiers dans chacun ; comme ces régimens sont toujours complets, on peut assembler en tous tems une armée de 20 mille hommes sur les frontieres de Danemarck & de Norwege. Outre les fonds ordinaires, on a affecté à chaque régiment vingt fermes surnuméraires, pour faire subsister les officiers qui ne sont plus en état de servir. On a aussi établi pour les soldats qui sont hors de service par leur âge, ou par leurs blessures, un hôpital général qui jouit d’un bon revenu, indépendamment duquel, chaque officier qui s’avance paie au profit de l’hôpital, une somme d’argent proportionnée au grade qu’il acquiert. Un colonel paie cent écus, & les autres officiers à-proportion. Il y a à Stockholm un grand magasin d’armes toutes prêtes, & un autre au château de Jencoping, situé vers les frontieres de Danemarck.


Les Suédois sont grands, bien faits, d’une constitution vigoureuse, & capables de supporter toutes sortes de fatigues. La nature du climat & la bonne éducation leur procurent ces avantages. Leur génie les portant aux choses sérieuses, les fait réussir dans les études de ce genre. Depuis la réformation, les Lettres ont percé en Suede. Gustave Adolphe les protégea, & la reine Christine imita son exemple. Stockholm est aujourd’hui décorée d’une illustre académie des Siences ; & le premier botaniste de l’europe est un suédois. (Le Chevalier de Jaucourt.)​","[['55 N 30 E', '70 N 45 E']]",,55 N 30 E 70 N 45 E,55 N 30 E | 70 N 45 E
v15-2583-0,SYRIAM,"SYRIAM, (Géog. mod.)​ ville des Indes, dans le royaume de Pégu, au confluent des rivieres de Pégu & d’Ava, prêtes à se jetter ensemble dans la mer. Le P. Duchals parle de Syriam, comme d’une ville très-peuplée, & aussi grande que Metz. Long. selon ce pere, 114. 1. 30. latit. 15. 55. cependant si l’on suppose la longitude de Pondicheri 100. 30. & la largeur du golfe de Bengale en cet endroit, 16. 30. la longitude de Syriam devroit être d’environ 117 degrés. (D. J.)​","[['alt'], ['15 55\' N 114 1\' 30"" E'], [""15 55' N 117 E""]]",,"alt | 15 55' N 114 1' 30"" E | 15 55' N 117 E","15 55' N 114 1' 30"" E"
v15-2671-0,TABOGA,"TABOGA, (Géog. mod.)​ ile de la mer du Sud, dans la baie de Panama. Elle a trois milles de long sur deux de large, & appartient aux Espagnols ; son terroir est en partie aride, & en partie couvert d’arbres fruitiers, sur-tout de cacaotiers. Latit. mérid. 1. (D. J.)​",[['1 S']],,1 S,1 S
v15-2809-0,TALCAN,"TALCAN, (Géog. mod.)​ ville d’Asie, dans la partie occidentale du Turquestan ; c’étoit proprement une sorte citadelle, que Genghiscan ne put prendre en 1221 qu’après sept mois de siege. M. de Lisle place le canton, auquel elle a donné son nom, vers les 36 deg. de latitude entre les 85. & 90. deg. de longitude. (D. J.)​","[['36 N 85 E', '36 N 90 E']]",,36 N 85 E 36 N 90 E,36 N 85 E | 36 N 90 E
v15-2846-0,TAMARA,"TAMARA, (Géog. mod.)​ ville d’Asie, dans l’île de Socotora, à l’entrée de la mer Rouge, sur la côte septentrionale de l’île. La rade s’ouvre entre est-par-nord, & ouest-par-nord-ouest. On y mouille sur dix brasses d’eau, & sur un bon fond. Latit. 12. 30. (D. J.)​","[[""12 30' N""]]",,12 30' N,12 30' N
v15-2948-1,Tanor,"Tanor, (Géog. mod.)​ ville des Indes, sur la côte de Malabar, capitale d’un petit royaume de même nom, à cinq lieues au midi de Calicut. Latit. 11. 4.","[[""11 4' N""]]",,11 4' N,11 4' N
v15-2992-0,TAPROBANE,"TAPROBANE, (Géogr. anc.)​ Taprobana ou Taprobane, île célébre que Ptolomée, liv. VII. ch. iv. marque à l’opposite du promontoire de l’Inde appellé Cory, entre les golfes Colchique & Argarique.


Les anciens ; savoir, Pomponius-Mela, Strabon, Pline & Ptolomée, ont donné des descriptions si peu ressemblantes de Taprobane, que plusieurs habiles gens ont douté, si l’île de Taprobane de Pline étoit la même que celle de Ptolomée : & comme la plûpart se sont accordés à dire, que l’ancienne Taprobane, étoit l’île de Ceylan d’aujourd’hui, il s’est trouvé des auteurs de nom, qui, voyant que tout ce qu’on disoit de cette ancienne île ne convenoit pas à l’île de Ceylan, ont été la chercher dans l’île de Sumatra. De ce nombre sont Orose, Mercator, Jule Scaliger, Rhamusio & Stukius ; mais il n’est guere probable que les Romains ni les habitans d’Alexandrie, ayent navigé jusqu’à Sumatra ; c’est en partie ce qui a obligé Saumaise, Samuel Bochart, Cluvier & Isaac Vossius, à prendre l’île de Ceylan pour l’île de Taprobane. En effet, tout ce que dit Ptolomée de l’île de Taprobane, convient assez à l’île de Ceylan, pourvû que l’on convienne que la description qu’il donne doit l’emporter sur celle de Pline, & qu’il s’est trompé en la faisant trop grande, en la plaçant trop au midi, & en l’avançant jusqu’au-delà de l’équateur. Cependant les difficultés qui se trouvent à concilier toutes ces différentes opinions, ont porté M. Cassini à placer l’île de Taprobane dans un autre endroit ; & voici le système qu’il a imaginé.


La situation de l’île de Taprobane, suivant Ptolomée, au septieme livre de sa géographie, étoit vis-​à-vis du promontoire Cory. Ce promontoire est placé par Ptolomée, entre l’Inde & le Gange, plus près de l’Inde, que du Gange. Cette île Taprobane étoit divisée par la ligne équinoxiale en deux parties inégales, dont la plus grande étoit dans l’hémisphere boréal, s’étendant jusqu’à 12 ou 13 degrés de latitude boréale. La plus petite partie étoit dans l’hémisphere austral, s’étendant jusqu’à deux degrés & demi de latitude australe. Autour de cette île, il y avoit 1378 petites îles parmi lesquelles il s’en trouvoit dix-neuf plus considérables, dont le nom étoit connu en occident.


Le promontoire Cory ne sauroit être autre que celui qui est appellé présentement Comori ou Comorin, qui est aussi entre l’Inde & le Gange, & plus près de l’Inde que du Gange. Vis à-vis ce cap, il n’y a pas présentement une aussi grande île que la Taprobane qui soit divisée par l’équinoxial, & environnée de 1378 îles : mais il y a une multitude de petites îles appellées Maldives, que les habitans disent être au nombre de 12000, suivant la relation de Pirard qui y a demeuré cinq années ; ces îles ont un roi, qui se donne le titre de roi de treize provinces, & de douze mille îles.


Chacune de ces treize provinces est un amas de petites îles, dont chacune est environnée d’un grand banc de pierre, qui la ferme tout-au-tour comme une grande muraille : on les appelle attolons. Elles ont chacune trente lieues de tour, un peu plus ou un peu moins, & sont de figure à-peu-près ovale. Elles sont bout à bout l’une de l’autre, depuis le nord jusqu’au sud ; & elles sont séparées par des canaux de mer, les unes larges, les autres fort étroites. Ces bancs de pierre qui environnent chaque attolon, sont si élevés, & la mer s’y rompt avec une telle impétuosité, que ceux qui sont au milieu d’un attolon, voient ces bancs tout-au-tour avec les vagues de la mer qui semblent hautes comme des maisons. L’enclos d’un attolon n’a que quatre ouvertures, deux du côté du-nord, & deux du côté du sud, dont une est à l’est, l’autre à l’ouest, & dont la plus large est de deux cens pas, & la plus étroite un peu moins de trente. Aux deux côtés de chacune de ces entrées, il y a des îles, mais les courans & les plus grandes marées en diminuent tous les jours le nombre.


Pirard ajoute, qu’à voir le dedans d’un de ces attolons, on diroit que toutes ces petites îles, & les canaux de mer qu’il enferme, ne sont qu’une plaine continue, & que ce n’étoit anciennement qu’une seule île coupée depuis en plusieurs. On voit presque par-tout le fond des canaux qui les divisent, tant ils sont peu profonds, à la reserve de quelques endroits ; & quand la mer est basse, l’eau n’y monte pas à la ceinture, mais seulement à mi-jambe presque par-tout. Il y a un courant violent & perpétuel, qui, depuis le mois d’Avril jusqu’au mois d’Octobre, vient impétueusement du côté de l’ouest, & cause des pluies continuelles qui y font l’hiver ; pendant les autres six mois, les vents sont fixes du côté de l’est, & portent une grande chaleur, sans qu’il y pleuve jamais, ce qui cause leur été. Au fond de ces canaux, il y a de grosses pierres, dont les habitans se servent à bâtir, & il y a quantité de broussailles, qui ressemblent au corail : ce qui rend extrèmement difficile le passage des bateaux par ces canaux.


Linscot témoigne que, suivant les Malabares, ces petites îles ont été autrefois jointes à la terre ferme, & que par la succession des tems, elles en ont été détachées par la violence de la mer, à cause de la bassesse du terrein. Il y a donc apparence que les Maldives sont un reste de la grande île Taprobane, & des 1378 îles qui l’environnoient, qui ont été emportées par les courans, sans qu’il en soit resté autre chose que ces rochers, qui devoient être autrefois​ les bases des montagnes ; de sorte qu’elle n’est plus capable que de diviser les terres qui sont enfermées en-dedans de leur circuit. Il est du-moins certain que ces îles ont la même situation à l’égard de l’équinoxial, & à l’égard du promontoire, & de l’Inde & du Gange, que Ptolomée assigne à divers endroits de l’île Taprobane.


Les anciens ont donné plus d’un nom à cette île, mais celui de Taprobane est le plus célebre. On l’a appellée l’île de Palæsimundi ; & on l’a quelquefois nommée Salice. (D. J.)​","[['alt'], ['12 N', ""2 30' S""], ['13 N', ""2 30' S""]]",,alt | 12 N 2 30' S | 13 N 2 30' S,12 N | 13 N | 2 30' S
v15-3097-1,Tarse ou plutôt Tarson,"Tarse ou plutôt Tarson, (Géog. mod.)​ en latin Tarsus ; cette ville d’Asie autrefois la plus belle de la Cilicie, n’est aujourd’hui qu’un tas de ruines, dans la Caramanie, à huit lieues d’Adana. Il y a dans le voisinage de ses ruines une église d’Arméniens passablement belle. Latit. 37. 12. (D. J.)​","[[""37 12' N""]]",,37 12' N,37 12' N
v16-19-0,TÉCOANTEPEQUE,"TÉCOANTEPEQUE, (Géogr. mod.)​ ville de l’Amérique septentrionale, dans la nouvelle Espagne, au gouvernement de Guaxaca, sur la côte de la mer du Sud. Son port est le meilleur de ceux du pays pour la pêche. Lat. 41. 55. (D. J.)​","[[""41 55' N""]]",,41 55' N,41 55' N
v16-102-0,TELGEN,"TELGEN, (Géog. mod.)​ nom de deux villes de Suede, l’une dans la Sudermanie, & l’autre dans l’Uplande ; la premiere est sur la rive méridionale du lac Maler, au sud-ouest de Stockholm. On l’appelle par distinction Soder-Telgen. Long. 35. 58. latit. 59. 16. La seconde, Nord-Telgen, est sur le bord d’un petit lac, à quelque distance de la mer, & à l’orient d’Upsal. Long. 35. 40. latit. 60. 10. (D. J.)​","[[""59 16' N 35 58' E""], [""60 10' N 35 40' E""]]",,59 16' N 35 58' E | 60 10' N 35 40' E,59 16' N 35 58' E | 60 10' N 35 40' E
v16-767-0,THULÉ ou THYLÉ,"THULÉ ou THYLÉ, (Géog. anc.)​ par les Grecs θούλη ; île de l’Océan septentrional, que tous les anciens géographes joignent aux îles Britanniques : mais il y a de grandes difficultés à fixer sa situation, parce que les anciens n’ont point parlé de sa grandeur. Virgile, Géorgiq. l. I. vers 30. appelle cette île ultima Thule. Ptolomée, l. VII. c. v. Agathamere & le géographe Etienne, disent que durant les équinoxes les jours sont à Thulé de vingt heures, & que le milieu de l’île est à 63 degrés de l’équateur. De-là Cellarius pense que par l’ile de Thulé, les anciens n’ont point entendu l’Islande, mais l’île de Schetland, ou l’île de Fero, soumises au roi de Danemark, & dont la position s’accorde avec celle que Ptolomée donne à l’île de Thulé. Le témoignage de Tacite, Vie d’Agric. c. x. appuie ce sentiment : car il dit qu’en navigeant autour de la Grande Bretagne, on apperçoit l’île de Thulé. Or l’Islande est trop éloignée pour pouvoir être apperçue des côtes de la Grange Bretagne.


Cependant si l’on s’en rapporte à Procope, qui s’est fort étendu sur cette île, l. III. de bello Goth. c. xiv. Thule est dix fois plus considérable que la Grande Bretagne ; elle en est assez éloignée, & est presque déserte du côté du septentrion. Ce discours a engagé plusieurs géographes à prendre la grande Scandinavie, pour être l’île de Thulé. Ortelius pense en particulier, que Thulé est une partie de la Norwege, dont le nom même s’est conservé dans celui de Tilemarck, province de ce royaume. La convenance qui se trouve entre la latitude & la longitude de Tilemarck, avec celle que Ptolomée donne à l’île de Thulé, sert à fortifier la conjecture d’Ortelius ; mais il faut remarquer en même tems, que Procope avoue qu’il ne parle de Thulé que sur le récit d’autrui, & qu’il n’a jamais vu cette île. Il résulte de ce détail que le Thulé des anciens nous est encore inconnu. (D. J.)​",[['63 N']],,63 N,63 N
v16-2131-7,"Trois-rivieres, les","Trois-rivieres, les, (Géog. mod.)​ petite ville de l’Amérique septentrionale, au Canada, à 27 lieues de Québec, entre cette ville & Montréal, sur un côteau de sable, au pié duquel coule le fleuve de S. Laurent. Il y a dans son voisinage une riche mine de fer. Latit. 46. (D. J.)​",[['46 N']],,46 N,46 N
v16-2631-3,Valladolid,"Valladolid, (Géogr. mod.)​ ville de l’Amérique septentrionale, dans la nouvelle-Espagne, au Yucatan, environ à 30 lieues au midi oriental de Mérida, près de la côte du golfe de Honduras. Latitude 19.",[['19 N']],,19 N,19 N
v17-155-0,VERNEUIL,"VERNEUIL, (Géog. mod.)​ ville de France, dans la Normandie, vers les frontieres du Perche, au diocèse d’Evreux, sur la gauche de l’Oure, à 18 lieues au midi de Rouen, & à 24 au sud-ouest de Paris. Le roi Charles VII. l’enleva aux Anglois en 1449 ; & depuis ce tems-là elle a fait partie du duché d’Alençon. L’élection de Verneuil comprend cent trente-deux paroisses. Le commerce des habitans consiste en grains, en draperies & en bonneteries. Longitude, suivant Cassini, 18d. 35′. 45″. latit. 48d. 44′. 10″.


2°. Verneuil, autre petite ville de France, dans le Bourbonnois, à six lieues de Moulins, avec titre de châtellenie. Long. 20d. 48′. latit. 46d. 17′. (D. J.)​","[['48 44\' 10"" N 18 35\' 45"" E'], [""46 17' N 20 48' E""]]",,"48 44' 10"" N 18 35' 45"" E | 46 17' N 20 48' E","48 44' 10"" N 18 35' 45"" E | 46 17' N 20 48' E"
v17-398-1,Vienne,"Vienne, (Géog. mod.)​ ville d’Allemagne, capitale de l’Autriche, sur la droite du Danube, au confluent de la petite riviere de Vienne dont elle prend le nom, à 8 lieues au couchant de Presbourg, à 210 au sud-ouest d’Amsterdam, à 260 lieues au nord-ouest de Constantinople, à 408 au nord-est de Madrid, & à 270 au sud-est de Paris.


Cette ville située à six milles des frontieres de Hongrie, a été connue autrefois sous les noms d’Ala-Flaviana, Castra-Flaviana, Juliobona, Vindobona, & ensuite Vindum. Elle peut en quelque façon être regardée comme la capitale de l’Allemagne, car elle est depuis long tems la résidence ordinaire des empe-​reurs ; cependant elle n’en est pas plus belle ; toute environnée de murailles, de bastions, & de fossés, elle n’a point l’agrément de ces villes dont les avenues charment par la variété des jardins, des maisons de plaisance, & des autres ornemens extérieurs qui sont les fruits d’une heureuse situation, que la sécurité de la paix porte avec soi. On ne connoît dans Vienne qu’un petit nombre de beaux hôtels ; ceux du prince Eugene, de Lichtenstein, & de Caprara. Le palais impérial est un des plus communs, & rien n’y représente la majesté du maître qui l’habite ; il n’a pour tout jardin qu’un petit enclos sous les fenêtres du sallon de l’impératrice, où l’on plante quelques fleurs, & où on tient un peu de verdure ; les appartemens en sont bas & étroits, les platfonds couverts de toiles peintes, & les planchers d’ais de sapin ; enfin le tout est aussi simple que s’il avoit été bâti pour de pauvres moines. Les fauxbourgs ont plus d’apparence que la ville, parce que depuis le dernier siege par les Turcs, ils ont été rebâtis tout à neuf.


Vienne n’a point de ces grandes rues, qui font la beauté d’une ville ; la rue même qui aboutit à la cour, n’est ni plus grande, ni plus large que les autres ; la seule place du marché neuf est passable, à cause des bâtimens nouveaux ou renouvellés qui l’environnent. L’église métropolitaine est d’une architecture gothique, décorée en-dehors & en-dedans d’ornemens arabesques de pierre. En échange la nouvelle église des jésuites est d’un beau dessein. Les autres moines religieux, les dominicains, les augustins, les bénédictins, & les cordeliers, ont aussi des églises dans la ville, mais elles n’ont rien de remarquable.


L’archevêché de Vienne a été érigé en 1721 ; l’université fut fondée en 1365, par Albert III. archiduc d’Autriche ; mais l’édifice particulier des écoles est misérable, & d’ailleurs ce sont les jésuites qui occupent presque toutes les chaires.


Les habitans de Vienne sont un mélange de plusieurs nations, Italiens, Allemands, Bohémiens, Hongrois, François, Lorrains, Flamands, qui joints aux juifs, font le négoce, & travaillent à différens métiers. L’air est assez mal-sain dans cette ville, ce qui peut provenir en partie de la malproprété des rues qu’on ne nettoie point, & de la quantité de boues & d’ordures que la police ne fait point enlever. Long. suivant Cassini, 33. 23. latit. 48. 14. & suivant Harris, long. 34. 21. 30. latit. 48. 14.


Vienne n’oubliera pas sitôt le siege mémorable qu’elle essuya en 1683. En voici l’histoire abregée d’après M. l’abbé Coyer. Ce siege fut entrepris par Kara Mustapha, général des forces ottomanes. Toujours aimé de la sultane Validé, après avoir aussi gagné le cœur de Mahomet IV. il avoit épousé sa fille. Jamais l’ambition & l’orgueil, deux passions qui dévoroient Kara Mustapha, ne trouverent un champ plus vaste pour être assouvies. Il ne se proposoit pas moins, après s’être rendu maître de Vienne, que de poursuivre la conquête de l’occident, ayant sous ses ordres plus de trois cens mille hommes, trente & un bachas, cinq souverains, & trois cens pieces de canon.


Il s’avance par la rive droite du Danube, passe la Save & la Drave, fait mine d’en vouloir à Raab, tandis qu’il détache cinquante mille tartares sur la route de Vienne. Le duc de Lorraine Charles V. dont le nom doit être cité parmi ceux des grands capitaines, & qui commandoit les troupes impériales, essuie un échec à Pétronel, & à peine a-t-il le tems de gagner Vienne, où il jette une partie de son infanterie pour renforcer la garnison. Il prend poste dans l’île de Léopolstat, formée par le Danube au nord de la ville. Les tartares au nombre de cinquante mille, arrivoient en même tems du côté du midi.​


On vit alors un de ces spectacles qui sont faits pour instruire les souverains & attendrir les peuples, lors même que les souverains n’ont pas mérité leur tendresse. Léopold, le plus puissant empereur depuis Charles-quint, fuyant de sa capitale avec l’impératrice sa belle-mere, l’impératrice sa femme, les archiducs, les archiduchesses, une moitié des habitans suivant la cour en désordre. La campagne n’offroit que des fugitifs, des équipages, des chariots chargés de meubles jusqu’à Lintz, capitale de la haute Autriche.


Cette ville où l’on portoit la frayeur, ne parut pas encore un asyle assuré ; il fallut se sauver à Passaw : on coucha la premiere nuit dans un bois où l’impératrice, dans une grossesse avancée, apprit qu’on pouvoit reposer sur de la paille à cause de la terreur. Dans les horreurs de cette nuit on appercevoit la flamme qui consumoit la basse-Hongrie, & s’avançoit vers l’Autriche.


L’empereur, dès les premiers excès de cette irruption, payoit bien cher ses violences contre la Hongrie, & le sang de ses seigneurs qu’il avoit répandu. Il n’avoit pu se persuader que Kara Mustapha laissant derriere lui plusieurs bonnes places, telles que Raab & Comore, se portât sur Vienne : Jean Sobieski mieux instruit, comme le sont toujours les princes qui font la guerre par eux-mêmes, l’en avoit inutilement averti.


Vienne étoit devenue sous dix empereurs consécutifs de la maison d’Autriche, la capitale de l’empire romain en occident ; mais bien différente de l’ancienne Rome pour la grandeur en tout genre, & pour le nombre des citoyens, elle n’en comptoit que cent mille, dont les deux tiers habitoient des fauxbourgs sans défense. Soliman avoit été le premier des empereurs turcs qu’on eut vu marcher à Vienne, en 1529, faisant trembler à-la-fois l’Europe & l’Asie ; mais il n’osa se commettre contre Charle-quint qui venoit au secours avec une armée de quatre-vingt mille hommes. Kara Mustapha qui ne voyoit qu’une poignée d’ennemis, se flattoit d’être plus heureux, & il commença sans crainte le siege de cette ville. Les Allemands sont braves sans doute, mais ils ne se sont jamais présentés aux portes de Constantinople, comme les Turcs à celles de Vienne.


Le comte de Staremberg, homme de tête & d’expérience, gouverneur de la ville, avoit mis le feu aux fauxbourgs : cruelle nécessité, quand il faut brûler les maisons des citoyens qu’on veut défendre ! Il n’avoit qu’une garnison de seize mille hommes. On arma les étudians, & ils eurent un médecin pour major.


Cependant le siege se poussoit avec vigueur. L’ennemi s’empara de la contrescarpe après vingt-trois jours de combat ; l’espérance de tenir encore longtems diminua. Les mines des Turcs, leurs attaques continuelles, la garnison qui se détruisoit, les vivres qui s’épuisoient, tout donnoit la plus vive inquiétude. On s’occupoit sans cesse à éteindre le feu que les bombes & les boulets rouges portoient dans la ville, tandis que les dehors tomboient en éclats.


Dans cette conjoncture désesperée Sobieski arrive avec son armée à cinq lieues au-dessus de Vienne. L’électeur de Baviere âgé de dix-huit ans, amenoit douze mille hommes. L’électeur de Saxe en conduisoit dix mille. Toute l’armée chrétienne composoit environ soixante & quatorze mille hommes ; Sobieski délivra l’ordre de bataille, & après avoir examiné les dispositions de Kara Mustapha, il dit aux généraux allemands : « cet homme est mal campé, c’est un ignorant dans le métier de la guerre ; nous le battrons certainement ». Il prophétisa juste ; la plaine qu’occupoient les Turcs, devint le théatre d’un triomphe que la postérité aura peine à croire.​ Le butin fut immense ; les Allemands & les Polonois s’enrichirent. On retourna contre les janissaires qui étoient restés dans les travaux du siege ; on ne les trouva plus, & Vienne fut libre.


Cette ville au reste n’est pas la ville d’Allemagne la plus féconde en hommes de lettres, & il ne seroit pas difficile d’en découvrir la raison. Cette ville a seulement produit quelques historiographes, & c’est à-peu-près tout.


Je mets Gualdo (Galéasso) au nombre des historiens originaires de Vienne. Il a décrit en seize livres les guerres des empereurs d’Allemagne, depuis 1630 jusqu’en 1640. Cet ouvrage parut à Boulogne en 1641, à Genève en 1643, & à Venise en 1644 ; mais depuis ce tems-là il est tombé dans l’oubli.


Inchofer (Melchior) né à Vienne l’an 1584, entra dans la société des jésuites en 1607, & mourut en 1648. Il a donné un volume des annales ecclésiastiques du royaume d’Hongrie, & publia en 1630 un livre dans lequel il soutint que la lettre de la bienheureuse vierge Marie au peuple de Messine est très authentique. On lui attribue un mémoire sur la réformation de son ordre. On le croit aussi généralement auteur d’un livre contre le gouvernement des jésuites, intitulé Monarchia solypsoram. Ce livre a été publié en Hollande en 1648 avec une clé des noms déguisés. On en a une traduction françoise imprimée en 1722 avec des notes & quelques pieces sur le même sujet. Ses autres ouvrages ont fait moins de rumeur. On trouve en général assez d’érudition dans ses écrits, mais beaucoup de crédulité, peu de choix & de critique.


L’empereur Léopold est mort à Vienne en 1705. « Ce prince né vertueux étoit sans talens ; l’ambition qui régla toutes ses démarches, étoit plutôt une passion du conseil de Vienne, qu’une passion qui lui fût propre. L’empereur son fils hérita de ses ministres, comme de ses domaines & de ses dignités ; & son conseil continua d’agir sous son nom, comme il avoit fait sous le nom de Léopold ». (Le Chevalier de Jaucourt.)​","[['alt'], [""48 14' N 33 23' E""], ['48 14\' N 34 21\' 30"" E']]",,"alt | 48 14' N 33 23' E | 48 14' N 34 21' 30"" E","48 14' N 33 23' E | 48 14' N 34 21' 30"" E"
v17-1822-0,ZARUMA,"ZARUMA, (Géog. mod.)​ petite province de l’Amérique méridionale, au Pérou, dans l’audience de Quito, à l’occident de celle de Loxa. Sa capitale située par 3d. 40′. de latitude australe, lui donne son nom. Ce lieu a eu autrefois quelque célébrité par ses mines aujourd’hui abandonnées, ainsi que bien d’autres plus riches, faute d’ouvriers pour les travailler. L’or de celle-ci est de bas-aloi, & seulement de quatorze carats ; il est mêlé d’argent, & ne laisse pas d’être fort doux sous le marteau. La hauteur du barometre à Zaruma est de 24 pouces 2 lignes ; ainsi son terrein est élevé d’environ 700 toises, ce qui n’est pas à moitié de l’élévation du sol de Quito, c’est-à-dire que la chaleur y est de moitié moins grande ; car dans ce pays-là l’élévation du sol y décide presque entierement du degré de chaleur. (D. J.)​","[[""3 40' S""]]",,3 40' S,3 40' S
